Date,Gross_Equity,Net_Equity
2007-04-11,1.0,1.0
2007-04-12,1.0,1.0
2007-04-13,1.0,1.0
2007-04-16,1.0,1.0
2007-04-17,1.0,1.0
2007-04-18,1.0,1.0
2007-04-19,1.0,1.0
2007-04-20,1.0,1.0
2007-04-23,1.0,1.0
2007-04-24,1.0,1.0
2007-04-25,1.0,1.0
2007-04-26,1.0,1.0
2007-04-27,1.0,1.0
2007-04-30,1.0,1.0
2007-05-01,1.0,1.0
2007-05-02,1.0,1.0
2007-05-03,1.0,1.0
2007-05-04,1.0,1.0
2007-05-07,1.0,1.0
2007-05-08,1.0,1.0
2007-05-09,1.0,1.0
2007-05-10,1.0,1.0
2007-05-11,1.0,1.0
2007-05-14,1.0,1.0
2007-05-15,1.0,1.0
2007-05-16,1.0,1.0
2007-05-17,1.0,1.0
2007-05-18,1.0,1.0
2007-05-21,1.0,1.0
2007-05-22,1.0,1.0
2007-05-23,1.0,1.0
2007-05-24,1.0,1.0
2007-05-25,1.0,1.0
2007-05-29,1.0,1.0
2007-05-30,1.0,1.0
2007-05-31,1.0,1.0
2007-06-01,1.0,1.0
2007-06-04,1.0,1.0
2007-06-05,1.0,1.0
2007-06-06,1.0,1.0
2007-06-07,1.0,1.0
2007-06-08,1.0,1.0
2007-06-11,1.0,1.0
2007-06-12,1.0,1.0
2007-06-13,1.0,1.0
2007-06-14,1.0,1.0
2007-06-15,1.0,1.0
2007-06-18,1.0,1.0
2007-06-19,1.0,1.0
2007-06-20,1.0,1.0
2007-06-21,1.0,1.0
2007-06-22,1.0,1.0
2007-06-25,1.0,1.0
2007-06-26,1.0,1.0
2007-06-27,1.0,1.0
2007-06-28,1.0,1.0
2007-06-29,1.0,1.0
2007-07-02,1.0,1.0
2007-07-03,1.0,1.0
2007-07-05,1.0,1.0
2007-07-06,1.0,1.0
2007-07-09,1.0,1.0
2007-07-10,1.0,1.0
2007-07-11,1.0,1.0
2007-07-12,1.0,1.0
2007-07-13,1.0,1.0
2007-07-16,1.0,1.0
2007-07-17,1.0,1.0
2007-07-18,1.0,1.0
2007-07-19,1.0,1.0
2007-07-20,1.0,1.0
2007-07-23,1.0,1.0
2007-07-24,1.0,1.0
2007-07-25,1.0,1.0
2007-07-26,1.0,1.0
2007-07-27,1.0,1.0
2007-07-30,1.0,1.0
2007-07-31,1.0,1.0
2007-08-01,1.0,1.0
2007-08-02,1.0,1.0
2007-08-03,1.0,1.0
2007-08-06,1.0,1.0
2007-08-07,1.0,1.0
2007-08-08,1.0,1.0
2007-08-09,1.0,1.0
2007-08-10,1.0,1.0
2007-08-13,1.0,1.0
2007-08-14,1.0,1.0
2007-08-15,1.0,1.0
2007-08-16,1.0,1.0
2007-08-17,1.0006224055560426,1.0001224055560427
2007-08-20,1.0026705843844217,1.0018872689491376
2007-08-21,1.0060657844088556,1.005274197608723
2007-08-22,1.006326798792331,1.0054812964143511
2007-08-23,1.007309790395496,1.006409740848062
2007-08-24,1.0084676760393878,1.0073356614354743
2007-08-27,1.01025564257495,1.0091204778684228
2007-08-28,1.0134106321025305,1.0121900193703761
2007-08-29,1.0139510670651635,1.0126002605777276
2007-08-30,1.016392198623705,1.015036954458729
2007-08-31,1.0211135210073143,1.0196800101579107
2007-09-04,1.024855123651969,1.023355794267111
2007-09-05,1.0272743092775978,1.0256750517378523
2007-09-06,1.0289905016794016,1.027287964707113
2007-09-07,1.0333962042142004,1.0316064777456957
2007-09-10,1.0379927801849917,1.0361884057154647
2007-09-11,1.040005474001108,1.0381071699195887
2007-09-12,1.0395922488744567,1.0376916195970138
2007-09-13,1.0383664294789992,1.0363596221591191
2007-09-14,1.0404974966814273,1.0384843266411006
2007-09-17,1.0440779087399388,1.041989020085622
2007-09-18,1.054182474934702,1.0519540202451818
2007-09-19,1.0557051254405907,1.0534680852840266
2007-09-20,1.0506065556038053,1.048372448487949
2007-09-21,1.0541713974829248,1.0519155667083866
2007-09-24,1.0570506506659105,1.054786957860069
2007-09-25,1.0552080308975837,1.0529460392428136
2007-09-26,1.0567353241189303,1.0544686706070572
2007-09-27,1.0625846273703916,1.0603036865901057
2007-09-28,1.063431513199479,1.0611473999799237
2007-10-01,1.0654428441449624,1.0631532250922884
2007-10-02,1.064426671317282,1.0621365030366727
2007-10-03,1.0620115296188513,1.0597220811116423
2007-10-04,1.06771269492781,1.0654092663720987
2007-10-05,1.067454034264093,1.06514712482601
2007-10-08,1.0658957679866163,1.0635815377717641
2007-10-09,1.0687566100120691,1.0664282085130714
2007-10-10,1.0707642668187414,1.0684300020071773
2007-10-11,1.0730677621484086,1.0707278982255002
2007-10-12,1.0741656954109042,1.071713164778406
2007-10-15,1.0751699724404307,1.0727127145851878
2007-10-16,1.0727253776508598,1.0702644907820293
2007-10-17,1.075142873836022,1.0725641313008707
2007-10-18,1.0801720251465303,1.0775786419871753
2007-10-19,1.0771604402218218,1.074534907109625
2007-10-22,1.0755895146183199,1.0729292831137192
2007-10-23,1.0785150268681767,1.0758448257692619
2007-10-24,1.0826451654516698,1.07996155229369
2007-10-25,1.0854351026614328,1.0827413066312066
2007-10-26,1.0922917572611752,1.089578298968525
2007-10-29,1.0974982618705824,1.0947328092666384
2007-10-30,1.0926950247787202,1.0899023566657502
2007-10-31,1.0984118799251459,1.0956012637753203
2007-11-01,1.0942794843293795,1.0914397806108975
2007-11-02,1.0996856913107482,1.0968252834819348
2007-11-05,1.0970237106488132,1.094100011046847
2007-11-06,1.1044330781026437,1.1014186279824805
2007-11-07,1.10158750765549,1.0985093456406052
2007-11-08,1.1027623996427298,1.0995531670146381
2007-11-09,1.1059374105725073,1.102641301058141
2007-11-12,1.0944770041190053,1.0911685653446845
2007-11-13,1.0978085450866724,1.0943723247946013
2007-11-14,1.1009284268865196,1.0974781960091349
2007-11-15,1.0992211341714435,1.0957010243241645
2007-11-16,1.100784662753825,1.0972543601381473
2007-11-19,1.1037426956655678,1.1001601930650267
2007-11-20,1.1085799266157634,1.1049793674569668
2007-11-21,1.1127510969464296,1.1091314271886112
2007-11-23,1.113680906407413,1.1100503611800696
2007-11-26,1.1254628207849775,1.1217890090142721
2007-11-27,1.1150421374443533,1.111391424337505
2007-11-28,1.1129856992830935,1.109222913286541
2007-11-29,1.114181650648527,1.1102962473969806
2007-11-30,1.1134927619370671,1.1094847403064465
2007-12-03,1.1205145594896586,1.1162744532966893
2007-12-04,1.1196547636950545,1.115414000622147
2007-12-05,1.120677589306954,1.116105521955282
2007-12-06,1.1236803596507479,1.1188815355392407
2007-12-07,1.1178398258059454,1.112900560320451
2007-12-10,1.1211046527033612,1.1157674190169287
2007-12-11,1.1279169218902667,1.122211953786907
2007-12-12,1.1363006911623812,1.1302383150022797
2007-12-13,1.1309631306558028,1.1246636324109893
2007-12-14,1.1330840587133928,1.1266081410748416
2007-12-17,1.1371691049396708,1.1304626795400439
2007-12-18,1.1386068227798514,1.1317178926642375
2007-12-19,1.1447407085899788,1.1376230361572786
2007-12-20,1.1433623778023512,1.1360606451638842
2007-12-21,1.1441807377131707,1.1368139533080794
2007-12-24,1.1447254585254742,1.1371984054728443
2007-12-26,1.1509881718559203,1.1428831604417222
2007-12-27,1.1528195130453343,1.1440880922834633
2007-12-28,1.1626205650576844,1.1533328009975838
2007-12-31,1.1650685537025793,1.1553074738261093
2008-01-02,1.1816101468186329,1.1714753087077503
2008-01-03,1.182999582081376,1.1728492124511138
2008-01-04,1.1840080040975176,1.1738478564550796
2008-01-07,1.1821745037221496,1.172027439443588
2008-01-08,1.1886459170320338,1.178440251214862
2008-01-09,1.1881926568446435,1.1777624222638963
2008-01-10,1.1875791590387976,1.1769259808573698
2008-01-11,1.1939441480789035,1.1831576514784687
2008-01-14,1.197283709759432,1.186390147854605
2008-01-15,1.198504678856449,1.1875229032327355
2008-01-16,1.1966318626799994,1.1854275872894269
2008-01-17,1.2019178238890458,1.1906568032871205
2008-01-18,1.2034046457714038,1.1921261605214901
2008-01-22,1.2069359403555873,1.1956223927153014
2008-01-23,1.204696323370645,1.1934022576432872
2008-01-24,1.201909052066482,1.1904051190123983
2008-01-25,1.2096860769336018,1.1981026294301604
2008-01-28,1.215158424674665,1.2034577498400547
2008-01-29,1.2105126738683958,1.198856020635297
2008-01-30,1.2118870486772595,1.2001522459649108
2008-01-31,1.21639983179024,1.2046138920228164
2008-02-01,1.2174787197729953,1.2056182142894383
2008-02-04,1.2129617999783484,1.2011429009764625
2008-02-05,1.2158141838242273,1.2037339071942375
2008-02-06,1.2159438751379816,1.2038589582782497
2008-02-07,1.215220717729762,1.2029837478079284
2008-02-08,1.2245590179186139,1.212013700741058
2008-02-11,1.2295764871863417,1.2169773897192182
2008-02-12,1.2230729672103402,1.2105381565673543
2008-02-13,1.2217305064625217,1.2088279946048022
2008-02-14,1.2211372555527538,1.2082346756491908
2008-02-15,1.2206778443833999,1.2075161609473657
2008-02-19,1.237649911831805,1.2236068190308511
2008-02-20,1.2470171481139511,1.2328631318537084
2008-02-21,1.2502598523198565,1.2352824503929742
2008-02-22,1.2617005151939862,1.2457979370740047
2008-02-25,1.2705709582600198,1.254166787057597
2008-02-26,1.2902592862120468,1.2735983176771484
2008-02-27,1.2956266615164358,1.2781528248409597
2008-02-28,1.3059984288959505,1.2880683581748904
2008-02-29,1.31194691419357,1.2937445138488592
2008-03-03,1.3160269793720512,1.2977669651058652
2008-03-04,1.302888672692051,1.2846193245532989
2008-03-05,1.3488824811772229,1.3290330801864163
2008-03-06,1.3340641803053461,1.3141746682467617
2008-03-07,1.3303023928814608,1.3104639575274943
2008-03-10,1.3366183461015226,1.3157708634773633
2008-03-11,1.3574313471378845,1.3353406762630853
2008-03-12,1.3718645400321978,1.3486771021239736
2008-03-13,1.373567178525305,1.3503385860792938
2008-03-14,1.3793825199349463,1.355964462006456
2008-03-17,1.3780166002678678,1.3545288725639708
2008-03-18,1.3753572237968814,1.3519124661117952
2008-03-19,1.3624845553414175,1.3392558374831793
2008-03-20,1.368104095164343,1.3444980598365646
2008-03-24,1.3663012151397957,1.3422515254411327
2008-03-25,1.378550274763895,1.3540175551252114
2008-03-26,1.3814946433276656,1.356800011387666
2008-03-27,1.3797259580895265,1.355060127169651
2008-03-28,1.380468551398104,1.355596304750521
2008-03-31,1.3800955594773496,1.3549633421254024
2008-04-01,1.3984718836228445,1.3723341712116273
2008-04-02,1.4030334243463276,1.3764807600774096
2008-04-03,1.4065833612767455,1.3796040081479595
2008-04-04,1.4139420989980442,1.386809961307482
2008-04-07,1.4182447834960583,1.3910256071300107
2008-04-08,1.416480147195017,1.3892870037023988
2008-04-09,1.4141321778054037,1.386981462736203
2008-04-10,1.4143876749805984,1.387226354337397
2008-04-11,1.4113365400929687,1.3841314146876937
2008-04-14,1.4100498872990943,1.3828669818443668
2008-04-15,1.4090371718345542,1.38186848472203
2008-04-16,1.434747090526152,1.4062803878141028
2008-04-17,1.4347803662194838,1.4059280787240571
2008-04-18,1.443070278795769,1.41364957457228
2008-04-21,1.4429182707927302,1.4134947164736034
2008-04-22,1.4427679861203986,1.4130695209187603
2008-04-23,1.4467117382835988,1.4166533946075344
2008-04-24,1.4441936535397613,1.413779692532274
2008-04-25,1.4534832104013957,1.4228708112609627
2008-04-28,1.4585876948462877,1.4278595247777068
2008-04-29,1.4549542731227607,1.4237630894959747
2008-04-30,1.4594155537647013,1.4279414658283445
2008-05-01,1.4705117662455611,1.4386101158679672
2008-05-02,1.4703694648716403,1.4384529442982221
2008-05-05,1.4716100428224983,1.4396607892592517
2008-05-06,1.4713014123906358,1.4389958284258346
2008-05-07,1.468580911803442,1.4359719344818396
2008-05-08,1.4716380989978806,1.438957560129351
2008-05-09,1.4703075027224666,1.4376526003154504
2008-05-12,1.471704070755135,1.4390178152161783
2008-05-13,1.4725508528526567,1.4394796893784927
2008-05-14,1.4721876074452702,1.4391228441265729
2008-05-15,1.4813111312474032,1.4476828920144365
2008-05-16,1.4838212774468538,1.4499433012341636
2008-05-19,1.4869472169928841,1.4528042096289127
2008-05-20,1.4862424903618525,1.4519216216553796
2008-05-21,1.4841366895044645,1.449806215059825
2008-05-22,1.4799592327457411,1.4450272029749944
2008-05-23,1.4792711218943677,1.443696205029819
2008-05-27,1.4748889960692904,1.438605729662236
2008-05-28,1.4835241804668595,1.4470227029240053
2008-05-29,1.4835341685987529,1.4467008077980303
2008-05-30,1.4853653167673102,1.448480886200545
2008-06-02,1.4765139046416629,1.4392981656346082
2008-06-03,1.4693325596850233,1.4322940777253688
2008-06-04,1.464014309634319,1.4265601372205943
2008-06-05,1.4825706612987086,1.4437491056649316
2008-06-06,1.5480700514464336,1.5062002205960736
2008-06-09,1.547628689003516,1.504627331241517
2008-06-10,1.5531809568699833,1.5100234217971795
2008-06-11,1.5592833651357767,1.5159556082867398
2008-06-12,1.5701131401559691,1.5264839990091599
2008-06-13,1.5711355041640493,1.526678079429981
2008-06-16,1.5652142092775614,1.5201243590776696
2008-06-17,1.5615465955165282,1.5165606306525439
2008-06-18,1.5715730519662283,1.5260327580179274
2008-06-19,1.5635631434049344,1.5179227854904207
2008-06-20,1.5661119568818511,1.5203940346405007
2008-06-23,1.5790433404852278,1.532407358257924
2008-06-24,1.5759876195404003,1.5294412121352483
2008-06-25,1.5411866734877142,1.4945047220663514
2008-06-26,1.5752373279218295,1.5262741500365147
2008-06-27,1.5927413978340081,1.5432291634564177
2008-06-30,1.5915033454316951,1.5420257776966044
2008-07-01,1.6055833893247828,1.5556646515747754
2008-07-02,1.6207665303259005,1.5703724574423858
2008-07-03,1.6119082059458492,1.5617860712903322
2008-07-07,1.6025161014646314,1.5526841426069755
2008-07-08,1.5951700339623027,1.5455652994588023
2008-07-09,1.6027624086098744,1.5521514769735458
2008-07-10,1.6140575584793022,1.563084202808262
2008-07-11,1.6229279199585585,1.5708993387208268
2008-07-14,1.6309583244052013,1.577892814722256
2008-07-15,1.6273527982407114,1.5744017112636626
2008-07-16,1.5978230656487589,1.5450504285440216
2008-07-17,1.5879304282609858,1.5345192135496617
2008-07-18,1.5753570762603837,1.5223665241142403
2008-07-21,1.5939735599699034,1.5403555783677303
2008-07-22,1.5568867236513955,1.5045151655753728
2008-07-23,1.5510979777865803,1.49829076562005
2008-07-24,1.5655766447928627,1.5112431402859476
2008-07-25,1.5717477663999788,1.5161577938951007
2008-07-28,1.5826375654600031,1.5255427219952944
2008-07-29,1.5860855580479871,1.5277396768706584
2008-07-30,1.5861059149389976,1.5270309288103994
2008-07-31,1.594482459226149,1.5342978928815245
2008-08-01,1.5958446059637614,1.5354957153664752
2008-08-04,1.5929995880340329,1.5327486568322446
2008-08-05,1.602615540463743,1.541281470031243
2008-08-06,1.6050031142502463,1.542964995288409
2008-08-07,1.6178508525309625,1.5540960807725805
2008-08-08,1.625871260278449,1.5617225014756315
2008-08-11,1.627957942992871,1.563221344450008
2008-08-12,1.6327348448225008,1.567297125227752
2008-08-13,1.6275064519029354,1.5622688358248034
2008-08-14,1.6353815233432865,1.569690058786016
2008-08-15,1.642671364852211,1.5766860284275759
2008-08-18,1.642721808439054,1.576594984268492
2008-08-19,1.6388638310875698,1.5728147351219188
2008-08-20,1.6416027710883496,1.5753664701508232
2008-08-21,1.6345765127684841,1.5685467657016363
2008-08-22,1.641572721471253,1.575052553119492
2008-08-25,1.6489607999718798,1.5819325833555622
2008-08-26,1.651917017841258,1.5846921038634778
2008-08-27,1.6535975747178373,1.5861636641768064
2008-08-28,1.6586047018268775,1.5909642098449288
2008-08-29,1.6546267595330513,1.5871471110395499
2008-09-02,1.6626211444787096,1.5948136918341238
2008-09-03,1.66562569336959,1.5974254696927783
2008-09-04,1.6708342826658518,1.602305300688755
2008-09-05,1.6697938691825676,1.6013032313393132
2008-09-08,1.6798408261548199,1.6108254855660293
2008-09-09,1.6837054906166014,1.6144181003231024
2008-09-10,1.6819118154389845,1.612667824292061
2008-09-11,1.6801788731264073,1.611000147729957
2008-09-12,1.6676276422404508,1.5986248024964427
2008-09-15,1.6796179503980304,1.609629979064225
2008-09-16,1.6836426985929396,1.6133838873048112
2008-09-17,1.6965595838966032,1.6256022804262766
2008-09-18,1.699959863919567,1.6286969931440127
2008-09-19,1.6969843857998632,1.6257211351199232
2008-09-22,1.7151060131352034,1.6419086416797593
2008-09-23,1.7056895914038042,1.632888207433918
2008-09-24,1.7114527997640383,1.6376564140935208
2008-09-25,1.7079958357604879,1.6343478933072098
2008-09-26,1.7180789019666989,1.6438336223739023
2008-09-29,1.7522427511787289,1.6763576069037724
2008-09-30,1.7575124740368164,1.681235108221383
2008-10-01,1.7721082615070285,1.6950329469902232
2008-10-02,1.792099114497804,1.7138848955091626
2008-10-03,1.7951506622830036,1.716797023992711
2008-10-06,1.8233537670409528,1.7434981034714567
2008-10-07,1.8255384841037594,1.745583096585353
2008-10-08,1.82007574152237,1.740356105019412
2008-10-09,1.820367061972979,1.7406296538902923
2008-10-10,1.7954423872692276,1.7167953304164163
2008-10-13,1.7844331563754663,1.7059952204126114
2008-10-14,1.783718798091425,1.7045555504540402
2008-10-15,1.8035855242375578,1.7226489190520125
2008-10-16,1.8047209932722545,1.7234734259255442
2008-10-17,1.8075655357577658,1.7254341304283243
2008-10-20,1.8218833695490075,1.7383513127223296
2008-10-21,1.8429356852261367,1.7584369981530505
2008-10-22,1.8716912425627967,1.7858644002280957
2008-10-23,1.8717699253864424,1.785932876921481
2008-10-24,1.8903691413078065,1.8036784821235328
2008-10-27,1.8909837401979923,1.8042433192043854
2008-10-28,1.8665916114732186,1.7809687123627291
2008-10-29,1.8363830508481775,1.7513436262009523
2008-10-30,1.8342759762939966,1.7493341262827895
2008-10-31,1.8616740815113042,1.7754634770847109
2008-11-03,1.8708068908997568,1.7841733633496637
2008-11-04,1.8314658438343134,1.7466541257405424
2008-11-05,1.8448795050648499,1.7586421334619813
2008-11-06,1.8709730796033364,1.7827059715711826
2008-11-07,1.8667416978996392,1.7786742142394432
2008-11-10,1.8681521044351843,1.7800180818667595
2008-11-11,1.88743327687423,1.7974193515860855
2008-11-12,1.8937361941144915,1.8027477879129366
2008-11-13,1.8635321640298308,1.7729791597588842
2008-11-14,1.8801029507645397,1.7875477051862174
2008-11-17,1.8851557120783962,1.792345467001422
2008-11-18,1.8932543872785934,1.8000426243265908
2008-11-19,1.9103690826341515,1.8163130880702922
2008-11-20,1.9379984648548727,1.8425716307048228
2008-11-21,1.9429312735164928,1.8470708071550772
2008-11-24,1.9255845925966855,1.830573050800378
2008-11-25,1.9445379046434705,1.8485748112954135
2008-11-26,1.947118648649959,1.8510184853752676
2008-11-28,1.956742039548261,1.8601651254549323
2008-12-01,1.9911017019597284,1.8926376684961488
2008-12-02,1.9921070889985166,1.8935797366917024
2008-12-03,1.9966626411814015,1.897907411582525
2008-12-04,2.0065486250522073,1.9073039768019413
2008-12-05,1.9963628467875385,1.8976189676861113
2008-12-08,1.9865867209372385,1.8883227204176865
2008-12-09,2.005003692403742,1.9058199003753806
2008-12-10,2.0185439822859794,1.9183342877867697
2008-12-11,2.025417833439881,1.924353207303719
2008-12-12,2.028587841796273,1.9273635088298153
2008-12-15,2.0456512350021314,1.9434360263590835
2008-12-16,2.1076872872321677,2.0021441945042984
2008-12-17,2.1309081382098904,2.024196907908458
2008-12-18,2.1495661725243345,2.0416820775837237
2008-12-19,2.1418675553913595,2.034284583644009
2008-12-22,2.1529771032067515,2.0447511625613277
2008-12-23,2.150802800625499,2.042682980149693
2008-12-24,2.156802683906419,2.048296411838152
2008-12-26,2.1732779299332403,2.063942269316095
2008-12-29,2.1831436443726466,2.073225904174593
2008-12-30,2.2028046941560877,2.091677933694734
2008-12-31,2.2116525455270666,2.100077995312283
2009-01-02,2.203498241005677,2.0923298178209717
2009-01-05,2.202730068592313,2.091594252202483
2009-01-06,2.2110206207704413,2.0994592028696664
2009-01-07,2.175615942375775,2.065839679519024
2009-01-08,2.177908669075403,2.0680150472219947
2009-01-09,2.173751884380061,2.0639870433330643
2009-01-12,2.150519943850064,2.041782293487304
2009-01-13,2.1524703414896775,2.043500183783827
2009-01-14,2.1492820983245204,2.0403775016332464
2009-01-15,2.152289337753557,2.043230447315287
2009-01-16,2.1668033441401224,2.057008459824047
2009-01-20,2.1759824509959134,2.0652299515547323
2009-01-21,2.1555615037408895,2.0458355685269645
2009-01-22,2.1540229632779764,2.0440116327908977
2009-01-23,2.1653073021053766,2.0547130026196894
2009-01-26,2.1638146539993737,2.052709013947183
2009-01-27,2.17696652159795,2.0651683401705045
2009-01-28,2.2024651187780058,2.088566054781934
2009-01-29,2.203434277183058,2.0891917044327273
2009-01-30,2.223131212638367,2.1078630447223405
2009-02-02,2.2034699513579623,2.0892121156440817
2009-02-03,2.1928202687880005,2.0791127183909173
2009-02-04,2.2051035193230377,2.0902316082386725
2009-02-05,2.212548741514535,2.0971706967213275
2009-02-06,2.2263051132438147,2.110027649633111
2009-02-09,2.2176456991296956,2.1017700211799215
2009-02-10,2.236777326721571,2.119395462943477
2009-02-11,2.250784537345839,2.1325834040076423
2009-02-12,2.256903946580326,2.1383748170659724
2009-02-13,2.252179051091511,2.1338976158105187
2009-02-17,2.2835225266418995,2.1632833654048804
2009-02-18,2.29296073974116,2.171669280854261
2009-02-19,2.2713319031213404,2.150467361587013
2009-02-20,2.274290489985043,2.1532673861704117
2009-02-23,2.2881565900571874,2.166343397610537
2009-02-24,2.2419792825392313,2.12261479730541
2009-02-25,2.2440474367628473,2.124567431546207
2009-02-26,2.2269099371097636,2.1083369695617264
2009-02-27,2.224638106886153,2.106174748679945
2009-03-02,2.2227766331766197,2.1044076837612096
2009-03-03,2.2126713005891645,2.0948348969916655
2009-03-04,2.203143223897594,2.0858107008076514
2009-03-05,2.2414036043015044,2.1220197611227567
2009-03-06,2.238376345570928,2.1191502940524307
2009-03-09,2.2216431026829877,2.1032932333588232
2009-03-10,2.1985210500060544,2.080842183099962
2009-03-11,2.1967750822015644,2.0786404677462706
2009-03-12,2.216299831776435,2.096911502508574
2009-03-13,2.2273908288456195,2.1073979564553285
2009-03-16,2.2140589412668277,2.0947791148163923
2009-03-17,2.216598258861314,2.096990958358071
2009-03-18,2.2570656072765884,2.1340483585323513
2009-03-19,2.281029701998114,2.1566984516319874
2009-03-20,2.273953073953694,2.150004568689967
2009-03-23,2.312614347027001,2.186178400215427
2009-03-24,2.269618245657874,2.144487772501589
2009-03-25,2.2898865902712,2.163635585921537
2009-03-26,2.318342903584122,2.1900337297111223
2009-03-27,2.272847287973538,2.147040446237463
2009-03-30,2.2213419387036444,2.0969121364165697
2009-03-31,2.24210289482685,2.115053398604082
2009-04-01,2.2575311258379,2.129605231297463
2009-04-02,2.2922077315466316,2.162028544639662
2009-04-03,2.327641528822071,2.194178969824668
2009-04-06,2.3011215865173744,2.169159354184142
2009-04-07,2.2516826231202565,2.122386770639339
2009-04-08,2.269788088822837,2.1381418826517535
2009-04-09,2.3656580539702485,2.227200926925586
2009-04-13,2.3779778261600635,2.2373086147180645
2009-04-14,2.366740587484969,2.2267210698340456
2009-04-15,2.3850450116015103,2.243937745276269
2009-04-16,2.3968512806011875,2.2547813243339667
2009-04-17,2.398033181172068,2.255889997404392
2009-04-20,2.3771822235717917,2.2356994892383764
2009-04-21,2.3919530205533146,2.24935650846528
2009-04-22,2.388049632890499,2.2453031548744034
2009-04-23,2.4003920226268556,2.2569047966100526
2009-04-24,2.4215927915452746,2.276740185571062
2009-04-27,2.4070467167156204,2.2629652820268227
2009-04-28,2.4037674226673627,2.2598811341165113
2009-04-29,2.4283243699607397,2.2828717510515357
2009-04-30,2.43671935803901,2.2907568044742495
2009-05-01,2.4401691093827704,2.293974077313143
2009-05-04,2.4785184603947408,2.3298620528097724
2009-05-05,2.481319073214096,2.3324827010178244
2009-05-06,2.5083748430826356,2.3579018408300914
2009-05-07,2.484172506778301,2.3351472255281847
2009-05-08,2.516667480180973,2.3654795006932825
2009-05-11,2.5043607593496855,2.353901756637085
2009-05-12,2.519636865581227,2.3682572879616517
2009-05-13,2.4970041713847597,2.346978468589567
2009-05-14,2.5029933352278206,2.3526006863361637
2009-05-15,2.4936577629749372,2.3437878379326453
2009-05-18,2.513854023757193,2.3627660997886553
2009-05-19,2.5255126083527415,2.3737111457162414
2009-05-20,2.5415047769821335,2.388732003831907
2009-05-21,2.531047366500098,2.3788976927992858
2009-05-22,2.5337990187667567,2.3814745080125146
2009-05-26,2.5414193732549064,2.3886352165168327
2009-05-27,2.5271824752259415,2.3752507804290803
2009-05-28,2.54553982444562,2.3924995023651223
2009-05-29,2.586551123265375,2.4310360257006303
2009-06-01,2.617553026612634,2.4593165278524154
2009-06-02,2.631717394187946,2.471804943189337
2009-06-03,2.6094438128774855,2.450879086011676
2009-06-04,2.63853641829822,2.4773917147235687
2009-06-05,2.611719657465975,2.452206433929741
2009-06-08,2.6007494346594076,2.4418818867011485
2009-06-09,2.6196494374994566,2.4596205814237564
2009-06-10,2.620923991688521,2.460813768575931
2009-06-11,2.6349977379757696,2.4740245888785
2009-06-12,2.634250103800354,2.472527949748336
2009-06-15,2.6036208316024534,2.4437748247009257
2009-06-16,2.5995849160865654,2.439980559668623
2009-06-17,2.602711930317208,2.4428558419532194
2009-06-18,2.5895845784275906,2.4305317032909493
2009-06-19,2.599263437167982,2.43960544079699
2009-06-22,2.5861670789837268,2.4266482554935553
2009-06-23,2.602998150847281,2.4421453639954396
2009-06-24,2.6061249008189433,2.4447872951984237
2009-06-25,2.633736832792278,2.4705370444227186
2009-06-26,2.6358416091669823,2.47249460166315
2009-06-29,2.6440127683639645,2.479897295791017
2009-06-30,2.63773885774514,2.473768631106974
2009-07-01,2.646527260732945,2.4816776087291696
2009-07-02,2.6313164213219555,2.4669112903451125
2009-07-06,2.6226371189438855,2.4587716346023742
2009-07-07,2.6264678923624265,2.4616992213402034
2009-07-08,2.6498545533284203,2.4836162574450547
2009-07-09,2.646868649335594,2.4805100712334744
2009-07-10,2.6549890406779912,2.488116151869123
2009-07-13,2.652473105419853,2.4857548463319747
2009-07-14,2.6420136306862876,2.475947792272517
2009-07-15,2.661189395879615,2.493133998669318
2009-07-16,2.6725865463722864,2.5035141711051008
2009-07-17,2.6739113324920507,2.5046734516121916
2009-07-20,2.698915571807199,2.5277418733978623
2009-07-21,2.720070409323603,2.547304346042096
2009-07-22,2.7169761881683985,2.5441540567042304
2009-07-23,2.7335949451828516,2.5595928793444043
2009-07-24,2.7406859284450618,2.566229828930835
2009-07-27,2.741628385777053,2.5671089216191993
2009-07-28,2.744116060645724,2.5690295059761263
2009-07-29,2.745047842926816,2.5698996203156517
2009-07-30,2.7679173763147102,2.591033951473941
2009-07-31,2.800626917998478,2.6212966540439084
2009-08-03,2.8109545268826945,2.6308317083867143
2009-08-04,2.811986665405441,2.6317889816980813
2009-08-05,2.8138288191297454,2.63328989613718
2009-08-06,2.8043919835489315,2.624452300802144
2009-08-07,2.8056452230926237,2.6255989009399987
2009-08-10,2.805704821300008,2.6256471326314865
2009-08-11,2.8021630735343326,2.622113883666502
2009-08-12,2.806738727546792,2.6261770347991575
2009-08-13,2.8278552226907996,2.645717570137682
2009-08-14,2.8169067194770148,2.635370102512179
2009-08-17,2.7948701654253614,2.6143496226238376
2009-08-18,2.808020864930744,2.626530007862483
2009-08-19,2.822823259124654,2.6401077681973817
2009-08-20,2.835118312749519,2.6514816768465495
2009-08-21,2.8466128804994058,2.6622280842655606
2009-08-24,2.8514741299605255,2.666766232241098
2009-08-25,2.8568281495944237,2.671766115581144
2009-08-26,2.8626664554343244,2.6772171141666288
2009-08-27,2.8631229576379913,2.6776153811032413
2009-08-28,2.8737333325371934,2.687532267339521
2009-08-31,2.8722608258623588,2.686048827446851
2009-09-01,2.8514115315094606,2.6665446023978285
2009-09-02,2.868966111675917,2.6829546044609374
2009-09-03,2.886630473991506,2.6994622334686977
2009-09-04,2.894342407754205,2.7066694711936856
2009-09-08,2.912679245176304,2.7237101782989868
2009-09-09,2.9152806649499254,2.7261346229603554
2009-09-10,2.9440351614574105,2.7530190176085427
2009-09-11,2.9567989530679615,2.7648472881542663
2009-09-14,2.9506118197190574,2.7590560960016095
2009-09-15,2.9644344436990133,2.7718736421137784
2009-09-16,2.9934531941034828,2.798996147346648
2009-09-17,2.9971541341673817,2.802448667151523
2009-09-18,2.985165088739864,2.7912299132247416
2009-09-21,2.9786357744132643,2.7850176873346957
2009-09-22,2.9991609207432157,2.804103736395287
2009-09-23,2.9876571073148597,2.7932424642120766
2009-09-24,2.9697032678807935,2.776452019395794
2009-09-25,2.9709200503245694,2.777573500942171
2009-09-28,2.992010006737596,2.7972885332647506
2009-09-29,2.9866101863354557,2.7922344521326137
2009-09-30,2.994924807161388,2.799997492513605
2009-10-01,2.9596947288627224,2.767054405624813
2009-10-02,2.948810172872596,2.756858150312169
2009-10-05,2.978314887134067,2.7844343440976975
2009-10-06,2.995165884950761,2.8000877175543133
2009-10-07,3.0096309110668136,2.8135093877500625
2009-10-08,3.0213202790162637,2.8243317126848617
2009-10-09,3.0076161758038817,2.811508826970792
2009-10-12,3.018318253040758,2.821486683429533
2009-10-13,3.023493822320434,2.826305306489823
2009-10-14,3.04699172682292,2.847590144429442
2009-10-15,3.040153376506032,2.8411926736660678
2009-10-16,3.0320242108273363,2.833588276173865
2009-10-19,3.0536008143199638,2.853071162646094
2009-10-20,3.0496590199474687,2.849384599812122
2009-10-21,3.045946476833649,2.84590903388467
2009-10-22,3.0594277415203193,2.858287059912941
2009-10-23,3.043962547956973,2.843832856200144
2009-10-26,3.01679170984346,2.817958719817454
2009-10-27,3.0127381891533895,2.8136783142024338
2009-10-28,2.9939641706299067,2.794854569040446
2009-10-29,3.0349174711860427,2.8318032552898034
2009-10-30,3.035769449276455,2.8317902870003975
2009-11-02,3.044284677938067,2.8397256981984293
2009-11-03,3.0616050694321575,2.855709178978129
2009-11-04,3.0711407830511894,2.8644288636739725
2009-11-05,3.0913361693299097,2.8824413968723315
2009-11-06,3.090427211576267,2.881563809632274
2009-11-09,3.121803794434617,2.910385983716996
2009-11-10,3.1171251966324287,2.9060131796892112
2009-11-11,3.130925802711695,2.918871978094649
2009-11-12,3.121402487718444,2.9095825298960474
2009-11-13,3.1372966194650966,2.9239882504185473
2009-11-16,3.172887758745375,2.9571520422654105
2009-11-17,3.1745249470260366,2.9584497009927095
2009-11-18,3.1718696397686243,2.9557468166821783
2009-11-19,3.1590533783012162,2.9438007942344413
2009-11-20,3.1539500972451044,2.939030504582018
2009-11-23,3.1685355902269245,2.9526187320410795
2009-11-24,3.1709931661567774,2.954672528770898
2009-11-25,3.1891926820949923,2.9716213084957874
2009-11-27,3.1695551749405637,2.9529505679820334
2009-11-30,3.1862673206383216,2.968162905359959
2009-12-01,3.207261058581599,2.9874799535878354
2009-12-02,3.211096115538459,2.9908073122344616
2009-12-03,3.203113692855457,2.983029681445509
2009-12-04,3.1901152683563496,2.970919148907065
2009-12-07,3.1820586799241277,2.9633926653174534
2009-12-08,3.1772074350395654,2.9584824523526496
2009-12-09,3.173650611039524,2.9547787990284795
2009-12-10,3.176999015549354,2.9575044913452957
2009-12-11,3.175356074627208,2.9559676088008198
2009-12-14,3.1891267539785475,2.968616024279887
2009-12-15,3.1806202995442585,2.960526179679311
2009-12-16,3.1919082934209797,2.970864415167759
2009-12-17,3.1972790073727984,2.9753484420316574
2009-12-18,3.2018802252190715,2.9794128617238558
2009-12-21,3.208611138511724,2.984362406680621
2009-12-22,3.2230786410881453,2.9968085103606734
2009-12-23,3.231640015770756,3.003646705838536
2009-12-24,3.245878367735038,3.0160291846420284
2009-12-28,3.2463024816666812,3.0164041749198547
2009-12-29,3.239273706362494,3.00987003392624
2009-12-30,3.2444456728479114,3.0144530572993786
2009-12-31,3.2374815208317935,3.007970180848068
2010-01-04,3.2752460286949736,3.042713851355246
2010-01-05,3.286244011817338,3.052100509402934
2010-01-06,3.295319512891427,3.060525957228347
2010-01-07,3.300393346310523,3.0652337526133198
2010-01-08,3.3072104811924774,3.071559903235639
2010-01-11,3.3103439896849913,3.074462832428418
2010-01-12,3.2991266269019217,3.063131251759723
2010-01-13,3.3094267747969646,3.071784449554722
2010-01-14,3.3144277704603944,3.076420465849374
2010-01-15,3.3047946761584215,3.0665544833042855
2010-01-19,3.3282811738676927,3.087426186472171
2010-01-20,3.3220685652244897,3.0806461653329995
2010-01-21,3.3091564265234874,3.0683337071111847
2010-01-22,3.307604906080053,3.0657992362065243
2010-01-25,3.307578118164459,3.065244740913549
2010-01-26,3.3102009347085426,3.0676727907428543
2010-01-27,3.31137624347486,3.0680234952436782
2010-01-28,3.31076348529509,3.0667393587559406
2010-01-29,3.32743938605624,3.081016837839899
2010-02-01,3.3203725721614057,3.0732986294872786
2010-02-02,3.32570383279137,3.077223974826474
2010-02-03,3.3280675255845993,3.078876011284563
2010-02-04,3.3418035309726584,3.0910481827727048
2010-02-05,3.3469056455685866,3.0949935424413018
2010-02-08,3.351268765031756,3.099025239241258
2010-02-09,3.341198622998472,3.0891929412699226
2010-02-10,3.3381465809679502,3.086371069400832
2010-02-11,3.3337624283816503,3.0823137746992786
2010-02-12,3.3372197205480565,3.0855101036267323
2010-02-16,3.354652229456972,3.1010775595306685
2010-02-17,3.3573229638183064,3.10333021311318
2010-02-18,3.3679697179662673,3.1128350882469817
2010-02-19,3.3757265422631773,3.1194541254567825
2010-02-22,3.374457145041529,3.1169868295327956
2010-02-23,3.38049908729095,3.120280701048158
2010-02-24,3.3898021374516656,3.1285177245652673
2010-02-25,3.3899707136029673,3.1286672085520775
2010-02-26,3.40222449945218,3.1393904873232885
2010-03-01,3.407888112377345,3.1444136537238414
2010-03-02,3.4154465635219586,3.1513835490326003
2010-03-03,3.418550634802751,3.154150481462138
2010-03-04,3.4238298863738343,3.159017801552931
2010-03-05,3.4349379608867197,3.1690305450828022
2010-03-08,3.4356737703656095,3.16946363911218
2010-03-09,3.438850218274674,3.1723889466411133
2010-03-10,3.441392258329075,3.174579993524265
2010-03-11,3.4438052477913224,3.1767794547634347
2010-03-12,3.4446200143398844,3.177278226017535
2010-03-15,3.4423865251792973,3.1751995357114557
2010-03-16,3.4631791815175745,3.1942439158401372
2010-03-17,3.4726943930704133,3.203013799757144
2010-03-18,3.4701931176402816,3.2007020600044513
2010-03-19,3.4591604241472167,3.190390211973518
2010-03-22,3.466724250633411,3.1973616712356683
2010-03-23,3.470632835466528,3.200945829686718
2010-03-24,3.4571395701822083,3.188157578190407
2010-03-25,3.4561546259911893,3.1862289586073516
2010-03-26,3.462626114317338,3.1910341595179896
2010-03-29,3.4769629671860787,3.2033264971154787
2010-03-30,3.478663565370139,3.2039380687108814
2010-03-31,3.4776722379141742,3.202881588586869
2010-04-01,3.4912494474080176,3.2153801606638375
2010-04-05,3.501392188223794,3.2238026577007814
2010-04-06,3.5133337614779614,3.2347792495599363
2010-04-07,3.5121529971840983,3.233679854491477
2010-04-08,3.5125423319983686,3.2340341533825594
2010-04-09,3.522308181215067,3.2430120960482935
2010-04-12,3.5222505516363847,3.2419646629356174
2010-04-13,3.531447616849522,3.25042116843122
2010-04-14,3.544744363498079,3.2626510421981965
2010-04-15,3.544517220669171,3.2624366306701558
2010-04-16,3.5182795904506836,3.2380245774194125
2010-04-19,3.513635333535248,3.233360314556277
2010-04-20,3.5306766541821464,3.2488095642867285
2010-04-21,3.5405678404047145,3.257899071456082
2010-04-22,3.538090114839919,3.255610503681663
2010-04-23,3.548398306995717,3.2650904378820607
2010-04-26,3.546888917044751,3.26369207128151
2010-04-27,3.540730443266083,3.2577715057398797
2010-04-28,3.542207094419661,3.2590140360587676
2010-04-29,3.5633471516032076,3.278459576558389
2010-04-30,3.567135337958029,3.281925271618636
2010-05-03,3.5779470679825307,3.291858103838308
2010-05-04,3.57305257410912,3.28711214834971
2010-05-05,3.573693865043532,3.2869777049658477
2010-05-06,3.5991227099754663,3.309511082716401
2010-05-07,3.589387509863089,3.300347686443146
2010-05-10,3.5966424457206276,3.306118929078976
2010-05-11,3.618642158659077,3.3263200179747088
2010-05-12,3.6246082425694297,3.331583360258816
2010-05-13,3.628968510732788,3.3353699932837912
2010-05-14,3.6386658145998716,3.3442722878918025
2010-05-17,3.6327163943269154,3.338787073843721
2010-05-18,3.65258864007763,3.3569054891985726
2010-05-19,3.6368921701954307,3.3424723114535935
2010-05-20,3.6362416759027067,3.3417281094018
2010-05-21,3.6372019617015106,3.3426030563899696
2010-05-24,3.647403755610389,3.3519564893926144
2010-05-25,3.649547699349072,3.353904870718324
2010-05-26,3.6554588901506633,3.359196638103993
2010-05-27,3.6377812877827194,3.342161600445722
2010-05-28,3.645350455768039,3.3490947950397976
2010-06-01,3.6548222041393292,3.3577827916771987
2010-06-02,3.652227036391864,3.354616208997825
2010-06-03,3.6461098679165973,3.3480675746066275
2010-06-04,3.6746878572017994,3.373496356281547
2010-06-07,3.6990485022336745,3.3957099668452346
2010-06-08,3.693570924718099,3.3906734144330963
2010-06-09,3.691074379012287,3.388233976598125
2010-06-10,3.666518012411912,3.365684556848489
2010-06-11,3.6793840316607653,3.377481960899557
2010-06-14,3.6740096016719783,3.3724146556070504
2010-06-15,3.6764622833506566,3.3745211952521825
2010-06-16,3.6790450082942483,3.376864638776911
2010-06-17,3.694960539621707,3.3911464071980206
2010-06-18,3.6987994128201453,3.3946606738044283
2010-06-21,3.6984420380277716,3.3942119221191844
2010-06-22,3.708324996812951,3.4030469394904554
2010-06-23,3.7119106754229403,3.4062132683614164
2010-06-24,3.706851497993567,3.4011162519597224
2010-06-25,3.71709158919672,3.410168903700207
2010-06-28,3.7238879815849297,3.4163948975307563
2010-06-29,3.7322039925119315,3.4236813974750415
2010-06-30,3.7393642184048685,3.4302419646326987
2010-07-01,3.7425769378470295,3.432245730990657
2010-07-02,3.7340777506721268,3.4244428321462044
2010-07-06,3.751144382663355,3.440089580390142
2010-07-07,3.7602945165905557,3.448161425445855
2010-07-08,3.7599882593247207,3.4478652496955724
2010-07-09,3.7555373200324125,3.4437799408772176
2010-07-12,3.756006119657964,3.4442051704998704
2010-07-13,3.7659305475775704,3.453032110941425
2010-07-14,3.777508547481431,3.4634507985908134
2010-07-15,3.784686309933552,3.470022543469917
2010-07-16,3.7794288780040066,3.4648580422691024
2010-07-19,3.7819040378524105,3.466973457651308
2010-07-20,3.792574335215281,3.4767544189719857
2010-07-21,3.8018272522343692,3.48523408063804
2010-07-22,3.824493361743888,3.505698233678162
2010-07-23,3.827850295422587,3.5087666529015507
2010-07-26,3.83550094129048,3.5157719528225524
2010-07-27,3.825606409145697,3.5066989963316066
2010-07-28,3.8268614139763137,3.507845191757836
2010-07-29,3.8316939804541246,3.5122722374772066
2010-07-30,3.844142368573632,3.5236818477729983
2010-08-02,3.8646156712420447,3.5422955424078735
2010-08-03,3.8685403815941855,3.5458621623288877
2010-08-04,3.8626137144681816,3.5404206714511948
2010-08-05,3.864057473113842,3.5417396970963493
2010-08-06,3.87261493407246,3.549579596315086
2010-08-09,3.8772771348034705,3.5538464968635552
2010-08-10,3.8710585021809467,3.548144841759226
2010-08-11,3.8454356756667982,3.5245047087106895
2010-08-12,3.8396489099433526,3.518847067524355
2010-08-13,3.85242394473965,3.530548776327492
2010-08-16,3.8815438241372098,3.5570842925217576
2010-08-17,3.8874433792745657,3.5623219459255147
2010-08-18,3.8883577997247416,3.563156391555939
2010-08-19,3.890646642760145,3.5650848310148273
2010-08-20,3.8887018719021462,3.563013009305575
2010-08-23,3.890561568618608,3.564590499586327
2010-08-24,3.9079647751340088,3.580361099411535
2010-08-25,3.9149326000090934,3.586616645131815
2010-08-26,3.918810941137065,3.5901633153977266
2010-08-27,3.904085247289716,3.576402161059558
2010-08-30,3.9253187742909192,3.5955841049743613
2010-08-31,3.9403435818854047,3.6093163088075486
2010-09-01,3.9498307861405433,3.6175595763113964
2010-09-02,3.9538001464209596,3.6211797844805043
2010-09-03,3.9502837679086373,3.6179483670566848
2010-09-07,3.957973634702912,3.624977875933534
2010-09-08,3.9591784106836685,3.6260692565498003
2010-09-09,3.9419932087490848,3.6103186489173744
2010-09-10,3.9435793828305683,3.6117525756319497
2010-09-13,3.9629563439031057,3.6294875192665175
2010-09-14,3.985103346866915,3.64975903693715
2010-09-15,3.9801186403285413,3.645118698643828
2010-09-16,3.97683088667869,3.6418670798932857
2010-09-17,3.980987817666785,3.645631195242639
2010-09-20,3.99736793383515,3.6603957818499486
2010-09-21,4.014556578239314,3.6761288626309367
2010-09-22,4.013366180287352,3.6750219445676433
2010-09-23,4.006676704184879,3.6688866572660523
2010-09-24,4.018381440948462,3.679600824251627
2010-09-27,4.028390406152176,3.688758414054743
2010-09-28,4.044550412363721,3.703533697310144
2010-09-29,4.0431421777831575,3.7021726288972263
2010-09-30,4.049921376999874,3.70823545407133
2010-10-01,4.058609996645734,3.716184368859644
2010-10-04,4.055062436142939,3.7129335241336916
2010-10-05,4.086022131673225,3.7412641679412784
2010-10-06,4.100507483833867,3.754493432771097
2010-10-07,4.086246189255347,3.7414276558794124
2010-10-08,4.105032578356699,3.7586205037967257
2010-10-11,4.105692468350335,3.759214084049048
2010-10-12,4.103209548146925,3.756716394971684
2010-10-13,4.126482568739161,3.7779943781567145
2010-10-14,4.117368682671891,3.7696402671925955
2010-10-15,4.106858367774965,3.7593059274919587
2010-10-18,4.126177203643177,3.7763065654999313
2010-10-19,4.08507919846624,3.738666622643686
2010-10-20,4.113795249057376,3.7649148282606992
2010-10-21,4.095073266209808,3.747774686890537
2010-10-22,4.105629248675089,3.7574121189649174
2010-10-25,4.1204706099314725,3.770991339091021
2010-10-26,4.113888150702813,3.76495978263792
2010-10-27,4.087151222104368,3.738657149607556
2010-10-28,4.101909556319243,3.7503516000089014
2010-10-29,4.114696082543186,3.762024688272818
2010-11-01,4.116322125439393,3.7635070587394703
2010-11-02,4.139305192452519,3.7845075951238196
2010-11-03,4.142200567845348,3.787146679629837
2010-11-04,4.205643384048747,3.8451478790737657
2010-11-05,4.205982244819907,3.8454158410738506
2010-11-08,4.208518192950735,3.8477247880444443
2010-11-09,4.167447762447435,3.8101466184314305
2010-11-10,4.181290741135232,3.821686391093468
2010-11-11,4.168706896912103,3.80925472648669
2010-11-12,4.09611405182474,3.7428909009059352
2010-11-15,4.079633401590923,3.727516809549632
2010-11-16,4.0502724277697855,3.698583886367531
2010-11-17,4.057141683486677,3.7032525644127965
2010-11-18,4.135911188208747,3.774345419336753
2010-11-19,4.1430219589341055,3.780533565601064
2010-11-22,4.1409197777956255,3.7778447535639343
2010-11-23,4.1487346675351935,3.7831611306187374
2010-11-24,4.1883572653112635,3.8183829163820264
2010-11-26,4.163506416800878,3.7952019958814436
2010-11-29,4.1958392278363785,3.824666611950682
2010-11-30,4.218105354626466,3.84494619048561
2010-12-01,4.259462217011406,3.8811461229346014
2010-12-02,4.284767523347681,3.903576196757603
2010-12-03,4.303610878767001,3.9207275623185094
2010-12-06,4.315463638269242,3.9315080876172264
2010-12-07,4.299691812998195,3.9171353049079647
2010-12-08,4.288113596821438,3.9062699161589194
2010-12-09,4.29323284609275,3.9109112711325955
2010-12-10,4.297042454123455,3.914378908673285
2010-12-13,4.311355008615034,3.9263829724324983
2010-12-14,4.320068460471986,3.9332847689142136
2010-12-15,4.303689024413718,3.9169840288951305
2010-12-16,4.308193642724754,3.9199550943882926
2010-12-17,4.3162816146314,3.9273098415002665
2010-12-20,4.330495983826464,3.94020809814116
2010-12-21,4.351463837426861,3.9586383744529043
2010-12-22,4.36108930379356,3.967390731166122
2010-12-23,4.358368941845475,3.964912165411432
2010-12-27,4.359599119151356,3.96602515181645
2010-12-28,4.379662681565096,3.984275890857509
2010-12-29,4.390609385102686,3.9942146464859
2010-12-30,4.3813733034522,3.985808495336718
2010-12-31,4.406655747117946,4.008138923396495
2011-01-03,4.426458970664712,4.0261378850197485
2011-01-04,4.402023167344269,4.003248627047357
2011-01-05,4.414571390973997,4.014250135602926
2011-01-06,4.399655993935588,4.00066827485
2011-01-07,4.388084432315622,3.990132076838612
2011-01-10,4.3866845135970305,3.9880652698863237
2011-01-11,4.405827106900505,4.005153262952411
2011-01-12,4.427522079347124,4.024153175703067
2011-01-13,4.425993715247441,4.021011166941097
2011-01-14,4.433692700763229,4.026934416467385
2011-01-18,4.441351555020747,4.033886323234673
2011-01-19,4.418184149980589,4.012839976355457
2011-01-20,4.40213831692494,3.9968853197691994
2011-01-21,4.416745657887122,4.009627865350181
2011-01-24,4.438605617882849,4.028949607865791
2011-01-25,4.449582619934376,4.036995215897957
2011-01-26,4.466815629728524,4.050708180485365
2011-01-27,4.477552966204935,4.058527404029371
2011-01-28,4.46341966944653,4.0454387732539905
2011-01-31,4.487463501190346,4.066474620592489
2011-02-01,4.526924141928066,4.100739113450449
2011-02-02,4.527691482390415,4.100957323103119
2011-02-03,4.537292486911414,4.109379429906637
2011-02-04,4.543971737520956,4.115064959944644
2011-02-07,4.565907423675869,4.134925378639298
2011-02-08,4.591540001132576,4.158137264871431
2011-02-09,4.57607625567367,4.144126792389457
2011-02-10,4.576292082407292,4.144308880473835
2011-02-11,4.589310198280575,4.156093226551492
2011-02-14,4.603224897112735,4.168662000191543
2011-02-15,4.601731547807309,4.165898083188175
2011-02-16,4.612056261265553,4.175240613032684
2011-02-17,4.632137821109905,4.193415332408917
2011-02-18,4.648993611540038,4.208672299872491
2011-02-22,4.6430294829686245,4.201998941039782
2011-02-23,4.650308730399695,4.20855287804088
2011-02-24,4.638576052051745,4.197658011037494
2011-02-25,4.675193408768184,4.2307868970364515
2011-02-28,4.697555379637375,4.251012230053191
2011-03-01,4.690555043572003,4.244645561403919
2011-03-02,4.688925951246484,4.242892233573667
2011-03-03,4.698592177734091,4.251400577443322
2011-03-04,4.708360525492746,4.260227961815301
2011-03-07,4.70149782480037,4.253780660058769
2011-03-08,4.71012599046008,4.261349851293377
2011-03-09,4.713689916497548,4.264569723725887
2011-03-10,4.705651552040522,4.256382201044588
2011-03-11,4.710080891500768,4.259980900263675
2011-03-14,4.707398877327287,4.257147085644938
2011-03-15,4.6846528925102175,4.235426391442817
2011-03-16,4.703668227690584,4.252601752711995
2011-03-17,4.709320730083743,4.257686560035821
2011-03-18,4.727732448489738,4.273199633246179
2011-03-21,4.737056364638858,4.281623992040257
2011-03-22,4.743424673386618,4.287356647668
2011-03-23,4.753911925284864,4.2965028907454705
2011-03-24,4.7520065774760605,4.294171698922699
2011-03-25,4.754536281183936,4.296160876996708
2011-03-28,4.746341286115887,4.288726612252633
2011-03-29,4.7464838843784225,4.288818178604124
2011-03-30,4.7694102388395665,4.309313838829433
2011-03-31,4.775305456707278,4.314603708423691
2011-04-01,4.790215295927934,4.328072073663249
2011-04-04,4.8062887505943515,4.342581916893015
2011-04-05,4.809030674232166,4.345001663394849
2011-04-06,4.818854594522425,4.35263932205907
2011-04-07,4.817482892745809,4.350376957789326
2011-04-08,4.831226221661468,4.361764885376089
2011-04-11,4.809446766856258,4.342096685152472
2011-04-12,4.798279221417694,4.33078372646698
2011-04-13,4.814785888849563,4.345419265043706
2011-04-14,4.826581234589524,4.355797166738702
2011-04-15,4.851997334607713,4.378713259913892
2011-04-18,4.8437682143607725,4.370690869476203
2011-04-19,4.862282181005744,4.387374244937026
2011-04-20,4.892757153000406,4.4143015625249395
2011-04-21,4.910122431631324,4.429951331474578
2011-04-25,4.912545717324397,4.432126363953001
2011-04-26,4.928208232481028,4.446232499203457
2011-04-27,4.948698582895085,4.4647013735764185
2011-04-28,4.963272733111988,4.477834542743964
2011-04-29,4.973979646208119,4.487462510738833
2011-05-02,4.961624449364503,4.476311043916076
2011-05-03,4.942221184047877,4.458790071234337
2011-05-04,4.922857671099728,4.441311018064223
2011-05-05,4.909309988617258,4.4286408255716285
2011-05-06,4.918556230368809,4.436768855231748
2011-05-09,4.931306923926621,4.448220294175818
2011-05-10,4.938460687728774,4.454627601903261
2011-05-11,4.927814821565875,4.444819004612839
2011-05-12,4.9252417900568375,4.4424801426615845
2011-05-13,4.92567914985835,4.442377731461137
2011-05-16,4.930587430788039,4.446789652039771
2011-05-17,4.93647735052641,4.452068327352463
2011-05-18,4.9372605231267155,4.452576183925495
2011-05-19,4.941057342511481,4.45551931302961
2011-05-20,4.94252866780829,4.456343891997749
2011-05-23,4.941921682073711,4.455483358977198
2011-05-24,4.944522582791156,4.457816339859812
2011-05-25,4.941353272165825,4.454944140905666
2011-05-26,4.95278746025879,4.464946577939601
2011-05-27,4.964687849135909,4.475169899006661
2011-05-31,4.984587352670021,4.492707278702901
2011-06-01,4.9884424185878675,4.49546018225082
2011-06-02,4.959049168219848,4.468960181055824
2011-06-03,4.971936512325382,4.479655014806318
2011-06-06,4.966202820895093,4.474111953486401
2011-06-07,4.9819808082377905,4.487961602390932
2011-06-08,4.985673270098442,4.4912641488604175
2011-06-09,4.978547636368569,4.484477604219254
2011-06-10,4.976167296965496,4.482330751312798
2011-06-13,4.9664164213764135,4.4735355036667395
2011-06-14,4.9501812680063315,4.458905646566672
2011-06-15,4.984651269596793,4.489251938189442
2011-06-16,4.984915422908909,4.489446134076525
2011-06-17,4.983231240339878,4.48792621657021
2011-06-20,4.98166022193989,4.486495419323943
2011-06-21,4.986446039318637,4.490147894994637
2011-06-22,4.989357806970433,4.492160094097368
2011-06-23,4.998833167903091,4.500402424133183
2011-06-24,5.000077047041201,4.501116202161272
2011-06-27,4.980627453946184,4.483601830967469
2011-06-28,4.961062999116423,4.464220657035829
2011-06-29,4.9559023540127125,4.458415392524163
2011-06-30,4.996464176160364,4.491093772914972
2011-07-01,5.049277727566438,4.538544540686489
2011-07-05,5.062008876563334,4.547271002174997
2011-07-06,5.070891065048372,4.554453607976049
2011-07-07,5.080748541165566,4.56329517816085
2011-07-08,5.093156739049167,4.574130935291424
2011-07-11,5.098912436437565,4.578925890303072
2011-07-12,5.107395121153945,4.585622438571542
2011-07-13,5.119933768147059,4.595914879971806
2011-07-14,5.101687525404728,4.579232564675371
2011-07-15,5.116663375791724,4.5921687366744015
2011-07-18,5.11441851880144,4.589437801790863
2011-07-19,5.140534242988352,4.611974379833046
2011-07-20,5.140326796806357,4.611772104995425
2011-07-21,5.152453574728809,4.622298140893494
2011-07-22,5.170410897920378,4.638084324712671
2011-07-25,5.152562722624816,4.621749185082873
2011-07-26,5.166946876884731,4.634633260190694
2011-07-27,5.134124812620693,4.604491794124129
2011-07-28,5.142436049091534,4.611564942936412
2011-07-29,5.175813179601115,4.641492162728462
2011-08-01,5.186577675943776,4.650852090158435
2011-08-02,5.247079172533499,4.704059824777443
2011-08-03,5.252853758150482,4.709202119712763
2011-08-04,5.290419598890361,4.7421806439619685
2011-08-05,5.242346096883223,4.698384649600164
2011-08-08,5.269689866269651,4.722855329526456
2011-08-09,5.305860363400005,4.755115850648374
2011-08-10,5.3876705276992345,4.828279427246894
2011-08-11,5.280179414864601,4.731909279660377
2011-08-12,5.317337298396843,4.765136077926469
2011-08-15,5.328480990715702,4.775093870153177
2011-08-16,5.358298723325393,4.801806712373743
2011-08-17,5.379582439270448,4.820875352594965
2011-08-18,5.410977527316308,4.849003076214654
2011-08-19,5.433736352235121,4.869388989912252
2011-08-22,5.445696594878908,4.880098109011473
2011-08-23,5.380244907600575,4.821431207306768
2011-08-24,5.297071924938482,4.745553511481377
2011-08-25,5.324210905053499,4.769845759152962
2011-08-26,5.363905902570503,4.805405730925096
2011-08-29,5.342699190002783,4.785091099762849
2011-08-30,5.388164852061083,4.825801805755425
2011-08-31,5.3775986681864,4.816327883906305
2011-09-01,5.399460896617794,4.835904268408304
2011-09-02,5.460343519694684,4.89042662533108
2011-09-06,5.488222794138649,4.914452326222604
2011-09-07,5.454102834388411,4.883872585992122
2011-09-08,5.4833483463363635,4.910048395927399
2011-09-09,5.498448326600163,4.923554077266404
2011-09-12,5.470646856267113,4.89864441864405
2011-09-13,5.470193076641521,4.898229171636486
2011-09-14,5.466051029967357,4.894483465169206
2011-09-15,5.434450607515929,4.865995148302942
2011-09-16,5.45207022377804,4.881573106958138
2011-09-19,5.470971733576613,4.898297545912713
2011-09-20,5.484567708162848,4.910460667365751
2011-09-21,5.508467048688787,4.931855987107567
2011-09-22,5.548768103640202,4.96751445435491
2011-09-23,5.515280789655862,4.937516195162564
2011-09-26,5.498449401023795,4.922430664801727
2011-09-27,5.476451135423967,4.902733921195019
2011-09-28,5.479340872888964,4.9040579176857735
2011-09-29,5.478894659952196,4.903652614260918
2011-09-30,5.519104806072249,4.9383836310875715
2011-10-03,5.555295007090632,4.970757902451173
2011-10-04,5.530620706194707,4.947400377671148
2011-10-05,5.509993796764525,4.928942561755914
2011-10-06,5.482864312978126,4.90465636318707
2011-10-07,5.482378882905728,4.901326521218431
2011-10-10,5.510671679972044,4.92432132384323
2011-10-11,5.5045937531921405,4.917199041167514
2011-10-12,5.5233978777042765,4.932338378027916
2011-10-13,5.524256456926001,4.933082786690968
2011-10-14,5.5563861488991755,4.960928819647112
2011-10-17,5.544379875838325,4.94980218515686
2011-10-18,5.581266678685095,4.981033601777736
2011-10-19,5.563046841873352,4.964478883232624
2011-10-20,5.570693291935158,4.971297682607721
2011-10-21,5.639738880798989,5.031209963222603
2011-10-24,5.743729567406856,5.1235871759604334
2011-10-25,5.743461831274414,5.12111171134522
2011-10-26,5.747414932007552,5.122756371848047
2011-10-27,5.868894310139573,5.2304734274873725
2011-10-28,5.866861001962864,5.228640169372014
2011-10-31,5.852796350732208,5.213850211866887
2011-11-01,5.846849421404246,5.207771432666205
2011-11-02,5.8725892329333576,5.230404398705913
2011-11-03,5.898544165467584,5.252782507955457
2011-11-04,5.890849547373684,5.245915309323426
2011-11-07,5.906967938109672,5.26026277127521
2011-11-08,5.905668958335096,5.25909947406388
2011-11-09,5.878499097478407,5.234131849392279
2011-11-10,5.869874957497929,5.226418299161282
2011-11-11,5.904574187937469,5.25656797648776
2011-11-14,5.896622631028196,5.248769969740552
2011-11-15,5.905265787082567,5.25631863232192
2011-11-16,5.892039223718291,5.244216435346901
2011-11-17,5.871093076234817,5.224103210905825
2011-11-18,5.86649316304708,5.219628914750608
2011-11-21,5.869378746064984,5.220692399738942
2011-11-22,5.880229055653058,5.2303428968233865
2011-11-23,5.898463489944969,5.2465606363535855
2011-11-25,5.894263739989822,5.242808944375229
2011-11-28,5.906438620161611,5.253156654539343
2011-11-29,5.90654515242676,5.253242963684831
2011-11-30,6.003088349740823,5.3363915631662
2011-12-01,5.992297545603876,5.3262778638353625
2011-12-02,6.01238811749783,5.341778413167883
2011-12-05,6.029756476333971,5.356252713112336
2011-12-06,6.028724528003467,5.354376610320366
2011-12-07,6.044082053500982,5.367063768716347
2011-12-08,6.022939321180405,5.3479314188503535
2011-12-09,6.053851221047376,5.374064154874544
2011-12-12,6.052248782489459,5.371807427825482
2011-12-13,6.075559821572809,5.392234262833655
2011-12-14,6.078631793545052,5.393593100954469
2011-12-15,6.078404137591654,5.393132642885017
2011-12-16,6.101697206679483,5.413772620444179
2011-12-19,6.114140578113921,5.42477314009831
2011-12-20,6.127201843632515,5.435870876938397
2011-12-21,6.1165922751394595,5.4264121470865945
2011-12-22,6.137615782170628,5.445040005571083
2011-12-23,6.135004218846073,5.442716837136914
2011-12-27,6.151059379010902,5.456957058223714
2011-12-28,6.15713705734196,5.462321508036609
2011-12-29,6.170254212811695,5.4739510392895365
2011-12-30,6.168029331362123,5.471970149844062
2012-01-03,6.181921575546459,5.483925494405916
2012-01-04,6.17410200049047,5.4769255808359505
2012-01-05,6.173191695357034,5.475677776188111
2012-01-06,6.1829241292256265,5.484016213349972
2012-01-09,6.175329373631129,5.4772714788918
2012-01-10,6.192862888608878,5.492463218813519
2012-01-11,6.205929855331744,5.504047730588497
2012-01-12,6.196663529871536,5.4958249287201655
2012-01-13,6.210222831584487,5.50783646490622
2012-01-17,6.22774753289387,5.523363985399903
2012-01-18,6.226927946501686,5.5226243315392685
2012-01-19,6.2257363618836665,5.5212820076695746
2012-01-20,6.228495865013736,5.523509375884798
2012-01-23,6.23703312634599,5.530382676577732
2012-01-24,6.245389360334932,5.537253075648625
2012-01-25,6.2876039249423625,5.574139929368562
2012-01-26,6.306800702821048,5.591145190660079
2012-01-27,6.3180408441488805,5.601087751562042
2012-01-30,6.312689423147277,5.596027520295243
2012-01-31,6.33222817500838,5.613342190656088
2012-02-01,6.347602619010892,5.626947815309045
2012-02-02,6.359654007582164,5.637600308309138
2012-02-03,6.36310367486831,5.640325099166765
2012-02-06,6.363447689728411,5.640618505144572
2012-02-07,6.370917525532047,5.647233587835709
2012-02-08,6.370802575530108,5.6471146553104745
2012-02-09,6.361782406419948,5.638875154200067
2012-02-10,6.3388161387553446,5.618274990886486
2012-02-13,6.365068696834231,5.641293989878919
2012-02-14,6.360244892984652,5.63699194507683
2012-02-15,6.3574179266071065,5.634467728528978
2012-02-16,6.370574829174619,5.646117619012429
2012-02-17,6.367941794633982,5.643770884735644
2012-02-21,6.379373222908048,5.653867073571634
2012-02-22,6.397315723136324,5.669758759263697
2012-02-23,6.421283869943125,5.6909746575693365
2012-02-24,6.432291232361144,5.700728201919292
2012-02-27,6.437984013794322,5.705466240630915
2012-02-28,6.455519649755699,5.720699119500528
2012-02-29,6.418624717136061,5.687993808862728
2012-03-01,6.435605774647998,5.703012019197935
2012-03-02,6.423547123242348,5.692315676154319
2012-03-05,6.406571374783853,5.677252592603165
2012-03-06,6.371236199167068,5.645301304238395
2012-03-07,6.386475723390787,5.658169400401708
2012-03-08,6.40509104561343,5.674370156165527
2012-03-09,6.418451947089086,5.685602944649519
2012-03-12,6.409200638957034,5.67737296815893
2012-03-13,6.4478086105564065,5.709290888630144
2012-03-14,6.431320540790109,5.692788389075456
2012-03-15,6.4306550908870665,5.692182577391349
2012-03-16,6.450969487621059,5.708628610944598
2012-03-19,6.476647989790326,5.731343704199067
2012-03-20,6.431245884739029,5.691162626962023
2012-03-21,6.422443744710485,5.683363249642074
2012-03-22,6.386089235486045,5.6505924234726645
2012-03-23,6.410581907161752,5.6722567360042095
2012-03-26,6.474003342228358,5.727782109258246
2012-03-27,6.48487146632294,5.735434214399625
2012-03-28,6.459248014321695,5.712380671602413
2012-03-29,6.467016457343238,5.716689180161407
2012-03-30,6.47325211156372,5.7196377304384844
2012-04-02,6.5143612735432415,5.755109187538242
2012-04-03,6.482929178840677,5.724531099615847
2012-04-04,6.466031350030896,5.706364229952798
2012-04-05,6.469793927411723,5.7096681117118875
2012-04-09,6.487448430962769,5.721277375156979
2012-04-10,6.494502847687917,5.726636388374197
2012-04-11,6.491364551507418,5.722416018738844
2012-04-12,6.5118958960251785,5.737916534182529
2012-04-13,6.542743010047296,5.763586918822721
2012-04-16,6.5455068162708,5.765993157977053
2012-04-17,6.564944282960824,5.781619683245443
2012-04-18,6.563699918743287,5.780505674477339
2012-04-19,6.557582864289199,5.775103683916781
2012-04-20,6.566356683748008,5.782801468280819
2012-04-23,6.564657816063382,5.780799133231027
2012-04-24,6.565594043722117,5.781609592613678
2012-04-25,6.589138951474743,5.801822306167159
2012-04-26,6.604089240394853,5.814964672494685
2012-04-27,6.610257265627695,5.8203861492404805
2012-04-30,6.607397400565602,5.817850894742068
2012-05-01,6.6150163699358835,5.824271214357654
2012-05-02,6.6271225291439135,5.834641684524175
2012-05-03,6.623253281232213,5.831218846173008
2012-05-04,6.6241322112977405,5.831445073770229
2012-05-07,6.633848876840945,5.839205112580015
2012-05-08,6.642168766871988,5.84652273061565
2012-05-09,6.639052189376105,5.843758164171796
2012-05-10,6.6326274240883745,5.838088472544199
2012-05-11,6.647463866521692,5.851143132919214
2012-05-14,6.649110430382972,5.852575744212141
2012-05-15,6.653479975836427,5.855448007028292
2012-05-16,6.65133483033285,5.853542709548464
2012-05-17,6.649015780973524,5.850987005173753
2012-05-18,6.6366223644330296,5.840035171404825
2012-05-21,6.632969228600804,5.8368117059229085
2012-05-22,6.631151290486987,5.8336940073781
2012-05-23,6.647219415950968,5.846319470207276
2012-05-24,6.647673677296854,5.846710357321167
2012-05-25,6.660533444332222,5.85801386903933
2012-05-29,6.658517648713389,5.856217974195966
2012-05-30,6.6948553803712905,5.888168336011266
2012-05-31,6.7235068326220455,5.913343206238299
2012-06-01,6.751541099106807,5.937971389812352
2012-06-04,6.721000250704876,5.9110973936435105
2012-06-05,6.707910111314287,5.899558746794038
2012-06-06,6.6716903097263724,5.867668374146005
2012-06-07,6.682570796445778,5.877221724164223
2012-06-08,6.6976882666004025,5.890085593350601
2012-06-11,6.704438937300868,5.895589606659573
2012-06-12,6.687293989065546,5.880509979890209
2012-06-13,6.7039478153154795,5.894766843249146
2012-06-14,6.704104501886624,5.894103824529523
2012-06-15,6.717268598695221,5.905334700058316
2012-06-18,6.72658864861157,5.913510930496798
2012-06-19,6.720390276424542,5.90765875515842
2012-06-20,6.723029048735904,5.9096727679988135
2012-06-21,6.735461432806988,5.91983962311365
2012-06-22,6.727922814500784,5.913183945391586
2012-06-25,6.749348619661364,5.9320040867947705
2012-06-26,6.742741958887921,5.926176233953301
2012-06-27,6.7559848930569295,5.937808038151906
2012-06-28,6.768138992823986,5.948117598476833
2012-06-29,6.798401181433436,5.973823978840002
2012-07-02,6.823288890331688,5.995620156915355
2012-07-03,6.839043561929798,6.009183042101339
2012-07-05,6.845747506510103,6.015067621762173
2012-07-06,6.847977809060949,6.0167482452252115
2012-07-09,6.852700122016027,6.020892030793406
2012-07-10,6.843862471549248,6.012890341787619
2012-07-11,6.851135472991906,6.0192658280809335
2012-07-12,6.860997883789775,6.027920339259042
2012-07-13,6.880656122685336,6.044956300364013
2012-07-16,6.8839247378435475,6.047645095423386
2012-07-17,6.895052467551485,6.0574136145581425
2012-07-18,6.913136043129263,6.073285112068895
2012-07-19,6.922478324226058,6.081472860694714
2012-07-20,6.914967841983745,6.074869424787891
2012-07-23,6.90032781099252,6.061510511476861
2012-07-24,6.903569081794969,6.064250330084529
2012-07-25,6.907506002461041,6.067382297235174
2012-07-26,6.941382575967488,6.096413968745797
2012-07-27,6.951858322817099,6.105564158876038
2012-07-30,6.963807850179173,6.1152144520161364
2012-07-31,6.956680947778805,6.108302176173866
2012-08-01,6.958459818854618,6.10919277829452
2012-08-02,6.948683427179402,6.100305664628061
2012-08-03,6.982922484082763,6.129660966149713
2012-08-06,6.997114830200624,6.142073504400516
2012-08-07,6.986556969848736,6.132446913551274
2012-08-08,6.977992825238566,6.124912185052658
2012-08-09,6.979427568151655,6.126167606852267
2012-08-10,6.989462351178302,6.134969790608208
2012-08-13,6.977809749934154,6.1245068789532855
2012-08-14,6.967828724878196,6.115374307409758
2012-08-15,6.957589149417105,6.10398945159059
2012-08-16,6.987922432371385,6.1305924682491915
2012-08-17,6.992467025148255,6.134554478425249
2012-08-20,7.010079757331707,6.149998293800329
2012-08-21,7.032123276513068,6.169314233948083
2012-08-22,7.061199481895314,6.1925476024100465
2012-08-23,7.062254614931629,6.1934223495904765
2012-08-24,7.070111232384397,6.200304381698177
2012-08-27,7.071226637923907,6.201279208846333
2012-08-28,7.078098845258,6.207303336953277
2012-08-29,7.065044021528873,6.195850909081359
2012-08-30,7.053962251887155,6.185884485611015
2012-08-31,7.110688339253602,6.235025970174757
2012-09-04,7.110658308429327,6.234764294740664
2012-09-05,7.106477591654022,6.231089477172717
2012-09-06,7.129121995818924,6.250554760738512
2012-09-07,7.168427788439616,6.285000641631545
2012-09-10,7.1496378695432705,6.268508866692372
2012-09-11,7.167086220419491,6.283801032965454
2012-09-12,7.172495640402599,6.286284632190826
2012-09-13,7.238626561777236,6.342004351515038
2012-09-14,7.2474057080878795,6.347435926615918
2012-09-17,7.218502254054335,6.322084840983872
2012-09-18,7.228944090402699,6.331219890229419
2012-09-19,7.233413936879121,6.332852593533712
2012-09-20,7.220935655714105,6.321534360019773
2012-09-21,7.228086222940185,6.3277832530418365
2012-09-24,7.222311158427824,6.322715232471196
2012-09-25,7.204919229632704,6.307468016366344
2012-09-26,7.197805176969383,6.301185303801895
2012-09-27,7.234099798037544,6.332942761180644
2012-09-28,7.2228371502251125,6.323070811921948
2012-10-01,7.234427917368544,6.333195136417258
2012-10-02,7.240169899617136,6.338219047550346
2012-10-03,7.242074163001934,6.339883079563486
2012-10-04,7.25964852497518,6.355265402053948
2012-10-05,7.244651148007384,6.342108490033669
2012-10-08,7.238718522620305,6.336894508814039
2012-10-09,7.217735203912482,6.318490229073645
2012-10-10,7.2165926225492285,6.317445761462748
2012-10-11,7.239061783419618,6.336719046588389
2012-10-12,7.235632520303189,6.33370631828066
2012-10-15,7.243007391829079,6.3401359025572805
2012-10-16,7.261447022289862,6.355873755299708
2012-10-17,7.26254977549523,6.356825471640181
2012-10-18,7.255577316175345,6.350232281946092
2012-10-19,7.231296063490116,6.328267610273736
2012-10-22,7.231766105265767,6.3286489911590955
2012-10-23,7.219927158335173,6.317369366577976
2012-10-24,7.2119160281047385,6.310343412760432
2012-10-25,7.2179231077574695,6.312842008229939
2012-10-26,7.229042990073873,6.319820045476804
2012-10-31,7.242478830003368,6.331099896916627
2012-11-01,7.241279531883833,6.3295845699240125
2012-11-02,7.239497463062447,6.327147018648072
2012-11-05,7.246001720694308,6.332795795133396
2012-11-06,7.237496589505154,6.325359782633406
2012-11-07,7.254631362299315,6.338958109621059
2012-11-08,7.266105548190607,6.348610719242809
2012-11-09,7.26313230934443,6.345961424765866
2012-11-12,7.264172432595306,6.346861432248168
2012-11-13,7.274212198414105,6.355630716724647
2012-11-14,7.279074214658312,6.359821994654955
2012-11-15,7.270784465439617,6.352561792469152
2012-11-16,7.274598567218852,6.355883740246761
2012-11-19,7.273263306541097,6.354713341334916
2012-11-20,7.254275909615296,6.338117303672641
2012-11-21,7.252565038071718,6.336312719049972
2012-11-23,7.2722937238662775,6.351708916774557
2012-11-26,7.276865136528982,6.355670823831332
2012-11-27,7.284698801242957,6.361802932037315
2012-11-28,7.284689631881626,6.361488103000202
2012-11-29,7.301865710543218,6.37648436539496
2012-11-30,7.293881958918789,6.368649503559159
2012-12-03,7.304506715396163,6.377902329265334
2012-12-04,7.313615736853302,6.385271910290948
2012-12-05,7.326936326157769,6.396317067557427
2012-12-06,7.343480486234724,6.4093957007823565
2012-12-07,7.339580813936723,6.405590800678443
2012-12-10,7.3452877101395515,6.410381588134686
2012-12-11,7.352897454524477,6.414991739448728
2012-12-12,7.370948385116178,6.427610135776036
2012-12-13,7.335191632028541,6.395923180723286
2012-12-14,7.345184576288973,6.401579218716757
2012-12-17,7.384658603021046,6.4329221639114325
2012-12-18,7.433019449726418,6.475027531484737
2012-12-19,7.431641666537817,6.473323394625727
2012-12-20,7.477874919339635,6.5135869768817125
2012-12-21,7.434778682496297,6.476026557435705
2012-12-24,7.418283534056391,6.46115378954838
2012-12-26,7.431913806523129,6.472518873190972
2012-12-27,7.446803308812696,6.48194862000412
2012-12-28,7.445374721598154,6.480245784910989
2012-12-31,7.52412588889886,6.544809730717842
2013-01-02,7.6059806361414575,6.613950606035608
2013-01-03,7.600358843326998,6.606980369015016
2013-01-04,7.617132358478805,6.621538379816579
2013-01-07,7.608468944998206,6.612307335108965
2013-01-08,7.595408535917906,6.59926139725089
2013-01-09,7.6160013932821755,6.617150792487845
2013-01-10,7.6570514818682796,6.651120768891552
2013-01-11,7.653189003257355,6.647757530663642
2013-01-14,7.662125099665534,6.655504263304841
2013-01-15,7.659206300873611,6.652962921150847
2013-01-16,7.652611655614213,6.647230896309143
2013-01-17,7.694082488462658,6.6832487994954475
2013-01-18,7.708950761856799,6.696123157792649
2013-01-22,7.7315877094076955,6.715279194196628
2013-01-23,7.71909287445054,6.704414754106536
2013-01-24,7.731909772930538,6.7150416375343225
2013-01-25,7.753757105215958,6.7340129291342645
2013-01-28,7.744911964597516,6.726302309291356
2013-01-29,7.773907923742666,6.751478660978747
2013-01-30,7.752061052878669,6.731991230547729
2013-01-31,7.727833798538444,6.710439575408135
2013-02-01,7.77242287418313,6.749133017636207
2013-02-04,7.702872182880725,6.688709719608642
2013-02-05,7.726923920614701,6.709572609289205
2013-02-06,7.728792305798127,6.710678925776392
2013-02-07,7.72021524982159,6.699906332875584
2013-02-08,7.754696864009931,6.728954961806357
2013-02-11,7.765018660800418,6.737891868206557
2013-02-12,7.7846105709452385,6.753170157959787
2013-02-13,7.7930582229600915,6.7604897767143015
2013-02-14,7.790391060539115,6.758170269098068
2013-02-15,7.779462030039222,6.748665406967219
2013-02-19,7.810494602535368,6.775548223037352
2013-02-20,7.784621775319275,6.752443505136791
2013-02-21,7.7678773571149025,6.737423016741232
2013-02-22,7.809191486938593,6.773237478167306
2013-02-25,7.818328503860264,6.777253319790249
2013-02-26,7.830247430424216,6.787184636738227
2013-02-27,7.842920028473347,6.797804535483612
2013-02-28,7.849459025276248,6.803450758446955
2013-03-01,7.864033368541992,6.815700711423172
2013-03-04,7.866428078413425,6.817738573799591
2013-03-05,7.875274701745441,6.825024804854951
2013-03-06,7.876668189500851,6.824881683990361
2013-03-07,7.868674816833229,6.815221274068659
2013-03-08,7.9016327861769495,6.84303537010757
2013-03-11,7.902442987020704,6.843002561630929
2013-03-12,7.889092751726391,6.83143638131484
2013-03-13,7.8998772268850646,6.840761912557238
2013-03-14,7.92238646993724,6.860242110635588
2013-03-15,7.91543032359889,6.854201375832749
2013-03-18,7.917955059605454,6.852804399378872
2013-03-19,7.923299452181592,6.857035180455457
2013-03-20,7.9315321701833845,6.862458117193506
2013-03-21,7.921525750748066,6.8524164036642885
2013-03-22,7.926164979504675,6.856028139093674
2013-03-25,7.9282479886338235,6.857469409734042
2013-03-26,7.95026956172182,6.875902508769009
2013-03-27,7.965791767930015,6.889314156514318
2013-03-28,7.969391234595286,6.892363643478367
2013-04-01,7.970979993083339,6.89339339587127
2013-04-02,7.975532970474222,6.896993327372662
2013-04-03,7.979380899428051,6.899707125583001
2013-04-04,8.012759905672596,6.92821785939239
2013-04-05,8.03193207635569,6.944758286621968
2013-04-08,8.039601884923709,6.951318489447134
2013-04-09,8.044127542624752,6.955218285625395
2013-04-10,8.050674787099748,6.960863395058443
2013-04-11,8.058712641823858,6.967798259152979
2013-04-12,8.078196060792777,6.984629344969476
2013-04-15,8.045221160082825,6.956072056460423
2013-04-16,8.074359142293526,6.980417730141247
2013-04-17,8.07523746791943,6.980274626816813
2013-04-18,8.070711694423832,6.9763153623472585
2013-04-19,8.088939749490816,6.991715403884711
2013-04-22,8.098585309619668,7.000036665469513
2013-04-23,8.120214414751445,7.018724926919847
2013-04-24,8.128490826887157,7.025857249856229
2013-04-25,8.131801936346749,7.0283797936917045
2013-04-26,8.14436383219533,7.038104076762578
2013-04-29,8.169238651931929,7.058966049410774
2013-04-30,8.185285489684118,7.072561078675201
2013-05-01,8.180186304408238,7.068123689229641
2013-05-02,8.211270310612825,7.0947220243318165
2013-05-03,8.197810614010086,7.083061531151731
2013-05-06,8.1983904326326,7.083453382564311
2013-05-07,8.201184148547233,7.085846734209593
2013-05-08,8.22446622647787,7.105953378498626
2013-05-09,8.209236921917203,7.092032129599358
2013-05-10,8.196457226375108,7.078624367206736
2013-05-13,8.182992185601437,7.06524979986609
2013-05-14,8.205872586721837,7.0849220170381475
2013-05-15,8.229677312679843,7.105449733937778
2013-05-16,8.23856366365315,7.109822971298921
2013-05-17,8.277319382986612,7.13996767603451
2013-05-20,8.281919286285637,7.143918346746652
2013-05-21,8.295055844154646,7.153560060709839
2013-05-22,8.229171424179697,7.095050042223539
2013-05-23,8.175170529363788,7.048415613680375
2013-05-24,8.15513728416776,7.030025987290086
2013-05-28,8.186769772937263,7.054683398222532
2013-05-29,8.124124851664329,6.998626179807207
2013-05-30,8.113451623426053,6.989401284296064
2013-05-31,8.084340709158127,6.962739751106688
2013-06-03,8.128854381830974,6.996672532581181
2013-06-04,8.08977908253263,6.963039616986802
2013-06-05,7.976511805757794,6.865548137003832
2013-06-06,8.053906383977946,6.929646069208065
2013-06-07,8.166238416426346,7.026292676203072
2013-06-10,8.152119943120038,7.014132471499603
2013-06-11,8.080466813626522,6.9524786460107135
2013-06-12,8.059747795782648,6.934632588819857
2013-06-13,8.163211181447679,7.023649460676791
2013-06-14,8.16757047750688,7.027381328858996
2013-06-17,8.208911702666985,7.062941205048396
2013-06-18,8.267176391446249,7.110699563479724
2013-06-19,8.17981489901623,7.033170298114319
2013-06-20,7.909350012819696,6.796222454257788
2013-06-21,7.909350012819696,6.792824343030659
2013-06-24,8.006937504335106,6.8732394560624455
2013-06-25,8.030739885173006,6.893671670380928
2013-06-26,8.066435270770734,6.919176577702386
2013-06-27,8.096372670509707,6.944836764102197
2013-06-28,8.100671910548236,6.948515903567763
2013-07-01,8.117199044603037,6.962687544952486
2013-07-02,8.189990870256262,7.025116707647829
2013-07-03,8.20391694075658,7.037055691439775
2013-07-05,8.322706124394019,7.136862547948207
2013-07-08,8.319704326250463,7.134205542400192
2013-07-09,8.369924081791055,7.177256622194331
2013-07-10,8.370682924907104,7.1778990998879575
2013-07-11,8.486313051243558,7.27229831408679
2013-07-12,8.495855371954214,7.27840465404043
2013-07-15,8.52506253326542,7.302591709852515
2013-07-16,8.505552397912425,7.284040931801286
2013-07-17,8.549541845722455,7.321708277514733
2013-07-18,8.61330515109466,7.376296925052716
2013-07-19,8.615878767159746,7.378492496434895
2013-07-22,8.618391777664183,7.380642826301326
2013-07-23,8.629498165236843,7.38877831959583
2013-07-24,8.550553243208602,7.319806486518097
2013-07-25,8.563717622694915,7.3302256432605555
2013-07-26,8.54946192386877,7.317437912997068
2013-07-29,8.513109548394393,7.285541506189649
2013-07-30,8.501299673401222,7.273767080107675
2013-07-31,8.540848287294136,7.307593038773422
2013-08-01,8.604634204687772,7.361190817479949
2013-08-02,8.627842351155515,7.38102481986403
2013-08-05,8.596652069561573,7.354323380086779
2013-08-06,8.565225174686232,7.32644750999194
2013-08-07,8.515715641409672,7.281317335331681
2013-08-08,8.559506302353238,7.315391016107083
2013-08-09,8.585185189216611,7.336867632548676
2013-08-12,8.626034870201087,7.371148662397467
2013-08-13,8.643467021803735,7.38603255186715
2013-08-14,8.666374564039277,7.403537993589769
2013-08-15,8.663750125625931,7.401292749907171
2013-08-16,8.666220282628657,7.403376894264565
2013-08-19,8.620729478495978,7.361351885962271
2013-08-20,8.573751086778485,7.321231683129166
2013-08-21,8.506056183168292,7.263384120592171
2013-08-22,8.578604590104892,7.3230765827924875
2013-08-23,8.679172772882046,7.408911167758654
2013-08-26,8.670990112434472,7.401878344394483
2013-08-27,8.700820210913486,7.425006014487667
2013-08-28,8.700698853650323,7.4248769730077315
2013-08-29,8.664875353282019,7.390743818977949
2013-08-30,8.623827390915448,7.3557214481420266
2013-09-03,8.722219333993541,7.435144192028564
2013-09-04,8.701957517561807,7.4148952409077244
2013-09-05,8.717336278346803,7.425402102381657
2013-09-06,8.839965467294553,7.527256309308275
2013-09-09,8.899336501950717,7.575790269199916
2013-09-10,8.893758378741353,7.56908739567003
2013-09-11,8.91552899043748,7.587587215611018
2013-09-12,8.865037944313038,7.543856189294122
2013-09-13,8.904245657028424,7.575064046175749
2013-09-16,8.91563040852801,7.582576776232749
2013-09-17,8.934850687422236,7.597861874042324
2013-09-18,9.108868566534992,7.741342447544004
2013-09-19,9.073674785884862,7.711382147384582
2013-09-20,9.018804244200838,7.663841632808325
2013-09-23,9.032618605975438,7.674754489955669
2013-09-24,9.040099248726762,7.681104551586241
2013-09-25,9.041227477342224,7.682059029768217
2013-09-26,9.044113701182727,7.683993639426081
2013-09-27,9.030149337985321,7.671611481143451
2013-09-30,9.000875359814446,7.646735251954838
2013-10-01,9.032399594199509,7.67299688902615
2013-10-02,9.043489844514806,7.682407370594389
2013-10-03,9.027915486614157,7.668653311127055
2013-10-04,9.043273961669875,7.681652390958472
2013-10-07,9.04149229197649,7.679199115701355
2013-10-08,9.026120313570738,7.666137481420572
2013-10-09,9.022203349092319,7.662508792665606
2013-10-10,9.09780955304544,7.72533600927654
2013-10-11,9.121829217930962,7.745688469131719
2013-10-14,9.125007564595947,7.747679985966841
2013-10-15,9.103412387672819,7.729332204793712
2013-10-16,9.178287115170935,7.792189637771097
2013-10-17,9.240426095469681,7.844929194923872
2013-10-18,9.262899398230163,7.8639853215232565
2013-10-21,9.24749826127641,7.8508977437159695
2013-10-22,9.308556522992529,7.902482101536402
2013-10-23,9.287115855753719,7.884261198786775
2013-10-24,9.29524746279389,7.890778304784465
2013-10-25,9.313380678074134,7.905929716929445
2013-10-28,9.309858008110222,7.902896544032192
2013-10-29,9.320250117930696,7.911622794074448
2013-10-30,9.28993166945361,7.885649525300286
2013-10-31,9.273876923660866,7.871404006373155
2013-11-01,9.264301678317619,7.862188769128718
2013-11-04,9.282642194488133,7.8766667592146815
2013-11-05,9.240169601732607,7.83947304115806
2013-11-06,9.265589364586093,7.859890783915636
2013-11-07,9.252111641744051,7.846731887226809
2013-11-08,9.246625580691303,7.840999905840982
2013-11-11,9.234117680548705,7.830349311544554
2013-11-12,9.227830077468207,7.82490609377391
2013-11-13,9.251856408106518,7.8452187993765055
2013-11-14,9.282160307075495,7.8709036882092445
2013-11-15,9.301976573212306,7.887302734463657
2013-11-18,9.31144269568132,7.894739013200431
2013-11-19,9.291234790502887,7.877014908119697
2013-11-20,9.274438508893308,7.862361184083195
2013-11-21,9.298946368936178,7.883117067208087
2013-11-22,9.309673606746365,7.892191110137055
2013-11-25,9.315824794424746,7.897386701394298
2013-11-26,9.31599613715842,7.897517495669036
2013-11-27,9.322907257153743,7.903372163860255
2013-11-29,9.328879651052326,7.908025201538077
2013-12-02,9.31526178160456,7.893987176377776
2013-12-03,9.297598190426255,7.878991962293861
2013-12-04,9.281141319590716,7.864125638847058
2013-12-05,9.262490798354738,7.844114146192397
2013-12-06,9.314862541953167,7.884887999302396
2013-12-09,9.334148103821756,7.901189581414992
2013-12-10,9.351695553718036,7.914823318959536
2013-12-11,9.307881072550753,7.8768460348493035
2013-12-12,9.288524456703236,7.860431745041485
2013-12-13,9.303801008892693,7.873353342148681
2013-12-16,9.322038779165549,7.88877470758894
2013-12-17,9.326038287762858,7.892153404144931
2013-12-18,9.366638266917759,7.925615034597492
2013-12-19,9.3711328989584,7.927394598319931
2013-12-20,9.395141154405277,7.946890562341026
2013-12-23,9.41106476392179,7.95853316832641
2013-12-24,9.418168624241106,7.9627070236451996
2013-12-26,9.437582460817302,7.977286155846447
2013-12-27,9.445840299735478,7.9842197593229685
2013-12-30,9.453521004472096,7.990628208672462
2013-12-31,9.460462627704048,7.995903610374077
2014-01-02,9.454137105001564,7.988655494547161
2014-01-03,9.46649973281083,7.99903755916032
2014-01-06,9.466882032665739,7.999346105089073
2014-01-07,9.484054607994576,8.013787925769485
2014-01-08,9.47683938916566,8.007674620489512
2014-01-09,9.484206786471812,8.013860399916027
2014-01-10,9.539692220115606,8.057353463128795
2014-01-13,9.532161464990912,8.050415739023295
2014-01-14,9.543258273646478,8.059210933051462
2014-01-15,9.560938888893098,8.072788624978756
2014-01-16,9.571636634112462,8.081619837461698
2014-01-17,9.579889701159763,8.088098721199376
2014-01-21,9.589222980717281,8.095488791557402
2014-01-22,9.588068704165929,8.09416679746066
2014-01-23,9.60930564160214,8.110968860080433
2014-01-24,9.595058571244282,8.097532083970174
2014-01-27,9.567223162551095,8.073587376279523
2014-01-28,9.605937939442493,8.105795531605429
2014-01-29,9.620580571495184,8.118070573242724
2014-01-30,9.63467966733864,8.128768459743867
2014-01-31,9.653758555180927,8.144841198206704
2014-02-03,9.662005201819058,8.151777166432087
2014-02-04,9.653229711692914,8.144354453070534
2014-02-05,9.639033839341241,8.132129550416321
2014-02-06,9.646772908026701,8.138640339319824
2014-02-07,9.690461086769089,8.174340112383176
2014-02-10,9.70667305984111,8.18799118092433
2014-02-11,9.723995235054087,8.201606061058957
2014-02-12,9.71183810312535,8.191330339675813
2014-02-13,9.749966159238275,8.223466613525694
2014-02-14,9.785094911874857,8.253085875092577
2014-02-18,9.820320861375198,8.282776322869214
2014-02-19,9.791965134191358,8.258845446266308
2014-02-20,9.807804057711316,8.272182562840248
2014-02-21,9.815948221458145,8.27900349796228
2014-02-24,9.836823093494411,8.296600395699171
2014-02-25,9.854250960356262,8.311282187269756
2014-02-26,9.860967075152727,8.316925386592668
2014-02-27,9.884229590670682,8.336234779827786
2014-02-28,9.889991006661973,8.340782513734183
2014-03-03,9.909537047705884,8.357258292583527
2014-03-04,9.904359973677812,8.352855640997417
2014-03-05,9.892638830372862,8.342671267102807
2014-03-06,9.893005907432869,8.342964049608216
2014-03-07,9.846476810410135,8.30371628667297
2014-03-10,9.8313501953282,8.290656937750839
2014-03-11,9.824458345150799,8.284839258283524
2014-03-12,9.850640604497022,8.306912062581713
2014-03-13,9.85522541497376,8.31032034265811
2014-03-14,9.860102897294842,8.31440650496937
2014-03-17,9.852253256666915,8.307376796902282
2014-03-18,9.880446807464622,8.330046211401427
2014-03-19,9.81273536084916,8.272230109476482
2014-03-20,9.822586586700446,8.280280153739723
2014-03-21,9.848117046421374,8.301775626852292
2014-03-24,9.849183400054889,8.302354757468818
2014-03-25,9.867429741559954,8.31729805816991
2014-03-26,9.881094502089402,8.328454925091926
2014-03-27,9.899245689520411,8.343725733049299
2014-03-28,9.909667499669924,8.352482007159551
2014-03-31,9.927033225094748,8.367110295890475
2014-04-01,9.922197626595883,8.3630142023838
2014-04-02,9.915851958855143,8.355517239739727
2014-04-03,9.928169758271538,8.364408115818698
2014-04-04,9.944446272082605,8.376258469537241
2014-04-07,9.943782504765789,8.37454983759636
2014-04-08,9.977177714377111,8.40266162528641
2014-04-09,9.998056640505224,8.419876899903072
2014-04-10,9.989190281943307,8.411878959071089
2014-04-11,9.981317761471795,8.405225300019673
2014-04-14,10.000927753606236,8.42165968024786
2014-04-15,10.015813960699463,8.433667401675802
2014-04-16,10.04307729938761,8.456598715176096
2014-04-17,10.01912185823571,8.436406205530732
2014-04-21,10.024477924904513,8.440857787282356
2014-04-22,10.02663575153353,8.442655278987067
2014-04-23,10.028948464714327,8.444587667040802
2014-04-24,10.039682019930051,8.453591758359517
2014-04-25,10.018940670208174,8.43612127005543
2014-04-28,10.023151091158445,8.43965615920046
2014-04-29,10.037492984070159,8.45172620309703
2014-04-30,10.056777639482247,8.467556786236445
2014-05-01,10.079445745263296,8.486604735666436
2014-05-02,10.097108923049424,8.501448658739253
2014-05-05,10.085807612276051,8.491907038935192
2014-05-06,10.087151745416564,8.493031948445521
2014-05-07,10.108288183757969,8.510424882276073
2014-05-08,10.10538566881121,8.507970415536358
2014-05-09,10.100455232269388,8.503417670992015
2014-05-12,10.113507282361853,8.512906057851747
2014-05-13,10.138561867186635,8.533987828273595
2014-05-14,10.160881498263123,8.552712636319194
2014-05-15,10.15794696527116,8.550205717666783
2014-05-16,10.171349871774153,8.561474385247088
2014-05-19,10.167746561003444,8.55842870656879
2014-05-20,10.158994835095205,8.55102425306525
2014-05-21,10.163903748863692,8.555147753735342
2014-05-22,10.169204871783645,8.559557874552484
2014-05-23,10.18962690619033,8.576732981394771
2014-05-27,10.209101814566328,8.593111541466795
2014-05-28,10.225963167243217,8.607276220861051
2014-05-29,10.228761059019673,8.60961286395693
2014-05-30,10.225407099354902,8.606771675815668
2014-06-02,10.2074718828182,8.59166811619819
2014-06-03,10.187618493047445,8.57492977489049
2014-06-04,10.185803376788334,8.573304557147953
2014-06-05,10.21262817683493,8.595770294656335
2014-06-06,10.228047921959337,8.608712569003552
2014-06-09,10.231586234419312,8.61166456424004
2014-06-10,10.223050188762532,8.604429574272016
2014-06-11,10.219517272891398,8.601410827686227
2014-06-12,10.23617638936523,8.615169479074087
2014-06-13,10.244005340490096,8.621700814502322
2014-06-16,10.234484643293639,8.613653403647104
2014-06-17,10.226019721281137,8.606495874204592
2014-06-18,10.267121637562408,8.641037088490785
2014-06-19,10.293036000529092,8.662357385182366
2014-06-20,10.30928531153463,8.675578102211965
2014-06-23,10.30051527539274,8.666583807254955
2014-06-24,10.308411148129261,8.671630086029582
2014-06-25,10.32468920139874,8.684177184444264
2014-06-26,10.328755009891099,8.687568517270847
2014-06-27,10.33367473824141,8.691682782835867
2014-06-30,10.33484107804057,8.692638944721688
2014-07-01,10.336649454211313,8.694141677818303
2014-07-02,10.322453290790964,8.6816918818236
2014-07-03,10.315882111918784,8.674859930049053
2014-07-07,10.307873978111784,8.666822090780135
2014-07-08,10.315655288889653,8.672865753101895
2014-07-09,10.331851750006853,8.686087685101086
2014-07-10,10.332576281355243,8.68618098716244
2014-07-11,10.352228420535626,8.702287123582929
2014-07-14,10.338146065450264,8.689894431867458
2014-07-15,10.324584511281783,8.677265368330819
2014-07-16,10.351255811176324,8.697997627019868
2014-07-17,10.368671695290265,8.712041202822915
2014-07-18,10.38004159519663,8.721013561193182
2014-07-21,10.389357807996262,8.728259235851771
2014-07-22,10.41322951458772,8.747732999248115
2014-07-23,10.422036887113185,8.754706923388873
2014-07-24,10.39628178489075,8.732248736826499
2014-07-25,10.417396647349591,8.749562199387816
2014-07-28,10.42203704921978,8.753443854349587
2014-07-29,10.42004538529217,8.751137738000072
2014-07-30,10.390912043499808,8.72665521451923
2014-07-31,10.349794867777907,8.689588264741907
2014-08-01,10.37941412534966,8.712654695408878
2014-08-04,10.388983865437229,8.71992204205302
2014-08-05,10.388693476276188,8.718912013215077
2014-08-06,10.3923766578524,8.721356518078839
2014-08-07,10.420745121859945,8.745138320042676
2014-08-08,10.4202632123757,8.744133527759981
2014-08-11,10.435106483359013,8.755862688312991
2014-08-12,10.429170384374576,8.750863948048694
2014-08-13,10.463829102026716,8.77993153603341
2014-08-14,10.477985126827162,8.789831526210293
2014-08-15,10.490991303986235,8.800729443180986
2014-08-18,10.501934735437104,8.809503687757124
2014-08-19,10.509766513339283,8.816029701048455
2014-08-20,10.516871281300036,8.821932425304233
2014-08-21,10.52637147802464,8.829843945450119
2014-08-22,10.523169362789675,8.827128796882187
2014-08-25,10.545613179421055,8.84593322986403
2014-08-26,10.553156990800401,8.852242726675772
2014-08-27,10.561215031602835,8.858941572417695
2014-08-28,10.564490364433206,8.861676120096384
2014-08-29,10.575897961474165,8.87123113671899
2014-09-02,10.556738026399266,8.855150006573862
2014-09-03,10.571514187067839,8.866941537708962
2014-09-04,10.558398675787137,8.855337061729198
2014-09-05,10.575457460947248,8.86809706640939
2014-09-08,10.570149378608551,8.86363435279121
2014-09-09,10.534723208146913,8.832345487382165
2014-09-10,10.50736723662237,8.8061023297837
2014-09-11,10.517178110961577,8.811984796567138
2014-09-12,10.491303649673013,8.78842301888726
2014-09-15,10.488826675482393,8.786315662350972
2014-09-16,10.500881332055382,8.796402545106185
2014-09-17,10.550406928847712,8.837876732504492
2014-09-18,10.535892406550557,8.825715255193922
2014-09-19,10.563013275262756,8.844758752275526
2014-09-22,10.53009289548187,8.813510369452993
2014-09-23,10.52731536689043,8.809440494093629
2014-09-24,10.585684550107864,8.856540516378596
2014-09-25,10.633197295157517,8.893401957912253
2014-09-26,10.684718578008557,8.93425550568203
2014-09-29,10.69416833809975,8.937951312154128
2014-09-30,10.696933048583304,8.939057247837916
2014-10-01,10.754577296483372,8.985071448021976
2014-10-02,10.729867197643312,8.96432112936326
2014-10-03,10.776201446975936,9.003003862106558
2014-10-06,10.753905638904214,8.984161893918372
2014-10-07,10.791755753912547,9.015639609517702
2014-10-08,10.808688492744011,9.029736825126149
2014-10-09,10.79043809832226,9.014466047057546
2014-10-10,10.81820525910913,9.03764454792629
2014-10-13,10.832106497051772,9.049238584561786
2014-10-14,10.87907643171663,9.087654467452278
2014-10-15,10.870218204339253,9.080237132555444
2014-10-16,10.85605582199441,9.068324107584294
2014-10-17,10.851230458703293,9.064281180546496
2014-10-20,10.882202383878758,9.088633790624856
2014-10-21,10.901939026262665,9.10506772685318
2014-10-22,10.893413902015288,9.097910713996516
2014-10-23,10.880378822068886,9.087000541331143
2014-10-24,10.890156392315072,9.094536215576218
2014-10-27,10.890493520691972,9.09418694379918
2014-10-28,10.884850570204462,9.088853958941414
2014-10-29,10.880593752777921,9.085284554171201
2014-10-30,10.90103431576485,9.102328941902675
2014-10-31,10.930016694789336,9.126504520352754
2014-11-03,10.936918070673183,9.132234659637643
2014-11-04,10.9326830985109,9.128691015356798
2014-11-05,10.938545695405976,9.133578474310523
2014-11-06,10.939516505371834,9.13253769140413
2014-11-07,10.966522027292651,9.153221276314254
2014-11-10,10.96428769720769,9.149490983780247
2014-11-11,10.961448091544403,9.147093810176228
2014-11-12,10.952633816027124,9.139725482850743
2014-11-13,10.953452513683011,9.140383188377967
2014-11-14,10.953565156199362,9.138342509025923
2014-11-17,10.961767257136895,9.143051159283548
2014-11-18,10.980927306826915,9.158215062570505
2014-11-19,10.951840553426216,9.133937285865084
2014-11-20,10.963298688877199,9.143474427079019
2014-11-21,11.02872196768983,9.19478769159139
2014-11-24,11.033917177453388,9.199067579896147
2014-11-25,11.053359010189464,9.21526126371167
2014-11-26,11.08011660132258,9.237548059552877
2014-11-28,11.112076755523004,9.262536358862654
2014-12-01,11.102667600881304,9.254136623110954
2014-12-02,11.09582734468682,9.247879055426937
2014-12-03,11.110402206142934,9.259517335235227
2014-12-04,11.123032456310268,9.270036790873394
2014-12-05,11.109120185401911,9.256109678067391
2014-12-08,11.1366154390276,9.276668198151528
2014-12-09,11.168036299457992,9.302516817146591
2014-12-10,11.157208875667003,9.292870000278311
2014-12-11,11.166701045531804,9.300752062404108
2014-12-12,11.165837014339697,9.300016152392137
2014-12-15,11.148240034724997,9.28377239635341
2014-12-16,11.157988692740943,9.291858753876289
2014-12-17,11.205111878340666,9.330290842044692
2014-12-18,11.213309764955284,9.337046863280515
2014-12-19,11.242533438517059,9.361329975966894
2014-12-22,11.281561661401533,9.393159576060555
2014-12-23,11.228507691397466,9.348315887719805
2014-12-24,11.243822209936884,9.360382819046997
2014-12-26,11.259633077361345,9.37352675945575
2014-12-29,11.29149424533573,9.399366536124242
2014-12-30,11.2998195446047,9.405754438588223
2014-12-31,11.284450013123335,9.392418447383948
2015-01-02,11.345999557450435,9.443627644150936
2015-01-05,11.402334507314658,9.489730121092542
2015-01-06,11.471051251084914,9.546568450044
2015-01-07,11.48896622539558,9.561461698938881
2015-01-08,11.479621138907822,9.552973722674148
2015-01-09,11.506704472820534,9.57445547319354
2015-01-12,11.538407365456262,9.599153517882268
2015-01-13,11.55234071496004,9.609621965938732
2015-01-14,11.57418561854693,9.626668928862275
2015-01-15,11.648668799529434,9.68860770586735
2015-01-16,11.650331582049303,9.689945592720143
2015-01-20,11.691614425107547,9.724243497669942
2015-01-21,11.694492641264286,9.725045910803999
2015-01-22,11.75383791013219,9.77329777049384
2015-01-23,11.780870225756251,9.795234447105308
2015-01-26,11.785642861093187,9.7986607284704
2015-01-27,11.781914074277909,9.795001622031352
2015-01-28,11.812699225138356,9.820026480945485
2015-01-29,11.786492284408334,9.797667281039212
2015-01-30,11.833857959739428,9.835998152899828
2015-02-02,11.845363745403931,9.844518702413687
2015-02-03,11.826130196866172,9.827975681724904
2015-02-04,11.826982375278677,9.828625269077584
2015-02-05,11.83349665787505,9.834017910884748
2015-02-06,11.729574971979549,9.747639043952152
2015-02-09,11.720580109407262,9.740050671265314
2015-02-10,11.72092950934025,9.740332999321673
2015-02-11,11.718321048544206,9.737261931357601
2015-02-12,11.750701734346803,9.763678491285173
2015-02-13,11.757592591974378,9.76875508156855
2015-02-17,11.751216315771384,9.758476369698794
2015-02-18,11.788499735027333,9.78679953328177
2015-02-19,11.78713462625034,9.7846213298872
2015-02-20,11.831746255234549,9.820646233484792
2015-02-23,11.847970250741518,9.831219967074338
2015-02-24,11.9044144110146,9.877333820654883
2015-02-25,11.913162352093096,9.884553439207576
2015-02-26,11.89997414794033,9.872917435792498
2015-02-27,11.91252636440993,9.883286248587375
2015-03-02,11.931443395554037,9.89394091002948
2015-03-03,11.889888519169181,9.85946404844672
2015-03-04,11.884409624237282,9.85447823298024
2015-03-05,11.910133408621903,9.875365912128675
2015-03-06,11.868294813136059,9.839483773300321
2015-03-09,11.8728051854835,9.843197808544843
2015-03-10,11.844243418322158,9.817612222924325
2015-03-11,11.913202619227302,9.874741097544044
2015-03-12,11.957522210495608,9.909569957538526
2015-03-13,11.970472864596417,9.918388609319658
2015-03-16,11.994844798615395,9.936664640639062
2015-03-17,11.978393569799119,9.91970073465644
2015-03-18,12.088180090098806,10.00326937014227
2015-03-19,12.06251959314404,9.979530316420114
2015-03-20,12.134061581518305,10.036171672098414
2015-03-23,12.136154333371886,10.037590652566928
2015-03-24,12.150035914244897,10.049043425407095
2015-03-25,12.111506446909086,10.01525008448005
2015-03-26,12.11132465063105,10.012293329950355
2015-03-27,12.141289453105239,10.034285990031757
2015-03-30,12.192936486712947,10.074990079198328
2015-03-31,12.180008885487926,10.06365828990009
2015-04-01,12.238972393575574,10.11155136426582
2015-04-02,12.231893202344297,10.105025275308156
2015-04-06,12.280285766360281,10.14359189706825
2015-04-07,12.31747405598966,10.17319867456727
2015-04-08,12.32802672459365,10.181287689645494
2015-04-09,12.333068442063388,10.184175977820706
2015-04-10,12.36418773179114,10.208647367885794
2015-04-13,12.353952171776905,10.199618703935265
2015-04-14,12.3754885188603,10.217369333137249
2015-04-15,12.41267475509886,10.247446295152653
2015-04-16,12.402473323393414,10.23839803774458
2015-04-17,12.381094856531197,10.220122741479587
2015-04-20,12.387455041089897,10.224746848774373
2015-04-21,12.391516323276857,10.22747062740533
2015-04-22,12.377205816483697,10.214393712443886
2015-04-23,12.413623606040163,10.243299531773213
2015-04-24,12.443641869901246,10.267309220396195
2015-04-27,12.479892155747542,10.296170622411292
2015-04-28,12.484727982231533,10.297733122388234
2015-04-29,12.433837648487756,10.252089452627853
2015-04-30,12.384081713326763,10.207284474256408
2015-05-01,12.453564446375683,10.262529072835695
2015-05-04,12.47735540825941,10.281301880104698
2015-05-05,12.431687423369796,10.242440086848438
2015-05-06,12.398745928371085,10.213700885341098
2015-05-07,12.379398204936624,10.195443075428567
2015-05-08,12.528533049932792,10.31743300967335
2015-05-11,12.445767236770129,10.248429383574353
2015-05-12,12.470990911012498,10.26714513636318
2015-05-13,12.536903607525225,10.321392531790908
2015-05-14,12.636399794796205,10.403273468953245
2015-05-15,12.671228249849593,10.431895256253167
2015-05-18,12.655501624128945,10.418937478209386
2015-05-19,12.573638466894232,10.351513355644189
2015-05-20,12.576211254605234,10.353560843502033
2015-05-21,12.60576073001253,10.377869297290857
2015-05-22,12.588274001994316,10.363458659780594
2015-05-26,12.502279791288538,10.29097990014073
2015-05-27,12.537650533777477,10.320058875128927
2015-05-28,12.526772833275269,10.310043040905128
2015-05-29,12.523558899940472,10.307355309341032
2015-06-01,12.555541516338135,10.332292555041024
2015-06-02,12.566688361214895,10.339356447261236
2015-06-03,12.57005047033215,10.336091695178386
2015-06-04,12.420232413106515,10.20894643838377
2015-06-05,12.571852604333136,10.325468508617023
2015-06-08,12.451819501081582,10.226883354414028
2015-06-09,12.767695200712918,10.486317241513257
2015-06-10,12.94464061789462,10.623266323699163
2015-06-11,12.966423555261791,10.637164767510091
2015-06-12,12.827204213598254,10.51368261063681
2015-06-15,12.751265622779899,10.451440345801203
2015-06-16,12.820875897113146,10.508495672791573
2015-06-17,12.830391963373893,10.508037031301965
2015-06-18,12.971343283525107,10.619389361059191
2015-06-19,12.906249991117651,10.566082998188865
2015-06-22,13.041939730844517,10.673074904923277
2015-06-23,13.08708701554272,10.70997104542267
2015-06-24,12.975785532057873,10.618875071831944
2015-06-25,12.975785532057873,10.613565634296029
2015-06-26,12.975785532057873,10.613565634296029
2015-06-29,12.975785532057873,10.613565634296029
2015-06-30,12.975785532057873,10.613565634296029
2015-07-01,13.079469658422626,10.693067457299945
2015-07-02,13.0483644205132,10.667637495999744
2015-07-06,13.074285452104387,10.688829130416577
2015-07-07,13.11575791904154,10.722734777828974
2015-07-08,13.139625255946424,10.734077318689716
2015-07-09,13.181338064773017,10.759974773840433
2015-07-10,13.087483947296176,10.68336131233073
2015-07-13,13.19456058139831,10.76416558513332
2015-07-14,13.214322457047542,10.78025924862945
2015-07-15,13.240313564157365,10.801454547190273
2015-07-16,13.338197774795374,10.87917252277003
2015-07-17,13.347799501049652,10.885245422991089
2015-07-20,13.361503534116915,10.894661542948691
2015-07-21,13.323271827421035,10.86174605006574
2015-07-22,13.34306044340255,10.873104121666563
2015-07-23,13.336336831760635,10.867605908833102
2015-07-24,13.35159469246255,10.878243597671272
2015-07-27,13.351372459080723,10.87805811981213
2015-07-28,13.335546329148315,10.865116451765383
2015-07-29,13.363376989078892,10.886069228730348
2015-07-30,13.376483190417806,10.8966945332866
2015-07-31,13.418873192507162,10.928885944097528
2015-08-03,13.448383229530975,10.952892948788358
2015-08-04,13.407208131519068,10.918000050451566
2015-08-05,13.391307189552125,10.902379804417523
2015-08-06,13.405609153126141,10.911602309865032
2015-08-07,13.44411563724643,10.94196213560865
2015-08-10,13.437287559895715,10.934235172119637
2015-08-11,13.497386887953926,10.980971238482743
2015-08-12,13.499732731573012,10.981085906233277
2015-08-13,13.470217273929158,10.956164936500313
2015-08-14,13.492124337236651,10.97100896415908
2015-08-17,13.53792687254431,11.008249992439975
2015-08-18,13.513923069311675,10.988689334263057
2015-08-19,13.555795235183226,11.019746007794307
2015-08-20,13.608812208671095,11.060728573641562
2015-08-21,13.603275205960987,11.055426035402977
2015-08-24,13.579203238825992,11.034524221258705
2015-08-25,13.491510325223405,10.960101187273285
2015-08-26,13.391302069509997,10.876488455119912
2015-08-27,13.407699155082241,10.88979953805019
2015-08-28,13.430164683902216,10.905844157708396
2015-08-31,13.411105237174302,10.890361841120361
2015-09-01,13.470036026801049,10.935050647208303
2015-09-02,13.433424212134748,10.90529421718824
2015-09-03,13.473921343882935,10.93657183061038
2015-09-04,13.514885926574017,10.969802531899491
2015-09-08,13.451275752367456,10.918121286035952
2015-09-09,13.47189262756601,10.934847757709107
2015-09-10,13.452417289048514,10.91767293195338
2015-09-11,13.474764985739013,10.934444715063735
2015-09-14,13.478984270021913,10.937864914133495
2015-09-15,13.478984270021913,10.932395981676429
2015-09-16,14.016752910148558,11.363097643415765
2015-09-17,14.130977795381424,11.445322502083673
2015-09-18,14.187037624320016,11.489589592279337
2015-09-21,14.136437643393021,11.447467702007838
2015-09-22,14.175185224149152,11.47761031260363
2015-09-23,14.176105758381738,11.478348513061858
2015-09-24,14.260666549463647,11.545888329768548
2015-09-25,14.220671012010392,11.512383138339459
2015-09-28,14.242805176422253,11.529084996386857
2015-09-29,14.254212738339342,11.538293557360717
2015-09-30,14.250068738164986,11.53327322813146
2015-10-01,14.268176814837455,11.546750058377631
2015-10-02,14.403187142370506,11.653459456434264
2015-10-05,14.419282734532803,11.66585937420995
2015-10-06,14.489491635701654,11.722628491261803
2015-10-07,14.537854931461194,11.760967157498332
2015-10-08,14.540701439185014,11.762358689815601
2015-10-09,14.570376828634439,11.786327678038694
2015-10-12,14.592080459712992,11.803017014281833
2015-10-13,14.56804166556404,11.782899845667579
2015-10-14,14.637853356883454,11.838698952689581
2015-10-15,14.677150995641336,11.870451445927058
2015-10-16,14.683581590116281,11.873880699207511
2015-10-19,14.673614143702633,11.865797455985192
2015-10-20,14.660458812432289,11.85506619435766
2015-10-21,14.656213041317125,11.851356730394839
2015-10-22,14.7274290171294,11.907650899804514
2015-10-23,14.733071747225603,11.912156961606598
2015-10-26,14.728002250961408,11.908042057253057
2015-10-27,14.72094171920203,11.902316110056137
2015-10-28,14.738075197445918,11.915921533678924
2015-10-29,14.645026154751484,11.8368292442421
2015-10-30,14.65523144143439,11.840966352857826
2015-11-02,14.680609697890358,11.860737299277424
2015-11-03,14.70056609246306,11.873536444266872
2015-11-04,14.66796114494315,11.84339631736588
2015-11-05,14.656847066538038,11.833868381787951
2015-11-06,14.603273541142883,11.786742530441835
2015-11-09,14.47967568546615,11.684872623390342
2015-11-10,14.533797649457684,11.726242242206851
2015-11-11,14.523339579007354,11.717777442410961
2015-11-12,14.41934336179014,11.631686191565514
2015-11-13,14.403810554308668,11.616329341184743
2015-11-16,14.539959959516674,11.723390525074274
2015-11-17,14.55863433245161,11.738373963474025
2015-11-18,14.652342358811326,11.811670238350615
2015-11-19,14.648700473429136,11.807279412211807
2015-11-20,14.7391766006047,11.880187698714233
2015-11-23,14.717329200278185,11.862560559204976
2015-11-24,14.712865329316767,11.854314003435928
2015-11-25,14.72567246309303,11.864621027248408
2015-11-27,14.74962292405272,11.883027315568349
2015-11-30,14.740782625406496,11.875901224843176
2015-12-01,14.824219031951271,11.93786447526827
2015-12-02,14.777005569600368,11.89979638730179
2015-12-03,14.525400973104361,11.688405411513875
2015-12-04,14.700339873051611,11.826907238328705
2015-12-07,14.710494756558356,11.832556640051012
2015-12-08,14.669334006925935,11.795739795163845
2015-12-09,14.61272570584177,11.744696358105877
2015-12-10,14.664557738657711,11.780921640627918
2015-12-11,14.74016320285888,11.832245729958547
2015-12-14,14.680555812379867,11.774942253423824
2015-12-15,14.761472695027193,11.835089599021565
2015-12-16,14.885194309261335,11.928483294448862
2015-12-17,14.986956266593483,12.006243403571311
2015-12-18,14.970090026405177,11.990086088123663
2015-12-21,14.957548513597589,11.977415101803091
2015-12-22,14.925336629904411,11.951614598019358
2015-12-23,15.019285832345142,12.023014497202873
2015-12-24,15.048758596455066,12.040412189041795
2015-12-28,15.10905728501285,12.085236293910164
2015-12-29,15.26640992269806,12.20302366045473
2015-12-30,15.185983330769588,12.13453536548896
2015-12-31,15.196520548869811,12.134690577364024
2016-01-04,15.198719929447007,12.132796284710249
2016-01-05,15.355470062866697,12.254276423650182
2016-01-06,15.422515734910112,12.298989863867146
2016-01-07,15.420985859815897,12.295446409304907
2016-01-08,15.444837584206141,12.313005428351751
2016-01-11,15.396377290025864,12.271796070639278
2016-01-12,15.439800891934016,12.306393014701097
2016-01-13,15.484387500055348,12.338761813575044
2016-01-14,15.468968563482346,12.322145938929076
2016-01-15,15.523152816408833,12.363779050120495
2016-01-19,15.512965963175319,12.35564390229933
2016-01-20,15.574914050043178,12.404051676907626
2016-01-21,15.548057020630432,12.382641610118487
2016-01-22,15.555450572959195,12.387596877121613
2016-01-25,15.587890028909715,12.412492864821237
2016-01-26,15.633059167608016,12.448375055977468
2016-01-27,15.637294066945145,12.451727560854076
2016-01-28,15.60158498858493,12.420880820185392
2016-01-29,15.680993832942892,12.481690899817515
2016-02-01,15.691501650854232,12.487633433387357
2016-02-02,15.762318904029657,12.543964246345261
2016-02-03,15.798826283199595,12.572983581662408
2016-02-04,15.869087808901634,12.628868115949114
2016-02-05,15.913974559615232,12.664564042352923
2016-02-08,16.04151553546787,12.76245288136872
2016-02-09,16.030337549606053,12.749921838190783
2016-02-10,16.097282488856223,12.80315639926049
2016-02-11,16.221537414907026,12.898335483341853
2016-02-12,16.144913098574506,12.833733092264135
2016-02-16,15.982163989335508,12.704321128728763
2016-02-17,15.97687568091015,12.700038316233854
2016-02-18,16.10718427405337,12.800021697999453
2016-02-19,16.086736454155016,12.780144854407268
2016-02-22,16.080640217742115,12.771207934561646
2016-02-23,16.127037390725278,12.80732178309298
2016-02-24,16.133499957165537,12.812443740384987
2016-02-25,16.209024301789686,12.869478184448893
2016-02-26,16.15814784243379,12.829051980368712
2016-02-29,16.22090409302338,12.877300560144556
2016-03-01,16.252241005343613,12.90033467019717
2016-03-02,16.279809381109057,12.921589014834034
2016-03-03,16.3655015912838,12.988289225220425
2016-03-04,16.402757038949527,13.017598869698409
2016-03-07,16.434568837150206,13.042826433920373
2016-03-08,16.394885547520545,13.011326699850159
2016-03-09,16.405908095213707,13.020051866900157
2016-03-10,16.451150303302608,13.055923592969625
2016-03-11,16.50923968323569,13.101944652845717
2016-03-14,16.485508849612685,13.083060218143768
2016-03-15,16.441310811568176,13.047961346270748
2016-03-16,16.581870498353076,13.15948665929134
2016-03-17,16.67942940510714,13.236853504904058
2016-03-18,16.688004779911456,13.243648093331364
2016-03-21,16.652791313897083,13.215614058369908
2016-03-22,16.63912468626056,13.203774828362508
2016-03-23,16.57990376132568,13.155790713462665
2016-03-24,16.558027201472477,13.138387300585633
2016-03-28,16.57651812486524,13.153049024812143
2016-03-29,16.688345851146718,13.241771186855765
2016-03-30,16.670240997383235,13.22737135325894
2016-03-31,16.717843469417677,13.265133004558775
2016-04-01,16.70340743966745,13.253094957503194
2016-04-04,16.68472741206086,13.238008981808612
2016-04-05,16.687888218833304,13.239931630979887
2016-04-06,16.735250049379623,13.276922543855676
2016-04-07,16.73795510117134,13.278492805681795
2016-04-08,16.78273868896003,13.31400829658604
2016-04-11,16.838164913000504,13.357962856515128
2016-04-12,16.87916914328075,13.390472386678631
2016-04-13,16.92590092835347,13.427506309879911
2016-04-14,16.89480901717691,13.402116134450036
2016-04-15,16.938660882615146,13.4362214994229
2016-04-18,16.962066323139723,13.454104690316084
2016-04-19,17.049133909804162,13.52247090671049
2016-04-20,17.014830438667463,13.494268439367112
2016-04-21,16.970881691950208,13.45937447920214
2016-04-22,16.984541285704168,13.469458994052076
2016-04-25,16.95344696984644,13.444732757357094
2016-04-26,16.9862285075816,13.470007239328659
2016-04-27,17.060629611107473,13.52896663626362
2016-04-28,17.080679528867098,13.544799529790085
2016-04-29,17.095817030869746,13.556761795754525
2016-05-02,17.091509580260457,13.553322477228042
2016-05-03,17.06233611219004,13.52921187223521
2016-05-04,17.050365911470344,13.51921473791722
2016-05-05,17.083214779920475,13.545243588893259
2016-05-06,17.090379497374613,13.550893699486732
2016-05-09,17.05215047788202,13.520550237508887
2016-05-10,17.116923592890014,13.571835778505244
2016-05-11,17.121870259921423,13.575739464194207
2016-05-12,17.092747346586766,13.55261131684703
2016-05-13,17.114692336956182,13.568596387990132
2016-05-16,17.13127810079337,13.580317597509817
2016-05-17,17.11350146274236,13.564796405903289
2016-05-18,17.02705417599628,13.494313323300782
2016-05-19,17.029842140153594,13.495464222976585
2016-05-20,17.04189812853714,13.504969835184994
2016-05-23,17.036083453265153,13.499641879059334
2016-05-24,17.09438853014583,13.54235643905314
2016-05-25,17.12049819067348,13.560236060496932
2016-05-26,17.13935137006418,13.574148649206322
2016-05-27,17.160945322936335,13.590229727187591
2016-05-31,17.167013353616248,13.594011208192159
2016-06-01,17.16624650744363,13.59338673651394
2016-06-02,17.20534654229332,13.624253603949862
2016-06-03,17.320128701120332,13.713539713471656
2016-06-06,17.32436318793944,13.716730257967127
2016-06-07,17.375079989362135,13.756348791565394
2016-06-08,17.461954725590907,13.823961775850098
2016-06-09,17.462080110900683,13.823997973491357
2016-06-10,17.46108165015006,13.821650011319056
2016-06-13,17.450070622691506,13.811378754324094
2016-06-14,17.44006740678601,13.801840358495134
2016-06-15,17.474177007911152,13.828820512495652
2016-06-16,17.47349161019708,13.827986452175363
2016-06-17,17.492700710288325,13.84055198465262
2016-06-20,17.498047546193224,13.843149598227555
2016-06-21,17.48637864479268,13.833244750846609
2016-06-22,17.494442877548902,13.839562310467546
2016-06-23,17.556522670511818,13.888015916576855
2016-06-24,17.715763962016258,14.011310948046058
2016-06-27,17.82402491810031,14.095290573319021
2016-06-28,17.89647119686662,14.150715919536134
2016-06-29,17.962025182898262,14.202010626847105
2016-06-30,18.05104476786053,14.271509341062327
2016-07-01,18.15405715021845,14.352924152817994
2016-07-05,18.202226688612296,14.39068261122151
2016-07-06,18.232747444378646,14.414763029004765
2016-07-07,18.206608405661896,14.39407559208853
2016-07-08,18.339175583326533,14.498850985093533
2016-07-11,18.323118661274766,14.486102990405664
2016-07-12,18.278125169061028,14.450026345743188
2016-07-13,18.323831983712566,14.486079435928161
2016-07-14,18.29469100885911,14.463015670468948
2016-07-15,18.242267101838664,14.421543211537482
2016-07-18,18.265317269077336,14.439694675287615
2016-07-19,18.279706610665382,14.45106322625236
2016-07-20,18.260398249705045,14.435758627434163
2016-07-21,18.28568966144455,14.455690365121598
2016-07-22,18.313008379017482,14.477275218835658
2016-07-25,18.269909514876556,14.443170881310431
2016-07-26,18.2694906337238,14.442778384114762
2016-07-27,18.339110628827438,14.497790106536947
2016-07-28,18.328860895450926,14.489655564223161
2016-07-29,18.414344206100644,14.555776073384859
2016-08-01,18.365094769119374,14.51543041392937
2016-08-02,18.28779363812692,14.452920937854078
2016-08-03,18.293821280848114,14.457613929693109
2016-08-04,18.345804078885454,14.497285175920785
2016-08-05,18.304067606175547,14.464261016685432
2016-08-08,18.328615538627368,14.483597086210498
2016-08-09,18.399416140771113,14.5395060599703
2016-08-10,18.42958112502899,14.56190963238244
2016-08-11,18.39934721967094,14.536587623460326
2016-08-12,18.424384609681578,14.556320931813483
2016-08-15,18.41939253807153,14.550942573646624
2016-08-16,18.37898595285018,14.518984880512454
2016-08-17,18.40961382478074,14.54282058044838
2016-08-18,18.466417667278215,14.58766933211283
2016-08-19,18.39280287761192,14.52855151493827
2016-08-22,18.400005661032086,14.53324820674677
2016-08-23,18.422884881295257,14.55129347429082
2016-08-24,18.386488478522278,14.520748070046556
2016-08-25,18.377275920182424,14.513463379934365
2016-08-26,18.331350476764534,14.47602094930297
2016-08-29,18.416804575392856,14.542327251546483
2016-08-30,18.410120896717608,14.5354070652258
2016-08-31,18.38404363711253,14.514811934100813
2016-09-01,18.4105087059955,14.534064985334643
2016-09-02,18.44357082325719,14.558953151945623
2016-09-06,18.554687451102186,14.643324127403606
2016-09-07,18.538699309570273,14.630680509648599
2016-09-08,18.56407676341022,14.64020987485888
2016-09-09,18.218920307339005,14.364294126787943
2016-09-12,18.312348335405144,14.437927551219335
2016-09-13,17.94306040396528,14.13499866731297
2016-09-14,17.94306040396528,14.127931167979314
2016-09-15,18.10174928767184,14.245814985864543
2016-09-16,18.17466284714961,14.296342911588074
2016-09-19,18.18517189849542,14.302300788708504
2016-09-20,18.203505253343625,14.314786338959593
2016-09-21,18.504269554296084,14.54636546731065
2016-09-22,18.578415807883378,14.595101301535236
2016-09-23,18.53333644899478,14.559261095270841
2016-09-26,18.52884720325927,14.5538289725456
2016-09-27,18.589828310091086,14.599116666472028
2016-09-28,18.657616870782753,14.650664800079426
2016-09-29,18.631247267039775,14.628692428673816
2016-09-30,18.656445002605672,14.647104142438847
2016-10-03,18.66728883152621,14.65078557828208
2016-10-04,18.655078084272038,14.634289056382602
2016-10-05,18.755228044934775,14.712836308588264
2016-10-06,18.799275928180226,14.747363972998844
2016-10-07,18.76897372354298,14.72174231211702
2016-10-10,18.88203748018348,14.806246882474658
2016-10-11,18.81857166033328,14.752277737754978
2016-10-12,18.816129641287414,14.748243485703927
2016-10-13,18.77363485974128,14.714920697635367
2016-10-14,18.829062920767313,14.758351222771202
2016-10-17,18.786335884598124,14.72484558926833
2016-10-18,18.879356451376147,14.795682822968862
2016-10-19,18.931312981962662,14.830763005342098
2016-10-20,18.917082482755973,14.813963524307248
2016-10-21,18.941818054170874,14.827706684516345
2016-10-24,18.95940363105476,14.835840240582046
2016-10-25,18.929599222381515,14.812509101267413
2016-10-26,18.847881374078742,14.748533517490454
2016-10-27,18.85226537997161,14.749886100080573
2016-10-28,18.702075475954874,14.625641563715867
2016-10-31,18.709437440580277,14.628835939341549
2016-11-01,18.613755426472576,14.55402254683989
2016-11-02,18.54751454914576,14.502229064006984
2016-11-03,18.546478678806725,14.496555251861597
2016-11-04,18.51667347756376,14.47325253218404
2016-11-07,18.795151070863334,14.682455198813326
2016-11-08,18.86531422776386,14.730910009957075
2016-11-09,19.016482696728197,14.84311276297817
2016-11-10,19.06894271662208,14.881950719964607
2016-11-11,19.069692327178494,14.880421066777405
2016-11-14,19.188514410639424,14.973133074686658
2016-11-15,19.267300358939966,15.03438493144262
2016-11-16,19.283491365213717,15.04698713862592
2016-11-17,19.3899114142495,15.129997174029084
2016-11-18,19.411625549370832,15.146930560766206
2016-11-21,19.51380571461051,15.225097355024667
2016-11-22,19.58619156042484,15.276201006026696
2016-11-23,19.66141184575126,15.329477476430666
2016-11-25,19.669330571552216,15.335634791846633
2016-11-28,19.600476902607518,15.2819427219772
2016-11-29,19.58971401330183,15.273549310516186
2016-11-30,19.79745769762293,15.43399440590812
2016-12-01,19.782230229266595,15.422032600882812
2016-12-02,19.786322573444913,15.425195203842536
2016-12-05,19.772828606002783,15.40957847851323
2016-12-06,19.841983360938123,15.4634181297062
2016-12-07,19.967035351917044,15.556864434158985
2016-12-08,20.05343651876734,15.624093017261695
2016-12-09,20.12252304571558,15.677891572654312
2016-12-12,20.094453281086064,15.655997008727507
2016-12-13,20.17872747482631,15.721605238355673
2016-12-14,20.040533232026302,15.613901612488563
2016-12-15,20.101879807522042,15.661647623887635
2016-12-16,20.130199869403455,15.683611441968369
2016-12-19,20.179539658666805,15.722028790538314
2016-12-20,20.236449424613873,15.76634541329596
2016-12-21,20.1739548225248,15.717645166919915
2016-12-22,20.175808270532123,15.719069370423266
2016-12-23,20.208318008120077,15.7443101810045
2016-12-27,20.225669571721813,15.75782558482556
2016-12-28,20.181225914312378,15.723136211519119
2016-12-29,20.18587438719706,15.726728980420916
2016-12-30,20.193793001057664,15.732849455519721
2017-01-03,20.305069117690163,15.81826538274598
2017-01-04,20.39155728710448,15.881944599428818
2017-01-05,20.431443633883852,15.908755498588237
2017-01-06,20.42776273417173,15.901627674347749
2017-01-09,20.412536058476828,15.884775830514306
2017-01-10,20.39609474072624,15.871962885649994
2017-01-11,20.438863199555577,15.905232094393678
2017-01-12,20.44706051615819,15.91061509313092
2017-01-13,20.429951871358632,15.897273412477821
2017-01-17,20.506519603430252,15.955019975736631
2017-01-18,20.44645401970789,15.90647987388197
2017-01-19,20.376953864096055,15.846149726308754
2017-01-20,20.454551920234675,15.906323341394488
2017-01-23,20.52908470897088,15.959367450776474
2017-01-24,20.520888268141093,15.95285831518384
2017-01-25,20.54446129225041,15.966323369410548
2017-01-26,20.523353065941713,15.94584728884757
2017-01-27,20.52909016354223,15.95027331030415
2017-01-30,20.47552784375766,15.90865007042336
2017-01-31,20.550635290406778,15.96596445085199
2017-02-01,20.547903040118786,15.962796949163927
2017-02-02,20.580507334826198,15.988096847210242
2017-02-03,20.63185852061202,16.027955112481315
2017-02-06,20.66305785867151,16.05115736246079
2017-02-07,20.664820357781757,16.052118285255908
2017-02-08,20.742356471188952,16.112311426145588
2017-02-09,20.72036836384865,16.095137530983465
2017-02-10,20.77271630131819,16.135375284101233
2017-02-13,20.772837202426253,16.135043131077268
2017-02-14,20.755378067336984,16.121351323758184
2017-02-15,20.779240261629432,16.13885337668897
2017-02-16,20.822472713542346,16.17140082820977
2017-02-17,20.83887683479937,16.184116533393198
2017-02-21,20.901494405041777,16.23073450235192
2017-02-22,20.914019579646297,16.2384421630334
2017-02-23,20.97456809290094,16.285028477905684
2017-02-24,21.018637644563253,16.319224519578665
2017-02-27,20.993424732309023,16.299605335992297
2017-02-28,20.975324274727303,16.285537643774543
2017-03-01,21.027121413110567,16.323971020239807
2017-03-02,20.917249026019327,16.238603669692846
2017-03-03,20.95285239395812,16.264461791164365
2017-03-06,20.911192505704804,16.23035878366035
2017-03-07,20.82254674629116,16.155693424027746
2017-03-08,20.77163314551838,16.110611540369547
2017-03-09,20.765265634126315,16.10312860443173
2017-03-10,20.820829457263386,16.14620374506189
2017-03-13,20.902175271875336,16.20925316596734
2017-03-14,20.842732444470023,16.163137147751364
2017-03-15,21.150467122872193,16.394568693517787
2017-03-16,21.171542328644765,16.41077067846571
2017-03-17,21.17873261644254,16.416318341598952
2017-03-20,21.216512093754144,16.43689006731243
2017-03-21,21.205970015450248,16.42664192018589
2017-03-22,21.250056583102303,16.46068925632072
2017-03-23,21.249518166346405,16.45993642263321
2017-03-24,21.274409916838255,16.479120016527276
2017-03-27,21.336194731025703,16.52682819984517
2017-03-28,21.351426668541798,16.536148033572605
2017-03-29,21.401339533824544,16.57464407373987
2017-03-30,21.364687624031735,16.546206419813505
2017-03-31,21.373411374782386,16.55201104007146
2017-04-03,21.428387632230773,16.594514304112256
2017-04-04,21.41820612343223,16.586524448028918
2017-04-05,21.409381751395372,16.579607322678683
2017-04-06,21.4205616254364,16.586766141885356
2017-04-07,21.400920407075418,16.571169886725333
2017-04-10,21.426271791305204,16.590765438065056
2017-04-11,21.496601818652508,16.64520515144755
2017-04-12,21.546919686849016,16.681147883306522
2017-04-13,21.54681923548863,16.68102057659849
2017-04-17,21.587924068577223,16.71119026295441
2017-04-18,21.627590854111027,16.740240622295786
2017-04-19,21.558351973699526,16.68508283626782
2017-04-20,21.598665005483902,16.713628960401596
2017-04-21,21.595545178112747,16.709465083783616
2017-04-24,21.658349161818144,16.75634160528533
2017-04-25,21.644209674453766,16.74465301426523
2017-04-26,21.649749986206164,16.748870674412018
2017-04-27,21.652137669055893,16.750624253704345
2017-04-28,21.667217272640737,16.761226733895565
2017-05-01,21.64896313450975,16.746031286256557
2017-05-02,21.691766361073554,16.77910595107124
2017-05-03,21.671573656747878,16.76121614007971
2017-05-04,21.635867615011577,16.733586078719135
2017-05-05,21.693934161992438,16.778436610091266
2017-05-08,21.654575534510357,16.74796625238261
2017-05-09,21.66414015812481,16.75533496416453
2017-05-10,21.704901423121125,16.786813807273283
2017-05-11,21.699430620211178,16.78252052416845
2017-05-12,21.765244393768818,16.833401214240173
2017-05-15,21.809259179828608,16.867346164455324
2017-05-16,21.847299024434985,16.89671159769654
2017-05-17,21.891767760562168,16.92896695445985
2017-05-18,21.870594296908134,16.91077250293485
2017-05-19,21.971671573184697,16.988381723214584
2017-05-22,21.998424074164898,17.00900822840101
2017-05-23,21.969194181772774,16.986382995612153
2017-05-24,22.02337358725678,17.027139636735484
2017-05-25,22.03984539100521,17.03934680511162
2017-05-26,22.0594934233272,17.053371579075286
2017-05-30,22.07461761638428,17.064941516218532
2017-05-31,22.086637458157387,17.074207971589033
2017-06-01,22.140034725455507,17.115472879309078
2017-06-02,22.261764775062378,17.207768541384162
2017-06-05,22.216553137643935,17.17277787486795
2017-06-06,22.254937444959314,17.201343175403906
2017-06-07,22.22938494061689,17.180492781305105
2017-06-08,22.20805797220573,17.163309491833715
2017-06-09,22.177330977836526,17.13952446612632
2017-06-12,22.181095519570693,17.142404693120803
2017-06-13,22.228617441768282,17.179104959742563
2017-06-14,22.297848992483825,17.23140766243335
2017-06-15,22.237239254385166,17.184461724551824
2017-06-16,22.25551267009138,17.198527357065768
2017-06-19,22.293826498513027,17.22811928698746
2017-06-20,22.263604740925892,17.204698090391478
2017-06-21,22.267507826866293,17.20474321831161
2017-06-22,22.29443484416116,17.222670893425775
2017-06-23,22.332114260363618,17.25175674195039
2017-06-26,22.3857149446911,17.293117376126368
2017-06-27,22.26964848949264,17.203430174739193
2017-06-28,22.336669261862443,17.255169772510882
2017-06-29,22.214343163818725,17.160614040456668
2017-06-30,22.219851395440564,17.164829181646752
2017-07-03,22.2246509048263,17.168525458708924
2017-07-05,22.21089499700267,17.15787819616936
2017-07-06,22.10153017187315,17.066333231302643
2017-07-07,22.134670841620775,17.08717420005812
2017-07-10,22.186054166169352,17.122068146623732
2017-07-11,22.20720152597195,17.138282867659264
2017-07-12,22.34541394183515,17.238597547527945
2017-07-13,22.351547515745388,17.24179343784572
2017-07-14,22.439445841811423,17.30830849557981
2017-07-17,22.450273417297424,17.316562989262696
2017-07-18,22.502366295619197,17.355320737627355
2017-07-19,22.560549064439055,17.399735510480333
2017-07-20,22.57308367947315,17.40894196098141
2017-07-21,22.599045364144537,17.427766405630635
2017-07-24,22.58195169961735,17.414546982686144
2017-07-25,22.558705306752472,17.395296021189726
2017-07-26,22.64238933844141,17.459682829901368
2017-07-27,22.614209964888488,17.437929966517643
2017-07-28,22.655667632654023,17.46915839752222
2017-07-31,22.670660733033966,17.48052670231056
2017-08-01,22.71781688524105,17.51571662485161
2017-08-02,22.69960182033709,17.500994756228362
2017-08-03,22.70900225913273,17.50821195965555
2017-08-04,22.68331301746091,17.488372584352167
2017-08-07,22.6916340641101,17.49469668921095
2017-08-08,22.62859191876946,17.446067389621646
2017-08-09,22.691194100044598,17.49005217036182
2017-08-10,22.656185776218546,17.461055631828582
2017-08-11,22.687143112768634,17.48473925701611
2017-08-14,22.718576373394807,17.505932438259887
2017-08-15,22.647484504294784,17.44667119762744
2017-08-16,22.73949477605469,17.51309212885286
2017-08-17,22.738788137961368,17.50955831722616
2017-08-18,22.771065948101473,17.53436258238115
2017-08-21,22.781934837751038,17.54267627631431
2017-08-22,22.81940693239523,17.56706660123302
2017-08-23,22.896852825998767,17.6252092866559
2017-08-24,22.858278584658432,17.594415898009807
2017-08-25,22.921786451195548,17.642209200712514
2017-08-28,22.969837491561986,17.677702297354674
2017-08-29,22.968062465879843,17.67481809954943
2017-08-30,22.997059991076394,17.6961155744823
2017-08-31,23.097038335321514,17.77258294039577
2017-09-01,23.086772540031816,17.764573189613767
2017-09-05,23.143265953603432,17.80798066193378
2017-09-06,23.13656131504589,17.802710479491044
2017-09-07,23.236653136601163,17.87968454205721
2017-09-08,23.175934502075464,17.832933557775664
2017-09-11,23.175951557706128,17.832917883281358
2017-09-12,23.16708872575487,17.82603279839988
2017-09-13,23.128019328115876,17.795868257860292
2017-09-14,23.177747943577195,17.834094130188177
2017-09-15,23.185788314350777,17.840240058342964
2017-09-18,23.139740881290688,17.80479498827621
2017-09-19,23.147026597601112,17.810347315984476
2017-09-20,23.113376219503888,17.784447959961252
2017-09-21,23.08488581237393,17.761898633321966
2017-09-22,23.109132414709283,17.779481441913354
2017-09-25,23.154306107851486,17.81357555471812
2017-09-26,23.14030915012315,17.800273647054393
2017-09-27,23.155645582121476,17.804141520581375
2017-09-28,23.158740639236637,17.806434956783892
2017-09-29,23.2167879770463,17.848351686955247
2017-10-02,23.23415931371268,17.860279461916033
2017-10-03,23.2858405010261,17.895106300135897
2017-10-04,23.27391780765446,17.881033292023464
2017-10-05,23.336961993866446,17.92945338127297
2017-10-06,23.298963685164672,17.899696103419572
2017-10-09,23.298198019761227,17.899095696555072
2017-10-10,23.363548378058663,17.94874322123597
2017-10-11,23.382870622473924,17.962745725164933
2017-10-12,23.38877155667851,17.962732974991738
2017-10-13,23.471690289260202,18.02441370328931
2017-10-16,23.458846891433947,18.012542697657576
2017-10-17,23.462920455742566,18.01451461202644
2017-10-18,23.46843850930111,18.013197673395023
2017-10-19,23.45205297550221,17.999772763559452
2017-10-20,23.472845304778975,18.014883599021147
2017-10-23,23.43822263065283,17.988173405284947
2017-10-24,23.449004119534937,17.99498280084304
2017-10-25,23.37018943219198,17.93012318705082
2017-10-26,23.405615082228785,17.95726364131659
2017-10-27,23.524704902317037,18.04433135621671
2017-10-30,23.513663527246035,18.03570206854493
2017-10-31,23.547947725086342,18.061945322439925
2017-11-01,23.570431165817464,18.079114758808554
2017-11-02,23.593114299491802,18.094919526056575
2017-11-03,23.620377220541265,18.111381857567633
2017-11-06,23.684080155494065,18.158719838796255
2017-11-07,23.68620252176447,18.156654277959724
2017-11-08,23.692938653501937,18.16178436633454
2017-11-09,23.635848359211582,18.11469313838503
2017-11-10,23.60211098671488,18.080945355674316
2017-11-13,23.59767302561583,18.077385501264605
2017-11-14,23.522687745733414,18.01751397220833
2017-11-15,23.48440498888433,17.98302382661266
2017-11-16,23.61179182882207,18.07537745821263
2017-11-17,23.65840516912403,18.103561684900136
2017-11-20,23.69319876663125,18.122674900203254
2017-11-21,23.788798527891018,18.187539243566825
2017-11-22,23.856506941396912,18.23479564952484
2017-11-24,23.87209072348478,18.246675346604633
2017-11-27,23.819764941091766,18.20380835082735
2017-11-28,23.874629927183413,18.242787173744453
2017-11-29,23.754120329999235,18.143302128040315
2017-11-30,23.809010190992172,18.17713434401883
2017-12-01,23.878845743361005,18.220364881034413
2017-12-04,23.85025181036888,18.19847259362737
2017-12-05,23.867538408349724,18.210010298957172
2017-12-06,23.862720422777578,18.206301701557067
2017-12-07,23.858154004004074,18.200517034853995
2017-12-08,23.900599800235945,18.231468840934287
2017-12-11,23.918034522134548,18.244740378599854
2017-12-12,23.921763091512585,18.24754090380594
2017-12-13,23.99759826979375,18.303283320877554
2017-12-14,23.998445935503153,18.302881069678506
2017-12-15,24.05874114792788,18.346741464181562
2017-12-18,24.082661368846956,18.364046137168465
2017-12-19,23.960462554753768,18.262249911913656
2017-12-20,23.96909848285925,18.260063604328238
2017-12-21,24.045305317548774,18.3110204773083
2017-12-22,24.083098329232527,18.334205568117703
2017-12-26,24.133690750942634,18.371056857700694
2017-12-27,24.208392338363442,18.422172368194822
2017-12-28,24.237322616532474,18.442457645545176
2017-12-29,24.270825273429562,18.467924396040786
2018-01-02,24.306860861413355,18.495259378855312
2018-01-03,24.38958225643767,18.557094389146222
2018-01-04,24.444638020198177,18.598895752678377
2018-01-05,24.485796812647155,18.625701705010115
2018-01-08,24.484212867975305,18.62440819775828
2018-01-09,24.464335981473265,18.60412983659188
2018-01-10,24.434868439875906,18.581687129938864
2018-01-11,24.53419773499646,18.653265607408155
2018-01-12,24.654930245573283,18.74497000302355
2018-01-16,24.627851638631984,18.72424958006816
2018-01-17,24.654264118014957,18.744277080501615
2018-01-18,24.618184952594067,18.712642540646208
2018-01-19,24.702581239127372,18.776713846764256
2018-01-22,24.789619573467302,18.842792869331166
2018-01-23,24.88486956969965,18.91514019655339
2018-01-24,25.00699249072088,19.00789142219066
2018-01-25,24.972080598147677,18.977161952732086
2018-01-26,25.127946997223667,19.09142425416521
2018-01-29,24.94844396912937,18.954888926470666
2018-01-30,24.724175757756914,18.77802462513221
2018-01-31,24.8033625594082,18.831736645560895
2018-02-01,24.810758063350193,18.830902826621955
2018-02-02,24.326269456279654,18.46119469061662
2018-02-05,24.205090685125086,18.356250273041034
2018-02-06,24.286567616116336,18.412600476851768
2018-02-07,24.009305479378227,18.196941565280515
2018-02-08,24.045861506496447,18.218909062833834
2018-02-09,24.00545670395645,18.188295419692828
2018-02-12,24.120896480566035,18.27576106494391
2018-02-13,24.257498650484457,18.379260892174354
2018-02-14,24.729158225800713,18.72717783181133
2018-02-15,24.93159452961006,18.873725235949394
2018-02-16,24.935645026700715,18.872668807886537
2018-02-20,24.682165918607595,18.67281511303413
2018-02-21,24.572009644825254,18.589302794307695
2018-02-22,24.78395978851,18.74963773709284
2018-02-23,25.02451831022584,18.926659871280993
2018-02-26,25.212032035548408,19.064330698093073
2018-02-27,24.819683475913404,18.763471788295462
2018-02-28,24.819683475913404,18.754090052401317
2018-03-01,24.819683475913404,18.754090052401317
2018-03-02,24.95301527770867,18.845460328353003
2018-03-05,25.39680428943522,19.161781104312052
2018-03-06,25.571156485022097,19.280237071053364
2018-03-07,25.571156485022097,19.270596952517838
2018-03-08,25.6949029587311,19.354217835886086
2018-03-09,26.18516659536243,19.71527503661896
2018-03-12,26.193253786929063,19.721334207530017
2018-03-13,25.995349936432223,19.57232517915126
2018-03-14,25.936936585353926,19.528333275876836
2018-03-15,25.97195756135419,19.54323988122799
2018-03-16,26.007067537410034,19.56962610017896
2018-03-19,26.007067537410034,19.559841287128872
2018-03-20,26.25727741373653,19.738243500529393
2018-03-21,26.710449439370674,20.06652754406547
2018-03-22,26.73650167322193,20.07076461095529
2018-03-23,27.0023905939192,20.26205821049344
2018-03-26,27.0545268242116,20.293187867143054
2018-03-27,27.053687184482087,20.28434458859957
2018-03-28,27.17602414923993,20.35965572867097
2018-03-29,27.248402932627453,20.40912609858424
2018-04-02,27.235098711850675,20.397213179673273
2018-04-03,27.206723452598304,20.371383572844326
2018-04-04,27.228490778280612,20.387625367324
2018-04-05,27.214333872819466,20.372634981281728
2018-04-06,27.267544319711412,20.40600363102925
2018-04-09,27.31130407607644,20.43473811784153
2018-04-10,27.363254397570078,20.472564587296283
2018-04-11,27.408683561923688,20.50566372461011
2018-04-12,27.37094279353033,20.475631325610262
2018-04-13,27.41558233330356,20.507227245189476
2018-04-16,27.429825750858996,20.51551569159288
2018-04-17,27.48477242714557,20.555740733040942
2018-04-18,27.517700637904465,20.576721727615414
2018-04-19,27.43181666926102,20.505123584925837
2018-04-20,27.384437698175077,20.464492510389146
2018-04-23,27.343320225991405,20.43055283531408
2018-04-24,27.275918076320508,20.38009468960141
2018-04-25,27.316535673412552,20.408180744258427
2018-04-26,27.45639510513299,20.51034973665831
2018-04-27,27.494883707570757,20.53907324587547
2018-04-30,27.51032108687816,20.55056836957794
2018-05-01,27.555803022521964,20.584509862680765
2018-05-02,27.58625560035524,20.607182952614288
2018-05-03,27.586390014194688,20.60725098989896
2018-05-04,27.69647496543537,20.689458939071454
2018-05-07,27.746458719788123,20.726778546960738
2018-05-08,27.73840869857887,20.720742239878668
2018-05-09,27.85313573299947,20.804509150264884
2018-05-10,27.950795889664306,20.8755025295426
2018-05-11,27.92986889284296,20.85691829970763
2018-05-14,27.94308523976844,20.86216224566448
2018-05-15,27.8565587313568,20.797507257149245
2018-05-16,27.902734570146105,20.831927347910838
2018-05-17,27.910356607816095,20.837607590449174
2018-05-18,27.891835820993975,20.82375634578643
2018-05-21,28.009363651081024,20.911474705395044
2018-05-22,27.998353258915873,20.901317953858616
2018-05-23,28.02878995378059,20.92210396500921
2018-05-24,28.008823041342634,20.905266326149196
2018-05-25,28.011727266266853,20.897584241355034
2018-05-29,28.203616870514296,21.035563099904085
2018-05-30,28.192932075040932,21.023265480636628
2018-05-31,28.15809917107426,20.9965397190346
2018-06-01,28.176057662637497,21.005811902796964
2018-06-04,28.162930997171397,20.995990627551834
2018-06-05,28.17508556697191,21.004919162113314
2018-06-06,28.288070497540385,21.07917702509628
2018-06-07,28.331317256476943,21.101996792507094
2018-06-08,28.343891229058897,21.104059675130983
2018-06-11,28.39905058869839,21.143139868452867
2018-06-12,28.42945832198332,21.16378488538307
2018-06-13,28.392979321702548,21.136530805613233
2018-06-14,28.551699317273602,21.247442429207425
2018-06-15,28.547453383318224,21.242843325515235
2018-06-18,28.542753882747466,21.239275284924606
2018-06-19,28.567341738336204,21.257535202851194
2018-06-20,28.55804905377014,21.25033347362472
2018-06-21,28.547661152329255,21.24252481953932
2018-06-22,28.622114265623985,21.2970654889704
2018-06-25,28.56801105325612,21.255945867352324
2018-06-26,28.660529958820497,21.32398212583522
2018-06-27,28.746230651528826,21.383710894538638
2018-06-28,28.78124717609368,21.405446904921945
2018-06-29,28.767751370052007,21.395358144469128
2018-07-02,28.764100965638583,21.392486431755213
2018-07-03,28.81612461606851,21.431157720843228
2018-07-05,28.881019054579113,21.475174665152206
2018-07-06,28.93919572312059,21.518391041337
2018-07-09,28.9338504826871,21.51434462771679
2018-07-10,28.93489222166388,21.515067459511656
2018-07-11,28.914096198215926,21.4994466008525
2018-07-12,28.979544559460084,21.548005719223408
2018-07-13,28.993120821450702,21.558060166907868
2018-07-16,28.94433666409257,21.52120183048167
2018-07-17,28.945840932779422,21.522287288347563
2018-07-18,28.94438691607983,21.520632707780006
2018-07-19,28.99888277920443,21.561107036855905
2018-07-20,28.897760632504795,21.485894447445425
2018-07-23,28.844730987822732,21.444764342912407
2018-07-24,28.90522384968812,21.488315870138724
2018-07-25,28.97498789373895,21.539351621555863
2018-07-26,28.99632386919035,21.554383083908835
2018-07-27,28.974359889533392,21.53724105758413
2018-07-30,28.95249305095735,21.520951419197445
2018-07-31,29.023001489479167,21.573302138549117
2018-08-01,28.9953931527321,21.551964208542262
2018-08-02,29.04909204848537,21.590433320823667
2018-08-03,29.111113796950324,21.635056527282135
2018-08-06,29.14824923382624,21.66117831725385
2018-08-07,29.138965925096446,21.652805371904556
2018-08-08,29.110066424510162,21.63076236942719
2018-08-09,29.133294437832774,21.64785508403717
2018-08-10,29.169983566172498,21.67300142696593
2018-08-13,29.154105548354458,21.660655482555892
2018-08-14,29.204212700746176,21.69627845360239
2018-08-15,29.2234421145334,21.70893553004569
2018-08-16,29.271284892524616,21.744398400252393
2018-08-17,29.296820301563905,21.763267386847225
2018-08-20,29.340450703523718,21.795642307703798
2018-08-21,29.300460531065056,21.765844115229825
2018-08-22,29.321282944973742,21.78075989342958
2018-08-23,29.334755882325148,21.79073728262915
2018-08-24,29.38535575851668,21.828286175013936
2018-08-27,29.41316628091025,21.846553964789226
2018-08-28,29.37899588283843,21.82108155687886
2018-08-29,29.41092085117017,21.84473727383506
2018-08-30,29.385049091214974,21.82471030327794
2018-08-31,29.400058812208574,21.833564699135504
2018-09-04,29.347503471162465,21.792985838876458
2018-09-05,29.319479000991787,21.772122674237725
2018-09-06,29.353120788073127,21.7965324730175
2018-09-07,29.308812334146232,21.75357168662565
2018-09-10,29.356086914491435,21.77878295035037
2018-09-11,29.416289248477177,21.81355774293847
2018-09-12,29.45417942280555,21.836450832149453
2018-09-13,29.50924759835552,21.87382025992715
2018-09-14,29.512895437683017,21.87308091410475
2018-09-17,29.484639988487263,21.848696570841952
2018-09-18,29.552514334021126,21.892830158182296
2018-09-19,29.568217465870184,21.901771540800496
2018-09-20,29.693691832449918,21.992063059749878
2018-09-21,29.718132445851094,22.00864608031027
2018-09-24,29.706364948288176,21.995915896466784
2018-09-25,29.7071995771248,21.99651660027326
2018-09-26,29.694465797297028,21.987076758626948
2018-09-27,29.774868350617993,22.037304992475683
2018-09-28,29.797353043744103,22.04776236645671
2018-10-01,29.906539002710662,22.1285318089469
2018-10-02,29.921945563676307,22.137343244114717
2018-10-03,29.915371771056503,22.129890451252518
2018-10-04,29.78328979700932,22.02986387668823
2018-10-05,29.734002303989236,21.981195545107525
2018-10-08,29.749447790323224,21.987226209982964
2018-10-09,29.75692961515244,21.992693648957662
2018-10-10,29.573251519450906,21.848398401813984
2018-10-11,29.638922864238705,21.88957036718155
2018-10-12,29.70535202853959,21.935100057724465
2018-10-15,29.748291265001292,21.966787213728647
2018-10-16,29.74574291687893,21.96487608627286
2018-10-17,29.725767909379222,21.95012118250941
2018-10-18,29.786664141034954,21.992762443544066
2018-10-19,29.77930572577885,21.98729829763033
2018-10-22,29.786671374579033,21.992703459241596
2018-10-23,29.870918914820876,22.05456328277048
2018-10-24,29.954510844382053,22.116064924125812
2018-10-25,29.957160216047054,22.117964224188768
2018-10-26,29.971290869340145,22.128384938649692
2018-10-29,29.9810094736429,22.131396036313514
2018-10-30,30.01751242303493,22.154218908312856
2018-10-31,29.949479475406374,22.099880514008646
2018-11-01,30.133500881066034,22.23155845962748
2018-11-02,30.183966404236614,22.268650129554352
2018-11-05,30.11757781172564,22.219631609525415
2018-11-06,30.012318758893834,22.141969570872615
2018-11-07,30.13891045781997,22.223024108240054
2018-11-08,30.21735668836258,22.268756496528358
2018-11-09,30.150206909679966,22.219165085070646
2018-11-12,30.361294807801865,22.36838660535653
2018-11-13,30.277425453845158,22.306468853382547
2018-11-14,30.279618303816264,22.301734763618818
2018-11-15,30.30190589173456,22.30585992392573
2018-11-16,30.33723694905794,22.330633677824864
2018-11-19,30.347092205780495,22.33494238291692
2018-11-20,30.348691789901608,22.33610763590526
2018-11-21,30.385362367088547,22.36166793252081
2018-11-23,30.389532089479953,22.363306336207817
2018-11-26,30.389938212239965,22.363598537693733
2018-11-27,30.404451191007826,22.37425005711047
2018-11-28,30.449667789380776,22.406475385119556
2018-11-29,30.461643490603805,22.415119803021827
2018-11-30,30.50866993162859,22.449693099699097
2018-12-03,30.645042418909053,22.548584743400884
2018-12-04,30.708015949563517,22.593444414504496
2018-12-06,30.788238260182737,22.652351292000073
2018-12-07,30.814063552053785,22.67037236110657
2018-12-10,30.85603823346774,22.696126131134548
2018-12-11,30.882079663539287,22.71522300383308
2018-12-12,30.8659008575032,22.70255558445887
2018-12-13,30.888105706836075,22.718811108590938
2018-12-14,30.87897119184494,22.711332188425022
2018-12-17,30.938235202023197,22.753684926145322
2018-12-18,31.019193570415844,22.813193917629757
2018-12-19,31.044077545383605,22.831374100862455
2018-12-20,31.019722329103207,22.813364448668818
2018-12-21,31.013696903209524,22.808835515475774
2018-12-24,31.043161126260646,22.83046062564347
2018-12-26,31.029025420167986,22.81991439784684
2018-12-27,31.072768309815242,22.852022243318757
2018-12-28,31.224401870866377,22.96010264287705
2018-12-31,31.316293389144192,23.02758555129347
2019-01-02,31.407361094079686,23.090968984841243
2019-01-03,31.567200506297077,23.20489374584136
2019-01-04,31.498698235193523,23.153511756067473
2019-01-07,31.518417590522795,23.164926104445286
2019-01-08,31.544551034676996,23.184052877017095
2019-01-09,31.64849082012597,23.25924221152283
2019-01-10,31.590179221871676,23.21633390117222
2019-01-11,31.609812923391125,23.230734497919983
2019-01-14,31.550149199239122,23.185676581303067
2019-01-15,31.574942948959052,23.2017555388709
2019-01-16,31.64484255386766,23.253105103471167
2019-01-17,31.675597075655155,23.27485881318763
2019-01-18,31.6944656111434,23.285696188055926
2019-01-22,31.654793572412892,23.256501627471962
2019-01-23,31.702624029240013,23.289021657718216
2019-01-24,31.78230494904489,23.344926325310592
2019-01-25,31.921763175567865,23.444726068220522
2019-01-28,31.890059099046994,23.421348783492864
2019-01-29,31.99058079785595,23.495164390333162
2019-01-30,32.18066789802874,23.63469858587807
2019-01-31,32.31856819196812,23.735886756799484
2019-02-01,32.244382139786346,23.681264604867707
2019-02-04,32.22524286831647,23.667150028646564
2019-02-05,32.329484532047175,23.74368120620618
2019-02-06,32.264578144931164,23.69330166358744
2019-02-07,32.256652088430116,23.687426245337754
2019-02-08,32.311110593487285,23.727354989174724
2019-02-11,32.26892567537074,23.696326195621026
2019-02-12,32.31653980072131,23.73125502110673
2019-02-13,32.28124391439256,23.70528527341947
2019-02-14,32.3411004527156,23.7489785777536
2019-02-15,32.43892903576104,23.820703564941518
2019-02-19,32.512741334028966,23.874788192333344
2019-02-20,32.51805919354272,23.87865800073198
2019-02-21,32.399745169112975,23.791747670436557
2019-02-22,32.51880931521076,23.879025462446407
2019-02-25,32.48798602775646,23.856209010537135
2019-02-26,32.51899388836273,23.878940993191282
2019-02-27,32.43753362984725,23.81725294288191
2019-02-28,32.37423122967044,23.770669774206265
2019-03-01,32.36860251695847,23.76345685019641
2019-03-04,32.40334512404306,23.78889434789026
2019-03-05,32.44027924347253,23.81599490573849
2019-03-06,32.42784955137323,23.806852246616092
2019-03-07,32.47867676441882,23.842163031362166
2019-03-08,32.480810664533486,23.843613015367097
2019-03-11,32.56331836817796,23.904155814833967
2019-03-12,32.635111085345564,23.956811843733234
2019-03-13,32.66659408159924,23.97819928572451
2019-03-14,32.62499281712306,23.945937623828794
2019-03-15,32.72429368746032,24.018762418469834
2019-03-18,32.733923808452516,24.025755434061317
2019-03-19,32.72640348994631,24.018540132148193
2019-03-20,32.893488654397956,24.138505517766564
2019-03-21,32.96014177984471,24.184722105352893
2019-03-22,32.979391577553976,24.198789180073472
2019-03-25,33.036631590012355,24.240625476501158
2019-03-26,33.088139289406904,24.278357156550644
2019-03-27,33.11843148780318,24.29970700607831
2019-03-28,33.182591115353205,24.34492729113286
2019-03-29,33.22308320975184,24.374584125989948
2019-04-01,33.18550818543181,24.346985349447632
2019-04-02,33.234009594535834,24.382298831347175
2019-04-03,33.19578515658416,24.35422484850329
2019-04-04,33.23332847271031,24.381655006954343
2019-04-05,33.31077007049225,24.438436436201478
2019-04-08,33.27833136052944,24.414587865670065
2019-04-09,33.272197174759484,24.41003966784744
2019-04-10,33.37477170480953,24.483536803122238
2019-04-11,33.33270803241372,24.450917515111616
2019-04-12,33.32898080860821,24.448125327990233
2019-04-15,33.30040045029728,24.427098154079026
2019-04-16,33.244751493337404,24.38621783512696
2019-04-17,33.23172114403772,24.37557192405907
2019-04-18,33.301772084795665,24.425871211360143
2019-04-22,33.258318635453165,24.392913849849045
2019-04-23,33.38103133344951,24.4818322661607
2019-04-24,33.42886692346217,24.516878392816928
2019-04-25,33.41484272003476,24.506544215754058
2019-04-26,33.47600585881286,24.551386023599072
2019-04-29,33.41434279263247,24.506081964743323
2019-04-30,33.44287501877963,24.526825173851527
2019-05-01,33.41186197997731,24.503994608658832
2019-05-02,33.342557906888175,24.453055253109092
2019-05-03,33.4571636860215,24.536919650185958
2019-05-06,33.46786670925031,24.543661890942772
2019-05-07,33.38362468025541,24.48031074444829
2019-05-08,33.359869499149205,24.46141874941464
2019-05-09,33.35806994303596,24.45860327398047
2019-05-10,33.406342299746754,24.493889561098474
2019-05-13,33.48565410132838,24.54608169595197
2019-05-14,33.52970601538719,24.57750463294887
2019-05-15,33.613903655757056,24.63909370927886
2019-05-16,33.6534903765749,24.662591388957882
2019-05-17,33.663843311638296,24.668614905562272
2019-05-20,33.59277127771039,24.616396501241617
2019-05-21,33.652613763741414,24.658741957275815
2019-05-22,33.71035964845716,24.698802839719765
2019-05-23,33.798340174050296,24.758641127263864
2019-05-24,33.808338933761426,24.765883720385013
2019-05-28,33.85879150882321,24.802815864844515
2019-05-29,33.89500012979973,24.827289002802875
2019-05-30,34.02981417906692,24.923589119471643
2019-05-31,34.171537654262636,25.025554358088893
2019-06-03,34.261210704392,25.09106640363661
2019-06-04,34.20523366439805,25.048191330953447
2019-06-05,34.26375338225773,25.085286289044596
2019-06-06,34.315853105996396,25.119505011135548
2019-06-07,34.49514993771649,25.24634304364475
2019-06-10,34.4102575772049,25.18291036308843
2019-06-11,34.43853620421416,25.2033847814554
2019-06-12,34.4489924973016,25.210909648171096
2019-06-13,34.557283678921245,25.28890201329779
2019-06-14,34.57890280190695,25.301097191912145
2019-06-17,34.59626036583695,25.31372718726108
2019-06-18,34.77752027686754,25.444997271277956
2019-06-19,34.90365705761755,25.53635221915262
2019-06-20,35.152721847700484,25.715228550760244
2019-06-21,35.01862916979855,25.616978976936913
2019-06-24,35.10762429480985,25.68193569888965
2019-06-25,34.99022687378502,25.59599615130299
2019-06-26,34.92138616724842,25.544125871276112
2019-06-27,35.0570194999295,25.64190052273926
2019-06-28,35.1095894619275,25.680242663361813
2019-07-01,35.122982966861755,25.68943309559483
2019-07-02,35.292862726595416,25.813057340199464
2019-07-03,35.42452914223063,25.909247190759714
2019-07-05,35.23685781497845,25.76859559239124
2019-07-08,35.190447637115476,25.73438914228471
2019-07-09,35.186940258385874,25.7317421272687
2019-07-10,35.29389544274718,25.809428910214788
2019-07-11,35.15070573827985,25.7046227986444
2019-07-12,35.21201666588985,25.746152136814665
2019-07-15,35.26648675373621,25.78261470132087
2019-07-16,35.21636135668035,25.74594583912305
2019-07-17,35.322210080111994,25.822806356975697
2019-07-18,35.453280920699356,25.915080365549603
2019-07-19,35.378795376023334,25.856910951723016
2019-07-22,35.463535693099985,25.918785337071835
2019-07-23,35.51345402034842,25.954025278356468
2019-07-24,35.59545005198033,26.01388156122013
2019-07-25,35.47992383929629,25.928218637613817
2019-07-26,35.537812202602154,25.96929037533373
2019-07-29,35.55944525598919,25.985083457085803
2019-07-30,35.570280837750104,25.992486633510218
2019-07-31,35.53232611675573,25.962223190545274
2019-08-01,35.72240561530576,26.10046163576014
2019-08-02,35.70189128105139,26.08505615989814
2019-08-05,35.8421084342228,26.180300064017914
2019-08-06,36.01652113863758,26.30198250660888
2019-08-07,36.134972493594795,26.388346955089514
2019-08-08,36.26894070794238,26.484603798999533
2019-08-09,36.2082919309397,26.438734252209404
2019-08-12,36.38967690861083,26.567053589541974
2019-08-13,36.43034910835703,26.59207443459269
2019-08-14,36.58642164414836,26.70132131719457
2019-08-15,36.76411881880623,26.830893223197965
2019-08-16,36.74203482344461,26.81464612675767
2019-08-19,36.672174742718774,26.759065715886187
2019-08-20,36.78444163215042,26.84036713937693
2019-08-21,36.80627819026662,26.856242016391104
2019-08-22,36.74089729985216,26.808482271623898
2019-08-23,36.84167287121773,26.881939048851585
2019-08-26,36.92628174299121,26.943560753544052
2019-08-27,37.09610059258147,27.06740192393664
2019-08-28,37.14460302755378,27.10266178777046
2019-08-29,37.140017401676054,27.098682821488616
2019-08-30,37.17202264790702,27.121402033115572
2019-09-03,37.297500945163705,27.212929929058912
2019-09-04,37.39330786952738,27.28143474187385
2019-09-05,37.188887358854466,27.13074253236257
2019-09-06,37.20058968775412,27.138699804958197
2019-09-09,37.09516406901134,27.060690934787072
2019-09-10,36.943732963218196,26.949991948861836
2019-09-11,37.011280262497365,26.99872069125496
2019-09-12,37.00544516845707,26.99443414547637
2019-09-13,36.864182483346646,26.88027952908427
2019-09-16,37.13815077956039,27.079125205204583
2019-09-17,37.16884974381934,27.09091022406078
2019-09-18,37.15640560498885,27.081786739058874
2019-09-19,37.19445441780815,27.109476808462873
2019-09-20,37.32679290952992,27.20564660916654
2019-09-23,37.39356288864238,27.254220775737668
2019-09-24,37.36562761914206,27.23382365051812
2019-09-25,37.23382486987523,27.137716888619767
2019-09-26,37.298682168405584,27.18481205114731
2019-09-27,37.22635903958385,27.13076891429391
2019-09-30,37.31441256896148,27.192122919013332
2019-10-01,37.25188636690154,27.143501439385012
2019-10-02,37.30559855394293,27.17539607975769
2019-10-03,37.468666167340075,27.2923187277356
2019-10-04,37.595669145165054,27.37749662700387
2019-10-07,37.51167732492309,27.312759988809173
2019-10-08,37.568678182225895,27.345834977231362
2019-10-09,37.60719274031783,27.366150334787044
2019-10-10,37.58529305370402,27.346332626728802
2019-10-11,37.76233870454386,27.464624534828392
2019-10-14,37.79861690462284,27.48067628302181
2019-10-15,37.91383034153524,27.55410025029986
2019-10-16,37.916131087304834,27.54790933480354
2019-10-17,38.01169577388759,27.610480346337756
2019-10-18,38.023156746021726,27.618785236741576
2019-10-21,38.185985569007855,27.73018400303717
2019-10-22,38.17073594684547,27.712227496985204
2019-10-23,38.27078762591644,27.783830133977723
2019-10-24,38.34680747391055,27.837546454820796
2019-10-25,38.38917172153075,27.86815879882423
2019-10-28,38.373269873018444,27.850350261090206
2019-10-29,38.33962799818882,27.824081322707716
2019-10-30,38.41059120068834,27.873663785089434
2019-10-31,38.45875794469918,27.89556766910705
2019-11-01,38.620516221965715,28.012211788672392
2019-11-04,38.61017976211225,28.004577878194898
2019-11-05,38.62522545045266,27.999564034986967
2019-11-06,38.636665438357504,28.000470027482173
2019-11-07,38.72254261744135,28.053975834131087
2019-11-08,38.748254184755595,28.072562010013794
2019-11-11,38.66993362426045,28.015749484236377
2019-11-12,38.674607728316154,28.019060081243456
2019-11-13,38.62488863404178,27.983019323432337
2019-11-14,38.66313895600299,28.00018871624034
2019-11-15,38.82345121900761,28.10455780090661
2019-11-18,38.83981164800904,28.10674762318821
2019-11-19,38.87555369589193,28.125233205838562
2019-11-20,38.93182879183324,28.162749218589504
2019-11-21,38.92750022577629,28.152637222821507
2019-11-22,39.006659848865276,28.202881696658995
2019-11-25,39.12702232936245,28.289822888735515
2019-11-26,39.201761646260444,28.34193253301871
2019-11-27,39.23269856402767,28.364259665071405
2019-11-29,39.112962149562115,28.277083010141713
2019-12-02,39.02156865465301,28.202362410862715
2019-12-03,39.127318330140454,28.276883181699876
2019-12-04,39.21314125119533,28.338768568662136
2019-12-05,39.218828433028825,28.340988755411306
2019-12-06,39.30454452937583,28.40288685002024
2019-12-09,39.27923350506104,28.382115532082683
2019-12-10,39.31324709816632,28.404213996489435
2019-12-11,39.46548320423265,28.512317699561137
2019-12-12,39.609040360484364,28.606499249249335
2019-12-13,39.74692445038207,28.698298868971744
2019-12-16,39.82821293364224,28.756883587929384
2019-12-17,39.87649429558168,28.791639315184298
2019-12-18,39.91567483682509,28.812216978186477
2019-12-19,39.95292102370207,28.829725998332904
2019-12-20,39.97510437142896,28.840451461772062
2019-12-23,40.013476781361774,28.866987056355793
2019-12-24,40.07469981437645,28.911067218074322
2019-12-26,40.209164274478375,29.003203203978487
2019-12-27,40.238000866410324,29.02396879424124
2019-12-30,40.2014008892987,28.99751188989545
2019-12-31,40.21170329310538,29.004840615763033
2020-01-02,40.398309987663566,29.13939732761608
2020-01-03,40.43222513047035,29.16230642455772
2020-01-06,40.44107654507391,29.16846799279723
2020-01-07,40.41303502267893,29.144815288613984
2020-01-08,40.38349133357514,29.121485147807764
2020-01-09,40.44862338337107,29.16398824655025
2020-01-10,40.51529350708734,29.210792774754612
2020-01-13,40.56494499688557,29.246047719673015
2020-01-14,40.552842526067536,29.23716238475762
2020-01-15,40.63597639500886,29.29257723813976
2020-01-16,40.70736916832305,29.339606128758867
2020-01-17,40.73765304284628,29.360886766868628
2020-01-21,40.711664114101964,29.341606834178695
2020-01-22,40.742714703022926,29.363872586088124
2020-01-23,40.76039656248969,29.376570254059523
2020-01-24,40.75120328072073,29.36960068466749
2020-01-27,40.796363066038175,29.39331245287446
2020-01-28,40.83398199701351,29.412998061014502
2020-01-29,40.90480789863894,29.463632367828673
2020-01-30,40.928962865768455,29.479141442091045
2020-01-31,40.870401668745394,29.436820186361757
2020-02-03,40.87929300523085,29.443063787378204
2020-02-04,40.93358136078668,29.480337163691917
2020-02-05,41.01530835531016,29.537968223948102
2020-02-06,41.09598359184091,29.595986528521113
2020-02-07,41.13399718960781,29.62220230019934
2020-02-10,41.245696858782715,29.702500637432763
2020-02-11,41.25356552658887,29.707008177360994
2020-02-12,41.32940255456992,29.760566532037256
2020-02-13,41.347836534248835,29.7727963073581
2020-02-14,41.417722508990956,29.823042062411822
2020-02-18,41.538084317074635,29.906827305148642
2020-02-19,41.562952445178155,29.92456956176384
2020-02-20,41.673588269312965,30.004150487757848
2020-02-21,41.704286476382435,30.026133724947634
2020-02-24,41.79534200672731,30.08407398986418
2020-02-25,41.57352309692134,29.92427167062666
2020-02-26,41.50354743023396,29.873558931375957
2020-02-27,41.42535047737747,29.813774611225764
2020-02-28,41.51291651864583,29.876626061540854
2020-03-02,41.48869895973899,29.851225280842115
2020-03-03,41.99639992159196,30.216434147141264
2020-03-04,42.0898941575995,30.28123233386571
2020-03-05,42.37529948601329,30.484088608891813
2020-03-06,42.856528093329636,30.83010767243434
2020-03-09,42.63108642365391,30.667507707409786
2020-03-10,41.83256909960159,30.083507756025003
2020-03-11,41.19210063520473,29.62246506699313
2020-03-12,41.59480780102147,29.886595152054664
2020-03-13,42.62664530015689,30.627698724296728
2020-03-16,42.46022726023048,30.5058139764489
2020-03-17,42.12326407403718,30.26332695985202
2020-03-18,42.762205290930076,30.71317917781882
2020-03-19,43.817712577844205,31.462638667777142
2020-03-20,44.69386254311201,32.091385990040095
2020-03-23,45.15257160082059,32.42015805756492
2020-03-24,45.42525869499763,32.60578379360531
2020-03-25,45.27535626787966,32.48813780225152
2020-03-26,45.210256831210806,32.441392184729025
2020-03-27,45.243758755276104,32.46524030997854
2020-03-30,45.31908598588396,32.51924639292196
2020-03-31,45.19438428266109,32.423013305979545
2020-04-01,45.36578830562754,32.5459743362798
2020-04-02,45.657779362950045,32.74888421604576
2020-04-03,45.815670100699684,32.86210209109915
2020-04-06,46.13106805886528,33.08831313784605
2020-04-07,45.88923012644365,32.91474606218634
2020-04-08,45.83563450792452,32.87624693159229
2020-04-09,46.7340751365929,33.5122272124506
2020-04-13,46.675840808033776,33.46599079964227
2020-04-14,46.75105689372002,33.509853500361764
2020-04-15,47.059271610333425,33.72069864888178
2020-04-16,47.16294128818614,33.79494836104041
2020-04-17,47.057246233680196,33.71316640074904
2020-04-20,47.149800058059114,33.77344385473984
2020-04-21,47.17076795809887,33.78846070046739
2020-04-22,47.31469548718737,33.891543952295635
2020-04-23,47.48691609649997,34.01486241691782
2020-04-24,47.47473924679582,34.00374533873538
2020-04-27,47.2368960820924,33.83337634371854
2020-04-28,47.298826677471254,33.87772073258399
2020-04-29,47.60646422319004,34.09067131932735
2020-04-30,47.176292006960246,33.775161952286496
2020-05-01,47.145426368101354,33.74366233400363
2020-05-04,47.24898158387147,33.808332336672244
2020-05-05,47.315010161247216,33.84978164667744
2020-05-06,47.05958348897091,33.66486926290283
2020-05-07,47.38908339913226,33.89477019432215
2020-05-08,47.519122732644654,33.98641874703356
2020-05-11,47.40880801448495,33.90352864645035
2020-05-12,47.41484357829564,33.90511751311856
2020-05-13,47.47021789109688,33.944704414095945
2020-05-14,47.681657508019086,34.095886395484676
2020-05-15,47.85987381904555,34.223313603989965
2020-05-18,48.53020335736985,34.692841437244184
2020-05-19,48.57677896463934,34.726067346875645
2020-05-20,49.00332859304821,35.03098347471758
2020-05-21,48.74074079683905,34.83988588495493
2020-05-22,48.81175903375688,34.890621956708486
2020-05-26,49.0269246074344,35.04105019481647
2020-05-27,49.29983544536184,35.236069707753124
2020-05-28,49.354825449149686,35.27536548501377
2020-05-29,49.65883944960251,35.49265114310057
2020-06-01,50.07474716529658,35.78989542965235
2020-06-02,50.224108490659596,35.89662441712955
2020-06-03,50.29519107857301,35.94741373996566
2020-06-04,50.21034224560873,35.88672520078678
2020-06-05,50.70813867801682,36.23725131450235
2020-06-08,51.07263557007594,36.49262482432046
2020-06-09,50.91681421278805,36.381267422561486
2020-06-10,51.16770933694817,36.56052493491926
2020-06-11,49.9540276991786,35.69219567713118
2020-06-12,50.30286392463114,35.941326833643764
2020-06-15,50.52567222316079,36.1004953036358
2020-06-16,50.73222556935245,36.24696190066287
2020-06-17,50.685397463676736,36.213495691562514
2020-06-18,50.65621686730827,36.19264328222576
2020-06-19,50.7369312095862,36.250308843010956
2020-06-22,50.91694419592573,36.378911575736815
2020-06-23,51.07948643740793,36.49503886446906
2020-06-24,50.47571654962279,36.06365389202643
2020-06-25,50.74445315591733,36.25563344783149
2020-06-26,50.569103978820536,36.126920323761674
2020-06-29,50.74293325507423,36.25109172152218
2020-06-30,50.99095072660119,36.42484930405503
2020-07-01,51.11579283818265,36.51400628126441
2020-07-02,51.316415471874734,36.65386348710058
2020-07-06,51.77197553174173,36.97578853882284
2020-07-07,51.67390909935697,36.902253116041756
2020-07-08,51.95066482627575,37.0998546434936
2020-07-09,51.927874464040265,37.08340048395556
2020-07-10,51.977732995471115,37.11897123777476
2020-07-13,51.89761647276916,37.06165502391718
2020-07-14,52.22115244343954,37.292663905317866
2020-07-15,52.4109654178949,37.42814956721818
2020-07-16,52.204904631511496,37.28087679918604
2020-07-17,52.41762859677686,37.43249435797626
2020-07-20,52.68729900184684,37.62494952591853
2020-07-21,53.11797470319135,37.93236072321746
2020-07-22,53.63899489224504,38.30356110666995
2020-07-23,53.58865526628033,38.26740571576261
2020-07-24,53.59844908952214,38.2735074143898
2020-07-27,54.11719163661183,38.64322822297203
2020-07-28,54.14656667653328,38.662114242789514
2020-07-29,54.40676894340466,38.84666659356063
2020-07-30,54.19005633960796,38.69124138889581
2020-07-31,54.296451823128706,38.76468085604294
2020-08-03,54.377802618866546,38.822375896284555
2020-08-04,54.839129890025404,39.15076030550076
2020-08-05,54.92495859704442,39.21165972140375
2020-08-06,55.26758116972742,39.45604990464904
2020-08-07,55.00529877289018,39.26869708452068
2020-08-10,55.03243590907452,39.28792604472314
2020-08-11,54.25683007285898,38.733966298526965
2020-08-12,54.32742229476415,38.78378770757515
2020-08-13,54.36792204983704,38.80905255297687
2020-08-14,54.19894082200999,38.68800197221495
2020-08-17,54.5539827070028,38.94140909756609
2020-08-18,54.65670416672307,39.014419202140225
2020-08-19,54.31400395374192,38.767708272194334
2020-08-20,54.47847914892447,38.884790807937385
2020-08-21,54.4800831840923,38.88299366736513
2020-08-24,54.54838417323577,38.9315508909833
2020-08-25,54.74554625275554,39.04795468817164
2020-08-26,55.04072323281175,39.25836201434029
2020-08-27,54.81572171389509,39.09764488000947
2020-08-28,55.24526843087104,39.403449129911166
2020-08-31,55.032973590468146,39.25189014583673
2020-09-01,55.25192853756299,39.38559748178216
2020-09-02,55.35212194723053,39.45691331511775
2020-09-03,54.966098788514316,39.181373283820776
2020-09-04,54.91077654017496,39.11834324964905
2020-09-08,54.32900265780387,38.6992058664584
2020-09-09,55.02641804342488,39.19133127209198
2020-09-10,54.54030981473055,38.84040042709954
2020-09-11,54.736583838828146,38.974947014101055
2020-09-14,55.209321611476625,39.307747393380154
2020-09-15,55.44573629748556,39.47598909473542
2020-09-16,55.46026063533165,39.486279513409514
2020-09-17,55.207627077714754,39.30634834180703
2020-09-18,54.975899547083465,39.13224841798118
2020-09-21,54.975899547083465,39.112682293772195
2020-09-22,55.17154321502075,39.232316919755654
2020-09-23,55.475875672055956,39.44872680622268
2020-09-24,55.38892560266786,39.38689687579761
2020-09-25,55.54109183118546,39.49510181903112
2020-09-28,55.61811583282544,39.540834127318796
2020-09-29,55.356083405864716,39.34549655793146
2020-09-30,55.45245250306444,39.40495882480942
2020-10-01,55.67788122124565,39.554307363911605
2020-10-02,55.96020794641482,39.74233721241163
2020-10-05,56.27256173714769,39.942010585744164
2020-10-06,56.28020399536552,39.93881075673756
2020-10-07,56.527440974369185,40.10570994884413
2020-10-08,56.767336064714485,40.2758344131007
2020-10-09,57.0059245808692,40.43045097243029
2020-10-12,57.3987057474511,40.6950977964905
2020-10-13,57.271063847575256,40.59358049692412
2020-10-14,57.113793994634314,40.48189268721204
2020-10-15,57.14842665416974,40.5030766938004
2020-10-16,57.10276541065208,40.46733566977035
2020-10-19,56.82984704118653,40.257820355905736
2020-10-20,57.18303539581036,40.49036874285872
2020-10-21,57.19021864713221,40.48449641461094
2020-10-22,57.313706446868075,40.57169163013113
2020-10-23,57.50909625501188,40.70214429206157
2020-10-26,56.76415970500482,40.14119110067522
2020-10-27,56.99936810974807,40.27634597611661
2020-10-28,57.362999143028546,40.49301509795442
2020-10-29,57.67238358832906,40.701893399713214
2020-10-30,57.74066350943006,40.74051365481171
2020-11-02,57.96550450352178,40.88960585094786
2020-11-03,58.047279913514245,40.93132652044728
2020-11-04,58.59055315619351,41.287512780581025
2020-11-05,59.03933413014978,41.59721395424795
2020-11-06,58.955586450686816,41.53616189929316
2020-11-09,59.60630058920899,41.97444621538276
2020-11-10,59.68810291733402,42.03173100381086
2020-11-11,59.881490474596845,42.167657725117145
2020-11-12,59.544059793816196,41.92989838844623
2020-11-13,59.801934875359215,42.095347981684995
2020-11-16,60.10030630848496,42.30455129872571
2020-11-17,60.16646129518255,42.35028948155128
2020-11-18,60.059471768977694,42.27485605890642
2020-11-19,60.26202038334827,42.41730056357253
2020-11-20,60.30437159990135,42.44361994155832
2020-11-23,60.347827550476836,42.47414956746438
2020-11-24,60.587468013025685,42.63933862718294
2020-11-25,60.58601928763974,42.63823782499432
2020-11-27,60.73036296272065,42.73978800936095
2020-11-30,60.542932543878436,42.607841153062104
2020-12-01,60.672947083863136,42.69922314053774
2020-12-02,60.65067612035626,42.68339372715461
2020-12-03,60.83289579257826,42.81072976530842
2020-12-04,60.92440057205009,42.87504444564923
2020-12-07,60.90916258746673,42.86420508286237
2020-12-08,60.904434868441534,42.86081953891606
2020-12-09,60.73031276057674,42.737368145667716
2020-12-10,60.94732567057111,42.89002529184461
2020-12-11,60.915790562237596,42.8677828453677
2020-12-14,60.862463535448114,42.83022389031662
2020-12-15,61.18290254206549,43.054745251142656
2020-12-16,61.25308931017421,43.104081069032624
2020-12-17,61.46457209670716,43.25067424184672
2020-12-18,61.35915514537477,43.17609556156334
2020-12-21,61.14730386960434,43.026939866538406
2020-12-22,61.10604714672222,42.99548343291283
2020-12-23,61.27783345784876,43.113910245041055
2020-12-24,61.410926848858544,43.20748100514848
2020-12-28,61.51724088165817,43.28224971719209
2020-12-29,61.5772488162959,43.32434090554507
2020-12-30,61.7537789700792,43.44848477184605
2020-12-31,61.80289232280559,43.48301346320904
2021-01-04,61.706648124642335,43.41525356564026
2021-01-05,61.91262078347902,43.56002147756758
2021-01-06,61.798735689062504,43.45733719358182
2021-01-07,62.072677935207416,43.64593116696721
2021-01-08,62.34693000928026,43.83284353070242
2021-01-11,61.82577602703287,43.461756687373324
2021-01-12,62.16172727594717,43.69786850502051
2021-01-13,62.39084162393476,43.84289706162901
2021-01-14,62.62880812011549,43.99739118423503
2021-01-15,62.23967158649152,43.72146049835784
2021-01-19,62.65983388778908,44.01412679313997
2021-01-20,63.28901154588943,44.45104925477856
2021-01-21,63.28540200830151,44.44835449785053
2021-01-22,62.98136437150925,44.22982824073252
2021-01-25,63.14545394154813,44.344963282395625
2021-01-26,63.09488103683579,44.30942990409903
2021-01-27,62.26268141529215,43.72494029878713
2021-01-28,62.70950033272344,44.03839308272389
2021-01-29,62.16763962321449,43.652152999623034
2021-02-01,62.99112107963982,44.21431313402476
2021-02-02,63.150974712306095,44.32638142369347
2021-02-03,63.27986701190468,44.416412877588144
2021-02-04,63.49152851113822,44.564968968299105
2021-02-05,63.621650390666616,44.656209795398325
2021-02-08,63.893854875161516,44.84706148894089
2021-02-09,63.99641092083452,44.90713750588307
2021-02-10,64.00682064460048,44.91440344490714
2021-02-11,64.14760936707441,45.01312217386959
2021-02-12,64.41799386154922,45.20272879452161
2021-02-16,64.43366392966257,45.20191445720555
2021-02-17,64.50779115530308,45.2538420468996
2021-02-18,64.19279595448573,45.03274218441276
2021-02-19,64.2516806210936,45.06239380401325
2021-02-22,64.25112032688588,45.06194197060866
2021-02-23,64.37117536410175,45.14590723310898
2021-02-24,64.64936011699862,45.340919451306476
2021-02-25,63.45202879997567,44.4825335152964
2021-02-26,63.190658384783006,44.27697919141024
2021-03-01,63.764643875032284,44.65853155756911
2021-03-02,63.497152199490394,44.47073911218139
2021-03-03,63.46561113381135,44.43411655990682
2021-03-04,64.29029796078828,44.988349620112146
2021-03-05,64.96738071467489,45.44603972862583
2021-03-08,65.05983803487476,45.510631635518486
2021-03-09,65.1937854353346,45.597134406433554
2021-03-10,65.43317219734953,45.76440959783201
2021-03-11,65.8811323807734,46.07271869536208
2021-03-12,66.14283994331984,46.25070791403167
2021-03-15,66.4048163643649,46.43377088820056
2021-03-16,66.31109306891116,46.368099870601235
2021-03-17,66.28136104521428,46.34715727001463
2021-03-18,65.63542355448537,45.89525137611879
2021-03-19,65.69875002282895,45.939028507543945
2021-03-22,65.7991421200554,46.0091400378359
2021-03-23,65.70553342209152,45.93997780729907
2021-03-24,65.98680093979884,46.1279668488192
2021-03-25,66.12418890582991,46.21597703828325
2021-03-26,66.66402409926405,46.57753562363196
2021-03-29,66.68010177661724,46.58870010224741
2021-03-30,66.61974219317902,46.546365038879564
2021-03-31,66.62195748381615,46.54785178334089
2021-04-01,66.99894667218463,46.8110774559811
2021-04-05,67.07836087101262,46.86642807360633
2021-04-06,67.03688828324414,46.83732527411098
2021-04-07,67.09361142899547,46.8769118349158
2021-04-08,67.07108692916628,46.86107163620558
2021-04-09,67.1454743989623,46.91080351173702
2021-04-12,67.13442330044133,46.90082989404456
2021-04-13,67.26312727834603,46.98205915965916
2021-04-14,67.30049183735352,46.99945785949674
2021-04-15,67.74015477571308,47.28465484892561
2021-04-16,67.84625000954799,47.33217544362467
2021-04-19,67.74382181629348,47.260639814330105
2021-04-20,67.65367996006945,47.176931258458325
2021-04-21,67.93621540997722,47.369269699299736
2021-04-22,67.81392607640196,47.283933427340884
2021-04-23,68.00141625708439,47.412587330626856
2021-04-26,68.01475160109156,47.42183144932145
2021-04-27,67.9465095145166,47.35900634354101
2021-04-28,68.04093116054594,47.40970010207726
2021-04-29,68.10239903192205,47.44926737095375
2021-04-30,68.0093369785705,47.3808507092815
2021-05-03,68.26829797905243,47.559943257588046
2021-05-04,68.16897163813462,47.490635652012685
2021-05-05,68.23227305650548,47.534654608384535
2021-05-06,68.49677740415976,47.71685252221138
2021-05-07,68.69681494887638,47.856124516452866
2021-05-10,68.50363497813609,47.716172557797904
2021-05-11,68.28148995447104,47.56137967982313
2021-05-12,67.48525111526462,46.98642615775487
2021-05-13,67.7341036962436,47.139480535390945
2021-05-14,68.20647679402536,47.46793383991932
2021-05-17,68.28075194030335,47.51957232302971
2021-05-18,68.13724316099973,47.419479190431616
2021-05-19,67.75860457833053,47.13189896481235
2021-05-20,68.16574020274682,47.38951028717175
2021-05-21,68.25269406237312,47.445152017347056
2021-05-24,68.54340769643986,47.647212595541724
2021-05-25,68.73908755057361,47.78115229259982
2021-05-26,68.75158857967577,47.78979022087209
2021-05-27,68.70937028226957,47.76035339855092
2021-05-28,68.78376133061055,47.812015260733105
2021-06-01,68.99052396233746,47.95561122974766
2021-06-02,69.20158303469374,48.10221728746808
2021-06-03,68.85201536961375,47.85917638801908
2021-06-04,69.27353997791408,48.15205196115233
2021-06-07,69.31893734370918,48.18341907444387
2021-06-08,69.43440645658838,48.26339366897238
2021-06-09,69.5241376930568,48.32565418397529
2021-06-10,69.7886204632663,48.50923540012782
2021-06-11,69.72637209705398,48.46570462268784
2021-06-14,69.6312096027504,48.399317202832
2021-06-15,69.55412248682033,48.34568625648529
2021-06-16,69.32644622296313,48.180831367400366
2021-06-17,69.52713083623858,48.31603300936981
2021-06-18,69.65671031663105,48.399676446298855
2021-06-21,69.73365487983638,48.446811948637425
2021-06-22,69.75756218936506,48.46330511256935
2021-06-23,69.71640495607205,48.43468307333509
2021-06-24,69.87256140816787,48.543110282040494
2021-06-25,69.88540079417047,48.55180412753711
2021-06-28,69.95937800923585,48.60313388577273
2021-06-29,70.02933515961008,48.65162870618259
2021-06-30,70.06371018508825,48.67236128303451
2021-07-01,70.16487866307133,48.73954338879228
2021-07-02,70.29916945195095,48.8328056660456
2021-07-06,70.4642239646486,48.94212557164274
2021-07-07,70.59683012235725,49.031058326682
2021-07-08,70.54826382529272,48.994151090254825
2021-07-09,70.61238632996047,49.035448369676146
2021-07-12,70.6643606507933,49.071347783559816
2021-07-13,70.50556707432783,48.96092817012601
2021-07-14,70.6308747021098,49.04779597376858
2021-07-15,70.72543177393801,49.11047498356221
2021-07-16,70.63645412147599,49.048142788660584
2021-07-19,70.82112040282551,49.16321834818143
2021-07-20,71.01665573536746,49.28713271449446
2021-07-21,70.98463936484472,49.26369162447324
2021-07-22,71.14808004843677,49.376659131076124
2021-07-23,71.23089524000657,49.43406682756066
2021-07-26,71.14094854615392,49.37158592304876
2021-07-27,71.23288907320455,49.43532211760463
2021-07-28,71.2467105068351,49.44434176352445
2021-07-29,71.24619623082738,49.441243497617705
2021-07-30,71.28748227930373,49.46715272655021
2021-08-02,71.28802143528286,49.464772631962695
2021-08-03,71.38797300094762,49.53400512119297
2021-08-04,71.33565210050969,49.49643119487437
2021-08-05,71.36847325845395,49.51907985334581
2021-08-06,71.15806210232067,49.37301075838365
2021-08-09,71.03236012807653,49.27430912316443
2021-08-10,70.94206484083676,49.20273501036803
2021-08-11,71.03413968156053,49.2665428507537
2021-08-12,71.10339507750777,49.29606776637034
2021-08-13,71.34588573764962,49.46400227657482
2021-08-16,71.37002451164025,49.48061964807083
2021-08-17,71.30566437647146,49.42430382380613
2021-08-18,71.17707850564402,49.33503205236722
2021-08-19,71.40238656061314,49.48738065582626
2021-08-20,71.48565084355816,49.54498987799388
2021-08-23,71.60190969067378,49.60920582003413
2021-08-24,71.53385485971106,49.56181346912471
2021-08-25,71.45523309111732,49.50461787509362
2021-08-26,71.4409136593736,49.48753669808385
2021-08-27,71.74787385705865,49.69342940182522
2021-08-30,71.85196435044833,49.7653854540472
2021-08-31,71.79734387263487,49.72748222593769
2021-09-01,71.99087853989442,49.85519908682209
2021-09-02,72.13614501594526,49.954524183367525
2021-09-03,72.09872503954497,49.92849351285173
2021-09-07,71.91548826550903,49.77503778742951
2021-09-08,71.96459176723106,49.78228689522033
2021-09-09,72.04702237608933,49.83135238182413
2021-09-10,71.83696409984107,49.68468792989768
2021-09-13,72.07776567485189,49.85112521102551
2021-09-14,72.16181482301404,49.90625196951747
2021-09-15,72.27889827848502,49.9842396986508
2021-09-16,72.24714656741672,49.955047646877894
2021-09-17,72.07697862340206,49.834786280954134
2021-09-20,72.11852377125084,49.8565279917784
2021-09-21,72.14558626459153,49.87512899249657
2021-09-22,72.35967898286482,50.02002777667758
2021-09-23,72.42165838288074,50.04350102351648
2021-09-24,72.39490785136238,50.01484353052131
2021-09-27,72.43462345308713,50.03653755280594
2021-09-28,72.5559840697569,50.08799921162485
2021-09-29,72.813182984173,50.23656614823941
2021-09-30,72.7446276726088,50.18901153470765
2021-10-01,72.85565097094882,50.265537637874836
2021-10-04,72.91187457273713,50.275118914260126
2021-10-05,73.26263012190597,50.51693628241091
2021-10-06,73.14821487932593,50.43800878800222
2021-10-07,73.36194072560917,50.58530807202774
2021-10-08,73.33380268474124,50.56588251442751
2021-10-11,73.64503282700765,50.78046804434022
2021-10-12,73.7063432223913,50.822624578457024
2021-10-13,73.75631385062792,50.84510317637434
2021-10-14,74.26187204526883,51.161738865828966
2021-10-15,74.2958454804181,51.18053855458463
2021-10-18,74.33765937474658,51.187393100241124
2021-10-19,74.57158508085465,51.32385428951995
2021-10-20,74.86891625526496,51.52462098413799
2021-10-21,74.78113828367616,51.44789195677657
2021-10-22,74.93718273111487,51.55518749389182
2021-10-25,75.15742767484285,51.7063534411293
2021-10-26,75.11883432377643,51.67918942396628
2021-10-27,74.97313550241411,51.57395841610571
2021-10-28,75.36405620908666,51.82786114930441
2021-10-29,75.3250191890008,51.78477556248308
2021-11-01,75.51917177810112,51.912846038687796
2021-11-02,75.55960638507278,51.93515292902898
2021-11-03,75.51751598870813,51.89475067465372
2021-11-04,75.79272158694596,52.0559453273802
2021-11-05,76.21156352672858,52.33284517033822
2021-11-08,76.17665621084505,52.30863473845623
2021-11-09,76.30976705965712,52.39998213729307
2021-11-10,76.24065139778781,52.32506444108935
2021-11-11,76.56823081864631,52.54552327032765
2021-11-12,76.65572663847284,52.60546456555445
2021-11-15,76.75977397117391,52.67179185049023
2021-11-16,76.70467838118441,52.633664855358234
2021-11-17,76.65556051980803,52.599881407623734
2021-11-18,76.63812550638985,52.582453740506466
2021-11-19,76.56869203505902,52.532215635270255
2021-11-22,76.16313862643611,52.24681410815796
2021-11-23,76.32733311347347,52.34559949355461
2021-11-24,76.71978439877711,52.60752009564718
2021-11-26,76.48688675535554,52.42757656256397
2021-11-29,76.66892641285028,52.55207051548506
2021-11-30,76.58855006376277,52.48649133169475
2021-12-01,76.70202507909353,52.558104173540514
2021-12-02,77.06857374780084,52.79924000105441
2021-12-03,77.26736510107156,52.935068022422605
2021-12-06,77.2558390486816,52.92693664176928
2021-12-07,77.48758018889986,53.07318816500242
2021-12-08,77.29004667962757,52.92491156490617
2021-12-09,77.12376026260478,52.806168880168954
2021-12-10,77.2193198377683,52.858457498572875
2021-12-13,77.44344904237208,53.01185792553644
2021-12-14,77.23908459410835,52.871847130160326
2021-12-15,77.39492989204096,52.9782959769143
2021-12-16,77.37177988055535,52.958742147439295
2021-12-17,77.48987675046568,53.03587019438108
2021-12-20,77.27618847837479,52.88577689608544
2021-12-21,77.4971780293106,53.03323466828979
2021-12-22,77.69303618809539,53.16346121345378
2021-12-23,77.72128188328332,53.17935838474709
2021-12-27,78.01839289254792,53.38144289821367
2021-12-28,77.98493445054649,53.35849002290296
2021-12-29,77.96240786394266,53.32209972898377
2021-12-30,78.10679370556817,53.408940436388605
2021-12-31,78.04365894743468,53.35744780180839
2022-01-03,78.24721455478362,53.48714834899866
2022-01-04,78.33840266365175,53.54383508364423
2022-01-05,77.65579734522761,53.060072277156856
2022-01-06,77.74986027296745,53.11613393793919
2022-01-07,77.46106544771115,52.91879042819272
2022-01-10,77.40036823556389,52.867639177985446
2022-01-11,78.18054725374023,53.36159461945267
2022-01-12,78.57112218797334,53.62801203145499
2022-01-13,78.02296068689068,53.22768206031948
2022-01-14,78.18313400804634,53.32639250852922
2022-01-18,78.8898391779802,53.7787615086118
2022-01-19,79.98492617587668,54.51001314372591
2022-01-20,80.16084252907199,54.62959831176258
2022-01-21,79.80895547907026,54.37410526786592
2022-01-24,79.59422732446838,54.22775577394975
2022-01-25,79.8516789597487,54.40308602095662
2022-01-26,79.68986863423788,54.264186984220906
2022-01-27,80.30496134480069,54.66205058324917
2022-01-28,80.2995296345882,54.658131372620446
2022-01-31,79.9223436306746,54.40138730209906
2022-02-01,79.90200137688666,54.374937616008175
2022-02-02,79.99389656493483,54.401922538548384
2022-02-03,80.2442202609401,54.55326602699386
2022-02-04,80.80251124555313,54.93279151078481
2022-02-07,81.5973328668007,55.457455738886814
2022-02-08,81.8764792598492,55.631893987219925
2022-02-09,82.67435356714972,56.159607726603426
2022-02-10,82.28009436684226,55.87724498044624
2022-02-11,83.98057047745168,57.01708911179154
2022-02-14,84.4039333919735,57.27513438476365
2022-02-15,83.87701173376634,56.88805160229203
2022-02-16,84.45538166501493,57.28024367750367
2022-02-17,84.87514611814409,57.56485613606812
2022-02-18,85.0924697576223,57.682318259443605
2022-02-22,85.35333655771741,57.859114978080704
2022-02-23,85.81099308312363,58.169165250646884
2022-02-24,85.8201199511675,58.17531833250611
2022-02-25,85.51437786805323,57.96755711244229
2022-02-28,86.12879428947966,58.38389102242326
2022-03-01,87.873689005792,59.56654189990755
2022-03-02,87.89861663699955,59.58331657372766
2022-03-03,88.0720179122601,59.70064998637919
2022-03-04,89.47024048932197,60.64841078427626
2022-03-07,90.44991429634436,61.312361125941834
2022-03-08,91.70994816430587,62.16631287184773
2022-03-09,89.29119401958516,60.52606920900143
2022-03-10,89.58053909157454,60.72136510709076
2022-03-11,89.82516476743282,60.88703612680806
2022-03-14,88.75229000904055,60.159775233167124
2022-03-15,87.81896744956862,59.52687052000475
2022-03-16,87.63588655857191,59.40251883620563
2022-03-17,88.39661246364071,59.90901919257269
2022-03-18,88.35556109223424,59.8734781702989
2022-03-21,88.96198198902682,60.28433858394331
2022-03-22,88.76864044886987,60.153255101034524
2022-03-23,89.30340958586727,60.507597938565844
2022-03-24,89.73250557974518,60.79038056158416
2022-03-25,89.8893304540493,60.896546610404876
2022-03-28,89.33029464716385,60.517658221263055
2022-03-29,89.86937826241925,60.87602942520641
2022-03-30,89.73260443860053,60.783107464515915
2022-03-31,89.32689525716532,60.50147881281154
2022-04-01,89.55709436084332,60.6506343145899
2022-04-04,90.08962449023929,60.994651677294456
2022-04-05,89.83697021752617,60.79752664992963
2022-04-06,89.91541872386512,60.84368014925192
2022-04-07,90.04852164045607,60.933428498373175
2022-04-08,90.25467312236734,61.07288320565255
2022-04-11,90.32869365392058,61.115407990909574
2022-04-12,91.02982976888471,61.5896813257609
2022-04-13,91.44363379375385,61.862015020258106
2022-04-14,91.54156940214475,61.920593995737825
2022-04-18,91.88763550185998,62.15451398047191
2022-04-19,91.69693560416816,62.01768297139172
2022-04-20,91.74639645416171,62.05075744943605
2022-04-21,91.77982776452318,62.05868997996145
2022-04-22,91.5939031318627,61.918997829198034
2022-04-25,91.65855143117595,61.962675117407166
2022-04-26,91.90864416796116,62.13161420498626
2022-04-27,92.14751015318804,62.2929960246721
2022-04-28,93.09048157832216,62.93044640247348
2022-04-29,92.63359410941753,62.60716320904039
2022-05-02,93.22372705460334,63.00595749985085
2022-05-03,92.83180800042257,62.741011540018846
2022-05-04,92.66802923857553,62.630263137153385
2022-05-05,93.38675567881121,63.11590987230102
2022-05-06,93.77309058990885,63.37687016183246
2022-05-09,93.01259995175675,62.86288126877395
2022-05-10,93.213938202105,62.991132270994996
2022-05-11,93.85058988014758,63.41379918954418
2022-05-12,94.71374803688775,63.99690337500978
2022-05-13,94.76774373064787,64.03332377822171
2022-05-16,94.69426721040735,63.98366076900829
2022-05-17,93.73308383887115,63.33417180297605
2022-05-18,93.89278726221231,63.441927877629055
2022-05-19,93.21627253734279,62.98474964130013
2022-05-20,93.54918158838734,63.209446504127136
2022-05-23,92.85185680213678,62.73826678708334
2022-05-24,92.61831621115174,62.58038399711091
2022-05-25,92.98428615087226,62.82763087710747
2022-05-26,93.49859241848203,63.151210744809575
2022-05-27,93.77449462326756,63.33712742398271
2022-05-31,93.57062893721016,63.19926029545034
2022-06-01,94.21110692636145,63.6083888656806
2022-06-02,94.53242085581053,63.79200743494163
2022-06-03,95.20847287838731,64.21479955531557
2022-06-06,95.24068405404066,64.23651282839778
2022-06-07,95.4118453121542,64.33804268883469
2022-06-08,95.92047517369072,64.66708717303894
2022-06-09,96.40990286466332,64.9847345517107
2022-06-10,96.9526031124468,65.35050594666667
2022-06-13,97.80437527453941,65.92457253675883
2022-06-14,97.71790330142882,65.86618244529723
2022-06-15,96.83692060692937,65.2722706668315
2022-06-16,96.12927455956249,64.79515076872642
2022-06-17,96.33917479799308,64.93642787949233
2022-06-21,96.15101147823447,64.80955220858108
2022-06-22,96.01290975341685,64.70776176353223
2022-06-23,96.11648604703007,64.77756685691693
2022-06-24,95.90934873654312,64.63796696588403
2022-06-27,96.02074657698246,64.70443090142287
2022-06-28,96.77732321049906,65.21424732964371
2022-06-29,96.98787540227846,65.35610716950114
2022-06-30,96.67668452184152,65.13766819179827
2022-07-01,97.30347460466284,65.52238565941128
2022-07-05,98.09269537768728,66.05358722168313
2022-07-06,98.5409176194462,66.31749097835923
2022-07-07,98.57540505528459,66.34070083138609
2022-07-08,98.50643781188383,66.29428625911981
2022-07-11,99.64424857661437,67.06002659265825
2022-07-12,99.78481089201343,67.11541173765443
2022-07-13,100.15179205662082,67.34752194357766
2022-07-14,100.14959589404448,67.33127234102236
2022-07-15,100.34199440526908,67.44597695890992
2022-07-18,99.76741600920937,67.05970508091399
2022-07-19,100.06167089095158,67.24059463687826
2022-07-20,100.31892396665897,67.39417266700967
2022-07-21,101.12630202412501,67.90916335724202
2022-07-22,101.51478152179529,68.16976923468548
2022-07-25,101.18398808958577,67.94749235059197
2022-07-26,101.18737128344924,67.94968487036368
2022-07-27,101.68374346637374,68.27756951497975
2022-07-28,102.50549646593646,68.8291135297082
2022-07-29,102.72448994200984,68.9759652280074
2022-08-01,102.90656437732142,69.09789207057301
2022-08-02,102.1132139624894,68.56506575305181
2022-08-03,102.86676952502869,69.07082512984206
2022-08-04,103.06266748776356,69.1944143722125
2022-08-05,102.45601635936102,68.77915731357447
2022-08-08,103.04403196217277,69.169498101928
2022-08-09,102.79176920243385,68.99272827598578
2022-08-10,103.5957478279164,69.5204494635119
2022-08-11,103.18201527097659,69.22453337231458
2022-08-12,104.17553744677927,69.86469288949017
2022-08-15,104.30800221358545,69.9427737109322
2022-08-16,104.18328837573962,69.85879506437989
2022-08-17,103.59679852532825,69.45995002014747
2022-08-18,103.76028425808457,69.56401197237848
2022-08-19,103.06821018662113,69.08908945064493
2022-08-22,102.4602614220569,68.64791464431627
2022-08-23,102.17513206570615,68.44666259930014
2022-08-24,102.46866865499703,68.63824116566292
2022-08-25,103.40475088748114,69.24484695709198
2022-08-26,102.29158971643601,68.46757616719728
2022-08-29,102.71636956618536,68.72696576223419
2022-08-30,102.68112724492823,68.67879460859824
2022-08-31,102.61064260241396,68.63165059668306
2022-09-01,103.52711452647992,69.24463750797139
2022-09-02,103.56235684773706,69.26820951392898
2022-09-06,104.16159328959503,69.66901185820187
2022-09-07,103.42137196531029,69.17391105769943
2022-09-08,103.63285708764954,69.31536395824332
2022-09-09,103.84535232939778,69.41769418284417
2022-09-12,104.61705743814031,69.92526122936138
2022-09-13,105.25844709366406,70.31848389323682
2022-09-14,105.3348897341312,70.36929916556613
2022-09-15,105.40659662863854,70.40039415098033
2022-09-16,105.91729347492316,70.72478135662108
2022-09-19,105.86242053603685,70.68805730648607
2022-09-20,106.36688261964282,71.00804877024532
2022-09-21,107.63710835373898,71.83890840530617
2022-09-22,107.7899594279715,71.94064470090504
2022-09-23,109.48714759076826,73.05575588470782
2022-09-26,110.71491143880633,73.87498643313342
2022-09-27,110.75102284515297,73.89908191963357
2022-09-28,109.30659854828428,72.93528378306694
2022-09-29,108.87326966137384,72.64614327592497
2022-09-30,108.87326966137384,72.64614327592497
2022-10-03,110.9391010616452,74.00671873995064
2022-10-04,110.9216814784887,73.9700672688202
2022-10-05,111.245320071297,74.16087274704017
2022-10-06,112.27905465638761,74.83871011033897
2022-10-07,112.44293435626098,74.947778827572
2022-10-10,111.9677895083763,74.63101721333508
2022-10-11,112.04138167668971,74.65407115448969
2022-10-12,112.04138167668971,74.65407115448969
2022-10-13,111.91137663494202,74.55351909203594
2022-10-14,112.68827619875502,75.05716690791202
2022-10-17,111.54142095382288,74.29329236442125
2022-10-18,111.46742818059079,74.24400872891098
2022-10-19,112.28133231606112,74.78611781606473
2022-10-20,112.35532508929322,74.83540145157501
2022-10-21,112.50261829831057,74.91629613437486
2022-10-24,112.4727100458505,74.89633774655553
2022-10-25,111.78724745165538,74.43986023794183
2022-10-26,113.38768802302648,75.4482659074554
2022-10-27,114.15159752199817,75.89886929318273
2022-10-28,114.71112590578346,76.24981099233085
2022-10-31,114.19661241185496,75.89694965222152
2022-11-01,114.87061979624723,76.3340580549966
2022-11-02,115.02841989331395,76.39987564395892
2022-11-03,115.71946068576813,76.85880852616854
2022-11-04,119.45496643810272,79.28006373019447
2022-11-07,119.62120521324604,79.36744933845856
2022-11-08,120.60682693482075,79.99378955433195
2022-11-09,118.85847723698824,78.79405093233197
2022-11-10,123.06610129509313,81.52703254374671
2022-11-11,123.96394353525429,82.12079190042546
2022-11-14,123.17067312943404,81.59509251168478
2022-11-15,124.25113472616744,82.3107704061863
2022-11-16,124.25562479015848,82.30695938656338
2022-11-17,123.56822976103506,81.84806062536744
2022-11-18,123.55658703914325,81.83337698595193
2022-11-21,123.27613805537469,81.64066091385119
2022-11-22,124.21525447597735,82.26247186662648
2022-11-23,125.2570127322917,82.95228623801796
2022-11-25,125.24521011851131,82.9441142628118
2022-11-28,124.1542941046005,82.2216054959547
2022-11-29,124.4555024015898,82.42081659197773
2022-11-30,126.54001237313807,83.80108375749431
2022-12-01,127.83849629492791,84.66079032085094
2022-12-02,128.20957060516068,84.90613747746615
2022-12-05,126.48870115451439,83.76629517940718
2022-12-06,126.46217023553803,83.74857449787089
2022-12-07,127.42791787019114,84.3880725164615
2022-12-08,127.68861152587758,84.56051872436616
2022-12-09,127.14618119123026,84.20105339043852
2022-12-12,127.27561469682992,84.28663480773565
2022-12-13,128.65272434862374,85.19850727781755
2022-12-14,128.57148780613778,85.14439525597611
2022-12-15,127.32736640020063,84.32037956076644
2022-12-16,126.8394995167127,83.99121128405068
2022-12-19,126.00668412295379,83.43383353086156
2022-12-20,126.00415970336027,83.43209906549639
2022-12-21,126.68138224344042,83.86905143623576
2022-12-22,126.03386712918588,83.42884367797062
2022-12-23,125.9556074405291,83.37119326062756
2022-12-27,125.68914952945252,83.18730628749458
2022-12-28,124.84741700703613,82.61101250168987
2022-12-29,126.15085322491754,83.4488575371514
2022-12-30,125.87663819446759,83.25417257217305
2023-01-03,126.79010636929605,83.85035372082993
2023-01-04,128.18302444705807,84.7656463320324
2023-01-05,127.63486649201148,84.39720416476695
2023-01-06,129.88625341920007,85.8800431366843
2023-01-09,130.26482499439777,86.13021864142846
2023-01-10,130.1451795708385,86.04470809201571
2023-01-11,131.21598767366876,86.75256745986708
2023-01-12,132.52117294274447,87.61531801353236
2023-01-13,132.81010724081145,87.80220079952616
2023-01-17,132.45048020397013,87.56415007427795
2023-01-18,132.52312796173683,87.61198180918079
2023-01-19,132.73016785753455,87.7426708177957
2023-01-20,132.97086920056427,87.89556544058048
2023-01-23,132.9592967999996,87.88778180145157
2023-01-24,133.30562957411237,88.1160469311117
2023-01-25,133.59979376434947,88.31042032417753
2023-01-26,133.76566397312345,88.41985652860315
2023-01-27,133.40781787217873,88.18325098530445
2023-01-30,132.48594150668833,87.57384784028753
2023-01-31,133.4817405086537,88.23192227748905
2023-02-01,134.80622794902425,89.10316328015885
2023-02-02,134.78649153578547,89.08979446561929
2023-02-03,132.96893325556024,87.88394671110426
2023-02-06,132.3266930572302,87.44690773233266
2023-02-07,132.60698191909827,87.62829719375543
2023-02-08,132.56740882981396,87.6016378873911
2023-02-09,131.99168761946868,87.20474519900273
2023-02-10,132.30752844177405,87.38196434713903
2023-02-13,132.667681561623,87.61947051562152
2023-02-14,132.53307447502092,87.5301791786613
2023-02-15,132.60550151793163,87.56312089132177
2023-02-16,132.01792585260205,87.17492939716584
2023-02-17,131.90167926676912,87.07654970135951
2023-02-21,130.78104190332488,86.3367253353139
2023-02-22,130.74967931760673,86.30158288025076
2023-02-23,131.2211279429916,86.59836801097576
2023-02-24,132.19554077325472,87.19042879795747
2023-02-27,132.38472180964663,87.27065969512878
2023-02-28,132.2824926332936,87.18202905677758
2023-03-01,132.40795263545712,87.24972424007164
2023-03-02,133.04393362336648,87.65032409984634
2023-03-03,134.2157200731429,88.39882115416292
2023-03-06,134.2324303681263,88.40962504001925
2023-03-07,134.6377611261677,88.6292775546063
2023-03-08,134.86760936791427,88.75672780336578
2023-03-09,134.49049318863814,88.4626490908587
2023-03-10,136.049747027504,89.44104073151257
2023-03-13,136.7105917191796,89.84281769232263
2023-03-14,135.95793309183594,89.31537055577036
2023-03-15,137.47262921873497,90.27799464173158
2023-03-16,137.12943923031327,90.05237794945519
2023-03-17,138.44924733234214,90.89568851404363
2023-03-20,137.93355338882807,90.53999138779247
2023-03-21,137.6126556136288,90.3050183060234
2023-03-22,139.30573028252766,91.38807539732336
2023-03-23,139.9502842344325,91.81068247428736
2023-03-24,140.11869994728318,91.89958122439897
2023-03-27,138.76529492081949,90.98077074930569
2023-03-28,139.00103517768966,91.12300650512314
2023-03-29,139.60801295456653,91.4952910579637
2023-03-30,140.45248649608396,92.02553201351726
2023-03-31,141.49467515789593,92.70824926256722
2023-04-03,142.44793091882926,93.32816069785444
2023-04-04,143.1074559563248,93.76007790482167
2023-04-05,143.10658073613445,93.75920394434598
2023-04-06,143.1962947217185,93.81781816916356
2023-04-10,142.59832763708752,93.41789605679689
2023-04-11,143.05282756795307,93.71527454016463
2023-04-12,143.2835559903426,93.86628199139763
2023-04-13,144.1073154134086,94.40538956799759
2023-04-14,143.2819390941776,93.864156350391
2023-04-17,142.7443519123268,93.50498298637072
2023-04-18,143.04855579440638,93.69730745803065
2023-04-19,142.47999231551015,93.32473634439413
2023-04-20,142.53832911830233,93.3625779144691
2023-04-21,142.45144989722831,93.29754926503183
2023-04-24,143.0746738188326,93.70544175993939
2023-04-25,142.94357299069839,93.61942681658057
2023-04-26,142.29389600556848,93.18942962515534
2023-04-27,142.5563588527269,93.36122655181362
2023-04-28,143.51848281693805,93.97442166054928
2023-05-01,142.54138701843436,93.32416313267544
2023-05-02,143.5143165310746,93.94633675843727
2023-05-03,143.83550396126108,94.15620904893245
2023-05-04,143.82933908684763,94.1436447385353
2023-05-05,144.18146203587492,94.36824425079547
2023-05-08,143.7627605795088,94.08751648427301
2023-05-09,143.493583064401,93.89748715639786
2023-05-10,144.01124514568423,94.22237235796135
2023-05-11,143.55716387374832,93.91860785203554
2023-05-12,143.2609303466105,93.70888580139689
2023-05-15,143.5461035245453,93.88281106223558
2023-05-16,142.79916735532183,93.35193353601517
2023-05-17,143.28615447566673,93.64933970974711
2023-05-18,143.67242322699522,93.89015404231584
2023-05-19,143.71569169786594,93.91829512057383
2023-05-22,144.09624043425885,94.16689845780566
2023-05-23,143.33876025255645,93.63395015018601
2023-05-24,143.5702651676125,93.75985742134884
2023-05-25,144.4138581549356,94.29886816542965
2023-05-26,145.5452885256478,94.99929096608217
2023-05-30,145.72121006757854,95.07545745369106
2023-05-31,145.63408567919905,94.9838092184325
2023-06-01,145.49756387952482,94.86014782587623
2023-06-02,147.29736572133942,95.9987169487898
2023-06-05,147.0202777541534,95.80452096949828
2023-06-06,147.71760252624122,96.24529265818511
2023-06-07,147.64193258930274,96.18229313751355
2023-06-08,147.9363501762466,96.36051407045234
2023-06-09,148.07415278193054,96.44984996430244
2023-06-12,148.36693919969827,96.6402567480837
2023-06-13,148.89888079435113,96.98629099511318
2023-06-14,149.0175284397409,97.06330922661905
2023-06-15,149.79453123515768,97.55214175733394
2023-06-16,149.5855209712911,97.39866688553163
2023-06-20,148.93967524795133,96.96089079027136
2023-06-21,148.54899602685302,96.6984614851117
2023-06-22,148.45688811985045,96.60768394712365
2023-06-23,148.49900054150865,96.59469894235278
2023-06-26,148.8348929165194,96.80344889853973
2023-06-27,149.28139740127068,97.07390007418005
2023-06-28,149.7209970520811,97.35952429040765
2023-06-29,149.95957793651567,97.4877077062187
2023-06-30,150.75619599944596,97.97739462976442
2023-07-03,150.94627874125237,98.09998120404832
2023-07-05,151.06051293176662,98.14591750170459
2023-07-06,150.33839895047464,97.63617712104123
2023-07-07,150.30137303017656,97.59419047638484
2023-07-10,150.73064831437043,97.83437002517586
2023-07-11,152.09645558460457,98.70509385065975
2023-07-12,154.14774289859676,100.01005674339554
2023-07-13,155.64094723596048,100.95983663206621
2023-07-14,154.73945307426936,100.35588125716454
2023-07-17,154.74978183138396,100.34352382867579
2023-07-18,155.29471778750766,100.68810782810327
2023-07-19,155.75537758712863,100.97968685880109
2023-07-20,154.86841637528084,100.39753156885247
2023-07-21,155.05177243401727,100.51566184644709
2023-07-24,155.42286371277655,100.7301730892023
2023-07-25,155.72444928433882,100.91477534300171
2023-07-26,156.3099795839705,101.27655654052617
2023-07-27,154.74404468082633,100.22079723128367
2023-07-28,156.04948846373532,101.03838536712496
2023-07-31,156.63061072034353,101.4142760005454
2023-08-01,155.89243873742356,100.90816793699071
2023-08-02,154.75823819412642,100.15522277022158
2023-08-03,154.6104893400766,100.0590870466466
2023-08-04,154.45638383747047,99.9589932402331
2023-08-07,155.08018283651208,100.35005839946146
2023-08-08,155.03823547213048,100.31247309706288
2023-08-09,155.02604236561712,100.290486352318
2023-08-10,155.10819780547632,100.31827873979199
2023-08-11,155.12181435622256,100.30172223713237
2023-08-14,155.40703901558928,100.48580306015428
2023-08-15,154.95144952094327,100.17017648405181
2023-08-16,154.81614224997298,100.03524297790977
2023-08-17,155.01383587381721,100.16293748891816
2023-08-18,155.4183900558181,100.42420785527317
2023-08-21,155.20447906655355,100.28596593661563
2023-08-22,155.53138346712922,100.49712562342606
2023-08-23,156.33557766355327,100.96347650746331
2023-08-24,156.96420294179063,101.32678007736861
2023-08-25,157.60230612679325,101.6964242644108
2023-08-28,157.73379453653826,101.78102875937833
2023-08-29,158.75287374472887,102.4062876568482
2023-08-30,158.79927610634527,102.43609682124624
2023-08-31,158.98567169181973,102.55618300847682
2023-09-01,159.51488004207135,102.89747807887193
2023-09-05,159.410123354277,102.8051960488415
2023-09-06,159.19411773858343,102.66561446824618
2023-09-07,159.49150689439097,102.83649155174832
2023-09-08,159.60548613992236,102.90987816271203
2023-09-11,159.6761742358603,102.93400597286109
2023-09-12,159.96422616692792,103.09824116661856
2023-09-13,160.2036779648922,103.25212247746514
2023-09-14,161.15072491285028,103.84077182131722
2023-09-15,160.86365435616096,103.63394070461923
2023-09-18,161.05605421818638,103.73420624102556
2023-09-19,160.8849256861787,103.60027643939196
2023-09-20,160.70357828125523,103.4356697417349
2023-09-21,160.90249435187127,103.52700373237047
2023-09-22,161.2968288835145,103.78070898275531
2023-09-25,161.67331764808796,104.02293974875845
2023-09-26,162.26715214779745,104.4049608928124
2023-09-27,163.72790204245413,105.34444115239205
2023-09-28,162.4855765628026,104.54479184622627
2023-09-29,162.27683331354717,104.41048194552432
2023-10-02,162.65615945489336,104.65449470020734
2023-10-03,163.0169497587386,104.88647957114541
2023-10-04,162.52773657752076,104.54971464052163
2023-10-05,161.98416240241073,104.20004801690133
2023-10-06,161.65802028159885,103.99024957645561
2023-10-09,162.94597394916252,104.79737425162413
2023-10-10,162.45976315318788,104.484464956633
2023-10-11,162.45976315318788,104.46318828812961
2023-10-12,163.8291037193162,105.3436874259694
2023-10-13,166.70184712003197,107.14101187201547
2023-10-16,165.87978733600124,106.60946531027918
2023-10-17,166.12170376737708,106.76445294974195
2023-10-18,167.50832005995255,107.65538221474198
2023-10-19,168.42296506570085,108.23019755685381
2023-10-20,168.61600776692146,108.35371821482549
2023-10-23,167.26270757753173,107.48398601314202
2023-10-24,167.7561789180535,107.78824621363704
2023-10-25,168.66995378537945,108.36063525146886
2023-10-26,169.01857966365066,108.5701588302333
2023-10-27,170.151645540797,109.27197016663798
2023-10-30,169.6631845927635,108.9457008095101
2023-10-31,169.98991016622483,109.14012648059051
2023-11-01,169.83501077103693,109.0406570625075
2023-11-02,170.33597273142198,109.32143085285415
2023-11-03,171.4909034732663,109.9991169533185
2023-11-06,171.20765964864935,109.78378051815758
2023-11-07,171.611509107641,110.00920337490794
2023-11-08,171.74010589781565,110.08467447546914
2023-11-09,171.1045688813284,109.66192367606511
2023-11-10,171.61118164054173,109.96869127709355
2023-11-13,171.65975089253968,109.99931720796873
2023-11-14,175.03361478703346,112.14061498702497
2023-11-15,174.72148703313303,111.93981660619039
2023-11-16,175.41915892456632,112.38658410928876
2023-11-17,175.89824754532688,112.69298730598922
2023-11-20,176.41868348693075,113.026227821786
2023-11-21,176.5604488862556,113.11671841705719
2023-11-22,176.7692987097023,113.25037098789883
2023-11-24,176.89684137162212,113.33194134945262
2023-11-27,177.59225922744733,113.77730719730172
2023-11-28,178.56478380340118,114.4001819097646
2023-11-29,179.21227892205957,114.81483174803911
2023-11-30,179.0068849561214,114.6829708837314
2023-12-01,180.98153498400742,115.94796679504452
2023-12-04,179.5820267540105,115.05098098127843
2023-12-05,179.77217916681852,115.17218105996446
2023-12-06,179.9852137845246,115.30818130094416
2023-12-07,180.27975017923393,115.49679765392133
2023-12-08,179.6369589720756,115.0790395659197
2023-12-11,179.62171880741258,115.06859863554226
2023-12-12,180.05167341859655,115.34368154175743
2023-12-13,183.3591432663429,117.45671904134268
2023-12-14,185.24683221354633,118.66500091892095
2023-12-15,184.34072329452667,118.08419452892913
2023-12-18,184.30770542180028,118.0628937916197
2023-12-19,185.21901594697707,118.6464546764759
2023-12-20,184.5181729611877,118.19735277981522
2023-12-21,185.67173182567024,118.93595606309637
2023-12-22,185.52357851354157,118.84081482618099
2023-12-26,186.25523644705873,119.30940167879412
2023-12-27,187.35304611050532,120.01245046657489
2023-12-28,186.99373407357209,119.78210249591251
2023-12-29,186.33560954321806,119.36029361117949
2024-01-02,185.3741546899784,118.74430437320594
2024-01-03,184.48292059129645,118.16743202565837
2024-01-04,183.83556006809434,117.75242666184981
2024-01-05,183.6316083071508,117.62163135556357
2024-01-08,184.76903671400484,118.35002670929043
2024-01-09,184.28471158559404,118.03965676998527
2024-01-10,184.36869273732722,118.09326430161356
2024-01-11,184.85506948248013,118.40468975635898
2024-01-12,185.3689487941379,118.73368139109986
2024-01-16,184.25904192588163,118.00207339659873
2024-01-17,183.50369954655434,117.50780986125623
2024-01-18,184.0497591539264,117.84234413316607
2024-01-19,184.54687760009205,118.15379123041171
2024-01-22,184.9146957483466,118.38508554049925
2024-01-23,184.8105490002149,118.31177244078292
2024-01-24,184.67441898652055,118.21388705188876
2024-01-25,185.83744218428,118.95813525000828
2024-01-26,185.82532503408206,118.95012714086631
2024-01-29,186.5201520781981,119.37807551342028
2024-01-30,186.63716650850415,119.45286426009723
2024-01-31,186.33428895935327,119.25293737403136
2024-02-01,187.44068328971193,119.95484434548001
2024-02-02,186.7591729815236,119.50834059715751
2024-02-05,186.0396415745485,119.02949807554835
2024-02-06,186.9782348326325,119.60568183828549
2024-02-07,187.10029547604125,119.68345292184271
2024-02-08,187.28193062267457,119.75760697339109
2024-02-09,187.72744084302985,120.04238089753466
2024-02-12,187.94335694524528,120.18000257308455
2024-02-13,186.88666006283918,119.47246487787649
2024-02-14,187.7100152902594,119.96664450001198
2024-02-15,188.49209438128918,120.46628264154434
2024-02-16,188.73761201034335,120.61463061378524
2024-02-20,188.61193742604158,120.52574285909027
2024-02-21,188.66937834770192,120.56214624489527
2024-02-22,190.09698889070415,121.4743428479011
2024-02-23,190.10913855803722,121.46735273204554
2024-02-26,189.73968009741512,121.2300742979379
2024-02-27,190.17264113952118,121.49083637741846
2024-02-28,189.78735174600735,121.22881287427796
2024-02-29,190.2156282208396,121.50188403589696
2024-03-01,191.88898741851233,122.55611782112959
2024-03-04,192.47831631231608,122.93199999637034
2024-03-05,192.26136631554846,122.76838192933972
2024-03-06,193.22031413288164,123.36825680210296
2024-03-07,193.74981365577418,123.70570412922163
2024-03-08,193.79109454888686,123.73173013310034
2024-03-11,193.7607522382219,123.71224250668163
2024-03-12,193.73118579458279,123.69320802669874
2024-03-13,194.1462520472037,123.93397405395582
2024-03-14,193.87623912002636,123.71855012441004
2024-03-15,193.69733305161904,123.60349722549391
2024-03-18,194.232759590325,123.94429897291084
2024-03-19,194.57402992134865,124.16181591482842
2024-03-20,195.59470176802608,124.805079684214
2024-03-21,195.6908426187695,124.85049826699034
2024-03-22,195.52933255215916,124.72983539296672
2024-03-25,195.34858880780163,124.60843583186234
2024-03-26,195.25520888610964,124.54881211238119
2024-03-27,196.43625151488044,125.28929827764311
2024-03-28,196.80792478286577,125.52595877147452
2024-04-01,196.80788578528313,125.48919975093783
2024-04-02,197.29768312221145,125.79298411948224
2024-04-03,197.92779231426482,126.1942605213226
2024-04-04,197.2167677710873,125.74056314523179
2024-04-05,198.18149821189647,126.35520623358624
2024-04-08,198.8459012419701,126.77032724404681
2024-04-09,199.3508619292127,127.09217110460548
2024-04-10,198.6381485505478,126.60163924954942
2024-04-11,199.89032421009944,127.39889737640212
2024-04-12,198.57269849830755,126.53899917749837
2024-04-15,200.4136602601854,127.66907860238891
2024-04-16,199.9545682854028,127.37620035845615
2024-04-17,198.59234921066155,126.50827940359282
2024-04-18,198.93585131493333,126.72670087302349
2024-04-19,199.4226409688576,127.0363891512388
2024-04-22,197.06191638183932,125.53206711675887
2024-04-23,197.27605969237106,125.62435146036525
2024-04-24,197.10268045620148,125.46978315266387
2024-04-25,197.5647583067966,125.7420067796274
2024-04-26,198.32963016020338,126.22780408625343
2024-04-29,198.41940130670062,126.23368863055467
2024-04-30,196.83634069233494,125.17529822419033
2024-05-01,197.3375160626028,125.4809241067148
2024-05-02,197.88458456583106,125.78657365661763
2024-05-03,198.5874842975952,126.20297005396799
2024-05-06,199.63444134313667,126.84904074119707
2024-05-07,199.6892800293749,126.86332311120142
2024-05-08,199.51024751104188,126.72901829551083
2024-05-09,200.27113909963103,127.19170260843235
2024-05-10,200.5096345182352,127.3059773705748
2024-05-13,200.4897669737794,127.2636608575735
2024-05-14,201.17578365848817,127.68346987262383
2024-05-15,202.7569375414936,128.67914950973474
2024-05-16,202.51590160332157,128.52590816905834
2024-05-17,203.0414774856591,128.85916904331637
2024-05-20,203.044509525419,128.86064356170704
2024-05-21,203.14949815532412,128.9272204915546
2024-05-22,202.3487740787762,128.41877555102542
2024-05-23,201.31379824858638,127.75572868974893
2024-05-24,201.7994440518617,128.06314453541341
2024-05-28,201.93539821982583,128.12144775045766
2024-05-29,200.861153325178,127.39132420332098
2024-05-30,201.07663646285368,127.4668131176394
2024-05-31,201.5341732003477,127.75035161406406
2024-06-03,202.66688009101696,128.44670684417764
2024-06-04,202.97789612032855,128.62470011260072
2024-06-05,204.26148153263256,129.41915957924408
2024-06-06,204.70682973983062,129.70110156595422
2024-06-07,203.3126904980563,128.79586401993404
2024-06-10,203.5120837715322,128.9214484291253
2024-06-11,203.6379666314717,129.0008653769742
2024-06-12,204.66862437169152,129.6534126544184
2024-06-13,204.96412076685817,129.83992240738337
2024-06-14,205.31272403232668,130.05033497392196
2024-06-17,205.29810866598342,130.0262908112867
2024-06-18,206.1076001213828,130.53883668051245
2024-06-20,206.31741167715333,130.66505993124036
2024-06-21,206.12539220423403,130.52765815778022
2024-06-24,206.3443462683209,130.65673087824445
2024-06-25,206.29035674889013,130.61931953327596
2024-06-26,205.7987054715354,130.2982678325573
2024-06-27,206.24958345446308,130.58331971334655
2024-06-28,205.55372009996344,130.14257247688496
2024-07-01,205.4859206611619,130.08609281850664
2024-07-02,206.0523779708414,130.44438514553966
2024-07-03,207.23155818090274,131.17719168877468
2024-07-05,208.11780944919565,131.73787552614874
2024-07-08,207.9050790922296,131.60295001790445
2024-07-09,207.7436981192447,131.50069190334048
2024-07-10,208.55251337675693,132.0124946393092
2024-07-11,209.85283588036594,132.81605419560898
2024-07-12,210.47884792177544,133.21188664688506
2024-07-15,209.86834565634922,132.8252976416223
2024-07-16,211.19149118293055,133.66239988346925
2024-07-17,210.5817402780181,133.2761029079866
2024-07-18,209.40533297040207,132.52797573553104
2024-07-19,208.5827006112467,131.98596794629518
2024-07-22,209.27929232264353,132.40545930597716
2024-07-23,209.21183319639184,132.34045037329173
2024-07-24,207.99113130221969,131.54901401553806
2024-07-25,208.42651023370803,131.80220622068074
2024-07-26,209.51482121620708,132.47068692901345
2024-07-29,209.84405952147435,132.67866674969378
2024-07-30,210.13899742285207,132.86497291526518
2024-07-31,212.3210638092258,134.21723406582515
2024-08-01,212.56429493989495,134.34331402446048
2024-08-02,213.94284596546578,135.17721474299887
2024-08-05,212.7543408238901,134.42497765153854
2024-08-06,212.16609175036615,134.05245582540226
2024-08-07,211.6755114715955,133.7418400681707
2024-08-08,212.21658700001188,134.0834870995754
2024-08-09,212.9244749851198,134.53008263910218
2024-08-12,213.74883032053285,135.04310657896275
2024-08-13,214.72691498959804,135.65003177969658
2024-08-14,215.17363096084733,135.91409518123666
2024-08-15,215.53231361875572,136.1202299965929
2024-08-16,216.55413192749984,136.76522325079057
2024-08-19,217.51942527835095,137.37075295354
2024-08-20,217.65251275250526,137.45298834469816
2024-08-21,218.26080585644428,137.83696550282937
2024-08-22,217.20087312595544,137.16362330763548
2024-08-23,219.2987334472563,138.48454112748055
2024-08-26,219.18433232227284,138.4069148526281
2024-08-27,219.35555493014172,138.50965537916872
2024-08-28,218.6659613733881,138.07410138828655
2024-08-29,218.67339732396286,138.07870692848402
2024-08-30,218.58690186779842,138.02020064779632
2024-09-03,218.24038634463932,137.7919754716583
2024-09-04,219.02234716476937,138.28514576766855
2024-09-05,219.63036140445848,138.6688991655311
2024-09-06,219.10867490096592,138.3283898182786
2024-09-09,219.9441144453715,138.8555055548042
2024-09-10,220.44953790571452,139.173601765204
2024-09-11,220.74744468636396,139.35080356408193
2024-09-12,221.5662267501446,139.86356451760406
2024-09-13,222.57710722537823,140.49254081083703
2024-09-16,223.34502161090646,140.97710631009537
2024-09-17,222.9859754144028,140.75032322122192
2024-09-18,222.16418779697233,140.23141769121742
2024-09-19,223.58232034060597,141.12614236902172
2024-09-20,223.56194585661623,141.11265899903307
2024-09-23,223.65794993130226,141.17315202971318
2024-09-24,224.9052796248608,141.96029771959192
2024-09-25,223.91614440114472,141.33505178647593
2024-09-26,224.89253299851566,141.95092938999719
2024-09-27,225.05891970868439,142.05513926223972
2024-09-30,224.49428975136814,141.69863417705352
2024-10-01,224.76671878814705,141.8704516361644
2024-10-02,224.89126624178752,141.92849894543482
2024-10-03,224.43932060926534,141.63520226809604
2024-10-04,224.74078644027125,141.8025814266535
2024-10-07,224.30039540675543,141.50280969299243
2024-10-08,223.7142797596292,141.1112346023732
2024-10-09,223.76025606072412,141.1184787926603
2024-10-10,224.29244228140587,141.44154448657295
2024-10-11,225.32870204499181,142.08232982139052
2024-10-14,225.5033990901602,142.19229665202187
2024-10-15,225.38952994158706,142.10367892682365
2024-10-16,226.25605207535173,142.61737168262096
2024-10-17,226.21863219193196,142.56103415556092
2024-10-18,227.51921822509357,143.36915905404535
2024-10-21,226.90013667349433,142.9674920922746
2024-10-22,227.53483014123597,143.36157803796425
2024-10-23,226.74440815705893,142.86333765359174
2024-10-24,227.00619540688814,143.02250384402365
2024-10-25,227.05999518584272,143.05057462408428
2024-10-28,227.50744274515043,143.3266457978218
2024-10-29,228.02066068153496,143.63634582678594
2024-10-30,227.55494917475576,143.32945762421102
2024-10-31,225.82269268024083,142.1627101361384
2024-11-01,226.11309426323118,142.33430621397517
2024-11-04,226.5552260584485,142.54128820926405
2024-11-05,227.21423120421466,142.95568303435223
2024-11-06,227.93043501531457,143.3998858999126
2024-11-07,229.07867072807383,144.11576910036396
2024-11-08,229.68210892447507,144.47743834320323
2024-11-11,229.9880528670743,144.63375520800778
2024-11-12,229.70049944269914,144.45265708416545
2024-11-13,230.1629124489934,144.74285395639953
2024-11-14,229.9809206521291,144.62804611335852
2024-11-15,229.48974522305303,144.3190662892992
2024-11-18,229.49458921346147,144.3218440744213
2024-11-19,229.77506792013824,144.49800786272417
2024-11-20,230.11560246333735,144.71211384744942
2024-11-21,230.89907092519857,145.18131257017316
2024-11-22,231.86171507593502,145.77137594836327
2024-11-25,232.3415956442204,146.05198411578743
2024-11-26,232.47252430849906,146.1340325814609
2024-11-27,232.37408591387393,146.07200752686757
2024-11-29,233.04257617677973,146.43091225803744
2024-12-02,233.116813491094,146.47697143274354
2024-12-03,232.88164376877126,146.3248640196769
2024-12-04,233.5832746282735,146.76137873229337
2024-12-05,233.30092705840283,146.58384521266254
2024-12-06,233.80649447791197,146.89089476046897
2024-12-09,233.57040273039308,146.72765749885727
2024-12-10,233.64994524416193,146.76737186730014
2024-12-11,234.06388393200027,147.01741894476604
2024-12-12,233.4148758534443,146.55233833104683
2024-12-13,233.2410462993742,146.42807236527875
2024-12-16,233.42820202699997,146.54501052134952
2024-12-17,233.01336009652385,146.28385185778095
2024-12-18,235.06905317385161,147.4750122866644
2024-12-19,235.53012453097242,147.73965642380386
2024-12-20,235.93464172819637,147.93012193459515
2024-12-23,236.84861148400694,148.50299179368557
2024-12-24,238.2688544826427,149.39279426151813
2024-12-26,238.33183327277058,149.3579564192671
2024-12-27,237.60648541510466,148.82908718580097
2024-12-30,238.3475482216594,149.2473153677831
2024-12-31,239.62389046517805,150.04644920771815
2025-01-02,240.98002932338272,150.8082517177493
2025-01-03,241.5953967699071,151.17035254783477
2025-01-06,241.4503300428216,151.0791512271739
2025-01-07,241.48803593144814,151.07994439405255
2025-01-08,241.90794528382443,151.3230983641905
2025-01-10,244.61509957829182,152.9395894321928
2025-01-13,245.04218757900065,153.2064794665454
2025-01-14,244.21469863882947,152.68863426189478
2025-01-15,246.57194529010772,154.07091009160143
2025-01-16,246.70481086116024,154.13391083616628
2025-01-17,247.16604250646677,154.40033821371102
2025-01-21,247.91544519724727,154.84269828558607
2025-01-22,248.00511892513202,154.8971120453084
2025-01-23,248.19019814042625,155.00041604622797
2025-01-24,248.43632995133237,155.15372936676792
2025-01-27,248.58061844060873,155.18411337064367
2025-01-28,249.10656760272698,155.50303715915908
2025-01-29,248.95476757222207,155.3874505014605
2025-01-30,250.16123190461633,156.1202993891516
2025-01-31,249.5827457808199,155.73900622530118
2025-02-03,249.43624186930754,155.63803805646438
2025-02-04,250.32146535111315,156.16202602047107
2025-02-05,251.43704976195616,156.84080931211994
2025-02-06,251.42873523106257,156.83127404361784
2025-02-07,250.6570336315226,156.34510429888292
2025-02-10,251.6256887764306,156.94907297686223
2025-02-11,251.45609202502803,156.81602959463186
2025-02-12,251.17025343516502,156.6069269779899
2025-02-13,253.09709820290894,157.7489948487978
2025-02-14,253.3657421385795,157.911362326538
2025-02-18,253.95877482296743,158.2700520349075
2025-02-19,253.95163905815764,158.26502368774626
2025-02-20,254.5127373883957,158.6042372784749
2025-02-21,254.15859380816,158.37803007763495
2025-02-24,254.28193660674384,158.44261255303215
2025-02-25,255.32546609515467,159.09256315828267
2025-02-26,255.8988562989582,159.449325439035
2025-02-27,254.40480799404634,158.5179218456402
2025-02-28,255.0556960195854,158.90381041725365
2025-03-03,256.0005203602666,159.46256813242454
2025-03-04,255.71848576341506,159.27538567730141
2025-03-05,256.8630207522523,159.98771131067977
2025-03-06,255.5284284430493,159.15546060614992
2025-03-07,255.81948866126396,159.3363105965413
2025-03-10,254.76394227131965,158.6786999333396
2025-03-11,254.81969835264903,158.66307980676999
2025-03-12,254.93145161961397,158.68933346127173
2025-03-13,256.0172957808958,159.32191153675703
2025-03-14,256.68599045729036,159.7378067857097
2025-03-17,258.00184340511265,160.50674542848014
2025-03-18,258.2919298024067,160.64684529580583
2025-03-19,259.35820658662965,161.2699334180078
2025-03-20,258.8002428771028,160.92220485610966
2025-03-21,257.86360181371305,160.32993668169624
2025-03-24,257.65574820633543,160.19109451370562
2025-03-25,258.13289463735526,160.47815026135098
2025-03-26,256.9650664874816,159.7120174607136
2025-03-27,257.9342209018448,160.29656945508583
2025-03-28,258.4339064808051,160.58914760966894
2025-03-31,259.7799647297541,161.4032101132446
2025-04-01,260.2755377267881,161.69772681418908
2025-04-02,260.7533252478128,161.9584883650682
2025-04-03,261.25742982466875,162.1894498780378
2025-04-04,260.82907845856437,161.92301820668598
2025-04-07,256.0624740164187,158.91458142853986
2025-04-08,257.45642532251685,159.65235645000905
2025-04-09,260.4909499620376,161.41827347290797
2025-04-10,266.8530713726216,165.24356979484756
2025-04-11,271.9464064981213,168.39751842271934
2025-04-14,270.39468655409246,167.43664605368767
2025-04-15,271.8094941289462,168.31273810329037
2025-04-16,274.77183686821854,170.01630327120725
2025-04-17,273.5653983364151,169.13768216242454
2025-04-21,279.60310144346676,172.80489662818093
2025-04-22,279.82984395099663,172.87072697858372
2025-04-23,280.21584124809175,173.06108161498696
2025-04-24,282.5331021009252,174.36802972701847
2025-04-25,282.64760353617305,174.40504570095246
2025-04-28,283.6685715016546,175.03488178003155
2025-04-29,284.01126227484434,175.2283558191068
2025-04-30,283.13572071020263,174.66007022170794
2025-05-01,282.3177703151022,174.1194514113834
2025-05-02,283.78308644232595,175.0086232323151
2025-05-05,285.17381125280747,175.8063593465867
2025-05-06,286.1672909157039,176.3507381697201
2025-05-07,285.7122565180335,176.0580952743056
2025-05-08,284.74730877121107,175.4030962755499
2025-05-09,285.9712571365119,176.13950994526297
2025-05-12,288.42363069149206,177.60752869313984
2025-05-13,288.88662717519105,177.84979958034174
2025-05-14,287.5703717592323,177.00031724878997
2025-05-15,289.65649545967426,178.26098559090067
2025-05-16,290.0502173093379,178.45729751533506
2025-05-19,290.76453679417295,178.89667273005364
2025-05-20,291.95127789319554,179.5806231806836
2025-05-21,291.10704900350646,179.0400607531453
2025-05-22,290.3060631621653,178.54708459253033
2025-05-23,291.65898120039435,179.37904578146328
2025-05-27,293.29919650813025,180.32927668106598
2025-05-28,292.270903024263,179.6964192756188
2025-05-29,293.5544519541311,180.4377652286119
2025-05-30,293.42338809983517,180.35697684127584
2025-06-02,295.34422095462475,181.52967884074755
2025-06-03,295.1957628032922,181.39247554840145
2025-06-04,296.4317993651967,182.10586214786872
2025-06-05,296.53272909625906,182.1673665669753
2025-06-06,296.77914989036634,182.27280094528126
2025-06-09,297.9959083366356,183.01980684474066
2025-06-10,298.647919641817,183.3742120535253
2025-06-11,299.5068096123582,183.90136652378246
2025-06-12,300.9919760824811,184.79718873400097
2025-06-13,300.460054475214,184.45444073173422
2025-06-16,300.28745858993284,184.34804187384896
2025-06-17,300.87263268114117,184.7068500686812
2025-06-18,300.8646298650279,184.68580622072258
2025-06-20,300.6446927986877,184.55064325863788
2025-06-23,301.0384069375755,184.79220153096108
2025-06-24,301.8276346213208,185.2762130609064
2025-06-25,301.5429758385899,185.101001122419
2025-06-26,302.74005670788955,185.83520504440276
2025-06-27,302.0815160045296,185.4199256473297
2025-06-30,303.46729380790407,186.27032762117045
2025-07-01,303.83297708991006,186.48371526786562
2025-07-02,304.4370038046488,186.85439820543039
2025-07-03,304.16891295452695,186.68962252736543
2025-07-07,302.81382412379526,185.84112939466456
2025-07-08,302.7815395698017,185.80925722312065
2025-07-09,303.907369456343,186.48220971040968
2025-07-10,304.2105278857258,186.65715003417085
2025-07-11,304.2688380029554,186.67604422459945
2025-07-14,303.98381182893627,186.50076399978065
2025-07-15,303.09342541046004,185.92870478410893
2025-07-16,303.9910278050069,186.4536188166711
2025-07-17,304.734392245001,186.88352810401955
2025-07-18,304.8860385019818,186.97644216265886
2025-07-21,306.41773572407527,187.8897443384087
2025-07-22,307.6357090904644,188.63636891933749
2025-07-23,307.8080345502331,188.74186961069262
2025-07-24,307.2180621369427,188.37977168672128
2025-07-25,307.01847676592143,188.25715528543478
2025-07-28,306.7503932030256,188.06773506507454
2025-07-29,308.4965920329519,189.13773390518833
2025-07-30,307.5252084229384,188.54159125550007
2025-07-31,307.29053722454546,188.37716147825145
2025-08-01,308.02928916532755,188.81931055933057
2025-08-04,309.1737602801891,189.5010908614964
2025-08-05,309.3501920789367,189.60911484105037
2025-08-06,309.1079583066296,189.45521085810887
2025-08-07,309.5076455977177,189.7000266998852
2025-08-08,309.43951606294246,189.64778402870218
2025-08-11,309.08463400770313,189.43012946622423
2025-08-12,309.58277968348546,189.72489668602668
2025-08-13,311.04411780728265,190.6001573252439
2025-08-14,310.0594944697914,189.976404073622
2025-08-15,309.8388584197281,189.82899247061252
2025-08-18,309.8563286123228,189.8127974003454
2025-08-19,310.40738570355205,190.1217845655881
2025-08-20,310.7269232916923,190.30127382633907
2025-08-21,310.12144375394723,189.9257890995386
2025-08-22,312.78679817665454,191.55007172126594
2025-08-25,311.9621014437632,191.04404581166204
2025-08-26,312.149772305033,191.15866297299723
2025-08-27,312.2821916291238,191.23891668068666
2025-08-28,312.9048565050768,191.61964822062728
2025-08-29,312.48739387938167,191.36284113211727
2025-09-02,312.4607132955109,191.333213878289
2025-09-03,313.63202921628147,192.03729979839068
2025-09-04,314.72931499440404,192.7073720373944
2025-09-05,316.1626095818729,193.5847487716213
2025-09-08,317.47514443906016,194.36882480345085
2025-09-09,317.1574778398873,194.15449268324193
2025-09-10,317.8515313931916,194.57832637329102
2025-09-11,319.72147577736087,195.70334215450168
2025-09-12,319.49058666877465,195.5423143649277
2025-09-15,320.7074116530507,196.267381825062
2025-09-16,320.80115633863323,196.31963749838752
2025-09-17,320.05955442759597,195.86071550284197
2025-09-18,319.9031017694816,195.76415612316632
2025-09-19,320.2733016399745,195.97077274658878
2025-09-22,320.9722420869467,196.37849708624185
2025-09-23,321.3949937226661,196.63216272028086
2025-09-24,320.7637777885198,196.22608340700748
2025-09-25,320.6551000271671,196.15889109298527
2025-09-26,321.437211590105,196.63676443144843
2025-09-29,322.62333698325637,197.35793375578447
2025-09-30,322.8800313771992,197.51480046868028
2025-10-01,323.9181882512909,198.14764568132514
2025-10-02,324.03857141075883,198.221106030271
2025-10-03,324.38145059624674,198.43029604285292
2025-10-06,324.60869532031836,198.56776690147126
2025-10-07,324.45759792228694,198.4748439739325
2025-10-08,325.28582820366944,198.97095185394488
2025-10-09,324.40923794826523,198.43434595876857
2025-10-10,323.15935527636515,197.6220870507976
2025-10-13,325.88950825126597,199.24572888679103
2025-10-14,326.1114558312694,199.37868015993797
2025-10-15,327.48517989419105,200.2078212283244
2025-10-16,328.13264017852214,200.60215779312531
2025-10-17,327.68474132208104,200.32764977770123
2025-10-20,329.7057515735515,201.5626302650052
2025-10-21,327.8457496038044,200.42483923426826
2025-10-22,327.725679001619,200.34918410448262
2025-10-23,328.30762359711537,200.7003239639868
2025-10-24,328.9173494068172,201.07281276997028
2025-10-27,329.2643444071195,201.2803852307892
2025-10-28,328.95079606927186,201.08827818640898
2025-10-29,328.16361253339835,200.59637678098093
2025-10-30,327.56933149857343,200.23223470081518
2025-10-31,327.2340429311155,200.02659165364076
2025-11-03,327.28017176069767,199.98225533031638
2025-11-04,325.6545200236557,198.98863817912775
2025-11-05,326.5893344660763,199.53722384262363
2025-11-06,326.38226537733635,199.34282026709568
2025-11-07,326.565103531946,199.4538756336054
2025-11-10,328.67994372739173,200.74541594920706
2025-11-11,329.8429909124984,201.41336034523337
2025-11-12,330.4836800817141,201.76204455960266
2025-11-13,328.0498957153986,200.20682956886063
2025-11-14,326.76952723021,199.35395018456097
2025-11-17,325.3183744088659,198.39493181814706
2025-11-18,326.53190493862047,199.11216233332576
2025-11-19,328.35629643224064,200.16099761019152
2025-11-20,328.32719208835783,200.03378005248194
2025-11-21,328.7936168843938,200.2444372228147
2025-11-24,330.1113161231106,200.99212980020988
2025-11-25,330.97823274645987,201.49509919379727
2025-11-26,332.21754145713146,202.22826044912733
2025-11-28,332.76288102702654,202.55983506128865
2025-12-01,332.0387834156512,202.09387513814818
2025-12-02,332.4377449264997,202.33572516280358
2025-12-03,332.74945958688016,202.52526057065475
2025-12-04,332.51020472282164,202.3786316264056
2025-12-05,332.74495893675896,202.51522628366652
2025-12-08,332.1358987322772,202.06267251241783
2025-12-09,332.6907010328542,202.39961266844514
2025-12-10,334.44943279527166,203.37672816105754
2025-12-11,335.10358747277417,203.7363977721122
2025-12-12,333.5771786252935,202.72553452114235
2025-12-15,334.6024809739054,203.34837824729138
2025-12-16,334.5659467765752,203.25385668681784
2025-12-17,334.7984027501175,203.37389283698204
2025-12-18,335.7791457155687,203.91281433205074
2025-12-19,336.644279459503,204.39814448831882
2025-12-22,337.79917494232757,205.09887643247825
2025-12-23,339.0099478831585,205.83344663131112
2025-12-24,339.777012432341,206.2611850969795
2025-12-26,340.8852147713506,206.93377927704682
2025-12-29,339.664448758721,206.19236334192124
2025-12-30,340.1095443173441,206.44861317163299
2025-12-31,338.54918935772866,205.45192366408074
2026-01-02,339.93850898662805,206.29250040851338
2026-01-05,341.92780923494337,207.46181367739902
2026-01-06,342.98164492724504,208.08726754695417
2026-01-07,342.54568333492426,207.79246201704345
2026-01-08,343.1841791429424,208.14715529099584
2026-01-09,344.4223300741019,208.86800796632787
2026-01-12,345.3297678969173,209.4176579649786
2026-01-13,345.7548597232958,209.67459983107182
2026-01-14,346.653048679597,210.20462804406324
2026-01-15,346.61647239259685,210.18104699053282
2026-01-16,346.4798804300338,210.08318332998442
2026-01-20,345.20997054589424,209.2224360497643
2026-01-21,347.1023371659833,210.2791143019305
2026-01-22,347.6294931581833,210.57072675198984
2026-01-23,348.81909119298314,211.29105988330812
2026-01-26,349.7617410588841,211.84445710338812
2026-01-27,351.1999544638672,212.69791482107226
2026-01-28,351.3442082964718,212.78461542324564
2026-01-29,352.03634694365064,213.20311699399556
2026-01-30,348.7922737675866,211.2381491629257
2026-02-02,347.75143313392925,210.60544807933812
2026-02-03,348.64702271956867,211.1473586268
2026-02-04,348.6970711131559,211.14040386370363
2026-02-05,348.48152606130185,210.96929648006335
2026-02-06,350.90336034950224,212.40329423724774
2026-02-09,352.1842348613884,213.17704452221696
2026-02-10,352.9407477634649,213.6347476190607
2026-02-11,353.10147080405625,213.73136861560047
2026-02-12,353.224257217614,213.79144753408397
2026-02-13,354.54101935944544,214.58721647819735
2026-02-17,354.4383504948981,214.52477633889566
2026-02-18,354.98444548658136,214.8292604306023
2026-02-19,355.23906339792165,214.98278074087074
2026-02-20,356.1871576501344,215.5440015226098
2026-02-23,356.45649487873476,215.69609068492545
2026-02-24,356.7407830901342,215.85690672633282
2026-02-25,357.12715909533233,216.09037478443213
2026-02-26,357.27038771360924,216.17632981862553
2026-02-27,357.815445730307,216.49507724429873
2026-03-02,357.2648070504452,216.16157745170167
2026-03-03,357.09400484715053,215.9818808626001
2026-03-04,357.8339868165371,216.35498982586694
2026-03-05,357.3323029936746,215.97707535030167
2026-03-06,358.65354753090776,216.7248830064584
2026-03-09,359.6603284842428,217.28046357017496
2026-03-10,358.95744210593057,216.80548484898304
2026-03-11,358.85870722841565,216.6205302133722
2026-03-12,363.0363354776318,219.08036104647798
2026-03-13,364.63366473896525,219.98515160142065
2026-03-16,363.13946347331796,219.08258027060717
2026-03-17,364.0498440373032,219.63126116797199
2026-03-18,367.0661434961865,221.3691958687503
2026-03-19,362.3465586247675,218.52256417031637
2026-03-20,365.0602028171554,220.15877524606262
2026-03-23,359.6157928826296,216.87533834423675
2026-03-24,362.17947309885534,218.42009381191437
2026-03-25,362.3293038551762,218.51038306477224
2026-03-26,365.06988389734045,220.1628382652288
2026-03-27,367.9827774668004,221.91943596718042
2026-03-30,371.5678098902292,224.0810643754937
2026-03-31,368.3601917519006,222.1465874224493
2026-04-01,366.69341529535836,221.14104640063638
2026-04-02,372.9894746184758,224.93768932804596
2026-04-06,373.3392989932312,225.02134582761445
2026-04-07,372.86851201845366,224.73726193446282
2026-04-08,375.9387382512276,226.47217946363602
2026-04-09,376.36552502994454,226.67517608727587
2026-04-10,375.7721453577027,226.22688447485874
2026-04-13,377.14663614169785,226.9633134945517
2026-04-14,379.05638463374737,228.08025936999528
2026-04-15,378.9016751371257,227.9870276447886
2026-04-16,379.73582625765647,228.3796628801455
2026-04-17,381.8923250954055,229.56701780418987
2026-04-20,381.87826660759737,229.55826082379753
2026-04-21,380.47140110508406,228.64534841809643
2026-04-22,381.2913295192159,229.08268937398495
2026-04-23,381.10594546024606,228.91580597165125
2026-04-24,381.7450656316968,229.24415125470523
2026-04-27,381.62379525313514,229.0449190363517
2026-04-28,381.9082536464595,229.15953649606143
2026-04-29,382.1173680974505,229.2656174955853
2026-04-30,385.4842231885089,231.2243665491072
2026-05-01,385.2780567390619,231.1001216702629
2026-05-04,383.9812073459094,230.3220597332671
2026-05-05,385.79812605114745,231.41149656367648
2026-05-06,388.39822072263837,232.86093516206185
2026-05-07,386.26651418381743,231.47203405773277
2026-05-08,388.0659875885419,232.4414479451595
2026-05-11,388.4608781679789,232.61312776073362
2026-05-12,387.5603038042909,232.01214943925748
2026-05-13,388.30083366488,232.45501305721984
2026-05-14,388.331410518311,232.417205615349
2026-05-15,386.00196138870405,231.0186537764468
2026-05-18,386.79933592150405,231.4915103909219
2026-05-19,386.6572034099922,231.3223675558645
2026-05-20,388.7161126515705,232.4730817417058
2026-05-21,389.2822274594631,232.80719196967934
2026-05-22,389.4270136166456,232.8893170062705
2026-05-26,391.30209815825106,233.95758174616236
2026-05-27,391.2564820887215,233.87475042990368
2026-05-28,391.8629203055108,234.21566376295158
2026-05-29,391.8292073389413,234.195377561192
2026-06-01,392.08006690233077,234.34182900134795
2026-06-02,392.6795858953702,234.69945592818723
2026-06-03,391.8195377953332,234.1851679616909
2026-06-04,392.62349679038186,234.66488952443999
2026-06-05,389.31793185010935,232.5791585073905
2026-06-08,389.7713448040086,232.84257818497892
2026-06-09,390.82265176405537,233.41949980834787
2026-06-10,389.50902024443224,232.56859510450474
2026-06-11,392.62607284302214,234.313203243986
2026-06-12,392.87469291652747,234.46045316229907
2026-06-15,393.82229878547383,235.02578182518843
2026-06-16,393.8611545265424,235.0486515386756
2026-06-17,393.2896938881685,234.692751650918
2026-06-18,395.27085739050995,235.87399826589888
2026-06-22,394.96027861648423,235.67413843711273
2026-06-23,394.22666115454143,235.2361258704347
2026-06-24,395.5507662245126,236.0255954256662
2026-06-25,395.9045050138085,236.2364009024717
2026-06-26,396.04529809008744,236.30549989281891
2026-06-29,396.6555912357205,236.65481840145227
2026-06-30,395.58820875561304,236.01755317751628
2026-07-01,394.8615815940978,235.58324115754914
2026-07-02,395.32631051005296,235.85385174557845
2026-07-06,395.9864881651827,236.24107356288224
2026-07-07,396.0502429864121,236.16497726081903
2026-07-08,394.53061873003674,235.258652055901
2026-07-09,395.54324256002525,235.85043084247917
2026-07-10,396.06623238485565,236.16218557323836
2026-07-13,395.74179145428235,235.95664613954378
2026-07-14,395.8225687290908,236.0042752349287
2026-07-15,395.9803977960213,236.09789634431516
2026-07-16,396.8392399142938,236.6090228845106
2026-07-17,395.8605223977083,236.02431323657157
2026-07-20,395.9620227894567,236.03486776535277
2026-07-21,397.49341568755773,236.892927008538
2026-07-22,397.1743802113182,236.70248094641815
2026-07-23,399.4622148255895,237.93368925395015
2026-07-24,401.2462473395471,238.95783274105045
2026-07-27,401.5302590118635,239.11410439629896
2026-07-28,401.6816566329638,239.20412142343483
2026-07-29,401.3132382102205,238.97243080035918
2026-07-30,402.5893604678974,239.58258927720397
2026-07-31,402.6411717132658,239.57566129806446
