Date,SPY,EFA,EEM,AGG,TLT,LQD,HYG,GLD,SLV,USO,VNQ,UUP
2007-04-11,0.0,0.0,0.0,0.0,0.0,0.0,0.0,0.0,0.0,0.0,0.0,0.0
2007-04-12,0.0,0.0,0.0,0.0,0.0,0.0,0.0,0.0,0.0,0.0,0.0,0.0
2007-04-13,0.0,0.0,0.0,0.0,0.0,0.0,0.0,0.0,0.0,0.0,0.0,0.0
2007-04-16,0.0,0.0,0.0,0.0,0.0,0.0,0.0,0.0,0.0,0.0,0.0,0.0
2007-04-17,0.0,0.0,0.0,0.0,0.0,0.0,0.0,0.0,0.0,0.0,0.0,0.0
2007-04-18,0.0,0.0,0.0,0.0,0.0,0.0,0.0,0.0,0.0,0.0,0.0,0.0
2007-04-19,0.0,0.0,0.0,0.0,0.0,0.0,0.0,0.0,0.0,0.0,0.0,0.0
2007-04-20,0.0,0.0,0.0,0.0,0.0,0.0,0.0,0.0,0.0,0.0,0.0,0.0
2007-04-23,0.0,0.0,0.0,0.0,0.0,0.0,0.0,0.0,0.0,0.0,0.0,0.0
2007-04-24,0.0,0.0,0.0,0.0,0.0,0.0,0.0,0.0,0.0,0.0,0.0,0.0
2007-04-25,0.0,0.0,0.0,0.0,0.0,0.0,0.0,0.0,0.0,0.0,0.0,0.0
2007-04-26,0.0,0.0,0.0,0.0,0.0,0.0,0.0,0.0,0.0,0.0,0.0,0.0
2007-04-27,0.0,0.0,0.0,0.0,0.0,0.0,0.0,0.0,0.0,0.0,0.0,0.0
2007-04-30,0.0,0.0,0.0,0.0,0.0,0.0,0.0,0.0,0.0,0.0,0.0,0.0
2007-05-01,0.0,0.0,0.0,0.0,0.0,0.0,0.0,0.0,0.0,0.0,0.0,0.0
2007-05-02,0.0,0.0,0.0,0.0,0.0,0.0,0.0,0.0,0.0,0.0,0.0,0.0
2007-05-03,0.0,0.0,0.0,0.0,0.0,0.0,0.0,0.0,0.0,0.0,0.0,0.0
2007-05-04,0.0,0.0,0.0,0.0,0.0,0.0,0.0,0.0,0.0,0.0,0.0,0.0
2007-05-07,0.0,0.0,0.0,0.0,0.0,0.0,0.0,0.0,0.0,0.0,0.0,0.0
2007-05-08,0.0,0.0,0.0,0.0,0.0,0.0,0.0,0.0,0.0,0.0,0.0,0.0
2007-05-09,0.0,0.0,0.0,0.0,0.0,0.0,0.0,0.0,0.0,0.0,0.0,0.0
2007-05-10,0.0,0.0,0.0,0.0,0.0,0.0,0.0,0.0,0.0,0.0,0.0,0.0
2007-05-11,0.0,0.0,0.0,0.0,0.0,0.0,0.0,0.0,0.0,0.0,0.0,0.0
2007-05-14,0.0,0.0,0.0,0.0,0.0,0.0,0.0,0.0,0.0,0.0,0.0,0.0
2007-05-15,0.0,0.0,0.0,0.0,0.0,0.0,0.0,0.0,0.0,0.0,0.0,0.0
2007-05-16,0.0,0.0,0.0,0.0,0.0,0.0,0.0,0.0,0.0,0.0,0.0,0.0
2007-05-17,0.0,0.0,0.0,0.0,0.0,0.0,0.0,0.0,0.0,0.0,0.0,0.0
2007-05-18,0.0,0.0,0.0,0.0,0.0,0.0,0.0,0.0,0.0,0.0,0.0,0.0
2007-05-21,0.0,0.0,0.0,0.0,0.0,0.0,0.0,0.0,0.0,0.0,0.0,0.0
2007-05-22,0.0,0.0,0.0,0.0,0.0,0.0,0.0,0.0,0.0,0.0,0.0,0.0
2007-05-23,0.0,0.0,0.0,0.0,0.0,0.0,0.0,0.0,0.0,0.0,0.0,0.0
2007-05-24,0.0,0.0,0.0,0.0,0.0,0.0,0.0,0.0,0.0,0.0,0.0,0.0
2007-05-25,0.0,0.0,0.0,0.0,0.0,0.0,0.0,0.0,0.0,0.0,0.0,0.0
2007-05-29,0.0,0.0,0.0,0.0,0.0,0.0,0.0,0.0,0.0,0.0,0.0,0.0
2007-05-30,0.0,0.0,0.0,0.0,0.0,0.0,0.0,0.0,0.0,0.0,0.0,0.0
2007-05-31,0.0,0.0,0.0,0.0,0.0,0.0,0.0,0.0,0.0,0.0,0.0,0.0
2007-06-01,0.0,0.0,0.0,0.0,0.0,0.0,0.0,0.0,0.0,0.0,0.0,0.0
2007-06-04,0.0,0.0,0.0,0.0,0.0,0.0,0.0,0.0,0.0,0.0,0.0,0.0
2007-06-05,0.0,0.0,0.0,0.0,0.0,0.0,0.0,0.0,0.0,0.0,0.0,0.0
2007-06-06,0.0,0.0,0.0,0.0,0.0,0.0,0.0,0.0,0.0,0.0,0.0,0.0
2007-06-07,0.0,0.0,0.0,0.0,0.0,0.0,0.0,0.0,0.0,0.0,0.0,0.0
2007-06-08,0.0,0.0,0.0,0.0,0.0,0.0,0.0,0.0,0.0,0.0,0.0,0.0
2007-06-11,0.0,0.0,0.0,0.0,0.0,0.0,0.0,0.0,0.0,0.0,0.0,0.0
2007-06-12,0.0,0.0,0.0,0.0,0.0,0.0,0.0,0.0,0.0,0.0,0.0,0.0
2007-06-13,0.0,0.0,0.0,0.0,0.0,0.0,0.0,0.0,0.0,0.0,0.0,0.0
2007-06-14,0.0,0.0,0.0,0.0,0.0,0.0,0.0,0.0,0.0,0.0,0.0,0.0
2007-06-15,0.0,0.0,0.0,0.0,0.0,0.0,0.0,0.0,0.0,0.0,0.0,0.0
2007-06-18,0.0,0.0,0.0,0.0,0.0,0.0,0.0,0.0,0.0,0.0,0.0,0.0
2007-06-19,0.0,0.0,0.0,0.0,0.0,0.0,0.0,0.0,0.0,0.0,0.0,0.0
2007-06-20,0.0,0.0,0.0,0.0,0.0,0.0,0.0,0.0,0.0,0.0,0.0,0.0
2007-06-21,0.0,0.0,0.0,0.0,0.0,0.0,0.0,0.0,0.0,0.0,0.0,0.0
2007-06-22,0.0,0.0,0.0,0.0,0.0,0.0,0.0,0.0,0.0,0.0,0.0,0.0
2007-06-25,0.0,0.0,0.0,0.0,0.0,0.0,0.0,0.0,0.0,0.0,0.0,0.0
2007-06-26,0.0,0.0,0.0,0.0,0.0,0.0,0.0,0.0,0.0,0.0,0.0,0.0
2007-06-27,0.0,0.0,0.0,0.0,0.0,0.0,0.0,0.0,0.0,0.0,0.0,0.0
2007-06-28,0.0,0.0,0.0,0.0,0.0,0.0,0.0,0.0,0.0,0.0,0.0,0.0
2007-06-29,0.0,0.0,0.0,0.0,0.0,0.0,0.0,0.0,0.0,0.0,0.0,0.0
2007-07-02,0.0,0.0,0.0,0.0,0.0,0.0,0.0,0.0,0.0,0.0,0.0,0.0
2007-07-03,0.0,0.0,0.0,0.0,0.0,0.0,0.0,0.0,0.0,0.0,0.0,0.0
2007-07-05,0.0,0.0,0.0,0.0,0.0,0.0,0.0,0.0,0.0,0.0,0.0,0.0
2007-07-06,0.0,0.0,0.0,0.0,0.0,0.0,0.0,0.0,0.0,0.0,0.0,0.0
2007-07-09,0.0,0.0,0.0,0.0,0.0,0.0,0.0,0.0,0.0,0.0,0.0,0.0
2007-07-10,0.0,0.0,0.0,0.0,0.0,0.0,0.0,0.0,0.0,0.0,0.0,0.0
2007-07-11,0.0,0.0,0.0,0.0,0.0,0.0,0.0,0.0,0.0,0.0,0.0,0.0
2007-07-12,0.0,0.0,0.0,0.0,0.0,0.0,0.0,0.0,0.0,0.0,0.0,0.0
2007-07-13,0.0,0.0,0.0,0.0,0.0,0.0,0.0,0.0,0.0,0.0,0.0,0.0
2007-07-16,0.0,0.0,0.0,0.0,0.0,0.0,0.0,0.0,0.0,0.0,0.0,0.0
2007-07-17,0.0,0.0,0.0,0.0,0.0,0.0,0.0,0.0,0.0,0.0,0.0,0.0
2007-07-18,0.0,0.0,0.0,0.0,0.0,0.0,0.0,0.0,0.0,0.0,0.0,0.0
2007-07-19,0.0,0.0,0.0,0.0,0.0,0.0,0.0,0.0,0.0,0.0,0.0,0.0
2007-07-20,0.0,0.0,0.0,0.0,0.0,0.0,0.0,0.0,0.0,0.0,0.0,0.0
2007-07-23,0.0,0.0,0.0,0.0,0.0,0.0,0.0,0.0,0.0,0.0,0.0,0.0
2007-07-24,0.0,0.0,0.0,0.0,0.0,0.0,0.0,0.0,0.0,0.0,0.0,0.0
2007-07-25,0.0,0.0,0.0,0.0,0.0,0.0,0.0,0.0,0.0,0.0,0.0,0.0
2007-07-26,0.0,0.0,0.0,0.0,0.0,0.0,0.0,0.0,0.0,0.0,0.0,0.0
2007-07-27,0.0,0.0,0.0,0.0,0.0,0.0,0.0,0.0,0.0,0.0,0.0,0.0
2007-07-30,0.0,0.0,0.0,0.0,0.0,0.0,0.0,0.0,0.0,0.0,0.0,0.0
2007-07-31,0.0,0.0,0.0,0.0,0.0,0.0,0.0,0.0,0.0,0.0,0.0,0.0
2007-08-01,0.0,0.0,0.0,0.0,0.0,0.0,0.0,0.0,0.0,0.0,0.0,0.0
2007-08-02,0.0,0.0,0.0,0.0,0.0,0.0,0.0,0.0,0.0,0.0,0.0,0.0
2007-08-03,0.0,0.0,0.0,0.0,0.0,0.0,0.0,0.0,0.0,0.0,0.0,0.0
2007-08-06,0.0,0.0,0.0,0.0,0.0,0.0,0.0,0.0,0.0,0.0,0.0,0.0
2007-08-07,0.0,0.0,0.0,0.0,0.0,0.0,0.0,0.0,0.0,0.0,0.0,0.0
2007-08-08,0.0,0.0,0.0,0.0,0.0,0.0,0.0,0.0,0.0,0.0,0.0,0.0
2007-08-09,0.0,0.0,0.0,0.0,0.0,0.0,0.0,0.0,0.0,0.0,0.0,0.0
2007-08-10,0.0,0.0,0.0,0.0,0.0,0.0,0.0,0.0,0.0,0.0,0.0,0.0
2007-08-13,0.0,0.0,0.0,0.0,0.0,0.0,0.0,0.0,0.0,0.0,0.0,0.0
2007-08-14,0.0,0.0,0.0,0.0,0.0,0.0,0.0,0.0,0.0,0.0,0.0,0.0
2007-08-15,0.0,0.0,0.0,0.0,0.0,0.0,0.0,0.0,0.0,0.0,0.0,0.0
2007-08-16,0.0,0.0,0.0,0.0,0.0,0.0,0.0,0.0,0.0,0.0,0.0,0.0
2007-08-17,0.0,0.0,0.0,0.0,0.0,0.0,0.0,0.0,0.0,0.0,0.0,0.0
2007-08-20,0.0,0.0,0.0,0.0,0.0,0.0,0.0,0.0,0.0,0.0,0.0,0.0
2007-08-21,0.0,0.0,0.0,0.0,0.0,0.0,0.0,0.0,0.0,0.0,0.0,0.0
2007-08-22,0.0,0.0,0.0,0.0,0.0,0.0,0.0,0.0,0.0,0.0,0.0,0.0
2007-08-23,0.0,0.0,0.0,0.0,0.0,0.0,0.0,0.0,0.0,0.0,0.0,0.0
2007-08-24,0.0,0.0,0.0,0.0,0.0,0.0,0.0,0.0,0.0,0.0,0.0,0.0
2007-08-27,0.0,0.0,0.0,0.0,0.0,0.0,0.0,0.0,0.0,0.0,0.0,0.0
2007-08-28,0.0,0.0,0.0,0.0,0.0,0.0,0.0,0.0,0.0,0.0,0.0,0.0
2007-08-29,0.0,0.0,0.0,0.0,0.0,0.0,0.0,0.0,0.0,0.0,0.0,0.0
2007-08-30,0.0,0.0,0.0,0.0,0.0,0.0,0.0,0.0,0.0,0.0,0.0,0.0
2007-08-31,0.0,0.0,0.0,0.0,0.0,0.0,0.0,0.0,0.0,0.0,0.0,0.0
2007-09-04,0.0,0.0,0.0,0.0,0.0,0.0,0.0,0.0,0.0,0.0,0.0,0.0
2007-09-05,0.0,0.0,0.0,0.0,0.0,0.0,0.0,0.0,0.0,0.0,0.0,0.0
2007-09-06,0.0,0.0,0.0,0.0,0.0,0.0,0.0,0.0,0.0,0.0,0.0,0.0
2007-09-07,0.0,0.0,0.0,0.0,0.0,0.0,0.0,0.0,0.0,0.0,0.0,0.0
2007-09-10,0.0,0.0,0.0,0.0,0.0,0.0,0.0,0.0,0.0,0.0,0.0,0.0
2007-09-11,0.0,0.0,0.0,0.0,0.0,0.0,0.0,0.0,0.0,0.0,0.0,0.0
2007-09-12,0.0,0.0,0.0,0.0,0.0,0.0,0.0,0.0,0.0,0.0,0.0,0.0
2007-09-13,0.0,0.0,0.0,0.0,0.0,0.0,0.0,0.0,0.0,0.0,0.0,0.0
2007-09-14,0.0,0.0,0.0,0.0,0.0,0.0,0.0,0.0,0.0,0.0,0.0,0.0
2007-09-17,0.0,0.0,0.0,0.0,0.0,0.0,0.0,0.0,0.0,0.0,0.0,0.0
2007-09-18,0.0,0.0,0.0,0.0,0.0,0.0,0.0,0.0,0.0,0.0,0.0,0.0
2007-09-19,0.0,0.0,0.0,0.0,0.0,0.0,0.0,0.0,0.0,0.0,0.0,0.0
2007-09-20,0.0,0.0,0.0,0.0,0.0,0.0,0.0,0.0,0.0,0.0,0.0,0.0
2007-09-21,0.0,0.0,0.0,0.0,0.0,0.0,0.0,0.0,0.0,0.0,0.0,0.0
2007-09-24,0.0,0.0,0.0,0.0,0.0,0.0,0.0,0.0,0.0,0.0,0.0,0.0
2007-09-25,0.0,0.0,0.0,0.0,0.0,0.0,0.0,0.0,0.0,0.0,0.0,0.0
2007-09-26,0.0,0.0,0.0,0.0,0.0,0.0,0.0,0.0,0.0,0.0,0.0,0.0
2007-09-27,0.0,0.0,0.0,0.0,0.0,0.0,0.0,0.0,0.0,0.0,0.0,0.0
2007-09-28,0.0,0.0,0.0,0.0,0.0,0.0,0.0,0.0,0.0,0.0,0.0,0.0
2007-10-01,0.0,0.0,0.0,0.0,0.0,0.0,0.0,0.0,0.0,0.0,0.0,0.0
2007-10-02,0.0,0.0,0.0,0.0,0.0,0.0,0.0,0.0,0.0,0.0,0.0,0.0
2007-10-03,0.0,0.0,0.0,0.0,0.0,0.0,0.0,0.0,0.0,0.0,0.0,0.0
2007-10-04,0.0,0.0,0.0,0.0,0.0,0.0,0.0,0.0,0.0,0.0,0.0,0.0
2007-10-05,0.0,0.0,0.0,0.0,0.0,0.0,0.0,0.0,0.0,0.0,0.0,0.0
2007-10-08,0.0,0.0,0.0,0.0,0.0,0.0,0.0,0.0,0.0,0.0,0.0,0.0
2007-10-09,0.0,0.0,0.0,0.0,0.0,0.0,0.0,0.0,0.0,0.0,0.0,0.0
2007-10-10,0.0,0.0,0.0,0.0,0.0,0.0,0.0,0.0,0.0,0.0,0.0,0.0
2007-10-11,0.0,0.0,0.0,0.0,0.0,0.0,0.0,0.0,0.0,0.0,0.0,0.0
2007-10-12,0.0,0.0,0.0,0.0,0.0,0.0,0.0,0.0,0.0,0.0,0.0,0.0
2007-10-15,0.0,0.0,0.0,0.0,0.0,0.0,0.0,0.0,0.0,0.0,0.0,0.0
2007-10-16,0.0,0.0,0.0,0.0,0.0,0.0,0.0,0.0,0.0,0.0,0.0,0.0
2007-10-17,0.0,0.0,0.0,0.0,0.0,0.0,0.0,0.0,0.0,0.0,0.0,0.0
2007-10-18,0.0,0.0,0.0,0.0,0.0,0.0,0.0,0.0,0.0,0.0,0.0,0.0
2007-10-19,0.0,0.0,0.0,0.0,0.0,0.0,0.0,0.0,0.0,0.0,0.0,0.0
2007-10-22,0.0,0.0,0.0,0.0,0.0,0.0,0.0,0.0,0.0,0.0,0.0,0.0
2007-10-23,0.0,0.0,0.0,0.0,0.0,0.0,0.0,0.0,0.0,0.0,0.0,0.0
2007-10-24,0.0,0.0,0.0,0.0,0.0,0.0,0.0,0.0,0.0,0.0,0.0,0.0
2007-10-25,0.0,0.0,0.0,0.0,0.0,0.0,0.0,0.0,0.0,0.0,0.0,0.0
2007-10-26,0.0,0.0,0.0,0.0,0.0,0.0,0.0,0.0,0.0,0.0,0.0,0.0
2007-10-29,0.0,0.0,0.0,0.0,0.0,0.0,0.0,0.0,0.0,0.0,0.0,0.0
2007-10-30,0.0,0.0,0.0,0.0,0.0,0.0,0.0,0.0,0.0,0.0,0.0,0.0
2007-10-31,0.0,0.0,0.0,0.0,0.0,0.0,0.0,0.0,0.0,0.0,0.0,0.0
2007-11-01,0.0,0.0,0.0,0.0,0.0,0.0,0.0,0.0,0.0,0.0,0.0,0.0
2007-11-02,0.0,0.0,0.0,0.0,0.0,0.0,0.0,0.0,0.0,0.0,0.0,0.0
2007-11-05,0.0,0.0,0.0,0.0,0.0,0.0,0.0,0.0,0.0,0.0,0.0,0.0
2007-11-06,0.0,0.0,0.0,0.0,0.0,0.0,0.0,0.0,0.0,0.0,0.0,0.0
2007-11-07,0.0,0.0,0.0,0.0,0.0,0.0,0.0,0.0,0.0,0.0,0.0,0.0
2007-11-08,0.0,0.0,0.0,0.0,0.0,0.0,0.0,0.0,0.0,0.0,0.0,0.0
2007-11-09,0.0,0.0,0.0,0.0,0.0,0.0,0.0,0.0,0.0,0.0,0.0,0.0
2007-11-12,0.0,0.0,0.0,0.0,0.0,0.0,0.0,0.0,0.0,0.0,0.0,0.0
2007-11-13,0.0,0.0,0.0,0.0,0.0,0.0,0.0,0.0,0.0,0.0,0.0,0.0
2007-11-14,0.0,0.0,0.0,0.0,0.0,0.0,0.0,0.0,0.0,0.0,0.0,0.0
2007-11-15,0.0,0.0,0.0,0.0,0.0,0.0,0.0,0.0,0.0,0.0,0.0,0.0
2007-11-16,0.0,0.0,0.0,0.0,0.0,0.0,0.0,0.0,0.0,0.0,0.0,0.0
2007-11-19,0.0,0.0,0.0,0.0,0.0,0.0,0.0,0.0,0.0,0.0,0.0,0.0
2007-11-20,0.0,0.0,0.0,0.0,0.0,0.0,0.0,0.0,0.0,0.0,0.0,0.0
2007-11-21,0.0,0.0,0.0,0.0,0.0,0.0,0.0,0.0,0.0,0.0,0.0,0.0
2007-11-23,0.0,0.0,0.0,0.0,0.0,0.0,0.0,0.0,0.0,0.0,0.0,0.0
2007-11-26,0.0,0.0,0.0,0.0,0.0,0.0,0.0,0.0,0.0,0.0,0.0,0.0
2007-11-27,0.0,0.0,0.0,0.0,0.0,0.0,0.0,0.0,0.0,0.0,0.0,0.0
2007-11-28,0.0,0.0,0.0,0.0,0.0,0.0,0.0,0.0,0.0,0.0,0.0,0.0
2007-11-29,0.0,0.0,0.0,0.0,0.0,0.0,0.0,0.0,0.0,0.0,0.0,0.0
2007-11-30,0.0,0.0,0.0,0.0,0.0,0.0,0.0,0.0,0.0,0.0,0.0,0.0
2007-12-03,0.0,0.0,0.0,0.0,0.0,0.0,0.0,0.0,0.0,0.0,0.0,0.0
2007-12-04,0.0,0.0,0.0,0.0,0.0,0.0,0.0,0.0,0.0,0.0,0.0,0.0
2007-12-05,0.0,0.0,0.0,0.0,0.0,0.0,0.0,0.0,0.0,0.0,0.0,0.0
2007-12-06,0.0,0.0,0.0,0.0,0.0,0.0,0.0,0.0,0.0,0.0,0.0,0.0
2007-12-07,0.0,0.0,0.0,0.0,0.0,0.0,0.0,0.0,0.0,0.0,0.0,0.0
2007-12-10,0.0,0.0,0.0,0.0,0.0,0.0,0.0,0.0,0.0,0.0,0.0,0.0
2007-12-11,0.0,0.0,0.0,0.0,0.0,0.0,0.0,0.0,0.0,0.0,0.0,0.0
2007-12-12,0.0,0.0,0.0,0.0,0.0,0.0,0.0,0.0,0.0,0.0,0.0,0.0
2007-12-13,0.0,0.0,0.0,0.0,0.0,0.0,0.0,0.0,0.0,0.0,0.0,0.0
2007-12-14,0.0,0.0,0.0,0.0,0.0,0.0,0.0,0.0,0.0,0.0,0.0,0.0
2007-12-17,0.0,0.0,0.0,0.0,0.0,0.0,0.0,0.0,0.0,0.0,0.0,0.0
2007-12-18,0.0,0.0,0.0,0.0,0.0,0.0,0.0,0.0,0.0,0.0,0.0,0.0
2007-12-19,0.0,0.0,0.0,0.0,0.0,0.0,0.0,0.0,0.0,0.0,0.0,0.0
2007-12-20,0.0,0.0,0.0,0.0,0.0,0.0,0.0,0.0,0.0,0.0,0.0,0.0
2007-12-21,0.0,0.0,0.0,0.0,0.0,0.0,0.0,0.0,0.0,0.0,0.0,0.0
2007-12-24,0.0,0.0,0.0,0.0,0.0,0.0,0.0,0.0,0.0,0.0,0.0,0.0
2007-12-26,0.0,0.0,0.0,0.0,0.0,0.0,0.0,0.0,0.0,0.0,0.0,0.0
2007-12-27,0.0,0.0,0.0,0.0,0.0,0.0,0.0,0.0,0.0,0.0,0.0,0.0
2007-12-28,0.0,0.0,0.0,0.0,0.0,0.0,0.0,0.0,0.0,0.0,0.0,0.0
2007-12-31,0.0,0.0,0.0,0.0,0.0,0.0,0.0,0.0,0.0,0.0,0.0,0.0
2008-01-02,0.0,0.0,0.0,0.0,0.0,0.0,0.0,0.0,0.0,0.0,0.0,0.0
2008-01-03,0.0,0.0,0.0,0.0,0.0,0.0,0.0,0.0,0.0,0.0,0.0,0.0
2008-01-04,0.0,0.0,0.0,0.0,0.0,0.0,0.0,0.0,0.0,0.0,0.0,0.0
2008-01-07,0.0,0.0,0.0,0.0,0.0,0.0,0.0,0.0,0.0,0.0,0.0,0.0
2008-01-08,0.0,0.0,0.0,0.0,0.0,0.0,0.0,0.0,0.0,0.0,0.0,0.0
2008-01-09,0.0,0.0,0.0,0.0,0.0,0.0,0.0,0.0,0.0,0.0,0.0,0.0
2008-01-10,0.0,0.0,0.0,0.0,0.0,0.0,0.0,0.0,0.0,0.0,0.0,0.0
2008-01-11,0.0,0.0,0.0,0.0,0.0,0.0,0.0,0.0,0.0,0.0,0.0,0.0
2008-01-14,0.0,0.0,0.0,0.0,0.0,0.0,0.0,0.0,0.0,0.0,0.0,0.0
2008-01-15,0.0,0.0,0.0,0.0,0.0,0.0,0.0,0.0,0.0,0.0,0.0,0.0
2008-01-16,0.0,0.0,0.0,0.0,0.0,0.0,0.0,0.0,0.0,0.0,0.0,0.0
2008-01-17,0.0,0.0,0.0,0.0,0.0,0.0,0.0,0.0,0.0,0.0,0.0,0.0
2008-01-18,0.0,0.0,0.0,0.0,0.0,0.0,0.0,0.0,0.0,0.0,0.0,0.0
2008-01-22,0.0,0.0,0.0,0.0,0.0,0.0,0.0,0.0,0.0,0.0,0.0,0.0
2008-01-23,0.0,0.0,0.0,0.0,0.0,0.0,0.0,0.0,0.0,0.0,0.0,0.0
2008-01-24,0.0,0.0,0.0,0.0,0.0,0.0,0.0,0.0,0.0,0.0,0.0,0.0
2008-01-25,0.0,0.0,0.0,0.4025204904935528,0.15022487387015154,0.23064076124920513,0.0,0.08780511244185356,0.06396610386515043,0.06484265808008649,0.0,0.0
2008-01-28,0.0,0.0,0.0,0.40606448317859545,0.1478760598325782,0.22681502111047488,0.0,0.08868152935296476,0.06488689669743436,0.06567600982795233,0.0,0.0
2008-01-29,0.0,0.0,0.0,0.40486548906989034,0.1472756059993635,0.22636798997614455,0.0,0.08845157457378747,0.06515816353248532,0.06788117684832885,0.0,0.0
2008-01-30,0.0,0.0,0.0,0.4015809575881653,0.1469428497395909,0.2263785838630811,0.0,0.08821169673890004,0.06500980125445575,0.07187611081580693,0.0,0.0
2008-01-31,0.0,0.0,0.0,0.399680360879259,0.14729075110319198,0.22780010644993798,0.0,0.08787889813816328,0.06554803535797864,0.07180184807146904,0.0,0.0
2008-02-01,0.0,0.0,0.04456369073600904,0.3771943310020193,0.13999987070794412,0.2192065361640027,0.0,0.08502432451633628,0.06410302496521669,0.06990822190847193,0.0,0.0
2008-02-04,0.0,0.0,0.04503417049576291,0.3785361428248375,0.14019218138865616,0.21947764712076792,0.0,0.08346782485048719,0.06408246682778163,0.06920956649170673,0.0,0.0
2008-02-05,0.0,0.0,0.0,0.39426479273082177,0.1443928887574074,0.23019558332335305,0.0,0.08792292011479186,0.0704278796486077,0.0727959354250181,0.0,0.0
2008-02-06,0.0,0.0,0.0,0.39423259197760635,0.1443676913029999,0.23078041071914934,0.0,0.08755464607943485,0.07024305367590068,0.07282160624490898,0.0,0.0
2008-02-07,0.0,0.0,0.0,0.39512577790973086,0.1447806117985043,0.22963976659654428,0.0,0.0873297148559492,0.0704207649754875,0.07270336386378375,0.0,0.0
2008-02-08,0.0,0.0,0.0,0.3871884062317319,0.14387863490716266,0.23087534060172338,0.0,0.09026957839683118,0.07253218756160545,0.07525585230094542,0.0,0.0
2008-02-11,0.0,0.0,0.0,0.3801990197050241,0.14125772608063078,0.22829589437851422,0.0,0.09816008020024206,0.07981594217136528,0.07227133746422366,0.0,0.0
2008-02-12,0.0,0.0,0.0,0.3794105854985063,0.14126221969047217,0.22934124920710247,0.0,0.09836646362902421,0.0790731961549742,0.07254628581992069,0.0,0.0
2008-02-13,0.0,0.0,0.05013395608102008,0.36059100879076184,0.133724907396357,0.21895114716778438,0.0,0.09179132690784811,0.07529790466070226,0.06950974899552619,0.0,0.0
2008-02-14,0.0,0.0,0.0,0.3748211585528191,0.14091176991137264,0.22636812242046409,0.0,0.10133529344214141,0.08308402607177418,0.07347962960142887,0.0,0.0
2008-02-15,0.0,0.0,0.0,0.3742711604048908,0.13901069400447527,0.2273285499201615,0.0,0.10201661624800297,0.08349376026280106,0.07387921915966848,0.0,0.0
2008-02-19,0.0,0.0,0.051641719621139844,0.3541152312722261,0.13112092954325175,0.21710051165949737,0.0,0.09638970447579856,0.07975674623627145,0.06987515719181503,0.0,0.0
2008-02-20,0.0,0.0,0.05231604564229235,0.35140910024533417,0.13065117541481913,0.21525453906524858,0.0,0.09723988631820424,0.08286514540300999,0.07026410791109168,0.0,0.0
2008-02-21,0.0,0.0,0.053288449248119506,0.35740552202789955,0.12846448456342957,0.21407722817553593,0.0,0.09474235849575491,0.08265301443271601,0.06936894305654434,0.0,0.0
2008-02-22,0.0,0.0,0.054226083865353596,0.3522588320706447,0.12831623095136507,0.21466679855050058,0.0,0.09745196868392993,0.08426626225029078,0.06881382362791526,0.0,0.0
2008-02-25,0.0,0.0,0.053773120358788194,0.3527250586681506,0.1285416767550463,0.2221372974853676,0.0,0.09463996098250652,0.0816817358797246,0.06650114987041625,0.0,0.0
2008-02-26,0.0,0.0,0.05431167390558878,0.3511761961439446,0.1274514475907226,0.22238179485117782,0.0,0.09488902222999081,0.08266220980832284,0.06712765547025253,0.0,0.0
2008-02-27,0.0,0.0,0.05701314006934415,0.34817211199767023,0.12804883986942825,0.22242381440973236,0.0,0.09511211242557621,0.08034577364720094,0.06888420758104792,0.0,0.0
2008-02-28,0.0,0.0,0.056911516013975816,0.34797215150438926,0.12857871790947226,0.2225355023443853,0.0,0.09625848103407621,0.07950738446763946,0.06823624672606167,0.0,0.0
2008-02-29,0.0,0.0,0.0,0.3664707891076832,0.13441750619045786,0.23706426302064557,0.0,0.10416491854610183,0.08503589340982849,0.07284662972528305,0.0,0.0
2008-03-03,0.0,0.0,0.05627740109948361,0.349094838967912,0.12521687943190263,0.2217692486266319,0.0,0.09880994334439289,0.08027432802928168,0.06855736050039538,0.0,0.0
2008-03-04,0.0,0.0,0.0,0.3724266102636211,0.13206625672541483,0.23403692157179198,0.0,0.10459898971706762,0.08386139569420208,0.07300982602790247,0.0,0.0
2008-03-05,0.0,0.0,0.0,0.37234875453788446,0.13398555138607968,0.23523229044116212,0.0,0.10341314566651896,0.08219993378733381,0.07282032418102095,0.0,0.0
2008-03-06,0.0,0.0,0.0,0.36976534759761975,0.1358404783457613,0.2401138637463572,0.0,0.10288364555009939,0.07921857695490857,0.07217808780525369,0.0,0.0
2008-03-07,0.0,0.0,0.0,0.3727549102791396,0.13534279155414258,0.24188300463988205,0.0,0.10125280493888243,0.07639024467609935,0.07237624391185403,0.0,0.0
2008-03-10,0.0,0.0,0.0,0.37200135470075457,0.13571080119575155,0.24139547573186002,0.0,0.10192049806368444,0.07665377693064923,0.07231809337730016,0.0,0.0
2008-03-11,0.0,0.0,0.0,0.3686285591224445,0.13673851387485975,0.24588424130174014,0.0,0.10265951940755813,0.07471255722443407,0.07137660906896336,0.0,0.0
2008-03-12,0.0,0.0,0.0,0.3635889867743319,0.13856658471446412,0.24044279138303598,0.0,0.10532810046865536,0.0756129235562614,0.07646061310325138,0.0,0.0
2008-03-13,0.0,0.0,0.0,0.3538309744713672,0.13848508882179167,0.2380042727268049,0.0,0.11141426373289197,0.08011571271491152,0.07814968753223263,0.0,0.0
2008-03-14,0.0,0.0,0.0,0.3519339097186691,0.138133788666057,0.23891955038275112,0.0,0.11102645973187619,0.08122556645654709,0.07876072504409945,0.0,0.0
2008-03-17,0.0,0.0,0.0,0.3485368398149947,0.1369736000409856,0.24381634229168545,0.0,0.11117851262422655,0.08108199259890042,0.07841271262920714,0.0,0.0
2008-03-18,0.0,0.0,0.0,0.35219826638437246,0.13762217575516836,0.24175824342000063,0.0,0.11250740119973415,0.07988540278471093,0.07602851045601355,0.0,0.0
2008-03-19,0.0,0.0,0.0,0.352939426490394,0.13986914193115874,0.24657233917003651,0.0,0.10777391629563644,0.07755363225594972,0.07529154385682471,0.0,0.0
2008-03-20,0.0,0.0,0.0,0.35938314150984446,0.1399644275068416,0.2520446550566421,0.0,0.10299165407430706,0.0720741503690758,0.07354197148328917,0.0,0.0
2008-03-24,0.0,0.0,0.0,0.36588635387787505,0.14416462031875832,0.25282197733962314,0.0,0.0994809893512009,0.06296669784082494,0.07467936127171762,0.0,0.0
2008-03-25,0.0,0.0,0.0,0.3593929813694237,0.14183126053865636,0.2582087827381471,0.0,0.10098889610965135,0.06412886424824038,0.07544921499588098,0.0,0.0
2008-03-26,0.0,0.0,0.0,0.3623229039516164,0.14313781298941947,0.25761289986753205,0.0,0.09923595834184079,0.06131375600562867,0.07637666884396253,0.0,0.0
2008-03-27,0.0,0.0,0.0,0.36395845396268045,0.14364337538519018,0.2591518139024323,0.0,0.09872390989845575,0.06084296591937694,0.07367948093186431,0.0,0.0
2008-03-28,0.0,0.0,0.0,0.3667439630849692,0.14477556888066223,0.25572354186171503,0.0,0.09897187700968559,0.060540255501382145,0.07324479366158589,0.0,0.0
2008-03-31,0.0,0.0,0.0,0.3680031330000677,0.1449518347728641,0.25557804087449143,0.0,0.09844873887229952,0.059837099709275324,0.073181152771002,0.0,0.0
2008-04-01,0.0,0.0,0.0,0.34631676790991744,0.13736795151383097,0.24694201423845924,0.0,0.09349866343780987,0.05512934676258327,0.06802229524221552,0.052722960895183725,0.0
2008-04-02,0.0,0.0,0.0,0.3444727651109628,0.13667646467169983,0.2518982480067622,0.0,0.08985108709904058,0.055537756225247384,0.06920330999808333,0.05236036888820392,0.0
2008-04-03,0.0,0.0,0.05253758347791859,0.3262726986651462,0.12917714165269634,0.24251800356990763,0.0,0.08293218780124863,0.051641156878023876,0.06431915231958321,0.050602075635475446,0.0
2008-04-04,0.0,0.0,0.0,0.34311757451874003,0.13653742478384745,0.25614529689683624,0.0,0.08764194586871094,0.05458847653402038,0.06877621003441768,0.05319307136342743,0.0
2008-04-07,0.0,0.0,0.04183546716491356,0.2565126842865338,0.10241471571995757,0.18596449484988825,0.21207234999784735,0.06716539037447179,0.041582982797885616,0.051765583459726934,0.04068633134877511,0.0
2008-04-08,0.0,0.0,0.04211304305727223,0.25587903030428677,0.10160098751395533,0.18512343056729974,0.21581500992038913,0.06661165453097473,0.04122502400844425,0.05114791901597675,0.04048390108140097,0.0
2008-04-09,0.0,0.0,0.0,0.2777415802873367,0.11157891969478713,0.20016762866808427,0.23712526370522863,0.07277060403456535,0.04482944487496428,0.05578655873503351,0.0,0.0
2008-04-10,0.0,0.0,0.044252995101008566,0.2670364060785142,0.10692315912031156,0.19464828650048854,0.22182715502480824,0.0689751544161504,0.04270481861667231,0.05363202514204618,0.0,0.0
2008-04-11,0.0,0.0,0.0,0.36205867964608085,0.14573778600381326,0.2666280164159717,0.0,0.09424030206606492,0.05817242417646966,0.07316279169159969,0.0,0.0
2008-04-14,0.0,0.0,0.0,0.2789995034842971,0.11257590867814522,0.20616584380286254,0.2274004447215452,0.07305676044322457,0.04502181129269513,0.056779727577230224,0.0,0.0
2008-04-15,0.0,0.0,0.0,0.2803362301605086,0.1128044272185333,0.20423594075356025,0.22677476082513404,0.07368953727029356,0.04513324448640164,0.05702585928556859,0.0,0.0
2008-04-16,0.0,0.0,0.044932358379909595,0.25566244666380467,0.10269423791050047,0.18669436140891169,0.21005989207995648,0.06699133375112998,0.04102407614054401,0.05185578382769831,0.04008550983754482,0.0
2008-04-17,0.0,0.0,0.04477975026834655,0.2544537672226802,0.10248558182496804,0.1855886679836748,0.2134952134478424,0.06669811639591731,0.04094893343760672,0.05195148615542006,0.03959848326354393,0.0
2008-04-18,0.0,0.0,0.044946981223412244,0.2531778055826353,0.10284948782932755,0.1843076357365719,0.2162453004595852,0.06623403756654346,0.04069132271401178,0.05199261685249977,0.039554812035412765,0.0
2008-04-21,0.0,0.0,0.04482252898455177,0.2533309234894155,0.10285129904494528,0.18334428967382183,0.21320216699706268,0.06518647546747786,0.04044818659869167,0.0522994662723799,0.044514663471653566,0.0
2008-04-22,0.0,0.0,0.04408760753079042,0.24880978411912058,0.10402806077049916,0.18245794945409316,0.22053550599923208,0.0650984734242219,0.03956579894947965,0.05146056482103155,0.04395625493153159,0.0
2008-04-23,0.0,0.0,0.04380552498211392,0.24666906439192288,0.1057269134537332,0.18687987325961752,0.21858236258444327,0.06452187118288262,0.03915018093876723,0.051077258234917496,0.04358695097160193,0.0
2008-04-24,0.0,0.0,0.04400622019582327,0.24662559275562396,0.10559737865992601,0.18601065755124374,0.21908552024640246,0.06471955518959857,0.03879153061929007,0.05098674218437706,0.044176802597714754,0.0
2008-04-25,0.0,0.0,0.044021266502459126,0.24682835043074883,0.1056671558805456,0.18662149660793362,0.21978455192575294,0.06391457237973489,0.03855373791675155,0.05045201708655941,0.0441568512695141,0.0
2008-04-28,0.0,0.0,0.044148490675938096,0.24699495630990048,0.10573696594442522,0.18657805039438777,0.2191206558718512,0.06415610598195226,0.038553328336142945,0.049945542048001994,0.04476590443740004,0.0
2008-04-29,0.0,0.0,0.04440028355850339,0.2487453410322847,0.10619399658116206,0.185931099981267,0.2168039446847049,0.06419811676837169,0.038556350745383924,0.05016649996909045,0.04500436667923179,0.0
2008-04-30,0.0,0.0,0.044387401761147784,0.24847329054804418,0.10638617571444245,0.18631958709284194,0.21577852218262605,0.06426795991997063,0.03825217548835733,0.04999646405276855,0.04613842323980122,0.0
2008-05-01,0.0,0.06375827027073551,0.041554724902390316,0.22980274709311319,0.10070099230005287,0.17423840022764447,0.20326444863058363,0.060340844616822355,0.03587579412842504,0.04707014550791557,0.043393632322316834,0.0
2008-05-02,0.0,0.0711018560139582,0.044467622417420194,0.234307401518202,0.10294168616287318,0.17592923582106323,0.1830238363276048,0.059945864288045166,0.03583003104641815,0.047555542958778174,0.04489692344563689,0.0
2008-05-05,0.0,0.07165196141746363,0.04504397865700699,0.23580415955511225,0.1022758293983051,0.17699224531481972,0.17838112968375283,0.06073705137775398,0.03605437370779949,0.047540373450313186,0.04551889743767285,0.0
2008-05-06,0.0,0.07025991079152323,0.04423855687549885,0.2404682004260678,0.10472333008617903,0.18011784469970904,0.17551283355946712,0.058823915387980416,0.035254850472832604,0.04569696455607954,0.04490359314466235,0.0
2008-05-07,0.0,0.0,0.04733294665376973,0.25917334843987655,0.113152059828471,0.19118039888792224,0.18836320913649965,0.06333485016163029,0.03792514031039307,0.050345613936691215,0.04919243264474628,0.0
2008-05-08,0.0,0.0690553468688811,0.04320783951694923,0.240056422338575,0.10499846881162773,0.17752883597788066,0.17888538707191534,0.05867436713883891,0.03532868759029037,0.046939268411611855,0.04532537627342992,0.0
2008-05-09,0.0,0.0,0.04656789505522761,0.2572408987459928,0.11230921279298896,0.18991575381091758,0.19228478715975011,0.06342151878571273,0.03811480849830932,0.050809041803423556,0.04933608334767718,0.0
2008-05-12,0.0,0.06909970453299318,0.043039743169897254,0.24111190040344233,0.10425041349417923,0.18020413453917128,0.17716647827226198,0.05823746144833234,0.03501569549868773,0.04658251355000994,0.04529195509102473,0.0
2008-05-13,0.0,0.0687088018555237,0.04292930844700014,0.24117921393830907,0.10640723143979078,0.1797819718493556,0.17712056281951247,0.05799482601703035,0.03472025486099738,0.04608277035468085,0.045075058417799664,0.0
2008-05-14,0.0,0.06915183049159997,0.04325996315683696,0.23836937188920582,0.10633928747197798,0.1795862194028238,0.17896472553757167,0.057868489195707494,0.03471824266339639,0.046309423932868105,0.045432446258011905,0.0
2008-05-15,0.06461036325004031,0.06393269289281274,0.0399630069184746,0.22251129237985845,0.09916957065987698,0.17111758583080827,0.16652662768256304,0.054752590204069626,0.03219360881974415,0.0433467885684065,0.04187587279334532,0.0
2008-05-16,0.06463571862537126,0.0637631672784483,0.03997633864266608,0.221240857026524,0.09945732210073854,0.17020971631359527,0.16763074111472992,0.054882311860419204,0.03249252404641411,0.04362275296275166,0.0420885500283418,0.0
2008-05-19,0.06419353549838838,0.06286132981215449,0.03963157732687455,0.22594008321052253,0.09935909492088527,0.1705780849800961,0.16612452118195756,0.05316312901724825,0.03207714300213617,0.04372886503982788,0.04234263600990891,0.0
2008-05-20,0.06388115185657411,0.06274169000137443,0.03948864824896712,0.22842246167666794,0.09914546715537687,0.1705904409063128,0.16469155567734972,0.05282815548317772,0.03194240332710717,0.04359955213040516,0.04266847353668701,0.0
2008-05-21,0.0,0.066989610935001,0.04191774252313889,0.244474972418154,0.10644463724387475,0.18422746919346789,0.17484023765785753,0.05567618365933672,0.033294185206755006,0.04624349893937724,0.045891462223036986,0.0
2008-05-22,0.0,0.06682412526270363,0.041747709645913116,0.24608820542449478,0.1059652720905067,0.18497174614006096,0.17547608053975638,0.055377576933830226,0.03342714198772007,0.04507960776017193,0.045042534214842354,0.0
2008-05-23,0.0,0.06751861483103855,0.042443689071760826,0.2446452280616031,0.10580523416480483,0.18000474747597092,0.17799184442293325,0.056304711369593204,0.034289581486216435,0.045307586592470916,0.045688762523608026,0.0
2008-05-27,0.0,0.0668671858705977,0.04196089719779461,0.2458309934182296,0.1086514278537575,0.180435100634973,0.17441301091729175,0.05616986032455871,0.03427668684971978,0.045624761816183225,0.0457700751168941,0.0
2008-05-28,0.0,0.07758666506685997,0.04863838736652021,0.27340442861776765,0.0,0.2031123895746099,0.1948857911278153,0.062372992550897975,0.037764326965090175,0.05065611092439433,0.05157890780604443,0.0
2008-05-29,0.0,0.09786319841787176,0.06119046251652939,0.34058485237856573,0.0,0.0,0.2444161411022622,0.07903990832499931,0.048041794179230574,0.06377641672915854,0.06508722635138252,0.0
2008-05-30,0.0,0.09896928490405443,0.061828862275270645,0.34215797567588224,0.0,0.0,0.2440641887717587,0.07792549828439914,0.04726370872492698,0.06272001387366949,0.06507046749003845,0.0
2008-06-02,0.0,0.0,0.04688905486080868,0.2618941102031738,0.11959584429012393,0.1926724379912409,0.18398735132215155,0.05988136654522076,0.03673381833868604,0.049268082892722595,0.04907793355587176,0.0
2008-06-03,0.0,0.0,0.0480702372087884,0.26074990447227786,0.12007922154620232,0.19245208518384654,0.18066670916668232,0.06014025743978759,0.03706613984681456,0.04937415308421163,0.0514012920513889,0.0
2008-06-04,0.0,0.0,0.0544733000073711,0.29742344906857043,0.0,0.21807869588295653,0.20579278241048196,0.06812271249082877,0.04213570772239945,0.05529622972356452,0.05867712269382728,0.0
2008-06-05,0.0,0.09905140234788416,0.06278160816128546,0.34405900801825473,0.0,0.0,0.23627010159763243,0.07807760786225174,0.048673108872908044,0.06338984278421131,0.06769732035557216,0.0
2008-06-06,0.0,0.0,0.05092393971744246,0.2623091675845243,0.1195916034296109,0.19389349130684755,0.17692006206478722,0.058658300988318444,0.03634540578696829,0.04551272184193761,0.055845307279563106,0.0
2008-06-09,0.0,0.0,0.0,0.30235260700377653,0.13492139048558796,0.22201047175018912,0.19324911575973983,0.06255959594188036,0.03976949387906555,0.045137325179760455,0.0,0.0
2008-06-10,0.0,0.0,0.0,0.46705925137460097,0.0,0.0,0.30474913485867616,0.09748755469569995,0.0617546457015152,0.06894941336950768,0.0,0.0
2008-06-11,0.0,0.0,0.0,0.4650706855904585,0.0,0.0,0.30933687484330796,0.09570879062474608,0.06126935171381228,0.06861429722767501,0.0,0.0
2008-06-12,0.0,0.0,0.0,0.0,0.0,0.0,0.5807882540767282,0.17631295087368787,0.11395945021303185,0.1289393448365522,0.0,0.0
2008-06-13,0.0,0.0,0.0,0.0,0.0,0.0,0.5938525220890395,0.17128102155114927,0.10991047869761748,0.12495597766219373,0.0,0.0
2008-06-16,0.0,0.0,0.0,0.0,0.0,0.0,0.0,0.30083006584867705,0.19391957308182386,0.21709970341507046,0.28815065765442877,0.0
2008-06-17,0.0,0.0,0.0,0.6570927881278554,0.0,0.0,0.0,0.14383096252735075,0.09780130683981325,0.1012749425049805,0.0,0.0
2008-06-18,0.0,0.0,0.0,0.6623408239884008,0.0,0.0,0.0,0.1414272896750183,0.09619630305472256,0.10003558328185833,0.0,0.0
2008-06-19,0.0,0.0,0.0,0.0,0.0,0.0,0.0,0.4189680599099906,0.29282790913168805,0.2882040309583215,0.0,0.0
2008-06-20,0.0,0.0,0.0,0.6504405169269492,0.0,0.0,0.0,0.14663440209705178,0.10316118758812659,0.09976389338787245,0.0,0.0
2008-06-23,0.0,0.0,0.0,0.649116294980919,0.0,0.0,0.0,0.14721653997181952,0.10376056022688235,0.09990660482037905,0.0,0.0
2008-06-24,0.0,0.0,0.0,0.487132027489284,0.25111905762067294,0.0,0.0,0.10940438777423375,0.07735922008832709,0.07498530702748228,0.0,0.0
2008-06-25,0.0,0.0,0.0,0.48481119084926494,0.24886349209801065,0.0,0.0,0.11000711163729346,0.07933856490262205,0.07697964051280903,0.0,0.0
2008-06-26,0.0,0.0,0.0,0.4836396039198395,0.25238476004825255,0.0,0.0,0.11283434422276396,0.07759007090521201,0.07355122090393189,0.0,0.0
2008-06-27,0.0,0.0,0.0,0.4853026597027302,0.25128331583649965,0.0,0.0,0.1108627798046833,0.07940670620492568,0.0731445384511614,0.0,0.0
2008-06-30,0.0,0.0,0.0,0.489792524696629,0.24602316899850094,0.0,0.0,0.11116926236077039,0.07937742517791686,0.0736376187661827,0.0,0.0
2008-07-01,0.0,0.0,0.0,0.49243681743304124,0.24635855206607393,0.0,0.0,0.10976225808450052,0.07889088654039973,0.07255148587598459,0.0,0.0
2008-07-02,0.0,0.0,0.0,0.4906539275311811,0.24844099213224696,0.0,0.0,0.10989272049957081,0.07768729039199779,0.07332506944500329,0.0,0.0
2008-07-03,0.0,0.0,0.0,0.4907018820917768,0.24766379676646752,0.0,0.0,0.11025276406022474,0.07826896399137229,0.07311259309015862,0.0,0.0
2008-07-07,0.0,0.0,0.0,0.49104390967497424,0.24907668258092014,0.0,0.0,0.1097242271246846,0.07800783505824228,0.07214734556117874,0.0,0.0
2008-07-08,0.0,0.0,0.0,0.4906317535503628,0.24945077991094478,0.0,0.0,0.10999954954527282,0.0777764822960715,0.07214143469734782,0.0,0.0
2008-07-09,0.0,0.0,0.0,0.48947528677307367,0.25128813632836533,0.0,0.0,0.11077595121630893,0.07855279431234737,0.06990783136990453,0.0,0.0
2008-07-10,0.0,0.0,0.0,0.4864420329296579,0.25332976850646344,0.0,0.0,0.11122152606205961,0.07864108744576956,0.07036558505604959,0.0,0.0
2008-07-11,0.0,0.0,0.0,0.48914465213295005,0.25782414925700425,0.0,0.0,0.10763519164689032,0.077445144118546,0.06795086284460956,0.0,0.0
2008-07-14,0.0,0.0,0.0,0.48871677440566086,0.25541764619617713,0.0,0.0,0.10914116611360405,0.0783505498201232,0.06837386346443472,0.0,0.0
2008-07-15,0.0,0.0,0.0,0.4901945249983439,0.25288171256615855,0.0,0.0,0.10972782262347756,0.07849953341691328,0.06869640639510666,0.0,0.0
2008-07-16,0.0,0.0,0.0,0.48846479326225806,0.25359951594013863,0.0,0.0,0.11208501526913316,0.07904263456904458,0.06680804095942562,0.0,0.0
2008-07-17,0.0,0.0,0.0,0.0,0.482236891402218,0.0,0.0,0.2234034850764002,0.16121424002572388,0.1331453834956579,0.0,0.0
2008-07-18,0.0,0.0,0.0,0.0,0.0,0.0,0.0,0.4334973422221069,0.3125786204631508,0.25392403731474233,0.0,0.0
2008-07-21,0.0,0.0,0.0,0.0,0.0,0.0,0.0,0.43413043168971893,0.31361895453224625,0.25225061377803487,0.0,0.0
2008-07-22,0.0,0.0,0.0,0.0,0.0,0.0,0.0,0.43693704742376016,0.31351927165465365,0.24954368092158624,0.0,0.0
2008-07-23,0.0,0.0,0.0,0.0,0.0,0.0,0.0,0.33903561185121,0.2448955782185524,0.19639371600661926,0.21967509392361825,0.0
2008-07-24,0.0,0.0,0.0,0.47694341389528794,0.25686076400929586,0.0,0.0,0.11494257504476176,0.08371459695868108,0.06753865009197332,0.0,0.0
2008-07-25,0.0,0.0,0.0,0.0,0.0,0.0,0.0,0.4327875671983617,0.31481781657115293,0.25239461623048537,0.0,0.0
2008-07-28,0.0,0.0,0.0,0.47258171542880434,0.2538807876105007,0.0,0.0,0.11845112504791876,0.08662292955085926,0.06846344236191687,0.0,0.0
2008-07-29,0.0,0.0,0.0,0.6227585235273765,0.0,0.0,0.0,0.1647134061303005,0.1205722869519922,0.09195578339033078,0.0,0.0
2008-07-30,0.0,0.0,0.0,0.6231853586228558,0.0,0.0,0.0,0.16362648609737088,0.1208568706065081,0.09233128467326501,0.0,0.0
2008-07-31,0.0,0.0,0.0,0.46404327577107596,0.2540003986226902,0.0,0.0,0.12294489759718541,0.09060348404248911,0.06840794396655944,0.0,0.0
2008-08-01,0.0,0.0,0.0,0.4624354912784915,0.2539114917269101,0.0,0.0,0.12372166610539796,0.09123355872311914,0.06869779216608139,0.0,0.0
2008-08-04,0.0,0.0,0.0,0.46311573794050187,0.2537149352509203,0.0,0.0,0.12367170487466062,0.09092052801731523,0.06857709391660208,0.0,0.0
2008-08-05,0.0,0.0,0.0,0.0,0.0,0.0,0.0,0.0,0.0,0.4910274484366179,0.508972551563382,0.0
2008-08-06,0.0,0.0,0.0,0.0,0.0,0.0,0.0,0.0,0.0,0.49733997320221174,0.5026600267977882,0.0
2008-08-07,0.0,0.0,0.0,0.4147901529429021,0.22796903446606528,0.0,0.0,0.0,0.0,0.060693970474904727,0.0,0.2965468421161279
2008-08-08,0.0,0.0,0.0,0.39339796193161547,0.21073713964363702,0.0,0.0,0.0,0.0,0.05762170020894521,0.05784403720619376,0.28039916100960854
2008-08-11,0.0,0.0,0.0,0.0,0.3589605282058677,0.0,0.0,0.0,0.0,0.09670601610024679,0.09756298213674924,0.4467704735571362
2008-08-12,0.0,0.0,0.0,0.40623607246512966,0.21358577266493584,0.0,0.0,0.0,0.0,0.05768723052073313,0.057535122289201435,0.26495580205999997
2008-08-13,0.0,0.0,0.0,0.4266481459571266,0.22377101242555025,0.0,0.0,0.0,0.0,0.061402098571804564,0.0,0.2881787430455187
2008-08-14,0.0,0.0,0.0,0.4021830226361046,0.21039093236762565,0.0,0.0,0.0,0.0,0.057395782198316606,0.056990900994034276,0.2730393618039189
2008-08-15,0.0,0.0,0.0,0.39926912988656776,0.20855060539232823,0.0,0.0,0.0,0.0,0.05713984236542405,0.05653166631302729,0.2785087560426526
2008-08-18,0.0,0.0,0.0,0.397703803281029,0.20632627360711706,0.0,0.0,0.0,0.0,0.058316611168149485,0.056954771350893364,0.280698540592811
2008-08-19,0.0,0.0,0.0,0.4238028022490045,0.22053804347075057,0.0,0.0,0.0,0.0,0.06134081691022533,0.0,0.29431833737001956
2008-08-20,0.0,0.0,0.0,0.4255394034265605,0.219327497502462,0.0,0.0,0.0,0.0,0.060948800596531905,0.0,0.2941842984744456
2008-08-21,0.0,0.0,0.0,0.4284260483723933,0.21855794506041934,0.0,0.0,0.0,0.0,0.060500470201786956,0.0,0.29251553636540034
2008-08-22,0.0,0.0,0.0,0.4361783964020808,0.22247296609181225,0.0,0.0,0.0,0.0,0.059294005144391655,0.0,0.28205463236171535
2008-08-25,0.0,0.0,0.0,0.4381787394828596,0.2248630309960242,0.0,0.0,0.0,0.0,0.05781109271242432,0.0,0.2791471368086919
2008-08-26,0.0,0.0,0.0,0.4394699734069962,0.22304436003212746,0.0,0.0,0.0,0.0,0.05787916771983622,0.0,0.2796064988410402
2008-08-27,0.0,0.0,0.0,0.44194386144606795,0.22292616051130942,0.0,0.0,0.0,0.0,0.05769205174612918,0.0,0.27743792629649344
2008-08-28,0.0,0.0,0.0,0.41767343803754137,0.211892918287842,0.0,0.0,0.0,0.0,0.05452449004123504,0.05366612073090635,0.2622430329024753
2008-08-29,0.0,0.0,0.0,0.4186528257098372,0.21412226765089784,0.0,0.0,0.0,0.0,0.05399103215816138,0.052929122130217617,0.2603047523508859
2008-09-02,0.0,0.0,0.0,0.4190561727329788,0.2128691923437975,0.0,0.0,0.0,0.0,0.05520265189756706,0.05274375157465424,0.26012823145100245
2008-09-03,0.0,0.0,0.0,0.44228248154291533,0.22466628583507822,0.0,0.0,0.0,0.0,0.0,0.055959724446456326,0.27709150817555017
2008-09-04,0.0,0.0,0.0,0.445731009741787,0.22135300791826779,0.0,0.0,0.0,0.0,0.0,0.055347898186197106,0.2775680841537481
2008-09-05,0.0,0.0,0.0,0.4479757894559612,0.21938426869997485,0.0,0.0,0.0,0.0,0.0,0.054254154164397654,0.27838578767966615
2008-09-08,0.0,0.0,0.0,0.44375122674124573,0.21944600194358402,0.0,0.0,0.0,0.0,0.0,0.054320554632784755,0.2824822166823855
2008-09-09,0.0,0.0,0.0,0.3234209018454507,0.16249722105965533,0.2689808930944345,0.0,0.0,0.0,0.0,0.03851921788639704,0.2065817661140623
2008-09-10,0.0,0.0,0.0,0.32229026812904943,0.16079794547647192,0.2721597754184114,0.0,0.0,0.0,0.0,0.03805292891369628,0.20669908206237103
2008-09-11,0.0,0.0,0.0,0.4434639233739652,0.21900852822144426,0.0,0.0,0.0,0.0,0.0,0.052522541225152,0.28500500717943855
2008-09-12,0.0,0.0,0.0,0.4438895374097482,0.21823758525773224,0.0,0.0,0.0,0.0,0.0,0.05271411284234229,0.2851587644901773
2008-09-15,0.0,0.0,0.0,0.48670232421148524,0.23377888131046826,0.0,0.0,0.0,0.0,0.0,0.0,0.27951879447804645
2008-09-16,0.0,0.0,0.0,0.4815645096510881,0.197754097212953,0.0,0.0,0.0,0.0,0.0,0.05505434680627701,0.265627046329682
2008-09-17,0.0,0.0,0.0,0.4939690460253354,0.21977381917510153,0.0,0.0,0.0,0.0,0.0,0.0,0.28625713479956316
2008-09-18,0.0,0.0,0.0,0.47930945092813504,0.21320400857653646,0.0,0.0,0.0,0.0,0.0,0.05662151951038053,0.2508650209849479
2008-09-19,0.0,0.0,0.0,0.48293422026875316,0.2092565977675626,0.0,0.0,0.0,0.0,0.0,0.05376984576839257,0.2540393361952918
2008-09-22,0.0,0.0,0.0,0.0,0.3623275228246998,0.0,0.0,0.14494616396487378,0.0,0.0,0.0,0.4927263132104265
2008-09-23,0.0,0.0,0.0,0.0,0.37835976799418314,0.0,0.0,0.15070020679545293,0.0,0.0,0.0,0.47094002521036393
2008-09-24,0.0,0.0,0.0,0.0,0.44886531997745255,0.0,0.0,0.0,0.0,0.0,0.0,0.5511346800225475
2008-09-25,0.0,0.0,0.0,0.0,0.4514776845438431,0.0,0.0,0.0,0.0,0.0,0.0,0.5485223154561568
2008-09-26,0.0,0.0,0.0,0.0,0.4023415331165451,0.0,0.0,0.0,0.0,0.0,0.10918681175441662,0.48847165512903834
2008-09-29,0.0,0.0,0.0,0.0,0.3819506952117194,0.0,0.0,0.15089628980725053,0.0,0.0,0.0,0.46715301498103007
2008-09-30,0.0,0.0,0.0,0.0,0.3837775452870795,0.0,0.0,0.0,0.0,0.0,0.10750373281574581,0.5087187218971747
2008-10-01,0.0,0.0,0.0,0.0,0.43866092559132314,0.0,0.0,0.0,0.0,0.0,0.0,0.5613390744086768
2008-10-02,0.0,0.0,0.0,0.0,0.4364978153977592,0.0,0.0,0.0,0.0,0.0,0.0,0.5635021846022408
2008-10-03,0.0,0.0,0.0,0.0,0.43820272377697983,0.0,0.0,0.0,0.0,0.0,0.0,0.5617972762230201
2008-10-06,0.0,0.0,0.0,0.0,0.4378229269442712,0.0,0.0,0.0,0.0,0.0,0.0,0.5621770730557288
2008-10-07,0.0,0.0,0.0,0.0,0.4379064610452385,0.0,0.0,0.0,0.0,0.0,0.0,0.5620935389547616
2008-10-08,0.0,0.0,0.0,0.0,0.37217345906936833,0.0,0.0,0.15551023780440149,0.0,0.0,0.0,0.4723163031262301
2008-10-09,0.0,0.0,0.0,0.0,0.36887717492871586,0.0,0.0,0.15558007692048195,0.0,0.0,0.0,0.4755427481508022
2008-10-10,0.0,0.0,0.0,0.0,0.44206062451850336,0.0,0.0,0.0,0.0,0.0,0.0,0.5579393754814966
2008-10-13,0.0,0.0,0.0,0.0,0.44154173319986667,0.0,0.0,0.0,0.0,0.0,0.0,0.5584582668001333
2008-10-14,0.0,0.0,0.0,0.0,0.4384758464969624,0.0,0.0,0.0,0.0,0.0,0.0,0.5615241535030376
2008-10-15,0.0,0.0,0.0,0.0,0.43690564407014415,0.0,0.0,0.0,0.0,0.0,0.0,0.5630943559298559
2008-10-16,0.0,0.0,0.0,0.0,0.4381941005026083,0.0,0.0,0.0,0.0,0.0,0.0,0.5618058994973916
2008-10-17,0.0,0.0,0.0,0.0,0.4378421277715196,0.0,0.0,0.0,0.0,0.0,0.0,0.5621578722284803
2008-10-20,0.0,0.0,0.0,0.0,0.4379402923780622,0.0,0.0,0.0,0.0,0.0,0.0,0.5620597076219377
2008-10-21,0.0,0.0,0.0,0.0,0.4401683988083481,0.0,0.0,0.0,0.0,0.0,0.0,0.559831601191652
2008-10-22,0.0,0.0,0.0,0.0,0.44657714313185,0.0,0.0,0.0,0.0,0.0,0.0,0.5534228568681501
2008-10-23,0.0,0.0,0.0,0.0,0.44195379418671826,0.0,0.0,0.0,0.0,0.0,0.0,0.5580462058132818
2008-10-24,0.0,0.0,0.0,0.0,0.4428699901899187,0.0,0.0,0.0,0.0,0.0,0.0,0.5571300098100812
2008-10-27,0.0,0.0,0.0,0.0,0.4558258914531006,0.0,0.0,0.0,0.0,0.0,0.0,0.5441741085468994
2008-10-28,0.0,0.0,0.0,0.0,0.456041284619817,0.0,0.0,0.0,0.0,0.0,0.0,0.5439587153801829
2008-10-29,0.0,0.0,0.0,0.0,0.4568757785638338,0.0,0.0,0.0,0.0,0.0,0.0,0.5431242214361662
2008-10-30,0.0,0.0,0.0,0.0,0.46491585238712585,0.0,0.0,0.0,0.0,0.0,0.0,0.535084147612874
2008-10-31,0.0,0.0,0.0,0.0,0.46388239251219965,0.0,0.0,0.0,0.0,0.0,0.0,0.5361176074878004
2008-11-03,0.0,0.0,0.0,0.0,0.4683309129885875,0.0,0.0,0.0,0.0,0.0,0.0,0.5316690870114125
2008-11-04,0.0,0.0,0.0,0.0,0.464253632888382,0.0,0.0,0.0,0.0,0.0,0.0,0.535746367111618
2008-11-05,0.0,0.0,0.0,0.0,0.47157492446747035,0.0,0.0,0.0,0.0,0.0,0.0,0.5284250755325297
2008-11-06,0.0,0.0,0.0,0.0,0.4705192530521042,0.0,0.0,0.0,0.0,0.0,0.0,0.5294807469478957
2008-11-07,0.0,0.0,0.0,0.0,0.4727848281963841,0.0,0.0,0.0,0.0,0.0,0.0,0.5272151718036159
2008-11-10,0.0,0.0,0.0,0.0,0.4724941883360792,0.0,0.0,0.0,0.0,0.0,0.0,0.5275058116639207
2008-11-11,0.0,0.0,0.0,0.0,0.47260684511452844,0.0,0.0,0.0,0.0,0.0,0.0,0.5273931548854716
2008-11-12,0.0,0.0,0.0,0.0,0.4759601485021976,0.0,0.0,0.0,0.0,0.0,0.0,0.5240398514978024
2008-11-13,0.0,0.0,0.0,0.0,0.47482810797565683,0.0,0.0,0.0,0.0,0.0,0.0,0.5251718920243432
2008-11-14,0.0,0.0,0.0,0.0,0.4717809092917947,0.0,0.0,0.0,0.0,0.0,0.0,0.5282190907082053
2008-11-17,0.0,0.0,0.0,0.0,0.46358391466954785,0.0,0.0,0.0,0.0,0.0,0.0,0.5364160853304522
2008-11-18,0.0,0.0,0.0,0.0,0.4622762513027863,0.0,0.0,0.0,0.0,0.0,0.0,0.5377237486972137
2008-11-19,0.0,0.0,0.0,0.0,0.46128693610974175,0.0,0.0,0.0,0.0,0.0,0.0,0.5387130638902582
2008-11-20,0.0,0.0,0.0,0.0,0.4525746908949996,0.0,0.0,0.0,0.0,0.0,0.0,0.5474253091050003
2008-11-21,0.0,0.0,0.0,0.0,0.4229321070201208,0.0,0.0,0.0,0.0,0.0,0.0,0.5770678929798791
2008-11-24,0.0,0.0,0.0,0.0,0.4211155837260621,0.0,0.0,0.0,0.0,0.0,0.0,0.5788844162739378
2008-11-25,0.0,0.0,0.0,0.31178233951747036,0.2966856941409813,0.0,0.0,0.0,0.0,0.0,0.0,0.3915319663415483
2008-11-26,0.0,0.0,0.0,0.3094739949149652,0.2942212983549981,0.0,0.0,0.0,0.0,0.0,0.0,0.3963047067300367
2008-11-28,0.0,0.0,0.0,0.3101025518741838,0.2950573564149961,0.0,0.0,0.0,0.0,0.0,0.0,0.3948400917108201
2008-12-01,0.0,0.0,0.0,0.3108266021922903,0.29478463211620975,0.0,0.0,0.0,0.0,0.0,0.0,0.3943887656915
2008-12-02,0.0,0.0,0.0,0.3134682812395003,0.28588738694009264,0.0,0.0,0.0,0.0,0.0,0.0,0.4006443318204071
2008-12-03,0.0,0.0,0.0,0.3141058465088952,0.28602654692565294,0.0,0.0,0.0,0.0,0.0,0.0,0.3998676065654518
2008-12-04,0.0,0.0,0.0,0.3141074300146627,0.2863349158789872,0.0,0.0,0.0,0.0,0.0,0.0,0.39955765410635014
2008-12-05,0.0,0.0,0.0,0.3145712001276344,0.28478013378472256,0.0,0.0,0.0,0.0,0.0,0.0,0.4006486660876429
2008-12-08,0.0,0.0,0.0,0.3154261730494773,0.2825199501601713,0.0,0.0,0.0,0.0,0.0,0.0,0.4020538767903514
2008-12-09,0.0,0.0,0.0,0.3142077995526084,0.2833617665824264,0.0,0.0,0.0,0.0,0.0,0.0,0.4024304338649652
2008-12-10,0.0,0.0,0.0,0.31077794198777403,0.2870012724407553,0.0,0.0,0.0,0.0,0.0,0.0,0.4022207855714708
2008-12-11,0.0,0.0,0.0,0.31063909684433944,0.28547931745727373,0.0,0.0,0.0,0.0,0.0,0.0,0.4038815856983869
2008-12-12,0.0,0.0,0.0,0.3106712049258375,0.2858054353983392,0.0,0.0,0.0,0.0,0.0,0.0,0.4035233596758233
2008-12-15,0.0,0.0,0.0,0.309844517420558,0.2879238313567124,0.0,0.0,0.0,0.0,0.0,0.0,0.4022316512227296
2008-12-16,0.0,0.0,0.0,0.25820762412406756,0.25045255112406667,0.16229960831531196,0.0,0.0,0.0,0.0,0.0,0.3290402164365538
2008-12-17,0.0,0.0,0.0,0.23137966489045575,0.218405146129046,0.143069128000322,0.0,0.11679779178431879,0.0,0.0,0.0,0.29034826919585743
2008-12-18,0.0,0.0,0.0,0.2637410164282039,0.24480028624802827,0.16306422868421983,0.0,0.0,0.0,0.0,0.0,0.3283944686395482
2008-12-19,0.0,0.0,0.0,0.26554537966353287,0.24435942550915937,0.16308931983081526,0.0,0.0,0.0,0.0,0.0,0.3270058749964926
2008-12-22,0.0,0.0,0.0,0.26669713246241744,0.24580165358632253,0.1631528816472948,0.0,0.0,0.0,0.0,0.0,0.3243483323039653
2008-12-23,0.0,0.0,0.0,0.2666377870743435,0.24432629967221117,0.16497347271901214,0.0,0.0,0.0,0.0,0.0,0.3240624405344333
2008-12-24,0.0,0.0,0.0,0.256718009864866,0.2408454356119909,0.18898799873581287,0.0,0.0,0.0,0.0,0.0,0.3134485557873302
2008-12-26,0.0,0.0,0.0,0.2114212516313799,0.20444997761693404,0.20353973743121714,0.0,0.11100809779265679,0.0,0.0,0.0,0.26958093552781215
2008-12-29,0.0,0.0,0.0,0.21177649363239404,0.20492845547848718,0.2038592641079904,0.0,0.11026355821854147,0.0,0.0,0.0,0.2691722285625869
2008-12-30,0.0,0.0,0.0,0.20990900427995218,0.20331881063649296,0.20465379822302004,0.0,0.11180124495286499,0.0,0.0,0.0,0.27031714190766976
2008-12-31,0.0,0.0,0.0,0.21027659680562513,0.20327578892636705,0.20441558829522669,0.0,0.1117632390172916,0.0,0.0,0.0,0.2702687869554895
2009-01-02,0.0,0.0,0.0,0.20997086313472954,0.19982250346669406,0.20581093280219911,0.0,0.11206495365746727,0.0,0.0,0.0,0.27233074693890996
2009-01-05,0.0,0.0,0.0,0.24134782214316547,0.21903024689652098,0.23312923226946164,0.0,0.0,0.0,0.0,0.0,0.30649269869085194
2009-01-06,0.0,0.0,0.0,0.21698776251373347,0.1908525621989422,0.20763172532264634,0.0,0.11427830189959809,0.0,0.0,0.0,0.2702496480650799
2009-01-07,0.0,0.0,0.0,0.2422927167420848,0.2133706112074006,0.24135032324720349,0.0,0.0,0.0,0.0,0.0,0.30298634880331116
2009-01-08,0.0,0.0,0.0,0.2567265811709965,0.16929888419266462,0.227337005508636,0.0,0.10776397483372713,0.0,0.0,0.0,0.2388735542939758
2009-01-09,0.0,0.0,0.0,0.29400705571948915,0.1752734038242242,0.2872406850460411,0.0,0.0,0.0,0.0,0.0,0.24347885541024555
2009-01-12,0.0,0.0,0.0,0.3000178989688675,0.1732206858568146,0.29068834014554834,0.0,0.0,0.0,0.0,0.0,0.23607307502876956
2009-01-13,0.0,0.0,0.0,0.3045895337121504,0.17205445802842967,0.2870350500373493,0.0,0.0,0.0,0.0,0.0,0.2363209582220705
2009-01-14,0.0,0.0,0.0,0.31240334797768915,0.17067419454703808,0.28469756293001325,0.0,0.0,0.0,0.0,0.0,0.23222489454525946
2009-01-15,0.0,0.0,0.0,0.31167339950288364,0.17006881465625037,0.28656864051671654,0.0,0.0,0.0,0.0,0.0,0.23168914532414947
2009-01-16,0.0,0.0,0.0,0.3107003026699074,0.1641305184770816,0.3008039482267072,0.0,0.0,0.0,0.0,0.0,0.2243652306263038
2009-01-20,0.0,0.0,0.0,0.28127310699377345,0.14593020103210255,0.2724121751565535,0.0,0.09557942064369501,0.0,0.0,0.0,0.2048050961738754
2009-01-21,0.0,0.0,0.0,0.28477501456520554,0.14795742621158278,0.27006899143033847,0.0,0.10083167162333649,0.0,0.0,0.0,0.19636689616953676
2009-01-22,0.0,0.0,0.0,0.2958631762335862,0.14137513094471674,0.2672998265652466,0.0,0.10072685199315308,0.0,0.0,0.0,0.1947350142632974
2009-01-23,0.0,0.0,0.0,0.29569843391543776,0.13860331656721722,0.26360810282714686,0.0,0.10033689887859679,0.0,0.0,0.0,0.20175324781160128
2009-01-26,0.0,0.0,0.0,0.300639460552332,0.1379021459098384,0.26300226302531166,0.0,0.09708021512420405,0.0,0.0,0.0,0.20137591538831384
2009-01-27,0.0,0.0,0.0,0.30077476507985845,0.13873606768074095,0.26177918013960727,0.0,0.09770987342921571,0.0,0.0,0.0,0.2010001136705776
2009-01-28,0.0,0.0,0.0,0.3111158919718832,0.1350104709932099,0.25613954600192484,0.0,0.09614753604063243,0.0,0.0,0.0,0.20158655499234968
2009-01-29,0.0,0.0,0.0,0.31149053534652127,0.13242588995864038,0.25811028438215494,0.0,0.09652882033705479,0.0,0.0,0.0,0.20144446997562857
2009-01-30,0.0,0.0,0.0,0.30970305751870414,0.1318768021598809,0.25538733819311044,0.0,0.09749029248041988,0.0,0.0,0.0,0.20554250964788473
2009-02-02,0.0,0.0,0.0,0.32002481664216154,0.12985208655138275,0.2520231308174187,0.0,0.0957644670493149,0.0,0.0,0.0,0.2023354989397221
2009-02-03,0.0,0.0,0.0,0.3253558238947092,0.12698723801125775,0.245642585684186,0.0,0.0975477251810424,0.0,0.0,0.0,0.20446662722880474
2009-02-04,0.0,0.0,0.0,0.3308483297049204,0.12273103433655735,0.2492720548929511,0.0,0.09839101151848847,0.0,0.0,0.0,0.1987575695470826
2009-02-05,0.0,0.0,0.0,0.3308344609116989,0.122385539482808,0.24895453965298994,0.0,0.09817724725377512,0.0,0.0,0.0,0.19964821269872815
2009-02-06,0.0,0.0,0.0,0.3311882055164474,0.12272410239077605,0.24820624706117736,0.0,0.09817459483143717,0.0,0.0,0.0,0.19970685020016204
2009-02-09,0.0,0.0,0.0,0.3340638177744731,0.12242844802323571,0.24719532631440783,0.0,0.09803631504031932,0.0,0.0,0.0,0.19827609284756403
2009-02-10,0.0,0.0,0.0,0.3348744929446182,0.12154845353962145,0.24549259693936729,0.0,0.09784590559442745,0.0,0.0,0.0,0.20023855098196566
2009-02-11,0.0,0.0,0.0,0.31864399381532604,0.1127262503650997,0.23000540700887906,0.0,0.09307969339009657,0.059916586912691944,0.0,0.0,0.18562806850790675
2009-02-12,0.0,0.0,0.0,0.3163623426520035,0.11366352561561732,0.23015135167307066,0.0,0.09295412301267217,0.05924462862293113,0.0,0.0,0.18762402842370518
2009-02-13,0.0,0.0,0.0,0.3151097416113992,0.11417766408940107,0.2300891690213869,0.0,0.09309072257103924,0.059179551503412045,0.0,0.0,0.18835315120336146
2009-02-17,0.0,0.0,0.0,0.3157088406337791,0.11212049572479935,0.22957123379298836,0.0,0.09365550776102961,0.05976015649621316,0.0,0.0,0.18918376559119046
2009-02-18,0.0,0.0,0.0,0.31905606920768587,0.1108282683001156,0.23131734567894371,0.0,0.09327653384131987,0.060299776581554554,0.0,0.0,0.18522200639038036
2009-02-19,0.0,0.0,0.0,0.3184033043480742,0.11222973666276799,0.2299239276054594,0.0,0.09313619721907011,0.06136920759408097,0.0,0.0,0.1849376265705473
2009-02-20,0.0,0.0,0.0,0.31501679425777895,0.11911649630339008,0.22940996399890687,0.0,0.09200990380635883,0.061004776957510665,0.0,0.0,0.18344206467605462
2009-02-23,0.0,0.0,0.0,0.313545105387022,0.11788212392008213,0.22793987363846854,0.0,0.09975532218362002,0.06234562855529676,0.0,0.0,0.1785319463155104
2009-02-24,0.0,0.0,0.0,0.30831205884716956,0.11707591966074515,0.2252624831818283,0.0,0.09959855808193294,0.06652013269198793,0.0,0.0,0.18323084753633617
2009-02-25,0.0,0.0,0.0,0.3415134180613318,0.11454187812464876,0.2139551035541864,0.0,0.09230858394724648,0.06175119914794088,0.0,0.0,0.17592981716464567
2009-02-26,0.0,0.0,0.0,0.47386495235990966,0.15731546347270375,0.0,0.0,0.12653284778057147,0.0,0.0,0.0,0.24228673638681508
2009-02-27,0.0,0.0,0.0,0.47057603393783265,0.1578116585120851,0.0,0.0,0.1267366921163297,0.0,0.0,0.0,0.2448756154337526
2009-03-02,0.0,0.0,0.0,0.4759444674471255,0.1585785629143341,0.0,0.0,0.1319219818301623,0.0,0.0,0.0,0.23355498780837802
2009-03-03,0.0,0.0,0.0,0.4770899245832903,0.15773057156684356,0.0,0.0,0.13168102366765505,0.0,0.0,0.0,0.2334984801822111
2009-03-04,0.0,0.0,0.0,0.4768979383760322,0.15769058132505062,0.0,0.0,0.13176938961766743,0.0,0.0,0.0,0.23364209068124978
2009-03-05,0.0,0.0,0.0,0.43481606664702294,0.1468931039039101,0.0,0.0,0.12055264151357847,0.08403586621499787,0.0,0.0,0.21370232172049053
2009-03-06,0.0,0.0,0.0,0.43955552702128353,0.14394436630564744,0.0,0.0,0.11879814958704757,0.08367422925845296,0.0,0.0,0.21402772782756857
2009-03-09,0.0,0.0,0.0,0.4764655575016406,0.15595716704524737,0.0,0.0,0.13007213331888257,0.0,0.0,0.0,0.23750514213422946
2009-03-10,0.0,0.0,0.0,0.47900664072717464,0.1574551638666166,0.0,0.0,0.12779688635103828,0.0,0.0,0.0,0.23574130905517054
2009-03-11,0.0,0.0,0.0,0.47836601860007066,0.15537121407506793,0.0,0.0,0.13077713404298388,0.0,0.0,0.0,0.23548563328187755
2009-03-12,0.0,0.0,0.0,0.47664725349277537,0.15293115051553094,0.0,0.0,0.12931017242258636,0.0,0.0,0.0,0.24111142356910736
2009-03-13,0.0,0.0,0.0,0.4373956981812306,0.1401853605612107,0.0,0.0,0.11755907065112634,0.0840154590446224,0.0,0.0,0.22084441156180978
2009-03-16,0.0,0.0,0.0,0.4732424949853512,0.15227068787012468,0.0,0.0,0.1283600272099041,0.0,0.0,0.0,0.24612678993462
2009-03-17,0.0,0.0,0.0,0.4640923612382554,0.15196299502106436,0.0,0.0,0.12697772213710495,0.0,0.0,0.0,0.2569669216035752
2009-03-18,0.0,0.0,0.0,0.3659988823095486,0.12315829397521896,0.2063027440748162,0.0,0.09946144697935858,0.0,0.0,0.0,0.20507863266105766
2009-03-19,0.0,0.0,0.0,0.3314265639299372,0.11486901245341609,0.2041286875555672,0.0,0.09514338966235512,0.07176670159497044,0.0,0.0,0.182665644803754
2009-03-20,0.0,0.0,0.0,0.4170548013730694,0.14427442244444066,0.0,0.0,0.11999541206660305,0.08774058271457133,0.0,0.0,0.2309347814013156
2009-03-23,0.0,0.0,0.0,0.41742601641261096,0.1446883717903907,0.0,0.0,0.12011578613379076,0.08781108833019405,0.0,0.0,0.22995873733301345
2009-03-24,0.0,0.0,0.0,0.4240454376213374,0.14218991656368046,0.0,0.0,0.11763959235970707,0.09042815521842505,0.0,0.0,0.22569689823685005
2009-03-25,0.0,0.0,0.0,0.42434162075531273,0.14238443716321905,0.0,0.0,0.11803203623347369,0.09052936148217233,0.0,0.0,0.22471254436582222
2009-03-26,0.0,0.0,0.0,0.42310426847398724,0.14182254595978086,0.0,0.0,0.11947560332633574,0.09178854243501658,0.0,0.0,0.22380903980487948
2009-03-27,0.0,0.0,0.0,0.42856869917888823,0.13973406467304575,0.0,0.0,0.11873585017184195,0.09116792937549546,0.0,0.0,0.22179345660072863
2009-03-30,0.0,0.0,0.0,0.42973183582782526,0.1403909862144079,0.0,0.0,0.11854915767463577,0.09094935517911383,0.0,0.0,0.22037866510401716
2009-03-31,0.0,0.0,0.0,0.3382437849804533,0.11277736273012018,0.20766588627346141,0.0,0.09401882731405768,0.0726075042711942,0.0,0.0,0.17468663443071317
2009-04-01,0.0,0.0,0.0,0.4255819312980098,0.14423941455882977,0.0,0.0,0.11811473524195101,0.09150233169155059,0.0,0.0,0.22056158720965885
2009-04-02,0.0,0.0,0.0,0.4468597266707628,0.13986117532206604,0.0,0.0,0.11347086006575104,0.08810415831415373,0.0,0.0,0.21170407962726645
2009-04-03,0.0,0.0,0.0,0.4950361725594576,0.15342025156270336,0.0,0.0,0.12269161439016163,0.0,0.0,0.0,0.22885196148767745
2009-04-06,0.0,0.0,0.0,0.5022692630167681,0.14894252230214458,0.0,0.0,0.12281173785558211,0.0,0.0,0.0,0.2259764768255053
2009-04-07,0.0,0.0,0.0,0.5081382330593259,0.14694238813913793,0.0,0.0,0.1201070560638034,0.0,0.0,0.0,0.22481232273773283
2009-04-08,0.0,0.0,0.0,0.3978703220834668,0.11457314339556138,0.21622940609889055,0.0,0.0931061160574213,0.0,0.0,0.0,0.17822101236466006
2009-04-09,0.0,0.0,0.0,0.3995087274154587,0.11421949708916344,0.2119737031863795,0.0,0.09651857384294701,0.0,0.0,0.0,0.17777949846605134
2009-04-13,0.0,0.0,0.0,0.3716405198324274,0.1056564051281322,0.19541777794212503,0.0,0.08963858174709696,0.070601958431518,0.0,0.0,0.16704475691870035
2009-04-14,0.0,0.0,0.0,0.36751276881079153,0.10811138797022309,0.19574841804237456,0.0,0.09081898716829283,0.07089580242383058,0.0,0.0,0.16691263558448732
2009-04-15,0.0,0.0,0.0,0.3676775376008808,0.10800308738710272,0.19573505980981418,0.0,0.09080610073978441,0.07088909477521235,0.0,0.0,0.16688911968720554
2009-04-16,0.0,0.0,0.0,0.3969660059307612,0.11645310491523302,0.2075198112626343,0.0,0.09929536900961393,0.0,0.0,0.0,0.17976570888175755
2009-04-17,0.0,0.0,0.0,0.3579323991373664,0.10369429068819268,0.18958269440048597,0.0853823490387955,0.08867707723350765,0.0,0.0,0.0,0.17473118950165184
2009-04-20,0.0,0.0,0.0,0.3895441761674526,0.1169539964252228,0.20723138741092526,0.0,0.09656632617258966,0.0,0.0,0.0,0.18970411382380964
2009-04-21,0.0,0.0,0.0,0.3886951353226203,0.11797318169493011,0.207877757312113,0.0,0.09602775353590645,0.0,0.0,0.0,0.18942617213443022
2009-04-22,0.0,0.0,0.0,0.3535868964487899,0.1075452763637172,0.19058142842519968,0.08177510019995388,0.09368220641634183,0.0,0.0,0.0,0.17282909214599748
2009-04-23,0.0,0.0,0.0,0.3282080165918672,0.10025570138335445,0.1791726911478208,0.07608840458122322,0.08716802954449902,0.06512561580727913,0.0,0.0,0.16398154094395628
2009-04-24,0.0,0.0,0.0,0.3280173738437388,0.10170817093456279,0.1866079049021835,0.07532084388216959,0.08551478667060222,0.06314114254624532,0.0,0.0,0.15968977722049785
2009-04-27,0.0,0.0,0.0,0.3262017044647666,0.10357157938476,0.1874558293632449,0.07688835398625295,0.08514860178756496,0.06272442085340009,0.0,0.0,0.15800951016001044
2009-04-28,0.0,0.0,0.0,0.37031996909256387,0.0,0.20915045650791633,0.08524414543752346,0.0944668372055655,0.06980586644969129,0.0,0.0,0.17101272530673953
2009-04-29,0.0,0.0,0.04321274592005117,0.35806813242792723,0.0,0.19977396608982648,0.08083667189033661,0.09023450674692596,0.06570140662348717,0.0,0.0,0.16217257030144536
2009-04-30,0.0,0.0,0.04257275901691698,0.35591563883193217,0.0,0.1999097098535629,0.08135980362846185,0.09251733201495557,0.06608331530329083,0.0,0.0,0.16164144135087943
2009-05-01,0.0,0.0,0.042711466873544005,0.35509100297393464,0.0,0.19992529336558149,0.08114035616803934,0.09196577993773457,0.06518235416822922,0.0,0.0,0.16398374651293665
2009-05-04,0.0,0.0,0.051213034817626325,0.4230159728790139,0.0,0.23963057787474293,0.09735446607686346,0.11057209889341013,0.07821384945834327,0.0,0.0,0.0
2009-05-05,0.0,0.0,0.04151321592809443,0.35488000157543576,0.0,0.20222023966329453,0.08138105697214705,0.09136244282354174,0.06403794931986713,0.0,0.0,0.16460509371761953
2009-05-06,0.0,0.0,0.05024692826097041,0.42426495952352045,0.0,0.24245517793427177,0.0979839837115909,0.10913228074194835,0.07591666982769806,0.0,0.0,0.0
2009-05-07,0.0,0.0,0.050337222171107164,0.4243466565449209,0.0,0.2423434386734395,0.09819421847597887,0.10936552690217258,0.07541293723238099,0.0,0.0,0.0
2009-05-08,0.0,0.05932241679238112,0.04840857061012573,0.4008779026524687,0.0,0.22469247510454757,0.09142123748607267,0.10416789329701123,0.07110950405739287,0.0,0.0,0.0
2009-05-11,0.0,0.0,0.05138616920559338,0.4254183897591228,0.0,0.23766634342899562,0.09646492556857285,0.11277332090638716,0.07629085113132829,0.0,0.0,0.0
2009-05-12,0.0,0.0,0.050816824949957894,0.4291210703267146,0.0,0.23591450344514583,0.09583680477372217,0.11249140479296628,0.07581939171149324,0.0,0.0,0.0
2009-05-13,0.0,0.0,0.05097577790535226,0.42595687881571404,0.0,0.23862912037901796,0.0961406084551464,0.1124441596339464,0.07585345481082278,0.0,0.0,0.0
2009-05-14,0.0,0.0,0.051716292746568,0.4220814651510839,0.0,0.23754526868019735,0.09663185569140023,0.11576509863612185,0.07626001909462886,0.0,0.0,0.0
2009-05-15,0.0,0.0,0.051588852871753396,0.42188934321254273,0.0,0.23757081766710192,0.09609098605152158,0.11662640420673274,0.07623359599034767,0.0,0.0,0.0
2009-05-18,0.0,0.05795487941723783,0.04845732886306576,0.3961223775728023,0.0,0.2258109025498989,0.08970665454599126,0.10989368765206307,0.07205416939894098,0.0,0.0,0.0
2009-05-19,0.0,0.057087416601238866,0.04765228313555718,0.3980006015698059,0.0,0.22521293383533364,0.08887331122546888,0.11087293974104695,0.07230051389154883,0.0,0.0,0.0
2009-05-20,0.0,0.05787997293295528,0.047691278547077776,0.4003076738797896,0.0,0.2235921275303638,0.09001190261335011,0.10980234659643608,0.0707146979000272,0.0,0.0,0.0
2009-05-21,0.0,0.05839228647795469,0.048210871461163395,0.3968092992161031,0.0,0.2214660548118605,0.08931100971083979,0.11224623744213925,0.07356424087993917,0.0,0.0,0.0
2009-05-22,0.0,0.05897791065371519,0.04813894602163527,0.3941600024483613,0.0,0.22465249144287291,0.0887870355576525,0.11200960179822789,0.07327401207753503,0.0,0.0,0.0
2009-05-26,0.0,0.05851536216177353,0.0477512974646052,0.3950788851434208,0.0,0.22423402611354834,0.08880864313627904,0.11085430329127256,0.07475748268910039,0.0,0.0,0.0
2009-05-27,0.0,0.05827340708487033,0.04786688281193643,0.3929001506101157,0.0,0.22622206496040004,0.08939791895622864,0.11067922286787336,0.07466035270857545,0.0,0.0,0.0
2009-05-28,0.0,0.060840575919803186,0.04968796833155325,0.38775452158559115,0.0,0.22376671173727453,0.09088771763524309,0.11236387215750045,0.07469863263303449,0.0,0.0,0.0
2009-05-29,0.06427798917762144,0.05692336012581264,0.046237813378120475,0.36278045425225386,0.0,0.21021981769436288,0.08493807333323533,0.10524881013540463,0.0693736819031888,0.0,0.0,0.0
2009-06-01,0.065949995136796,0.05925172848230282,0.04898216892304609,0.3551027118396821,0.0,0.20783600735267732,0.08684334940876248,0.1065288205245364,0.06950521833219683,0.0,0.0,0.0
2009-06-02,0.06854405872422244,0.06128488044319328,0.049959089685267896,0.3329225194191079,0.0,0.2097587873694441,0.09408415506370754,0.11268787982524335,0.07075862946981358,0.0,0.0,0.0
2009-06-03,0.06906925805043515,0.06183318092816786,0.05011769696174628,0.3300609777983139,0.0,0.2100072771571801,0.0949254555182119,0.11341174777300644,0.0705744058129383,0.0,0.0,0.0
2009-06-04,0.06621540677313545,0.05914182071640037,0.04754725830486032,0.32289617845456486,0.0,0.23774349507768724,0.09106329337735455,0.10844058884517392,0.06695195845082309,0.0,0.0,0.0
2009-06-05,0.06888305952016681,0.061517013387274,0.049246418843750014,0.3077851774299793,0.0,0.2412097180668239,0.09662805586925262,0.10899174552135779,0.06573881136139556,0.0,0.0,0.0
2009-06-08,0.06961337942961804,0.06185298584107134,0.0498004495902032,0.3081731430966122,0.0,0.24122879771103706,0.09828758121937686,0.10675025760130405,0.0642934055107772,0.0,0.0,0.0
2009-06-09,0.07108398565487298,0.06186623084507308,0.049892085461860955,0.30618926620291387,0.0,0.23997239795006847,0.09862331861576693,0.10855224430999973,0.06382047095944406,0.0,0.0,0.0
2009-06-10,0.07116507020975485,0.061871543908483276,0.04992393773694603,0.30414260898396683,0.0,0.2416139840359855,0.09870315572212623,0.10862882244658602,0.06395087695615133,0.0,0.0,0.0
2009-06-11,0.07117774380384875,0.061892047667631254,0.049920237741019786,0.3043639414715698,0.0,0.24057791261104206,0.09871217219297505,0.10883553900230775,0.06452040550960543,0.0,0.0,0.0
2009-06-12,0.07210259416042428,0.062013229918442214,0.049774835993939615,0.3032937723677691,0.0,0.24047077091504726,0.09874331323505756,0.10893031926858734,0.06467116414073283,0.0,0.0,0.0
2009-06-15,0.06835303675439595,0.05876494251158652,0.04666518021465643,0.31490503931262537,0.0,0.25017187002462765,0.0943936351379027,0.1071977964631537,0.059548499581051705,0.0,0.0,0.0
2009-06-16,0.06803438017901446,0.0575437473989705,0.04614482287823375,0.31533119364304474,0.0,0.2515365950768476,0.0941564454305255,0.10814915346476327,0.059103661928600455,0.0,0.0,0.0
2009-06-17,0.06752594767685503,0.05677787847066072,0.0454463668811167,0.31547819148230427,0.0,0.2578153300464243,0.09226177089465723,0.10638934657565235,0.05830516797232931,0.0,0.0,0.0
2009-06-18,0.0748568423991955,0.060410462854549346,0.04846047692605286,0.308805892016859,0.0,0.2530706522394314,0.09143680397643987,0.1057288533093263,0.05723001627814578,0.0,0.0,0.0
2009-06-19,0.07597171345651912,0.06188533512713288,0.049238593906030755,0.30991539461217094,0.0,0.2477322298149252,0.09137603864910189,0.10642799694854635,0.057452697485572864,0.0,0.0,0.0
2009-06-22,0.0759495099989319,0.06173458871963729,0.04920242821539434,0.3107790031496602,0.0,0.24685969567289828,0.09119177627781325,0.10691897332593754,0.05736402463972707,0.0,0.0,0.0
2009-06-23,0.07485055647608019,0.06070974437727417,0.048849063284707346,0.3126072503983218,0.0,0.2488866604883149,0.09136628039850496,0.10611073864435874,0.056619705932437876,0.0,0.0,0.0
2009-06-24,0.0756913442817183,0.06204164204934107,0.04949284956203962,0.3113051176529339,0.0,0.24556679411275992,0.09195956734290228,0.10712210175849106,0.056820583239813906,0.0,0.0,0.0
2009-06-25,0.07716596862088206,0.06297863519255648,0.050268749088177335,0.3065129345689558,0.0,0.24022664571208552,0.10152149169477742,0.10514158773595304,0.05618398738661242,0.0,0.0,0.0
2009-06-26,0.07633602921443132,0.06319658193621007,0.0500112892280162,0.3070718945120317,0.0,0.24049709348677695,0.10213498961947934,0.10462904364159659,0.05612307836145789,0.0,0.0,0.0
2009-06-29,0.07683188303019767,0.06373346469002565,0.05048066156709029,0.30554040817724304,0.0,0.24064987747551225,0.10191429730157602,0.10483921243915294,0.05601019531920208,0.0,0.0,0.0
2009-06-30,0.07719379423854875,0.06514681066849598,0.05141652103156595,0.3018774617605221,0.0,0.23611408158457217,0.10650667693043028,0.10698503230199712,0.05475962148386758,0.0,0.0,0.0
2009-07-01,0.07656681522784453,0.0643870210450816,0.05097641048138532,0.30178677251142405,0.0,0.23856255599780785,0.106638264168783,0.10694551913174839,0.054136641435925344,0.0,0.0,0.0
2009-07-02,0.07618557923734459,0.06444195481231473,0.05059808254003442,0.2993816074325831,0.0,0.23639422720523565,0.10602336017998346,0.11056337319821276,0.0564118153942913,0.0,0.0,0.0
2009-07-06,0.07585817842250411,0.06395640806455224,0.05055049004788965,0.3002868980861911,0.0,0.23719586988268523,0.10497759653787615,0.11148150284775682,0.05569305611054483,0.0,0.0,0.0
2009-07-07,0.07562924755498447,0.0636679560536681,0.0503381855253506,0.29964830886428856,0.0,0.2416539150592424,0.1031059502342686,0.11059519401703989,0.05536124269115742,0.0,0.0,0.0
2009-07-08,0.07799015557209801,0.06309993726940125,0.05077683158313087,0.29722427955810093,0.0,0.24044383839202527,0.10565493791917302,0.11006866790771826,0.054741351798352406,0.0,0.0,0.0
2009-07-09,0.07761276489430385,0.06283824663384312,0.05040545601637659,0.2991005802872828,0.0,0.23996446585325976,0.10501911161769081,0.10983633556776569,0.055223039129477354,0.0,0.0,0.0
2009-07-10,0.0785996098759077,0.06294246441991502,0.05051823321913008,0.2978049176694784,0.0,0.2403436713850602,0.10430637214568075,0.11020387974506807,0.0552808515397598,0.0,0.0,0.0
2009-07-13,0.07867671986005478,0.06271498700899321,0.05037166987579212,0.29662054235286733,0.0,0.2428294809950485,0.10383891356022751,0.1099722584089904,0.054975427938026206,0.0,0.0,0.0
2009-07-14,0.07720495962218975,0.062029163156757786,0.05009227689585752,0.29551664282212403,0.0,0.24211190456588877,0.10466005197387548,0.11228090595652304,0.05610409500678365,0.0,0.0,0.0
2009-07-15,0.07663481248976405,0.06157315840359337,0.0497086627973385,0.2969368928044707,0.0,0.23980853375525316,0.10687517007322678,0.11163985449244929,0.05682291518390392,0.0,0.0,0.0
2009-07-16,0.07693589609020342,0.06061833755671133,0.04798343212469384,0.28322002494618775,0.0,0.2261393899350951,0.11102712525582101,0.10882082513924571,0.05435139722561127,0.0,0.030903571726430486,0.0
2009-07-17,0.08027319875337077,0.06305093994818625,0.049705944617199925,0.2926884820882427,0.0,0.23078245767153463,0.11532214638521668,0.112110673088034,0.056066157448215054,0.0,0.0,0.0
2009-07-20,0.07750407767129629,0.06103970407619128,0.04810876342044681,0.28360488302938713,0.0,0.2226696950895386,0.11151169328688837,0.10849337000354241,0.054624468908505856,0.0,0.03244334451420311,0.0
2009-07-21,0.07752258131323127,0.06141329816572236,0.04751845273165318,0.28385191896415535,0.0,0.2223629038434512,0.11034199155660819,0.10896393393993413,0.05538417482445841,0.0,0.03264074466078586,0.0
2009-07-22,0.07913398486758288,0.062496484741450656,0.048305950670099865,0.2815253996169463,0.0,0.2140282602585556,0.11352037218192582,0.11124504278830949,0.05613895038396231,0.0,0.033605554491167054,0.0
2009-07-23,0.07939157033620506,0.06273342105301462,0.04925097027677833,0.2792042435303955,0.0,0.2130944039854134,0.11420597809501783,0.11165796306923348,0.055972851699653325,0.0,0.034488597954288526,0.0
2009-07-24,0.07450518071649455,0.059723423489475506,0.04654758848369879,0.26486295463797827,0.0,0.20361104985330758,0.10814876874508014,0.10826608828563322,0.05427913373169899,0.04753554904430632,0.03252026301232661,0.0
2009-07-27,0.07479010390786983,0.059836235651277166,0.04772365156967538,0.26473435135022816,0.0,0.20211617424060987,0.109426002090162,0.10741259520430257,0.05402108227349477,0.04733559915601931,0.03260420455636092,0.0
2009-07-28,0.07453813729285405,0.0596343285125599,0.047560972045087406,0.26509490180004325,0.0,0.20090743299765937,0.1093933038536489,0.10857086082912379,0.05466928178698942,0.04717199942507347,0.03245878145696053,0.0
2009-07-29,0.07823268244996674,0.06271087996026307,0.05002640536536915,0.28075503798145646,0.0,0.2108254266504583,0.11508255244098752,0.11120172981814155,0.05672922651455142,0.0,0.03443605881880566,0.0
2009-07-30,0.07708078435348141,0.061446323540206405,0.05040180282254366,0.26462194920832266,0.0,0.197489778955813,0.10871279307549594,0.10698595727116479,0.05438476824282944,0.04463986648824754,0.03423597604189536,0.0
2009-07-31,0.0770757804759685,0.061350821237716666,0.05017967693002984,0.2655531335962313,0.0,0.19717503032508152,0.1090202313651729,0.10732373321409859,0.05509017485124869,0.04282216264826864,0.03440925535618345,0.0
2009-08-03,0.07876429099305567,0.0625372689954286,0.05090652636639717,0.265810066035904,0.0,0.19217949062619144,0.10861097818756424,0.10721747889537628,0.05528561443065066,0.043504113240880486,0.03518417222855154,0.0
2009-08-04,0.07839929385157099,0.06213571499750024,0.050253736973759844,0.2667076519482832,0.0,0.1914461590882719,0.11134044972860471,0.10646353640098809,0.054356675260276634,0.042842754420383836,0.03605402733036047,0.0
2009-08-05,0.07961275575984077,0.06481246678149259,0.050656747144548216,0.26379722219115365,0.0,0.18949526755374868,0.1130587484284473,0.10552107962463533,0.05366505946508016,0.04305449661877543,0.03632615643227779,0.0
2009-08-06,0.0807995902557202,0.06609312951858469,0.05100590418496647,0.2625522371920183,0.0,0.1888395765036136,0.112864727362034,0.10524505181413285,0.053338635139431406,0.04292466861895868,0.036336479410539926,0.0
2009-08-07,0.08045094443650806,0.06586445663263052,0.050742155853226806,0.265547012094621,0.0,0.18764858670092835,0.11155273659305293,0.10580624695158401,0.053366876996835066,0.04282555468208504,0.03619542905852813,0.0
2009-08-10,0.08257887910693756,0.0685973672767605,0.05207973213808015,0.2591741924615168,0.0,0.1870724558477962,0.1131273196256751,0.10458924242919021,0.053365393109013066,0.04255760741509428,0.036857810589936056,0.0
2009-08-11,0.08324187122466428,0.06899624889396615,0.05233899344008023,0.25364459119253585,0.0,0.18824014386916654,0.11571236402732656,0.10459494810903548,0.05339458924735977,0.04286085166586306,0.036975398330002004,0.0
2009-08-12,0.08264590099197398,0.06905044515957769,0.051903791573879,0.2524235972065195,0.0,0.18724032609853286,0.11850942337870804,0.1046431478726571,0.053326970907837494,0.04321557650692151,0.03704082030339277,0.0
2009-08-13,0.08412836115738286,0.07110786606600167,0.054227934603572565,0.2497922941015812,0.0,0.18015067327413123,0.12106651044456117,0.10460781887126552,0.05244492120468696,0.0436028171941538,0.03887080308266295,0.0
2009-08-14,0.08459449959608954,0.0712501637793876,0.054419713052253,0.25093852620809315,0.0,0.17850214230216402,0.1192806157498917,0.10511817630223541,0.052675998726167884,0.04384216619354957,0.03937799809016799,0.0
2009-08-17,0.08434877392846901,0.0708392276209044,0.05381381029432827,0.25110421744578804,0.0,0.17900199376649478,0.12072758519468939,0.10605008005283699,0.05194529422501832,0.04287042113489613,0.03929859633657472,0.0
2009-08-18,0.08314277600201615,0.0686817603868528,0.052831030459021676,0.25307425683236806,0.0,0.18665008378249237,0.11594639248918759,0.10777184802505625,0.050428544213743154,0.043259818633584204,0.03821348917567778,0.0
2009-08-19,0.08334729337181845,0.06838189456148655,0.05258488177696754,0.25344358034614844,0.0,0.18693879124019547,0.1152153260965921,0.1080104651925136,0.05073854881577726,0.04267201520852997,0.038667203389970636,0.0
2009-08-20,0.0853019456750738,0.06876276239385486,0.05246115296179137,0.2529119793219968,0.0,0.18608000608220077,0.11481073658012494,0.10740556914036728,0.050435282266613535,0.04195364503663945,0.03987692054133719,0.0
2009-08-21,0.08599442996752751,0.06916590487322566,0.051896755238709576,0.2548544678729354,0.0,0.18716294147091983,0.11346206284283837,0.10638319655555009,0.04997511828797747,0.04151661876423322,0.03958850412608294,0.0
2009-08-24,0.08606630268419238,0.06906453952195328,0.05315196744871289,0.2524258531968215,0.0,0.1875272367463638,0.11302099772504057,0.1060587550051907,0.05080994748901922,0.042072761402777804,0.03980163877992793,0.0
2009-08-25,0.08490412540682765,0.06797401413386106,0.05191972607258244,0.25728372535018423,0.0,0.19105135298653567,0.10991147511424505,0.10558325097482323,0.0508565816517911,0.041401660444202966,0.039114087864946544,0.0
2009-08-26,0.0842456390514279,0.0665824480851528,0.051858555588452454,0.2727143111369339,0.0,0.1841331239005357,0.11140150483791389,0.10162680279191003,0.04888995101567975,0.0397961001924889,0.03875156339950468,0.0
2009-08-27,0.08345827890202938,0.06599821355667256,0.051650536246690935,0.277129715296633,0.0,0.18289580584162185,0.1104557673678986,0.10113447573119222,0.04918183616231332,0.03942056643331965,0.03867480446162844,0.0
2009-08-28,0.08362356249949005,0.06786261508234302,0.05280326203383541,0.2748267877442962,0.0,0.18001848728089598,0.10937594649143072,0.10356594156387944,0.05016372332110731,0.0395032732352266,0.03825640074749541,0.0
2009-08-31,0.0821439364928335,0.06647079386895668,0.051995989495086735,0.2840532303186,0.0,0.17705016923247519,0.10694131249866648,0.10469210028208335,0.049287350763536145,0.03951893477752445,0.03784618227023753,0.0
2009-09-01,0.08046000403641727,0.06587371395162496,0.05071392535117431,0.28490994890263505,0.0,0.17622139338430745,0.10549524934307006,0.1108868512319556,0.05026997569432433,0.038005744057840324,0.03716319404665055,0.0
2009-09-02,0.07858079468759076,0.06449916511043986,0.05093461691792881,0.28836606076896004,0.0,0.1760213174941794,0.1050973356241715,0.11138610887573763,0.05087426698849566,0.03806708514886593,0.036173248383630355,0.0
2009-09-03,0.07913483095891378,0.06524847095905818,0.051205660000668306,0.28904280786516456,0.0,0.17927076755993945,0.10548937192680678,0.10536366241550701,0.050488055453700595,0.03852806742792594,0.036228305432315325,0.0
2009-09-04,0.07911528995076139,0.0652801015636615,0.05103220452583295,0.2909715467886073,0.0,0.18060646968422306,0.10534916795231139,0.1038714933793005,0.048605411788321506,0.03884028893302722,0.036328025433953005,0.0
2009-09-08,0.07844149336654312,0.06542793876919119,0.051139304428841154,0.291076941448864,0.0,0.1808522361878309,0.10489219377852388,0.10394546082686092,0.04863394313078215,0.039050993886081756,0.036539494176480836,0.0
2009-09-09,0.07784791470329455,0.06443123381210521,0.05083545200850161,0.29277715894012646,0.0,0.1812969602189549,0.10276145918147618,0.10660206416537167,0.04960602791665923,0.0374347661079556,0.03640696294555463,0.0
2009-09-10,0.07903034506868821,0.0669432816668276,0.05173835230736006,0.2893325948177175,0.0,0.17789647343632137,0.10232207011187587,0.10621859405094412,0.052700097473356494,0.03699381973836591,0.036824371328542764,0.0
2009-09-11,0.08031505376666286,0.06780743928813375,0.05228166603057777,0.28621091301932733,0.0,0.17736426834633595,0.10199849036749697,0.1071615740604209,0.05255397689502075,0.03710353840009624,0.03720307982592753,0.0
2009-09-14,0.08066744439712732,0.06802409890139535,0.05277414400032967,0.2876759269797335,0.0,0.17499168937141185,0.10237506229401691,0.10658288358288115,0.052818173556152204,0.036471682239677665,0.037618894677274535,0.0
2009-09-15,0.07915295331805994,0.06674013819331434,0.05170975514280553,0.2929615758757732,0.0,0.18001504458944387,0.10094892023477418,0.10440356809582561,0.05173437735547966,0.035755629449682205,0.03657803774484164,0.0
2009-09-16,0.07904486112744662,0.06710595294687911,0.05154682257562597,0.29367457858922585,0.0,0.18173213932762403,0.1005335350037116,0.1035295373125152,0.05077941505804293,0.03556558347253563,0.03648757458639299,0.0
2009-09-17,0.08259671801009524,0.06917847774674056,0.05231781281954066,0.2890141702027219,0.0,0.17885713626125918,0.10014774535407613,0.10392764196185278,0.05122480807696019,0.035749556880200796,0.036985932686552446,0.0
2009-09-18,0.08260122194047892,0.0692105539309798,0.05224869163026876,0.2869361541402827,0.0,0.18101788151362488,0.10026460828444568,0.10351444087284915,0.05097964647665254,0.036263245350667904,0.03696355585974986,0.0
2009-09-21,0.08300452773127484,0.06944600142722826,0.05288405478697081,0.28808055687278433,0.0,0.17865155506101613,0.10040164041992372,0.10330208713479387,0.05068261088226751,0.036362815887594616,0.03718414979614582,0.0
2009-09-22,0.08417988264071558,0.06917764285986168,0.05318694674371317,0.2888583827172684,0.0,0.17940058527101177,0.09997094117624351,0.10283172519859246,0.05001737183810229,0.03577583507220102,0.036600686482290166,0.0
2009-09-23,0.08445787853220861,0.06902149675807448,0.05307938357514228,0.2906050647573703,0.0,0.17970915468528043,0.10012356450844005,0.10144152018812674,0.049748299501534,0.03546419369435504,0.036349443799468,0.0
2009-09-24,0.08425477363829678,0.06884409170943134,0.05274888115655172,0.2909008255790625,0.0,0.18050829092211876,0.10159173162128361,0.10089298835629637,0.0497284921526166,0.0349120699478281,0.03561785491651413,0.0
2009-09-25,0.08417212761304196,0.06880230409412746,0.052458506008227594,0.2919962440046449,0.0,0.18138411953777095,0.10209906842847695,0.10037498637598283,0.048983792247523125,0.03475770251301165,0.03497114917719275,0.0
2009-09-28,0.0838445210898212,0.06927596393529671,0.05281665817678259,0.2907785098833541,0.0,0.18141529750073226,0.10184090772715133,0.10149114408003675,0.04869005565683232,0.03480820005214516,0.035038741897847434,0.0
2009-09-29,0.08655237136389142,0.07125527354347333,0.053153141226409344,0.28634059963223957,0.0,0.178240510958353,0.10381081699518431,0.10161300428779568,0.04897306025665866,0.03467321215476636,0.03538800958122826,0.0
2009-09-30,0.08614493589875108,0.07075377326811236,0.05305872777411193,0.28576106282563674,0.0,0.1762160016624441,0.10702430640572605,0.10172931443132359,0.048894182420673005,0.035185414774074074,0.03523228053914682,0.0
2009-10-01,0.08201134000979962,0.0676889463905406,0.049770134914635646,0.2634019217686985,0.07223416184359395,0.16290242699258334,0.10145156136814325,0.09159945138640412,0.04446553487508933,0.03137726161272688,0.033097258837784777,0.0
2009-10-02,0.07834461442272325,0.0656574295769388,0.04940556878109299,0.27250273907862915,0.0740305069607999,0.16177653404649642,0.09364763482263273,0.09476047893464522,0.04487020686686813,0.032449476685151746,0.03255480982402168,0.0
2009-10-05,0.0780347409637258,0.06526431634926827,0.0497038369433068,0.2738251247309516,0.07454885283725338,0.1590207141452648,0.0952308593772588,0.09466434190962235,0.044563239921403125,0.03239942756072855,0.03274454526121642,0.0
2009-10-06,0.08374012603567225,0.07099560467381655,0.05357757979322602,0.29884517979906844,0.0,0.17162278692542862,0.1026559585963872,0.1006500582432691,0.04749868655902373,0.03514755250521331,0.03526646686889469,0.0
2009-10-07,0.07983024406038286,0.066085311105281,0.04960613770381848,0.277226144120175,0.07505800086676193,0.15927316100024505,0.09514952477350264,0.08908950124163174,0.042812613643605425,0.032663819217650866,0.03320554226694503,0.0
2009-10-08,0.07988822309134679,0.0661044203324453,0.04964458609018913,0.2772397349931525,0.0760409498359946,0.15832752325158858,0.09489983589242432,0.0892773463764269,0.04279471673687972,0.03257240265996781,0.03321026073958418,0.0
2009-10-09,0.08813525308801068,0.07222047369275546,0.0560210341711089,0.30345085583628706,0.0,0.16833395783486177,0.10342746639464118,0.09383624544943484,0.04499291510015383,0.0345579939898433,0.03502380444290285,0.0
2009-10-12,0.08979770469196764,0.07359328412722314,0.05705618270370643,0.29436589059372775,0.0,0.16836057312033198,0.10532000350983955,0.09492853484535128,0.04574351126058239,0.03514365222838935,0.03569066291888048,0.0
2009-10-13,0.09028270892213981,0.07367431159244126,0.05706154973926115,0.2933397835164967,0.0,0.16870138757423303,0.10520022088639228,0.09468452705579282,0.04570386495931903,0.03520328823482353,0.03614835751910026,0.0
2009-10-14,0.0900486764139203,0.0742648835692441,0.058929110124195584,0.2903509175559461,0.0,0.16797574633808696,0.10631151526902566,0.0952957600825988,0.04563742660114294,0.035014325348859066,0.03617163869698061,0.0
2009-10-15,0.08730919170126722,0.07150651499101762,0.05647064205352208,0.29618343687334786,0.0,0.17411434871201226,0.10510773230703879,0.09420569252577879,0.045282323334162974,0.034549242381596554,0.035270875120255875,0.0
2009-10-16,0.08733095847274197,0.07148096028486658,0.0563686409754451,0.29927897157488964,0.0,0.17466857924919907,0.10504718518434969,0.09232076070966387,0.04420980310323383,0.03411453442803945,0.03517960601757069,0.0
2009-10-19,0.08904363724327442,0.07053487611050914,0.05674953040138034,0.2997725966632355,0.0,0.1737683356850673,0.10527283631057308,0.09177377016910325,0.04389492953338448,0.03411542986117249,0.03507405802229996,0.0
2009-10-20,0.08907415777124446,0.070107035401636,0.05649621816714325,0.3001710974905269,0.0,0.1734795165006799,0.10590182045497383,0.091484430052747,0.04396991511259432,0.03426376485123255,0.03505204419722174,0.0
2009-10-21,0.0887333877045909,0.06993470630049953,0.05610926054517134,0.3032603907849563,0.0,0.1722980046300694,0.10597628189171807,0.09079094178539537,0.04377930711496428,0.034230901123975754,0.034886818118658874,0.0
2009-10-22,0.08795501475239968,0.06981871547447703,0.05595571538794266,0.30261562461370944,0.0,0.17103841660811972,0.10573247496680722,0.09372759441988732,0.044365360426812085,0.034100403790111436,0.03469067955973305,0.0
2009-10-23,0.08717531470376647,0.0697401018488608,0.05691625781454803,0.30039542992989693,0.0,0.17046828298270625,0.10477412740660687,0.09465136239871119,0.0453002111742555,0.03615861655464945,0.03442029518599827,0.0
2009-10-26,0.08635741658586427,0.0695387052605131,0.057666726233949944,0.2994741705303435,0.0,0.16956621230570829,0.1052222658357853,0.0942632562297522,0.045295791442034015,0.0378495546565774,0.03476590091947208,0.0
2009-10-27,0.08413285164611613,0.06821332954584283,0.056458412731528615,0.29938350944902914,0.0,0.1757728934625842,0.10699069467742166,0.09287858757528156,0.04403597876022935,0.0378334514142899,0.034300290737676625,0.0
2009-10-28,0.08523314066447475,0.0694561635165853,0.05829371172640192,0.29624217338930364,0.0,0.17681667887005836,0.10555932321552502,0.09267737850410361,0.043425888473342555,0.038158984915688504,0.034136556724516556,0.0
2009-10-29,0.08357814617832378,0.06799388859328935,0.05467178592844609,0.3035351965219646,0.0,0.17765050683621691,0.10311172374759453,0.09296633976990927,0.043420155940567674,0.03809966488339516,0.03497259160029262,0.0
2009-10-30,0.082347062624071,0.06642626346658213,0.05247585715443997,0.30724776923286923,0.0,0.18062252664173925,0.10282163722431345,0.09156384535385438,0.04325540741158903,0.03797497067016188,0.035264660220379704,0.0
2009-11-02,0.07909980406675178,0.06432617611320152,0.050289471346428895,0.31003894289219996,0.0,0.1805757734212833,0.10460157271394752,0.09347986215112905,0.04390621500823721,0.03781952298946067,0.03586265929736012,0.0
2009-11-03,0.07858877740815483,0.0632326245829969,0.04944330272848091,0.31844666385689896,0.0,0.17784005228491398,0.10302541873284628,0.0918577672706675,0.04329703365911335,0.037329223660465816,0.03693913581546174,0.0
2009-11-04,0.07755955298145382,0.062470261559380943,0.04898605446311215,0.3329085296767031,0.0,0.1742391063835519,0.1018095240905205,0.08767696648664727,0.041030660926342236,0.03671274203642977,0.036606601395858286,0.0
2009-11-05,0.07813714944192511,0.062100836235177,0.04891274568808675,0.33368022697055466,0.0,0.17403892237560986,0.10145965823539892,0.0872917968649484,0.04087056030563523,0.03684731037406147,0.03666079350860255,0.0
2009-11-06,0.07686821302254003,0.06187052862273795,0.0484121547410233,0.3312418480189073,0.0,0.17914042677983244,0.10137113597622477,0.08700893209849941,0.040926364018568695,0.03681579521360406,0.03634460150806198,0.0
2009-11-09,0.07625483672597268,0.06173774766250912,0.04819647042955715,0.3294787622202978,0.0,0.18249149852278895,0.10257473758084185,0.08631386289035414,0.0411133357218343,0.03603771577057997,0.03580103247526395,0.0
2009-11-10,0.07454191621265525,0.06029071201094839,0.04730139002433368,0.3306995099174599,0.0,0.18299339271306603,0.10321691689834896,0.08714761132555947,0.041768542443566536,0.03727924622450356,0.034760762229558484,0.0
2009-11-11,0.07575356859255522,0.061434908291213,0.048056315722353436,0.3268351768567269,0.0,0.1774518228988403,0.1095459844559231,0.08693835641525052,0.04246163600274533,0.036303083153421074,0.03521914761097107,0.0
2009-11-12,0.07503599415166276,0.06140860422718785,0.047960076281214674,0.32891430792809845,0.0,0.17546595649591085,0.11250397299359197,0.08544675570348476,0.04189636695613573,0.03665507805010997,0.03471288721260289,0.0
2009-11-13,0.07481543719353141,0.0609939215113959,0.0472857518640692,0.3301337985952034,0.0,0.17651878275772998,0.11303845780819212,0.08395764274379061,0.04165970766436094,0.03678811133696327,0.03480838852476329,0.0
2009-11-16,0.0750297098021519,0.06055411144843358,0.04722514918808626,0.3301628334819575,0.0,0.1770668226306456,0.11302283062901976,0.08312324489591817,0.04154210820559443,0.036819415634515414,0.03545377408367743,0.0
2009-11-17,0.07447270139414035,0.05999039214945451,0.04589443156039998,0.34076581568450337,0.0,0.17448176826775844,0.11352367502648032,0.08115450386846182,0.03913114184063899,0.03574301599789329,0.03484255421026901,0.0
2009-11-18,0.07370124656387202,0.059182298704285805,0.04536940229288567,0.34391542570427786,0.0,0.17395689637719214,0.11308459229334006,0.08239995308441674,0.038744070014856635,0.03535973776296218,0.03428637720191079,0.0
2009-11-19,0.07392264561508714,0.0595235829669494,0.04541319518119014,0.3424574887001184,0.0,0.17354295530641223,0.11321282142022761,0.08267949558260942,0.03889410449193648,0.03605009233905596,0.03430361839641328,0.0
2009-11-20,0.07287247604082879,0.05852352830288976,0.04493065100930996,0.3428973966658342,0.0,0.1761647602574695,0.11335954269615546,0.08270215486043661,0.03889650163121918,0.03566612912655839,0.03398685940929829,0.0
2009-11-23,0.07266435112938877,0.05844863334499622,0.04483997644350771,0.34314118171168423,0.0,0.17583232956577116,0.11394336899977246,0.08254947381913627,0.038828124163231115,0.03581728805928358,0.033935272763228455,0.0
2009-11-24,0.06589349014444716,0.05280261384665224,0.04071919335671203,0.3144012830123146,0.08456203555533037,0.16225620022957105,0.10442662304944664,0.07513975916217902,0.0360020829103991,0.03277712694399087,0.031019591788956823,0.0
2009-11-25,0.06595785863413381,0.05257193706613343,0.04092921310316776,0.3161835586101223,0.08365518511654381,0.16176161297432345,0.10377931397439291,0.0751398625432926,0.03576867439529076,0.03341518124486184,0.030837602337737125,0.0
2009-11-27,0.06798757272942578,0.05334745279510727,0.04095751212615371,0.3150580351931371,0.08265533790895521,0.16144017330060584,0.10477839701932182,0.0732837968086516,0.03533512020893023,0.03310280169496484,0.03205380021474645,0.0
2009-11-30,0.06588979421781523,0.0507182045661024,0.03882200701260927,0.32498760411698513,0.08374249873714641,0.16027871161604754,0.10332950978749753,0.07365190820929042,0.034712702083097784,0.032371847075283296,0.03149521257812486,0.0
2009-12-01,0.06588531529503698,0.05064602495219288,0.03895524440557632,0.32582374054525165,0.08380669742719435,0.1585430462321116,0.10343137557928984,0.07410286314526797,0.03572300604501322,0.032147861749443694,0.03093482462362146,0.0
2009-12-02,0.06635267937038168,0.049828615942913976,0.038727230524684395,0.32568321072655815,0.0858858625227683,0.157231568760815,0.10438967931421694,0.073482349449256,0.0351213597284408,0.03226248130100559,0.031034962358959202,0.0
2009-12-03,0.07243676262802815,0.054995776745259406,0.04248697938778489,0.35314529306295694,0.0,0.17171097334580532,0.11727535546712209,0.07904640503919001,0.03825839702632493,0.03640560250606761,0.0342384547914605,0.0
2009-12-04,0.07193914202182995,0.05506441659579248,0.04220180094024549,0.3532482256694105,0.0,0.1710675420865727,0.11943431708692492,0.07870650805801346,0.0379424771607851,0.036212230272677774,0.03418334010774756,0.0
2009-12-07,0.07176761519535621,0.054793494778638846,0.04198814081345236,0.3623084870008692,0.0,0.17114349636084272,0.12367518994381396,0.06729245310471656,0.03739399448833783,0.0360192276884297,0.03361790062554264,0.0
2009-12-08,0.07118786925426308,0.054292728648594586,0.041553539501671594,0.3592851039862898,0.0,0.17559378570340076,0.12474230947087156,0.06681104275519213,0.03682557655601879,0.03662162292708803,0.033086421196609546,0.0
2009-12-09,0.07060795510044018,0.053638897097041366,0.041217738379042,0.36107264942523537,0.0,0.17679809407575714,0.12490701732763822,0.06544727583419892,0.03632670206231791,0.03645200265596166,0.033531668042367346,0.0
2009-12-10,0.07059700851090928,0.05361440200842656,0.041293570075959615,0.36203387395217346,0.0,0.17394731253725654,0.12599151442821238,0.0656189452414011,0.03680435435773583,0.036460316526865724,0.0336387023610597,0.0
2009-12-11,0.07098023614075556,0.05403852483967687,0.04153471609018473,0.3584626823573205,0.0,0.17316160935195937,0.12891081784260458,0.06535715921811569,0.036821135848281034,0.03644806870242073,0.03428504960868108,0.0
2009-12-14,0.07034331132734054,0.05368295211332292,0.04122350009007594,0.3646530903131704,0.0,0.171676269073606,0.12786971808413072,0.06409190464670736,0.0364804744400193,0.03611707244324587,0.03386170746838091,0.0
2009-12-15,0.06983090080388712,0.05324027516332841,0.04100489880900573,0.36828935206525376,0.0,0.17182684547157887,0.12598931126377685,0.06391295029440877,0.03637310409510207,0.03600418273681719,0.033528179296841404,0.0
2009-12-16,0.07035158791217654,0.05368803835623979,0.041331182495619546,0.3655995675658539,0.0,0.16966524308881425,0.12700645801122662,0.0645627512434521,0.036772842887746564,0.03710846855009817,0.03391385988877238,0.0
2009-12-17,0.07050301321417167,0.0538255394940997,0.041531906880606914,0.364434122073284,0.0,0.16908322533038053,0.12709303126007876,0.06465253025895042,0.03690802230241152,0.03749354623934412,0.0344750629466723,0.0
2009-12-18,0.07035425191078738,0.052938394505057114,0.04103603712477773,0.36816146372414543,0.0,0.16850886415292285,0.12767925354988433,0.05962406318328353,0.03654261086149003,0.039716793595463505,0.03543826739218794,0.0
2009-12-21,0.07059914662322257,0.0531349504412448,0.04126410344041441,0.36701850520080403,0.0,0.16758417121988256,0.12701055631492045,0.05943491454145176,0.037161518325388505,0.04058257573710097,0.036209558155569796,0.0
2009-12-22,0.07107193701565773,0.053685395917172085,0.041672302815616305,0.36268572906500635,0.0,0.16859016584583478,0.12860790040263922,0.05893203147744782,0.03753327298456218,0.04075619792897574,0.03646506654708785,0.0
2009-12-23,0.07272612745277565,0.054122973702807664,0.04182073210349386,0.35753849208135285,0.0,0.16825369592154107,0.13044491332036576,0.058819252321935835,0.03767244402708866,0.04093437392853907,0.037666995140099684,0.0
2009-12-24,0.07284284637033825,0.05406010616976069,0.04175773793587624,0.35779825381859104,0.0,0.1686102770656076,0.1305320221478077,0.05884841326908543,0.03762682275366722,0.04007957395828543,0.03784394651098039,0.0
2009-12-28,0.07280831289991448,0.053956555279244006,0.04164303407810178,0.3573757836999259,0.0,0.1669578517243995,0.1301090904981658,0.058563673136171814,0.03794671642132446,0.04286781524102831,0.037771167021724214,0.0
2009-12-29,0.0747466165232256,0.05401780974314455,0.04127610770151147,0.3286656504955642,0.0,0.1688313115186788,0.15826934791730274,0.057197235078545086,0.03719465479657456,0.0413054782878767,0.038495787937576284,0.0
2009-12-30,0.07488948117545914,0.05434566049257378,0.04121645366838818,0.32924916709937657,0.0,0.1713581768654532,0.1556146249848929,0.05679392727255606,0.03684678942416176,0.04141187293826831,0.0382738460788701,0.0
2009-12-31,0.07518982778582128,0.05410202422424751,0.041253958405531095,0.32212950483809244,0.0,0.171464856221385,0.1628563676583857,0.05653495422302613,0.037135511097411984,0.04095183233988284,0.038381163206215936,0.0
2010-01-04,0.07510794640571428,0.05429141375005926,0.04126621133735083,0.3204622410932458,0.0,0.17065003806462054,0.16325328767951147,0.05784664521261148,0.03849497847045801,0.04078418074774401,0.037843057238684544,0.0
2010-01-05,0.07334630215845668,0.05261381581909986,0.04035622463541203,0.32831190856752646,0.0,0.17138252071220197,0.16251654248966016,0.056275872967333024,0.036997982428994935,0.04044983371786513,0.03774899650344967,0.0
2010-01-06,0.07415908081663457,0.05346659737114117,0.04075017759439508,0.3193729857454532,0.0,0.1737260924916094,0.1647825890909353,0.05707196265169975,0.037264532924869774,0.04111464394451417,0.03829133736874775,0.0
2010-01-07,0.07181394365933799,0.05166215692073649,0.03937810188679425,0.33631650433972365,0.0,0.17402736435152752,0.1596174191719611,0.05471623340987703,0.035725696194368294,0.039710478401937664,0.03703210166373596,0.0
2010-01-08,0.07161427783381777,0.05154297999702763,0.039267553674259874,0.3377678712469946,0.0,0.17437365848841938,0.1587091109296057,0.054505542409191164,0.03563338829599501,0.039714019463239346,0.03687159766144936,0.0
2010-01-11,0.07136486306877168,0.051236199641457224,0.03906793400318107,0.34032603993608296,0.0,0.17359673138443618,0.1581908917872648,0.054335555059048135,0.03534504311807104,0.03966694437051017,0.03686979763117667,0.0
2010-01-12,0.07227262118876933,0.05184610174971559,0.039661499724636104,0.3401793265234068,0.0,0.1741343506522307,0.1567734870771003,0.05336937369431037,0.03496914072345279,0.03924378113689377,0.03755031752948425,0.0
2010-01-13,0.07361680552046962,0.05294489097335958,0.040480687590311655,0.3258401603598059,0.0,0.1787690058039293,0.15860765124420434,0.05403025027767487,0.03637560890215725,0.0409693952611338,0.038365544066953756,0.0
2010-01-14,0.07455714219335037,0.0540183037157683,0.04119209449728277,0.3191365669434027,0.0,0.17885092895245563,0.1604380230039813,0.05449228555243427,0.036537792814828815,0.04154040937914656,0.03923645294734915,0.0
2010-01-15,0.07476882517199787,0.05441565495185067,0.041493510264742274,0.3171986357954364,0.0,0.1796407255114876,0.16019373850566815,0.05457813013017238,0.03662966430769655,0.04153086424290805,0.0395502511180402,0.0
2010-01-19,0.0739126955616111,0.05373241405959829,0.04147588603937415,0.31768828663771714,0.0,0.18292857792957223,0.1583141773983056,0.05433924362442061,0.03655757424824879,0.04123589439624448,0.039815250104907614,0.0
2010-01-20,0.07369170934032843,0.05354724896762257,0.04108724937790108,0.3164509118957919,0.0,0.18496001564938067,0.15834810721829215,0.054292428543116826,0.03625919659967358,0.041666316713822885,0.03969681569407001,0.0
2010-01-21,0.07354127983973813,0.052229542253340214,0.04052029630995894,0.3151264546421887,0.0,0.18854994085591043,0.16136225260703793,0.05289079120276108,0.034599720320667396,0.040991576834473936,0.04018814513392332,0.0
2010-01-22,0.07312962672780368,0.05259538843429657,0.040260015807942105,0.3212895227062936,0.0,0.19485034233120432,0.14838892313627305,0.053250071420331266,0.03462373465687236,0.04154392981302862,0.04006844496595441,0.0
2010-01-25,0.07087224752343572,0.05230823888618346,0.03995370949944345,0.3260124251554321,0.0,0.1971366576145276,0.14367745065128293,0.053960218939718106,0.03529969738233752,0.041354108319477,0.03942524602816213,0.0
2010-01-26,0.06945316334700725,0.05104198741426953,0.03939648242039036,0.32715002638545154,0.0,0.20179833058370478,0.1439345237517089,0.052848389158510346,0.035091286582321635,0.040462692766379406,0.03882311759025623,0.0
2010-01-27,0.0722508036117069,0.052824638837824185,0.041634301840359066,0.3306134972011667,0.0,0.20962321709530032,0.16258854601985645,0.053728061104273826,0.03565739489270493,0.0,0.041079539396807606,0.0
2010-01-28,0.0730739831666146,0.05365245263825739,0.042983332323011054,0.32472325143752384,0.0,0.20241885015778419,0.17228242946147243,0.052988593890197305,0.03556717442962989,0.0,0.04230993249550931,0.0
2010-01-29,0.06876787278667904,0.04904080746140963,0.04051106656602043,0.29111801979619123,0.0,0.1873819132607752,0.15714932901745635,0.04641760892459903,0.031145624141416788,0.0,0.03734579616508928,0.09112196188036312
2010-02-01,0.07223315743953555,0.051693184279384685,0.04308383104442977,0.3077077810017584,0.0,0.19330571213955114,0.16865303114319666,0.04957682024320702,0.03305192142607626,0.04114731653903133,0.039547244743829105,0.0
2010-02-02,0.07099430321472458,0.051061287274075426,0.04220723601979003,0.3089842590087314,0.0,0.19429060682075946,0.16788976100488326,0.04996837062393326,0.03462811111333721,0.040388611437777,0.03958745348198845,0.0
2010-02-03,0.06390946525409744,0.04611404915063762,0.03881474645730348,0.28274526533169864,0.0,0.177679292987463,0.1525100654490814,0.045490951174731245,0.03160520611824528,0.036288104782259654,0.03651341190513609,0.08832944138934609
2010-02-04,0.06991555709297513,0.049212234051247625,0.04186918354862648,0.3020464902860225,0.0,0.18893273408787228,0.16051901270097252,0.04838010917745821,0.0,0.0,0.0389996572294335,0.1001250218253917
2010-02-05,0.06620372133868364,0.047283587584331675,0.04049176035981019,0.3102267323759852,0.0,0.19664978544088454,0.14991656280595497,0.04667738150557718,0.0,0.0,0.03899980173619346,0.10355066685257926
2010-02-08,0.07208455978426358,0.0,0.04399144900699489,0.32330316410140014,0.0,0.20294149262439115,0.15426195976424034,0.04861233082949528,0.0,0.0,0.043231664504218684,0.11157337938499609
2010-02-09,0.06857110054579048,0.048059890454660574,0.041938128601071184,0.3071053606699125,0.0,0.19385541839281006,0.14613587195242808,0.046392711442484094,0.0,0.0,0.040712042944388176,0.10722947499645495
2010-02-10,0.06816087907500848,0.04620070393913608,0.04075675425665194,0.3069571890267256,0.0,0.1962841541852111,0.14688852769999688,0.046596802916312866,0.0,0.0,0.04143209312357312,0.10672289577738403
2010-02-11,0.06965214987365716,0.04710496821622228,0.04190570811867509,0.3097791862172288,0.0,0.19057179011954126,0.13870799142300633,0.047493250324858086,0.0,0.0,0.042116890586877155,0.11266806511993398
2010-02-12,0.06823056284019983,0.046724762082209464,0.04079733248114609,0.30475027160227947,0.0,0.18851811979042513,0.13622948310114283,0.04653653534811559,0.0,0.0,0.04169291972830733,0.12652001302617433
2010-02-16,0.06420271860146902,0.04354497772713248,0.03830621619930472,0.2839991353750899,0.0,0.17660536878510308,0.12665603537728418,0.04349852194996507,0.030661982970649784,0.03590173847378301,0.039051240542181426,0.11757206399803725
2010-02-17,0.06392504421466652,0.0434111933457067,0.03814213925709582,0.28651751855693663,0.0,0.1781800054299775,0.1246705249168497,0.04324105133928034,0.030256704515247496,0.034852745902985836,0.03915602712956385,0.11764704539168969
2010-02-18,0.06419564383677116,0.04368379300959693,0.038424051762125405,0.2857276706205522,0.0,0.17923882953272605,0.12339449366101686,0.04350977928188099,0.030477651789708782,0.035070922311498255,0.03972259295848221,0.11655457123564096
2010-02-19,0.06502304184974135,0.04422237148169637,0.03881684545357164,0.2862613239469762,0.0,0.17946878743244005,0.12021681100780839,0.043426800791768354,0.030413526103113174,0.03522521981690012,0.04023538030155541,0.11668989181442915
2010-02-22,0.06513279745220284,0.04423461741240711,0.03877029318155603,0.28618256242465634,0.0,0.18048351605050128,0.11882426307980871,0.04348304520982248,0.03039430279304339,0.03519457797122825,0.04035626376650618,0.1169437606582674
2010-02-23,0.06789805539451538,0.046117296233022895,0.04044004829995498,0.29259738230122245,0.0,0.18540547022944356,0.12216590763379508,0.0449527036156579,0.0,0.03616320283819382,0.04166055196568689,0.12259938148850703
2010-02-24,0.06733500405806825,0.04603426579444934,0.0400242030420295,0.2921006897518539,0.0,0.1876649916628786,0.12065323031105048,0.04504983903414896,0.0,0.036449148619429404,0.04215742600029843,0.1225312017257932
2010-02-25,0.064503788680458,0.04468641034770025,0.03865447764618278,0.28156628309998216,0.0,0.18029882695369157,0.11594844067218558,0.043979419720370984,0.030247083726532342,0.03540968368056179,0.04054714699858849,0.12415843847374607
2010-02-26,0.06543879311489796,0.045754253866972,0.040124557412391,0.2769822748937674,0.0,0.17829008373975283,0.11665018075118991,0.043613607075681654,0.030338983722823662,0.03516459677834091,0.04154793594575315,0.12609473269842952
2010-03-01,0.06548000201307419,0.04567653559099573,0.040101694902885794,0.2783254111174114,0.0,0.17590136998705727,0.11556440493994585,0.04343447504388359,0.030165129275529466,0.03509471844737446,0.043747777221063204,0.12650848146077898
2010-03-02,0.06505129450196437,0.04678922535506136,0.04046919281431814,0.2770947742591527,0.0,0.17688786052129452,0.11497454128051772,0.043435966445276704,0.03068375692218164,0.034723228877520065,0.04351671807065441,0.12637344095205846
2010-03-03,0.06505789187369392,0.046669058903717246,0.040315555086114375,0.27906593290460446,0.0,0.17649320729206033,0.11387871526570488,0.043513395627961735,0.030163168689413735,0.034980086087125904,0.04399508320791739,0.1258679050616858
2010-03-04,0.06564113626376014,0.04641966621290238,0.04053148786594613,0.27975628998357965,0.0,0.17645755286084405,0.11416953059593889,0.04355893919669476,0.030146331184252407,0.034915415970136206,0.044371145476002835,0.12403250438994261
2010-03-05,0.064650909684821,0.045634339917341615,0.03993917485598689,0.2756223153008708,0.0,0.17573746844417173,0.11261284496908926,0.04620732179517901,0.029986344183270952,0.03430057279094963,0.045244777484315574,0.13006393057400364
2010-03-08,0.0638667594455227,0.04509138921247554,0.039263528390513565,0.2755926859735728,0.0,0.17654349407568298,0.11232445467730336,0.04653873562184497,0.03022655267540868,0.0347160534641788,0.04507217613976863,0.130764170323728
2010-03-09,0.0642897832803955,0.04543694244155661,0.039498067729190726,0.2743268645909361,0.0,0.17723301140448666,0.1115654763301218,0.046914052268634314,0.030534099493360393,0.034803184668521406,0.04472556774194387,0.1306729500508526
2010-03-10,0.0639358219777646,0.04514291060429406,0.039258945781923155,0.27266504926510404,0.0,0.18070565617550474,0.1104514022684872,0.04661748579545663,0.030389126376837362,0.03533522219752334,0.04447514516723338,0.13102323438987168
2010-03-11,0.06400666996296583,0.04513131450144188,0.03924325447522512,0.272771366060589,0.0,0.18071061631627525,0.11105995523885884,0.04632272840515331,0.03024634362655097,0.035323661493009,0.04444779659374585,0.13073629332618492
2010-03-12,0.06337993383300454,0.04465872766288818,0.03887257130135876,0.2731287260993023,0.0,0.18244900402803393,0.10989142323392344,0.04628850128436182,0.03000270999215971,0.03505893183193898,0.044399906541514315,0.1318695641915139
2010-03-15,0.06334212830150683,0.044576102711230275,0.03875068050355161,0.2720690834771113,0.0,0.18534644488611968,0.11127859943901595,0.04618755514673876,0.029971821576650327,0.03466320841049593,0.04470848328475206,0.12910589226282748
2010-03-16,0.0626185985565688,0.04410473181618045,0.038278668617372336,0.2719010514517994,0.0,0.1919595634106019,0.10968856622215323,0.045493500500330714,0.02954616887742015,0.033883679180734615,0.044334283385989465,0.12819118798084891
2010-03-17,0.06270709784244004,0.044340470685772286,0.0383429263759339,0.2736594610872018,0.0,0.1920750979556001,0.11021884294582383,0.045316922673982615,0.029675103474026996,0.03400688486775708,0.043621507726228935,0.1260356843652326
2010-03-18,0.0626936064210189,0.04493005412380771,0.038881942475259564,0.27056538864404367,0.0,0.19004700251351447,0.10864833985925812,0.04826602038682642,0.029967738853715602,0.033566861460713346,0.04280636817067182,0.12962667709117023
2010-03-19,0.06298041029051298,0.04496154472937215,0.03888433719741786,0.2707776974006283,0.0,0.19029310764492915,0.10895492459189704,0.04890417502530194,0.030107372734669867,0.0336142493909967,0.04284018397098417,0.12768199702328992
2010-03-22,0.06259104161143106,0.04421445581925426,0.03818132800327937,0.27747664152307727,0.0,0.1928310090121487,0.10697785832117808,0.04832208999230888,0.029496773678803392,0.033092604463361104,0.04229599883791087,0.12452019873724715
2010-03-23,0.06194607126431673,0.0438829414855887,0.03795481723030694,0.28040560478122645,0.0,0.19499319657772393,0.10551769623129241,0.04797655845605098,0.02923110787165516,0.03282505789830471,0.041833058310051616,0.12343388989348235
2010-03-24,0.0614883964251587,0.04379523754749256,0.03788255357498834,0.2793783612235561,0.0,0.1954214226074431,0.10524005320310818,0.04775965191909283,0.029157970929645623,0.03364109498546572,0.04184259246695561,0.12439266511709329
2010-03-25,0.06317833036375707,0.0444902719907322,0.03879280169882763,0.2740078562985398,0.0,0.1942019531513512,0.10865333763581068,0.0489699908801801,0.029892144838572467,0.034352326406868784,0.043375760528386334,0.12008522620697375
2010-03-26,0.06205249591859386,0.04375557388940732,0.03812130798256544,0.28712914727235045,0.0,0.18964310743126883,0.1069796334959803,0.048060039901653695,0.02937404860383357,0.03404359514588841,0.04263850395668164,0.11820254640177652
2010-03-29,0.06219417468914469,0.04363480053112154,0.03818171113580496,0.28708429210587827,0.0,0.1900212156563081,0.10827761007303992,0.04762023564020947,0.02958084841586865,0.03410829810199202,0.04318838465928032,0.11610842899135204
2010-03-30,0.06205016928374164,0.04355140746916892,0.037780708141458785,0.28922729529430097,0.0,0.1899920199273875,0.10880360844315948,0.04772998439040339,0.029359139500851207,0.03335865854429873,0.04321441180888572,0.11493259719634351
2010-03-31,0.06255519287564337,0.04353189118751294,0.03766196080812345,0.28976657486344737,0.0,0.18999939617132247,0.1084471352471426,0.04746018536280493,0.029246976614222337,0.033266277446545846,0.0438257541047226,0.11423865531851202
2010-04-01,0.06326437814486591,0.04445004364616413,0.03833910017641632,0.28611514690247,0.0,0.1917513618001132,0.10840631898580017,0.04809428193055089,0.029920233411839418,0.03333341304979156,0.04291193203775751,0.11341378991423079
2010-04-05,0.062312362166255894,0.04322951992314921,0.036991678709107204,0.29514609963030725,0.0,0.1927441442187572,0.10764984539770728,0.04712752130359417,0.029381458026896488,0.03244045176042009,0.042415640468389054,0.11056127839541624
2010-04-06,0.06445350840852214,0.04501205514559731,0.03837865707322532,0.2818026935111368,0.0,0.18610796466727614,0.11220857167918026,0.04976140022022709,0.0307541257834754,0.03354993740382985,0.04330987907760234,0.11466120702992744
2010-04-07,0.06456355978190521,0.045061677381649325,0.03845193367421862,0.28212483210477,0.0,0.18562656476038655,0.11137445693941556,0.049915047909724,0.030732751347004775,0.033614921362084306,0.04262921209381694,0.11590504264502471
2010-04-08,0.06507975435527648,0.04562166617782095,0.03886817749780595,0.27621853544569047,0.0,0.18465862628458177,0.11268586373716848,0.0500393667452347,0.031189826982651294,0.03387885072537111,0.042165707794718246,0.1195936242536806
2010-04-09,0.06493910249219537,0.04572485761154524,0.03880633685963369,0.27562287379165845,0.0,0.18381772428825213,0.11247740003323303,0.05051097747714512,0.031150666057636726,0.03392251285485592,0.042130379941765175,0.12089716859207926
2010-04-12,0.06390431577129434,0.044576553575117424,0.03824931816809904,0.29106215087976905,0.0,0.17996972528476787,0.11081325049368997,0.05056669001617408,0.030430761459233145,0.033603692651818284,0.04157196673274953,0.11525157496728711
2010-04-13,0.06351922497989863,0.044177979251733605,0.03769307175060669,0.29708859175755675,0.0,0.17969533589713563,0.10962009132546234,0.05011659531236974,0.03026108631478908,0.03328373111311894,0.041525082342649025,0.11301920995467941
2010-04-14,0.06340303396408466,0.044215641343099105,0.03761378911868989,0.29908265365051984,0.0,0.1793106088622684,0.10918989032961214,0.05003298198996622,0.030193942859795247,0.03322853042239252,0.04054915479230978,0.11317977266726234
2010-04-15,0.0635628346027453,0.0443068859330322,0.0374674922666372,0.2995161367257562,0.0,0.17881626617062046,0.10942539156249953,0.05029560080306433,0.030157284990271205,0.033088489757244856,0.04065361914258182,0.11270999804554663
2010-04-16,0.0644296699670334,0.04448172245483318,0.03793541546695171,0.2995415495070847,0.0,0.17840403560705476,0.10914320394858515,0.05026981812353799,0.030501209938133426,0.033204377128309606,0.0396460746586956,0.11244292319978046
2010-04-19,0.0630020711391967,0.044670053383917135,0.03735014359351915,0.3010717869519338,0.0,0.17707532372719723,0.10633892325146684,0.05033387476578586,0.031101167213688878,0.03305401522858895,0.03873317065333489,0.1172694700913706
2010-04-20,0.06499980892251452,0.045175893907195404,0.03817339962234064,0.29388687907794153,0.0,0.17411683240593,0.11399839774247741,0.05037464201356977,0.03133146065371027,0.032729555035622235,0.03972252903322764,0.11549060158547071
2010-04-21,0.06889500124248102,0.04588575502969092,0.038601054357657295,0.29048085114741506,0.0,0.1728973574784905,0.11330955656352358,0.05004341147345562,0.03136842526147873,0.03317054706721032,0.04049549867919364,0.11485254169940336
2010-04-22,0.06911862262756899,0.046254847652396854,0.038757598187260156,0.28982132903674,0.0,0.17207440337517504,0.11369009506182129,0.050061383087985745,0.031264886903926314,0.033408117767566886,0.040276622644372644,0.11527209365518613
2010-04-23,0.06951463499800815,0.04615945830100412,0.03962926274439897,0.2877963343344728,0.0,0.17259981331766452,0.11326097403512082,0.050032837781404584,0.0317888080041729,0.03355456559994886,0.04035649459861334,0.11530681628519095
2010-04-26,0.06939116916034935,0.04604360542621966,0.039640028063684295,0.28709155446798923,0.0,0.17494973969320043,0.1119672078325634,0.0499817208140396,0.031747677131971436,0.033539361810580606,0.040240775826777084,0.11540715977262478
2010-04-27,0.065352044197791,0.04331265288893728,0.0367014811689055,0.26551292871156085,0.07249217591614125,0.1619505714499269,0.10428413053839057,0.04605470482622999,0.02974327455348515,0.03067993077414885,0.037372718844059426,0.10654338613042301
2010-04-28,0.0673629895496052,0.043849337970968884,0.038290713668630814,0.2889692129601093,0.0,0.18388492972340695,0.10906676414638501,0.049940690859328,0.03269710917375166,0.03330551102017945,0.039013178850361964,0.11361956207727274
2010-04-29,0.06794856332537733,0.044098921282957074,0.03881440321367366,0.2853884305999055,0.0,0.18567898264188282,0.10841989211758889,0.050941575703858245,0.03296669875896562,0.0335859492796179,0.03893241549110151,0.11322416758507134
2010-04-30,0.06323681266241919,0.041157160745691,0.03587308217931629,0.2664076742765816,0.07191537698270545,0.17344030032133792,0.09992353797638212,0.04758090586437064,0.030332495958846285,0.031071699797396372,0.03399087264363635,0.10507008059131677
2010-05-03,0.06163234216723576,0.041525578931906046,0.03610155704352124,0.26177283659307415,0.0729216295389226,0.17367282781030852,0.10149247363061105,0.047962137736438454,0.031006505822582034,0.031405633493160966,0.03338709482665181,0.10711938240558738
2010-05-04,0.0700993413177139,0.0,0.03987652401603738,0.26229708790708167,0.07608679452168243,0.17388670673362364,0.11000873866531068,0.05530522925867478,0.0363267322523218,0.03437022249376388,0.03445872590169021,0.1072838969320997
2010-05-05,0.06611620155715446,0.0,0.03745365623010793,0.2628337837610271,0.07453771541512462,0.1819550789933228,0.11039021948979974,0.05671143801480051,0.0345505898522702,0.03351760500844378,0.03491268206939151,0.10702102960855733
2010-05-06,0.07233638363409686,0.0,0.0,0.28797761196836086,0.08095022296460928,0.1940876070555864,0.11320377627262908,0.06223603952197999,0.03675533988474407,0.0,0.03860516899530004,0.11384784970269327
2010-05-07,0.06923858848626914,0.0,0.0,0.31319320671717876,0.07818439833080071,0.1701979562590772,0.10322178861366031,0.0635480292300508,0.04032741651056922,0.0,0.03902228694198019,0.1230663289104138
2010-05-10,0.06505214466035378,0.0,0.04090357818535297,0.29246058530546387,0.07453138909404491,0.16997207669627767,0.10393963974324057,0.06118275732744668,0.03737204202299923,0.0,0.037063258910087,0.11752252805473336
2010-05-11,0.057849503874139105,0.0,0.0363924404340809,0.3031069550016567,0.07285958572295884,0.17166460791472424,0.09959362490183624,0.06433803309534734,0.03926586004155363,0.0,0.034251532956072625,0.12067785605763046
2010-05-12,0.05854272950491886,0.0,0.03667537728512776,0.2998784338944456,0.07379268635310773,0.17389400506082633,0.10083792862792076,0.06197846493125018,0.03768026395919675,0.0,0.034742687212285926,0.12197742317092007
2010-05-13,0.05816679165270195,0.0,0.036826445761449285,0.298847772134224,0.07250745043142721,0.17340041223397523,0.09884623037985155,0.06386905559074918,0.03867606749090404,0.0,0.03479696902581473,0.12406280529890294
2010-05-14,0.05913936237078253,0.0,0.0,0.31343550387469604,0.07560830041702271,0.17955796796549967,0.10174408704772565,0.06545667590308014,0.03976500835857714,0.0,0.03547652522178176,0.1298165688408344
2010-05-17,0.058523745205133454,0.0,0.0,0.310993629136475,0.07452300973760695,0.18189442452992216,0.1039335983703568,0.06636081608817108,0.04025128848466896,0.0,0.034978687846860576,0.12854080060080506
2010-05-18,0.058521706926604265,0.0,0.0,0.3103135735771228,0.0744562252342651,0.18277887868671608,0.10479392066624943,0.06600275192652877,0.03953324309323392,0.0,0.03497397979047863,0.12862572009880086
2010-05-19,0.058319624244929195,0.0,0.0,0.31049512795134393,0.07383651983582043,0.1837307372395361,0.10572203250498693,0.06679907621617327,0.039979363826216696,0.0,0.03467658967278364,0.1264409285082098
2010-05-20,0.0,0.0,0.0,0.37833529636407487,0.09018318850425824,0.220105877758002,0.0,0.0766442340804068,0.04627200429892654,0.0,0.041420292600258736,0.14703910639407292
2010-05-21,0.0,0.0,0.0,0.3433944259022713,0.07872382366230203,0.20103457034575523,0.09826807339189839,0.06954743573370421,0.04093167582012993,0.0,0.03547468746310333,0.13262530768083547
2010-05-24,0.0,0.0,0.0,0.34059424371306607,0.08008942522688674,0.20386036548875283,0.0938663171476604,0.07072187953128196,0.0416097770718627,0.0,0.03528816133132613,0.13396983048916306
2010-05-25,0.0,0.0,0.0,0.33958903030247467,0.07989790612606562,0.20817147718470647,0.09431019575611442,0.07016404555706517,0.04167405021332658,0.0,0.03485190299423894,0.1313413918660082
2010-05-26,0.0,0.0,0.0,0.3766487634830598,0.08845904109362657,0.22675203266154334,0.0,0.0776964587838277,0.0461729704277298,0.0,0.038626466836246355,0.14564426671396652
2010-05-27,0.05571600878193766,0.0,0.0,0.321165496249248,0.07564903832654814,0.19453549855051452,0.08835241646521408,0.06709655874284996,0.04020604470125379,0.0,0.03306184288639633,0.12421709529603736
2010-05-28,0.0,0.0,0.0,0.3424362381797264,0.07742845634051462,0.20658806588947726,0.09289279842391023,0.07256644570768991,0.04317594631878866,0.0,0.033907198127924816,0.1310048510119681
2010-06-01,0.0,0.0,0.0,0.3431573462152703,0.07738361037569351,0.20610181706275152,0.09276271064828168,0.07289192727464844,0.04309304064982085,0.0,0.03375230137808444,0.13085724639544935
2010-06-02,0.05297952905469315,0.0,0.0,0.32565411500828095,0.07419516402164701,0.19459963236063363,0.08776769644793211,0.06849487483900253,0.04082352882265794,0.0,0.0319414424362919,0.12354401700886064
2010-06-03,0.051483423599141466,0.0,0.0,0.32604402825669904,0.07400059706458845,0.194280056145828,0.08780303045628074,0.0692972632619447,0.04106753984723447,0.0,0.03193691948698468,0.12408714188129819
2010-06-04,0.0,0.0,0.0,0.34521040371395456,0.0778136156322269,0.20433375629711595,0.09320650636987407,0.07181289483336019,0.04298734921048409,0.0,0.03379790151595923,0.13083757242702504
2010-06-07,0.0,0.0,0.0,0.38493312278039277,0.08275406930747453,0.2246550608811051,0.0,0.08120007235115968,0.04710665506419096,0.0,0.03602258458587396,0.143328435029803
2010-06-08,0.0,0.0,0.0,0.3845015504594585,0.0833910616019582,0.224926961590508,0.0,0.08011766947302519,0.04541399644407476,0.0,0.036397443832004835,0.14525131659897042
2010-06-09,0.0,0.0,0.0,0.3465927565052713,0.0753137277942403,0.20392002053609873,0.09483799620611384,0.07264281916256148,0.04109914137433587,0.0,0.03280193537938905,0.1327916030419895
2010-06-10,0.0,0.0,0.0,0.3471305376786687,0.07534172834846081,0.20399746861451742,0.09477771652401445,0.07251500904234287,0.04104494294685749,0.0,0.03279676757932219,0.13239582926581603
2010-06-11,0.0,0.0,0.0,0.3454728558958674,0.07418342307023773,0.20625777346208546,0.09456506833990264,0.07371531986285056,0.0417592246372499,0.0,0.03250440350080138,0.1315419312310049
2010-06-14,0.0,0.0,0.0,0.3457552286604536,0.07353409314192687,0.20635095530295083,0.0945802756615258,0.07388973338526042,0.04178113465203282,0.0,0.03255911625320026,0.1315494629426494
2010-06-15,0.04920230042321955,0.0,0.0,0.32956690726261917,0.06997853786696906,0.19671366621143815,0.09015200729591064,0.07045048186739711,0.039822698044510024,0.0,0.030984959962336082,0.12312844106560028
2010-06-16,0.048305062754315786,0.0,0.0,0.33049603272869316,0.0699005329444385,0.19679363043881032,0.08937589888402042,0.0722808844097404,0.040264034623873755,0.0,0.030874498421952442,0.12170942479415518
2010-06-17,0.04837283413994622,0.0,0.0,0.32987965048192897,0.06980613824167288,0.19698724695543038,0.0896507883286503,0.07224690168655042,0.04023320494211587,0.0,0.030892653498412005,0.12193058172529297
2010-06-18,0.0489246240137723,0.0,0.0,0.3307905954906925,0.07041632958593708,0.19412703694846947,0.08984803064764085,0.07228290165833617,0.04049551540221099,0.0,0.03119080702482729,0.12192415922811334
2010-06-21,0.04595614951836865,0.0,0.03179269124075254,0.32468521244371,0.06809407453537221,0.1886837518614682,0.08415786563262073,0.0701545672256272,0.03834326376659294,0.0,0.02928375022216372,0.11884867355332376
2010-06-22,0.0,0.0,0.0,0.35547962794622434,0.0739425267778527,0.20555820356882124,0.09097831269572748,0.07298202588681144,0.04086320627113465,0.0,0.03165184470202109,0.12854425215140702
2010-06-23,0.0,0.0,0.0,0.3559016914875081,0.0733095479653016,0.20380731737093188,0.09036643142155165,0.07396545474355576,0.0410784784811135,0.0,0.03123042285506622,0.13034065567497116
2010-06-24,0.0,0.0,0.0,0.3556828724670647,0.07349636439060789,0.20269045992285512,0.09053075890408,0.0738750419008567,0.041536464497123955,0.0,0.03128244955212739,0.13090558836528404
2010-06-25,0.0,0.0,0.0,0.355821010570388,0.07342261985968268,0.20105362023294313,0.09041038813313342,0.07465190549695908,0.04173536436534836,0.0,0.03120428915314214,0.13170080218840322
2010-06-28,0.0,0.0,0.0,0.35591777629373844,0.07365631833383039,0.2012130647617548,0.09041309481010931,0.07447016308330248,0.041444020626964874,0.0,0.03104182448755875,0.1318437376027409
2010-06-29,0.0,0.0,0.0,0.3564805802741562,0.07368216031302478,0.19928008702685776,0.09069188291947686,0.0739055435787288,0.04178316018561622,0.0,0.031081156043571572,0.13309542965856788
2010-06-30,0.0,0.0,0.0,0.3709902950199555,0.07230898425516469,0.20243356540610583,0.08599282934200922,0.07097881526736727,0.03999531707709817,0.0,0.029577653465766966,0.12772254016653228
2010-07-01,0.0,0.0,0.0,0.37106510698670864,0.07225097097343289,0.20151803305363858,0.08647786794705567,0.07099558375125932,0.040073070942526615,0.0,0.029785431114108397,0.12783393523126982
2010-07-02,0.0,0.0,0.0,0.3828468122553487,0.07332872037780364,0.20527201857796812,0.08679654482626929,0.0646777542626821,0.03867890721539258,0.0,0.030156442862067326,0.11824279962246821
2010-07-06,0.0,0.0,0.0,0.3946789440565346,0.07522327443788338,0.2115775878661546,0.08984060541853178,0.06634881907358682,0.04002379754811907,0.0,0.0,0.1223069715991897
2010-07-07,0.0,0.0,0.0,0.38050287221985263,0.07325109714777943,0.20498552422491062,0.08708905339623117,0.06383540410808493,0.03932427090345335,0.0,0.030252242475100125,0.12075953552458776
2010-07-08,0.0,0.0,0.0,0.3811270891634037,0.0724399443748611,0.20638626507066096,0.08598013141810323,0.0638465159254881,0.03940068465337225,0.0,0.029379851611001984,0.12143951778310844
2010-07-09,0.0,0.0,0.03166794737666682,0.3694978108330056,0.06977566029711849,0.1998049828285976,0.0831434480501244,0.06178323527882867,0.03815951543426557,0.0,0.0286288052517232,0.11753859464966965
2010-07-12,0.0,0.0,0.0,0.38070738660999043,0.07222075109722628,0.20630694043938952,0.08592887453965244,0.06354328944768085,0.039540704394965036,0.0,0.029511276236128828,0.12224077723496678
2010-07-13,0.0,0.0,0.031667619756824396,0.3691761474413652,0.06981234416853664,0.19961931702967398,0.08316094713303385,0.061210199835609005,0.03820473517950989,0.0,0.028801289046172414,0.11834740040927468
2010-07-14,0.0,0.0,0.03217354360252732,0.36460290766246994,0.06975904267053251,0.20112525665018557,0.08366823456548969,0.06317075195297643,0.03955447880857549,0.0,0.028925759893218606,0.11702002419402437
2010-07-15,0.0,0.0,0.0,0.3759110710140515,0.07202638664445615,0.2077537490371749,0.0867484639926141,0.06547749872064512,0.04094889979540199,0.0,0.02997158044313354,0.12116235035252237
2010-07-16,0.0,0.0,0.0,0.3770357676732531,0.07184199861892189,0.2083392731541056,0.08802637291124275,0.06561546600130443,0.041059598965113416,0.0,0.030144254051813705,0.11793726862424489
2010-07-19,0.0,0.0,0.0,0.3908106424289383,0.07540105019957008,0.21913247633729593,0.09179274820752423,0.06805509249899869,0.0,0.0,0.031275720565588534,0.12353226976208441
2010-07-20,0.0,0.0,0.031904034737715484,0.36463836089848306,0.0694861561073396,0.20356896637653127,0.08482962090095193,0.06270945448823517,0.03925713091440551,0.0,0.028947540175717,0.11465873540062092
2010-07-21,0.0,0.0,0.0,0.3932504574741319,0.07485662725091685,0.21886841933833756,0.09095121322354296,0.06772626741403624,0.0,0.0,0.031038941467962034,0.12330807383107241
2010-07-22,0.0,0.0,0.03199438178978637,0.360767713939438,0.06941601156154545,0.20400500537152658,0.0857235473055395,0.06369625818698565,0.039993822192251914,0.0,0.029140626799648895,0.11526263285327752
2010-07-23,0.0,0.0,0.03199276139944312,0.36168751702271706,0.06887087314198248,0.2025129362184677,0.08618122628555597,0.06416662572155224,0.03928908636616164,0.0,0.02881549997144328,0.11648347387267648
2010-07-26,0.04181404628361782,0.0,0.030706751387496945,0.3462676981094843,0.06584942024547503,0.1943805411498143,0.0825293465213006,0.06141505471725868,0.037743968423085215,0.0,0.027591570039592825,0.1117016031228744
2010-07-27,0.04348311804609961,0.0,0.032000053000225036,0.35913538093366304,0.06834796504366175,0.2022835810045616,0.0861114941133013,0.06366663315231592,0.0,0.0,0.029183616684777206,0.11578815802139444
2010-07-28,0.04341458387090793,0.0,0.03178093905993752,0.3655099022047598,0.06760456886366864,0.20002812716377383,0.08538681237678898,0.06225372191148661,0.0,0.0,0.029292560039045467,0.11472878450963114
2010-07-29,0.0,0.0,0.03309357616551353,0.38421288942750714,0.07041805150857247,0.20711926693634833,0.08885696320785946,0.06484581675063991,0.0,0.0,0.030975690788961497,0.12047774521459736
2010-07-30,0.0,0.0,0.0323742661632806,0.372382633901029,0.06787298052740806,0.19564416582406266,0.08495357015378831,0.061361139089615,0.039953485710005135,0.0,0.029433258491705288,0.11602450013910594
2010-08-02,0.0452101225968958,0.035005103609860665,0.033777285498877326,0.3867235427120295,0.0694387074584622,0.20399320792088596,0.09018180864893767,0.06323111446281186,0.04185057418634322,0.0,0.03058853290489574,0.0
2010-08-03,0.043083298517899445,0.03342850106715966,0.03231492224256386,0.35962781416070366,0.06847856056389737,0.24058825650199495,0.09206359251802704,0.06263696037590226,0.038866881058274676,0.0,0.028911212993577025,0.0
2010-08-04,0.04229994988062931,0.03260834755241032,0.031497787775268384,0.3720157234501238,0.06761261436235236,0.23536297941967121,0.08979892771454334,0.061030108032006244,0.03948910452045596,0.0,0.028284457292539162,0.0
2010-08-05,0.04445903744573747,0.034927464060732466,0.034230464514008206,0.3613902880310029,0.06884256467123685,0.2348464033237207,0.09270346878251523,0.06002216227568492,0.03887127335508386,0.0,0.029706873540277314,0.0
2010-08-06,0.043822489644027664,0.0346536765078728,0.03398321649452925,0.3648007463088834,0.0678484854459538,0.2311923223156318,0.09139039313090094,0.06216627945507372,0.04093242144479173,0.0,0.029209969252334867,0.0
2010-08-09,0.04422491936145547,0.03480090303711022,0.03414410658320798,0.36625240665050296,0.06790841378549607,0.22644914015654252,0.09356161872548853,0.06220272397961441,0.04107350478974975,0.0,0.02938226293083223,0.0
2010-08-10,0.044355328906190025,0.03491928306513713,0.03416758300380322,0.3660971969430677,0.06782407583174975,0.22582913952569716,0.09409833394625303,0.0622676427364379,0.04103083390657397,0.0,0.029410582135090138,0.0
2010-08-11,0.0,0.0,0.03297276832648907,0.3589157895634878,0.06664482701599686,0.215989411811475,0.09094158323066574,0.059709597280040556,0.03937536131693068,0.0,0.028670501181184086,0.10678016027373025
2010-08-12,0.0,0.0,0.03257218747562348,0.3644285213732474,0.06659770189033089,0.2182749599305881,0.08910379050145248,0.06061585077808766,0.03961229353954291,0.0,0.028665219876476602,0.10012947463465043
2010-08-13,0.0,0.0,0.03277058290328834,0.3666740932211262,0.06745760296860642,0.21456962790760137,0.08857588156716263,0.059671886164488624,0.039323491187801304,0.0,0.02877720537627955,0.10217962870364529
2010-08-16,0.0,0.0,0.032838043660152624,0.36330472887623433,0.06666860720076653,0.21256318010633066,0.08897359225331405,0.06239455769335624,0.041189447437017086,0.0,0.028817786582841634,0.10325005618998681
2010-08-17,0.0,0.0,0.03494531667355376,0.3578694758710021,0.06564827047628649,0.19631232840766644,0.10734745779290591,0.06236166345135808,0.04219693786814792,0.0,0.03028657473665349,0.10303197472242599
2010-08-18,0.0,0.0,0.034938298142616724,0.3605111778894652,0.0639468396326887,0.19211373096271384,0.11515458067212352,0.0611836712731538,0.04125558618871241,0.0,0.029957520635242513,0.10093859460328325
2010-08-19,0.0,0.0,0.03496324373618736,0.3578734370265939,0.06385013426750205,0.19188840069734442,0.1147726884965236,0.061843744538779444,0.04140197927017511,0.0,0.030193545597357502,0.10321282636953669
2010-08-20,0.0,0.0,0.03512254544197833,0.35208973829912954,0.0629617572847229,0.19788968733427015,0.11492553030814125,0.0620836911591669,0.04145865511029546,0.0,0.029873753193549332,0.10359464186874619
2010-08-23,0.0,0.0,0.03492783648916128,0.349473223629257,0.06270777552171962,0.19684802892100967,0.12035789746901984,0.062123987398069076,0.040911427255799826,0.0,0.02971824022153118,0.10293158309443251
2010-08-24,0.0,0.0,0.0,0.35935864650553967,0.06651090299666851,0.2048609424997124,0.12761672843531682,0.06243833781733214,0.0418422507432051,0.0,0.031720475199946245,0.10565171580227901
2010-08-25,0.0,0.0,0.0,0.3529764359859778,0.06612628033508945,0.20846147695163764,0.12749304789176472,0.06310389332309303,0.041653063827512694,0.0,0.03221568629812363,0.10797011538680115
2010-08-26,0.0,0.0,0.0,0.3484116381688042,0.06650701532845686,0.21053387540584192,0.12943732519115922,0.06350730956080802,0.04055850635053684,0.0,0.03255991292557636,0.10848441706881651
2010-08-27,0.0,0.0,0.039835528542599294,0.33526362540697496,0.06411374118662265,0.20235048951633197,0.12443218093739242,0.06071921045760979,0.03881821392807395,0.0,0.03138113599267765,0.10308587403171739
2010-08-30,0.0,0.0,0.0,0.3361863783299314,0.06506372083097042,0.20500289026486712,0.13577640008519834,0.06766238129603988,0.04291275810595777,0.0,0.03406191141550172,0.11333355967153327
2010-08-31,0.0,0.0,0.0,0.31672525907122473,0.06752918291418229,0.20630403018114377,0.1391606879738795,0.0689362760092691,0.045273608943496066,0.0,0.037197150635020694,0.11887380427178385
2010-09-01,0.0,0.0,0.0429046840646191,0.30263635695589935,0.06356259856538024,0.19569213772781108,0.13461856641856082,0.06684071064815111,0.04582300708688158,0.0,0.035180258758925914,0.1127416797737707
2010-09-02,0.0,0.0,0.04281568370983573,0.307150597197684,0.0626754537905454,0.1893617164391624,0.13312017576974966,0.06844847904051714,0.046921012540669646,0.0,0.03537714717241197,0.11412973433942405
2010-09-03,0.0,0.04375032805578678,0.04649745638459089,0.3308464766320155,0.06720554670416892,0.20452030047678577,0.14432112173881445,0.07413563626672857,0.050474657276571966,0.0,0.038248476464537044,0.0
2010-09-07,0.0,0.0,0.0443678535947018,0.30648540019329956,0.06260779435583515,0.18190434821992574,0.1364372519712378,0.06919737948613577,0.04632657601475129,0.0,0.03658256074092618,0.1160908354231867
2010-09-08,0.0,0.0,0.04450037515210561,0.30719770621531894,0.0622488476386855,0.18018274818071475,0.1378335362445221,0.07025940234279134,0.04687853765109685,0.0,0.036877254196798895,0.11402159237796602
2010-09-09,0.0,0.04080036616781473,0.04249466252881944,0.293890262585336,0.05944077209252466,0.1725970421393621,0.1320459995545794,0.06742091751051954,0.04485761774883085,0.0,0.03545836069616562,0.11099399897604756
2010-09-10,0.04894875305734411,0.040496609179677755,0.04221084097150118,0.2689856903368389,0.055412851804356955,0.16244199066281123,0.13028074887118937,0.06503554136476901,0.04346795513907485,0.0,0.03438416294660651,0.10833485566583008
2010-09-13,0.05495894066690446,0.04558406483787509,0.04745049562559412,0.29977719807875086,0.06224708013185373,0.18263437935763951,0.1463207031337647,0.07334176454400235,0.048952111119853925,0.0,0.038733262503761225,0.0
2010-09-14,0.05432309897607772,0.04486848558147719,0.04632179668942678,0.2984908525124146,0.062087710958548564,0.18540256915043726,0.14703025078007864,0.07420163005907113,0.0489947040415179,0.0,0.038278901250950445,0.0
2010-09-15,0.05470104676639603,0.04515167452524588,0.04665224836099979,0.2975563476031457,0.06223184742880037,0.18515363879794633,0.1486844894271663,0.0723186606338489,0.04901072868141388,0.0,0.03853931777503656,0.0
2010-09-16,0.05455709350623878,0.045042504301840314,0.04701239405969358,0.2957632197150684,0.06104861358587556,0.18423699504739624,0.14861023881740457,0.0751481512098924,0.0501171541081696,0.0,0.038463635648420404,0.0
2010-09-17,0.055139308338014587,0.04507202370976653,0.047504936844196835,0.29239109444578826,0.06074795229585379,0.18328641813913168,0.1517749900830376,0.0750794697891617,0.04974845107292522,0.0,0.03925535528212386,0.0
2010-09-20,0.0549987199314606,0.04489713235215152,0.047329695225867274,0.2932482401482281,0.060655511119240564,0.18332436012458225,0.15139419170993332,0.07498580535698299,0.05004288340884004,0.0,0.039123460622713456,0.0
2010-09-21,0.054841007861441755,0.044725940154194815,0.04728095489068579,0.29141599572060306,0.06021612805142779,0.18443001759294542,0.1542859708204467,0.07435601354451425,0.04962333368045626,0.0,0.03882463768328417,0.0
2010-09-22,0.05541099564620479,0.04520849066522645,0.047927235863202265,0.28796742342444026,0.060184896141074105,0.18115741434506205,0.15624962802644865,0.07560119356574618,0.050761591236290995,0.0,0.039531131086304204,0.0
2010-09-23,0.05512827042182048,0.04515537569173846,0.04788442870881762,0.28777682612761113,0.059967612477766996,0.18255001773793691,0.1539853417499031,0.07696687760584009,0.05127329975512174,0.0,0.03931194972344326,0.0
2010-09-24,0.057113045095623954,0.04628932046813015,0.050870707449615464,0.2843747066726837,0.05905138380981684,0.17877465843986057,0.1584708816895597,0.07529953491937491,0.0507360715317086,0.0,0.03901968992362609,0.0
2010-09-27,0.05690116071936001,0.04577438035512801,0.05101650557936338,0.2805070000985434,0.05905479750838003,0.18087319462933682,0.16010370562586457,0.07615295718805998,0.050768499941529446,0.0,0.03884779835443425,0.0
2010-09-28,0.05588811958216684,0.04511042921029755,0.05011779506121382,0.2719121899259443,0.05695598053505848,0.17559284553375076,0.15834483720333628,0.09231357200225472,0.05579754139143679,0.0,0.03796668955454034,0.0
2010-09-29,0.05592991399536456,0.04502019255932236,0.049942739082595174,0.2708488696548692,0.05696819747827479,0.17656415278091853,0.15797671774345287,0.09310840232985321,0.05525228103390876,0.0,0.03838853334144076,0.0
2010-09-30,0.05512844544738621,0.044874661438951496,0.04984032117919867,0.2692989794718822,0.056231679937130866,0.17480120432352989,0.1593353678637771,0.09749239682216967,0.05458700028421276,0.0,0.038409943231761216,0.0
2010-10-01,0.057207242458916896,0.0453983671425277,0.04978327140612133,0.26461437558948436,0.05564086780283474,0.1707528388143392,0.16564889946266695,0.09696156281544266,0.0536684341508281,0.0,0.04032414035683809,0.0
2010-10-04,0.057590345420216425,0.04548070077494409,0.04949553371131051,0.26436705511949427,0.05583061165454602,0.16886430494173688,0.16739819319555826,0.09706598490257295,0.053359124583423456,0.0,0.04054814569619701,0.0
2010-10-05,0.05741265696746806,0.04493767580922515,0.0496444543557838,0.26493120944077836,0.05596129949794419,0.1691292769058838,0.1664324302377241,0.09788785670323538,0.05304835587797056,0.0,0.040614784203986724,0.0
2010-10-06,0.056651634659254636,0.044185411154696076,0.04985085234272865,0.2681506648800106,0.056424479385890944,0.17094830189541657,0.16785267951559354,0.09477842315652474,0.050348930429790266,0.0,0.04080862258009407,0.0
2010-10-07,0.05698673408631286,0.04429066358109616,0.049689188824100436,0.2696299494124932,0.05590212834080877,0.16659884142498252,0.1713413252282346,0.09459519030301834,0.04977475716173209,0.0,0.04119122163722102,0.0
2010-10-08,0.05701071332911933,0.044275703075565775,0.04944429747673081,0.2735692871548792,0.05588689620311065,0.16779775540711103,0.17158018166419964,0.0919748286457637,0.04715528149604213,0.0,0.04130505554747761,0.0
2010-10-11,0.057178994600626754,0.04444247308930812,0.04955110889638031,0.2740276172347018,0.0563216935136307,0.16825616728254628,0.17165924809581506,0.09136725594331511,0.04567427888142896,0.0,0.04152116246224691,0.0
2010-10-12,0.05933326874272136,0.04561970524502067,0.05124197881191661,0.27021003562235374,0.055020757638090674,0.16427347379913945,0.17259585397112312,0.09287055267511676,0.04642841569690226,0.0,0.04240595779761524,0.0
2010-10-13,0.05928460105184294,0.045520124951677704,0.05130438688234153,0.2695521254385251,0.0546658972406788,0.16350160558971183,0.1725517771390827,0.09417996684246856,0.046992364806352944,0.0,0.042447150057317876,0.0
2010-10-14,0.05936305282729991,0.04526671518352423,0.05172108642225077,0.2692389254226911,0.05449810026069242,0.16288583230895745,0.177550158326831,0.09115327451147039,0.0456434595811139,0.0,0.04267939515516888,0.0
2010-10-15,0.06050377732664842,0.046334372211292475,0.05241668826012956,0.2709057829618338,0.05487513756647386,0.1581738000841604,0.17477573363937315,0.09294090361904037,0.04528121627559435,0.0,0.04379258805545373,0.0
2010-10-18,0.062055511358197965,0.04803418513268001,0.054392234403643325,0.26629417751447765,0.05421047792782991,0.15274773547892784,0.1809005998726916,0.09074923693627754,0.04484263690813993,0.0,0.045773204467134274,0.0
2010-10-19,0.06242236697234718,0.04838549464333572,0.05458240392233299,0.2640607071771093,0.054545999385269314,0.14993691307083523,0.182966708544356,0.0922688868322873,0.04495725818206541,0.0,0.04587326127006145,0.0
2010-10-20,0.06332516782422874,0.04823181616502987,0.05219456124580942,0.2705416155909853,0.05579376940573731,0.15362225709014363,0.18742131766405043,0.0797084511201247,0.04133761604203385,0.0,0.04782342785185673,0.0
2010-10-21,0.06269884394190457,0.04737372929601638,0.05144493596290683,0.2694899834019375,0.05599579188549043,0.15423599263910912,0.1863470814311411,0.08335769364822584,0.04234023305684548,0.0,0.046715714736422755,0.0
2010-10-22,0.0633363713753811,0.04761814135778563,0.05187255556060661,0.2704831063506487,0.055727963896430636,0.15490530689806786,0.1877375691254596,0.08059449988388846,0.04074869861356377,0.0,0.046975786938167646,0.0
2010-10-25,0.06359568333750981,0.04767774445876775,0.05191594558708154,0.2708903069129217,0.05563827903701652,0.15500474222039165,0.18653552117607014,0.08072511732933065,0.04077301482215577,0.0,0.04724364511875444,0.0
2010-10-26,0.06342280970205484,0.047592755806035086,0.051566090203636034,0.2710137563447337,0.05631836256860825,0.15520138123067104,0.18606861167569,0.08082147192682869,0.04083902012623082,0.0,0.047155740415511654,0.0
2010-10-27,0.06553709457693097,0.04961822917116287,0.05289133006203933,0.2670949689578551,0.05568370653776816,0.1517709363890826,0.18728351671050184,0.08013423462161692,0.04090979789369473,0.0,0.049076185079347384,0.0
2010-10-28,0.06602627251840966,0.04961399700875902,0.05223286820085144,0.26680282129260025,0.0558041174340008,0.15224057997178816,0.18796950444852653,0.07894668059342067,0.040877765963754066,0.0,0.049485392567889405,0.0
2010-10-29,0.0663155446478247,0.049561271876012385,0.05222803677548884,0.2666281320977563,0.056092008691785135,0.15244051672359454,0.18843306609058275,0.07790728785118736,0.040878386549458634,0.0,0.04951574869630933,0.0
2010-11-01,0.06648927372764654,0.04967595034692592,0.05245136690109202,0.26617789512760026,0.05598206813690601,0.15275426814073234,0.18902977124543344,0.07736063643850578,0.03996552901256246,0.0,0.050113240922595136,0.0
2010-11-02,0.06418851615234174,0.04779469077155038,0.05028277033513953,0.25733367717532496,0.05425227726085679,0.1491527888464706,0.1812690025348666,0.07426773063917066,0.038382048005702336,0.03486928248889578,0.04820721578968051,0.0
2010-11-03,0.06428591595916562,0.047406485435462706,0.05020269691366466,0.25755038351011744,0.05393882862329107,0.1490438939288454,0.18050684984283563,0.07484678479278388,0.038678406929846046,0.03493818386640892,0.048601570197578714,0.0
2010-11-04,0.06459435477060278,0.047618158813001146,0.05096878373942448,0.2586791301584382,0.05255488602881995,0.14843761883183332,0.18008694619851,0.07421106060674375,0.038687362042019044,0.03516503558344197,0.0489966632271655,0.0
2010-11-05,0.06827848221731438,0.05305231195906508,0.053667504952901554,0.25154027855289385,0.05306222595478025,0.1430674783712784,0.18827281717199887,0.06662059890606871,0.03669379098510211,0.03593233140108535,0.04981217952751133,0.0
2010-11-08,0.06864589272392485,0.05285346012726143,0.05350447034045079,0.24908958627137798,0.05204075648733219,0.1430265164844798,0.1905721080859284,0.06716827893024395,0.03637171723234032,0.03656226158027929,0.05016495173638097,0.0
2010-11-09,0.06873391756733775,0.05273879253506201,0.05335949979873284,0.2505043447884628,0.05251286964362052,0.14381626953579854,0.18944296866167842,0.06681107187194882,0.035488710708341184,0.0365781477074795,0.05001340718153766,0.0
2010-11-10,0.06905832197838074,0.05303368755880414,0.05340601891428552,0.2484827796188399,0.0539543629065579,0.1495011617771999,0.18953350279100084,0.06574863389551884,0.034275480755161444,0.036884052993298624,0.046121996810951936,0.0
2010-11-11,0.07052576144818896,0.053842911745850555,0.05408588876997713,0.2512876641730649,0.05455490821294216,0.1508526141237065,0.18062046074056834,0.06581844316830558,0.03444525023652267,0.03661938428418914,0.047346713096684104,0.0
2010-11-12,0.07063325618619999,0.05375079122436268,0.05387861148798989,0.25303732315867483,0.05487716474828275,0.15011106675060773,0.178670126785567,0.06615966084536833,0.0346998014541887,0.03680781963260173,0.047374377726156394,0.0
2010-11-15,0.0774826144384049,0.058599431038016264,0.05586397531975129,0.2697729875275198,0.0,0.15767198670120477,0.19054309872447003,0.06546313605726169,0.03386239308793664,0.0382112716103473,0.05252910549508733,0.0
2010-11-16,0.07744322639419911,0.05904061269006674,0.05579860409137199,0.25951662822087174,0.05848088604083791,0.14960766441602963,0.18957110169726257,0.06480220421854892,0.03360428341967875,0.0,0.0521347888111326,0.0
2010-11-17,0.082372337313579,0.06214641227721528,0.05885039230542213,0.28255676903050786,0.0,0.1622444950097766,0.19098615400481533,0.07019394370108398,0.03681245721894133,0.0,0.053837039138658366,0.0
2010-11-18,0.07902342725718528,0.05868219862886905,0.05539544080827031,0.26847054578284346,0.058151918124861916,0.15137383618152328,0.17920025752727206,0.06519982627146131,0.034431448697299756,0.0,0.050071100720413736,0.0
2010-11-19,0.0789653434368541,0.05785901621804342,0.05517066403754377,0.27466464204529656,0.059010274941383056,0.15411952723754319,0.1693129321409168,0.06583754036472816,0.03379320984473632,0.0,0.051266849732954485,0.0
2010-11-22,0.07958576611485259,0.05780787800793617,0.05533927234121067,0.27454455008156936,0.05917212974882561,0.15318472036677414,0.16945917090931004,0.06588333990116337,0.03371710314392481,0.0,0.0513060693844332,0.0
2010-11-23,0.08003667976778693,0.05746825475141271,0.055656711829411204,0.28004676200725237,0.06104167924587721,0.15431420409255606,0.1623340328758978,0.06470757308817195,0.03321309577754496,0.0,0.051181006564088694,0.0
2010-11-24,0.08493739601953046,0.058403370950542176,0.05659569635983314,0.3178125056996528,0.0,0.16679214584714488,0.15749553174562386,0.06855679995285785,0.035103201041821734,0.0,0.05430335238299307,0.0
2010-11-26,0.0797819950072547,0.05524169686585039,0.05295350216157643,0.29364168557734505,0.06308847704590477,0.15581057943277568,0.14888300070499275,0.06577502889463746,0.03360464824798442,0.0,0.051219386061678335,0.0
2010-11-29,0.08069616188538295,0.05448805929846247,0.05089919889669913,0.27644176748005583,0.05996950788841886,0.15015489328832654,0.14530932518187803,0.061656435828961145,0.030897254290562046,0.0388942733945734,0.05059312256667939,0.0
2010-11-30,0.0845106607297515,0.0563831040554349,0.052800341535675976,0.2878023485961515,0.062317593516959216,0.1561031582581464,0.1508437543789234,0.0641372929970766,0.03212850810978929,0.0,0.05297323782209111,0.0
2010-12-01,0.08166975083974828,0.05364624963456528,0.05050644475312927,0.2770433031097555,0.05996511937149634,0.1528973145928339,0.14433073759924797,0.06068774867145776,0.030268127889226025,0.03789845780091013,0.051086745737629335,0.0
2010-12-02,0.08552333859207072,0.05617331752658896,0.053192718002545714,0.2910306139989023,0.0,0.16893444102453753,0.15119582648138846,0.06555720012028808,0.03266220979906444,0.039986227131503876,0.05574410732310974,0.0
2010-12-03,0.08491309946609059,0.055620326886965395,0.052824078297094144,0.29108097946303474,0.0,0.16961866284410004,0.1518818520292727,0.06581904802432885,0.032806727357845206,0.04006779156376243,0.055367434067505876,0.0
2010-12-06,0.07899338538852071,0.05168640764949755,0.049125949454875965,0.27770059034928946,0.06197868906253005,0.15911316078082183,0.14174524013770096,0.06010382847209884,0.030461397395328556,0.037204484624283087,0.05188686668505312,0.0
2010-12-07,0.08488923995170745,0.055429163256545184,0.052749459783361596,0.29433301025609115,0.0,0.16694171390818946,0.15245287429257118,0.0644438041809282,0.03236460708995539,0.04060112108324416,0.055795006197406224,0.0
2010-12-08,0.08824964271750917,0.057865568567459884,0.055447812475662,0.2807820515422442,0.0,0.1652318877225062,0.15678511036820247,0.06434037534939513,0.03159917613766012,0.041584004085497894,0.058114371033863015,0.0
2010-12-09,0.08864615789649592,0.05820943050867207,0.05553620100854809,0.27961739810053704,0.0,0.16494461262438453,0.1566451947227846,0.06515579758081343,0.03175067715115664,0.041805001465392747,0.057689528941215144,0.0
2010-12-10,0.08874806471968463,0.0582726985997152,0.05554184810305134,0.2794025596260169,0.0,0.16473527256911238,0.1565342413401547,0.06521871218013475,0.03176887516849276,0.0420755619743147,0.057702165719322907,0.0
2010-12-13,0.08865139994959978,0.058414523689289836,0.05565777902045339,0.27931605638972473,0.0,0.16407871296479265,0.1567196815046922,0.06532439279109452,0.031764499681313334,0.04235637589867054,0.057716578110369086,0.0
2010-12-14,0.12340283785798259,0.08108113011796599,0.07741058241930907,0.0,0.0,0.22803201394865558,0.2158337009313543,0.09088965959459082,0.04379556112033553,0.0591981273861243,0.08035638662368183,0.0
2010-12-15,0.1624916886905756,0.10571677382655262,0.10055466100076127,0.0,0.0,0.0,0.27542233171445096,0.1168575663530335,0.056278160891491305,0.07659217888082194,0.10608663864231278,0.0
2010-12-16,0.12564022358376226,0.08109500868032393,0.07690704268036332,0.0,0.0,0.22773352467761968,0.21250868788581082,0.0901047878599833,0.043055429477604025,0.06009344233173548,0.08286185282279714,0.0
2010-12-17,0.09127245190184813,0.05868594347312118,0.0556905279476213,0.27678319401147666,0.0,0.1628550193874438,0.15442750451849474,0.06499797351068028,0.031180734570142137,0.043458909353746036,0.06064774132542587,0.0
2010-12-20,0.09352430683656793,0.059692045121409715,0.05649935759999362,0.2699416036815238,0.0,0.15881759530192793,0.15674714532697812,0.06574167458960418,0.03157226036972872,0.04396302382591989,0.06350098734634597,0.0
2010-12-21,0.09692950586092314,0.0612596077148039,0.056404353818476784,0.2690887438160868,0.0,0.15660790830247406,0.15496838909940244,0.0646229322900105,0.03115430058549458,0.043795663789521364,0.06516859472280641,0.0
2010-12-22,0.09677014393154651,0.060920153717316225,0.05566528749694743,0.2707242608186094,0.0,0.15746271599137845,0.15423331937517012,0.0643485867978716,0.031010486511775265,0.043656439884806664,0.06520860547457841,0.0
2010-12-23,0.0965560737986024,0.06085592734977733,0.05562163963491685,0.2721896397215031,0.0,0.15738792442470786,0.1536161943529181,0.06441758660955837,0.03094550238896762,0.043516615524434636,0.06489289619461357,0.0
2010-12-27,0.09657668404352023,0.0608663132075995,0.05561986395124807,0.2714348061392154,0.0,0.1573352177616248,0.15378511510065299,0.06434863885439435,0.030935937710977128,0.04400177549001932,0.0650956477407484,0.0
2010-12-28,0.13254503686225275,0.08358756759333542,0.07613202026720901,0.0,0.0,0.21572243191423918,0.21210416139860822,0.08803930741428942,0.042364236618737575,0.06118880968137846,0.08831642824994991,0.0
2010-12-29,0.09808113284358008,0.06210298092700218,0.056843590233912646,0.26245391852260497,0.0,0.15717606826626776,0.15684966134588177,0.06429045752651244,0.03101142719705948,0.04587048392030386,0.06532027921687494,0.0
2010-12-30,0.10081658317498654,0.06372065941693214,0.057296498123752156,0.25274207196160803,0.0,0.15588463558506255,0.1596201511113559,0.06530092016648724,0.03151931415242047,0.046531160421442105,0.06656800588595285,0.0
2010-12-31,0.10509881716652006,0.06590390997780875,0.057383498227041946,0.24948433298301412,0.0,0.15420295066383005,0.1581444327867467,0.0658259709232934,0.03160954844842883,0.04561879635626996,0.06672774246704617,0.0
2011-01-03,0.10539703729273667,0.06621689596539755,0.057425022003660876,0.24602763920667892,0.0,0.1569605115767013,0.1585982422386611,0.06554787132531328,0.03170955775193536,0.04506547897508522,0.06705174366382964,0.0
2011-01-04,0.10435210757157037,0.06616979719638488,0.05759773501717579,0.24645421930104056,0.0,0.15613662242444037,0.159042483650873,0.06613662232390777,0.03231737572393529,0.04601114657675036,0.06578189021392174,0.0
2011-01-05,0.10492372386563856,0.06648663142871383,0.05812728517255797,0.2485048882852764,0.0,0.15652848122474713,0.15910037526038007,0.06419953854433454,0.0321858683521859,0.04563647713372213,0.06430673073244339,0.0
2011-01-06,0.10550348006626799,0.06690312139746638,0.05854628236528665,0.2457554853769211,0.0,0.15510407791203856,0.16023203937241096,0.06473048943626417,0.03222218257455503,0.046230744837274136,0.06477209666151493,0.0
2011-01-07,0.10556393530739788,0.06643430313154042,0.05835821688868725,0.2463438217178527,0.0,0.15528656550793432,0.1607085858831154,0.0648340009907375,0.03223953471239456,0.04555689341093373,0.06467414244940599,0.0
2011-01-10,0.10624929868431217,0.06699576793468373,0.05914029859917435,0.24394342469176714,0.0,0.153839114060897,0.1602738884346261,0.06598512487410738,0.03249719504780685,0.04588863634021193,0.06518725133241345,0.0
2011-01-11,0.10600799211572626,0.06679859355132335,0.058458179049096524,0.2432583962204242,0.0,0.15606214052293763,0.16098333875401707,0.06564023977274963,0.03250546805918442,0.04544413144482768,0.06484152050971323,0.0
2011-01-12,0.10579521180134539,0.06656627491922373,0.05806432012779453,0.24297822178165823,0.0,0.15808542600817763,0.1603372081131225,0.06568920462116909,0.03241087207436003,0.04533224225037693,0.06474101830277196,0.0
2011-01-13,0.1045966745508983,0.0643288996378628,0.056743411486800586,0.24518826597739177,0.0,0.16062861599173206,0.15983184111764015,0.06545906756829034,0.032305005556068356,0.04582134300993877,0.06509687510337682,0.0
2011-01-14,0.10697199264838107,0.06566772832561978,0.058886552117464255,0.23892351447772034,0.0,0.15719444314113395,0.15767876613742118,0.06865380391866344,0.03244194277796943,0.04870254964476774,0.06487870681085892,0.0
2011-01-18,0.10712112669742099,0.06669809924648643,0.05931416219561442,0.2374721222938323,0.0,0.15545397658790255,0.15723565551346327,0.06815844021045829,0.032373121099095944,0.04971607187639907,0.06645722427932661,0.0
2011-01-19,0.10679112742751978,0.06652317421710598,0.05911234400191649,0.23705870071028035,0.0,0.15530260896464235,0.15700030855818004,0.06888628947233393,0.03289214686782515,0.05049352075477616,0.06593977902541978,0.0
2011-01-20,0.10465801258881009,0.06644703675458301,0.059043473392296285,0.23781709948397892,0.0,0.15588680671878483,0.15764653735718875,0.06908445252568811,0.03297298201448054,0.051137114521846765,0.06530648464234258,0.0
2011-01-21,0.10527991883933772,0.06654181058635847,0.05936169634847538,0.23686385056824658,0.0,0.15694854544887146,0.15910531936242092,0.06802348573062997,0.03206042724533417,0.050049575781132886,0.06576537008919256,0.0
2011-01-24,0.10539879494855525,0.06674317705403986,0.059048903836280024,0.23554939938640973,0.0,0.15840483562454938,0.15849969736864616,0.06808184105654155,0.03209972450424136,0.05009516420711383,0.06607846201362277,0.0
2011-01-25,0.1052164280347777,0.06670420146652753,0.05975753467532031,0.2356774458045572,0.0,0.15838831164035336,0.15828263968896622,0.06836473757090104,0.03189818277594107,0.04960641799860221,0.06610410034405337,0.0
2011-01-26,0.10536924516267182,0.06695766729074967,0.05980687320488627,0.23520294088574545,0.0,0.15802847621224886,0.1584187596033596,0.06933602277475533,0.032003465224997356,0.04902430821028206,0.06585224143030358,0.0
2011-01-27,0.10556868438283874,0.06701316076905432,0.05975233649027466,0.23504844173568323,0.0,0.15706173916684243,0.15868939544713062,0.06975893228556908,0.03226574041380317,0.04881352420106062,0.06602804510774306,0.0
2011-01-28,0.10608157286473721,0.06743184177412,0.06036848748679619,0.23536347310703692,0.0,0.1575478076335667,0.1597656093539504,0.06723547769358505,0.032130143539499605,0.04845855113586368,0.06561703541084439,0.0
2011-01-31,0.10225945364993487,0.06713442748464216,0.05860192893795968,0.2393129824399701,0.0,0.16142580714514226,0.16084973899553964,0.06676913826771777,0.03199207652648768,0.04614368829706193,0.06551075825554391,0.0
2011-02-01,0.10211334075469539,0.06725712999784321,0.05857209917806338,0.239614065558204,0.0,0.16217285655859875,0.16041085228756793,0.06717082715999928,0.032115224325778007,0.0454979192164741,0.06507568496277619,0.0
2011-02-02,0.13166941906049506,0.08500924709439069,0.07399210820729196,0.0,0.0,0.21405306425561493,0.21700551539952548,0.09242012847975146,0.042581788744093955,0.05800005230639849,0.08526867645243813,0.0
2011-02-03,0.13142132699267492,0.08502052132873253,0.07370898965745398,0.0,0.0,0.2142026765989312,0.21680525659093508,0.09233541057860531,0.04279116447620524,0.057934226758254125,0.08578042701820769,0.0
2011-02-04,0.16710799787675845,0.10830046913511654,0.09366214462503572,0.0,0.0,0.0,0.2765806536974077,0.11652628913723927,0.055111523101964204,0.07358091426380314,0.10913000816267485,0.0
2011-02-07,0.13028278044178007,0.08415235343077077,0.07276212825315212,0.0,0.0,0.2132591634383649,0.21268336742700053,0.09144115438193277,0.043535761902547286,0.05631740471742185,0.09556588600702953,0.0
2011-02-08,0.1631036974946681,0.10563566812991562,0.09160415585095329,0.0,0.0,0.0,0.2762469692231389,0.11632691426442941,0.054966046835689966,0.07157105407487357,0.12054549412633106,0.0
2011-02-09,0.12868217520036354,0.08345251683709498,0.07239976226661249,0.0,0.0,0.21109012885314635,0.21951069315672883,0.09057900856288874,0.042531997644013865,0.056339697730551586,0.09541401974859953,0.0
2011-02-10,0.1645745316206081,0.10428769116822938,0.09028185649793523,0.0,0.0,0.0,0.27017908230700666,0.12099489875299016,0.05676570011837485,0.07309180130689842,0.1198244382279572,0.0
2011-02-11,0.1290448017273396,0.08133582440656145,0.07037440257015633,0.0,0.0,0.21439680067758232,0.21220463192885192,0.09553849560858109,0.04506056220986563,0.05723063608153401,0.09481384478952763,0.0
2011-02-14,0.1303395026877484,0.08145829500069457,0.06938284940551541,0.0,0.0,0.20502246753739997,0.21792157396951928,0.09240981606403101,0.043026159875379416,0.056072222453073785,0.10436711300663802,0.0
2011-02-15,0.13784236006145195,0.08620873225361998,0.07331868059842579,0.0,0.0,0.21665653951946176,0.23257033193010762,0.09771066312255318,0.04499249041076265,0.0,0.11070020210361715,0.0
2011-02-16,0.13709909803625953,0.08714592719964401,0.07326562589961845,0.0,0.0,0.20919939283514039,0.24419203550032637,0.09559992856226081,0.046135056708445046,0.0,0.10736293525830552,0.0
2011-02-17,0.12896330088444782,0.08150700078828511,0.06890200795491468,0.0,0.0,0.19868882931169513,0.23072881021404087,0.09027834647872698,0.04371716999965571,0.055672693446431214,0.10154184092180238,0.0
2011-02-18,0.12758495897718447,0.08148326720096141,0.06806497668187808,0.0,0.0,0.19910372666973053,0.2369480821370029,0.08958520265794007,0.04227818343200159,0.05462537340528617,0.10032622883801454,0.0
2011-02-22,0.12694620012046604,0.08380602171268293,0.0678759250205924,0.0,0.0,0.18638609835242445,0.2650820888990591,0.08429763335473577,0.03937064951870934,0.051107686294550383,0.09512769672677948,0.0
2011-02-23,0.12175376550526401,0.0805160697459154,0.0674951977155928,0.0,0.0,0.19718940633215756,0.25755185584799817,0.08631333046565876,0.04033549057209342,0.04844687969681207,0.10039800411850766,0.0
2011-02-24,0.12333643569950568,0.08204068504954766,0.06944842906172465,0.0,0.0,0.19505235152024458,0.25941170656200285,0.08534220253115682,0.04082302833584485,0.04639847827175428,0.09814668296821856,0.0
2011-02-25,0.09791564139221462,0.06586972279014235,0.05537858780895148,0.20694126919877964,0.0,0.15496066832849684,0.2066776570183605,0.06741820969144353,0.030835897952562603,0.03680612856249352,0.07719621725655489,0.0
2011-02-28,0.09800508293462293,0.0667434321857836,0.05546228350379482,0.2066897269045328,0.0,0.1542376965236401,0.20734131118510288,0.06889806237837648,0.030561724114399894,0.037224933267096444,0.07483574700265,0.0
2011-03-01,0.10339320633345697,0.06941573917209994,0.056953990280703644,0.20544909664485608,0.0,0.14988956079164853,0.2125542786611822,0.06698964284118925,0.029673662894154088,0.03706538557935177,0.06861543680135751,0.0
2011-03-02,0.09978346341088384,0.0707027726777913,0.058911106731262965,0.2084596307076989,0.0,0.15201788222557228,0.21377712350268632,0.06589265376504315,0.029779330797271825,0.03656429148925782,0.06411174469253163,0.0
2011-03-03,0.12602054752665828,0.08982211425533951,0.07335196718420732,0.0,0.0,0.18987226656904685,0.2701301300218893,0.08692994166418624,0.037913075291086,0.045782323321672584,0.08017763416591402,0.0
2011-03-04,0.12079599293617405,0.08974793721841821,0.07197791136168236,0.0,0.0,0.19482950357598816,0.2712041376754689,0.0867193829389963,0.03878905027302393,0.046204719482850966,0.07973136453739711,0.0
2011-03-07,0.11768468017867757,0.08775963194203251,0.07134947501367132,0.0,0.0,0.20061880757510914,0.271449505191087,0.0884098864812817,0.03957779178818719,0.045032086420578966,0.07811813540937479,0.0
2011-03-08,0.1149896365486414,0.08597143669622158,0.06996772276129447,0.0,0.0,0.20324894210428257,0.2736925931755855,0.08933238317303653,0.03940341516134139,0.04466830709776774,0.0787255632818288,0.0
2011-03-09,0.08868654929298496,0.06691469781375488,0.053865543566708474,0.22161934937596042,0.0,0.15849795993362512,0.21439014439575654,0.06957527661133735,0.03069609260663309,0.03476842381036263,0.060985962592876725,0.0
2011-03-10,0.08918699465849977,0.06711597706031122,0.054079429659527625,0.22197184853640306,0.0,0.15883186063939703,0.21207040920997142,0.06977969777402304,0.03080788688022036,0.03489205288408964,0.06126384269755683,0.0
2011-03-11,0.0850284777381866,0.06466751575714168,0.05217559005629303,0.2233485976814103,0.0,0.16159751558745922,0.215543931185155,0.07007306520711606,0.0313450569723831,0.03527085942352431,0.06094939039133085,0.0
2011-03-14,0.08319156000846767,0.06365545288095187,0.051016527736815975,0.22884261661267324,0.0,0.16296884492345193,0.21611193443871302,0.06890538444166656,0.030691811952651048,0.03438225412006448,0.06023361288454434,0.0
2011-03-15,0.0824133345695977,0.06236969453596162,0.05141458146322441,0.22850241135553448,0.0,0.16657747474592413,0.21441211906322946,0.06931151965336438,0.031063634503737208,0.03414649414165483,0.059788735967771886,0.0
2011-03-16,0.08182088378033259,0.06084281032818091,0.05118593465506178,0.2320666423638209,0.0,0.17079315502663367,0.21174422439204083,0.06777866203308415,0.030178907213854144,0.03328850568560694,0.06030027452138401,0.0
2011-03-17,0.0782522172950252,0.057014444994456376,0.05038720963151615,0.24005782094900366,0.0,0.17769742755126014,0.20453267418985044,0.06838088113367062,0.03037809099606852,0.03352546202339757,0.05977377123575121,0.0
2011-03-18,0.07846028757203251,0.05413951159830247,0.05122668357224711,0.24584475529961053,0.0,0.1821367462291113,0.19130875807398406,0.07021188680922738,0.03114707351244499,0.0338765089754282,0.06164778835761138,0.0
2011-03-21,0.07883459149362557,0.053809440282480636,0.05194702843015336,0.24700679977692278,0.0,0.18280154374560778,0.18933623181196255,0.0696029268079233,0.030960230673471464,0.03392102195950407,0.06178018501834844,0.0
2011-03-22,0.07760584276243039,0.0525885179257409,0.05152296153287293,0.248619812378565,0.0,0.1836690892703552,0.1880157422261911,0.07034755516496755,0.030928609393422832,0.034402256737347696,0.06229961260810628,0.0
2011-03-23,0.07743037278796469,0.052520879639144306,0.051462420734053126,0.24986963248527025,0.0,0.18324914408565474,0.18790572451598728,0.07037579527197876,0.030905274884589374,0.03414667781104103,0.06213407778431643,0.0
2011-03-24,0.07732222156816874,0.052500116780034786,0.05096724395817473,0.2519084532800394,0.0,0.18333318668156937,0.18731449339206382,0.0698089549214987,0.030595379500778213,0.03417346800193625,0.06207648191573589,0.0
2011-03-25,0.10129205229515698,0.06880832275650221,0.06696303071770225,0.0,0.0,0.25273887317115545,0.24777663673279418,0.09409252090404734,0.041008958511259484,0.045211964822454404,0.08210764008892789,0.0
2011-03-28,0.10005435087982577,0.06774540851770679,0.06674925372383773,0.0,0.0,0.25992735233095937,0.24630808493038497,0.09311185009268937,0.04057344037399515,0.04470138206009397,0.0808288770905067,0.0
2011-03-29,0.09998948214240704,0.06784504549438602,0.06673998234537747,0.0,0.0,0.2599203181953741,0.24634736322211015,0.09308200081686958,0.040546927172803754,0.0446993923419572,0.08082948826871474,0.0
2011-03-30,0.09983334445239568,0.0680574555928698,0.06661477141604363,0.0,0.0,0.2563887109730447,0.2472932902677127,0.09479714502349942,0.04073762985519845,0.04526368263004295,0.08101396978919276,0.0
2011-03-31,0.10032319710341103,0.06767432918983016,0.06625022678330014,0.0,0.0,0.256627450456093,0.2467013308351044,0.09481309142872764,0.04071625672478547,0.045155221981060964,0.08173889549768709,0.0
2011-04-01,0.09926720131154392,0.06692730534609788,0.06538709636929235,0.0,0.0,0.2521365920337197,0.24707416849703154,0.09960418875951016,0.04127334195083741,0.04499489159360759,0.08333521413835947,0.0
2011-04-04,0.07122152502854293,0.04782649861871183,0.04628079666649587,0.278300631638449,0.0,0.18591530695501282,0.17736894197349531,0.07124716062669553,0.02985104321517144,0.032220987945117664,0.059767107332307605,0.0
2011-04-05,0.09919076385861253,0.0671190921752761,0.06461473383994878,0.0,0.0,0.258067776068618,0.24088967350291066,0.09921635040961826,0.04144797160985675,0.04550687959324027,0.08394675894191861,0.0
2011-04-06,0.09866898389090589,0.06675660882476357,0.06453999839086211,0.0,0.0,0.2617798248667211,0.24231610193097947,0.09607869850365076,0.04123015530120135,0.045192146125074314,0.0834374821658416,0.0
2011-04-07,0.09883255318662151,0.06670223239038074,0.0650391826322357,0.0,0.0,0.26029255989567285,0.24253050687876393,0.09632418261555471,0.041297939597732876,0.045392030413509754,0.08358881238952781,0.0
2011-04-08,0.09863172320180154,0.0665992153862797,0.06525630988962944,0.0,0.0,0.25945387416421356,0.24419963405041395,0.09646322222074576,0.04146557130543291,0.04547459535552109,0.08245585442596207,0.0
2011-04-11,0.09906901664433339,0.0680122154353568,0.0664878886634995,0.0,0.0,0.2589774731174154,0.24416324536256087,0.09581328649120638,0.040877040671933526,0.04471192306365187,0.08188791055004205,0.0
2011-04-12,0.09856442690436293,0.06772398930758741,0.06596557155542256,0.0,0.0,0.26212464405801644,0.24287078231284576,0.09616251230624473,0.04173600269857495,0.04325697288069623,0.081595097976249,0.0
2011-04-13,0.07115981698632047,0.04881636879587373,0.04677978750038367,0.2773003127759652,0.0,0.19158119449149064,0.17425678776973227,0.07006755476431689,0.030303868196653174,0.030543325611738045,0.05919098310752598,0.0
2011-04-14,0.09880759042334127,0.06789649618704337,0.06473631137649259,0.0,0.0,0.2654550914262975,0.23853421353988372,0.09749972654902936,0.042106092054404104,0.0423660733035793,0.08259840513992905,0.0
2011-04-15,0.07255147789116763,0.04930130556234324,0.04706130044890114,0.2781435785568883,0.0,0.19127087057097444,0.17187625071843507,0.06937958168837116,0.02988175218944339,0.03065263131453964,0.05988125105893588,0.0
2011-04-18,0.07202214681175086,0.04921240667205097,0.047101980631809134,0.27785338645672253,0.0,0.18918102964407274,0.17140493113424207,0.07206778004908251,0.0314174504566763,0.03095725180403742,0.05878163633955546,0.0
2011-04-19,0.0709068234080858,0.048100127294374594,0.04582670543535861,0.28172751517937117,0.0,0.189473234599888,0.17137320672972972,0.07208000410880054,0.03148556602228727,0.03067462970476315,0.0583521875173413,0.0
2011-04-20,0.07106375319676048,0.0483700914486823,0.04560347767201524,0.2808581368575737,0.0,0.1893639462883221,0.17070310873831482,0.07266927980931003,0.032052605482913624,0.03097917421280554,0.05833642629330224,0.0
2011-04-21,0.06946660383574661,0.046642703490459174,0.04447004657341534,0.28390514446227566,0.0,0.19282438552329698,0.1691683632481084,0.07265623369911982,0.03190013161154751,0.030736175046522003,0.05823021250950856,0.0
2011-04-25,0.06849014244318131,0.046035974125235066,0.0438937293158314,0.2869882640919716,0.0,0.19662858497427582,0.16685020340870013,0.07207685209137453,0.03127035814875405,0.03043685579943793,0.05732903560123832,0.0
2011-04-26,0.06772141558787792,0.045521561446002314,0.04325750937890731,0.28504868828673496,0.0,0.19464971374900222,0.16478795371722543,0.07908413956014794,0.03170177413450737,0.03065797083045537,0.0575692733091391,0.0
2011-04-27,0.06961768620717063,0.0464813187631335,0.045360065471197725,0.2771858531553215,0.0,0.19026625682330048,0.16847018130923785,0.08177735581404512,0.030399168585588558,0.03188449366748081,0.05855762020352364,0.0
2011-04-28,0.06961798885629254,0.046222151132503005,0.04545726302235603,0.2786213822056434,0.0,0.19129169010066072,0.17125656315589713,0.07810567864359529,0.028109382342644096,0.03228487510624399,0.05903302543416365,0.0
2011-04-29,0.07136977277347781,0.04731912080007997,0.04636624136402302,0.27809948885904795,0.0,0.1896599320485276,0.17079017876693062,0.07800834711270367,0.028017032503478815,0.03234738828389783,0.058022497487832704,0.0
2011-05-02,0.07149445446679374,0.04729133376732193,0.0465490543939112,0.2794420950684057,0.0,0.19063283967393468,0.17053856810730997,0.07584629389632791,0.02801678405981189,0.0323657581421345,0.05782281842404846,0.0
2011-05-03,0.07105263408731773,0.046935038161935616,0.04629802904149807,0.28791156373521687,0.0,0.19066308234151969,0.1694713973985315,0.07416168336942075,0.023852013185756058,0.03215186067625621,0.05750269800254751,0.0
2011-05-04,0.07013651892861411,0.0462042717501575,0.04442899321239956,0.2942022846339423,0.0,0.1909459053427954,0.169657889433041,0.07341993143670685,0.022421506010946064,0.031828994455110955,0.05675370479628618,0.0
2011-05-05,0.06552612272042029,0.043083497309827495,0.040957720705970854,0.27429528842392303,0.06895095951589099,0.17879177055956164,0.15913822888968818,0.0662224755703994,0.019954280404540847,0.029801061836056224,0.053278594063720895,0.0
2011-05-06,0.06558883441001659,0.04263860641235328,0.04116412906369598,0.2829166687533694,0.07012883820968933,0.18284784519820613,0.15843067030473,0.06034321278555406,0.017338054952556626,0.024734642728949527,0.053868497180879105,0.0
2011-05-09,0.06495092159527276,0.04230445446842512,0.041722057469469644,0.28138703632702383,0.06975298821061192,0.18756188503308663,0.1587289529086446,0.05901999391427106,0.017139547263294454,0.024465345781715223,0.05296681702818458,0.0
2011-05-10,0.06876515933705102,0.044860358735230574,0.044513413986095395,0.3072988476201111,0.0,0.2062930689294053,0.16827901801534642,0.06159367371509375,0.01744071503761745,0.02482429707497266,0.05613144754907634,0.0
2011-05-11,0.06331131785155929,0.04130451719831166,0.04119036078089229,0.28881795885190664,0.07129968853455813,0.19084505485050443,0.15580019193237926,0.057154621822933405,0.01613996609962936,0.02305364102996374,0.051082681047361904,0.0
2011-05-12,0.06774577400209877,0.04384573011271431,0.04354317194668469,0.31223013347534145,0.0,0.20696675477750068,0.16867553699952814,0.061334430346870125,0.01655737358132534,0.024246307633236312,0.05485478712470024,0.0
2011-05-13,0.06306339218605976,0.040859118407980094,0.04056873889873646,0.2882773585858767,0.07138083547805038,0.1914667096729622,0.15784002406467726,0.05736219846318742,0.015298516030121218,0.02267711923796715,0.05120598897438141,0.0
2011-05-16,0.06327279425327607,0.040909331521684134,0.039909116156968724,0.28946233467793553,0.07135088460232213,0.19221297266176907,0.15639256672030252,0.057360885240650264,0.015303469897381497,0.022827300764399972,0.050998343503310145,0.0
2011-05-17,0.0630568997958866,0.04095607673878397,0.039944184937762105,0.2902746265992753,0.07118226301295286,0.19154444605533485,0.15662470232063871,0.05752681402191304,0.015192413621261164,0.022670894135333904,0.05102667876085753,0.0
2011-05-18,0.06306573286409001,0.040955144750324156,0.039976504849305504,0.29049490594048544,0.07050595615115654,0.19150676895781496,0.1571971068981385,0.0573349418899194,0.015240725904079377,0.0226792326526776,0.051042979142008435,0.0
2011-05-19,0.06454082624938257,0.041891222983193706,0.04091345087205017,0.28899866265081037,0.0688684143300282,0.18660443912340066,0.16374740491145653,0.05623105861286053,0.014840887503215536,0.0232840730119575,0.05007955975164425,0.0
2011-05-20,0.0648525653081288,0.04179581914564575,0.04075925661278854,0.28780189647873017,0.06887444188277644,0.18689738774744388,0.16354766866060377,0.056551266567511714,0.014847263530421227,0.023694413856329314,0.050378020209620206,0.0
2011-05-23,0.06436874256440063,0.04139251055029393,0.04067037485702477,0.2882139659446889,0.06932797308262725,0.18694658847863496,0.16367037646725702,0.05633332254924504,0.015125543299512802,0.02389068268945089,0.050059919516863914,0.0
2011-05-24,0.06383845094582616,0.04037906507378909,0.039816528451307336,0.29087918056433804,0.06915078836059929,0.18962989501105815,0.16033112188690649,0.05626219320929028,0.015263450281004528,0.023656076139585782,0.05079325007629498,0.0
2011-05-25,0.0636571601152397,0.0401726410575975,0.039378942692936396,0.2904323418854238,0.06852159103161018,0.18905931615442748,0.16163364458034507,0.05573938777748862,0.014969397222053989,0.023346972218479128,0.053088605264398125,0.0
2011-05-26,0.06547955790812279,0.04008876908629363,0.03922696928560356,0.2885210275330068,0.06759010599174375,0.18597267436231213,0.16050459786587568,0.05671859375844621,0.014773810917867792,0.023466365991289068,0.057657527299438696,0.0
2011-05-27,0.06487155227450846,0.0396723481781437,0.03899018846319006,0.28739085567240263,0.06938227338466464,0.18909307086897845,0.1592530662925256,0.056262709202532436,0.014651210317595295,0.023498303856535077,0.056934421488923845,0.0
2011-05-31,0.06585248778126501,0.03886965070650044,0.03851918294608582,0.2933566122645832,0.06893075960701948,0.1897795535559167,0.15554474111854913,0.05555728822075704,0.014274263558577666,0.02288813648297556,0.05642732375777001,0.0
2011-06-01,0.06504924824379954,0.037948167522975015,0.037803064633698334,0.2960597973703678,0.06913270706774678,0.19105573570096898,0.15457861813261795,0.055612630849256287,0.014313034906183119,0.022932113022277056,0.05551488255010912,0.0
2011-06-02,0.06288519510803661,0.038220671518015184,0.03875345768116961,0.2922693604531289,0.0702825445063372,0.19500424757979332,0.15465584661263174,0.0574021696085735,0.01451674431076285,0.02341991386668058,0.05258984875487058,0.0
2011-06-03,0.06598003606518679,0.039665358258224696,0.040430765594543075,0.2881319564584892,0.06888218581568119,0.18206604763007925,0.16068350714398733,0.05961146052250658,0.015057903270804305,0.024313638024853337,0.05517714121564424,0.0
2011-06-06,0.06483723100890627,0.039490662534508655,0.040195284007372295,0.2891057993064757,0.06911219509426428,0.18493832390764164,0.1589392422386865,0.059269094790340454,0.014991993815798329,0.02421967622697911,0.05490049706902707,0.0
2011-06-07,0.06564553091369316,0.039634715271993776,0.04077607768131561,0.29089384560258524,0.06964479620519003,0.18286167611735302,0.1588058887776337,0.05929050176228764,0.014768433559037848,0.023734779954392517,0.053943754154517465,0.0
2011-06-08,0.06628505699497862,0.039580297829223156,0.04097851109943328,0.289588181894069,0.07016995933323207,0.1820371693593983,0.1591195810436225,0.05944454818937499,0.014832181886907115,0.023918986183519137,0.05404552618624203,0.0
2011-06-09,0.06650924951269764,0.039938568641755594,0.040939204523902484,0.2896762362877719,0.06973185658268699,0.18222073939419992,0.15838561504780177,0.059353477468028215,0.014841129891465327,0.02375507285408679,0.05464884979560334,0.0
2011-06-10,0.06682600123900134,0.040510303773637714,0.04124063006995287,0.2849148653257282,0.07126701902247852,0.17909937412453816,0.1613476659229817,0.061892520879205486,0.014907065127421525,0.024220343712215094,0.05377421080283948,0.0
2011-06-13,0.06776248833710052,0.04115602444701523,0.04072977644820483,0.2867568052854306,0.07137521255218396,0.1830451367341281,0.1592184707561196,0.06050854390409475,0.014599525004019212,0.023683205822668314,0.051164810709034725,0.0
2011-06-14,0.06835669653060668,0.043090017009555386,0.0402750260760734,0.2800735836814071,0.07051417889769791,0.17977417921060146,0.17144094058180046,0.05857203179186592,0.014162955501738237,0.023359375495557503,0.05038101522309585,0.0
2011-06-15,0.07614025912138525,0.0,0.0,0.3118537744102456,0.07713832062020315,0.20241226456190548,0.19217725882791964,0.06726071167407939,0.016145858435491534,0.0,0.05687155234876983,0.0
2011-06-16,0.09377105060043968,0.0,0.0,0.39138598999206653,0.09226508012080982,0.24858457825977814,0.0,0.08394875165371204,0.02023388192749821,0.0,0.0698106674456956,0.0
2011-06-17,0.07515736381547543,0.047141770797302966,0.0,0.3135375751073764,0.07382476073692647,0.19832304927291863,0.15270114109388366,0.06723099719934926,0.016206797924923067,0.0,0.05587654405184427,0.0
2011-06-20,0.07593302190212643,0.0473524068378412,0.0,0.31729139121907374,0.07429600036435367,0.200646697538124,0.14303295987913398,0.06824901183672431,0.016448353223480375,0.0,0.05675015719914224,0.0
2011-06-21,0.07279790183919117,0.045421739672634104,0.043773677197829076,0.3069738264910438,0.07124261838040648,0.1933245915781064,0.13211136026790252,0.0654338435375338,0.015611668786617332,0.0,0.05330877224873539,0.0
2011-06-22,0.07434374950122674,0.04670490034033213,0.0,0.3238835302145385,0.07463623256959284,0.20382773843546334,0.13559062250454165,0.06863069707214432,0.01638824190370344,0.0,0.05599428745845707,0.0
2011-06-23,0.07432231897027705,0.04663166516900136,0.0,0.3248585537038679,0.0749406550101614,0.20451248513086112,0.13281074343539845,0.0692941166581596,0.016458924494140673,0.0,0.0561705374281326,0.0
2011-06-24,0.07874102250750421,0.0,0.0,0.33789100352286205,0.0793211542487559,0.22190408498822067,0.13792589433816302,0.06992835352286576,0.017202239470824995,0.0,0.05708624740080336,0.0
2011-06-27,0.07439088049290357,0.0469169941458474,0.0,0.32178921642405517,0.07591384840281971,0.21376470249863275,0.13048590347182049,0.06504983881296313,0.016334806032186632,0.0,0.05535380971877104,0.0
2011-06-28,0.07055079067311909,0.04492913875324278,0.04415152047940371,0.3070888605859555,0.07073539252971704,0.20535826803980856,0.12537341634766475,0.06278284777236981,0.015652633332305616,0.0,0.053377131486412925,0.0
2011-06-29,0.07089344594213924,0.04602270052225443,0.04555757568365627,0.30031158063935154,0.07206335328481077,0.20189864709584204,0.1279250100662411,0.06468604849667285,0.016068391235447236,0.0,0.0545732470335845,0.0
2011-06-30,0.07114172582688019,0.045855577150311556,0.04616020039251755,0.29739874285920476,0.07254317623795838,0.20396416313469637,0.12633782846899966,0.06546633872434596,0.016227493172890718,0.0,0.05490475403219484,0.0
2011-07-01,0.07017603775716655,0.04529753909506594,0.04577154568052657,0.3011022489630168,0.072618068147482,0.20345397629458914,0.1239512762486483,0.06655086215521752,0.016258594977804627,0.0,0.05481985068048248,0.0
2011-07-05,0.06772971886479241,0.04476547878403866,0.04507184532919228,0.30685059039501483,0.07452223065098812,0.20456110843579448,0.12172250170829214,0.0655180343699103,0.01606115459287246,0.0,0.05319733686910426,0.0
2011-07-06,0.06856020130650774,0.04525018766587413,0.04558938928533718,0.302442955280985,0.0754420941474562,0.2055606135064729,0.12308599019183794,0.06386972391421325,0.015959916322093287,0.0,0.05423892837922241,0.0
2011-07-07,0.06662920252044947,0.043961769692768014,0.0441484586754897,0.2976440752767374,0.0734419270574271,0.1991791027713693,0.1194325591610509,0.0619122759807748,0.015560919872830432,0.025312208391579553,0.052777500599523304,0.0
2011-07-08,0.06827268257888175,0.04537536969208522,0.0455692819254183,0.300528478304162,0.07590284194936024,0.2063712900867212,0.12312757778829407,0.06455848656383328,0.016127722782148954,0.0,0.05416626832909514,0.0
2011-07-11,0.06923350774435716,0.04581352981573203,0.046751802733378055,0.2970437077155617,0.07603523347373871,0.2033845042435306,0.12490772442580692,0.06559264292115911,0.0163362325945912,0.0,0.05490111433214436,0.0
2011-07-12,0.07450483207145939,0.0,0.0,0.32923860748319045,0.08312958932021428,0.22631040085929294,0.1356913919045729,0.0729711515779538,0.018253038147917077,0.0,0.05990098863539908,0.0
2011-07-13,0.06726958493208124,0.044302622522551696,0.04546522955850913,0.29926901165354164,0.0752105478827587,0.20691498523180496,0.1231847427130306,0.06681740482013006,0.016682987710577548,0.0,0.054882882975014265,0.0
2011-07-14,0.06993976810937806,0.045533738021002794,0.0,0.316440824778815,0.07989990745931938,0.21925912394664712,0.12538997905167362,0.06941253691920685,0.016980954806052342,0.0,0.05714316690790491,0.0
2011-07-15,0.0683759234099764,0.044851446943818575,0.046311382820261614,0.30157945443105205,0.07494145515202638,0.20263415694783404,0.12206634753887403,0.06742579501951805,0.016474051449756007,0.0,0.055339986286882845,0.0
2011-07-18,0.07513116616997605,0.0,0.0,0.33251300657439525,0.08248583010344823,0.22256603008141784,0.13466014781154362,0.07401505484951215,0.018063578343075915,0.0,0.06056518606663086,0.0
2011-07-19,0.06926932352950518,0.045988784601527055,0.047945530480423396,0.30217680073940995,0.07442495009350998,0.1986602103150831,0.12290716927169719,0.06691842644924319,0.01638508362221137,0.0,0.05532372089738954,0.0
2011-07-20,0.06839519614140636,0.04620492016049442,0.04826773171385717,0.3047152183890092,0.07178094555750161,0.19798066277110096,0.12407548682823848,0.06664553684604968,0.01661907014860284,0.0,0.05531523144373929,0.0
2011-07-21,0.06882305059400874,0.04612961597349848,0.048671877645379454,0.30391988687419236,0.07089774434979781,0.19779922460909455,0.12488148575058165,0.0666283506689938,0.016622321476242253,0.0,0.055626442058210955,0.0
2011-07-22,0.06579782642151395,0.04380726203030124,0.0466469281515054,0.2990934722858187,0.06876866408841777,0.1941645083627656,0.12019249341215578,0.06415907649199142,0.016209790633191567,0.027238422312105236,0.05392155581023323,0.0
2011-07-25,0.06790699908391548,0.04536218705354081,0.04792705055606234,0.30603710103006626,0.07124535152954585,0.1975039085836903,0.12343455475623412,0.06792455160703265,0.01715271629850213,0.0,0.05550557950141007,0.0
2011-07-26,0.06652367852906364,0.04457573322073028,0.047192606871752495,0.2963723719402277,0.06923820607181158,0.19066775621109755,0.11988385855417626,0.0664049037375658,0.01683705572100827,0.027538962487788043,0.054764866654778414,0.0
2011-07-27,0.06857475789206673,0.045920117297185,0.04875343752063798,0.30319250598052216,0.07113786222266805,0.19420816380443184,0.12371456522235565,0.07052834130793109,0.01733624094390864,0.0,0.0566340078082929,0.0
2011-07-28,0.06653287949904343,0.04535993043229492,0.04856768038427803,0.30429419057392537,0.07198097059215924,0.19537817720069905,0.12250189235556917,0.07275045711762478,0.018453240347610148,0.0,0.05418058149679579,0.0
2011-07-29,0.0665607514049213,0.04546750860566248,0.049815352473685945,0.3025427346098498,0.0721199107531168,0.1948842982153354,0.12240841059300463,0.07291801438906274,0.01883572530314915,0.0,0.05444729365221173,0.0
2011-08-01,0.07178972105909098,0.0,0.05449645133556346,0.30828735562491366,0.07475927845737661,0.19817126285614942,0.13201858499692476,0.08072667886236236,0.02087553359735579,0.0,0.05887513321026298,0.0
2011-08-02,0.0,0.0,0.0,0.34698485576434507,0.08414238231656344,0.22375864113844762,0.14940924708565867,0.1033510086664254,0.02701538935493683,0.0,0.06533847567362286,0.0
2011-08-03,0.0,0.0,0.0,0.3525728292787423,0.08093058055185229,0.22303961993859378,0.1495678398191511,0.10167415372260769,0.027869366641036605,0.0,0.06434561004801626,0.0
2011-08-04,0.0,0.0,0.0,0.4463725973666956,0.10248696317304425,0.28218766558215835,0.0,0.1317257316869172,0.03722704219118465,0.0,0.0,0.0
2011-08-05,0.0,0.0,0.0,0.4459934084859634,0.09652689140998624,0.2864600998733144,0.0,0.1348959844381217,0.03612361579261432,0.0,0.0,0.0
2011-08-08,0.0,0.0,0.0,0.441096377390927,0.09617557186054139,0.2753724339519113,0.0,0.14556659908529573,0.04178901771132463,0.0,0.0,0.0
2011-08-09,0.0,0.0,0.0,0.4585608239560637,0.0943722660271514,0.2714142373792619,0.0,0.13195419591081595,0.04369847672670708,0.0,0.0,0.0
2011-08-10,0.0,0.0,0.0,0.4528655434083455,0.09715253739456299,0.2697413409003221,0.0,0.13603601418025685,0.04420456411651266,0.0,0.0,0.0
2011-08-11,0.0,0.0,0.0,0.4485734725892585,0.09860708811795055,0.2775114514477571,0.0,0.12900381353950433,0.04630417430552961,0.0,0.0,0.0
2011-08-12,0.0,0.0,0.0,0.4369011638109778,0.09925206656634356,0.2703535970873943,0.0,0.14059147702052988,0.05290169551475442,0.0,0.0,0.0
2011-08-15,0.0,0.0,0.0,0.4388337198119573,0.10020299750284649,0.26460061303504373,0.0,0.14205022786332655,0.05431244178682591,0.0,0.0,0.0
2011-08-16,0.0,0.0,0.0,0.4395712877669267,0.09973647581728301,0.26490004126289146,0.0,0.14151148067465258,0.05428071447824627,0.0,0.0,0.0
2011-08-17,0.0,0.0,0.0,0.43977268208410875,0.09908740189279987,0.26484161871212913,0.0,0.14190812428725932,0.05439017302370286,0.0,0.0,0.0
2011-08-18,0.0,0.0,0.0,0.44008569708091916,0.09832135312652335,0.2649950769214418,0.0,0.14213828622713867,0.05445958664397679,0.0,0.0,0.0
2011-08-19,0.0,0.0,0.0,0.44128383819372463,0.09736393993086828,0.26586830139995576,0.0,0.1396595275173735,0.05582439295807783,0.0,0.0,0.0
2011-08-22,0.0,0.0,0.0,0.4420969498414768,0.09759403695789341,0.2664885153646214,0.0,0.13896691996354849,0.054853577872459876,0.0,0.0,0.0
2011-08-23,0.0,0.0,0.0,0.4442646560663743,0.09817355490834406,0.2677303871798685,0.0,0.13481815724768575,0.05501324459772736,0.0,0.0,0.0
2011-08-24,0.0,0.0,0.0,0.45481922250631457,0.1001504075075536,0.2652911527173871,0.0,0.12460493258598782,0.055134284682756766,0.0,0.0,0.0
2011-08-25,0.0,0.0,0.0,0.458501229779586,0.1003415487952465,0.2651201462006442,0.0,0.12006167753803139,0.05597539768649173,0.0,0.0,0.0
2011-08-26,0.0,0.0,0.0,0.46051210621475025,0.09999303136345483,0.2632982200994144,0.0,0.11938570410171956,0.05681093822066105,0.0,0.0,0.0
2011-08-29,0.0,0.0,0.0,0.46259296295230007,0.10043216698856038,0.266460481232085,0.0,0.11414577789599416,0.05636861093106051,0.0,0.0,0.0
2011-08-30,0.0,0.0,0.0,0.4642934938246329,0.10001816824327607,0.2673849859802153,0.0,0.11191286609954064,0.05639048585233496,0.0,0.0,0.0
2011-08-31,0.0,0.0,0.0,0.43775169797352637,0.09449516959967581,0.25214017965979285,0.0,0.10267409755941531,0.05337404124958928,0.0,0.059564813958000444,0.0
2011-09-01,0.0,0.0,0.0,0.4662855019806254,0.09947825490294138,0.26855419071811004,0.0,0.10881285885201045,0.05686919354631279,0.0,0.0,0.0
2011-09-02,0.0,0.0,0.0,0.4652284286678016,0.09868942741718618,0.2695557941217643,0.0,0.10942891198762772,0.057097437805620224,0.0,0.0,0.0
2011-09-06,0.0,0.0,0.0,0.4687238803654041,0.09678970256399236,0.2704915994158554,0.0,0.10717565744485455,0.05681916020989357,0.0,0.0,0.0
2011-09-07,0.0,0.0,0.0,0.43999060097776116,0.09103851324352068,0.25306461670262465,0.0,0.10141619877908878,0.05402592555331012,0.0,0.06046414474369467,0.0
2011-09-08,0.0,0.0,0.0,0.46958477794530123,0.0962225737866958,0.2710207600435022,0.0,0.1042296270155901,0.05894226120891053,0.0,0.0,0.0
2011-09-09,0.0,0.0,0.0,0.37760215828831595,0.07746101744915365,0.2167606703487912,0.0,0.08149456273515121,0.04713960972146803,0.0,0.0,0.19954198145711996
2011-09-12,0.0,0.0,0.0,0.37585893412919175,0.07734777394796795,0.21655473209660434,0.0,0.08065699284233455,0.04658673860054071,0.0,0.0,0.20299482838336072
2011-09-13,0.0,0.0,0.0,0.4730459410872623,0.09783442286506129,0.2712714384015443,0.0,0.09979030527350562,0.05805789237262648,0.0,0.0,0.0
2011-09-14,0.0,0.0,0.0,0.47358606361902095,0.0971881359940544,0.2715199528290822,0.0,0.0997384862787819,0.057967361279060485,0.0,0.0,0.0
2011-09-15,0.0,0.0,0.0,0.47447238481675263,0.09703301764562412,0.27129357315350444,0.0,0.09932593514512264,0.057875089238996015,0.0,0.0,0.0
2011-09-16,0.0,0.0,0.0,0.47382502016585293,0.09690316654703443,0.2723056333898157,0.0,0.09893181701478677,0.05803436288251022,0.0,0.0,0.0
2011-09-19,0.0,0.0,0.0,0.37597526607676696,0.07682958129620926,0.21604416786515776,0.0,0.07836372941311956,0.04594317212213449,0.0,0.0,0.2068440832266119
2011-09-20,0.0,0.0,0.0,0.37732257314550194,0.07624582985496206,0.21489508344757297,0.0,0.0785682533117055,0.046320121772002155,0.0,0.0,0.2066481384682555
2011-09-21,0.0,0.0,0.0,0.37628091482856774,0.07616377837751728,0.2143177666426314,0.0,0.07877989462673321,0.0467504174996937,0.0,0.0,0.20770722802485664
2011-09-22,0.0,0.0,0.0,0.39670081099318005,0.0786125314959335,0.22580633216775756,0.0,0.08223411760791406,0.0,0.0,0.0,0.21664620773521487
2011-09-23,0.0,0.0,0.0,0.4018712272793947,0.07641209238622836,0.22898747933421792,0.0,0.08002558704913224,0.0,0.0,0.0,0.21270361395102683
2011-09-26,0.0,0.0,0.0,0.40145667204588603,0.07666823299782617,0.2302002288052367,0.0,0.07410842221752684,0.0,0.0,0.0,0.21756644393352423
2011-09-27,0.0,0.0,0.0,0.40004690731093107,0.07605144724432394,0.23045785530519422,0.0,0.07401013631935695,0.0,0.0,0.0,0.21943365382019378
2011-09-28,0.0,0.0,0.0,0.4009290501329529,0.07573107144179524,0.23084205688126302,0.0,0.07394610869662581,0.0,0.0,0.0,0.2185517128473631
2011-09-29,0.0,0.0,0.0,0.4031788164554993,0.07561775523479802,0.22998902827373854,0.0,0.0728547386485727,0.0,0.0,0.0,0.21835966138739143
2011-09-30,0.0,0.0,0.0,0.4025880010456326,0.07553809235858572,0.22983896168737855,0.0,0.07276928261209599,0.0,0.0,0.0,0.21926566229630715
2011-10-03,0.0,0.0,0.0,0.40541021740686456,0.07520618026307967,0.22997322146108273,0.0,0.07319517751207383,0.0,0.0,0.0,0.2162152033568993
2011-10-04,0.0,0.0,0.0,0.40795033424602994,0.07432894343284752,0.23185413198460314,0.0,0.07270487835480142,0.0,0.0,0.0,0.21316171198171815
2011-10-05,0.0,0.0,0.0,0.4056605397790792,0.0740645564751673,0.2280557828342722,0.0,0.07206112579467211,0.0,0.0,0.0,0.22015799511680914
2011-10-06,0.0,0.0,0.0,0.4037178503231005,0.07429135848359843,0.22865510913127282,0.0,0.07240103510548758,0.0,0.0,0.0,0.2209346469565408
2011-10-07,0.0,0.0,0.0,0.4023940701295929,0.07323527334100671,0.22757094494086014,0.0,0.07232513677911519,0.0,0.0,0.0,0.2244745748094252
2011-10-10,0.0,0.0,0.0,0.4019977724193246,0.07338441782809757,0.22903386431635467,0.0,0.07197988920531304,0.0,0.0,0.0,0.2236040562309102
2011-10-11,0.0,0.0,0.0,0.40678842629897943,0.07394067283352156,0.23264054038500115,0.0,0.07204776701840439,0.0,0.0,0.0,0.2145825934640933
2011-10-12,0.0,0.0,0.0,0.40629805399860985,0.07411779840593846,0.2330759091701837,0.0,0.07198993729905863,0.0,0.0,0.0,0.21451830112620948
2011-10-13,0.0,0.0,0.0,0.40605891091501733,0.07416251216499714,0.23443335839378981,0.0,0.07228618783779421,0.0,0.0,0.0,0.21305903068840168
2011-10-14,0.0,0.0,0.0,0.5162053086468719,0.09444575823166844,0.2976751566929911,0.0,0.0916737764284686,0.0,0.0,0.0,0.0
2011-10-17,0.0,0.0,0.0,0.40472615265921963,0.07370151946488178,0.23357971683859727,0.0,0.0719576473294743,0.0,0.0,0.0,0.216034963707827
2011-10-18,0.0,0.0,0.0,0.40346957298897806,0.07367625328311696,0.23529614090854797,0.0,0.07228175416199185,0.0,0.0,0.0,0.21527627865736523
2011-10-19,0.0,0.0,0.0,0.404565012247662,0.07361427043342202,0.23534093413304735,0.0,0.07205141637150289,0.0,0.0,0.0,0.21442836681436572
2011-10-20,0.0,0.0,0.0,0.40331167973912685,0.07324040654596235,0.23484795692226543,0.0,0.07142820237223794,0.0,0.0,0.0,0.21717175442040745
2011-10-21,0.0,0.0,0.0,0.45153454732587517,0.08158608116536432,0.2627617969446961,0.12466277134955382,0.07945480321451052,0.0,0.0,0.0,0.0
2011-10-24,0.0,0.0,0.0,0.4528683022376127,0.08130749367501476,0.2627296269870598,0.1237581765728824,0.07933640052743027,0.0,0.0,0.0,0.0
2011-10-25,0.0,0.0,0.0,0.4585536172699891,0.08114639830918552,0.26384181402438717,0.11791249942248129,0.0785456709739569,0.0,0.0,0.0,0.0
2011-10-26,0.0,0.0,0.0,0.4572587549125349,0.08119892964940177,0.26599027203644393,0.11741151072569835,0.07814053267592093,0.0,0.0,0.0,0.0
2011-10-27,0.059691274625641805,0.0,0.0,0.40736775584386337,0.0725722506895296,0.23970208840806426,0.1047759561702793,0.06993693415209158,0.0,0.0,0.04595374011053027,0.0
2011-10-28,0.059184723824327753,0.0,0.0,0.40679813138506526,0.07112421190728004,0.2422037948320702,0.10476837737376744,0.0704364619220254,0.0,0.0,0.04548429875546394,0.0
2011-10-31,0.0,0.0,0.0,0.430102836918472,0.07641631783798558,0.2561133926853856,0.11473838767880047,0.07382656959857187,0.0,0.0,0.048802495280784376,0.0
2011-11-01,0.0,0.0,0.0,0.3706783069672157,0.0637885643585062,0.22627694218858754,0.09640342249642005,0.062126155927266065,0.0,0.0,0.0,0.18072660806200444
2011-11-02,0.0,0.0,0.0,0.3469843015945487,0.0604915324867371,0.22061134111752279,0.10044271002138003,0.06055062569229503,0.0,0.0,0.04239495342247276,0.1685245356650437
2011-11-03,0.0,0.0,0.0,0.34699770568619703,0.0587264924143493,0.21944411131086153,0.1035428601412417,0.05905352311188722,0.0,0.0,0.04556627395184207,0.16666903338362102
2011-11-04,0.0,0.0,0.0,0.35445799636754455,0.0578352684846898,0.21849150160117167,0.10250024608045175,0.05882450358598582,0.0,0.0,0.04460830243949856,0.1632821814406577
2011-11-07,0.0,0.0,0.0,0.37561096915632564,0.05550590751706273,0.23450761687252084,0.09375533487215058,0.0532392626376065,0.0,0.0,0.04135601573543083,0.14602489320890294
2011-11-08,0.05622017023345991,0.0,0.0,0.414709135361186,0.06046016734478012,0.26578560273119856,0.10139468272363368,0.05674875701119981,0.0,0.0,0.044681484594541965,0.0
2011-11-09,0.0,0.0,0.0,0.4352893653645525,0.06339368312076071,0.2729949270297757,0.0,0.059663286208359013,0.0,0.0,0.0,0.16865873827655206
2011-11-10,0.0,0.0,0.0,0.4189548713250688,0.060676479844147244,0.26250333489305566,0.0,0.05743311069773328,0.0,0.04687463896543983,0.0,0.15355756427455514
2011-11-11,0.04613869598201823,0.0,0.0,0.34905950433021227,0.05064822810908849,0.21688349574336244,0.08498921058126935,0.04795883819065247,0.0,0.038970140698902374,0.03711599979551096,0.12823588656898335
2011-11-14,0.0,0.0,0.0,0.3800653487426313,0.05562323533679236,0.23580304581619652,0.09251580957017566,0.05232158884211111,0.0,0.04619670399565653,0.0,0.13747426769643648
2011-11-15,0.0,0.0,0.0,0.38009223198561315,0.05538415787435424,0.23617044763966824,0.09281666249688718,0.0525485907076209,0.0,0.04616913852794232,0.0,0.13681877076791404
2011-11-16,0.0,0.0,0.0,0.41800357116975845,0.0609211611349662,0.2615726676072698,0.0,0.058828025224720526,0.0,0.050874096111955834,0.0,0.14980047875132918
2011-11-17,0.0,0.0,0.0,0.4111588179730727,0.05974512400091519,0.27345143268461886,0.0,0.05938511591874877,0.0,0.049566293207647646,0.0,0.14669321621499692
2011-11-18,0.0,0.0,0.0,0.41611608310840303,0.0592012431467065,0.2776513888871085,0.0,0.05814671816408383,0.0,0.0471614514615778,0.0,0.1417231152321202
2011-11-21,0.0,0.0,0.0,0.43579051310627326,0.061838462503591395,0.29421814145012415,0.0,0.06062493576017059,0.0,0.0,0.0,0.14752794717984066
2011-11-22,0.0,0.0,0.0,0.41674126718045607,0.05909888543980911,0.27717150295000165,0.0,0.05846058605721055,0.0,0.046737969283799224,0.0,0.14178978908872336
2011-11-23,0.0,0.0,0.0,0.43719451165330087,0.06220823775681001,0.2904188172328263,0.0,0.061618691487382644,0.0,0.0,0.0,0.14855974186968016
2011-11-25,0.0,0.0,0.0,0.4404173096391038,0.06215302041841987,0.28894742784617666,0.0,0.063119972137597,0.0,0.0,0.0,0.14536226995870263
2011-11-28,0.0,0.0,0.0,0.42006337716519365,0.059443382198973806,0.27501162706348486,0.0,0.06028373135994642,0.0,0.04676069154328799,0.0,0.13843719066911314
2011-11-29,0.0,0.0,0.0,0.42396521524151604,0.05976186227285174,0.27353433085942186,0.0,0.059150353897041666,0.0,0.046254591594270825,0.0,0.13733364613489787
2011-11-30,0.0,0.0,0.0,0.4230501216501732,0.06045858860692779,0.27574520643761047,0.0,0.06003519078746159,0.0,0.04588794505715628,0.0,0.13482294746067058
2011-12-01,0.0,0.0,0.0,0.3873975684214313,0.054976174590409495,0.25481275053906566,0.08037864180764683,0.05418212857979379,0.0,0.041989446671287914,0.0,0.12626328939036502
2011-12-02,0.0,0.0,0.0,0.38805614791531584,0.055258316894830614,0.2527462894481975,0.07985025480068535,0.05550815683279201,0.0,0.0424151817271875,0.0,0.12616565238099123
2011-12-05,0.0465955893315297,0.0,0.0,0.370978121471281,0.053199534102951765,0.23236779257234616,0.07703436975434609,0.05503411460759797,0.0,0.04097771112738866,0.0,0.12381276703255867
2011-12-06,0.04753774644672227,0.0,0.0,0.37239446603817306,0.05349605267735101,0.22535132503143893,0.0776007804793294,0.05487773787093153,0.0,0.04141533221612797,0.0,0.12732655923992595
2011-12-07,0.04736242760471397,0.0,0.0,0.37275005436538255,0.05307886268528041,0.22550699469865934,0.07767607469214319,0.055462832392145875,0.0,0.04140408319623359,0.0,0.12675867036544122
2011-12-08,0.0,0.0,0.0,0.39176364993140056,0.056476266329776675,0.23292920061684105,0.08222186195173369,0.058716335340250864,0.0,0.04378212520434017,0.0,0.13411056062565696
2011-12-09,0.04744189621652605,0.0,0.0,0.37412815581132075,0.05387170746212356,0.22127019933659087,0.0785504912693104,0.055492067467093106,0.0,0.04142517143825824,0.0,0.12782031099877714
2011-12-12,0.0,0.0,0.0,0.39611328456757766,0.055869568078652794,0.2306337258451092,0.08184601295099199,0.05837651445387899,0.0,0.04302531104261709,0.0,0.13413558306117226
2011-12-13,0.0,0.0,0.0,0.3982867076340229,0.055895090807634905,0.23121632733936,0.08186280745688901,0.057411561449974835,0.0,0.04305548022024762,0.0,0.13227202509187083
2011-12-14,0.0,0.0,0.0,0.4423849244089038,0.06253930588566622,0.2592323234395399,0.09073227877214944,0.0,0.0,0.0,0.0,0.14511116749374062
2011-12-15,0.0,0.0,0.0,0.44206262389968654,0.062065151422798344,0.2595092239761922,0.09094461088646941,0.0,0.0,0.0,0.0,0.1454183898148535
2011-12-16,0.0,0.0,0.0,0.43930537697071537,0.06407065535642766,0.25925689878139985,0.09118337423595495,0.0,0.0,0.0,0.0,0.14618369465550232
2011-12-19,0.0,0.0,0.0,0.4368953135860151,0.06703851257163647,0.2551514952230355,0.0923544431386994,0.0,0.0,0.0,0.0,0.1485602354806136
2011-12-20,0.0,0.0,0.0,0.40877832093103367,0.0604213692055308,0.23186871274565754,0.08256413151486168,0.0,0.0,0.043446553196560524,0.04015978236256686,0.13276113004378892
2011-12-21,0.0,0.0,0.0,0.4121064403618286,0.05966070578588491,0.23273951190623082,0.08195388591109151,0.0,0.0,0.04257864175586966,0.039774916868177586,0.13118589741091705
2011-12-22,0.04879421379254138,0.0,0.0,0.3898085963380414,0.057030146873238305,0.22106973421617263,0.07819568874035476,0.0,0.0,0.04104751619527008,0.037999479082710085,0.1260546247616712
2011-12-23,0.049277121863749745,0.0,0.0,0.388412001615673,0.05689081025675192,0.22001152124615048,0.07885219881351936,0.0,0.0,0.042169134922462194,0.038314511067458396,0.12607270021423478
2011-12-27,0.04935287043652769,0.0,0.0,0.38809186468420137,0.0568036075978824,0.21920157456809664,0.07899782093282759,0.0,0.0,0.04258864285807649,0.03850194409207368,0.1264616748303142
2011-12-28,0.049470552035138816,0.0,0.0,0.38790025128065914,0.057070564800863234,0.21636666003207233,0.08022804458592543,0.0,0.0,0.04409224765488062,0.03835686007688244,0.1265148195335779
2011-12-29,0.04982091310032498,0.0,0.0,0.3918622569988539,0.05720979997332328,0.21329842664743745,0.08002530969076437,0.0,0.0,0.043796555533351475,0.03945827760322627,0.12452846045271833
2011-12-30,0.04946599520607624,0.0,0.0,0.38936024439845407,0.05659496270421915,0.2203056917592937,0.07871583052035863,0.0,0.0,0.04304593967344095,0.0397914756160047,0.12271986012215243
2012-01-03,0.04931953965178751,0.0,0.0,0.39366565404798654,0.056126311261885824,0.21798406050959945,0.07858116133630096,0.0,0.0,0.043226903845305954,0.03945314143681033,0.12164322791032352
2012-01-04,0.049302074769200094,0.0,0.0,0.3915438269043775,0.05626179448961087,0.22008506443957798,0.07960979133458988,0.0,0.0,0.04278703715214206,0.039829514763590104,0.12058089614691142
2012-01-05,0.04931365953145272,0.0,0.0,0.39270379248883813,0.05593656728581776,0.219923271806693,0.07937724763030557,0.0,0.0,0.042698195675249705,0.0402048421214942,0.11984242346014898
2012-01-06,0.050424194550569554,0.0,0.0,0.3914311270143038,0.055772865701148956,0.21446627139673263,0.0810384938667717,0.0,0.0,0.04307818023542649,0.041772516631330255,0.12201635060371649
2012-01-09,0.05020811588840177,0.0,0.0,0.3933601558766146,0.055469936773488146,0.21277848081985437,0.08168998786060541,0.0,0.0,0.04301908083551789,0.04207268561601232,0.1214015563295055
2012-01-10,0.04720201771359523,0.0,0.0,0.37198143919037235,0.05255269814772558,0.19931443975304236,0.08035050753392108,0.053938714489022384,0.0,0.040355830990699906,0.03964121631763677,0.11466313586398444
2012-01-11,0.04717273304323525,0.0,0.0,0.37212782260469063,0.05278011509526672,0.19883795963497167,0.08058252633478624,0.05357695565051384,0.0,0.04051141765313348,0.03967199504426987,0.11473847493913235
2012-01-12,0.04769656358132581,0.0,0.0,0.36783343226316423,0.053105452614106326,0.19939654710082738,0.08103655884799761,0.05371058269734014,0.0,0.04168608025962101,0.040174030593141966,0.1153607520424753
2012-01-13,0.04790000434746554,0.0,0.0,0.3733751691228851,0.053162282532717264,0.19712348883973027,0.08051678154052089,0.053148352655675385,0.0,0.04085557784787534,0.04023733005093643,0.11368101306219375
2012-01-17,0.04844502412045996,0.0,0.0,0.3720783076215961,0.05312045175370288,0.19716913904468414,0.08069503394063005,0.05312100949897864,0.0,0.041289399851975446,0.041448213598140264,0.11263342056983253
2012-01-18,0.0486519891506414,0.0,0.0,0.3724796474357642,0.05300241513974388,0.19656723238488122,0.08068428919896123,0.053234632128789254,0.0,0.04181089614131907,0.04153360467719808,0.11203529374270159
2012-01-19,0.04865466607881778,0.0,0.0,0.37225922805429695,0.05292363883012763,0.19679058656884588,0.08144326353134976,0.05374044617700752,0.0,0.04194746858774034,0.04165476337506508,0.11058593879674901
2012-01-20,0.049084348868468144,0.0,0.0,0.3685116988554068,0.05260632081123856,0.19723238210169217,0.08235751741233148,0.05387657506753123,0.0,0.042003124633522154,0.042692721061977607,0.11163531118783201
2012-01-23,0.04892682443220002,0.0,0.0,0.36218480823021987,0.051869255826783915,0.19748397900606185,0.0887349217837149,0.05360807193232629,0.0,0.04319958446823701,0.04301910994763545,0.11097344437282075
2012-01-24,0.048330069651669826,0.0,0.0,0.3706191278252111,0.05171712743870057,0.1942952543149352,0.08994040309964237,0.05403431357447328,0.0,0.041858240896605094,0.04219939815283663,0.10700606504592591
2012-01-25,0.04667781975626891,0.0,0.029670058383602753,0.363807035624972,0.050534354497127745,0.1858583959422168,0.08672928875367841,0.05224391860222773,0.0,0.04080514099720358,0.04063344314925162,0.10304054429345061
2012-01-26,0.04890979939702285,0.0,0.0,0.37847866845362294,0.053671236391749796,0.18496261912893275,0.08846784111645517,0.05083895650384851,0.0,0.04210477463261451,0.04337330191462897,0.1091928024611245
2012-01-27,0.04708683740431694,0.0,0.03043384119469589,0.37527146748412665,0.05158474088230086,0.17366196774795173,0.08539187512726283,0.048950227055219314,0.0,0.04064172470407267,0.041767748405350746,0.10520956999470256
2012-01-30,0.04815400143880996,0.0,0.0,0.3938286165783737,0.05588088713928316,0.17299349641495315,0.08593364850695495,0.04887634329438666,0.0,0.04052864652548326,0.04176930507258444,0.11203505502917085
2012-01-31,0.046988674270038604,0.0,0.0293951233305881,0.3863284856758812,0.05586939003760342,0.1641715478281212,0.0848078991367255,0.04577609931943952,0.0,0.03825643504799204,0.040694674426926564,0.10771167092668385
2012-02-01,0.04749605452680374,0.0,0.02986221832826743,0.3832394471112204,0.05599781762339525,0.16453139827739233,0.08578837967684924,0.04584540276948096,0.0,0.03837410250399365,0.04113473321082139,0.10773044597177561
2012-02-02,0.047899125489673906,0.0,0.029538961366741407,0.38415581487625305,0.05603133061959547,0.16258417799402938,0.08668348266598273,0.0462186606605402,0.0,0.038420177223893286,0.041110748920125374,0.10735752018316526
2012-02-03,0.0463910771434037,0.033435916424283396,0.028563964506189393,0.37137715753937073,0.05412092441105166,0.1570252026639301,0.08376987610292083,0.04453300433706271,0.0,0.03706126428679451,0.03985175507309549,0.1038698575118973
2012-02-06,0.04606817790255642,0.03325792041702894,0.028466566612363492,0.371371064777345,0.05251294582159213,0.15853811005106225,0.08396117973057651,0.04500335321195116,0.0,0.0372475341692028,0.03963887568633093,0.10393427161999051
2012-02-07,0.045999296734640205,0.033064012419452234,0.02824004713754205,0.3710821256546784,0.05234643855142972,0.16107930628557734,0.08328549472277202,0.04474576845808507,0.0,0.03697107761572615,0.039462369794792736,0.10372406262530418
2012-02-08,0.04849834606146895,0.03474171742617009,0.029580314866668934,0.3610445283231977,0.05171932999762124,0.1567001526582331,0.0885508544341776,0.043049502037939336,0.0,0.035719861203467415,0.04211154153775953,0.1082838514532962
2012-02-09,0.04823008464882507,0.03453467679582249,0.029305772432152506,0.362005055230775,0.052069379605005024,0.1584318082311962,0.08773884893682349,0.04261308506893477,0.0,0.035826734252215005,0.04173722427754964,0.10750733052070087
2012-02-10,0.04880859178886119,0.03491018481221456,0.029429245373169204,0.3575659636971498,0.05161959471301998,0.15637351680725103,0.08992105531478306,0.04288351623467488,0.0,0.035699674643560185,0.042499235921525005,0.11028942069379108
2012-02-13,0.048984502371439045,0.03488962135802813,0.0292350904580528,0.35673621110280856,0.05200579175116459,0.1563283908782865,0.08934698711081884,0.042908889151914556,0.0,0.03575750210191843,0.043160831164695726,0.11064618255087275
2012-02-14,0.04875743353301562,0.03468079615558131,0.02901336748241092,0.3584283188692226,0.051850089151331796,0.15528123280087178,0.08923622284216122,0.042766060011062985,0.0,0.03554611737632808,0.04294868726669359,0.11149167451132011
2012-02-15,0.04939969160892733,0.03485848222058793,0.029321514042755237,0.3562603275063723,0.05173073174340866,0.15584156286132753,0.0909734917617828,0.04271460876056564,0.0,0.03600326598388719,0.042645117904424226,0.11025120560596106
2012-02-16,0.049654613460318964,0.034579646318102855,0.02946943457589718,0.3518907910704617,0.05127995941798613,0.16159735063436367,0.09012669937800612,0.04353508282812213,0.0,0.036502305903114776,0.04284903441047745,0.10851508200314904
2012-02-17,0.04947457692344633,0.03447102910210621,0.0294679232675824,0.3524692175461789,0.05112847944397898,0.1611874760102361,0.09015373994736672,0.04362539243491814,0.0,0.036736274240708675,0.042802506518410825,0.10848338456506677
2012-02-21,0.05058441701550079,0.035024073137880724,0.030093719092809015,0.34642858658667597,0.050770857709327155,0.16181409701283897,0.09264980542848301,0.04466581269521758,0.0,0.03627340049281755,0.04416993333186992,0.10752529749657923
2012-02-22,0.050885465661657144,0.03516773679384517,0.030152922418121557,0.3441511203692423,0.051026624314913664,0.16303710247815245,0.09481067886009492,0.043944894728384164,0.0,0.03589951153307315,0.04364031884798535,0.10728362399453015
2012-02-23,0.05113243558056627,0.03490367686189179,0.029982646885273537,0.32400478922730613,0.048805858650444685,0.15771675588685144,0.10193007621026712,0.04201482112424503,0.022460559383652042,0.0349665077358172,0.04430973381492552,0.10777213863875915
2012-02-24,0.05093631795968874,0.03476476445412427,0.029836132905843398,0.32473649838511875,0.049262419387418474,0.16000675239271936,0.10141768268568334,0.042001577977329486,0.02231943814365611,0.03438627009236955,0.043832733625006566,0.10649941199104192
2012-02-27,0.05266609182863747,0.03608092708652932,0.030781452545639444,0.3163867232738663,0.047804498875368494,0.15586057619141366,0.11564208891604684,0.04166954672348186,0.022118634398810146,0.03360384853629679,0.04369784971014918,0.10368776191376036
2012-02-28,0.05303104154645256,0.03627354516929896,0.030889369354794523,0.3103126411881861,0.04808168198002006,0.15762198001960367,0.1175878202117833,0.04192913581101744,0.022303818785797888,0.03363043664891663,0.0439988763643852,0.10433965291974369
2012-02-29,0.06073689007678417,0.03947477399550707,0.03389519747768039,0.3086775100082513,0.04757907157473465,0.15409045329123236,0.1292759418640186,0.041372048200565135,0.0,0.03257648793898619,0.049071110281242954,0.10325051529099724
2012-03-01,0.05986613363223093,0.03882175337869239,0.0335528657718111,0.3035501632544845,0.04701956094395481,0.15258358318863044,0.12860055650437557,0.03547334285965074,0.019879611947195723,0.0322535898252866,0.04880856098969112,0.09959027770399612
2012-03-02,0.06061638898005107,0.03914337053859289,0.033958395113355064,0.307345944133553,0.04804343675633683,0.1604238540396953,0.13180174530858182,0.035616029916052644,0.0,0.032358637579600606,0.04941153888744375,0.10128065874673703
2012-03-05,0.06101950119081214,0.03905269547018832,0.03415942810497383,0.3040234099096868,0.04765182047727837,0.16653407843602935,0.13105159369169242,0.035898049883966124,0.0,0.03163881383855586,0.04947942675942939,0.09949118223738733
2012-03-06,0.060730617102814556,0.038999838452123535,0.03395556529487716,0.3022466591206734,0.0477121302767888,0.1716480246092496,0.1286344075539668,0.035881360535405714,0.0,0.031593045787635846,0.04920071156113777,0.09939763970532682
2012-03-07,0.05987879161001437,0.03763073310876814,0.032955061061481355,0.306772940651583,0.04801005257531173,0.1788364100785577,0.11893100500794714,0.03608691047216371,0.0,0.03166262335023256,0.04944109166063323,0.09979438042330721
2012-03-08,0.06280386551901583,0.03888729443253659,0.03402057299532871,0.30056733396736857,0.04758885570257256,0.17874689108293326,0.11962339838136365,0.03600706371757407,0.0,0.03178615260150184,0.051067692746138295,0.09890087885366669
2012-03-09,0.06403423820514642,0.03904137173337612,0.03385399816739036,0.29431989639591427,0.04865215767792396,0.18250887164908997,0.11990753943903389,0.0357169406820287,0.0,0.03200724509832009,0.05259748351983837,0.0973602574319378
2012-03-12,0.06567510716287804,0.040567284200574615,0.0357505280279709,0.29027711624457664,0.0484911478882016,0.17980161761701344,0.12070245581213164,0.03635130855059673,0.0,0.03189541491620845,0.05386154354925424,0.09662647603059381
2012-03-13,0.06875969052681985,0.042201587805585604,0.03663605311880293,0.3006048773604575,0.05017609949575276,0.1843106775164853,0.12537158460979897,0.0,0.0,0.033005363669832644,0.0562788044607329,0.10265526143573163
2012-03-14,0.0685087467802827,0.04261573941825397,0.03651444499587037,0.29735049102243133,0.05105016052008592,0.183656427553481,0.1245754881862852,0.0,0.0,0.037246068813719536,0.05503876705821662,0.10344366565137343
2012-03-15,0.07194517027180758,0.04450847520613776,0.03783506634475154,0.2913993795688046,0.05120217917336744,0.16627593545577116,0.13056787196030412,0.0,0.0,0.039398682584883604,0.05898766093292027,0.1078795785012519
2012-03-16,0.0709918277611106,0.043964629349146744,0.03738686401967848,0.2965935044179894,0.051258841346876166,0.1671104597630821,0.1286823108081389,0.0,0.0,0.038899144195144335,0.05872491881916451,0.10638749951966885
2012-03-19,0.0766193879294312,0.04648898996534187,0.040714638378680605,0.3122071044870886,0.0,0.1767518114094408,0.1339823730167945,0.0,0.0,0.04034197083280987,0.062322550272328775,0.11057117370808381
2012-03-20,0.0815222808212373,0.045795795152573184,0.0402683050669563,0.28079925441499326,0.05219527011023054,0.16221122741339536,0.13189765455365948,0.0,0.0,0.03939920266737225,0.06284256561446729,0.10306844418511509
2012-03-21,0.08072340704129978,0.045167486828635146,0.03928706441394247,0.28258655746913086,0.05261805882157672,0.16445702400508938,0.13152146051286723,0.0,0.0,0.03861238204468054,0.06253368469183077,0.1024928741709471
2012-03-22,0.08133812921708442,0.04511654577242748,0.03955328996712149,0.2802684137586469,0.052045354502981284,0.1654480547694698,0.1312561842309641,0.0,0.0,0.03861069286890173,0.06383855303043119,0.10252478188197159
2012-03-23,0.08081482752692941,0.04498605231639646,0.03898032039985984,0.28086508004587346,0.05249299007338488,0.16672356024974785,0.13229560574876767,0.0,0.0,0.038307949338252226,0.062038461897766156,0.10249515240302218
2012-03-26,0.077651337786615,0.043268916708838624,0.037659835469104744,0.2686020935900206,0.05011833433249236,0.16198393294846394,0.12758433439723052,0.03901397235724757,0.0,0.03687360274127739,0.059518162431588424,0.09772547723712093
2012-03-27,0.08154246369464312,0.045520961783013306,0.039107076145640345,0.2786562864880352,0.053425677627135265,0.16686100462244574,0.13127557638149293,0.0,0.0,0.03874014300164659,0.06197674268382618,0.10289406757212122
2012-03-28,0.08241435028905024,0.04621052448440436,0.03919875845265458,0.28229199597524884,0.05319059965204602,0.15935426090632984,0.13362467746373402,0.0,0.0,0.0387774840348436,0.062466134603478024,0.10247121413821043
2012-03-29,0.08236414859061478,0.045967098340729186,0.038467420685252586,0.2833564274137442,0.05325443862377423,0.1605049829099988,0.13241526393075614,0.0,0.0,0.0385395823920253,0.06263800775293388,0.10249262936017087
2012-03-30,0.08514160289118329,0.04753665333215569,0.03968687356922276,0.27774195019953357,0.053314827117793714,0.15849960324310627,0.13146354570264096,0.0,0.0,0.0405350799205541,0.06230084850514971,0.10377901551865996
2012-04-02,0.08488145881059594,0.04743285448891938,0.03966970413145294,0.27689241988839025,0.05252206235396781,0.15717416408494944,0.13114858184199576,0.0,0.0,0.04047743651055022,0.06495538047139167,0.10484593741778658
2012-04-03,0.0879530998197646,0.05019391430851997,0.04118622976655554,0.2903688519249482,0.0,0.16669461876718047,0.13872149065593734,0.0,0.0,0.04183411258938938,0.06810906629488156,0.114938615872823
2012-04-04,0.08529758318656115,0.04835004103783896,0.04043895337584237,0.26997248430523446,0.05221683739242889,0.15113796368319554,0.13600816352306982,0.0,0.0,0.04052001625830973,0.06623858366554794,0.10981937357197104
2012-04-05,0.08374466970849566,0.04694435600139521,0.04026837491699157,0.27109017908652255,0.05190960224666213,0.15324356119380872,0.1364266064085996,0.0,0.0,0.04014417742037575,0.06583133581510589,0.11039713720204293
2012-04-09,0.08472797112408516,0.047472828632971364,0.04116324476251016,0.26808915000718936,0.05166021964649221,0.1538617982389241,0.1366080496124417,0.0,0.0,0.04001496081314054,0.06646222060892168,0.10993955655332378
2012-04-10,0.08730924746586036,0.0,0.04334177333606574,0.28199749367670607,0.053380542354570695,0.1597014899962494,0.14343353570277675,0.0,0.0,0.042863051506369335,0.06986917378750342,0.11810369217389823
2012-04-11,0.0787200535730738,0.04709405220952772,0.04081176409799762,0.27182263402675133,0.0508001340582295,0.15393519167525338,0.13604963744371762,0.0,0.0,0.042029970729831466,0.0634299612808432,0.11530660090477445
2012-04-12,0.07828715732848456,0.04681267287824679,0.04068200768139177,0.27398095191097943,0.050528819910545274,0.15442727901197087,0.1332286156355751,0.0,0.0,0.04154515761196768,0.06216362763790942,0.11834371039292907
2012-04-13,0.07710605091927947,0.046696262665671125,0.040503652080327475,0.2759938333844072,0.051089587773773544,0.1568422642208029,0.12957754408991115,0.0,0.0,0.0422889411081029,0.061958114338233755,0.11794374941949044
2012-04-16,0.07678776937160967,0.046643057267195,0.041546120162544664,0.27364025866586583,0.05092985568646122,0.1564512838362619,0.1301393834223195,0.0,0.0,0.04250369701869922,0.06252216068168027,0.11883641388736266
2012-04-17,0.07680865086079176,0.04680408066233022,0.04151662901242927,0.2747795362403534,0.05152820274602366,0.15603858701971274,0.12975503419005652,0.0,0.0,0.0424169834124661,0.06126901951590537,0.11908327633993093
2012-04-18,0.07416949983964533,0.046018096420552185,0.041143051764904674,0.2787167880345835,0.05192564618406705,0.1565186034639663,0.1284028500423785,0.0,0.0,0.04339341793569612,0.06089851320743381,0.11881353310677263
2012-04-19,0.07391544838786253,0.04584539729685398,0.04117405823602586,0.2779967697665281,0.051952911368743256,0.15654313664039007,0.12866324453516814,0.0,0.0,0.04329313070261444,0.06043030273192134,0.12018560033389239
2012-04-20,0.07325501406504314,0.04579520623309213,0.041099529104427934,0.27746846530777397,0.0519227351623078,0.15759983755948695,0.12856265248111334,0.0,0.0,0.04340075721790983,0.060686139184107514,0.12020966368473719
2012-04-23,0.07340204294147108,0.04550421304637996,0.04096370118011414,0.2764951535836657,0.05157347407115374,0.1574938594433459,0.13246767796633507,0.0,0.0,0.042899034367260294,0.06035133834490651,0.11884950505536761
2012-04-24,0.0723772224921431,0.0440874366130101,0.04000138505280518,0.2766380548897585,0.05178870286472118,0.16392768277195266,0.1316951579499563,0.0,0.0,0.04242545187076591,0.05944726939736209,0.11761163609752515
2012-04-25,0.08205745032877113,0.04986671661885856,0.045465023115192585,0.3138652606469679,0.058584356074722066,0.18571486544069768,0.15029753112971933,0.0,0.0,0.04814837966086181,0.06600041698420889,0.0
2012-04-26,0.08003416058074314,0.04969677133208857,0.045669617140914956,0.3193361998848827,0.0590587096976253,0.18537043649355736,0.14707181706486763,0.0,0.0,0.04815950246905658,0.06560278533626374,0.0
2012-04-27,0.07947826517995217,0.04957498126366258,0.04566144177687957,0.31914150239181993,0.059455458540814965,0.18584901495487663,0.14714079182320905,0.0,0.0,0.04813981571325851,0.0655587283555266,0.0
2012-04-30,0.07949894916859815,0.049802780485984126,0.0464360840505172,0.3190190367318656,0.05958179221512387,0.18625266048348824,0.14597728840170984,0.0,0.0,0.04814660516343258,0.06528480329928033,0.0
2012-05-01,0.07923057880418415,0.04970278054269181,0.046454860791091554,0.3189159947984785,0.059587178003718225,0.18678556123078738,0.14578902070414024,0.0,0.0,0.04832184055255368,0.06521218457235452,0.0
2012-05-02,0.08056265168865287,0.05008191491159977,0.04677240136888458,0.316939856208773,0.06163927314935444,0.1853283282845069,0.14534290893184934,0.0,0.0,0.04804521111500844,0.06528745434137076,0.0
2012-05-03,0.07095922976644713,0.04409562796641997,0.04142385556876497,0.279421123806648,0.05465898157604049,0.16300689855085074,0.12743372203635597,0.0,0.0,0.04242095347999038,0.057688405395405845,0.11889120185307656
2012-05-04,0.07005504172907415,0.043904449982233675,0.0412375716054816,0.2790220268252651,0.05540999364016514,0.16322682374770145,0.12728823271354597,0.0,0.0,0.041143676105910715,0.05752490476369514,0.1211872788869271
2012-05-07,0.07051461809802263,0.0454845171482929,0.0427474697808021,0.29292437242488734,0.05782353370155367,0.1712671273316252,0.13323568283610326,0.0,0.0,0.0,0.059773902210469784,0.12622877646824304
2012-05-08,0.07024548303117853,0.045165580976772375,0.04253327157508971,0.29417774325959123,0.05796189899679445,0.1719665123739077,0.13258463419326133,0.0,0.0,0.0,0.05971925001258321,0.12564562558082149
2012-05-09,0.07659367520751352,0.0,0.0,0.31973829424257233,0.0636750073983776,0.18581273757602898,0.15027960759259007,0.0,0.0,0.0,0.06541083230912745,0.13848984567379016
2012-05-10,0.07674679661448948,0.0,0.0,0.31976266006188736,0.06367999522925029,0.1868522054188677,0.1495110463510149,0.0,0.0,0.0,0.06588952008894601,0.13755777623554427
2012-05-11,0.07665960395310271,0.0,0.0,0.31873909926152943,0.06371303032673865,0.18590445046519202,0.14921173750967737,0.0,0.0,0.0,0.0667610066305195,0.13901107185324033
2012-05-14,0.07678575194187663,0.0,0.0,0.31856899027636637,0.06330975658946428,0.18496559723432313,0.1498365022532824,0.0,0.0,0.0,0.06711544563117197,0.13941795607351518
2012-05-15,0.07740098606322544,0.0,0.0,0.3177724697906422,0.06316353773654987,0.18713678713566703,0.1474104584151042,0.0,0.0,0.0,0.06693660775821522,0.14017915310059584
2012-05-16,0.07754226207171035,0.0,0.0,0.3207443761799714,0.06343488929348336,0.18826025981697259,0.14617029813977744,0.0,0.0,0.0,0.06701270217301002,0.13683521232507484
2012-05-17,0.07742047160145743,0.0,0.0,0.32325099803409996,0.06436691524983028,0.18891094208180753,0.14015599527432193,0.0,0.0,0.0,0.06799993488057207,0.1378947428779109
2012-05-18,0.0765393776107305,0.0,0.0,0.33469791255413983,0.06454994663914633,0.18852885877088585,0.1318604924107409,0.0,0.0,0.0,0.06355202250617534,0.14027138950818124
2012-05-21,0.07601842640076617,0.0,0.0,0.3343037151071737,0.0644459699074931,0.1860625479133063,0.132529847948209,0.0,0.0,0.0,0.06342822906021227,0.14321126366283962
2012-05-22,0.07373045387757811,0.0,0.0,0.3378288431085719,0.06526806446089953,0.18797817431537475,0.12843303233881262,0.0,0.0,0.0,0.06141527861587346,0.14534615328288958
2012-05-23,0.07394317395061267,0.0,0.0,0.3413000574080754,0.06493195300779543,0.18963493611954105,0.1288202653980596,0.0,0.0,0.0,0.06160458264270075,0.13976503147321526
2012-05-24,0.0739085640082344,0.0,0.0,0.34020565650797546,0.06467907450987272,0.1899627468460293,0.1288251398686702,0.0,0.0,0.0,0.061707097127622484,0.14071172113159527
2012-05-25,0.07366227199482471,0.0,0.0,0.33916410930431656,0.06458711555736897,0.1893573073295571,0.12842540035116493,0.0,0.0,0.0,0.06149761086342402,0.14330618459934374
2012-05-29,0.07367250822682189,0.0,0.0,0.3406656769668711,0.06504669411700847,0.18852163283358633,0.12788000535922392,0.0,0.0,0.0,0.061354802106864344,0.14285868038962393
2012-05-30,0.07238240479822894,0.0,0.0,0.34469147786283505,0.06549964910493275,0.18848302853116564,0.12272728421839578,0.0,0.0,0.0,0.06048806723261258,0.14572808825182937
2012-05-31,0.07198949244880543,0.0,0.0,0.34348582414789014,0.06347407651456746,0.19213601807267555,0.12532207265105325,0.0,0.0,0.0,0.0590323800448491,0.14456013612015894
2012-06-01,0.07400346715172339,0.0,0.0,0.34057348992652636,0.0637523666427995,0.1856662739791889,0.12875407448485243,0.0,0.0,0.0,0.059878750781129815,0.14737157703377962
2012-06-04,0.07091561798499482,0.0,0.0,0.34466794845251825,0.0627342297904792,0.18475308828196682,0.128584685735054,0.0,0.0,0.0,0.058435535548669024,0.14990889420631784
2012-06-05,0.07197657730299585,0.0,0.0,0.34494433607499797,0.06309125388443336,0.1772014861322558,0.13196809967996423,0.0,0.0,0.0,0.05844486841076848,0.15237337851458446
2012-06-06,0.07191415849365404,0.0,0.0,0.34196488620461274,0.06214462937834965,0.17745993710811475,0.1304537821228089,0.0,0.0,0.0,0.057061666526839874,0.15900094016562008
2012-06-07,0.06988778422716485,0.0,0.0,0.3434923240650563,0.061594385698679394,0.18194770256339482,0.12864087527530965,0.0,0.0,0.0,0.057020985226182326,0.15741594294421274
2012-06-08,0.07116456635017672,0.0,0.0,0.346735424367007,0.06229434276104379,0.1792523024028334,0.12810187060194203,0.0,0.0,0.0,0.057308868912325305,0.1551426246046719
2012-06-11,0.06682797903804992,0.0,0.0,0.3594785580557114,0.06287886054343503,0.18818455734291706,0.12081703961819286,0.0,0.0,0.0,0.053568454328155574,0.14824455107353818
2012-06-12,0.06622129654831142,0.0,0.0,0.3601895203877424,0.062901688622631,0.1893836091949165,0.11968244688938222,0.0,0.0,0.0,0.05184583246135112,0.14977560589566538
2012-06-13,0.06545783998735506,0.0,0.0,0.36005192367494787,0.06239376044813041,0.18845421636081905,0.11857780926026534,0.0,0.0,0.0,0.05184662946002957,0.1532178208084527
2012-06-14,0.06469569484978632,0.0,0.0,0.3651931059196957,0.06251638714516133,0.18534081435792213,0.11752039621943881,0.0,0.0,0.0,0.05134715061069909,0.15338645089729674
2012-06-15,0.06424325265654973,0.0,0.0,0.3669803866643236,0.06281317455227378,0.18615255875523765,0.11606276438936362,0.0,0.0,0.0,0.05097253495905523,0.15277532802319624
2012-06-18,0.06359476979402102,0.0,0.0,0.36766378311757564,0.06331611569882487,0.1868998774766267,0.11649301450938389,0.0,0.0,0.0,0.05093787829352106,0.15109456111004682
2012-06-19,0.06383579363589174,0.0,0.0,0.3674730214879407,0.06326913383982859,0.18749488659575314,0.1167105333965121,0.0,0.0,0.0,0.05138470140421144,0.14983192963986236
2012-06-20,0.06355638153127327,0.0,0.0,0.3705205473491297,0.06250564289400354,0.18795600802858117,0.11559725941711922,0.0,0.0,0.0,0.051655578379392844,0.14820858240050014
2012-06-21,0.0645982515452204,0.0,0.0,0.3663312765493228,0.06249631660745755,0.18768680754184514,0.11590668337666508,0.0,0.0,0.0,0.05185781415555089,0.1511228502239379
2012-06-22,0.062127486556877096,0.0,0.0,0.36752667132387606,0.06288328478187384,0.1974402798337299,0.11409766568249895,0.0,0.0,0.0,0.051220289153547836,0.1447043226675964
2012-06-25,0.062174326619317544,0.0,0.0,0.36637973989205586,0.06199013055219377,0.19926220607682618,0.1135948917163619,0.0,0.0,0.0,0.0515249922570604,0.14507371288618437
2012-06-26,0.06126446831888643,0.0,0.0,0.3658723206634877,0.06162253411979323,0.19993114478462493,0.11411189680650788,0.0,0.0,0.0,0.05171774579214209,0.14547988951455765
2012-06-27,0.06091016555672559,0.0,0.0,0.3657747304671159,0.06311363053871318,0.20030371282873907,0.1136154570650043,0.0,0.0,0.0,0.05163989787641489,0.14464240566728728
2012-06-28,0.06075678626050973,0.0,0.0,0.3658501038322801,0.06318803727242853,0.20103923258503834,0.11257948000135881,0.0,0.0,0.0,0.05175568386555654,0.14483067618282805
2012-06-29,0.05526346924454152,0.042395878175768904,0.0,0.35663783781699376,0.05958426606064945,0.20239835807872436,0.1023794437701676,0.0,0.0,0.0,0.04675612281368323,0.13458462403947116
2012-07-02,0.05377913465239512,0.04131269532302716,0.0,0.3633123531722092,0.060138026549757126,0.20652190288418526,0.10231209349602884,0.0,0.0,0.0,0.046262126928740974,0.1263616669936562
2012-07-03,0.051944222223224375,0.0398991580250494,0.03644325105370148,0.35282024753538016,0.05789929029963251,0.1949453028407176,0.0991362831842106,0.0,0.0,0.0,0.04451864790776462,0.12239359693031934
2012-07-05,0.05460517177249612,0.0,0.0,0.3909029949079263,0.06282969664495537,0.21211472746816024,0.10427103611801733,0.0,0.0,0.0,0.046827740150124315,0.12844863293832026
2012-07-06,0.056525541385450746,0.0,0.0,0.38790463962115745,0.0642378595662283,0.21425218240179023,0.10663266983044514,0.0,0.0,0.0,0.04879927815733023,0.12164782903759798
2012-07-09,0.056396922384358464,0.0,0.0,0.38775726746151323,0.065100375743589,0.21396665621614214,0.10742456776380659,0.0,0.0,0.0,0.04918496579559336,0.12016924463499722
2012-07-10,0.05697549966165721,0.0,0.0,0.3849165469403531,0.06474112219856287,0.21307865237007478,0.10927961691025034,0.0,0.0,0.0,0.049459470016924724,0.1215490919021769
2012-07-11,0.05619445093627191,0.0,0.0,0.38895994385831556,0.06497544552361717,0.21328798211113717,0.10687257879002271,0.0,0.0,0.0,0.04817917268515983,0.12153042609547557
2012-07-12,0.056141658735555565,0.0,0.0,0.3883536306644517,0.064988066763756,0.21283012687256309,0.10656834279284186,0.0,0.0,0.0,0.048623387939485986,0.12249478623134581
2012-07-13,0.05756883826170376,0.0,0.0,0.3877566183593721,0.0652753214573457,0.20940053435697112,0.1075724667286695,0.0,0.0,0.0,0.049129618632794296,0.1232966022031435
2012-07-16,0.0562709865871387,0.0,0.0,0.38975892868872886,0.06524821073810447,0.20989797195599716,0.10754051087504835,0.0,0.0,0.0,0.04899640921438102,0.12228698194060161
2012-07-17,0.05646165245644379,0.0,0.0,0.39144176220805393,0.06522910486173832,0.20892040321572813,0.10717244783605977,0.0,0.0,0.0,0.04902285999857383,0.12175176942340221
2012-07-18,0.0562594443073743,0.0,0.0,0.3907761438202101,0.0645880152024899,0.20906850106611746,0.10663844879687652,0.0,0.0,0.0,0.049193482380198106,0.12347596442673359
2012-07-19,0.054367188180524904,0.042913178332614925,0.0,0.37380383539455464,0.0625268803283259,0.1966416614106822,0.10269409640804598,0.0,0.0,0.0,0.047714780326795214,0.1193383796184561
2012-07-20,0.05652554675210634,0.0,0.0,0.3914295396620248,0.06539178582412015,0.2056541118112095,0.10668556082338904,0.0,0.0,0.0,0.049798038223571435,0.12451541690357866
2012-07-23,0.05715661779260391,0.0,0.0,0.3906385910936559,0.06510964740202972,0.20631417981996933,0.1075814091669378,0.0,0.0,0.0,0.05018988201004789,0.12300967271475541
2012-07-24,0.05706486503880247,0.0,0.0,0.3931038775732071,0.06526138421130843,0.20330470223523978,0.10766955687232493,0.0,0.0,0.0,0.05011127411305804,0.12348433995605936
2012-07-25,0.056926526052540505,0.0,0.0,0.39335947128090304,0.06519526487623174,0.20379305083454693,0.10664403801531462,0.0,0.0,0.0,0.050347640717756756,0.12373400822270648
2012-07-26,0.05700512602582371,0.0,0.0,0.3945573045970787,0.06526018387345497,0.20402678889649783,0.10664496700756883,0.0,0.0,0.0,0.050403305101909573,0.12210232449766653
2012-07-27,0.0541174600973559,0.04005421736155534,0.0,0.38145674675542646,0.06270566770689653,0.19907143035232738,0.10037101572873909,0.0,0.0,0.0,0.04894551162681633,0.1132779503708829
2012-07-30,0.054108998741594076,0.04037726352056385,0.0,0.37528446531847753,0.061760274425157004,0.19936497228209746,0.10255534611580178,0.0,0.0,0.0,0.04999157133187453,0.11655710826443368
2012-07-31,0.05678005480186858,0.0,0.0,0.39024564338560425,0.06432983875800644,0.20752181773412157,0.10716314165695218,0.0,0.0,0.0,0.052212929699617126,0.12174657396383008
2012-08-01,0.05788806450587472,0.0,0.0,0.3912223297883162,0.06472721567557115,0.2040504316938879,0.10735984587924396,0.0,0.0,0.0,0.052625279255965864,0.1221268332011402
2012-08-02,0.058255823749893416,0.0,0.0,0.3905360068894576,0.06487256492298263,0.20481980781742404,0.10735043047781943,0.0,0.0,0.0,0.05301775012380991,0.12114761601861297
2012-08-03,0.0537202616533948,0.03995257977249311,0.03536870568281743,0.361241685275849,0.05996192493057956,0.18994344153599643,0.09873503502562674,0.0,0.0,0.0,0.049014114032289544,0.11206225209095333
2012-08-06,0.05345257339790473,0.039088286233128385,0.03516197079806947,0.35967929249686814,0.05946070386288273,0.19330352302945208,0.10090614980114884,0.0,0.0,0.0,0.04994205352445764,0.10900544685608807
2012-08-07,0.0533669194818208,0.03898386400837279,0.03508097537926255,0.35931590315045375,0.059460751449648644,0.19441924283076703,0.1007751878865489,0.0,0.0,0.0,0.049851655227219294,0.10874550058590615
2012-08-08,0.054254247138878664,0.039625243767907985,0.03587644575255972,0.3551251515959931,0.0596569207446457,0.1921179904190405,0.10245149182490726,0.0,0.0,0.0,0.05021557598220291,0.11067693277386409
2012-08-09,0.05454354456512434,0.04005773450649793,0.036344680766774724,0.3553779645972535,0.06007382340101819,0.1890071903937956,0.10363808856744773,0.0,0.0,0.0,0.05033262939246383,0.11062434380962417
2012-08-10,0.054508251798212025,0.04020535756988769,0.036298456053766866,0.35429722591248486,0.059880138293662996,0.1885622847249119,0.10407777771412131,0.0,0.0,0.0,0.050189061492491936,0.11198144644046047
2012-08-13,0.05452968061326191,0.04036147679036425,0.03653231263315369,0.3517592961481631,0.05971326713076257,0.18742056058111184,0.10726687680698362,0.0,0.0,0.0,0.05056679426597443,0.11184973503022458
2012-08-14,0.054268831937420006,0.03961307355579835,0.03577944689129474,0.3431065313492486,0.05988994848594666,0.19345430874074107,0.11223574279734994,0.0,0.0,0.0,0.0526101446291534,0.10904197161304723
2012-08-15,0.05508828141459625,0.04002442852813077,0.03618349669876561,0.3387709181898153,0.059211471442333276,0.1935836960934483,0.11305368008943592,0.0,0.0,0.0,0.053669426533791795,0.11041460100968274
2012-08-16,0.05688840884718631,0.04119949080760806,0.03724872628431937,0.3309814322513354,0.05879962740649739,0.19031368886475553,0.11663124134438936,0.0,0.0,0.0,0.056103356025657775,0.11183402816825058
2012-08-17,0.056298494095392365,0.04072731741266298,0.037088507720695475,0.33317455743401314,0.0586498784787015,0.18860588189370356,0.11547692466750334,0.0,0.0,0.0,0.055506047969122486,0.11447239032820525
2012-08-20,0.05622506482451002,0.040847256937682125,0.03707839597518919,0.33272792837319826,0.05870461739226036,0.18885615256146285,0.11543679984299823,0.0,0.0,0.0,0.05542765581130223,0.11469612828139675
2012-08-21,0.05618264426685617,0.04093343378227391,0.037109480057923194,0.3331872017497478,0.0587193718326183,0.1879044475386552,0.11537553202039998,0.0,0.0,0.0,0.055372586656781644,0.1152153020947438
2012-08-22,0.0530941727997672,0.038701523706971684,0.035105854245650554,0.31526686888622774,0.05545301202138468,0.1779612920655031,0.10962406432526722,0.05502183797183849,0.0,0.0,0.0524259075433738,0.10734546643401537
2012-08-23,0.06097426684456784,0.044213487610628543,0.041021009326214726,0.34198847281404054,0.06158376548025345,0.1976076254957897,0.1293628025122426,0.06278081633865985,0.0,0.0,0.06046775357760276,0.0
2012-08-24,0.05222969972963983,0.03840198163776697,0.03497624236357088,0.2966588912757356,0.05514287250104137,0.16691560870992084,0.11045113326317299,0.0528794171924638,0.03368460389762434,0.0,0.05391959002992892,0.10473995939913455
2012-08-27,0.05301333183599865,0.03900070889178638,0.0,0.30770740515815126,0.056800269840830656,0.1763562456058497,0.11814737575963194,0.05376636236315134,0.034282929675804125,0.0,0.054970269011400605,0.10595510185739525
2012-08-28,0.06097249209633869,0.04350771865625338,0.0,0.33471082903793775,0.06472845193017587,0.19550446310774708,0.1325432141438056,0.06722884288251901,0.03756805789395457,0.0,0.06323593025126797,0.0
2012-08-29,0.05365304877831689,0.03834885068568426,0.0,0.29996167387917483,0.05729102359755232,0.18546892657900726,0.11642467364367123,0.05918122350673089,0.033103042243757,0.0,0.05609814401480849,0.1004693930712968
2012-08-30,0.055170473452688454,0.03929698712698511,0.0,0.31110798426644304,0.05980307911306524,0.1901478537782358,0.12088126526951189,0.06030367611551032,0.0,0.0,0.059949238414589566,0.10333944246297062
2012-08-31,0.059758772749005394,0.04183456676996482,0.0,0.3351078631953243,0.065284923206097,0.20115750407215957,0.13191988954003483,0.06277386067709573,0.0362302918272275,0.0,0.06593232796309095,0.0
2012-09-04,0.06090038592422965,0.04256433653489826,0.0,0.33435127807047516,0.06500212763043396,0.1964378661743228,0.13500317380530688,0.06271062400836482,0.03515541510778367,0.0,0.06787479274418469,0.0
2012-09-05,0.06106608045577359,0.04243567713396129,0.0,0.3340527217148852,0.0648614785705628,0.19587356584048415,0.13532337466683772,0.06258697940706069,0.03475051811191265,0.0,0.06904960409852187,0.0
2012-09-06,0.0616285309468426,0.0421526215870034,0.0,0.33024269294972686,0.0639901100685276,0.1935829425845109,0.13789706617403122,0.06184523942965316,0.03428710126296069,0.0,0.07437369499674361,0.0
2012-09-07,0.05829007360414278,0.04036469649646281,0.03728314833249393,0.3158132235541034,0.06082072926103895,0.18575879090147174,0.13531164011180338,0.06045252519067504,0.0333688892390599,0.0,0.07253628330874805,0.0
2012-09-10,0.05833514221750469,0.039975022541392326,0.03632548477504217,0.3200678234779066,0.061038963818372816,0.18613688228772005,0.1357696074182256,0.057379426214933985,0.03230476280620955,0.0,0.0726668844426923,0.0
2012-09-11,0.05824866776154076,0.039633791089462425,0.03588655208281064,0.31936529975052935,0.060691436635543765,0.18580192642281548,0.13810185403351202,0.056750707279727426,0.03204074076095768,0.0,0.0734790241831005,0.0
2012-09-12,0.058535503240231546,0.03960314616631576,0.03602058263300234,0.3211683288884028,0.06041286885289683,0.18770390137956802,0.13467082587561474,0.05648525133899204,0.03192188743453306,0.0,0.07347770419044287,0.0
2012-09-13,0.05886709706771576,0.03984397802129909,0.036224174308665764,0.31882272408362267,0.05996015318332967,0.1875940587940557,0.13519376897056054,0.056827154075864576,0.03203313509057087,0.0,0.07463375640431531,0.0
2012-09-14,0.060928524161159826,0.04191043284656704,0.037310870943396725,0.33140721000555434,0.0,0.19253979148731037,0.1425367331999364,0.05770483066574042,0.03201466791466682,0.02694852862976636,0.07669841014590177,0.0
2012-09-17,0.06038268833033092,0.04143007402558211,0.03684420669507123,0.3128267377651155,0.05899526505605228,0.18214338957588133,0.14190913918082548,0.05766587901804372,0.032010672080658394,0.0,0.07579194827243892,0.0
2012-09-18,0.06304335198804002,0.04218634877947867,0.03815185976692924,0.30511518792627296,0.05689522475842196,0.17675513899808826,0.14622096196088039,0.060426133101614654,0.03299180853451527,0.0,0.07821398418575858,0.0
2012-09-19,0.06305300981169355,0.042029255866639935,0.03801037093261999,0.3061671460354259,0.057460794139991826,0.17540666329297067,0.14914048533775892,0.05999906313209939,0.03252820306222784,0.0,0.07620500838857194,0.0
2012-09-20,0.06496202648500196,0.043017742584161724,0.0382962649590186,0.3077073779748649,0.057864409680578356,0.17370609984420293,0.14744602555913408,0.0594408885957787,0.03238371631041896,0.0,0.0751754480068397,0.0
2012-09-21,0.06532626680352922,0.04305734380389426,0.03843604514563916,0.3100259870650292,0.05814465798787515,0.1741552129498554,0.14542652325590058,0.06024728301979966,0.03295162004549684,0.0,0.0722290599229804,0.0
2012-09-24,0.06571220686558893,0.043143981399181346,0.0384361798452282,0.30781303260322185,0.05809743998615363,0.17382933412163917,0.1475264227393406,0.060184794420442216,0.032992435008589525,0.0,0.07226417301061448,0.0
2012-09-25,0.06569740500237628,0.04298861465612795,0.03843873612289819,0.3074637862129407,0.05761459211838881,0.17354811159766087,0.14691369544997526,0.061065220672726836,0.033078546218327336,0.0,0.0731912919485777,0.0
2012-09-26,0.06833605092926237,0.04517431255887885,0.040841994162064126,0.30095957417243013,0.056681986855773976,0.16944636938950913,0.14241945375899284,0.06502637518610546,0.03376919948609251,0.0,0.07734468350089047,0.0
2012-09-27,0.06769331302137868,0.044731476707503916,0.04064786857676527,0.3022013764777,0.056450304654746895,0.17185879848786514,0.13921762194337461,0.06438601662202116,0.033658945362335393,0.0,0.07915427814630893,0.0
2012-09-28,0.06780754333928699,0.04492412377200593,0.041306062655932375,0.30479961891383667,0.05695756150112876,0.17303150930984415,0.13175714869162816,0.06500169430417536,0.03433030893500838,0.0,0.08008442857715317,0.0
2012-10-01,0.06743635020974162,0.04430728166997994,0.04128633553185114,0.30738432750943084,0.05682528403368153,0.17232352509373394,0.12903296162126054,0.06609993037655372,0.035040807806612916,0.0,0.08026319614715367,0.0
2012-10-02,0.06830281623415733,0.0442941934525716,0.041822549861206725,0.3058585535549966,0.057032311323755934,0.17141449763483604,0.1283178452084751,0.06796813596596638,0.035883879840825195,0.0,0.07910521692320918,0.0
2012-10-03,0.06823139643440766,0.04422557956764101,0.04180094530259538,0.308098964542971,0.057454051305262,0.17105676382109689,0.12773342363078036,0.06773312084231106,0.03573473422949573,0.0,0.07793102032343893,0.0
2012-10-04,0.06875508797119004,0.04398990195446352,0.04171152613126123,0.30551674889302377,0.057043493289523274,0.16985776895872642,0.12818751249135374,0.06952214043595557,0.03624391416711088,0.0,0.0791719057073916,0.0
2012-10-05,0.0687491815194644,0.043880580397006305,0.04175563620401151,0.30462490983453244,0.05642472439017437,0.17057429603715132,0.12834151812459554,0.06973113196168823,0.036327637094295685,0.0,0.07959038443708022,0.0
2012-10-08,0.06906523488104159,0.044208261603814705,0.04255697225447604,0.3022572036254032,0.055780101827470466,0.17315079260204128,0.12857023926412997,0.0691370489222284,0.03570002740910182,0.0,0.07957411761029264,0.0
2012-10-09,0.07144120042189285,0.044372732902781396,0.0429957076111679,0.29937156804081266,0.0550990049761352,0.17176282931030296,0.12836217770278965,0.06937994784277313,0.03506212049645288,0.0,0.08215271069489134,0.0
2012-10-10,0.0702107407691219,0.043717989306172246,0.04291787452766722,0.299333405835117,0.05540389380790451,0.17305296326814185,0.12926544417051183,0.06881990332234243,0.035052438770734835,0.0,0.08222534622228624,0.0
2012-10-11,0.06991792670285132,0.04365702305719455,0.04317256053016295,0.2971559484107286,0.05531297377260363,0.17269924960184393,0.12999123897972847,0.06921062547612758,0.035066762091599486,0.0,0.08381569137715947,0.0
2012-10-12,0.07005804960058223,0.0434719932820005,0.042784583727197505,0.29758003304599523,0.05468683110508208,0.17503898618309113,0.1284264337715996,0.06907390870454369,0.03488308471312868,0.0,0.0839960958667794,0.0
2012-10-15,0.0697951985794184,0.043591412021619806,0.04286408947267959,0.2974228966049014,0.05457882400338017,0.17500976989435466,0.12844047143409432,0.0679989484324561,0.034403579757033224,0.0,0.08589480980006241,0.0
2012-10-16,0.07021933926589286,0.045203904136346375,0.04345374762747972,0.29836640397213154,0.05544198133963884,0.17339006856685749,0.12899710773228495,0.06637658246639401,0.033273872838683376,0.0,0.0852769920542908,0.0
2012-10-17,0.07055279563905269,0.04600736441008082,0.04549422689080847,0.29521845885477893,0.054471608205669965,0.175160373306787,0.1281797889339804,0.06624393253271392,0.033351553053786856,0.0,0.08531989817234088,0.0
2012-10-18,0.07196983080504919,0.04658841838719128,0.04564612847874221,0.28860044969500537,0.05472979414005368,0.17473304580302915,0.1321543622782155,0.06645644586115705,0.03345599640607705,0.0,0.08566552814547959,0.0
2012-10-19,0.07187183496045091,0.046547756678852456,0.04566120606648478,0.2890765749841628,0.05477246173954698,0.1743746793221489,0.13291441832314072,0.06787569167919799,0.03328485846758679,0.0,0.08362051777842766,0.0
2012-10-22,0.07050219376167777,0.048647797759838206,0.046039795572454745,0.28711947337197763,0.053698744940536995,0.17374152220368472,0.1378214415566173,0.06646513305584274,0.032538922601837494,0.0,0.08342497517553227,0.0
2012-10-23,0.07300632122414184,0.04898766463414251,0.04737410063480107,0.2865797959043139,0.05407717623901289,0.17314454219822573,0.13727540562433851,0.06494892240906125,0.031755911214709664,0.0,0.08285015991725267,0.0
2012-10-24,0.07113495614928511,0.047548099650480284,0.04645349895349359,0.28889078320584216,0.05391993079590911,0.17627697272442389,0.1375768674250855,0.06400354799231801,0.031659841965492874,0.0,0.08253550113766932,0.0
2012-10-25,0.07140948410829301,0.047537060275294175,0.04634725574109217,0.2878990387945665,0.053253632991275016,0.17819610639075292,0.13754739585205947,0.06398253926855083,0.03165153603344427,0.0,0.08217595054467164,0.0
2012-10-26,0.0714499307692749,0.04750817160131828,0.046039272954113114,0.28540188073972017,0.05331580406744826,0.17675455427393696,0.1400972922705228,0.06462975745764188,0.03224042494630133,0.0,0.08256291091972229,0.0
2012-10-31,0.07282729383952409,0.04885540323455183,0.04675298869315234,0.2817953813204466,0.0526616813710609,0.1740520101952503,0.14253799090924985,0.06576046190078998,0.0326606902696445,0.0,0.0820960982663296,0.0
2012-11-01,0.07708851950416938,0.05309366782216293,0.04948627530847022,0.2792479976018844,0.052616424416722235,0.1704581097971172,0.14095053959103662,0.06483769983994792,0.03257180454047323,0.0,0.07964896157801593,0.0
2012-11-02,0.07860223929713386,0.054867972401014105,0.05057803923179585,0.29121177781160773,0.05450600687385263,0.17345897507180863,0.14693514311027064,0.06738021944862774,0.0,0.0,0.0824596267538889,0.0
2012-11-05,0.07454777100417424,0.05248072671257736,0.04850199036724537,0.28629957184132226,0.05327515241043232,0.17156668772872452,0.1415367359469489,0.060389993162429954,0.030471018517626083,0.0,0.08093035230851893,0.0
2012-11-06,0.07444258898764979,0.052389003067758594,0.0483887404967518,0.2855273822989081,0.0531704951283306,0.17349462650898478,0.1410028660498511,0.060253091926642605,0.030426097491040926,0.0,0.08090510804408171,0.0
2012-11-07,0.0749213246810708,0.05291528231788185,0.04909860227132076,0.28314028794277674,0.05365790493742661,0.17154210654369928,0.14343121304774312,0.05883026832527147,0.03027917619804135,0.0,0.08218383373476806,0.0
2012-11-08,0.06914706775154597,0.0525318847423328,0.04879843972972483,0.2857939484178528,0.05287435500546243,0.1751148447400523,0.1419066499781784,0.05984426797610292,0.03074568699469668,0.0,0.08324285466405096,0.0
2012-11-09,0.06803831528753723,0.05260227484586305,0.04882282066827495,0.2869043828879445,0.05215355125053178,0.17722776458259934,0.14173260312927352,0.06039149338910563,0.030956868356414907,0.0,0.08116992560245519,0.0
2012-11-12,0.06741452967069929,0.05214755792551459,0.0483733670235213,0.28909520301269814,0.05264947821745633,0.17880466469266967,0.14027804227702906,0.060165003326567865,0.030673882563498393,0.0,0.08039827129034545,0.0
2012-11-13,0.07177960505621915,0.05556839649469104,0.05146654458931696,0.3189128906866745,0.05726297712212437,0.19642270401915576,0.15201500688542022,0.06398162914459392,0.03259024600180409,0.0,0.0,0.0
2012-11-14,0.0,0.06377027387222567,0.0,0.3615659791036725,0.065483478649467,0.22613317924853668,0.1732240185194386,0.07267674948935335,0.03714632111730624,0.0,0.0,0.0
2012-11-15,0.0,0.0633342821446038,0.0,0.3639148593330776,0.06584841676978719,0.22655371012890363,0.17006977737567724,0.07294925489284214,0.037329699355108534,0.0,0.0,0.0
2012-11-16,0.0,0.06336227241315881,0.0,0.36308560383477706,0.06589913753356728,0.22650969195825377,0.17044724081703586,0.07260556525252913,0.0380904881906781,0.0,0.0,0.0
2012-11-19,0.07018513739511026,0.05576055037715676,0.050472040790997305,0.3197375652960393,0.05787581122973355,0.19903488913341205,0.14915114410521113,0.06433998887852563,0.03344287279381398,0.0,0.0,0.0
2012-11-20,0.061050973762980285,0.049393641308524416,0.045610703062502846,0.31308415870343564,0.05484203582216358,0.18906958399387172,0.1250626449713877,0.0593309016257053,0.03059916733468008,0.0,0.07195618941474863,0.0
2012-11-21,0.06678748334913251,0.053725457156967756,0.0497814315426066,0.3349596474475295,0.058894906419527444,0.20177456185286377,0.13561415018520515,0.06472566378182168,0.03373669826434566,0.0,0.0,0.0
2012-11-23,0.06235498578862311,0.049932939187812414,0.046237495562224146,0.3084551996132094,0.054730147757047674,0.18758282915283545,0.12732986338111413,0.06014308457283626,0.031341625307691696,0.0,0.07189182967660573,0.0
2012-11-26,0.06107432579397961,0.048300730515742206,0.04600457112451485,0.3112881588874376,0.05519326605522411,0.18867317234052458,0.1272640976378779,0.0595626387003717,0.03106864208133862,0.0,0.07157039686298874,0.0
2012-11-27,0.061018162042632315,0.048252048656018766,0.04601195592400544,0.31162592811896467,0.055067231695405804,0.18846601482872144,0.12730281800852075,0.05951619428012855,0.031077837538511465,0.0,0.07166180890709085,0.0
2012-11-28,0.0607690912391671,0.04814788560402706,0.04579456909339189,0.3110797135287961,0.05505739766810074,0.18980182511262172,0.12728108209761946,0.05968961884372232,0.031101291583025714,0.0,0.07127752522952781,0.0
2012-11-29,0.06067022384636648,0.04899251151302416,0.04626806049429378,0.31123557018447534,0.05518330757230562,0.18965871872192056,0.12727118046695088,0.05832156950247457,0.031115848941712314,0.0,0.07128300875647638,0.0
2012-11-30,0.05910244509152422,0.04773180349334437,0.04518228100230216,0.3117518318647464,0.05498809131069348,0.1959913869839124,0.12312045633275334,0.06062477995443815,0.03236104198101872,0.0,0.06914588198526686,0.0
2012-12-03,0.05900916515942559,0.04780712266244902,0.04525307317339072,0.31084585564818096,0.05485673753619653,0.19767185827723804,0.12280940271305908,0.06012154612554562,0.03195179641942074,0.0,0.0696734422850937,0.0
2012-12-04,0.05891980058806933,0.04796064252034896,0.045468243655632956,0.31141951586729655,0.05507656719906823,0.1978580974886246,0.12150161697478719,0.0602435168482222,0.032003604570830936,0.0,0.06954839428711891,0.0
2012-12-05,0.06085142986052309,0.04925173540657194,0.04596415988535057,0.31029684152025194,0.05530500575538717,0.199852532205214,0.12059543718596057,0.05800253712023975,0.03094164296598621,0.0,0.06893867809451473,0.0
2012-12-06,0.06051583176279087,0.04987480453048904,0.047244507469870634,0.3073340144373139,0.05505290703204402,0.19841429883877054,0.11972517315737648,0.0615855262177714,0.03187049630772736,0.0,0.06838244024584557,0.0
2012-12-07,0.06061507189361352,0.050193289683170654,0.04781593870704354,0.3069389714760843,0.05500084049506773,0.1981730945765353,0.11970494816824918,0.06185444308928326,0.031964148235091576,0.0,0.06773925367586088,0.0
2012-12-10,0.06048422157351166,0.05067931040383561,0.04824503181416441,0.30707980643175864,0.05457749283792998,0.19547129346927794,0.12230998897650991,0.06170550184122407,0.03190737232831635,0.0,0.06753998032347154,0.0
2012-12-11,0.060076510565809885,0.05043649946345016,0.047794715381747115,0.309497799240766,0.055115465339908014,0.19549635814199057,0.12183390848980072,0.06102819949410378,0.03167245368377022,0.0,0.0670480901986535,0.0
2012-12-12,0.06025325902261833,0.050149913660187125,0.04981867620112421,0.306976494862057,0.05338958336480712,0.19314718056537697,0.12164207670915778,0.06374800227388878,0.03358075097619648,0.0,0.06729406236458618,0.0
2012-12-13,0.05883044487098699,0.04924568031115771,0.049112733115771794,0.3112520834326373,0.056226225535026854,0.19720961842883325,0.11773693599243679,0.062139582129409496,0.03231639063158299,0.0,0.06593030555215679,0.0
2012-12-14,0.058565366834260675,0.04932258930482334,0.04966255342099339,0.3098411475824491,0.05728455094274013,0.19941947784404096,0.11674259001856685,0.06204761733868581,0.03178742296518675,0.0,0.06532668374825296,0.0
2012-12-17,0.05837732750430831,0.04931068556298836,0.04950614528458616,0.30591505996572027,0.05695394062011848,0.20208275659374278,0.11652556547200515,0.06273897121597453,0.032362268745361154,0.0,0.06622727903519486,0.0
2012-12-18,0.06114382639287762,0.052818483166311186,0.05300345805312328,0.32376611190477006,0.0,0.21280082679185305,0.12387226561360826,0.06712155621313573,0.03466849542197064,0.0,0.0708049764423503,0.0
2012-12-19,0.060598801791985575,0.05305719208039717,0.05356291293231476,0.31996644745090225,0.0,0.2126458775940522,0.12698553308594,0.06563602848626947,0.03456883103870173,0.0,0.07297837553943679,0.0
2012-12-20,0.06721091697123702,0.05925307499648561,0.05987396726107965,0.35714656188802074,0.0,0.23294973646919598,0.1420233645010488,0.0,0.0,0.0,0.08154237791293222,0.0
2012-12-21,0.0628397165623016,0.055560838263942265,0.05609237779902699,0.3369550596412626,0.06242357294995158,0.21922072313710267,0.13272595465836884,0.0,0.0,0.0,0.07418175698804333,0.0
2012-12-24,0.0622484624037998,0.05487413602189188,0.05593565514415117,0.33473849721556503,0.0613789324337968,0.21653238036947375,0.13768594275897805,0.0,0.0,0.0,0.07660599365234351,0.0
2012-12-26,0.061996250951183204,0.05514669732150088,0.05567455823718291,0.3336626871003119,0.061956180793189146,0.2175726568248255,0.13794594167002525,0.0,0.0,0.0,0.07604502710178124,0.0
2012-12-27,0.06189938322158209,0.0552315083769836,0.05645586003400472,0.3276600339164359,0.061497809367220026,0.21435751264487016,0.14793746823352208,0.0,0.0,0.0,0.07496042420538136,0.0
2012-12-28,0.06167012361605491,0.05782281869593966,0.05626942179155826,0.3278887793128247,0.06100043447019149,0.21102743983019592,0.14996703392256178,0.0,0.0,0.0,0.07435394836067334,0.0
2012-12-31,0.06055475772528624,0.056975418779879654,0.05659793418450929,0.32396600234410217,0.0,0.2111105456554537,0.14880955251015723,0.06767758248487211,0.0,0.0,0.07430820631573958,0.0
2013-01-02,0.05746054209838948,0.054992230389127844,0.054634065271236674,0.316724165003226,0.0,0.19910575218367127,0.14571704434284008,0.06564825898709965,0.03309764816026408,0.0,0.07262029356414486,0.0
2013-01-03,0.05622440529271118,0.05700103352555416,0.056009525321766625,0.3333511508946543,0.0,0.20896673788245396,0.14506621108866008,0.06875743899822973,0.0,0.0,0.07462349699596986,0.0
2013-01-04,0.061590744991427554,0.06210784021774316,0.06110996420011593,0.35738238699607927,0.0,0.2181790547776804,0.1582762375816819,0.0,0.0,0.0,0.08135377123527185,0.0
2013-01-07,0.06119501239613664,0.06172745980696073,0.06085028497399651,0.3599072800236605,0.0,0.21788101687729586,0.1576953282974974,0.0,0.0,0.0,0.08074361762445231,0.0
2013-01-08,0.060914843112167855,0.06155497767378431,0.06070493497944777,0.36098602192456086,0.0,0.21811584881473559,0.15729896483603828,0.0,0.0,0.0,0.08042440865926524,0.0
2013-01-09,0.06133459168984,0.06281382042170718,0.060277425788844305,0.36003539547373825,0.0,0.21738296471853166,0.15783996765721148,0.0,0.0,0.0,0.08031583425012709,0.0
2013-01-10,0.055260951541198346,0.05635728052669011,0.05433651103385256,0.32559841323110095,0.0,0.19590527798595328,0.14229010769382944,0.06508133154437468,0.033064032397264104,0.0,0.07210609404573665,0.0
2013-01-11,0.06040529723061439,0.06124561761512267,0.05982888325914707,0.36065975899751224,0.0,0.21914071635246393,0.15935554296546575,0.0,0.0,0.0,0.07936418357967386,0.0
2013-01-14,0.05276208932745645,0.05345322532376568,0.051767180646508384,0.31401943676393224,0.0,0.1904544530104509,0.13893627486110538,0.06171477958343895,0.031465275600691234,0.0359878571957813,0.0694394276868694,0.0
2013-01-15,0.0548217403534531,0.05560275411303453,0.053486338555715954,0.3232866144674123,0.0,0.19874959316291183,0.14488351147481263,0.06442764917482721,0.0326497194660922,0.0,0.07209207923174032,0.0
2013-01-16,0.053106543781109274,0.05475607207918327,0.05153883135714343,0.3127419889383627,0.0,0.19031542840638904,0.13999070667762292,0.06171741750392552,0.031215919584008683,0.035380482632627455,0.06923660903962771,0.0
2013-01-17,0.05244443421969061,0.05418251187423118,0.051035057654338196,0.3213299032803004,0.0,0.18843012068918796,0.1378790719493551,0.060820394088554455,0.03080028754103847,0.034733295825030625,0.068344922878273,0.0
2013-01-18,0.052628776257027304,0.05438519360131783,0.05135982817009583,0.3169274261706022,0.0,0.18988802320853837,0.13772541369358257,0.061156417648201344,0.031109757627050715,0.034753272297671514,0.07006589132591222,0.0
2013-01-22,0.053882921485074335,0.05520990739392046,0.05238310501300507,0.31305076020117006,0.0,0.1881563647788841,0.1393111910149587,0.061422200307645475,0.031180578325390857,0.035195749688720995,0.07020722179122997,0.0
2013-01-23,0.05348705535126404,0.05519033886873659,0.05253384346940874,0.31372175083954557,0.0,0.18871566113851376,0.13867264542363592,0.0611452769823477,0.03101665079829415,0.0353553192137691,0.07016145791448436,0.0
2013-01-24,0.05384082307450563,0.05827771182965618,0.05438116229742701,0.3120321351541258,0.0,0.18498889367556962,0.13746196141617592,0.0613700646986232,0.031028471523393816,0.03604334378137766,0.07057543254914511,0.0
2013-01-25,0.05751951282009735,0.062048862427025904,0.057778502045484056,0.3306807163865152,0.0,0.1988006953860179,0.14647444037916196,0.0,0.03263148755646526,0.03876165725728523,0.07530412574194706,0.0
2013-01-28,0.05773216822709867,0.06179849048804083,0.05871342209967931,0.33067413016087616,0.0,0.19615383715564516,0.1473936370900869,0.0,0.03280156235784484,0.03901679412604421,0.07571595829468379,0.0
2013-01-29,0.05661988509362855,0.06030983028431599,0.05769761981707149,0.33259294206937545,0.0,0.2008080678618793,0.14557832586310213,0.0,0.0319982242279229,0.038261138778231576,0.07613396600447232,0.0
2013-01-30,0.052916611245405164,0.0562499975079482,0.053290742825622725,0.31408259316344994,0.0,0.19039241895604408,0.13559492216999428,0.059785389781554975,0.02964774880555009,0.03564588293885836,0.07239369260557232,0.0
2013-01-31,0.05685486261939089,0.06085324060054729,0.05833152998751243,0.3367420863392368,0.0,0.20549974673176094,0.13749574585676405,0.0,0.031055222502190595,0.03805023922291039,0.07511732613968668,0.0
2013-02-01,0.07821953176005134,0.08403852567736665,0.07974764099483395,0.0,0.0,0.28013748965509416,0.185547974689481,0.09228596823811137,0.044933148045559174,0.05346303530643192,0.10162668563307044,0.0
2013-02-04,0.05326335490852887,0.0577143659087911,0.05480971043736763,0.3132278283319454,0.0,0.1913979101999562,0.1274244815023724,0.06374211079988086,0.030856200793035516,0.036927807335651784,0.07063622978247014,0.0
2013-02-05,0.0524116460270593,0.05476740079807461,0.05350509095342086,0.3112204316866656,0.0,0.19369620540196034,0.1252193975108681,0.06859286771835114,0.031948022077901775,0.03815961440579962,0.07047932341989865,0.0
2013-02-06,0.05500246418273774,0.05580304600501664,0.05468798836409582,0.3071239892975753,0.0,0.19015038795844375,0.1261985199486896,0.0671186896329474,0.03128789313326705,0.043376267854736215,0.06925075362249059,0.0
2013-02-07,0.05633699063084339,0.05654979741028881,0.05599852489230508,0.30323815757483086,0.0,0.18654829080153254,0.12660028811743676,0.06803625199292743,0.03163082129746656,0.04313721148217228,0.07192366580019632,0.0
2013-02-08,0.05631441976864846,0.05569452913210768,0.05514930935011037,0.3034485471276011,0.0,0.1884000363958458,0.12662658134151739,0.06797415975743355,0.03151213019701169,0.0431791084812499,0.07170117844847403,0.0
2013-02-11,0.06048469526166543,0.059834996339059025,0.05907663749539924,0.3265168290077389,0.0,0.20088301041448767,0.13631924283917826,0.0,0.0339679723548567,0.04664343425251882,0.07627318203509605,0.0
2013-02-12,0.06031609600408417,0.059810839987222066,0.05964431402861446,0.32888771304835684,0.0,0.19961837843688077,0.1363039304329055,0.0,0.03343207064382884,0.04610623955139486,0.07588041786671264,0.0
2013-02-13,0.09066266661030471,0.08852411220707612,0.09033902172596592,0.0,0.0,0.2903754418774519,0.20193088252784266,0.0,0.04839554793208637,0.06710402406343625,0.12266830305583605,0.0
2013-02-14,0.0636163258497939,0.0619882297817371,0.06316002694492294,0.33260509356036516,0.0,0.20274983172850794,0.14148746686972333,0.0,0.0,0.04741956187537977,0.08697346338956988,0.0
2013-02-15,0.06426081681903272,0.06200235946105068,0.06368734510252937,0.32979166859522757,0.0,0.20145700486879184,0.14312777958221282,0.0,0.0,0.04855776552579007,0.08711526004536496,0.0
2013-02-19,0.06560487834742564,0.06346007506601807,0.06373160089164993,0.3170410745068811,0.0,0.1968919897944742,0.1591791617790309,0.0,0.0,0.0474533634964482,0.0866378561180718,0.0
2013-02-20,0.0647089131269743,0.06184420105588832,0.06339269746364658,0.31767525154561393,0.0,0.1986021389324996,0.15802619867683287,0.0,0.0,0.049921461895196056,0.08582913730334857,0.0
2013-02-21,0.05806434942233012,0.05628036226617166,0.05808856641329086,0.2990794230503895,0.0,0.18429098710882055,0.1470891707964102,0.0,0.0,0.0,0.07852608582999945,0.11858105511258765
2013-02-22,0.056234665457774856,0.05481497848474979,0.055467946091571234,0.28458919670642685,0.0,0.1743839731504185,0.14122995291830734,0.0,0.0,0.03964026758163492,0.0735026291902507,0.12013639041886569
2013-02-25,0.05813076433783603,0.05572135253227607,0.05786603041513919,0.2973161169931658,0.0,0.1832284182949133,0.14701758732639045,0.0,0.0,0.0,0.07508502905537656,0.12563470104490243
2013-02-26,0.05723789536562076,0.05332890283889671,0.05955626559844384,0.2942275141414531,0.0,0.1808216964333821,0.15228063009609255,0.0,0.0,0.0,0.07113250097704127,0.13141459454906976
2013-02-27,0.05759612181469499,0.05344138986347556,0.05977228777302367,0.2953241999577288,0.0,0.18108439139467097,0.14944986227844476,0.0,0.0,0.0,0.07097603057345528,0.13235571634450602
2013-02-28,0.0564827752217291,0.052846350283708834,0.05910287298838922,0.29735104525977707,0.0,0.18122790055070231,0.15181458415012203,0.0,0.0,0.0,0.07064575042011027,0.13052872112546116
2013-03-01,0.05663000148880806,0.05302715580264743,0.05906622051875726,0.2976501518834519,0.0,0.18191469425716655,0.1524890227134143,0.0,0.0,0.0,0.07083169012962569,0.1283910632061289
2013-03-04,0.05677730593274871,0.05279687535904043,0.058880478165710584,0.2966139232057648,0.0,0.1801422366758048,0.15552242633867883,0.0,0.0,0.0,0.07068053126148362,0.1285862230607684
2013-03-05,0.056719566938448235,0.05274526833159373,0.057923222714533,0.2966828609599677,0.0,0.18032954229006215,0.1555619838617751,0.0,0.0,0.0,0.07005897055205376,0.12997858435156645
2013-03-06,0.056255746387018364,0.05222248793825707,0.05766755566337813,0.29739508462919734,0.0,0.18114622590552878,0.15543392511298332,0.0,0.0,0.0,0.06981146841058478,0.13006750595305222
2013-03-07,0.05633201084880493,0.052258157404253436,0.05801431598562835,0.2963766363874981,0.0,0.17911522079695502,0.15575782620660006,0.0,0.0,0.0,0.07053351042221795,0.13161232194804212
2013-03-08,0.08051378451744212,0.07464876917094793,0.08291003799576264,0.0,0.0,0.2540421601915433,0.22318182597017097,0.0,0.0,0.0,0.09997211699327999,0.18473130516085307
2013-03-11,0.08136794358282423,0.07550476190849519,0.0833002423024005,0.0,0.0,0.2532885860937941,0.22566065822857886,0.0,0.0,0.0,0.10120969019308479,0.1796681176908223
2013-03-12,0.05772794161259061,0.05350057448004847,0.05875941785344316,0.2889702228872468,0.0,0.18212459523368307,0.15937808938460316,0.0,0.0,0.0,0.07156412658851415,0.12797503195987067
2013-03-13,0.0809142492455142,0.07478838938031425,0.08083937130662233,0.0,0.0,0.2571726575073744,0.22559705371251657,0.0,0.0,0.0,0.10030076057386897,0.1803875182737893
2013-03-14,0.05506021361143648,0.05048230996765915,0.053886642458096275,0.2792611985077799,0.0,0.17374667411876726,0.15497920006542026,0.0,0.0,0.0431054529871404,0.06901432282666468,0.1204639854570356
2013-03-15,0.055145353604282576,0.04996664254100902,0.05384289257718512,0.28150529602638075,0.0,0.17368658027816006,0.15284202035846697,0.0,0.0,0.0430773166559719,0.06859885651398162,0.1213350414445619
2013-03-18,0.05552841364536995,0.04959920310150907,0.05279008170450643,0.2848294830812746,0.0,0.17441169953822888,0.15376981118268454,0.0,0.0,0.04275554638603129,0.06824959410853162,0.11806616725186359
2013-03-19,0.05818794389230681,0.05117364276839767,0.054345798743762316,0.30238453482907146,0.0,0.18137403906701838,0.15988107080805308,0.0,0.0,0.0,0.07151566058703739,0.12113730930435268
2013-03-20,0.05613521051906846,0.048785064613727586,0.05152873390649005,0.28965559206434466,0.0,0.17674368624220424,0.15213315656344306,0.0,0.0,0.04209332931822604,0.06771512048549376,0.11521010628700228
2013-03-21,0.0585677566072563,0.05105578645547967,0.05390302706599632,0.3011969905013184,0.0,0.18253922751216006,0.1593571272992053,0.0,0.0,0.0,0.07343370038509989,0.11994638417348405
2013-03-22,0.05599582003256049,0.04840936671339432,0.0516315357811748,0.2884709447819997,0.0,0.17481918065736654,0.15323338400486944,0.0,0.0,0.041442641217811396,0.06990226382898199,0.11609486298184118
2013-03-25,0.055931877252308096,0.048226337875168106,0.05164553424521755,0.2890651524569963,0.0,0.17537412707233915,0.15675815091550185,0.0,0.0,0.040597278797547515,0.0697599418373384,0.11264159954758302
2013-03-26,0.05579239039079005,0.04705748841067548,0.051603587068723436,0.2907188808024801,0.0,0.17560545696699403,0.15643643634175103,0.0,0.0,0.04344628660235853,0.07021659509557676,0.10912287832065072
2013-03-27,0.05561010865952192,0.0470624980057577,0.05038393727400732,0.28978771192442665,0.0,0.17924441228388127,0.15691858594651215,0.0,0.0,0.04224998466099859,0.06944567990277294,0.10929708134212156
2013-03-28,0.0572374308715378,0.047697058468694674,0.050449184838689966,0.2875129902483523,0.0,0.17707968841891925,0.15823729353973345,0.0,0.0,0.042404268643052065,0.07072700668559855,0.10865507828542183
2013-04-01,0.05844045662058957,0.0478084778411665,0.05099563972648059,0.28536379482831004,0.0,0.1816974179909301,0.15766702234571986,0.0,0.0,0.041714202985813215,0.07076125568627079,0.10555173197471941
2013-04-02,0.06374121574100522,0.046314579135689066,0.05169860013189197,0.27596660790256017,0.0,0.17646031333452494,0.17349484371196097,0.0,0.0,0.040872783715121264,0.07077899527826362,0.10067206104898281
2013-04-03,0.062170079056246774,0.0451506353417665,0.05073005329815992,0.2763306398001662,0.0,0.18266846768581582,0.17255181032684688,0.0,0.0,0.03990331709828767,0.06901197532805084,0.10148302206465935
2013-04-04,0.06352329917162457,0.04744222928652526,0.052431496634123206,0.2906168012589827,0.0,0.18586084399277852,0.18150031871208955,0.0,0.0,0.0,0.0723749215582509,0.10625008938562518
2013-04-05,0.06162874873718874,0.04566680793357213,0.05110760811426641,0.2723204041944847,0.052660521598591976,0.17149605525956316,0.1758348803760469,0.0,0.0,0.0,0.0656739584165248,0.10361101536976118
2013-04-08,0.062250053707079867,0.04636896602175519,0.052338193445064546,0.26758098752312187,0.05040844549845869,0.1713557129985158,0.17844374154538584,0.0,0.0,0.0,0.06648019045352846,0.10477370880708992
2013-04-09,0.05976669683863492,0.04488109412937499,0.05077476330157406,0.25568512350385686,0.0482438593899817,0.16556188519164625,0.17321084958133467,0.0,0.0,0.03684380078919764,0.06356503184817817,0.10146689542622082
2013-04-10,0.06304004254415671,0.04778743256751278,0.052851783316590344,0.26713726970875035,0.0,0.17279676754579365,0.1787080205038625,0.0,0.0,0.03868030693169918,0.06638052036288543,0.11261785651874917
2013-04-11,0.06452988820099179,0.048939299139589526,0.05509244245593004,0.2763261967812135,0.0,0.180224655090424,0.18590438390246394,0.0,0.0,0.0,0.06953821249935241,0.11944492193003474
2013-04-12,0.06122488413264504,0.04612214669548755,0.052455539246349984,0.2628338579995988,0.04944089272358079,0.17223460852662661,0.1772682820349187,0.0,0.0,0.0,0.06568244209122391,0.11273734654956862
2013-04-15,0.06562715745044491,0.049565277736090166,0.0,0.27179255334714236,0.05171057079606982,0.17846177453040127,0.19062959175769073,0.0,0.0,0.0,0.07079800398064062,0.1214150704015202
2013-04-16,0.05723611861711243,0.046401695783558225,0.0496313164620495,0.2666272952622291,0.050261462356448176,0.17504301731056082,0.1742940176212271,0.0,0.0,0.0,0.062056833054443004,0.1184482435323718
2013-04-17,0.05944155496012079,0.04879818717689034,0.0,0.29057995315784385,0.053892548331374766,0.1867299643262548,0.17675006472849697,0.0,0.0,0.0,0.06330424676250476,0.12050348055651355
2013-04-18,0.05789734610271582,0.047094955603240306,0.0,0.2954524658380373,0.05468513738979111,0.18886123229637805,0.1783928127012263,0.0,0.0,0.0,0.06251953685707713,0.11509651321153398
2013-04-19,0.05768837669406336,0.0470735278052171,0.0,0.29608336457961204,0.05470600765450615,0.1888747723556434,0.17767910249405003,0.0,0.0,0.0,0.06264972427284553,0.11524512414406235
2013-04-22,0.05459649779821181,0.044711096494050105,0.046250221845025224,0.28390770281079214,0.05225133024498589,0.18031802940875172,0.17010929183296913,0.0,0.0,0.0,0.057833047193688585,0.11002278237152534
2013-04-23,0.05439194996443765,0.04465248899363704,0.04603374924903355,0.28466183360387465,0.05227488504793579,0.18085490074115984,0.1696908053744319,0.0,0.0,0.0,0.05765932056548878,0.10978006646000081
2013-04-24,0.053186568624545176,0.04373631766306101,0.045337356817513975,0.28898426691781554,0.05303437769886671,0.185921950998456,0.16449832624272345,0.0,0.0,0.0,0.05695129819092413,0.10834953684609393
2013-04-25,0.053036332682896294,0.043422373679451044,0.04516265506912497,0.29133913156170066,0.052980577910868375,0.1857977419569546,0.16359597029104261,0.0,0.0,0.0,0.056762147887614224,0.10790306896034735
2013-04-26,0.05289058412866308,0.04337990458009003,0.045269870440200304,0.2909454733133301,0.05295019443998295,0.1874254733785837,0.16287265980619386,0.0,0.0,0.0,0.05642978485417062,0.10783605505878537
2013-04-29,0.050718788768758134,0.04149866179859859,0.04297233268770298,0.27498115017110897,0.05021093746935882,0.18106643869470762,0.16971639971566482,0.0,0.0,0.030985755292372002,0.05487645230251193,0.10297308309921625
2013-04-30,0.052137081781986346,0.042255793689050664,0.04376961236349804,0.28381386260703634,0.05171504669456389,0.1865913288722647,0.1783980663926421,0.0,0.0,0.0,0.056625253936567546,0.10469395366239057
2013-05-01,0.05233137532234977,0.04210043788451764,0.04265093091732076,0.288831592355629,0.052790741613189085,0.18667189715263105,0.17714231958878168,0.0,0.0,0.0,0.05534170363587088,0.10213900152971017
2013-05-02,0.05201144859527304,0.042805603326610854,0.04227737621096444,0.2933930010790166,0.05246200979741609,0.18150358560746535,0.17982747443065883,0.0,0.0,0.0,0.053856648457808104,0.10186285249478644
2013-05-03,0.05069314210702333,0.04167006828880356,0.04084398633367907,0.29349863825405503,0.051796396804008604,0.1787122857198427,0.16588264068893674,0.0,0.0,0.027745021633908552,0.05231060741996523,0.09684721274977716
2013-05-06,0.05538976016375254,0.04545213002752732,0.044862699268400426,0.3042773570027334,0.0,0.16946049946792252,0.18481673710458357,0.0,0.0,0.030335139916980756,0.057850966023408175,0.10755471102469136
2013-05-07,0.05541299892737757,0.0458187847017267,0.04519144042893751,0.2997253895151629,0.0,0.1693301161923711,0.18706486248274362,0.0,0.0,0.03044011619224605,0.05807766208175644,0.10893862947767807
2013-05-08,0.05546349546434707,0.04595846805698281,0.04522059730109919,0.29914450060243125,0.0,0.16983656569144204,0.18649085301003604,0.0,0.0,0.0304322712968142,0.058489459392955585,0.10896378918389178
2013-05-09,0.055552570456121095,0.045707895586447445,0.04509065451794025,0.301193616117151,0.0,0.17044680108475327,0.1849536480561135,0.0,0.0,0.030541157737167385,0.058642436627792706,0.10787121981651335
2013-05-10,0.05606005264560761,0.04575832923226582,0.04540576372083529,0.30171667806636704,0.0,0.17135551344130787,0.18507859497376875,0.0,0.0,0.0308749630066046,0.05898768926890143,0.1047624156443416
2013-05-13,0.05720212413604357,0.04672448245461981,0.04620785729954663,0.30372118016439126,0.0,0.16943427775266223,0.1792769504510946,0.0,0.0,0.03152779979047493,0.06022934116476536,0.10567598678640176
2013-05-14,0.05926017302725461,0.048602605526417604,0.04750392721131552,0.31691782350148856,0.0,0.17508214630419114,0.18029846301247474,0.0,0.0,0.0,0.06266817183465362,0.1096666895822041
2013-05-15,0.05926938051223099,0.049208289531733646,0.04797166379280532,0.3124612712920913,0.0,0.17521955579244244,0.1822910093883402,0.0,0.0,0.0,0.06334797728846017,0.11023085240189599
2013-05-16,0.05766871680290046,0.048237159572850755,0.0465545512165295,0.3028771472542472,0.0,0.16772227191306285,0.17680745550617885,0.0,0.0,0.03226466534602201,0.0611664945360385,0.10670153785216985
2013-05-17,0.059394888091078436,0.04880654933848098,0.047120982604639816,0.29704116107465517,0.0,0.1653479227154214,0.1776300443608232,0.0,0.0,0.033120316831990675,0.061730460388104216,0.10980767459480616
2013-05-20,0.059876328025656726,0.05049014361372282,0.04832775771074247,0.2923604058003613,0.0,0.16307238135356691,0.17910805510842692,0.0,0.0,0.03403144974612683,0.06308657228198346,0.10964690635941253
2013-05-21,0.06049408601120367,0.051385164523926524,0.048426200658016116,0.2915181539647003,0.0,0.16289597290437946,0.18006515758419567,0.0,0.0,0.03402804400373956,0.06382921262721747,0.10735800772262113
2013-05-22,0.09334239558776111,0.0797933950127561,0.07072000438298373,0.0,0.0,0.23913476912228332,0.2626373840062242,0.0,0.0,0.0,0.09943434826492371,0.15493770362306772
2013-05-23,0.09623844006601072,0.08214480710089483,0.07300189547574991,0.0,0.0,0.23272110792069123,0.2639815852740335,0.0,0.0,0.0,0.09162862274090856,0.16028354142171114
2013-05-24,0.09892424738376177,0.08174036123213296,0.0742222892904289,0.0,0.0,0.23476450822633194,0.2635409543166036,0.0,0.0,0.0,0.08722997088501493,0.1595776686657259
2013-05-28,0.12154222416746988,0.09918667614617172,0.09059578558959565,0.0,0.0,0.0,0.32148199852867815,0.0,0.0,0.062270054406349924,0.1068916636505809,0.19803159751115368
2013-05-29,0.14487014566843345,0.11868141775476705,0.0,0.0,0.0,0.0,0.37782747977992404,0.0,0.0,0.0,0.12610523775351049,0.232515719043365
2013-05-30,0.14719152408002545,0.12021770161228763,0.0,0.0,0.0,0.0,0.37876546214339574,0.0,0.0,0.0,0.12183655777211937,0.23198875439217184
2013-05-31,0.14899370158750638,0.12162817956227769,0.0,0.0,0.0,0.0,0.3797626564295541,0.0,0.0,0.0,0.12144065638171654,0.22817480603894533
2013-06-03,0.15441142694788013,0.12560927934961622,0.0,0.0,0.0,0.0,0.3437672826663661,0.0,0.0,0.0,0.12854379788855075,0.24766821314758689
2013-06-04,0.1544402688013085,0.125957383835319,0.0,0.0,0.0,0.0,0.34538352773860864,0.0,0.0,0.0,0.128957348153236,0.2452614714715278
2013-06-05,0.15337715936806529,0.12547782551267733,0.0,0.0,0.0,0.0,0.34478336500603163,0.0,0.0,0.0,0.12564570120418614,0.25071594890903964
2013-06-06,0.18598758202523097,0.14935339397599767,0.0,0.0,0.0,0.0,0.4082199814938281,0.0,0.0,0.10005774420039529,0.1563812983045478,0.0
2013-06-07,0.14511240650130816,0.11755206130360009,0.0,0.0,0.0,0.0,0.30714843705631917,0.0,0.0,0.07854431664558492,0.12006986421136268,0.23157291428182508
2013-06-10,0.1427638362092915,0.1160956486606683,0.0,0.0,0.0,0.0,0.3084283490338348,0.0,0.0,0.0780660482369666,0.12060868350811475,0.234037434351124
2013-06-11,0.18605408822394637,0.152237937814477,0.0,0.0,0.0,0.0,0.4040919457032352,0.0,0.0,0.10153771315699797,0.15607831510134348,0.0
2013-06-12,0.1863005421061781,0.1528868566547896,0.0,0.0,0.0,0.0,0.4018183961755117,0.0,0.0,0.10338687902373002,0.1556073260397908,0.0
2013-06-13,0.18556106283335155,0.1550060270023881,0.0,0.0,0.0,0.0,0.40241100748315195,0.0,0.0,0.10338792395072068,0.15363397873038773,0.0
2013-06-14,0.1895473917729591,0.15930824582892433,0.0,0.0,0.0,0.0,0.389603484236781,0.0,0.0,0.10964412888908058,0.15189674927225508,0.0
2013-06-17,0.18911613069665445,0.1578990518037207,0.0,0.0,0.0,0.0,0.3916101303734862,0.0,0.0,0.10956588979265099,0.15180879733348784,0.0
2013-06-18,0.1900228771322371,0.1561742686968732,0.0,0.0,0.0,0.0,0.3918620591030089,0.0,0.0,0.11024847851902413,0.15169231654885662,0.0
2013-06-19,0.1900015019203338,0.1564491088255713,0.0,0.0,0.0,0.0,0.39048956181713074,0.0,0.0,0.11140189724488793,0.15165793019207638,0.0
2013-06-20,0.2384966655859002,0.19785591942265623,0.0,0.0,0.0,0.0,0.0,0.0,0.0,0.14347287323912628,0.0,0.4201745417523174
2013-06-21,0.2728844339357557,0.21895894787736436,0.0,0.0,0.0,0.0,0.0,0.0,0.0,0.0,0.0,0.5081566181868798
2013-06-24,0.2888304669760969,0.0,0.0,0.0,0.0,0.0,0.0,0.0,0.0,0.1792048894324618,0.0,0.5319646435914414
2013-06-25,0.23195634011913616,0.18688161851039944,0.0,0.0,0.0,0.0,0.0,0.0,0.0,0.145665222279211,0.0,0.43549681909125343
2013-06-26,0.19714772903265806,0.1600173335654482,0.0,0.0,0.0,0.0,0.0,0.0,0.0,0.1246725702492846,0.14415534232878116,0.3740070248238279
2013-06-27,0.14724939716954835,0.1212267954795844,0.0,0.0,0.0,0.0,0.25185230470170766,0.0,0.0,0.09377982175175803,0.10704978432151024,0.2788418965758914
2013-06-28,0.19849149355973153,0.161025193488038,0.0,0.0,0.0,0.0,0.0,0.0,0.0,0.12751285627643813,0.139893716742306,0.3730767399334864
2013-07-01,0.19773707659915446,0.1614588655422335,0.0,0.0,0.0,0.0,0.0,0.0,0.0,0.12777795668814337,0.14132695392031447,0.37169914725015424
2013-07-02,0.19808085019667898,0.1609717843629323,0.0,0.0,0.0,0.0,0.0,0.0,0.0,0.12703480515704013,0.14182531802929108,0.37208724225405765
2013-07-03,0.2001444974403356,0.16194333390086116,0.0,0.0,0.0,0.0,0.0,0.0,0.0,0.12687141712659508,0.14142866847312596,0.3696120830590822
2013-07-05,0.20048619530923464,0.16222751015310446,0.0,0.0,0.0,0.0,0.0,0.0,0.0,0.1255283108545166,0.14128030871439504,0.3704776749687492
2013-07-08,0.15508863114874488,0.12686794727882283,0.0,0.0,0.0,0.0,0.24718447319716624,0.0,0.0,0.09544700225410699,0.10909652302946461,0.26631542309169437
2013-07-09,0.15666346635960196,0.12863089592431529,0.0,0.0,0.0,0.0,0.23734300330876182,0.0,0.0,0.09709694234261328,0.11067256894458789,0.26959312312011985
2013-07-10,0.15603990564432804,0.12830824946041852,0.0,0.0,0.0,0.0,0.23719184539098223,0.0,0.0,0.10045216102494016,0.10936516415376962,0.2686426743255614
2013-07-11,0.16358720693751228,0.129518249124274,0.0,0.0,0.0,0.0,0.2338390792373964,0.0,0.0,0.1030031105071494,0.10967819466103859,0.26037415953262916
2013-07-12,0.1686423712427808,0.1286063443937093,0.0,0.0,0.0,0.0,0.23379627233434822,0.0,0.0,0.10498143829094086,0.11078257373876485,0.25319099999945593
2013-07-15,0.17053438357903516,0.129773423975786,0.0,0.0,0.0,0.0,0.2291193485232439,0.0,0.0,0.10570825424348283,0.10894983986931105,0.2559147498091409
2013-07-16,0.17146595652704053,0.12940831810521664,0.0,0.0,0.0,0.0,0.22788900357751327,0.0,0.0,0.1071210539378047,0.10867107347269342,0.2554445943797314
2013-07-17,0.17219822723409847,0.130027634649149,0.0,0.0,0.0,0.0,0.22779902644829594,0.0,0.0,0.10752319111973706,0.11019528925223937,0.2522566312964802
2013-07-18,0.17277157983358477,0.13039271202030478,0.0,0.0,0.0,0.0,0.22579383293027,0.0,0.0,0.10823629724148151,0.11036066651415014,0.25244491146020887
2013-07-19,0.17396272467391385,0.13165124697346833,0.0,0.0,0.0,0.0,0.22437587915152352,0.0,0.0,0.10736814055832335,0.10992213691797098,0.25271987172479987
2013-07-22,0.17341372765606602,0.13190317007009086,0.0,0.0,0.0,0.0,0.22378897948603405,0.0,0.0,0.10983479389860154,0.10960424316898103,0.25145508572022646
2013-07-23,0.17370676187751166,0.13195956420779315,0.0,0.0,0.0,0.0,0.22428767142485792,0.0,0.0,0.10976099529293402,0.10968088265819669,0.25060412453870656
2013-07-24,0.17354953222480038,0.13185144317900097,0.0,0.0,0.0,0.0,0.22390628798777806,0.0,0.0,0.1099006856229018,0.1096684433904455,0.25112360759507324
2013-07-25,0.2334173057676169,0.1793121712351124,0.0,0.0,0.0,0.0,0.29648560734570656,0.0,0.0,0.14569223619355604,0.14509267945800816,0.0
2013-07-26,0.2326291789897747,0.1786818597214784,0.0,0.0,0.0,0.0,0.295959117662985,0.0,0.0,0.1469978600449002,0.14573198358086173,0.0
2013-07-29,0.23395575140400357,0.17724678571775196,0.0,0.0,0.0,0.0,0.2937982362198435,0.0,0.0,0.15000226133981676,0.14499696531858428,0.0
2013-07-30,0.23263793890955395,0.17387932514497928,0.0,0.0,0.0,0.0,0.2928298142266329,0.0,0.0,0.15741598198272583,0.14323693973610802,0.0
2013-07-31,0.23419762144492062,0.1752863121739418,0.0,0.0,0.0,0.0,0.2913103956001225,0.0,0.0,0.15658707679104833,0.14261859398996674,0.0
2013-08-01,0.1768119863050892,0.1322225652452475,0.0,0.0,0.0,0.0,0.21935890237323635,0.0,0.0,0.1159650567662149,0.10652775585851475,0.24911373345169727
2013-08-02,0.23580219503195834,0.17617720859624744,0.0,0.0,0.0,0.0,0.29132749756379434,0.0,0.0,0.15233771182499134,0.1443553869830085,0.0
2013-08-05,0.23643108750166952,0.17695176403480195,0.0,0.0,0.0,0.0,0.2898892089427603,0.0,0.0,0.15230823101152294,0.14441970850924526,0.0
2013-08-06,0.23641603873815167,0.1779977708596372,0.0,0.0,0.0,0.0,0.288583907594265,0.0,0.0,0.15256552684177807,0.1444367559661682,0.0
2013-08-07,0.23539049987995184,0.17812178529214126,0.0,0.0,0.0,0.0,0.29019109972531876,0.0,0.0,0.15157141467753474,0.1447252004250533,0.0
2013-08-08,0.23508727703349008,0.17800782056257672,0.0,0.0,0.0,0.0,0.290821585662768,0.0,0.0,0.1509270826613839,0.14515623407978145,0.0
2013-08-09,0.2373888259422515,0.17652255352495683,0.0,0.0,0.0,0.0,0.2898747526634214,0.0,0.0,0.15120276332572946,0.14501110454364097,0.0
2013-08-12,0.23831595067591474,0.1771066903054179,0.0,0.0,0.0,0.0,0.2904904884230778,0.0,0.0,0.14857516219104136,0.1455117084045482,0.0
2013-08-13,0.2791791948917064,0.20741608790993707,0.0,0.0,0.0,0.0,0.3396899870012652,0.0,0.0,0.1737147301970913,0.0,0.0
2013-08-14,0.28131608182841583,0.20668094046571636,0.0,0.0,0.0,0.0,0.3383510630521723,0.0,0.0,0.17365191465369553,0.0,0.0
2013-08-15,0.42369771133266315,0.3134024264371568,0.0,0.0,0.0,0.0,0.0,0.0,0.0,0.2628998622301801,0.0,0.0
2013-08-16,0.4166694059957054,0.31542728907380135,0.0,0.0,0.0,0.0,0.0,0.0,0.0,0.2679033049304932,0.0,0.0
2013-08-19,0.414214998814482,0.3140633071197018,0.0,0.0,0.0,0.0,0.0,0.0,0.0,0.27172169406581625,0.0,0.0
2013-08-20,0.4118954340273404,0.3177730180407077,0.0,0.0,0.0,0.0,0.0,0.0,0.0,0.2703315479319519,0.0,0.0
2013-08-21,0.4123422272814523,0.32118272501328665,0.0,0.0,0.0,0.0,0.0,0.0,0.0,0.26647504770526104,0.0,0.0
2013-08-22,0.41380170696370416,0.31880987884826584,0.0,0.0,0.0,0.0,0.0,0.0,0.0,0.26738841418803005,0.0,0.0
2013-08-23,0.27336935350565766,0.2118292504758221,0.0,0.0,0.0,0.0,0.3325905561780937,0.0,0.0,0.1822108398404265,0.0,0.0
2013-08-26,0.27417017821488415,0.21142076977427918,0.0,0.0,0.0,0.0,0.33249366137900827,0.0,0.0,0.1819153906318285,0.0,0.0
2013-08-27,0.4105797740966581,0.3167300028861636,0.0,0.0,0.0,0.0,0.0,0.0,0.0,0.27269022301717827,0.0,0.0
2013-08-28,0.4075644975494561,0.3170282929284954,0.0,0.0,0.0,0.0,0.0,0.0,0.0,0.2754072095220485,0.0,0.0
2013-08-29,0.270363054163284,0.2101239447619011,0.0,0.0,0.0,0.0,0.33716513507081897,0.0,0.0,0.18234786600399588,0.0,0.0
2013-08-30,0.2729553177189538,0.21547592198853863,0.0,0.0,0.0,0.0,0.3351841991069448,0.0,0.0,0.1763845611855627,0.0,0.0
2013-09-03,0.2519079902770099,0.1946362271931153,0.0,0.0,0.0,0.0,0.0,0.0,0.0,0.16171094214894083,0.0,0.39174484038093393
2013-09-04,0.42019986249225116,0.3129252809326083,0.0,0.0,0.0,0.0,0.0,0.0,0.0,0.26687485657514054,0.0,0.0
2013-09-05,0.25565857600538816,0.19114037522924565,0.0,0.0,0.0,0.0,0.0,0.0,0.0,0.1627876240838974,0.0,0.3904134246814689
2013-09-06,0.4215662875741851,0.31418611662959417,0.0,0.0,0.0,0.0,0.0,0.0,0.0,0.2642475957962207,0.0,0.0
2013-09-09,0.4260428495656883,0.31324747275822,0.0,0.0,0.0,0.0,0.0,0.0,0.0,0.2607096776760916,0.0,0.0
2013-09-10,0.2523213205790903,0.18219650878155616,0.11706334036088228,0.0,0.0,0.0,0.2984587950674663,0.0,0.0,0.14996003521100498,0.0,0.0
2013-09-11,0.2525688729277582,0.182923497535158,0.11817811279406443,0.0,0.0,0.0,0.2979646097295823,0.0,0.0,0.14836490701343705,0.0,0.0
2013-09-12,0.2870569971027157,0.2095255884332493,0.0,0.0,0.0,0.0,0.33604462826593323,0.0,0.0,0.1673727861981018,0.0,0.0
2013-09-13,0.2886638287012178,0.20902484889472978,0.0,0.0,0.0,0.0,0.33577532206777316,0.0,0.0,0.16653600033627922,0.0,0.0
2013-09-16,0.25472941187289744,0.1841223933569745,0.11720547683762728,0.0,0.0,0.0,0.3018412020570439,0.0,0.0,0.14210151587545694,0.0,0.0
2013-09-17,0.2666162888833391,0.19771342120662827,0.11728593934388366,0.0,0.0,0.0,0.2819648389758243,0.0,0.0,0.13641951159032484,0.0,0.0
2013-09-18,0.2301930697821817,0.17098049426617135,0.10203658924006204,0.0,0.0,0.0,0.24657743412744043,0.0,0.0,0.11838933186246829,0.13182308072167628,0.0
2013-09-19,0.23831388761309458,0.16695317283262617,0.09858508906243499,0.0,0.0,0.0,0.256058164988243,0.0,0.0,0.11676171386167679,0.1233279716419244,0.0
2013-09-20,0.2704452779907182,0.18814684349627755,0.11164014594523244,0.0,0.0,0.0,0.30149713134923906,0.0,0.0,0.1282706012185328,0.0,0.0
2013-09-23,0.2704784941797305,0.1859489807609361,0.10948242736647286,0.0,0.0,0.0,0.30672703275133534,0.0,0.0,0.12736306494152522,0.0,0.0
2013-09-24,0.26874295757718936,0.1865743479129245,0.11059242711736944,0.0,0.0,0.0,0.30742657552821756,0.0,0.0,0.12666369186429902,0.0,0.0
2013-09-25,0.26824457183804346,0.18558243295937488,0.10956128343196052,0.0,0.0,0.0,0.31047391163416427,0.0,0.0,0.12613780013645678,0.0,0.0
2013-09-26,0.2677698749818627,0.1861148221613641,0.10873021555767703,0.0,0.0,0.0,0.3113370165314014,0.0,0.0,0.12604807076769475,0.0,0.0
2013-09-27,0.2989311701970574,0.20915193933856277,0.0,0.0,0.0,0.0,0.349421038553285,0.0,0.0,0.14249585191109487,0.0,0.0
2013-09-30,0.2967617243994582,0.2085217550292716,0.0,0.0,0.0,0.0,0.349765531713409,0.0,0.0,0.14495098885786115,0.0,0.0
2013-10-01,0.263738207900961,0.18063649791730518,0.10721343077530192,0.0,0.0,0.0,0.3187139786392883,0.0,0.0,0.12969788476714372,0.0,0.0
2013-10-02,0.2569769346267871,0.17743513585683904,0.10373637616707301,0.0,0.0,0.0,0.33460616378016267,0.0,0.0,0.1272453895691381,0.0,0.0
2013-10-03,0.2594847550114551,0.17746760152675944,0.10415575831411979,0.0,0.0,0.0,0.3341959670756697,0.0,0.0,0.12469591807199594,0.0,0.0
2013-10-04,0.254096861921444,0.1766597898967621,0.10491389731902433,0.0,0.0,0.0,0.3372057358713057,0.0,0.0,0.12712371499146397,0.0,0.0
2013-10-07,0.24751693790137655,0.18056195123028074,0.1094906837767786,0.0,0.0,0.0,0.341749084925929,0.0,0.0,0.1206813421656352,0.0,0.0
2013-10-08,0.2439649692617898,0.17986342506177896,0.11042824071402874,0.0,0.0,0.0,0.34274430271763023,0.0,0.0,0.12299906224477236,0.0,0.0
2013-10-09,0.23804564485875548,0.17973712765630018,0.11087845183453944,0.0,0.0,0.0,0.34775213762924095,0.0,0.0,0.12358663802116394,0.0,0.0
2013-10-10,0.23918073603891132,0.17978400758038784,0.11087577946935076,0.0,0.0,0.0,0.3493647419565865,0.0,0.0,0.12079473495476342,0.0,0.0
2013-10-11,0.22224239840103327,0.17790193919888267,0.1114280912272897,0.0,0.0,0.0,0.36545563836031353,0.0,0.0,0.12297193281248085,0.0,0.0
2013-10-14,0.2198910374980137,0.17670817921059342,0.11141312532474675,0.0,0.0,0.0,0.3690139896370831,0.0,0.0,0.1229736683295629,0.0,0.0
2013-10-15,0.21960185200087484,0.17684077808591475,0.1115282316428083,0.0,0.0,0.0,0.3689539438593429,0.0,0.0,0.12307519441105925,0.0,0.0
2013-10-16,0.19282429442856702,0.15663764221473533,0.09867423297663368,0.0,0.0,0.0,0.3274274038742184,0.0,0.0,0.10966292801348479,0.11477349849236086,0.0
2013-10-17,0.18913792770063675,0.15818122897434597,0.1004080197163862,0.0,0.0,0.0,0.32837538658336995,0.0,0.0,0.1103516862792228,0.11354575074603836,0.0
2013-10-18,0.18677516935319938,0.15406514737817414,0.10010891583800528,0.0,0.0,0.0,0.33537981700172426,0.0,0.0,0.11015821059482149,0.11351273983407528,0.0
2013-10-21,0.1857194284425692,0.1537470948934056,0.10025710413811849,0.0,0.0,0.0,0.3363219745102031,0.0,0.0,0.11036823920887737,0.11358615880682633,0.0
2013-10-22,0.10235659375291321,0.08534114943868934,0.055268956594947835,0.28301469870232066,0.0,0.16645246787889342,0.18463311128863222,0.0,0.0,0.06046897327767256,0.06246404906593082,0.0
2013-10-23,0.10941158994148448,0.09203833148587452,0.05962630665531201,0.29865658508265297,0.0,0.1757783874819497,0.19772014931997867,0.0,0.0,0.0,0.06676865003274748,0.0
2013-10-24,0.10924037517628478,0.09094161226569639,0.05801085668650159,0.2998088319486564,0.0,0.1764066984457059,0.19854603959384234,0.0,0.0,0.0,0.0670455858833126,0.0
2013-10-25,0.10223517824870812,0.08492690043808922,0.05446725030685586,0.28090222220700917,0.0,0.1651617127740436,0.18672741037759488,0.0,0.0,0.061581409063638924,0.0639979165840602,0.0
2013-10-28,0.100437367150348,0.08317963927604256,0.053253618506682227,0.2843233701211216,0.0,0.16457093700021086,0.1914649082061053,0.0,0.0,0.06153844297592409,0.0612317167635655,0.0
2013-10-29,0.0994627407459856,0.08276073563990996,0.0526874023603508,0.2853879700625747,0.0,0.1646230904440036,0.19363977480468209,0.0,0.0,0.060927041405212705,0.06051124453728042,0.0
2013-10-30,0.10503700844977364,0.08779268136192567,0.05597885240574892,0.3019308953308271,0.0,0.17583453735492932,0.20949287751707982,0.0,0.0,0.0,0.06393314757971558,0.0
2013-10-31,0.10566038396007706,0.08799192099347096,0.05666893942043573,0.30200444525436654,0.0,0.17609030782981439,0.2076445835209603,0.0,0.0,0.0,0.06393941902087504,0.0
2013-11-01,0.20186689020527837,0.16770304440420203,0.10827967313416821,0.0,0.0,0.0,0.40030916251791393,0.0,0.0,0.0,0.12184122973843736,0.0
2013-11-04,0.20173010379581974,0.16794494231097695,0.10989006769548261,0.0,0.0,0.0,0.39898622104004305,0.0,0.0,0.0,0.12144866515767776,0.0
2013-11-05,0.23001808615425598,0.1909523076591616,0.12501901368769927,0.0,0.0,0.0,0.45401059249888326,0.0,0.0,0.0,0.0,0.0
2013-11-06,0.2312687771459446,0.19050968205345867,0.12341916169608658,0.0,0.0,0.0,0.4548023791045102,0.0,0.0,0.0,0.0,0.0
2013-11-07,0.23135939142990816,0.19036973321735082,0.12391409502213417,0.0,0.0,0.0,0.4543567803306069,0.0,0.0,0.0,0.0,0.0
2013-11-08,0.22829866335679397,0.1864758960238306,0.12323615337718523,0.0,0.0,0.0,0.46198928724219007,0.0,0.0,0.0,0.0,0.0
2013-11-11,0.2594502909499945,0.2110158874947235,0.0,0.0,0.0,0.0,0.5295338215552822,0.0,0.0,0.0,0.0,0.0
2013-11-12,0.2604050470121489,0.2110603412955527,0.0,0.0,0.0,0.0,0.5285346116922983,0.0,0.0,0.0,0.0,0.0
2013-11-13,0.25665341540134645,0.20740042562375852,0.0,0.0,0.0,0.0,0.535946158974895,0.0,0.0,0.0,0.0,0.0
2013-11-14,0.21872490040161302,0.17779200252753596,0.11934543224968183,0.0,0.0,0.0,0.4841376648211692,0.0,0.0,0.0,0.0,0.0
2013-11-15,0.21754424252541105,0.1787813279889953,0.12028126786890322,0.0,0.0,0.0,0.48339316161669044,0.0,0.0,0.0,0.0,0.0
2013-11-18,0.13375113753470025,0.10926162779961303,0.07292020867788063,0.38370138564805,0.0,0.0,0.300365640339756,0.0,0.0,0.0,0.0,0.0
2013-11-19,0.21603101638879962,0.17828191068134422,0.11852528304652535,0.0,0.0,0.0,0.4871617898833308,0.0,0.0,0.0,0.0,0.0
2013-11-20,0.2160939604242698,0.17921838014829522,0.11891103780354972,0.0,0.0,0.0,0.48577662162388524,0.0,0.0,0.0,0.0,0.0
2013-11-21,0.21880826471409895,0.17778827839736358,0.11635063240956192,0.0,0.0,0.0,0.4870528244789755,0.0,0.0,0.0,0.0,0.0
2013-11-22,0.21739071568015556,0.17764733242666988,0.11643597787061445,0.0,0.0,0.0,0.4885259740225601,0.0,0.0,0.0,0.0,0.0
2013-11-25,0.21563629815035043,0.17683026830211118,0.11581634221230784,0.0,0.0,0.0,0.4917170913352305,0.0,0.0,0.0,0.0,0.0
2013-11-26,0.15869755415664819,0.13291141186080602,0.08409652325864903,0.0,0.0,0.2631294180301121,0.3611650926937847,0.0,0.0,0.0,0.0,0.0
2013-11-27,0.15529903041683044,0.135964581570553,0.08229010274971595,0.0,0.0,0.2596056882352151,0.36684059702768557,0.0,0.0,0.0,0.0,0.0
2013-11-29,0.1551978122521289,0.13584244204387286,0.08265689933355809,0.0,0.0,0.2596890418965911,0.366613804473849,0.0,0.0,0.0,0.0,0.0
2013-12-02,0.20530124073102513,0.1800146689355227,0.10964656110208887,0.0,0.0,0.0,0.5050375292313632,0.0,0.0,0.0,0.0,0.0
2013-12-03,0.20462232851211637,0.17832208855479928,0.10778892908683346,0.0,0.0,0.0,0.5092666538462509,0.0,0.0,0.0,0.0,0.0
2013-12-04,0.20425276623610134,0.17941893966333775,0.11102605444389024,0.0,0.0,0.0,0.5053022396566706,0.0,0.0,0.0,0.0,0.0
2013-12-05,0.2051576053525953,0.18098566484768952,0.11103197356175298,0.0,0.0,0.0,0.5028247562379622,0.0,0.0,0.0,0.0,0.0
2013-12-06,0.20463108760330853,0.1806065919130163,0.1111189783682487,0.0,0.0,0.0,0.5036433421154265,0.0,0.0,0.0,0.0,0.0
2013-12-09,0.20308072939596328,0.17959796654021876,0.1099556869816517,0.0,0.0,0.0,0.5073656170821662,0.0,0.0,0.0,0.0,0.0
2013-12-10,0.13758183037378716,0.1219479216175594,0.07466502609755712,0.0,0.0,0.2426453876398386,0.34056170830983884,0.0,0.0,0.08259812596141887,0.0,0.0
2013-12-11,0.20033381483369855,0.17894541792024465,0.10951717116393661,0.0,0.0,0.0,0.5112035960821202,0.0,0.0,0.0,0.0,0.0
2013-12-12,0.22175694108149527,0.20039206897917022,0.0,0.0,0.0,0.0,0.5778509899393346,0.0,0.0,0.0,0.0,0.0
2013-12-13,0.20554632566873982,0.204080993889847,0.0,0.0,0.0,0.0,0.5903726804414131,0.0,0.0,0.0,0.0,0.0
2013-12-16,0.1317371186724021,0.13121139288972494,0.07882645396502931,0.0,0.0,0.2748629180981718,0.3833621163746718,0.0,0.0,0.0,0.0,0.0
2013-12-17,0.14351231539436843,0.14211629920280489,0.0,0.0,0.0,0.2977169837312242,0.4166544016716025,0.0,0.0,0.0,0.0,0.0
2013-12-18,0.13152425896559605,0.12939580189624272,0.08016328026703942,0.0,0.0,0.2780232412028855,0.3808934176682365,0.0,0.0,0.0,0.0,0.0
2013-12-19,0.12568539895404812,0.12398967967886537,0.0,0.0,0.0,0.279885993866975,0.3848331302998484,0.0,0.0,0.08560579720026316,0.0,0.0
2013-12-20,0.1255535672650293,0.1236171000325154,0.0,0.0,0.0,0.28032793872018286,0.3852593158211173,0.0,0.0,0.08524207816115525,0.0,0.0
2013-12-23,0.11662218189291823,0.11483514596390551,0.07143731413321207,0.0,0.0,0.2582711663853078,0.3593797266392341,0.0,0.0,0.07945446498542236,0.0,0.0
2013-12-24,0.11701661720532408,0.1131942165229963,0.07181661323123716,0.0,0.0,0.2577073540345579,0.36082444041232853,0.0,0.0,0.07944075859355602,0.0,0.0
2013-12-26,0.11678741836474547,0.11317015571740345,0.07157422013266658,0.0,0.0,0.256402375226861,0.3635413654374374,0.0,0.0,0.07852446512088593,0.0,0.0
2013-12-27,0.11597479780318272,0.11175761471391119,0.07234028543962634,0.0,0.0,0.2534194117890831,0.3690000510872377,0.0,0.0,0.07750783916695897,0.0,0.0
2013-12-30,0.11577361119251338,0.11113330122037854,0.07098526080222017,0.0,0.0,0.25417306914487897,0.36788030661988824,0.0,0.0,0.08005445102012074,0.0,0.0
2013-12-31,0.12842335095528953,0.12152679741915057,0.07700505311058287,0.0,0.0,0.2739880607457601,0.399056737769217,0.0,0.0,0.0,0.0,0.0
2014-01-02,0.13982368892852992,0.13150046545320804,0.0,0.0,0.0,0.29506309845219725,0.4336127471660648,0.0,0.0,0.0,0.0,0.0
2014-01-03,0.13907879604899856,0.12643888655130417,0.0,0.0,0.0,0.29454346630783895,0.43993885109185826,0.0,0.0,0.0,0.0,0.0
2014-01-06,0.14323983025024403,0.12720905697278956,0.0,0.0,0.0,0.29231266218806884,0.43723845058889754,0.0,0.0,0.0,0.0,0.0
2014-01-07,0.1428902661357642,0.12759330165573826,0.0,0.0,0.0,0.2936095163340898,0.4359069158744078,0.0,0.0,0.0,0.0,0.0
2014-01-08,0.15081904025118673,0.12944576658943266,0.0,0.0,0.0,0.28383439147717876,0.43590080168220185,0.0,0.0,0.0,0.0,0.0
2014-01-09,0.15216580801916715,0.13030679664953715,0.0,0.0,0.0,0.27966765503156654,0.4378597402997292,0.0,0.0,0.0,0.0,0.0
2014-01-10,0.10413308402880982,0.08912505546249379,0.0,0.3152552672530148,0.0,0.1923314932996568,0.29915509995602485,0.0,0.0,0.0,0.0,0.0
2014-01-13,0.10866722606091157,0.09051450674635207,0.0,0.3056228435961052,0.0,0.19270012631360897,0.3024952972830222,0.0,0.0,0.0,0.0,0.0
2014-01-14,0.1039151018313151,0.08703892485165737,0.0,0.30730960516539085,0.0,0.1945551299494011,0.30718123820223553,0.0,0.0,0.0,0.0,0.0
2014-01-15,0.09965427356756094,0.08658500901323189,0.0,0.3032823497463196,0.0,0.19708279399555548,0.3133955736773322,0.0,0.0,0.0,0.0,0.0
2014-01-16,0.09975800429197779,0.08664396607927201,0.0,0.3040746197186699,0.0,0.1968587759639592,0.31266463394612104,0.0,0.0,0.0,0.0,0.0
2014-01-17,0.09943396888361732,0.08647108864207664,0.0,0.300182259101084,0.0,0.19708048918256182,0.31683219419066033,0.0,0.0,0.0,0.0,0.0
2014-01-21,0.09709283454142686,0.08589607472005263,0.0,0.3020314277725601,0.0,0.19945708489330058,0.3155225780726599,0.0,0.0,0.0,0.0,0.0
2014-01-22,0.09771162669591499,0.08719847376042984,0.0,0.3016142306485507,0.0,0.19880163563463848,0.31467403326046595,0.0,0.0,0.0,0.0,0.0
2014-01-23,0.09843130262897082,0.08850973730349762,0.0,0.30024075182872084,0.0,0.19890032487934822,0.31391788335946263,0.0,0.0,0.0,0.0,0.0
2014-01-24,0.09057948359199532,0.0822002747803181,0.0,0.27660468977176333,0.07491772963436805,0.18362444517245352,0.29207337704910163,0.0,0.0,0.0,0.0,0.0
2014-01-27,0.09325049345841606,0.08233821733858399,0.0,0.31366123142409735,0.0,0.210262056523375,0.3004880012555275,0.0,0.0,0.0,0.0,0.0
2014-01-28,0.09338644918043594,0.08230966166135775,0.0,0.31195990010576885,0.0,0.21008277486924487,0.3022612141831926,0.0,0.0,0.0,0.0,0.0
2014-01-29,0.08629372551050292,0.0753392301079423,0.0,0.28897963123079223,0.07887304940786229,0.1909331542467356,0.27958120949616466,0.0,0.0,0.0,0.0,0.0
2014-01-30,0.08606014891573695,0.07539624178821576,0.0,0.28782899725642525,0.07923503282337102,0.19368439754602576,0.27779518167022516,0.0,0.0,0.0,0.0,0.0
2014-01-31,0.07827903075741599,0.06985523218139522,0.0,0.2706333460882749,0.07487271117952773,0.18118044492351695,0.25837423232642354,0.0,0.0,0.0,0.06680500254344576,0.0
2014-02-03,0.08389614675271927,0.07256169656305383,0.0,0.29016459305462616,0.0801249426867643,0.1938135553689433,0.2794390655738931,0.0,0.0,0.0,0.0,0.0
2014-02-04,0.07813559270379401,0.0703955152933885,0.0,0.29396158179540416,0.08154390625575135,0.1938600795820334,0.28210332436962854,0.0,0.0,0.0,0.0,0.0
2014-02-05,0.07839731565626001,0.07034966783829508,0.0,0.2928085972337031,0.08037552180283936,0.19024419943009707,0.2878246980388054,0.0,0.0,0.0,0.0,0.0
2014-02-06,0.07505176517645441,0.06763555879812674,0.0,0.26945739542782604,0.07464577479490954,0.17594867244143786,0.2687853583689587,0.0,0.0,0.0,0.06847547499228658,0.0
2014-02-07,0.06805098751609778,0.059073587613441565,0.0,0.26789468048540893,0.07496024555184685,0.17629381378837133,0.2396917153487862,0.0,0.0,0.05081258316261569,0.06322238653343158,0.0
2014-02-10,0.06702166467751908,0.058389965370403474,0.0,0.2693527562949,0.07588729134076258,0.17744658579232897,0.23903270223617815,0.0,0.0,0.049557267781204326,0.06331176650670339,0.0
2014-02-11,0.06686977816659143,0.058224374130193456,0.0,0.26850031394550217,0.07583981461578498,0.1769433010859844,0.23992148111226688,0.0,0.0,0.05099189831990456,0.06270903862377204,0.0
2014-02-12,0.07154278915857581,0.06112654242841156,0.0,0.29022441880896077,0.0,0.19007909714166868,0.2639477604924719,0.0,0.0,0.05523059346667679,0.06784879850323461,0.0
2014-02-13,0.06584925712618496,0.05618518195602411,0.0,0.26975887466094045,0.07457439572515794,0.17694574193309903,0.24348113331719928,0.0,0.0,0.05061302716721217,0.06259238811418204,0.0
2014-02-14,0.061545305113286826,0.05288913000941925,0.0,0.24986187937531298,0.06943455380513716,0.1630596948756635,0.22539404519446052,0.04238060487959559,0.029494340488283474,0.04737817985145211,0.05856226640738875,0.0
2014-02-18,0.06094953817509881,0.05238185584088741,0.0,0.2498880973211284,0.06929382804567696,0.16426874473170683,0.2279824187210316,0.04196085055254894,0.027554743495849618,0.04732114948309647,0.05839877363297506,0.0
2014-02-19,0.06325464904866966,0.053944262277799006,0.0,0.2644911031295261,0.07272401188294228,0.1727820147337662,0.23628330850176102,0.0,0.028154413405107756,0.047416957810557596,0.060949279209870505,0.0
2014-02-20,0.05946202373307058,0.05102654882954931,0.0,0.25569972392658213,0.07317460083858321,0.16733497884017232,0.22014094483854957,0.04261397266493019,0.026632830687876776,0.044803526107938564,0.059110849532747325,0.0
2014-02-21,0.05961900470020415,0.05108499704007987,0.0,0.2553500092663168,0.07290429001714477,0.16681322511314176,0.2207155197208892,0.04226529362346022,0.026384093454854284,0.045558829187173244,0.05930473787673572,0.0
2014-02-24,0.05956289399746229,0.05091621034864756,0.0,0.2550600771248784,0.07354668524174017,0.16800392017988391,0.21985896182523817,0.04210784030825634,0.026321023809293524,0.045325879964601225,0.05929650719999833,0.0
2014-02-25,0.05943965615898027,0.05068692190540889,0.0,0.25483716967909625,0.07359272211168603,0.168625631101972,0.21925050022278253,0.0418954809928874,0.026333070631539095,0.04564091445043116,0.059697932745216356,0.0
2014-02-26,0.05987133655057713,0.05101383998627847,0.0,0.2522796153698644,0.07311570450069638,0.1679632414808643,0.22067123001363695,0.04234264845027448,0.026523062130091642,0.045897518421223235,0.06032180309649306,0.0
2014-02-27,0.060123421101660024,0.051134719165830456,0.0,0.2507490915262787,0.07311623234762513,0.1670609775816355,0.22134846063169866,0.04224799587441699,0.026005947774761146,0.04718843555710645,0.06102471843898687,0.0
2014-02-28,0.05994142673057712,0.05110734363314086,0.0,0.2503985004608258,0.072769368100097,0.1671588916904294,0.22063526363852537,0.042530342907503633,0.026146997352161336,0.04733585243715095,0.061976013049588385,0.0
2014-03-03,0.05869322809261372,0.050337300462733076,0.0,0.2558980808013933,0.07240519666394948,0.1689939861862494,0.21570870982487245,0.0440302397581237,0.02695077606794569,0.04641610719214774,0.06056637494997146,0.0
2014-03-04,0.05878765973951446,0.048481415735558094,0.0,0.2544166258372786,0.07247470110488323,0.17008725831249813,0.21723721129151272,0.04298082723345329,0.02703600401011881,0.047398086374595236,0.06110021036058755,0.0
2014-03-05,0.05819013282043803,0.047648667989946276,0.0,0.25322247901657446,0.07129245622281828,0.1684179104587529,0.2210063429005499,0.043838787448096606,0.028101685530365322,0.047722599573888254,0.06055893803856981,0.0
2014-03-06,0.056320483682751936,0.046110334548570144,0.032825672916949246,0.24821713370392817,0.068915302814205,0.16365370215670427,0.21135503442041748,0.043075462215791026,0.027375815715472478,0.04383250125950561,0.05831855656570453,0.0
2014-03-07,0.061257641607257385,0.04959149043425432,0.0,0.26259638022413556,0.07228412573421732,0.17312153993532525,0.2267900442762361,0.04586912596645947,0.0,0.04669354225687347,0.06179610956524119,0.0
2014-03-10,0.06219650253036932,0.05015497106826953,0.0,0.26072923554414784,0.0726758207728354,0.17249310724973965,0.2264658854533429,0.04645628346937563,0.0,0.04738449620734792,0.06144369770457183,0.0
2014-03-11,0.06208477548890615,0.049732785514684685,0.0,0.2609046639922609,0.0730024735738641,0.17363721659639986,0.22551242639978478,0.04731676709934161,0.0,0.04687921192443836,0.06092967941031958,0.0
2014-03-12,0.06317281987119083,0.04992694030556647,0.0,0.2631424744800649,0.07401585415934671,0.17577313186279336,0.22994151409000013,0.047582474482482595,0.029703083876754112,0.0,0.06674170687180088,0.0
2014-03-13,0.06312581624130473,0.049969941801379675,0.0,0.26155229180104045,0.0734835759284155,0.174098243310115,0.23092239440752482,0.048942414104871344,0.030775915693278904,0.0,0.06712940671206952,0.0
2014-03-14,0.0626181814133828,0.04893512761181699,0.0,0.26154093915072707,0.07238987783718598,0.17566608874350717,0.23019486865824468,0.04987616589186594,0.03119759791734527,0.0,0.06758115277592401,0.0
2014-03-17,0.06283253772811927,0.04914280103440626,0.0,0.2614679176137836,0.07274904877803792,0.1752750281233445,0.22982441926308406,0.049797189305103275,0.03126001595773079,0.0,0.06765104219639041,0.0
2014-03-18,0.06439425142143432,0.0502061985254792,0.0,0.2710750274433783,0.07429068969143227,0.1818225754519173,0.23702509049855808,0.05119198185295978,0.0,0.0,0.06999418511484065,0.0
2014-03-19,0.0664458083979012,0.050965819668758516,0.0,0.26998333002183117,0.0744770334630979,0.1797983165921209,0.23404269849113574,0.05113176792187015,0.0,0.0,0.07315522544328437,0.0
2014-03-20,0.06870625147889503,0.05220703296539051,0.0,0.2680870226483098,0.07631524116501189,0.176127444121878,0.23087279795973942,0.05418047382776822,0.0,0.0,0.07350373583300719,0.0
2014-03-21,0.06840504068034783,0.05204907447208147,0.0,0.2677421862716301,0.07922881255543977,0.17858944974739488,0.22628333178002039,0.05421438420274068,0.0,0.0,0.07348772029034494,0.0
2014-03-24,0.0686762366224048,0.05271082470053218,0.0,0.2680076536872632,0.07849532392632746,0.17804519189960563,0.22665789650588192,0.054475426266126635,0.0,0.0,0.07293144639185817,0.0
2014-03-25,0.06858903662479882,0.052769828595740496,0.0,0.26913121536877976,0.07931866976303285,0.17796219535254917,0.2273136295925043,0.052670003390451275,0.0,0.0,0.07224542131214326,0.0
2014-03-26,0.06643220906340098,0.05067313581244822,0.037367006148032685,0.25994084469568357,0.0768018219798461,0.17251936980512678,0.21919962234550439,0.0,0.0,0.047841264396164235,0.06922472575379303,0.0
2014-03-27,0.06646333055809671,0.05125772497728915,0.03816972818369017,0.2572762082662067,0.07706400691078603,0.17235363876667564,0.2212799492819628,0.0,0.0,0.04807916640362152,0.06805624665167134,0.0
2014-03-28,0.06645036397550907,0.0512534679745856,0.037890907689365344,0.2575534665837492,0.07738471019044255,0.17355145144614623,0.2201424398152351,0.0,0.0,0.047950904559300324,0.06782228776566666,0.0
2014-03-31,0.06642104529211015,0.05104540124185908,0.0378786073113116,0.2565485728967997,0.07753731572615213,0.17490505494907552,0.21950912428342664,0.0,0.0,0.048076446095150376,0.06807843220411487,0.0
2014-04-01,0.06981368119277437,0.054844753997847974,0.04277841290173891,0.2682204720927217,0.08086929848454176,0.18316251953084306,0.22966139918992184,0.0,0.0,0.0,0.07064946260961051,0.0
2014-04-02,0.06985739931286056,0.05500472218074625,0.042751385890130465,0.2679430600578928,0.07986509279713448,0.18287631707461924,0.23052677103001437,0.0,0.0,0.0,0.07117525165660174,0.0
2014-04-03,0.0663976424039544,0.05224359890200378,0.040842738436823796,0.2530965964780454,0.07533052641398606,0.17372319516882656,0.2192367476286436,0.0,0.0,0.05140525664040714,0.06772369792730923,0.0
2014-04-04,0.06331828964523505,0.04969382879428313,0.038769693771854304,0.24025383483066765,0.07141079307567617,0.16481298610442788,0.2082682433666653,0.050677700141862736,0.0,0.048518667125993585,0.0642759631433341,0.0
2014-04-07,0.06510378244655644,0.05221356802610559,0.040790376017101664,0.2539264494210131,0.0748428176733965,0.17521784367427143,0.21814456011229802,0.0,0.0,0.0517485551934702,0.06801204743578686,0.0
2014-04-08,0.06091591168487055,0.049653039348049426,0.03893310122783407,0.241937212381977,0.0713168682817471,0.16693107686362182,0.20613772493770421,0.050102840082529514,0.0,0.04924805161469687,0.06482417357696951,0.0
2014-04-09,0.05959289763017821,0.04901422693703119,0.03851658937682563,0.24966264987054737,0.07151129697980864,0.16703140803307268,0.20292377701536324,0.04971031132629669,0.0,0.04722459733284296,0.06481224549803347,0.0
2014-04-10,0.06012919275968452,0.04852959806505497,0.03869442843639263,0.24931579486271244,0.0710956251363188,0.16696688346311114,0.2026510172577755,0.04972902162724077,0.0,0.04768393943561762,0.06520449895609161,0.0
2014-04-11,0.057726219413528984,0.04769295119857627,0.03887051992368063,0.2502879646661637,0.070981290342957,0.17021176640649793,0.20096060523502626,0.05048009307273217,0.0,0.04807826517272685,0.0647103245681101,0.0
2014-04-14,0.05758410964320041,0.047816629272230085,0.03903232459045878,0.25191775630684277,0.07064273641159127,0.17092690231969582,0.19633700061281498,0.05071910820154659,0.0,0.050170596137227116,0.06485283650439223,0.0
2014-04-15,0.057107703267038706,0.047659236540350446,0.03909291434386568,0.2544717952935079,0.07087944570702677,0.1715294691562469,0.19392956165374367,0.05051177028702213,0.0,0.05022899124075808,0.06458911251043978,0.0
2014-04-16,0.05711337870709037,0.047798572848454124,0.03873629373546661,0.25540662624943206,0.0708988572638132,0.17172875411435323,0.1944853388920216,0.04923896951896646,0.0,0.05040477169850559,0.06418843697189673,0.0
2014-04-17,0.0593362548330851,0.04970155729996727,0.040418901440691934,0.26860071365312377,0.07456895556564697,0.18139430670174275,0.20482163445046817,0.0,0.0,0.05328402678233081,0.06787364927294318,0.0
2014-04-21,0.0599927913354443,0.050144704191473335,0.041079746259278425,0.2672927949914665,0.07354879300991225,0.1772123972462383,0.20744123799996428,0.0,0.0,0.05511048719308449,0.06817704777313796,0.0
2014-04-22,0.05980609751268391,0.04979086580032226,0.04212310450941176,0.2679796425382526,0.07525713436914519,0.17725637164012445,0.20589567367147965,0.0,0.0,0.05453671638236405,0.06735439357621617,0.0
2014-04-23,0.06183501967000016,0.05194976425565576,0.04292343522677298,0.2625063825609338,0.07343644526808805,0.17230479386167433,0.21621810743450948,0.0,0.0,0.051313313166524384,0.06751273855584111,0.0
2014-04-24,0.061669272191287705,0.05173797711316238,0.04252901658456054,0.26426023199759247,0.07349150438641347,0.17183947790722087,0.21513549006706764,0.0,0.0,0.05159323774196642,0.06774379201072837,0.0
2014-04-25,0.06109493490399335,0.05140041493221807,0.04205611815351035,0.2620082634223187,0.07257688262206015,0.17333374587766553,0.21850725693035392,0.0,0.0,0.05168428996885722,0.06733809318902272,0.0
2014-04-28,0.06063201754606445,0.051397930810880434,0.04164154701668182,0.2644638649935928,0.07256985919967011,0.17172323093528485,0.22059083888659117,0.0,0.0,0.05019142603539529,0.06678928457583905,0.0
2014-04-29,0.06130553488248508,0.051356448978728285,0.041694281085997105,0.26338864712140375,0.07213991490019193,0.170826081883837,0.22063748665702615,0.0,0.0,0.050207053891153985,0.06844455059917676,0.0
2014-04-30,0.06123996530897405,0.05270716396583157,0.041263435700483804,0.2639209561189475,0.07223229164447854,0.171219125260439,0.21912611763655257,0.0,0.0,0.0500513428517842,0.06823960151250871,0.0
2014-05-01,0.0649241579323922,0.0538452391747042,0.04253986408046426,0.2602520368523847,0.07170492248425119,0.17196553892911237,0.21665736016131182,0.0,0.0,0.04808145264227009,0.07002942774310919,0.0
2014-05-02,0.06464957156155446,0.053996253659242426,0.0433008937258424,0.2614168103742713,0.07133564921699725,0.17300145210902848,0.21378084050881765,0.0,0.0,0.04762949790748824,0.07088903093675783,0.0
2014-05-05,0.06097238853891295,0.050877999030920024,0.04088768687710478,0.25149459130203067,0.06843465205137261,0.1655958694368136,0.20033156994647905,0.049482225117218864,0.0,0.04490338979363874,0.06701962790550867,0.0
2014-05-06,0.06224386873478676,0.0523898783334488,0.0417817960570368,0.2499569546562187,0.06765423867147477,0.16293560600508958,0.2026316015182865,0.04872542947183467,0.0,0.0446078954585946,0.06707273109322884,0.0
2014-05-07,0.0648575773647658,0.05524927505103077,0.04323596630498148,0.2597220343248077,0.06980748966500872,0.16970273988392173,0.2196329807801249,0.0,0.0,0.04824257657183515,0.06954936005352373,0.0
2014-05-08,0.06463082833669369,0.05546910440274238,0.04383990914164194,0.26057420278229776,0.0696378308076796,0.16992164340527882,0.21934465048528964,0.0,0.0,0.047693484660763515,0.06888834597761273,0.0
2014-05-09,0.06521003794599455,0.056740228381791144,0.04500090712478965,0.261483520702241,0.06913246215686382,0.16950812445652702,0.21763533292457182,0.0,0.0,0.047094051943042434,0.0681953343641786,0.0
2014-05-12,0.06478360685758396,0.05635101301030632,0.0446833607181789,0.2618357431245342,0.0690067309472349,0.1707931870006586,0.2179470949697495,0.0,0.0,0.04683741527208793,0.06776184809966582,0.0
2014-05-13,0.063722928516328,0.05586675089769349,0.04348784669407933,0.2629175212086666,0.06870916885186595,0.1711183373372849,0.22010023441026905,0.0,0.0,0.046544827888182726,0.06753238419562999,0.0
2014-05-14,0.061254155556503,0.05352674309672894,0.042054934046416026,0.2498909215087777,0.06483381579055138,0.16173418143760632,0.21059322721362378,0.04836178963942319,0.0,0.04388685978098587,0.06386337192938393,0.0
2014-05-15,0.06450395016432879,0.05720334184131327,0.044876240915008504,0.25903662409046413,0.06723375019041877,0.16719531528691867,0.22356946428704713,0.0,0.0,0.04855603368966292,0.06782527953483775,0.0
2014-05-16,0.06394775267788132,0.057358160023767604,0.044598635661028195,0.25685600781317,0.06687539000094636,0.16720226789903292,0.22683801788387117,0.0,0.0,0.04861056423096321,0.06771320380933937,0.0
2014-05-19,0.06416637269814351,0.05737698669249661,0.04401833351523416,0.25568781855633704,0.06679340150453884,0.16719244966606928,0.22940954299592894,0.0,0.0,0.04844750017232923,0.06690759419892237,0.0
2014-05-20,0.06421387712849529,0.05747140437750955,0.044224661237107665,0.2561851813793697,0.06614786595256669,0.16712336679328638,0.22931612860901787,0.0,0.0,0.04863831260056853,0.06667920192207837,0.0
2014-05-21,0.0638837137666641,0.057647582389465046,0.04379972377046827,0.2570546773489053,0.06622048631422875,0.16682578573007786,0.22967433147575242,0.0,0.0,0.04853812816759795,0.06635557103684019,0.0
2014-05-22,0.06283497459929342,0.056940633246434606,0.04413164542275888,0.26033293305617544,0.06610307188512907,0.16745854974755384,0.22907164039716452,0.0,0.0,0.04778183952888264,0.06534471211660751,0.0
2014-05-23,0.06244378721616348,0.05673984463274084,0.04377527485682408,0.261477817946688,0.06594395730428353,0.16825481323015348,0.22886346453210568,0.0,0.0,0.04758977596176057,0.06491126431928036,0.0
2014-05-27,0.06239876797717337,0.056626589513191466,0.04489510523832368,0.2607903054296561,0.06578317212466223,0.16809946876625015,0.22988965420062685,0.0,0.0,0.047413859950613556,0.06410307679950257,0.0
2014-05-28,0.06223299762728087,0.056388977158922174,0.044867519637826245,0.26162578219386123,0.06560160735289958,0.1665138679698842,0.23057986964223956,0.0,0.0,0.04752296018702656,0.06466641823005975,0.0
2014-05-29,0.06269299304369141,0.06067820752930824,0.04635577686426092,0.26008476129561897,0.06407584610986866,0.16288476075281974,0.23057518231105345,0.0,0.0,0.048890039020561646,0.063762433072817,0.0
2014-05-30,0.06226288528158867,0.062308864815225296,0.04573809044271226,0.2637791368808651,0.06454039966232049,0.16154247673328476,0.2283971035779935,0.0,0.0,0.047719347827879635,0.06371169477813059,0.0
2014-06-02,0.062015104531441934,0.062097835053280995,0.044457630461560316,0.26249532488625865,0.06427923893043536,0.16114493554604367,0.22968370575911098,0.0,0.0,0.05049728263986161,0.06332894219200629,0.0
2014-06-03,0.06273443618889336,0.06406865139850218,0.04575428390935761,0.260789837939382,0.06567439099425645,0.15767293235449875,0.22671127768828508,0.0,0.0,0.05142090323968991,0.06517328628713474,0.0
2014-06-04,0.06200742832497769,0.06369733840200864,0.04613699948300779,0.2585268346670767,0.06317285565668086,0.15417035194804848,0.23477225929942264,0.0,0.0,0.050990637928146176,0.066525294290631,0.0
2014-06-05,0.061816392715518316,0.06413577586578803,0.046105757055177186,0.25746407300684815,0.06297424479688243,0.15435297280746235,0.23407318943405578,0.0,0.0,0.052077784453682614,0.06699980986458529,0.0
2014-06-06,0.06205404834549641,0.06477361863934418,0.04677412157903481,0.25792667651183965,0.0632982449391862,0.15454861588583707,0.23332601476610756,0.0,0.0,0.053927427005281546,0.06337123232787244,0.0
2014-06-09,0.061705282247279586,0.06462042444183841,0.04630931820276972,0.2601168789283547,0.0636394769484035,0.15550702999152632,0.22981768810493744,0.0,0.0,0.05545524319172335,0.06282865794316694,0.0
2014-06-10,0.062392470569708376,0.06962999263583595,0.04765601423094697,0.2589654039059248,0.06464254939358066,0.15314234970554885,0.23105218484879633,0.0,0.0,0.0527161912565994,0.05980284345305845,0.0
2014-06-11,0.06278773354417135,0.06986089532222403,0.047822353673486535,0.25754856995949804,0.06458861586544737,0.1530895927038576,0.2321361852317879,0.0,0.0,0.05301300577893595,0.05915304792059119,0.0
2014-06-12,0.06302294746444262,0.07128615408864697,0.047948697499027026,0.25620301766406606,0.06514145916769497,0.15265382950858292,0.2312452152329205,0.0,0.0,0.053867198673653145,0.058631480700965806,0.0
2014-06-13,0.0627629159384017,0.07188433188377677,0.04859339779044279,0.2544499787802894,0.06426925272286739,0.15256285316668733,0.23543969459384678,0.0,0.0,0.051484246868836986,0.05855332825485093,0.0
2014-06-16,0.0587362144745755,0.07043776427637326,0.04876784427086738,0.25794957444775213,0.06076317949074669,0.15409272676906852,0.2422216276474034,0.0,0.0,0.04788479701582817,0.05914627160738486,0.0
2014-06-17,0.058576374396218565,0.07036055216416989,0.048068940464090965,0.2561308210086943,0.060308209803276,0.15284933791213,0.24792552156160316,0.0,0.0,0.04766557901931989,0.0581146636704973,0.0
2014-06-18,0.059002951262100825,0.07074734314884933,0.04835115471738915,0.253469953709752,0.060875809994201675,0.15203875968659117,0.24855961400175924,0.0,0.0,0.047798582523541744,0.0591558309558147,0.0
2014-06-19,0.0548242422245851,0.06486734165914874,0.0449451627923558,0.23225669979227634,0.05667052365769951,0.136484096251153,0.21737156544718214,0.050619155611599846,0.04185701700979005,0.044604719634556776,0.05549947591965277,0.0
2014-06-20,0.05609346487149856,0.06780405343884092,0.04611522719597879,0.2355545679788525,0.05566865290827098,0.13620648397655646,0.22336771944573428,0.04255615377761991,0.03434507026347334,0.04552680269449334,0.056761803448680946,0.0
2014-06-23,0.056306087921872056,0.06689134765047375,0.04550422519240355,0.23892261681707813,0.05508131020182679,0.13644104803542131,0.22063938995230142,0.04236127388817362,0.03425626147927097,0.045311416181274176,0.05828502267990415,0.0
2014-06-24,0.05622047515186433,0.06669431455167854,0.04623897778162473,0.23704704730126477,0.05499513746450759,0.13593440761736744,0.22262813873710577,0.042440490344659056,0.034149590169880874,0.045654955506879785,0.05799646537316708,0.0
2014-06-25,0.05590591347645047,0.06670644609978123,0.04666672355013811,0.23830272158972585,0.05444527378937261,0.1338365744007541,0.22316613037999128,0.04253801557820368,0.034242507159067036,0.04573121964839328,0.05845847432812211,0.0
2014-06-26,0.056381592978889734,0.06704110351155837,0.046848177200094765,0.23690339696997303,0.054466677052268424,0.1337023249527097,0.22297406805986975,0.042870424828258626,0.03416063959379238,0.04560365305973223,0.05904794179285319,0.0
2014-06-27,0.056335380467088116,0.06723296218325751,0.04736050778217876,0.23575022480159766,0.054890075965471456,0.13384949741132066,0.2212306618371025,0.042502527995839326,0.0338673225127905,0.04830005393138121,0.058680785111972424,0.0
2014-06-30,0.056041624742019264,0.06683737532631094,0.04704424541507805,0.23827034814206624,0.05502483878788071,0.13355572320840675,0.2213584204699435,0.0425170957392948,0.033689954530726374,0.04801748254149961,0.057642891096773716,0.0
2014-07-01,0.0561149522252889,0.06714473083951844,0.047148131890303854,0.23849603622704196,0.055181291941551885,0.1335991061478035,0.22031444789669982,0.04199320245921981,0.033863214096063333,0.04849147413506857,0.05765341214143991,0.0
2014-07-02,0.05740246489320048,0.06541448738151849,0.04626233835938869,0.24239150793946931,0.05404918866898465,0.13128677164254074,0.2216811287817302,0.04252529183228527,0.03358805960452131,0.04844541243185663,0.05695334846450416,0.0
2014-07-03,0.06024728347011634,0.06668205479334008,0.04656701841672101,0.23168065540004523,0.05334730064863681,0.13056780374967084,0.22893480106768163,0.04308940421345914,0.03386630639225143,0.047670321991732614,0.05734704985634473,0.0
2014-07-07,0.059885390748756866,0.06640469182845976,0.047039824581126814,0.23093354457390886,0.0529655944125476,0.13068518912187063,0.22859004590650497,0.04328694090086418,0.033758816354528105,0.04960392199368373,0.05684603957774847,0.0
2014-07-08,0.06086953517551032,0.06781169349006927,0.04719343118941586,0.23000877583666032,0.05254618474652748,0.1298154728734165,0.22830157254513989,0.04312187953177618,0.03363749272136578,0.049974275247898305,0.05671968664222002,0.0
2014-07-09,0.06846063644877719,0.07174419716514607,0.04681875166390668,0.22508646302342625,0.050770748762402555,0.1246738636231264,0.23187618313402136,0.042176452629582493,0.03292133624117303,0.04868219722405746,0.05678917008438057,0.0
2014-07-10,0.06932041429330288,0.07109073264828922,0.04541884063418496,0.21929616738832164,0.05005002059049284,0.12115284602413791,0.24873140948436645,0.040859155422123275,0.032117306176204244,0.04588039771631828,0.05608270962225833,0.0
2014-07-11,0.07024847934412726,0.06830785084669064,0.045499204444823846,0.22088746838252218,0.05052733524583993,0.12191336653453017,0.24644464002659927,0.041295235710365905,0.03199383252501984,0.04620455398160941,0.05667803295787149,0.0
2014-07-14,0.07105837675629549,0.06880370419294511,0.04762326708643553,0.21910929926480108,0.05039690113181564,0.12092281069868602,0.24411751938254062,0.04347299056299347,0.032917981681462025,0.04316997016875432,0.058407179073270726,0.0
2014-07-15,0.07349326670884039,0.0716107921460298,0.04853117050555383,0.21862173071175717,0.05022555896857861,0.12025928844188637,0.24411475646270211,0.039954765276064536,0.03131567116487167,0.043141287300016665,0.05873171231369866,0.0
2014-07-16,0.07216641459429494,0.07098349281879666,0.04844790582753353,0.2244045879092209,0.05090347414104463,0.12396749090674154,0.23897376231771777,0.03911964898440021,0.030509706568702572,0.04180276445083397,0.0587207514807133,0.0
2014-07-17,0.07253335760905423,0.0704016402625506,0.04923782539603944,0.22537886929730747,0.05095547226273425,0.12414676075179208,0.23641256253583753,0.03936608122029332,0.03105730698954153,0.04115240796746101,0.05935771570738859,0.0
2014-07-18,0.07328649234020718,0.07075315027692673,0.04903121202665374,0.2344301165967388,0.05304587623547575,0.1310500519438729,0.2074246028900023,0.04078668482420698,0.03244265722740063,0.04480764507362347,0.06294151056489149,0.0
2014-07-21,0.07237960092899488,0.07073376631770807,0.04865856737383307,0.23743862942955477,0.05410944605586891,0.1335184475739188,0.20076772011010055,0.041198794182869605,0.032495838745818205,0.04559900518504115,0.06310018409629194,0.0
2014-07-22,0.06229690790336273,0.06067252415034319,0.041956906017427534,0.20528071413250704,0.04652463296619208,0.1152045815006054,0.17153399932276112,0.03571175840529833,0.028297756445296075,0.03886956576937543,0.054238127016610634,0.1394125263702205
2014-07-23,0.0641419094694168,0.0609685917203917,0.04321940242138782,0.20366748107761531,0.04652179652832036,0.11524128746456691,0.17091050730890764,0.03581944708050392,0.028301592574080412,0.039719703780761534,0.054576783907188064,0.13691149666685962
2014-07-24,0.064148628867885,0.06099768615393574,0.04325146794719907,0.20412158133186248,0.046741985878357935,0.11537510650829426,0.16932187221273254,0.03586595593435661,0.028336545139503205,0.03956393681255378,0.05522751770233659,0.137047715510983
2014-07-25,0.06534627896586807,0.0625926037633701,0.044295262522570114,0.19809365328429446,0.04675709571620888,0.11426116663496023,0.1712041576817237,0.035894646029153855,0.02738595194896845,0.039562952647163876,0.05589775196721999,0.1387084788384983
2014-07-28,0.06480863225770729,0.06260594227069598,0.0442740810795589,0.1989669069883488,0.04584796621789295,0.11369620821943434,0.17010887142109604,0.03554767124094173,0.027666740904980214,0.04046775977448201,0.055164507343026796,0.14084471228183493
2014-07-29,0.06481912924404991,0.06274969128900787,0.04403773582026483,0.20017258611148678,0.04675261119195857,0.115583313790731,0.16630539683032905,0.03558871789132839,0.02773587498176529,0.04052418558242385,0.0547585417750515,0.14097221549160308
2014-07-30,0.06421275309119402,0.06264926600503007,0.04368256384882605,0.2002644197202505,0.046923596124344116,0.11593490472973617,0.1673842739807077,0.035949993725565205,0.028328341590903017,0.04021478320621409,0.05422954195229785,0.14022556202493106
2014-07-31,0.06821362667473325,0.06648477928197757,0.04646149798303232,0.2024568203696126,0.04819783726183575,0.12073207630744097,0.16999065557530016,0.0,0.03020001863304307,0.04176327165623577,0.05748368580351424,0.14801573045327432
2014-08-01,0.06263382959832034,0.062326025619424096,0.045176969166723924,0.20755447350121314,0.04969514129031259,0.12350129529891982,0.15250969573122056,0.039128052259453344,0.0,0.041424170926106424,0.05586377113940297,0.1601865754689027
2014-08-04,0.06626392041421272,0.06472354911123027,0.047556958764338915,0.20924036119321995,0.05194303960135343,0.12626786234057394,0.16137790289171805,0.0,0.0,0.04432890169327595,0.06075363769246637,0.16754386629761045
2014-08-05,0.06619464467659546,0.06505522737332363,0.04770767923982926,0.21183179700353588,0.05270005448871771,0.12777894409899127,0.1527585222878947,0.0,0.0,0.044505308260989696,0.060844252539024354,0.1706235700310981
2014-08-06,0.06835230445894915,0.0,0.04881522301966969,0.22641059561264112,0.05621130944499849,0.13625729463000938,0.16204361991664532,0.04510106011923108,0.0,0.0,0.06300890690426442,0.1937996858935914
2014-08-07,0.06689567413881858,0.0,0.04796590276868143,0.21657911827786452,0.05383877533888228,0.13048402915379015,0.15334365425717122,0.04214659882667822,0.0,0.04474763625628958,0.060203757410588164,0.18379485357123598
2014-08-08,0.06921604770459258,0.0,0.05002975595203192,0.22561057138458962,0.05611686378936128,0.1373445098608117,0.1607584283386065,0.04399019277997765,0.0,0.0,0.06358644688889788,0.193347183301131
2014-08-11,0.060252398882804814,0.05836442039116335,0.0446390334698625,0.2069945095861316,0.05127395147102991,0.1265440706155564,0.14185829695589322,0.039868898041528336,0.0,0.04270610500592725,0.056552045546584655,0.17094627003351812
2014-08-12,0.06856416881706089,0.0,0.049269679745927684,0.23315284227550748,0.05765313286785315,0.14110768891710546,0.15264669152825536,0.04468280373449171,0.0,0.0,0.062346565253274706,0.19057642686052356
2014-08-13,0.06422767984895042,0.060770710426264335,0.04722053076471816,0.21899210678906733,0.05353063448297002,0.13223409101809327,0.14363143494420416,0.04183529939771083,0.0,0.0,0.05940430377589402,0.17815320855212746
2014-08-14,0.06418178419299989,0.060730036544894644,0.04742265976942809,0.21823877887340076,0.054216062297860364,0.1328652735836207,0.14345217854032902,0.04214803846220881,0.0,0.0,0.05735909865853237,0.17938608907672546
2014-08-15,0.06479579834593407,0.06085693852257317,0.04802979835077298,0.21814069074769846,0.053618948790466886,0.13270293411108194,0.14306693613555047,0.042138007864718524,0.0,0.0,0.05750936970038624,0.1791405774308174
2014-08-18,0.06625572982941043,0.062147563301541864,0.04853487988956405,0.21563640616694466,0.05328684929404286,0.13227953220646602,0.14299527421990071,0.042130856053347106,0.0,0.0,0.05847470975615194,0.17825819928263043
2014-08-19,0.06580507327225445,0.062077903964881304,0.04870156969409618,0.21449260029313125,0.052668866294802164,0.1326444561513941,0.1429933800315316,0.04248291981548065,0.0,0.0,0.058045823613448476,0.18008740686897967
2014-08-20,0.06588793153029557,0.06234636682996904,0.04884045060939682,0.2142793453557348,0.05294900315011929,0.13316536222538125,0.1435283709712247,0.04263523134348529,0.0,0.0,0.059130281087134896,0.17723765689725832
2014-08-21,0.06959604659242713,0.06613642534768997,0.05189910291881136,0.22404688610312232,0.0557496259805317,0.14051428268350327,0.15052607046743666,0.0,0.0,0.0,0.06237894998262503,0.17915260992385235
2014-08-22,0.06900267166570173,0.06545436142857858,0.051472300433489736,0.2253474294732849,0.05657685156549927,0.141273816353371,0.1493541546928137,0.0,0.0,0.0,0.06257569234345793,0.17894272204380318
2014-08-25,0.06938642842457722,0.06586338662989022,0.051462397022337125,0.22585249773816465,0.056739164497418344,0.14289634445073304,0.148328817112271,0.0,0.0,0.0,0.06151108072408658,0.17795988340052182
2014-08-26,0.06900403383092579,0.06506940200125526,0.052999357920278586,0.22594347030430215,0.056638938882922485,0.14253063746537376,0.14767076932007783,0.0,0.0,0.0,0.06161417010766065,0.17852922016720346
2014-08-27,0.06759870716912587,0.0638229357470159,0.051736967244317505,0.2287599936000149,0.05605858787226613,0.14597750386453232,0.14680663689571702,0.0,0.0,0.0,0.060418949270163655,0.17881971833684657
2014-08-28,0.06406032297486042,0.060485951493407276,0.049064396663439654,0.2219980785209372,0.054444223402123265,0.14283321846725242,0.1388693064717313,0.04335509551162131,0.0,0.0,0.057268457575709364,0.1676209489189177
2014-08-29,0.0643375400901609,0.060449514591315014,0.04863244171209761,0.22074300826823648,0.05450264248424415,0.14298743974132114,0.13895445487845556,0.04343517252577482,0.0,0.0,0.05753477595561299,0.16842300975278127
2014-09-02,0.06680595976430702,0.06307934406277359,0.05079086089835798,0.2277758681745852,0.05609385183506674,0.1477508268208177,0.1440130699865649,0.0,0.0,0.0,0.06394049114067163,0.17974972731685535
2014-09-03,0.06821746206911918,0.06458709182946207,0.05233276141718238,0.2236419694746626,0.05330548078996688,0.1451880232920293,0.14767803802558999,0.0,0.0,0.0,0.06534120180281298,0.1797079712991746
2014-09-04,0.06790725116053269,0.06337815900235177,0.05080389457269167,0.22300183993564077,0.05292333584482118,0.14549826042093464,0.1459029285430258,0.0,0.0,0.0,0.06810642091263712,0.18247790960736424
2014-09-05,0.07077857337621708,0.06584115275077936,0.053087047317645915,0.23316231533169116,0.05373067537470879,0.1420923541689051,0.15000680419091597,0.0,0.0,0.0,0.07210853549445358,0.15919254199468302
2014-09-08,0.07095716755793735,0.06638677113762655,0.05282706468181753,0.23348593966823086,0.05379360171808578,0.14246430152635062,0.15009935908714706,0.0,0.0,0.0,0.07042165511931009,0.1595641395034941
2014-09-09,0.07228788313119815,0.06479647079728555,0.05188442353000356,0.23559604624965483,0.05461148644561865,0.14387145326317335,0.15048501529477507,0.0,0.0,0.0,0.0708291256906872,0.1556380955976036
2014-09-10,0.07216587071991819,0.06546952184923131,0.05108605702317739,0.23665318360371534,0.05523619440044861,0.1440870934985484,0.14848159303868863,0.0,0.0,0.0,0.07064734627699859,0.15617313958927354
2014-09-11,0.07231545974590312,0.06519325622124014,0.051379497398490015,0.2364943425656801,0.055088545335117485,0.14431457855229193,0.14921614342057815,0.0,0.0,0.0,0.06649765370523007,0.15950052305546894
2014-09-12,0.072050974023788,0.06444249672868577,0.05070897566510397,0.23729457104694662,0.055372650630342184,0.14565102659099674,0.1485286137875595,0.0,0.0,0.0,0.066226358764007,0.15972433276257023
2014-09-15,0.07222724159607555,0.06579593497463021,0.05068130749349754,0.2390599069732667,0.054717179073741844,0.1471937414098974,0.15281541132952642,0.0,0.0,0.0,0.05453075585340377,0.16297852129596047
2014-09-16,0.07162437977866937,0.06585030303754297,0.05032235939584494,0.2389461909222601,0.056017640615475504,0.14839700262762254,0.15103694881389224,0.0,0.0,0.0,0.054550507406051836,0.1632546674026404
2014-09-17,0.07571095764511446,0.0,0.05272676684244072,0.25890418903004775,0.06045067624884869,0.15997523725290597,0.1611865173897,0.0,0.0,0.0,0.057641023358648784,0.17340463223229366
2014-09-18,0.07149923380219107,0.06569488462809764,0.049184630892008106,0.24419293560228816,0.05713350712954287,0.14963049696776543,0.14984470137253758,0.0,0.0,0.0,0.054591786542665555,0.1582278230629036
2014-09-19,0.071947491853197,0.06509276571635957,0.04919673119392321,0.2468368815814865,0.05814512793799592,0.15267467665774118,0.14993449703613262,0.0,0.0,0.0,0.053924679995030096,0.15224714802813386
2014-09-22,0.07801508170529263,0.0,0.05270888545251968,0.26575535958061536,0.06102120519719144,0.16169483639050938,0.1618910102024858,0.0,0.0,0.0,0.058245926685393565,0.16066769478599208
2014-09-23,0.07667020267725408,0.0,0.05121846956273063,0.2680523001643328,0.06137377833034908,0.16261243947686665,0.16183689221521733,0.0,0.0,0.0,0.057810027524260114,0.1604258900489893
2014-09-24,0.07618936869345393,0.0,0.05125304024643577,0.2682452782453907,0.06125597041266443,0.1626416215948464,0.15768872806879966,0.0,0.0,0.0,0.05819957342553683,0.16452641931287215
2014-09-25,0.08925174045192759,0.0,0.05944155459721797,0.3187026080904896,0.07247170036696746,0.19234893918202023,0.0,0.0,0.0,0.0,0.06923956732303672,0.19854388998834036
2014-09-26,0.08485216633452389,0.0,0.05740559674901916,0.3192551610167829,0.07244909476639301,0.19569864666987355,0.0,0.0,0.0,0.0,0.07009449595752398,0.20024483850588362
2014-09-29,0.0877522350155881,0.0,0.0,0.35114393486381906,0.07783403965481422,0.20760944897461026,0.0,0.0,0.0,0.0,0.07128001505610433,0.20438032643506404
2014-09-30,0.08808238597324776,0.0,0.0,0.35035017301922133,0.07732273542178515,0.20768180310093817,0.0,0.0,0.0,0.0,0.07152164975387226,0.2050412527309354
2014-10-01,0.08842605883045555,0.0,0.0,0.35047392974391517,0.07749673412412521,0.20851266613834624,0.0,0.0,0.0,0.0,0.07160280002197365,0.20348781114118433
2014-10-02,0.07528736364667012,0.0,0.0,0.2818121965850958,0.06540320210678102,0.17826740982611364,0.15727752910532905,0.0,0.0,0.0,0.06313955251281468,0.1788127462171957
2014-10-03,0.07600388729742896,0.0,0.0,0.2805873491951223,0.06469990794924114,0.1795874472449546,0.15725694936808596,0.0,0.0,0.0,0.06347091148226983,0.1783935474628972
2014-10-06,0.07282317618541655,0.0,0.04840405199333628,0.2750855557577649,0.06336036589712674,0.17474569609985374,0.15358658009838827,0.0,0.0,0.0,0.06206981454554422,0.1499247594225694
2014-10-07,0.07771329330443477,0.0,0.0,0.29441694770261784,0.06796538548982871,0.1885428775205736,0.16420264395123618,0.0,0.0,0.0,0.06613602728069705,0.1410228247506119
2014-10-08,0.07217452890780797,0.0,0.04925227095735032,0.2750498814699907,0.06453779054107253,0.18141352174285996,0.15734662854120202,0.0,0.0,0.0,0.06394771630747326,0.1362776615322432
2014-10-09,0.08793166750286457,0.0,0.0,0.3506905199974618,0.08344599593449208,0.22812528710791463,0.0,0.0,0.0,0.0,0.076799726979662,0.17300680247760494
2014-10-10,0.08380651605094139,0.0,0.0,0.3511303814549675,0.08452595946108758,0.22727111003661943,0.0,0.0,0.0,0.0,0.07805472004359937,0.17521131295278475
2014-10-13,0.0,0.0,0.0,0.3868592593075047,0.09208295246570401,0.24899222234931606,0.0,0.0,0.0,0.0,0.08451197285862681,0.1875535930188484
2014-10-14,0.0,0.0,0.0,0.38518509260503075,0.09298702558591458,0.25082080446864446,0.0,0.0,0.0,0.0,0.08671656143144181,0.18429051590896825
2014-10-15,0.0,0.0,0.0,0.3847224856540823,0.09367529662797884,0.2521229651205206,0.0,0.0,0.0,0.0,0.08450099901399244,0.184978253583426
2014-10-16,0.0,0.0,0.0,0.38980078524137324,0.09434521891919194,0.2557772017985694,0.0,0.0,0.0,0.0,0.08570023860172175,0.17437655543914374
2014-10-17,0.0,0.0,0.0,0.38996562221529896,0.09394077880040308,0.2551057113052935,0.0,0.0,0.0,0.0,0.08602356690144011,0.1749643207775643
2014-10-20,0.06949107886671652,0.0,0.0,0.3087756983961085,0.07291327567510593,0.20113171417056896,0.1464034283903149,0.0,0.0,0.0,0.06645777728889024,0.134827027212295
2014-10-21,0.06878506390939544,0.0,0.0,0.3112902587886974,0.0744147673707867,0.20429023455321105,0.14222557464127258,0.0,0.0,0.0,0.0650546885338263,0.13393941220281053
2014-10-22,0.06593336598600578,0.0,0.0,0.3137047084953116,0.07439385868042961,0.20704046592536376,0.13928331868280533,0.0,0.0,0.0,0.0655456735780419,0.134098608652042
2014-10-23,0.06599625538359147,0.0,0.0,0.315142166547125,0.07484671049104126,0.20723200439443565,0.13677678073609387,0.0,0.0,0.0,0.06607253914744962,0.133933543300263
2014-10-24,0.06400429913929469,0.0,0.0,0.31801945604185344,0.07534035105187131,0.20934366465809431,0.13623333005865168,0.0,0.0,0.0,0.06478904830150026,0.13226985074873437
2014-10-27,0.06585857146862661,0.0,0.0,0.31580660738939875,0.0744605249128378,0.20891353220617434,0.13917262695217394,0.0,0.0,0.0,0.06581705108363756,0.12997108598715088
2014-10-28,0.06480607050533795,0.0,0.0,0.3226168727864605,0.0737549446088325,0.21183090208804536,0.13530210190972855,0.0,0.0,0.0,0.06439872236004103,0.12729038574155419
2014-10-29,0.06451426222093352,0.0,0.0,0.32125850730613353,0.07366975249489773,0.2092735642774534,0.13866712285356522,0.0,0.0,0.0,0.06495765542789358,0.12765913541912302
2014-10-30,0.06256912891098526,0.0,0.04992553131641453,0.3020889409777224,0.07055439250803006,0.19939937328118099,0.133003423998668,0.0,0.0,0.0,0.0628369872740784,0.11962222173292042
2014-10-31,0.062378603667564,0.0,0.049724681747147406,0.3005408903829269,0.070644753444706,0.20058938043826496,0.13354814161508247,0.0,0.0,0.0,0.06268616341086052,0.11988738529344764
2014-11-03,0.06497177925805929,0.0,0.0,0.3189117205850155,0.07508924251986493,0.21261941492541525,0.14039063148772357,0.0,0.0,0.0,0.06478225050412824,0.12323496071979331
2014-11-04,0.0662223114162901,0.0,0.0,0.31620185945018725,0.07550125560907656,0.21226960078109208,0.141419475482307,0.0,0.0,0.0,0.06476728279158589,0.12361821446946122
2014-11-05,0.06611451489539662,0.0,0.0,0.3162551758402949,0.07544293916873013,0.21183011200994073,0.14247492968008976,0.0,0.0,0.0,0.06499198626180878,0.12289034214373902
2014-11-06,0.0659593073603471,0.0,0.0,0.3168891550309114,0.07615095063221469,0.21106102784800035,0.14262645911375343,0.0,0.0,0.0,0.06503426351903005,0.1222788364957429
2014-11-07,0.06632047486562147,0.0,0.0,0.3177336742680855,0.07609580972811408,0.20989587297604545,0.14306810725276953,0.0,0.0,0.0,0.06610477640879855,0.12078128450056534
2014-11-10,0.06799388267587586,0.0,0.0,0.3151673286994402,0.0770100495108678,0.20457780035938458,0.1466296298774773,0.0,0.0,0.0,0.06761402901714525,0.12100727985980905
2014-11-11,0.06817270085259566,0.0,0.0,0.31581398847324277,0.07748278892558394,0.20196804646128658,0.1474819763269469,0.0,0.0,0.0,0.06737974485689978,0.12170075410344448
2014-11-12,0.06823630672263718,0.0,0.0,0.3178001122607372,0.07839362623828462,0.2017577112687286,0.14675872499739542,0.0,0.0,0.0,0.0674445718286318,0.11960894668358513
2014-11-13,0.06833146976915878,0.0,0.0,0.31950353495038847,0.07846272730035246,0.20164587809182163,0.1457125764514346,0.0,0.0,0.0,0.06680591920363033,0.11953789423321366
2014-11-14,0.07977981292909672,0.0,0.0,0.3743855536890746,0.09157809207508098,0.23640294003701837,0.0,0.0,0.0,0.0,0.07787065049255074,0.1399829507771786
2014-11-17,0.07950868307351387,0.0,0.0,0.37502939434862376,0.09130839864220062,0.2383348406084581,0.0,0.0,0.0,0.0,0.07683836551048714,0.13898031781671652
2014-11-18,0.07978580993262793,0.0,0.0,0.37428839524068275,0.09185441275548635,0.23794555766594325,0.0,0.0,0.0,0.0,0.07762950102545617,0.1384963233798037
2014-11-19,0.07981351051778462,0.0,0.0,0.3746155753995754,0.09206571278156925,0.2388052660793952,0.0,0.0,0.0,0.0,0.07768078622849833,0.1370191489931773
2014-11-20,0.08101651830020916,0.0,0.0,0.3737531475339452,0.0929685408931528,0.2351313585862318,0.0,0.0,0.0,0.0,0.07799339398977945,0.13913704069668165
2014-11-21,0.07641487226294583,0.0,0.06057679522920348,0.35091867026597817,0.08838304377796584,0.21867608619922463,0.0,0.0,0.0,0.0,0.07350044379673915,0.1315300884679429
2014-11-24,0.07687248008626482,0.0,0.056372498220281286,0.35658829626249755,0.08903243509099026,0.2171425201152389,0.0,0.0,0.0,0.0,0.07387164645644624,0.13012012376828094
2014-11-25,0.06979301207664591,0.0,0.0,0.32384592679558355,0.0808290154718281,0.19667817353137926,0.1440688005088753,0.0,0.0,0.0,0.06718051436661591,0.1176045572490721
2014-11-26,0.06577331774781808,0.0,0.04795849957209412,0.3105668714789014,0.07996173987451256,0.18613313678768142,0.1356642781368438,0.0,0.0,0.0,0.06330941930242466,0.11063273709972399
2014-11-28,0.08077344682135719,0.0,0.0,0.38200942181285263,0.09861180700195385,0.22628343560072342,0.0,0.0,0.0,0.0,0.077039412625914,0.13528247613719907
2014-12-01,0.07995401542211548,0.0,0.0,0.37150533661075413,0.10010529602556735,0.23602569406516205,0.0,0.0,0.0,0.0,0.07646795064172651,0.13594170723467436
2014-12-02,0.0804336840413894,0.0,0.0,0.3699239611862191,0.10046015206116075,0.23504015538549677,0.0,0.0,0.0,0.0,0.07818671607633777,0.13595533124939616
2014-12-03,0.08168683494978586,0.0,0.0,0.37338699669948383,0.10006300204523598,0.2284093369337357,0.0,0.0,0.0,0.0,0.07940220286944896,0.1370516265023097
2014-12-04,0.08180265097718152,0.0,0.0,0.3732120285659149,0.09953505548114856,0.22925029324490281,0.0,0.0,0.0,0.0,0.07955242995897474,0.1366475417718775
2014-12-05,0.08209866692345025,0.0,0.0,0.36911656029110174,0.09979738088734652,0.2302200732975528,0.0,0.0,0.0,0.0,0.08278386469087025,0.13598345390967845
2014-12-08,0.08419109904055891,0.0,0.0,0.360607571093552,0.10177593220111501,0.23181094416350265,0.0,0.0,0.0,0.0,0.08445681365146764,0.1371576398498038
2014-12-09,0.08272736676721713,0.0,0.0,0.35518180641739777,0.10050161481896804,0.22944673258269352,0.0,0.0,0.0,0.0,0.09743842100675601,0.1347040584069675
2014-12-10,0.08290890112428495,0.0,0.0,0.35482514649831864,0.1004528040377894,0.22988369216065152,0.0,0.0,0.0,0.0,0.0983302316574506,0.1335992245215051
2014-12-11,0.0808827849330494,0.0,0.0,0.354846611349933,0.10089031157216634,0.23087073978979653,0.0,0.0,0.0,0.0,0.09983146549915566,0.132678086855899
2014-12-12,0.08032333344401643,0.0,0.0,0.3547294799644702,0.10071709045748896,0.23169591048426663,0.0,0.0,0.0,0.0,0.09948184096128157,0.13305234468847643
2014-12-15,0.07884084981961134,0.0,0.0,0.35205516020697414,0.09921591435453901,0.2343476523853409,0.0,0.0,0.0,0.0,0.10058843723846912,0.13495198599506555
2014-12-16,0.07886097381500219,0.0,0.0,0.34762512729726686,0.10176355267778048,0.2378601321768052,0.0,0.0,0.0,0.0,0.09724221810079292,0.1366479959323523
2014-12-17,0.07930630481265853,0.0,0.0,0.3471526428862774,0.10024771658411907,0.2393177272856884,0.0,0.0,0.0,0.0,0.09927610599092114,0.13469950244033552
2014-12-18,0.07768819469435699,0.0,0.0,0.35171676776095034,0.10027255501346197,0.2441311270695696,0.0,0.0,0.0,0.0,0.09499148657141007,0.13119986889025106
2014-12-19,0.07454634329106868,0.0,0.0,0.3504979531625157,0.09615747609291103,0.24920384113582283,0.0,0.0,0.0,0.0,0.0962793364411105,0.1333150498765713
2014-12-22,0.07630794429831762,0.0,0.0,0.3497370391264038,0.09521991383447011,0.2499188033423903,0.0,0.0,0.0,0.0,0.09648662937307351,0.13232967002534463
2014-12-23,0.07669275141964366,0.0,0.0,0.3491744922594149,0.09548430975288721,0.24978527871366937,0.0,0.0,0.0,0.0,0.09533206231674136,0.1335311055376434
2014-12-24,0.07977585440181421,0.0,0.0,0.3461942484008857,0.09342758860100045,0.2435918477640191,0.0,0.0,0.0,0.0,0.09888834824329361,0.13812211258898693
2014-12-26,0.07993928572250081,0.0,0.0,0.3464843610454258,0.09387169502950796,0.2420721812149741,0.0,0.0,0.0,0.0,0.0991489546226651,0.13848352236492625
2014-12-29,0.0789041540492313,0.0,0.0,0.355002872664967,0.09515329825882708,0.2414729965170003,0.0,0.0,0.0,0.0,0.09570920675243352,0.13375747175754069
2014-12-30,0.07886752214641096,0.0,0.0,0.3545913183439829,0.09595256009364794,0.2406286399921492,0.0,0.0,0.0,0.0,0.09578072877574753,0.1341792306480615
2014-12-31,0.0786543635295753,0.0,0.0,0.3513757229820124,0.09524074880848662,0.24019091174338858,0.0,0.0,0.0,0.0,0.09502029011600757,0.1395179628205294
2015-01-02,0.07758826088616642,0.0,0.0,0.3512687817346442,0.09511793904909566,0.23985040663216745,0.0,0.0,0.0,0.0,0.08977399856445512,0.146400613133471
2015-01-05,0.07960785435415613,0.0,0.0,0.3548745786239387,0.09556291791025194,0.2390792002489023,0.0,0.0,0.0,0.0,0.0886803129820559,0.14219513588069502
2015-01-06,0.07831621642317026,0.0,0.0,0.35468489900965344,0.09183813184206922,0.23955887441334417,0.0,0.0,0.0,0.0,0.09293822294479225,0.1426636553669706
2015-01-07,0.08122082351332095,0.0,0.0,0.3544351673726958,0.0887131231467935,0.24071051884122277,0.0,0.0,0.0,0.0,0.09214950415332292,0.14277086297264405
2015-01-08,0.0815039238760297,0.0,0.0,0.35484033424977707,0.08949873407311143,0.24080345403944006,0.0,0.0,0.0,0.0,0.0900348977933528,0.1433186559682889
2015-01-09,0.08186876925823067,0.0,0.0,0.35752474370985504,0.08690092437520403,0.23864359457278636,0.0,0.0,0.0,0.0,0.08989823825013438,0.14516372983378953
2015-01-12,0.08107402151066626,0.0,0.0,0.35742449075336746,0.08625630476630895,0.23854477218098327,0.0,0.0,0.0,0.0,0.09252989258723221,0.14417051820144178
2015-01-13,0.08012597535996062,0.0,0.0,0.35588830373976854,0.08571304318441696,0.2356802084986317,0.0,0.0,0.0,0.0,0.09186425525291389,0.1507282139643085
2015-01-14,0.07979455685400696,0.0,0.0,0.35580351885309536,0.08617967340622688,0.23653262202578673,0.0,0.0,0.0,0.0,0.09139950883498787,0.15029012002589634
2015-01-15,0.07653415912205638,0.0,0.0,0.33720338413258233,0.08228838570284414,0.22504395534118962,0.0,0.04956705565576087,0.0,0.0,0.08662955211694805,0.14273350792861866
2015-01-16,0.07768154423973785,0.0,0.0,0.3301763128105935,0.08167024028969881,0.22435250823019348,0.0,0.04906009858485234,0.0,0.0,0.0904971773922228,0.14656211845270106
2015-01-20,0.08107825584405388,0.0,0.0,0.3250928349941433,0.08183846350830501,0.22083508776952537,0.0,0.049535144731413065,0.0,0.0,0.09214893263354267,0.14947128051901665
2015-01-21,0.08196897072415378,0.0,0.0,0.3252639095252422,0.08077751839520966,0.22158149931835935,0.0,0.049384704285896336,0.0,0.0,0.0909558032163715,0.15006759453476717
2015-01-22,0.08280864035844691,0.0,0.0,0.32621467551112626,0.07992843391319902,0.22200317832665475,0.0,0.049395837146050475,0.0,0.0,0.0910298754338436,0.1486193593106788
2015-01-23,0.0825246529972394,0.0,0.0,0.33090477335313934,0.08090382332652787,0.22535474120131033,0.0,0.05007534045542092,0.0,0.0,0.08930264822745579,0.14093402043890632
2015-01-26,0.08320327017293573,0.0,0.0,0.33190462491728656,0.08055937100123191,0.22233953051065242,0.0,0.05055152890294011,0.0,0.0,0.09040274466094352,0.14103892983400954
2015-01-27,0.08390467954718969,0.0,0.0,0.33194426023619783,0.08050803006143994,0.2239032845856938,0.0,0.04999311802765764,0.0,0.0,0.08945585595988752,0.1402907715819337
2015-01-28,0.0819825834302693,0.0,0.0,0.33583854377634437,0.08051485023510638,0.22509604379422413,0.0,0.05028394985089749,0.0,0.0,0.0902728489395063,0.13601117997365186
2015-01-29,0.08236162246574838,0.0,0.0,0.33421505730873025,0.08038908408882331,0.22222440089926332,0.0,0.05148437771691929,0.0,0.0,0.09130392508554802,0.1380215324349674
2015-01-30,0.08272771409870353,0.0,0.0,0.3330645254466939,0.07982121728092959,0.22044759131522487,0.0,0.05148450514097716,0.0,0.0,0.09266002011894263,0.13979442659852837
2015-02-02,0.08293289794042967,0.0,0.0,0.337484243790506,0.07954210402305441,0.21631929909051986,0.0,0.051643674193328944,0.0,0.0,0.08873141793707905,0.14334636302508202
2015-02-03,0.07219282519803753,0.0,0.0,0.2983888266363168,0.07004788160137036,0.19136239131097063,0.1172923372708721,0.045472272815759614,0.0,0.0,0.07828341924038373,0.1269600459262891
2015-02-04,0.0831995533604092,0.0,0.0,0.3384191357313096,0.07790559290151575,0.2129736779181077,0.0,0.054278802849412854,0.0,0.0,0.09144473454098438,0.1417785026982606
2015-02-05,0.07284223116996434,0.0,0.0,0.29834103887923935,0.06871960848488297,0.1883447145358428,0.1190615936101482,0.04752235145261554,0.0,0.0,0.08065406450627287,0.12451439736103394
2015-02-06,0.07573775632349447,0.0,0.0,0.31473921223870416,0.07160946637625742,0.20032311082303114,0.12385273900261763,0.0,0.0,0.0,0.08371653533083337,0.13002117990506182
2015-02-09,0.07912735606400363,0.0,0.0,0.3118302713908389,0.07304927259772229,0.19666435828485568,0.12939887771661987,0.0,0.0,0.0,0.07876988172716619,0.13115998221879333
2015-02-10,0.0789373402013508,0.0,0.0,0.31165463101771224,0.07297112549049847,0.19667878435526231,0.12937848706743615,0.0,0.0,0.0,0.07840557927603346,0.13197405259170647
2015-02-11,0.07830005885947232,0.0,0.0,0.3115925549972898,0.0726207612146367,0.19597200573993198,0.129686594505919,0.0,0.0,0.0,0.07927882679724314,0.13254919788550723
2015-02-12,0.07825660431310627,0.0,0.0,0.3111272711105548,0.0725794674339058,0.19617003070690076,0.1302361616088857,0.0,0.0,0.0,0.07920229607430251,0.13242816875234428
2015-02-13,0.07789318499597322,0.0,0.0,0.3125445846733297,0.07278322779411049,0.1964861654025887,0.131730356846313,0.0,0.0,0.0,0.07941340525061395,0.12914907503707085
2015-02-17,0.07797770211448062,0.0,0.0,0.31330556604701154,0.07218763346383542,0.1954841543635124,0.1319847236503264,0.0,0.0,0.0,0.07909948246397754,0.12996073789685622
2015-02-18,0.07359015753596651,0.07024342176151042,0.0,0.2865846517443526,0.06645512901473753,0.18105933208229738,0.12436771159329825,0.0,0.0,0.0,0.07439146091372582,0.12330813535411159
2015-02-19,0.07340341648171303,0.06990180706028676,0.0,0.28583313060714083,0.06644461754606558,0.18326884207708508,0.12364323844454385,0.0,0.0,0.0,0.07456951666530616,0.12293543111785878
2015-02-20,0.07356803738072426,0.07032225294755587,0.0,0.28703495758278036,0.06634908132946664,0.1848931694864217,0.12369224844784235,0.0,0.0,0.0,0.0709326928447436,0.1232075599804653
2015-02-23,0.0732138050157245,0.06996399258650457,0.0,0.28624583127904824,0.06619073685779957,0.1857699456636054,0.12394522760107106,0.0,0.0,0.0,0.07033918734331866,0.12433127365292794
2015-02-24,0.07342037864784239,0.07020773881970192,0.0,0.2858234203804963,0.06576439434612795,0.18532124415952217,0.12422142689769879,0.0,0.0,0.0,0.07024358839945287,0.12499780834915768
2015-02-25,0.07425693411593842,0.07083112928415189,0.0,0.28333902157115476,0.0660540928665073,0.18492495515856147,0.12574343244582947,0.0,0.0,0.0,0.06834218561644403,0.12650824894141255
2015-02-26,0.07416491418038812,0.07080266347282135,0.0,0.2829539836219443,0.06591766668203161,0.18563832828153337,0.12525406811646858,0.0,0.0,0.0,0.06867910202999213,0.12658927361482056
2015-02-27,0.07455931848319912,0.07156183869202079,0.0,0.2816684468124094,0.06534194096056607,0.18325165079118652,0.12954055671505815,0.0,0.0,0.0,0.06822543538685112,0.12585081215870886
2015-03-02,0.07430985373833827,0.07104473545418047,0.0,0.27987341276265704,0.06482629097670646,0.18311427773656938,0.13315873537342152,0.0,0.0,0.0,0.06749610065321028,0.12617659330491648
2015-03-03,0.07514166687550715,0.07185589412389608,0.0,0.2738817387748777,0.0641934510920363,0.181574539657424,0.13571061748290988,0.0,0.0,0.0,0.06826665469383277,0.12937543729951612
2015-03-04,0.07516088463636342,0.07167113264179488,0.0,0.27386678386249086,0.06420967149572417,0.1817308950824598,0.13546995367759251,0.0,0.0,0.0,0.0683236202514039,0.12956705835217033
2015-03-05,0.07481357063885394,0.07143744774447529,0.0,0.2760846563415825,0.06430509201903314,0.18129145001631203,0.13492905923253856,0.0,0.0,0.0,0.06755320382511602,0.1295855201820885
2015-03-06,0.07958958494941797,0.0,0.0,0.30209864944726433,0.06860817568582579,0.19512029139893153,0.14348081895486242,0.0,0.0,0.0,0.072029752805951,0.139072726757747
2015-03-09,0.08169214375770488,0.0,0.0,0.2982805972303648,0.06957742076006268,0.19206126534522258,0.14884738996009192,0.0,0.0,0.0,0.06904958273603025,0.1404916002105228
2015-03-10,0.09608194170198907,0.0,0.0,0.3495153070168941,0.08162179849215313,0.22447709523910125,0.0,0.0,0.0,0.0,0.0810906826774966,0.16721317487236595
2015-03-11,0.08143056470810785,0.0,0.0,0.29545256103873174,0.06866010223109964,0.19021436200764064,0.15474148817903077,0.0,0.0,0.0,0.0687700685179966,0.14073085331739266
2015-03-12,0.08205484110576303,0.0,0.0,0.2959888261481026,0.06891206358305592,0.18922642086283908,0.1563301829433777,0.0,0.0,0.0,0.06919299911433764,0.13829466624252404
2015-03-13,0.0980687724458427,0.0,0.0,0.35346276816901356,0.08235253283016436,0.2233845822255421,0.0,0.0,0.0,0.0,0.0805364646441787,0.1621948796852586
2015-03-16,0.09824091081007513,0.0,0.0,0.3555506889285577,0.08237590987060134,0.22291923496253205,0.0,0.0,0.0,0.0,0.08163271266624911,0.15928054276198478
2015-03-17,0.09752718615509022,0.0,0.0,0.35633090812054574,0.08277482678443072,0.22302548684326912,0.0,0.0,0.0,0.0,0.08121197654784662,0.1591296155488176
2015-03-18,0.07502002190538061,0.07095260359919427,0.0,0.2653563582465912,0.061598496896040536,0.16550696925520422,0.17733538735272109,0.0,0.0,0.0,0.062475035973119646,0.12175512677174839
2015-03-19,0.1004192453915982,0.08914372185488288,0.0,0.3199456399688683,0.0783798090378567,0.196545970535355,0.0,0.0,0.0,0.0,0.07739596283627441,0.1381696503751645
2015-03-20,0.08268686361845941,0.07243180326612832,0.0,0.25992180699811485,0.06516915182630204,0.15987952353737622,0.18649672738599063,0.0,0.0,0.0,0.06379580177940637,0.10961832158822206
2015-03-23,0.08355241234991792,0.07091562765585707,0.0,0.26239355082382165,0.06617621840570277,0.16272232919007928,0.1841457565177853,0.0,0.0,0.0,0.063402846049591,0.10669125900724506
2015-03-24,0.08244942695103041,0.07002953586313376,0.0,0.26650661168964335,0.06748789845109329,0.16521276662050305,0.18289194528773398,0.0,0.0,0.0,0.0626346204705213,0.10278719466634065
2015-03-25,0.08220966838012769,0.07011331814824918,0.0,0.2651862924662596,0.0672793643004932,0.16588095427241084,0.18396360683820565,0.0,0.0,0.0,0.06243397605973142,0.10293281953452249
2015-03-26,0.08083833345222312,0.07038840765933768,0.0,0.2653391173145511,0.06726872185542153,0.1658501653321458,0.18544718146798791,0.0,0.0,0.0,0.06154797900329897,0.1033200939150337
2015-03-27,0.0814645300465308,0.07080241329633818,0.0,0.2638990799920391,0.06666900224493537,0.16412792870319037,0.18694270823521905,0.0,0.0,0.0,0.06201167907871622,0.10408265840303078
2015-03-30,0.08168163292335437,0.07142504136104107,0.0,0.26373750871934853,0.06604054033621083,0.1632255109879308,0.18750113488287062,0.0,0.0,0.0,0.062028619048557346,0.10436001174068639
2015-03-31,0.08130908011976203,0.07177069255745136,0.0,0.2637921099149842,0.06590805136681986,0.16314257643910493,0.18786208165321097,0.0,0.0,0.0,0.0625446073932479,0.10367080055541875
2015-04-01,0.08045543725642365,0.07017759267559413,0.0,0.264698842772724,0.0663039634233871,0.16341033838809704,0.18726798627867375,0.0,0.0,0.0,0.06288849106346556,0.10479734814163488
2015-04-02,0.08203062539493619,0.07257838576353869,0.0,0.25872560953341045,0.06555370889401294,0.16126020207409625,0.19484221972507318,0.0,0.0,0.0,0.06193540147682487,0.10307384713810738
2015-04-06,0.0778909342237884,0.06895340143910056,0.055145164891790145,0.24396920087202645,0.06250835279963488,0.15224026478879857,0.18541560786138386,0.0,0.0,0.0,0.058342878210544846,0.09553419491293214
2015-04-07,0.07847967081906136,0.06873419271444378,0.0558078660860365,0.24277638256957224,0.06208016932664165,0.15151298155492496,0.18809455788321572,0.0,0.0,0.0,0.0585455065167535,0.0939686725293503
2015-04-08,0.08086398408628734,0.06911087580739404,0.05617513145460651,0.24197205025591562,0.06219153759009866,0.15058828285601658,0.1903507118746655,0.0,0.0,0.0,0.05699713370396524,0.0917502923710504
2015-04-09,0.08107702242850755,0.06898392063261209,0.05462045301556398,0.24214474735891717,0.0624200379917714,0.1501375977006015,0.19220437315019476,0.0,0.0,0.0,0.0566911086084399,0.09172073911339167
2015-04-10,0.0821542844658713,0.06950834724593713,0.055022729126897735,0.24172776761835035,0.06213530939743857,0.14930523332838327,0.19345451979284675,0.0,0.0,0.0,0.055747788235072745,0.09094402078920219
2015-04-13,0.082069958863165,0.06960696973861533,0.05521154736539021,0.24182800917712394,0.06214772107834782,0.14930197956560073,0.19305580678133696,0.0,0.0,0.0,0.05577349775697043,0.09100450967344953
2015-04-14,0.08207757254091509,0.06914892084669236,0.05506996801719173,0.24252562368560177,0.06227823103362961,0.14909116151726626,0.1929448353729145,0.0,0.0,0.0,0.055919015773980806,0.09094467121180785
2015-04-15,0.08199202562002088,0.06807316401603906,0.054244843934886676,0.24465699115548512,0.062361592929405456,0.1483040484167795,0.19671337827001054,0.0,0.0,0.0,0.055078069937802766,0.0885758857195698
2015-04-16,0.08280450267614481,0.06822602313113571,0.05379469235834372,0.2465460465659383,0.06256100764675562,0.149140841267655,0.19473114960300753,0.0,0.0,0.0,0.05471047506550723,0.08748526168551202
2015-04-17,0.08274515797339282,0.06818617568553255,0.05365533750690467,0.24704326007005867,0.06336809406130049,0.14928939498988916,0.19434988237781292,0.0,0.0,0.0,0.05480078504403801,0.08656191229107081
2015-04-20,0.08126604994255122,0.0671919848177269,0.053896319888533516,0.24802096629001671,0.06331111092179659,0.14888196333126993,0.19607163534129732,0.0,0.0,0.0,0.05475070834710417,0.08660926111970374
2015-04-21,0.08236690242693959,0.06687993529241841,0.05472444736096808,0.24663426854628806,0.0626446709818817,0.1476761592489989,0.1946813581232818,0.0,0.0,0.0,0.055682761355692535,0.08870949666353099
2015-04-22,0.08224036926404711,0.0664032377618769,0.054538801029334776,0.24656209638294094,0.06324112363335355,0.14900474341312295,0.19349758845738113,0.0,0.0,0.0,0.05532216639905391,0.08918987365888872
2015-04-23,0.08234219125541847,0.067625940631109,0.05440783542778283,0.24467010138695175,0.06235547257818745,0.14659883409046728,0.19661750387876273,0.0,0.0,0.0,0.0558135629348528,0.0895685578164675
2015-04-24,0.08451805674674694,0.06745712988257202,0.05432315981516034,0.2436056488942352,0.06213567325025532,0.14592071826901518,0.19637817983707162,0.0,0.0,0.0,0.05566357159925125,0.08999786170569217
2015-04-27,0.08577904009677821,0.06815247435297976,0.05403699922236451,0.24469780789863776,0.06250638745599588,0.1466915697757694,0.19429527563676285,0.0,0.0,0.0,0.05494245154836983,0.08889799401234194
2015-04-28,0.08606499361669093,0.06886487331189653,0.053823648586347625,0.24395162145527474,0.06245006848489641,0.14647510511392736,0.19517485166220738,0.0,0.0,0.0,0.05480742900596816,0.08838740876279082
2015-04-29,0.08753769078409251,0.0702290736292422,0.05631633494125657,0.2402767885080561,0.06264939652238471,0.14716731024232999,0.1936495423426469,0.0,0.0,0.0,0.055554828412205826,0.0866190346177852
2015-04-30,0.08970428828534105,0.07066738295670043,0.05685805235031067,0.24020564309121337,0.06237112511157048,0.14371793443464442,0.1959647667413126,0.0,0.0,0.0,0.05446563652806647,0.08604517050084039
2015-05-01,0.08933788901507292,0.06999774582698672,0.055955575667454654,0.24011417128516305,0.06342464480966449,0.14504845532869737,0.19725748130683157,0.0,0.0,0.0,0.05299446499426769,0.08586957176586153
2015-05-04,0.08813891922503934,0.07008704923788042,0.056156168853846306,0.23922139349683277,0.06274746762337825,0.1437542694671469,0.20070349408347415,0.0,0.0,0.0,0.052894172707356794,0.08629706530504495
2015-05-05,0.09355936116769181,0.07456723671576283,0.05868681420557233,0.2501589974658082,0.065734995006353,0.15020777311653769,0.21615472997325344,0.0,0.0,0.0,0.0,0.09093009234902077
2015-05-06,0.11485819764196686,0.0929816445018882,0.07483265712625457,0.32890977440512936,0.0,0.0,0.2712576383859366,0.0,0.0,0.0,0.0,0.11716008793882454
2015-05-07,0.10810083422961694,0.0877868106482357,0.06946741690163982,0.3046471503881547,0.0,0.0,0.25433862008139807,0.0,0.0,0.0,0.06788085632162257,0.1077783114293324
2015-05-08,0.08711283610345942,0.06995020354465593,0.05506861860026334,0.23952190349185717,0.06080567431812106,0.1460079579668477,0.20368749967650696,0.0,0.0,0.0,0.0528590128937204,0.08498629340456804
2015-05-11,0.10959788848504455,0.08621929592484762,0.0710477436945894,0.3057832099956194,0.0,0.0,0.2495099555732818,0.0,0.0,0.0,0.06750549146621454,0.11033641486040274
2015-05-12,0.11288090352612995,0.08891879290382661,0.0739896150448369,0.2961845448395225,0.0,0.0,0.24530868714758733,0.0,0.0,0.0,0.068644694731349,0.11407276180674751
2015-05-13,0.1211810978590623,0.09568295058476739,0.079934810660621,0.3181027910508264,0.0,0.0,0.26345106613987346,0.0,0.0,0.0,0.0,0.12164728370484948
2015-05-14,0.10661014173610028,0.08376620227027885,0.07033717057357278,0.28543246640623643,0.0,0.0,0.23133643459825373,0.0,0.05245445015523096,0.0,0.06450658144358165,0.10555655281674522
2015-05-15,0.08360746925508074,0.06621080055984475,0.05583642455100631,0.22963195693277025,0.0,0.13881072494249927,0.18298637235743462,0.06678997423390563,0.04141585880616443,0.0,0.050528771782942274,0.08418164657835182
2015-05-18,0.09747302309064183,0.07718704854032399,0.06500927077504766,0.2620324411776016,0.0,0.0,0.2136501894436048,0.07790997683108543,0.048269810051690454,0.0,0.06010818611854462,0.09836005397145983
2015-05-19,0.11265772464338066,0.08932957251821753,0.07428785857620208,0.2962514671143372,0.0,0.0,0.24656968756992803,0.0,0.0,0.0,0.06962544261875649,0.11127824695917791
2015-05-20,0.1131807607824989,0.08972278557903512,0.07532800201088019,0.29482381037010846,0.0,0.0,0.2472568482185133,0.0,0.0,0.0,0.07026908298750617,0.1094187100514577
2015-05-21,0.1065466225881082,0.08463040007750884,0.07182856027626588,0.2832831229298,0.0,0.0,0.23236527781971714,0.0,0.0506951586820712,0.0,0.06774527557813252,0.10290558204839606
2015-05-22,0.1123650753800197,0.08915005464521843,0.07576642354271224,0.2955513368206093,0.0,0.0,0.24706389666521283,0.0,0.0,0.0,0.07143504598009001,0.10866816696613751
2015-05-26,0.11177672941867207,0.08837750951310415,0.07539894698663281,0.2982902221200367,0.0,0.0,0.2458759108929817,0.0,0.0,0.0,0.07166346287950394,0.10861721818906886
2015-05-27,0.09394414198752073,0.07296500035914535,0.06317671643435388,0.2553744790155916,0.0,0.15228077269489268,0.20964418971437923,0.0,0.0,0.0,0.06141382729647327,0.09120087249764329
2015-05-28,0.10919185841610833,0.0847923338799274,0.07405625146565298,0.3087112414943298,0.0,0.0,0.24470540931265974,0.0,0.0,0.0,0.07161992834025259,0.10692297709106922
2015-05-29,0.12774561332305084,0.09932260679324335,0.0,0.36090429961207404,0.0,0.0,0.28744159948268033,0.0,0.0,0.0,0.0,0.12458588078895151
2015-06-01,0.11752995385770314,0.09094402034226585,0.0,0.3332885702283528,0.0,0.0,0.26586329946071324,0.0,0.0,0.0,0.07694215796551827,0.11543199814544679
2015-06-02,0.12774795666003802,0.09882259620980842,0.0,0.3588970901962336,0.0,0.0,0.28925060639062405,0.0,0.0,0.0,0.0,0.1252817505432959
2015-06-03,0.2016728425710057,0.15353265850707828,0.0,0.0,0.0,0.0,0.4560267800629077,0.0,0.0,0.0,0.0,0.1887677188590084
2015-06-04,0.20433506739853863,0.15497361084297098,0.0,0.0,0.0,0.0,0.4508937877227831,0.0,0.0,0.0,0.0,0.1897975340357073
2015-06-05,0.2078813660386853,0.15824207073346813,0.0,0.0,0.0,0.0,0.44422580689445057,0.0,0.0,0.0,0.0,0.189650756333396
2015-06-08,0.20844653025654283,0.15583992022747445,0.0,0.0,0.0,0.0,0.4441553338239759,0.0,0.0,0.0,0.0,0.1915582156920069
2015-06-09,0.21179547955406533,0.15725153356985833,0.0,0.0,0.0,0.0,0.4432305889229911,0.0,0.0,0.0,0.0,0.18772239795308518
2015-06-10,0.21160297461626476,0.1559136594216194,0.0,0.0,0.0,0.0,0.44274851100711615,0.0,0.0,0.0,0.0,0.1897348549549996
2015-06-11,0.21368414559051305,0.15146429928798993,0.0,0.0,0.0,0.0,0.44387984305059774,0.0,0.0,0.0,0.0,0.19097171207089944
2015-06-12,0.21186496196643628,0.15020606317947457,0.0,0.0,0.0,0.0,0.4490565084326597,0.0,0.0,0.0,0.0,0.18887246642142938
2015-06-15,0.37610234074066784,0.2726397082913647,0.0,0.0,0.0,0.0,0.0,0.0,0.0,0.0,0.0,0.3512579509679675
2015-06-16,0.19875080154504784,0.14569544092147615,0.0,0.0,0.0,0.0,0.4608708898844801,0.0,0.0,0.0,0.0,0.19468286764899592
2015-06-17,0.1944047019193239,0.14935981381946778,0.0,0.0,0.0,0.0,0.461619651108328,0.0,0.0,0.0,0.0,0.19461583315288034
2015-06-18,0.1940958375478123,0.14945642212272645,0.0,0.0,0.0,0.0,0.4606165181419614,0.0,0.0,0.0,0.0,0.1958312221874998
2015-06-19,0.19318789909364792,0.1495517161081607,0.0,0.0,0.0,0.0,0.4591280069903594,0.0,0.0,0.0,0.0,0.19813237780783202
2015-06-22,0.19941579134584703,0.14798276990666864,0.0,0.0,0.0,0.0,0.45716581045573096,0.0,0.0,0.0,0.0,0.19543562829175345
2015-06-23,0.1768992614201692,0.12752666634454735,0.11642416549076486,0.0,0.0,0.0,0.40492168948535495,0.0,0.0,0.0,0.0,0.17422821725916374
2015-06-24,0.2015594620300383,0.14520805486629554,0.0,0.0,0.0,0.0,0.4609912616103399,0.0,0.0,0.0,0.0,0.19224122149332634
2015-06-25,0.20426066024497752,0.14308748466192675,0.0,0.0,0.0,0.0,0.4586884660207501,0.0,0.0,0.0,0.0,0.19396338907234562
2015-06-26,0.3781381967190436,0.26856421195514396,0.0,0.0,0.0,0.0,0.0,0.0,0.0,0.0,0.0,0.3532975913258125
2015-06-29,0.378793642317665,0.26939979425122895,0.0,0.0,0.0,0.0,0.0,0.0,0.0,0.0,0.0,0.3518065634311061
2015-06-30,0.36512198016936237,0.25902419179612957,0.0,0.0,0.0,0.0,0.0,0.0,0.0,0.0,0.0,0.37585382803450823
2015-07-01,0.3661034735346635,0.2600577232960583,0.0,0.0,0.0,0.0,0.0,0.0,0.0,0.0,0.0,0.37383880316927814
2015-07-02,0.1966979340747919,0.14070707282299835,0.0,0.0,0.0,0.0,0.45641055648361845,0.0,0.0,0.0,0.0,0.2061844366185912
2015-07-06,0.48873383354103767,0.0,0.0,0.0,0.0,0.0,0.0,0.0,0.0,0.0,0.0,0.5112661664589625
2015-07-07,0.4829033135649381,0.0,0.0,0.0,0.0,0.0,0.0,0.0,0.0,0.0,0.0,0.5170966864350618
2015-07-08,0.22015740478207588,0.0,0.0,0.54393984681997,0.0,0.0,0.0,0.0,0.0,0.0,0.0,0.23590274839795405
2015-07-09,0.47081973161005186,0.0,0.0,0.0,0.0,0.0,0.0,0.0,0.0,0.0,0.0,0.5291802683899482
2015-07-10,0.1947463972737771,0.13216119697595813,0.0,0.0,0.0,0.0,0.4523637551059264,0.0,0.0,0.0,0.0,0.2207286506443384
2015-07-13,0.19476337879207978,0.12467836692144212,0.0,0.0,0.0,0.0,0.4555894542215285,0.0,0.0,0.0,0.0,0.22496880006494946
2015-07-14,0.1918678623879126,0.12535058675491162,0.0,0.0,0.0,0.0,0.4591628890961208,0.0,0.0,0.0,0.0,0.223618661761055
2015-07-15,0.1942206958385209,0.12509534691527738,0.0,0.0,0.0,0.0,0.45874686644122475,0.0,0.0,0.0,0.0,0.22193709080497695
2015-07-16,0.19576288509845813,0.12423456007193773,0.0,0.0,0.0,0.0,0.4585801706617127,0.0,0.0,0.0,0.0,0.2214223841678915
2015-07-17,0.19464372145604703,0.12485489723105433,0.0,0.0,0.0,0.0,0.4595924740097655,0.0,0.0,0.0,0.0,0.2209089073031331
2015-07-20,0.36123013823926936,0.23087178045058016,0.0,0.0,0.0,0.0,0.0,0.0,0.0,0.0,0.0,0.4078980813101505
2015-07-21,0.3596029368941183,0.22974534690298112,0.0,0.0,0.0,0.0,0.0,0.0,0.0,0.0,0.0,0.41065171620290064
2015-07-22,0.36008626974010965,0.23101337433511293,0.0,0.0,0.0,0.0,0.0,0.0,0.0,0.0,0.0,0.40890035592477736
2015-07-23,0.36069601553821984,0.23035535612589425,0.0,0.0,0.0,0.0,0.0,0.0,0.0,0.0,0.0,0.40894862833588586
2015-07-24,0.35894956709352976,0.23013284047031976,0.0,0.0,0.0,0.0,0.0,0.0,0.0,0.0,0.0,0.41091759243615045
2015-07-27,0.3529784026872659,0.22914211297971,0.0,0.0,0.0,0.0,0.0,0.0,0.0,0.0,0.0,0.4178794843330242
2015-07-28,0.3561958526866631,0.22951734440111046,0.0,0.0,0.0,0.0,0.0,0.0,0.0,0.0,0.0,0.4142868029122264
2015-07-29,0.35436126251138444,0.22905112460797833,0.0,0.0,0.0,0.0,0.0,0.0,0.0,0.0,0.0,0.41658761288063717
2015-07-30,0.35368800428949376,0.22988820744201902,0.0,0.0,0.0,0.0,0.0,0.0,0.0,0.0,0.0,0.4164237882684872
2015-07-31,0.1861045788560839,0.12002282737833647,0.0,0.4800225759695331,0.0,0.0,0.0,0.0,0.0,0.0,0.0,0.2138500177960466
2015-08-03,0.16670661157611183,0.10697729136533922,0.0,0.42650366413913754,0.10310006313113687,0.0,0.0,0.0,0.0,0.0,0.0,0.1967123697882746
2015-08-04,0.35369329687874584,0.2269942890699376,0.0,0.0,0.0,0.0,0.0,0.0,0.0,0.0,0.0,0.41931241405131664
2015-08-05,0.3581443471418937,0.23236714571028433,0.0,0.0,0.0,0.0,0.0,0.0,0.0,0.0,0.0,0.40948850714782203
2015-08-06,0.35814411565756515,0.2325867306254863,0.0,0.0,0.0,0.0,0.0,0.0,0.0,0.0,0.0,0.40926915371694844
2015-08-07,0.1644034770201992,0.10781584446878399,0.0,0.43344286803796056,0.10290566103769615,0.0,0.0,0.0,0.0,0.0,0.0,0.1914321494353602
2015-08-10,0.35086974498391044,0.23133593760577012,0.0,0.0,0.0,0.0,0.0,0.0,0.0,0.0,0.0,0.4177943174103194
2015-08-11,0.16289898437998926,0.10835286257662019,0.0,0.4324841110017552,0.1011706897089066,0.0,0.0,0.0,0.0,0.0,0.0,0.1950933523327288
2015-08-12,0.1604659607574355,0.10641376410326964,0.0,0.43585534435489326,0.10212258196156909,0.0,0.0,0.0,0.0,0.0,0.0,0.19514234882283235
2015-08-13,0.28478671013729384,0.18804869238380453,0.0,0.0,0.18454454341630674,0.0,0.0,0.0,0.0,0.0,0.0,0.3426200540625949
2015-08-14,0.2809692867125405,0.1857005031497036,0.0,0.0,0.18317294661520533,0.0,0.0,0.0,0.0,0.0,0.0,0.3501572635225506
2015-08-17,0.13724966583525938,0.09095962913129801,0.0,0.38552574980511223,0.0896995886848834,0.0,0.0,0.0,0.0,0.0,0.12524430969904807,0.1713210568443989
2015-08-18,0.2224378726394558,0.14843967069404243,0.0,0.0,0.14778420572898993,0.0,0.0,0.0,0.0,0.0,0.2024527075242006,0.27888554341331134
2015-08-19,0.14941834627360984,0.0,0.0,0.42427863152013356,0.0987588963152927,0.0,0.0,0.0,0.0,0.0,0.13598564967644747,0.19155847621451652
2015-08-20,0.0,0.0,0.0,0.5871994550948182,0.1394180450173567,0.0,0.0,0.0,0.0,0.0,0.0,0.27338249988782504
2015-08-21,0.0,0.0,0.0,0.80889681043424,0.19110318956575997,0.0,0.0,0.0,0.0,0.0,0.0,0.0
2015-08-24,0.0,0.0,0.0,0.8082526883189797,0.1917473116810203,0.0,0.0,0.0,0.0,0.0,0.0,0.0
2015-08-25,0.0,0.0,0.0,0.8082239808877298,0.19177601911227013,0.0,0.0,0.0,0.0,0.0,0.0,0.0
2015-08-26,0.0,0.0,0.0,0.0,0.0,0.0,0.0,0.0,0.0,0.0,0.0,0.0
2015-08-27,0.0,0.0,0.0,0.0,0.0,0.0,0.0,0.0,0.0,0.0,0.0,1.0
2015-08-28,0.0,0.0,0.0,0.0,0.0,0.0,0.0,0.0,0.0,0.0,0.0,1.0
2015-08-31,0.0,0.0,0.0,0.0,0.0,0.0,0.0,0.0,0.0,0.0,0.0,1.0
2015-09-01,0.0,0.0,0.0,1.0,0.0,0.0,0.0,0.0,0.0,0.0,0.0,0.0
2015-09-02,0.0,0.0,0.0,0.0,0.0,0.0,0.0,0.0,0.0,0.0,0.0,1.0
2015-09-03,0.0,0.0,0.0,0.7025679670391869,0.0,0.0,0.0,0.0,0.0,0.0,0.0,0.29743203296081316
2015-09-04,0.0,0.0,0.0,0.7037503644249844,0.0,0.0,0.0,0.0,0.0,0.0,0.0,0.2962496355750156
2015-09-08,0.0,0.0,0.0,0.0,0.0,0.0,0.0,0.0,0.0,0.0,0.0,1.0
2015-09-09,0.0,0.0,0.0,0.710277536154185,0.0,0.0,0.0,0.0,0.0,0.0,0.0,0.289722463845815
2015-09-10,0.0,0.0,0.0,0.0,0.0,0.0,0.0,0.0,0.0,0.0,0.0,0.0
2015-09-11,0.0,0.0,0.0,1.0,0.0,0.0,0.0,0.0,0.0,0.0,0.0,0.0
2015-09-14,0.0,0.0,0.0,1.0,0.0,0.0,0.0,0.0,0.0,0.0,0.0,0.0
2015-09-15,0.0,0.0,0.0,0.0,0.0,0.0,0.0,0.0,0.0,0.0,0.0,0.0
2015-09-16,0.0,0.0,0.0,0.0,0.0,0.0,0.0,0.0,0.0,0.0,0.0,0.0
2015-09-17,0.0,0.0,0.0,1.0,0.0,0.0,0.0,0.0,0.0,0.0,0.0,0.0
2015-09-18,0.0,0.0,0.0,1.0,0.0,0.0,0.0,0.0,0.0,0.0,0.0,0.0
2015-09-21,0.0,0.0,0.0,0.0,0.0,0.0,0.0,0.0,0.0,0.0,0.0,0.0
2015-09-22,0.0,0.0,0.0,0.7061701923444086,0.0,0.0,0.0,0.0,0.0,0.0,0.0,0.2938298076555913
2015-09-23,0.0,0.0,0.0,0.7074805449272893,0.0,0.0,0.0,0.0,0.0,0.0,0.0,0.29251945507271065
2015-09-24,0.0,0.0,0.0,1.0,0.0,0.0,0.0,0.0,0.0,0.0,0.0,0.0
2015-09-25,0.0,0.0,0.0,0.0,0.0,0.0,0.0,0.0,0.0,0.0,0.0,0.0
2015-09-28,0.0,0.0,0.0,1.0,0.0,0.0,0.0,0.0,0.0,0.0,0.0,0.0
2015-09-29,0.0,0.0,0.0,0.8172927234504341,0.18270727654956578,0.0,0.0,0.0,0.0,0.0,0.0,0.0
2015-09-30,0.0,0.0,0.0,1.0,0.0,0.0,0.0,0.0,0.0,0.0,0.0,0.0
2015-10-01,0.0,0.0,0.0,0.8154776465299729,0.1845223534700271,0.0,0.0,0.0,0.0,0.0,0.0,0.0
2015-10-02,0.0,0.0,0.0,0.8160263666410408,0.18397363335895922,0.0,0.0,0.0,0.0,0.0,0.0,0.0
2015-10-05,0.0,0.0,0.0,1.0,0.0,0.0,0.0,0.0,0.0,0.0,0.0,0.0
2015-10-06,0.0,0.0,0.0,1.0,0.0,0.0,0.0,0.0,0.0,0.0,0.0,0.0
2015-10-07,0.0,0.0,0.0,0.8780521317646629,0.0,0.0,0.0,0.0,0.12194786823533706,0.0,0.0,0.0
2015-10-08,0.0,0.0,0.0,0.8528027432485327,0.0,0.0,0.0,0.0,0.0,0.0,0.14719725675146741,0.0
2015-10-09,0.0,0.0,0.0,1.0,0.0,0.0,0.0,0.0,0.0,0.0,0.0,0.0
2015-10-12,0.0,0.0,0.0,0.8534836039653749,0.0,0.0,0.0,0.0,0.0,0.0,0.14651639603462505,0.0
2015-10-13,0.0,0.0,0.0,1.0,0.0,0.0,0.0,0.0,0.0,0.0,0.0,0.0
2015-10-14,0.0,0.0,0.0,0.4375371838315998,0.10136809709215416,0.2888327160259183,0.0,0.11155822143687956,0.0607037816134482,0.0,0.0,0.0
2015-10-15,0.0,0.0,0.0,0.4050600458230594,0.09521697570203527,0.2702489287033267,0.0,0.10218115409048392,0.056803500996259616,0.0,0.07048939468483514,0.0
2015-10-16,0.0,0.0,0.0,0.4807794540950557,0.11351650321409233,0.32237478789960305,0.0,0.0,0.0,0.0,0.08332925479124903,0.0
2015-10-19,0.0,0.0,0.0,0.48130353795229974,0.11415090693867962,0.3213908038541124,0.0,0.0,0.0,0.0,0.08315475125490829,0.0
2015-10-20,0.0,0.0,0.0,0.5434886063136464,0.0,0.3633528345542557,0.0,0.0,0.0,0.0,0.09315855913209777,0.0
2015-10-21,0.0,0.0,0.0,0.4804756184716225,0.11452461489635701,0.32210450107996325,0.0,0.0,0.0,0.0,0.08289526555205722,0.0
2015-10-22,0.07135102318088422,0.0,0.0,0.4473451396872923,0.10691947841159624,0.2968271132396364,0.0,0.0,0.0,0.0,0.07755724548059074,0.0
2015-10-23,0.06596037792794963,0.0,0.0,0.4189449915807264,0.0,0.27712632638202717,0.0,0.0,0.0,0.0,0.07236993063773658,0.16559837347156037
2015-10-26,0.06016567923563847,0.0,0.0,0.38166321748582405,0.0915408737399355,0.2509737935399039,0.0,0.0,0.0,0.0,0.06610329298209523,0.1495531430166028
2015-10-27,0.05930376006029335,0.0,0.0,0.3860089652784256,0.09033480853472388,0.2515793919828855,0.0,0.0,0.0,0.0,0.06534561115725239,0.14742746298641937
2015-10-28,0.05923697737696828,0.0,0.0,0.3847848574335722,0.09113737784313132,0.2520528995068484,0.0,0.0,0.0,0.0,0.06535951418569108,0.1474283736537885
2015-10-29,0.08999815778134142,0.0,0.0,0.5872696762862704,0.0,0.0,0.0,0.0,0.0,0.0,0.10017268396269007,0.22255948196969827
2015-10-30,0.09159708156139584,0.0,0.0,0.5808543049476396,0.0,0.0,0.0,0.0,0.0,0.0,0.10217724559179252,0.22537136789917214
2015-11-02,0.09235834502548317,0.0,0.0,0.579098920081555,0.0,0.0,0.0,0.0,0.0,0.0,0.10227764517609078,0.2262650897168711
2015-11-03,0.21957335862791108,0.0,0.0,0.0,0.0,0.0,0.0,0.0,0.0,0.0,0.23925929570046114,0.5411673456716279
2015-11-04,0.22052426401734324,0.0,0.0,0.0,0.0,0.0,0.0,0.0,0.0,0.0,0.23755572784549792,0.5419200081371589
2015-11-05,0.22319831452803163,0.0,0.0,0.0,0.0,0.0,0.0,0.0,0.0,0.0,0.23976565791490118,0.5370360275570674
2015-11-06,0.2872698587223444,0.0,0.0,0.0,0.0,0.0,0.0,0.0,0.0,0.0,0.0,0.7127301412776557
2015-11-09,0.29421106807395414,0.0,0.0,0.0,0.0,0.0,0.0,0.0,0.0,0.0,0.0,0.7057889319260459
2015-11-10,0.2934886388000352,0.0,0.0,0.0,0.0,0.0,0.0,0.0,0.0,0.0,0.0,0.7065113611999648
2015-11-11,0.2939313020016605,0.0,0.0,0.0,0.0,0.0,0.0,0.0,0.0,0.0,0.0,0.7060686979983395
2015-11-12,0.0,0.0,0.0,0.0,0.0,0.0,0.0,0.0,0.0,0.0,0.0,1.0
2015-11-13,0.0,0.0,0.0,0.0,0.0,0.0,0.0,0.0,0.0,0.0,0.0,1.0
2015-11-16,0.2931678654359481,0.0,0.0,0.0,0.0,0.0,0.0,0.0,0.0,0.0,0.0,0.706832134564052
2015-11-17,0.2955617401574054,0.0,0.0,0.0,0.0,0.0,0.0,0.0,0.0,0.0,0.0,0.7044382598425946
2015-11-18,0.2973184641747751,0.0,0.0,0.0,0.0,0.0,0.0,0.0,0.0,0.0,0.0,0.702681535825225
2015-11-19,0.2947377377303942,0.0,0.0,0.0,0.0,0.0,0.0,0.0,0.0,0.0,0.0,0.7052622622696056
2015-11-20,0.23522073816793415,0.0,0.0,0.0,0.0,0.0,0.0,0.0,0.0,0.0,0.23469982306388099,0.5300794387681849
2015-11-23,0.2418216295325716,0.0,0.0,0.0,0.0,0.0,0.0,0.0,0.0,0.0,0.2353222465627685,0.5228561239046599
2015-11-24,0.10845071327513395,0.0,0.0,0.5509269070092324,0.0,0.0,0.0,0.0,0.0,0.0,0.10559722396901124,0.23502515574662236
2015-11-25,0.10861836009249269,0.0,0.0,0.5482867987429038,0.0,0.0,0.0,0.0,0.0,0.0,0.10927263657636165,0.23382220458824204
2015-11-27,0.1146238548320195,0.0,0.0,0.5436606553403294,0.0,0.0,0.0,0.0,0.0,0.0,0.11013820842643422,0.23157728140121683
2015-11-30,0.1170275197267527,0.0,0.0,0.5417175606059876,0.0,0.0,0.0,0.0,0.0,0.0,0.10961248822715032,0.23164243144010926
2015-12-01,0.07694972522319202,0.0,0.0,0.3585239344400735,0.09359776824551115,0.24559099360865924,0.0,0.0,0.0,0.0,0.07181000455279966,0.15352757392976435
2015-12-02,0.0797019199227111,0.0,0.0,0.3586980222874593,0.09383160477120257,0.23859299973418863,0.0,0.0,0.0,0.0,0.07456319570170825,0.15461225758273006
2015-12-03,0.34870852895259674,0.0,0.0,0.0,0.0,0.0,0.0,0.0,0.0,0.0,0.0,0.6512914710474034
2015-12-04,0.2913270937352819,0.0,0.0,0.0,0.0,0.0,0.0,0.0,0.0,0.0,0.25245334727192054,0.45621955899279754
2015-12-07,0.11635846815820004,0.0,0.0,0.46796351536820036,0.12709843525105444,0.0,0.0,0.0,0.0,0.0,0.10169903738107335,0.1868805438414717
2015-12-08,0.11574455966347062,0.0,0.0,0.4667954797001623,0.12615193839249428,0.0,0.0,0.0,0.0,0.0,0.10386219948940378,0.18744582275446905
2015-12-09,0.14201078312587878,0.0,0.0,0.574759474758038,0.1553752531400935,0.0,0.0,0.0,0.0,0.0,0.12785448897598967,0.0
2015-12-10,0.12708699886774188,0.0,0.0,0.5288566993578036,0.14464816230342287,0.0,0.0,0.0,0.0,0.0,0.0,0.19940813947103167
2015-12-11,0.0,0.0,0.0,0.6065072630702453,0.16603838405599372,0.0,0.0,0.0,0.0,0.0,0.0,0.22745435287376098
2015-12-14,0.0,0.0,0.0,0.0,0.41319121767576833,0.0,0.0,0.0,0.0,0.0,0.0,0.5868087823242316
2015-12-15,0.0,0.0,0.0,0.0,0.30819114681087234,0.0,0.0,0.0,0.0,0.0,0.2464000024714353,0.4454088507176924
2015-12-16,0.2794198592042151,0.0,0.0,0.0,0.0,0.0,0.0,0.0,0.0,0.0,0.2558381226018117,0.46474201819397315
2015-12-17,0.0,0.0,0.0,0.0,0.32049625788280256,0.0,0.0,0.0,0.0,0.0,0.23858827273266364,0.4409154693845337
2015-12-18,0.0,0.0,0.0,0.5392194701198643,0.1473576528068968,0.0,0.0,0.0,0.0,0.0,0.11149923894781143,0.20192363812542757
2015-12-21,0.0,0.0,0.0,0.0,0.3214623402027913,0.0,0.0,0.0,0.0,0.0,0.24178728530347404,0.4367503744937346
2015-12-22,0.0,0.0,0.0,0.0,0.32430622332150216,0.0,0.0,0.0,0.0,0.0,0.241298911352734,0.4343948653257638
2015-12-23,0.28253853363299625,0.0,0.0,0.0,0.0,0.0,0.0,0.0,0.0,0.0,0.2597247415318992,0.4577367248351045
2015-12-24,0.2072830038351945,0.0,0.0,0.0,0.2603270796664404,0.0,0.0,0.0,0.0,0.0,0.19272822169977236,0.3396616947985927
2015-12-28,0.21170852912057644,0.0,0.0,0.0,0.2579294489088435,0.0,0.0,0.0,0.0,0.0,0.1923806910086116,0.3379813309619684
2015-12-29,0.2851610476440681,0.0,0.0,0.0,0.0,0.0,0.0,0.0,0.0,0.0,0.2592940001455771,0.45554495221035485
2015-12-30,0.2874194241942128,0.0,0.0,0.0,0.0,0.0,0.0,0.0,0.0,0.0,0.2577284496302254,0.4548521261755618
2015-12-31,0.0,0.0,0.0,0.0,0.0,0.0,0.0,0.0,0.0,0.0,0.36603370459600576,0.6339662954039943
2016-01-04,0.0,0.0,0.0,0.0,0.32414220276848416,0.0,0.0,0.0,0.0,0.0,0.24516077685215965,0.43069702037935614
2016-01-05,0.0,0.0,0.0,0.0,0.0,0.0,0.0,0.0,0.0,0.0,0.3620431454810715,0.6379568545189284
2016-01-06,0.0,0.0,0.0,0.5491012208610536,0.14752262163527613,0.0,0.0,0.0,0.0,0.0,0.10853842643672879,0.19483773106694147
2016-01-07,0.0,0.0,0.0,0.5437736283596405,0.1465657903854793,0.0,0.0,0.0,0.0,0.0,0.11041653229007382,0.19924404896480624
2016-01-08,0.0,0.0,0.0,0.550881363458975,0.14766657369969255,0.0,0.0,0.0,0.0,0.0,0.10760545476168835,0.1938466080796442
2016-01-11,0.0,0.0,0.0,0.5491157237528845,0.1482794722404325,0.0,0.0,0.0,0.0,0.0,0.10736992056965307,0.19523488343702983
2016-01-12,0.0,0.0,0.0,0.5508878286161418,0.1459854694775676,0.0,0.0,0.0,0.0,0.0,0.10651415532405067,0.1966125465822399
2016-01-13,0.0,0.0,0.0,0.6161985440076538,0.16047930966501117,0.0,0.0,0.0,0.0,0.0,0.0,0.22332214632733505
2016-01-14,0.0,0.0,0.0,0.6154751611700093,0.15976923151980987,0.0,0.0,0.0,0.0,0.0,0.0,0.2247556073101808
2016-01-15,0.0,0.0,0.0,0.6168984558745508,0.15819968967970996,0.0,0.0,0.0,0.0,0.0,0.0,0.2249018544457392
2016-01-19,0.0,0.0,0.0,0.6204798972505019,0.15476754991042208,0.0,0.0,0.0,0.0,0.0,0.0,0.22475255283907608
2016-01-20,0.0,0.0,0.0,0.6217487767915082,0.15513150871904446,0.0,0.0,0.0,0.0,0.0,0.0,0.22311971448944723
2016-01-21,0.0,0.0,0.0,0.6153336942021327,0.1518973289514833,0.0,0.0,0.0,0.0,0.0,0.0,0.23276897684638387
2016-01-22,0.0,0.0,0.0,0.6130187026320888,0.15151931105690003,0.0,0.0,0.0,0.0,0.0,0.0,0.23546198631101126
2016-01-25,0.0,0.0,0.0,0.6131760785711092,0.15204334573530576,0.0,0.0,0.0,0.0,0.0,0.0,0.23478057569358501
2016-01-26,0.0,0.0,0.0,0.5543628987902386,0.13659056355705276,0.0,0.0,0.0,0.0,0.0,0.09831623600318597,0.21073030164952275
2016-01-27,0.0,0.0,0.0,0.615500805085491,0.14985661854991705,0.0,0.0,0.0,0.0,0.0,0.0,0.23464257636459213
2016-01-28,0.0,0.0,0.0,0.6208635368267832,0.15025967595090686,0.0,0.0,0.0,0.0,0.0,0.0,0.22887678722230995
2016-01-29,0.0,0.0,0.0,0.5677702109285,0.13639508926249894,0.0,0.0,0.0,0.0,0.0,0.0899123046709937,0.2059223951380074
2016-02-01,0.0,0.0,0.0,0.569386261522628,0.13734928222114245,0.0,0.0,0.0,0.0,0.0,0.09107711878315715,0.20218733747307244
2016-02-02,0.0,0.0,0.0,0.6282939916736194,0.15216516333779143,0.0,0.0,0.0,0.0,0.0,0.0,0.2195408449885891
2016-02-03,0.0,0.0,0.0,0.6198855019359567,0.1470514714986215,0.0,0.0,0.13245937608541677,0.0,0.0,0.10060365048000496,0.0
2016-02-04,0.0,0.0,0.0,0.6217165702171893,0.14606481472256344,0.0,0.0,0.13157314263319547,0.0,0.0,0.10064547242705181,0.0
2016-02-05,0.0,0.0,0.0,0.6988598174336823,0.15982218074374055,0.0,0.0,0.14131800182257698,0.0,0.0,0.0,0.0
2016-02-08,0.0,0.0,0.0,0.635850327917606,0.1465452562186292,0.0,0.0,0.1261576195986341,0.09144679626513058,0.0,0.0,0.0
2016-02-09,0.0,0.0,0.0,0.636262978300606,0.14318129333753285,0.0,0.0,0.12765607461521927,0.0928996537466419,0.0,0.0,0.0
2016-02-10,0.0,0.0,0.0,0.6371959731074515,0.14282569487031258,0.0,0.0,0.12723263331338674,0.09274569870884933,0.0,0.0,0.0
2016-02-11,0.0,0.0,0.0,0.4594238972493201,0.103473839496817,0.2773211653089722,0.0,0.09229016814316596,0.06749092980172464,0.0,0.0,0.0
2016-02-12,0.0,0.0,0.0,0.6479946140524717,0.1449654802540135,0.0,0.0,0.11525008969525079,0.09178981599826405,0.0,0.0,0.0
2016-02-16,0.0,0.0,0.0,0.647125089488696,0.1424175905375362,0.0,0.0,0.11690345131977514,0.09355386865399275,0.0,0.0,0.0
2016-02-17,0.0,0.0,0.0,0.6520252980234288,0.14351062885101873,0.0,0.0,0.11319413810484093,0.09126993502071147,0.0,0.0,0.0
2016-02-18,0.0,0.0,0.0,0.6527837815552591,0.14273235933885692,0.0,0.0,0.11312870720779823,0.09135515189808575,0.0,0.0,0.0
2016-02-19,0.0,0.0,0.0,0.6523438500106538,0.14357679894012867,0.0,0.0,0.11192535021178521,0.09215400083743229,0.0,0.0,0.0
2016-02-22,0.0,0.0,0.0,0.6526270693595001,0.14367364314563388,0.0,0.0,0.11162109872406568,0.09207818877080043,0.0,0.0,0.0
2016-02-23,0.0,0.0,0.0,0.408358954208108,0.08988281722327734,0.23579593758535336,0.0,0.06863130864620087,0.05709596821984411,0.0,0.0,0.14023501411721614
2016-02-24,0.0,0.0,0.0,0.40908015665121145,0.08993756411970388,0.23534444061378978,0.0,0.06812708729435756,0.05708337144054853,0.0,0.0,0.14042737988038878
2016-02-25,0.0,0.0,0.0,0.44231827386062084,0.09712763346465782,0.254450073714439,0.0,0.07386155823389434,0.061701365475681134,0.0,0.07054109525070687,0.0
2016-02-26,0.0,0.0,0.0,0.4054666870861725,0.08990647534216549,0.23055066392953483,0.0,0.06918076615079265,0.0,0.0,0.06410994809366213,0.14078545939767248
2016-02-29,0.0,0.0,0.0,0.40435065427682176,0.08944968088655032,0.2320506004494479,0.0,0.06933802943131942,0.0,0.0,0.06461351271975119,0.14019752223610935
2016-03-01,0.0,0.0,0.0,0.4046200006080113,0.08901075331091762,0.2367356615253115,0.0,0.0676017899115474,0.0,0.0,0.06402749738624726,0.13800429725796473
2016-03-02,0.0,0.0,0.0,0.40326125952920533,0.08725915462544566,0.23618865907450987,0.0,0.06948543876822531,0.0,0.0,0.06365522278276885,0.1401502652198449
2016-03-03,0.0,0.0,0.0,0.38971782146693024,0.08036495550905,0.22946522132849687,0.0,0.05915722758545889,0.04703889209161421,0.0,0.054672896723899266,0.13958298529455068
2016-03-04,0.0,0.0,0.0,0.45571507322010524,0.09256215165733356,0.2644565103301461,0.0,0.0684566157234139,0.05513698579426124,0.0,0.06367266327474005,0.0
2016-03-07,0.0,0.0,0.0,0.4535211901515395,0.09274924482021392,0.26520511116243256,0.0,0.06944920668215301,0.05534475402209684,0.0,0.0637304931615641,0.0
2016-03-08,0.0,0.0,0.0,0.45324970436871925,0.09274236860801592,0.26541954416614505,0.0,0.06944013870217927,0.05541919592122033,0.0,0.0637290482337201,0.0
2016-03-09,0.0,0.0,0.0,0.4539825027438167,0.093107686087416,0.2629097779494123,0.0,0.0702968209277973,0.055324232832286956,0.0,0.06437897945927093,0.0
2016-03-10,0.0,0.0,0.0,0.4537145226287136,0.0925983588713341,0.26406893116701585,0.0,0.06984440549665592,0.05525691350960398,0.0,0.06451686832667634,0.0
2016-03-11,0.05558531639207049,0.0,0.0,0.388845988255598,0.08003723342024913,0.2208333823049459,0.09524653572883537,0.05847191258614085,0.04643807117541121,0.0,0.05454156013674901,0.0
2016-03-14,0.05855813393517524,0.0,0.0,0.43933314403493207,0.08606934518979335,0.24722086224966516,0.0,0.06179792140245594,0.050169635220995656,0.0,0.05685095796698258,0.0
2016-03-15,0.058978896513492404,0.0,0.0,0.4399304097706,0.08660417905385402,0.2461634954069724,0.0,0.06111502399989927,0.04998912648340358,0.0,0.05721886877177821,0.0
2016-03-16,0.05924809969282854,0.0,0.0,0.44041203518693617,0.08607443242076633,0.24431995366501055,0.0,0.06099072067330142,0.051093446613598256,0.0,0.05786131174755867,0.0
2016-03-17,0.05302477629511078,0.0,0.03822806449742555,0.3736570120439075,0.07713752052385464,0.21270523824506732,0.09317142988424144,0.05472323048294222,0.046392070819651826,0.0,0.05096065720779863,0.0
2016-03-18,0.05390008807964676,0.0,0.037741236692538226,0.3736903748588436,0.07722326896027845,0.21149349750306573,0.09296821197536978,0.05506703521859324,0.047003283531996475,0.0,0.0509130031796677,0.0
2016-03-21,0.05397465964235534,0.0,0.03771513761486993,0.37471381105583074,0.07710682437546429,0.21062894832644957,0.09305878551434947,0.05511226411754902,0.04690990544620478,0.0,0.050779663906926856,0.0
2016-03-22,0.054402383539250164,0.0,0.037898686529066625,0.37049475188861514,0.07730355979072741,0.21143920681514172,0.09546690432663453,0.05519819700890246,0.047078208495228306,0.0,0.05071810160643366,0.0
2016-03-23,0.06336241471282725,0.0,0.0,0.42686141148229334,0.08999778813642272,0.242788683209455,0.0,0.06383576004314694,0.05433383417766804,0.0,0.05882010823818699,0.0
2016-03-24,0.06407717879364686,0.0,0.0,0.42892503872273224,0.09032396500642381,0.24342189814405882,0.0,0.06245333094569421,0.05128003350796467,0.0,0.059518554879479435,0.0
2016-03-28,0.0639183786187258,0.0,0.0,0.4278079330081288,0.09010542077646835,0.2432241174918725,0.0,0.06254474808975845,0.052968793543435824,0.0,0.05943060847161036,0.0
2016-03-29,0.06039104649096956,0.0,0.04139770149442837,0.4107902300828424,0.0879440863751321,0.23520268142382306,0.0,0.058710809883822886,0.04971518787755385,0.0,0.05584825637142781,0.0
2016-03-30,0.06100181067150141,0.0,0.04202508595048358,0.40908693395924633,0.08818013242093231,0.23518261505211277,0.0,0.0589154381740619,0.05027593992541518,0.0,0.055332043846246584,0.0
2016-03-31,0.06119206508820357,0.0,0.04185217327862452,0.4129875629711653,0.08653409157357786,0.2340641592942814,0.0,0.057911140313316116,0.050012016972564806,0.0,0.05544679050826638,0.0
2016-04-01,0.056341318630393655,0.0,0.038989972197004105,0.36891478020382684,0.0787090761631601,0.2112341753849486,0.09670234181029409,0.053051139993468076,0.04525032292776157,0.0,0.05080687268914311,0.0
2016-04-04,0.06567199840369503,0.0,0.04552744749089029,0.42883584622979726,0.09227419519679665,0.2455717411727913,0.0,0.06174979699884623,0.0,0.0,0.06036897450718316,0.0
2016-04-05,0.06481358243308401,0.0,0.0,0.4315912811334354,0.09183032835789573,0.24187468378461116,0.0,0.060593490589075996,0.050296226447204974,0.0,0.059000407254692744,0.0
2016-04-06,0.060260779919446374,0.0,0.0,0.3876728582312249,0.08164328467377376,0.21648634759648291,0.09974440028025727,0.054590646329823266,0.045473411026148165,0.0,0.05412827194284334,0.0
2016-04-07,0.06690213532539906,0.0,0.0,0.43222122628892856,0.08961877700033856,0.23891008077199938,0.0,0.06030810498890532,0.051442564375895256,0.0,0.06059711124853393,0.0
2016-04-08,0.058964710125538104,0.0,0.0,0.39473896721494445,0.08023003948857045,0.21557484298869523,0.09702441148476207,0.0536843685664689,0.045857119572199366,0.0,0.053925540558821504,0.0
2016-04-11,0.056844367383482315,0.0,0.0381657824287519,0.3803567184022538,0.078189626804951,0.20576908128824495,0.09299276118871037,0.051705482797429016,0.044013577867923724,0.0,0.05196260183825292,0.0
2016-04-12,0.05902005885206376,0.0,0.03784847596650566,0.3804902973667821,0.07811959538088682,0.20451169791231621,0.09449573922427439,0.0508535680123937,0.04250469448559555,0.0,0.05215587279918174,0.0
2016-04-13,0.05972644031107498,0.0,0.03777091866291361,0.376272275762849,0.07855305833977988,0.2064052524705708,0.09424423719301106,0.05182975235258713,0.043100940304444044,0.0,0.05209712460276937,0.0
2016-04-14,0.061317534075061166,0.0,0.03935903650992088,0.3733096992879513,0.07999799085144296,0.20409473295771077,0.09654269617431938,0.051001635959758734,0.04268089119055636,0.0,0.051695782993278545,0.0
2016-04-15,0.06120072802739699,0.0,0.039374751042962515,0.36993789712961855,0.0796849540275753,0.20878926015384458,0.09677095038589634,0.050209658961397216,0.042544495343109875,0.0,0.05148730492819866,0.0
2016-04-18,0.05937338245532296,0.04821785600425569,0.03826387044676298,0.34699387734572334,0.07634546571788424,0.19717283174948821,0.09335117913628324,0.04815509917940521,0.04058973678741883,0.0,0.0515367011774553,0.0
2016-04-19,0.058941285441373156,0.0478783798921705,0.03802311844537935,0.3478300124165351,0.07620380029232723,0.19878622029763285,0.0929641466243189,0.047823909396817535,0.04032040994897709,0.0,0.05122871724446826,0.0
2016-04-20,0.060281076325902364,0.04897510827366105,0.0388596235790436,0.3450461842158293,0.07569601958145153,0.19721292759184292,0.0961527619354476,0.047104394178943444,0.03752632225387658,0.0,0.053145582064001655,0.0
2016-04-21,0.06222423437176689,0.04991124411430675,0.039585999511616426,0.33980369173931413,0.07488589873573137,0.1963734010622978,0.09952425764524642,0.04738927819799197,0.037903090151519776,0.0,0.05239890447020845,0.0
2016-04-22,0.06271192925462687,0.05051725125299778,0.03950283336874284,0.33764579051502724,0.07442818972927465,0.19652517030733313,0.10044942657976387,0.047594633961522,0.038177337939172204,0.0,0.05244743709153931,0.0
2016-04-25,0.06340353332150107,0.0504911836611294,0.03926987344660739,0.3361344019852175,0.07401682130120558,0.19828991508512067,0.10016760050102272,0.04685260506768977,0.03795939369177,0.0,0.05341467193873574,0.0
2016-04-26,0.06359239062834124,0.05051735287292358,0.03952096802098464,0.3355428114209529,0.07405288505216648,0.19677657355569858,0.10023536629205168,0.04738787585743012,0.03864216231613795,0.0,0.05373161398331284,0.0
2016-04-27,0.06603266042854765,0.0505092667636785,0.04016541156307358,0.33606045745564217,0.07327550282993447,0.19658629256899277,0.09856959542487648,0.04660311075412881,0.037980920031348904,0.0,0.05421678217977668,0.0
2016-04-28,0.06649672181587152,0.0508656964612702,0.040645492372268326,0.3335484587945579,0.07293853457732961,0.19564809981115844,0.09995057326357774,0.04710237985703672,0.03823909349098899,0.0,0.0545649495559404,0.0
2016-04-29,0.07130313472780363,0.0,0.044243174781769964,0.3513347763061886,0.07930546388775066,0.20358179112775782,0.10560964276004516,0.04821703463497951,0.03924027189853043,0.0,0.057164709875174344,0.0
2016-05-02,0.06714990889600929,0.051316474521921195,0.043012128689724774,0.3319129651457359,0.07565403957503197,0.19465791691959528,0.1000889219787773,0.045005796943040376,0.03753910074843122,0.0,0.053662746581732576,0.0
2016-05-03,0.07067380298441935,0.0,0.045506079430986404,0.350620308034449,0.07905681592735718,0.2048407213698897,0.10640925122758424,0.04778416568245773,0.03917346696963502,0.0,0.055935388373221394,0.0
2016-05-04,0.07666548766203367,0.0,0.0,0.365209607620606,0.08074762662002018,0.2140739974348213,0.11169423440102867,0.050371370494672114,0.0409526994971597,0.0,0.06028497626965825,0.0
2016-05-05,0.07598585845587084,0.0,0.0,0.36715562922401823,0.08336094359958655,0.20948395060177497,0.11262513965672673,0.04904063305645047,0.039933036279496084,0.0,0.062414809126076116,0.0
2016-05-06,0.07585515454584903,0.0,0.0,0.36126438317704457,0.08266413917370594,0.2131664002242719,0.11319054918650777,0.0489786695646983,0.03995314279196351,0.0,0.06492756133595898,0.0
2016-05-09,0.07589518374355211,0.0,0.0,0.3628761612206777,0.08345852045665363,0.21095427738998473,0.11333820054472354,0.0489286999395538,0.03991875903977142,0.0,0.06463019766508313,0.0
2016-05-10,0.07417754021949442,0.0,0.04270021475555584,0.3441682464945231,0.07966912104137637,0.2004126443943488,0.10934772240239066,0.04944266610293969,0.03732328379014376,0.0,0.06275856079922724,0.0
2016-05-11,0.07771913779605742,0.0,0.0,0.3582405411788576,0.08444355910434984,0.21246890936006088,0.11535130256919697,0.050172309976387566,0.03770300163617335,0.0,0.06390123837891612,0.0
2016-05-12,0.07726687278454832,0.0,0.0,0.35923552655173385,0.08388667698927695,0.2163147385112766,0.11268178283482877,0.052044686904630454,0.03813081768957576,0.0,0.06043889773412938,0.0
2016-05-13,0.07996629672000403,0.0,0.0,0.3580110327352673,0.08408222243023525,0.21395373075100313,0.1142622388572368,0.05181202064546765,0.03738482208977263,0.0,0.060527635771013256,0.0
2016-05-16,0.0775042760176023,0.0,0.0,0.35665340777105675,0.08327741574745293,0.22313650157137904,0.11076289445843691,0.05281805028569352,0.0368812450318813,0.0,0.0589662091164971,0.0
2016-05-17,0.0775598637702883,0.0,0.0,0.3561256632563518,0.08309332084766596,0.2211964788531243,0.11147666790583474,0.053630063599832474,0.037461937581865425,0.0,0.059456004185037124,0.0
2016-05-18,0.07847720029419614,0.0,0.0,0.3534138711932849,0.08314847914439726,0.22125941163147514,0.11314040139071069,0.055105367600689195,0.0378597125438826,0.0,0.05759555620136394,0.0
2016-05-19,0.08465647802851284,0.0,0.0,0.3485800585122187,0.084168393593941,0.20938528332184198,0.11871056028031608,0.05707725017862858,0.03860510670702246,0.0,0.058816869377518524,0.0
2016-05-20,0.08478857616637171,0.0,0.0,0.3494755817635449,0.08420229651607199,0.20948461963019407,0.11844424160460088,0.05726551919039511,0.038074873700157656,0.0,0.058264291428663795,0.0
2016-05-23,0.08495206553013175,0.0,0.0,0.3499566133244817,0.08315747183266399,0.21169200427180726,0.11720174861790256,0.056446910608125296,0.037629148036139266,0.0,0.058964037778748125,0.0
2016-05-24,0.07973665923991578,0.05456088246410583,0.0,0.33197996753878495,0.07917486373325872,0.1986470817191771,0.111058449924379,0.05310589075727305,0.036254905941062246,0.0,0.0554812986820434,0.0
2016-05-25,0.07410873514462094,0.05070772454315819,0.04025417960306235,0.31227427367521493,0.07433617641396552,0.18541759768010907,0.10686700780120693,0.04934731330719339,0.03400645492921927,0.020983178029010632,0.05169735887323879,0.0
2016-05-26,0.07729238557828624,0.050656144805183684,0.040740158481802874,0.3078868894752105,0.07498476734400825,0.1846424718267243,0.11135339420141468,0.047289289461434986,0.03247477965174115,0.020030410597747756,0.05264930857644567,0.0
2016-05-27,0.07728822911377438,0.0506713166748936,0.04092958037314614,0.30716381693262224,0.07466299741065373,0.1835883863195091,0.11323285003247902,0.047359617081539275,0.03241325064891383,0.019982993304269656,0.052706962108199064,0.0
2016-05-31,0.0768013985553141,0.050712389888206824,0.04096248103820085,0.3061030501305642,0.07436249703685405,0.18545039377807837,0.1128667563543784,0.048042579914229264,0.032409756667034856,0.019892990744574776,0.052395705892564294,0.0
2016-06-01,0.07636916486652053,0.050512632415985935,0.04169604563196036,0.30767429634792776,0.07455118339497459,0.18444761728155742,0.11236456429027604,0.04772423949726199,0.03236340710760487,0.020171962009894764,0.052124887156035915,0.0
2016-06-02,0.07633081746597782,0.05050737150226093,0.04169289657478002,0.30720349434889815,0.07433710156295976,0.1844396689637764,0.1123155415008785,0.047834570543338,0.03244960883679468,0.0207622077275567,0.05212672097277906,0.0
2016-06-03,0.0775473753615223,0.05032848580857936,0.04177486489517053,0.3027635618778671,0.07432577329479964,0.18637135768896998,0.11395159575387824,0.04723999253567591,0.03246243878184697,0.021243811935765678,0.051990742065924134,0.0
2016-06-06,0.08062924915190468,0.05222944886358603,0.042953990206017034,0.29106044141525006,0.07511626453769804,0.18274461255920937,0.11861479240208296,0.04646569663300721,0.03306829488520094,0.022987104458138796,0.05413010488790485,0.0
2016-06-07,0.08041139054991035,0.05219936559252889,0.042741571707325406,0.28897617128670383,0.07458326489619185,0.1831486474113024,0.1201246486426272,0.047422631087870044,0.03352197270419999,0.02298643971738949,0.05388389640395049,0.0
2016-06-08,0.08267252265427294,0.05395630720538183,0.042572480067489586,0.28539969844551977,0.07433078133136267,0.17941030217579435,0.12430249524207405,0.047296402931525774,0.03272059479362225,0.022417325755123688,0.05492108939783328,0.0
2016-06-09,0.08279671513875272,0.0540860262913855,0.042668171635744614,0.28593470636900237,0.07424303214681822,0.1793353716529067,0.12472300275468383,0.04722459867556197,0.03128257844001591,0.022858366989152504,0.05484742990597571,0.0
2016-06-10,0.08692872379119959,0.0,0.04500673924926808,0.30148238341651235,0.07745772129406106,0.18837443149463362,0.137025617801894,0.04946618275376885,0.03263974908650644,0.02405953357596333,0.05755891753619264,0.0
2016-06-13,0.08377517488526531,0.0,0.043375458873580415,0.3093742244998312,0.07591387097000925,0.18859001507897705,0.13481638043866787,0.05046513442813457,0.03253392865279873,0.024048351563627005,0.05710746060910869,0.0
2016-06-14,0.08281872362792889,0.0,0.04402643134671891,0.31109380206708226,0.07560946355764132,0.1882106087748439,0.13283384887418254,0.05014224382753894,0.03276572861858835,0.02444253619606132,0.05805661310941366,0.0
2016-06-15,0.08519424528605057,0.0,0.04528436150751863,0.3191347549697635,0.0776269165248166,0.1921809792432739,0.1355728587617016,0.05153612273158929,0.033756090017878104,0.0,0.05971367095740776,0.0
2016-06-16,0.0849418588175579,0.0,0.044831620961373636,0.32152622397354774,0.07843680052687296,0.19015225513541195,0.13538809044036668,0.05144905230550259,0.033603748850299625,0.0,0.05967034898906693,0.0
2016-06-17,0.08469743422388379,0.0,0.044750603107840105,0.32213980602787545,0.07814614063045372,0.1911240262996952,0.13595535361713715,0.05087640205858986,0.03286939542015093,0.0,0.05944083861437374,0.0
2016-06-20,0.07850406553385901,0.04643327240457921,0.041921967912999375,0.29846904044619343,0.07265795153893581,0.1772712334297318,0.12707001377030241,0.04844934535188083,0.031975972981251564,0.022344694120049333,0.054902442510217093,0.0
2016-06-21,0.07907482980482824,0.04515987336950024,0.0417428367164906,0.2938106728278483,0.07192102742878273,0.1795463671242853,0.12882970277981093,0.04903921143858863,0.0325504858218073,0.022569850499586958,0.05575514218847071,0.0
2016-06-22,0.07913921128168142,0.045160428380715434,0.04170920212258453,0.29364353141223365,0.07169759666038104,0.17949023981382892,0.13060314878484625,0.04749769500309455,0.032190965331426916,0.02263396162776046,0.056234019581446734,0.0
2016-06-23,0.07900110284499257,0.04467173005206912,0.04139712973387691,0.29506029871913336,0.07168731108576018,0.17918780211010965,0.12890116094586707,0.047910671524247966,0.03166040055877848,0.022352649588884745,0.05816974283628,0.0
2016-06-24,0.08277445429018233,0.0,0.043513809192247226,0.31591518030877525,0.0772935571931754,0.19411738901265474,0.13653670975161297,0.05259532008294642,0.03439127606778311,0.0,0.06286230410062257,0.0
2016-06-27,0.0,0.0,0.0,0.365186338167915,0.08444412585440032,0.23534063672729708,0.14336004889882373,0.0540448972252128,0.04142008636292133,0.0,0.07620386676342968,0.0
2016-06-28,0.0713730978800887,0.0,0.04026177802101524,0.3236683999472662,0.07143145928538693,0.21433294211615317,0.12030156983392584,0.04971240901155098,0.03896276485697526,0.0,0.06995557904763762,0.0
2016-06-29,0.0680178014467501,0.0,0.03877758365544403,0.32106969360022086,0.07092755745946899,0.2069255306086857,0.11374628543659666,0.04911073512476632,0.03893517666180391,0.026382386996482186,0.06610724900978134,0.0
2016-06-30,0.06692599874511103,0.0,0.038651713006564614,0.3228685075955209,0.07154113330344096,0.20955983663533967,0.10990615842008887,0.04979400598527156,0.038510558704860615,0.026268089811514503,0.06597399779228731,0.0
2016-07-01,0.06665519453186573,0.0,0.03884805167511063,0.32164001458889485,0.07235951851375558,0.20866289832478557,0.11104710614178802,0.050094000843347884,0.03788363862600164,0.0272185148894865,0.06559106186496357,0.0
2016-07-05,0.06999101931344691,0.0,0.0406524532321005,0.3318773033240194,0.07428428287751875,0.21128991849740938,0.11573947988757621,0.05158746572484572,0.036486968171737424,0.0,0.068091108971346,0.0
2016-07-06,0.0699586943507875,0.0,0.04054450223357108,0.33091529034648065,0.07403836461256445,0.21281526136331155,0.11537483954428432,0.051772311226288094,0.03665467663743606,0.0,0.06792605968527639,0.0
2016-07-07,0.06982775691751217,0.0,0.04080642435851644,0.32943534274740277,0.0741583230136115,0.21286751568652737,0.11498595511080965,0.05222569354284072,0.03787913389810858,0.0,0.06781385472467075,0.0
2016-07-08,0.06982162070806279,0.0,0.04080514275352944,0.3289627141719286,0.07415345581220013,0.21613239553515398,0.1148920558076888,0.05167325118746055,0.0370621557630108,0.0,0.06649720826096497,0.0
2016-07-11,0.06972172884599266,0.0,0.04104698126018381,0.3319589590211782,0.0747517734233492,0.21498347401874374,0.11199575106404142,0.052730696608121526,0.03683254384390766,0.0,0.06597809191448176,0.0
2016-07-12,0.06756262774015236,0.036182846444256046,0.03971577542299803,0.31796601011301145,0.07188242679017592,0.20643738624234403,0.10868148659379866,0.05156267527403028,0.035850951127231884,0.0,0.0641578142520014,0.0
2016-07-13,0.0682480273448083,0.03650473355173784,0.04007380292647749,0.31807971368176224,0.07058218015923888,0.2033301525160476,0.1103768815974184,0.05132369856039405,0.03615310432759763,0.0,0.06532770533451765,0.0
2016-07-14,0.0687701738619154,0.036702668886001204,0.04021372635482037,0.31831543844451954,0.07012378918499386,0.20190830808179344,0.11102077789361131,0.051308491800551845,0.036146866407687536,0.0,0.06548975908410552,0.0
2016-07-15,0.06878336715878013,0.03706512097745246,0.04034197059340928,0.3179900385495717,0.06842603024710675,0.20074451785968897,0.11162380357866639,0.05183599152320856,0.0382646466650293,0.0,0.06492451284708657,0.0
2016-07-18,0.06912052658102806,0.037235904008489126,0.04058478622124134,0.3135232470801811,0.06920435993378371,0.20022037324587705,0.11202378033211584,0.052158787347838485,0.03828386585615876,0.0,0.06764436939328647,0.0
2016-07-19,0.062298002933380364,0.03346589225525024,0.0365092212360784,0.2834603515609792,0.06248470236544993,0.17991914091670647,0.10083051244115926,0.04685985496455379,0.034377607337016024,0.0,0.06348174420886638,0.09631296978055992
2016-07-20,0.062356061404721566,0.03344351344913715,0.03644493894904951,0.28199786325229187,0.06254401276590614,0.1799448620735163,0.10067174621860663,0.04752686933315375,0.03430110732206807,0.0,0.06410158082500939,0.09666744440653974
2016-07-21,0.062249044447243246,0.03333922820774865,0.036455437854089084,0.28205766713167046,0.06235720230090351,0.18114523640985697,0.10110262730161898,0.04674391731598023,0.03331004413767508,0.0,0.06433512283724793,0.09690447205596596
2016-07-22,0.06211069535233715,0.03333989648080069,0.036577333760637806,0.28240938958404377,0.06262060544283495,0.1813339003646772,0.10117098951547794,0.04618159529887898,0.03279694408869671,0.0,0.06437273271357728,0.09708591739803747
2016-07-25,0.061415499085869026,0.0330089857584632,0.03619808321855031,0.2841455082202905,0.06253109455981974,0.1852775279831124,0.1005710917897913,0.04552553854625382,0.03229667656189894,0.0,0.0634127273815103,0.09561726689444043
2016-07-26,0.06181276849825014,0.03309676361836664,0.03608803058383669,0.2835071158249394,0.062347638297769334,0.18443957793249272,0.09951300792343856,0.04614491232911173,0.032593477099076285,0.0,0.0632152065136586,0.09724150137906006
2016-07-27,0.06869915087499683,0.03661707946016185,0.03988987746808268,0.31370074791813596,0.06898821829306133,0.20362738698436192,0.10948032081789753,0.05222891245388188,0.03616815417525365,0.0,0.07060015155416638,0.0
2016-07-28,0.06952931305624246,0.036949376300666865,0.040164389367610444,0.31153092548354483,0.06955883109852629,0.2030461983115567,0.11000438638391387,0.05178207678456286,0.03550548476481911,0.0,0.07192901844855674,0.0
2016-07-29,0.06995052882748803,0.03710914282184403,0.04141897844162089,0.31138802583473013,0.07013414011747347,0.20182510651396235,0.1103501434782858,0.05151465237779266,0.03525346723323872,0.0,0.07105581435356388,0.0
2016-08-01,0.07053524472559518,0.03724278612627194,0.04209941119469882,0.3084986584130368,0.07008815608443189,0.2016491510839303,0.11134407223549905,0.05153034918161546,0.03540119013079055,0.0,0.07161098082412992,0.0
2016-08-02,0.07130726355940029,0.03760325112553879,0.042552626129337724,0.3101984162727896,0.06986637340160663,0.19679474009805228,0.111336358729501,0.052119981409767424,0.03579842505859218,0.0,0.07242256421541399,0.0
2016-08-03,0.07187530612392996,0.03808837280551652,0.04298912275009968,0.3094548597932359,0.06999936463747325,0.19412167134024153,0.11278127729415666,0.05288921099104377,0.036274922252808255,0.0,0.0715258920114946,0.0
2016-08-04,0.07161706769415196,0.03795827435434054,0.043252833978366725,0.3081527078916704,0.06981327137798381,0.193787220552854,0.11215250784725962,0.05428854604123082,0.0372448601686743,0.0,0.071732710093468,0.0
2016-08-05,0.0729022430907031,0.03822342621678834,0.043862089688388256,0.30690147239145354,0.06959095485141498,0.19194234537710042,0.11326363290980283,0.054368325305224216,0.03732465977137901,0.0,0.07162085039774524,0.0
2016-08-08,0.07411310630879958,0.03869184993247772,0.04415016159025774,0.3012430502359163,0.06942679065507215,0.19049936511073423,0.1143927292478634,0.05385804789670933,0.03646004310728565,0.0,0.07716485591488387,0.0
2016-08-09,0.0738887866849238,0.0385828220631295,0.0440236740710098,0.30119468634983027,0.06946466948359895,0.19102925503567286,0.11372135549398882,0.05397192224158068,0.036954427904433845,0.0,0.0771684006718315,0.0
2016-08-10,0.07498045304547922,0.0387660562459559,0.044927009610522796,0.3002273711457921,0.06961275029156594,0.1873207391865958,0.11472261675221575,0.05411333673599341,0.037022663225061835,0.0,0.07830700376081734,0.0
2016-08-11,0.07513208255549979,0.038675484954096576,0.0448229400863757,0.3004399813997868,0.06985389603850145,0.18778096875679012,0.11450004772944743,0.05371683090421081,0.036601818789543335,0.0,0.07847594878574812,0.0
2016-08-12,0.07635427613504155,0.03884064948888298,0.04485245374361567,0.2976415339958678,0.06929736464098514,0.1861593295780531,0.1150856724012169,0.05370251130427672,0.0365386700366818,0.0,0.0815275386753783,0.0
2016-08-15,0.07412371326275925,0.03770802848857374,0.04379975116405568,0.29928788886270696,0.0687588245810817,0.19217047877622628,0.11179497169199328,0.05332379684391331,0.03608212244525337,0.0,0.08295042388343647,0.0
2016-08-16,0.07265563243419913,0.036939421293809706,0.04301024933453604,0.2896026960567089,0.06640518686097902,0.1857559276462794,0.10960852871408294,0.052143241104595395,0.03590878034797584,0.02458859421363381,0.08338174199319978,0.0
2016-08-17,0.07281996756919219,0.037153841507167856,0.04317832619259948,0.29022645356837345,0.0665723239411538,0.18548719741473202,0.10998232687097131,0.05233309835501354,0.036046703124687066,0.024596214185887318,0.08160354727022191,0.0
2016-08-18,0.07301831791324039,0.037248424991381514,0.04313571113580337,0.2896337425955898,0.06653772350223351,0.18528518966326643,0.1102044619309925,0.05249349712779053,0.03609188269847981,0.024642269501645737,0.08170877893957655,0.0
2016-08-19,0.0740226650485677,0.03725989657023773,0.04291941695911147,0.2879572480953152,0.06640662324758992,0.18481361331622856,0.11016253105375111,0.053495799402968905,0.03612657201114129,0.024271620932303565,0.08256401336278456,0.0
2016-08-22,0.07494537699186701,0.03761292644952731,0.04332199106632691,0.2862058076872919,0.06683273441401563,0.18420742108507818,0.11059756378549739,0.053589406923788586,0.035662573267661986,0.024593267725493553,0.0824309306034516,0.0
2016-08-23,0.0750883880569835,0.037693516179637405,0.042955187633275105,0.28680702893802246,0.06669718211482677,0.18416582379509416,0.11107667466336377,0.0537558627862847,0.035119392935006544,0.024284652019077282,0.08235629087842829,0.0
2016-08-24,0.07511785715385473,0.037635935970535474,0.04284349500834671,0.2866726171264078,0.06668119402613636,0.18431150787097622,0.11075791324183676,0.05406727937528208,0.03520209568646435,0.024210270081937435,0.08249983445822193,0.0
2016-08-25,0.07501504958776611,0.037757746305452644,0.04295212064605029,0.28709421637232185,0.06675452176564009,0.18460793589837088,0.11070432855659773,0.05358938712393769,0.035123882244258955,0.024103301452031645,0.0822975100475722,0.0
2016-08-26,0.07512715808482905,0.037788744900580484,0.043028805582623356,0.286819685618876,0.06672605917198958,0.18442752537796603,0.11085670750005051,0.053674088594012286,0.035189681859910255,0.024092608218638005,0.0822689350905243,0.0
2016-08-29,0.0753584513120875,0.03785270680623705,0.04301829373259345,0.2883428048003941,0.06686498454765082,0.183008829745382,0.11108943555402681,0.053868349222936214,0.03529554249928126,0.024176831627961578,0.08112377015144939,0.0
2016-08-30,0.07383719331056417,0.037151951368911494,0.04246719652984715,0.2952896953235832,0.06571931578193092,0.18399845056543848,0.10837994663575382,0.05569647587544304,0.03512424417452665,0.023683635661690617,0.07865189477231038,0.0
2016-08-31,0.0755146382370298,0.03795512309408919,0.04347470575933944,0.3027547167721812,0.0674379257341623,0.18872310371905046,0.11106412211802912,0.05630671434382976,0.035599449965902794,0.0,0.0811695002563859,0.0
2016-09-01,0.07540087524564094,0.03801691656404363,0.0432852439084301,0.30289916279795276,0.06745375433423634,0.18868981588593495,0.11080774023897,0.056284822534542235,0.03565959149245481,0.0,0.08150207699779408,0.0
2016-09-02,0.07517668502819728,0.03780981079014604,0.04310199178131362,0.3014456745920292,0.0673317560891918,0.18916046582311966,0.11064287238096626,0.056896631475547806,0.03702401479859467,0.0,0.08141009724089364,0.0
2016-09-06,0.07537662349182712,0.0380232833906335,0.04317673890278615,0.3011925866945311,0.06725820083832242,0.18923299276136352,0.11131220899996808,0.056838483990080034,0.03659595779008042,0.0,0.08099292314040785,0.0
2016-09-07,0.07654356641057977,0.039309013821359304,0.043991714392298625,0.3000022690507558,0.06715188363832768,0.18808203844422275,0.11257341821781697,0.05582317349639037,0.03554573023947013,0.0,0.0809771922887788,0.0
2016-09-08,0.07531748333770623,0.038641655211833416,0.04333012499003366,0.29222474795975334,0.06546685817900795,0.1831834771642507,0.11113787436383388,0.05444704643027053,0.034324493293666956,0.023357305990932532,0.07856893307871075,0.0
2016-09-09,0.07673929273307556,0.03983190540656206,0.04417757031242299,0.28950573471249197,0.06549576180418239,0.17915507074780143,0.11366146343818881,0.0553350579288784,0.03488290543369879,0.02320366903879351,0.07801156844390421,0.0
2016-09-12,0.0740773042777882,0.0410762406195597,0.04375770298619067,0.29352397123139146,0.06674110114894621,0.18059632302212977,0.11511280800349451,0.057965465298427915,0.035693832666800526,0.02411211769345522,0.06734313305181584,0.0
2016-09-13,0.07432916933736704,0.042069498188658114,0.04491041000430864,0.30103026321597237,0.06863764056724399,0.18550596747067294,0.11785199845045184,0.0600238332286184,0.037275886717435924,0.0,0.06836533281927085,0.0
2016-09-14,0.07365214682033325,0.04210333354859174,0.04420883774985812,0.3012031879995291,0.06904493021077926,0.18802022679832014,0.11715787225232419,0.06142805308829785,0.03788304981305044,0.0,0.06529836171891576,0.0
2016-09-15,0.07336980562787479,0.042710888301940926,0.04434837510814554,0.3028334502262877,0.06930078026006575,0.18684802330005879,0.11716238991729885,0.06110237444683165,0.03757790309612327,0.0,0.06474600971537271,0.0
2016-09-16,0.07260210679949548,0.042658209943708704,0.04392453677730447,0.30284334847724037,0.0692580944248825,0.18685517497793422,0.11647121718815388,0.06278973662620282,0.037908602002833684,0.0,0.06468897278224378,0.0
2016-09-19,0.07255166726796161,0.04241410904203079,0.04384790065028857,0.30308198831954786,0.06890226606688943,0.18726396325732778,0.11658298042415398,0.06279944239819302,0.037789475855067825,0.0,0.06476620671853923,0.0
2016-09-20,0.0733459050175771,0.0433522099138518,0.04441939037650118,0.3023943479812658,0.06929138514325467,0.18608447694798277,0.1173382237560821,0.06261043776612464,0.03718282160245234,0.0,0.06398080149490765,0.0
2016-09-21,0.07974252805492185,0.06238497067841635,0.049021457519042314,0.2892325718182402,0.06764011500917332,0.17033520217074902,0.11632320440073927,0.07309990809710744,0.0340735440002382,0.0,0.05814649825137202,0.0
2016-09-22,0.0801006582128258,0.060993945241131366,0.04578919759855125,0.2835296459304653,0.06981669081561907,0.1623557139407043,0.11965769772265544,0.06833382009229153,0.03180487408534423,0.02262466406848119,0.05499309229193038,0.0
2016-09-23,0.08459060543093974,0.06507857512847458,0.04810978450070311,0.28320625205289707,0.06955136206507925,0.16477793609762614,0.12711172731441878,0.06975987654183782,0.03195772137087686,0.0,0.0558561594971466,0.0
2016-09-26,0.08513795121755625,0.06402366329311192,0.04725829689189197,0.2725604845730631,0.06738910705173014,0.15832874321971147,0.13061695433655232,0.06719951839450497,0.03115752853847157,0.021994833802977974,0.05433291868042843,0.0
2016-09-27,0.08833069089992143,0.06574335886098824,0.04738746396302727,0.27849735121706765,0.06819464987555711,0.16199479278932744,0.13354416094541863,0.06847271037516016,0.03214007831388886,0.0,0.05569474275964328,0.0
2016-09-28,0.08510757946169595,0.06367177436284638,0.04567293802866173,0.27212014969872184,0.06750133302325337,0.15979502271411658,0.1293350623517921,0.068219005420041,0.033614275060305406,0.02148990473969358,0.05347295513887205,0.0
2016-09-29,0.08470872902676976,0.06613394789607561,0.04650035983154901,0.27264409542409496,0.06811756229298445,0.158843042100306,0.12773865176655652,0.0678828157368062,0.03332819251288329,0.021143423274500382,0.05295918013747377,0.0
2016-09-30,0.08362755285893982,0.06462906593417575,0.0454881410176351,0.27561212701234883,0.06821955657631493,0.15954778228840066,0.12756635598168367,0.0684415348840613,0.03343231599750931,0.02111094070694796,0.05232462674198271,0.0
2016-10-03,0.08290708795604612,0.06463943857839648,0.045621920121924474,0.2757629979578726,0.06762198087059307,0.15944198097956325,0.12693378894323334,0.0686065631206189,0.03395708305993358,0.021800064950107643,0.05270709346171047,0.0
2016-10-04,0.08480521065237352,0.06470537554248203,0.04569852201373643,0.2700492908122572,0.06657070142156407,0.15882691133364135,0.1358003524097685,0.06738250896600523,0.033763689849036986,0.021206851612769657,0.051190585386364916,0.0
2016-10-05,0.08023767623679891,0.0631980143237446,0.04315651705370106,0.253906420410584,0.06274051479330196,0.14909631652167565,0.12868088338067868,0.05545761765771144,0.029338606591247512,0.020248673023424625,0.0,0.11393876000713156
2016-10-06,0.08442085752474875,0.06754384582001992,0.04501435721323541,0.2696925032095255,0.06789904276976153,0.15966931798357764,0.13438078148614657,0.0,0.03069297817355115,0.021819286211453324,0.0,0.11886702960798029
2016-10-07,0.0839891333679752,0.06684230867806576,0.04481275382616732,0.26985383431535426,0.06902816191552755,0.16115882314050198,0.13465971806442098,0.0,0.030376520120414904,0.022248510733347188,0.0,0.11703023583822486
2016-10-10,0.07582828773372989,0.06040642828037025,0.04070686861852081,0.24292439790458664,0.0641153716050939,0.14475482032049242,0.1209586996697392,0.05381092247797744,0.027192610109981946,0.01993513999814732,0.044003785505009274,0.10536266777635102
2016-10-11,0.08262491629390196,0.0664833672391947,0.04435089736261717,0.275488013590785,0.0707451453846715,0.16078859533820136,0.13267069929591319,0.0,0.029756035274346074,0.021580726603240587,0.0,0.11551160361712859
2016-10-12,0.07714752609212064,0.06233820151334213,0.04146251014672266,0.26513568000951726,0.06846081450768393,0.15430488101905812,0.12615575000591847,0.0,0.028759996046686002,0.020965213577885177,0.046291478802949086,0.10897794827811653
2016-10-13,0.07669561692519684,0.06256146393451296,0.041545193384259174,0.2667605004033277,0.06853136628215695,0.15365772285032478,0.1261576468815901,0.0,0.02859597167418487,0.020830521630711453,0.045556921338475095,0.10910707469526013
2016-10-14,0.08269692261236776,0.06794606350013088,0.04449188750198923,0.2858444327393355,0.0,0.16441418790191986,0.1354122986119459,0.0,0.0313842564621263,0.022409775509057317,0.04869989035787784,0.11670028480324947
2016-10-17,0.0776920454191738,0.06380333773462869,0.04171239066508364,0.26643715863074946,0.06705622955717008,0.15131591042281406,0.12682017958030384,0.0,0.03012612425466923,0.021186343326066868,0.0456238949011968,0.10822638550814345
2016-10-18,0.07801406014542082,0.06382930980966396,0.041895027540922454,0.2646247558685696,0.0666476600107805,0.15008482203287785,0.12806093271626173,0.0,0.030252619202832596,0.021221179195611582,0.04602884460573889,0.10934078887132008
2016-10-19,0.07314972920105453,0.0595016224739584,0.03915335504367171,0.24921632941967756,0.06284545538257383,0.14117495163599694,0.12210969275827058,0.057190016944939276,0.02851088825362549,0.020367510797074637,0.04330397096114757,0.10347647712800959
2016-10-20,0.07296966554657115,0.059538458223878155,0.039177221496269,0.24883159820794082,0.0628259894611294,0.14098721746774295,0.12310726536718304,0.05701052708397886,0.028520354151108925,0.02028079201593512,0.04327634819778476,0.10347456278047792
2016-10-21,0.0718289411771901,0.05872482346176203,0.03856427158710282,0.2509008453910402,0.06374014065291995,0.1409097777228167,0.12171265624578698,0.05848330709855813,0.029755063630490988,0.019945608926246753,0.042768648545097,0.10266591556098816
2016-10-24,0.0761744284766541,0.06221653499876712,0.040883251122537,0.26567084251587664,0.06752769420594158,0.1494651431949938,0.13100949269576884,0.0,0.0315785925731871,0.02140354780214009,0.045730380925906144,0.10834009148822744
2016-10-25,0.07012549133655543,0.058719403613276155,0.03779405815030276,0.24923015493187803,0.06321650704048044,0.1388165791143292,0.12105353296375988,0.058431371456490536,0.029250302495789082,0.019770741808687937,0.04291383564642525,0.11067802144202525
2016-10-26,0.08259573512913287,0.06980679660429774,0.04463816036391909,0.2985453911291919,0.0,0.1685111865948579,0.14670006390536475,0.0,0.0343953818958967,0.02382862674586422,0.0,0.13097865763147473
2016-10-27,0.08250248020078366,0.06921431919330737,0.04403019186025128,0.2998409243167017,0.0,0.16916981114610846,0.14354398280209055,0.0,0.03418344038243123,0.023545236095488246,0.0,0.13396961400283747
2016-10-28,0.07760206104597092,0.06518956164494713,0.04118370031385125,0.27805153403204613,0.0,0.15632565565486503,0.13467530996914198,0.06427732465490364,0.03221658886226964,0.022654023672631047,0.0,0.12782424014937335
2016-10-31,0.0772224960805478,0.06529592920338831,0.04105553459323651,0.28040115531675736,0.0,0.1585173435192587,0.134916231540752,0.06379493414070006,0.03196318249761589,0.022471921312651758,0.0,0.1243612717950917
2016-11-01,0.07726603169295163,0.06446454284534446,0.04066197850715287,0.2836114994625328,0.0,0.15817776263481273,0.13211159760320024,0.06564533197375615,0.03264888612945961,0.02128301607870827,0.0,0.12412935307208131
2016-11-02,0.07846066683657191,0.06603069631161206,0.04169270320911672,0.2914403649292611,0.0,0.1622923690266787,0.13551532203709007,0.06681798299310665,0.03252571069905278,0.0,0.0,0.12522418395750995
2016-11-03,0.07727048992495918,0.065714559926236,0.04108954875938972,0.29426294359378913,0.0,0.16660334404412833,0.13359078975192137,0.06578452845608891,0.032210531180509164,0.0,0.0,0.12347326436297826
2016-11-04,0.0767961177426875,0.065645821378167,0.04093796081598277,0.29345153784094313,0.0,0.16722552531358464,0.13345535583129559,0.06548782489202111,0.032404605866347344,0.0,0.0,0.12459525031897087
2016-11-07,0.07706274335494159,0.06520285050475813,0.04105158622692024,0.2943100977531548,0.0,0.16656588587244117,0.13360239064408977,0.06573894875754105,0.03240222629620593,0.0,0.0,0.12406327058994719
2016-11-08,0.07609558608010397,0.06926940098915275,0.04157751853005461,0.3285805249003443,0.0,0.18734597427778069,0.13019388272579938,0.0,0.035629176930190305,0.0,0.0,0.1313079355665739
2016-11-09,0.11290107754090932,0.1031546824433991,0.06206893415549013,0.0,0.0,0.27988952072184325,0.1939020246786874,0.0,0.05297383001573151,0.0,0.0,0.19510993044393915
2016-11-10,0.15494675630907973,0.14392033108386304,0.08202912059505015,0.0,0.0,0.0,0.26409953119164004,0.0,0.0738635777869208,0.0,0.0,0.28114068303344625
2016-11-11,0.17163209906509463,0.1593547806563592,0.0877240104313777,0.0,0.0,0.0,0.2700170467588454,0.0,0.0,0.0,0.0,0.31127206308832306
2016-11-14,0.1870358969008601,0.1736541538945185,0.0,0.0,0.0,0.0,0.28622892756731855,0.0,0.0,0.0,0.0,0.35308102163730287
2016-11-15,0.17417584004033987,0.16226486694321024,0.08807958260469115,0.0,0.0,0.0,0.2607034914060233,0.0,0.0,0.0,0.0,0.3147762190057355
2016-11-16,0.21066719994476113,0.0,0.10620536282211337,0.0,0.0,0.0,0.2983509215831922,0.0,0.0,0.0,0.0,0.3847765156499334
2016-11-17,0.17630044769401246,0.1635836908251229,0.08870200696960168,0.0,0.0,0.0,0.24935787327272732,0.0,0.0,0.0,0.0,0.3220559812385357
2016-11-18,0.23696772869355576,0.0,0.0,0.0,0.0,0.0,0.33508317936487303,0.0,0.0,0.0,0.0,0.4279490919415713
2016-11-21,0.1978566657211321,0.0,0.0995939638255591,0.0,0.0,0.0,0.28042064666291444,0.0,0.0,0.0653843569147855,0.0,0.3567443668756088
2016-11-22,0.16753487511306928,0.15201946578648362,0.08484042277353399,0.0,0.0,0.0,0.23417812990614476,0.0,0.0,0.05387185587833576,0.0,0.30755525054243255
2016-11-23,0.19881690987525052,0.0,0.09955553512980601,0.0,0.0,0.0,0.27426457609171395,0.0,0.0,0.06362832403956613,0.0,0.3637346548636634
2016-11-25,0.21319591077187966,0.0,0.10624172929962183,0.0,0.0,0.0,0.292608638740245,0.0,0.0,0.0,0.0,0.3879537211882534
2016-11-28,0.213109400107479,0.0,0.1065821009124788,0.0,0.0,0.0,0.29385089925082875,0.0,0.0,0.0,0.0,0.3864575997292134
2016-11-29,0.21187072236011803,0.0,0.10665222337715137,0.0,0.0,0.0,0.29381270182700897,0.0,0.0,0.0,0.0,0.3876643524357216
2016-11-30,0.1984850107560594,0.0,0.10091746395661473,0.0,0.0,0.0,0.2764002478965924,0.0,0.0,0.06361211064761207,0.0,0.3605851667431213
2016-12-01,0.19287641051761648,0.0,0.10029353604567699,0.0,0.0,0.0,0.2686730861638072,0.0,0.0,0.055155520843823434,0.0,0.38300144642907585
2016-12-02,0.1949999428973956,0.0,0.10114171071230306,0.0,0.0,0.0,0.27106721482552987,0.0,0.0,0.05504013387611714,0.0,0.3777509976886542
2016-12-05,0.16585401959523363,0.15397453559333932,0.0859212540625122,0.0,0.0,0.0,0.22777000668835035,0.0,0.0,0.04775976650963417,0.0,0.31872041755093033
2016-12-06,0.17999944753409425,0.15577595306745212,0.08782664193145916,0.0,0.0,0.0,0.22845189918435088,0.0,0.0,0.047242363571458695,0.0,0.3007036947111851
2016-12-07,0.1862450830982314,0.15529497115015148,0.08733291740738333,0.0,0.0,0.0,0.22598487375940834,0.0,0.0,0.046908240679749,0.0,0.2982339139050764
2016-12-08,0.18733035914174434,0.1580669050169703,0.0877800015786831,0.0,0.0,0.0,0.22654322498367588,0.0,0.0,0.04658004583913692,0.0,0.2936994634397894
2016-12-09,0.18891223942478108,0.1594506631576,0.08848104885317971,0.0,0.0,0.0,0.22848219435348377,0.0,0.0,0.04733260404229312,0.0,0.2873412501686623
2016-12-12,0.1902641900659176,0.15994090062356012,0.0891811299716496,0.0,0.0,0.0,0.22943473546439985,0.0,0.0,0.04697169500248641,0.0,0.28420734887198645
2016-12-13,0.1899804882408466,0.16330488165931353,0.08864033687509021,0.0,0.0,0.0,0.22777354046667278,0.0,0.0,0.046746785796707255,0.0,0.28355396696136953
2016-12-14,0.1890808014472829,0.16126780613990307,0.08860207470525046,0.0,0.0,0.0,0.22808756450473633,0.0,0.0,0.0468698676354033,0.0,0.28609188556742393
2016-12-15,0.19090426153747048,0.16084178389005596,0.08734372999470388,0.0,0.0,0.0,0.2302679979172193,0.0,0.0,0.04733469652277395,0.0,0.2833075301377763
2016-12-16,0.19270105324403763,0.16748072545962905,0.08987559952262976,0.0,0.0,0.0,0.23234174014880693,0.0,0.0,0.04733048419275505,0.0,0.27027039743214165
2016-12-19,0.21216003643671869,0.18720249217280638,0.0,0.0,0.0,0.0,0.2552473715308158,0.0,0.0,0.05172746007167422,0.0,0.29366263978798496
2016-12-20,0.21320252472971543,0.18867635373349392,0.0,0.0,0.0,0.0,0.25370116256605696,0.0,0.0,0.05239257030840317,0.0,0.29202738866233036
2016-12-21,0.21506284188256836,0.18935359576866612,0.0,0.0,0.0,0.0,0.25287300030769977,0.0,0.0,0.05216709298838314,0.0,0.29054346905268263
2016-12-22,0.2158285701098064,0.1902862575361184,0.0,0.0,0.0,0.0,0.25330956009469374,0.0,0.0,0.052601201135904,0.0,0.2879744111234775
2016-12-23,0.21465300854993016,0.19073046468897942,0.0,0.0,0.0,0.0,0.2548592790755173,0.0,0.0,0.054133289469833624,0.0,0.28562395821573955
2016-12-27,0.21771552320189128,0.19423067699425972,0.0,0.0,0.0,0.0,0.2528594201588296,0.0,0.0,0.05373595114397513,0.0,0.28145842850104436
2016-12-28,0.21882331303668656,0.19570764900449308,0.0,0.0,0.0,0.0,0.25270447793469475,0.0,0.0,0.0532200607190573,0.0,0.2795444993050682
2016-12-29,0.19607207741160684,0.17871629704440586,0.08988165251067126,0.0,0.0,0.0,0.23096679956115898,0.0,0.0,0.04884570374653015,0.0,0.2555174697256269
2016-12-30,0.1808930259732724,0.163048467522652,0.08121277632317812,0.0,0.0,0.0,0.21123660487999524,0.0,0.0,0.0446301390926565,0.08934625276632314,0.2296327334419225
2017-01-03,0.18027521861856236,0.16296503411441135,0.08200858390277223,0.0,0.0,0.0,0.21140113750437367,0.0,0.0,0.044952360435716175,0.09087123935617916,0.227526426067985
2017-01-04,0.17968952166851512,0.16411417347380508,0.08204431942958858,0.0,0.0,0.0,0.21222588063351883,0.0,0.0,0.0450813950213124,0.09173061013371352,0.22511409963954662
2017-01-05,0.18178869136325296,0.1626430756066712,0.08288847922182051,0.0,0.0,0.0,0.21325940902206697,0.0,0.0,0.04578307105766751,0.0917297539707601,0.2219075197577608
2017-01-06,0.1844992706063579,0.16221873253733454,0.08376547244720398,0.0,0.0,0.0,0.21586147483163698,0.0,0.0,0.04690909324321114,0.09286002638228037,0.21388592995197508
2017-01-09,0.18993597450441502,0.1656151184111108,0.08425688114119013,0.0,0.0,0.0,0.2136240625258476,0.0,0.0,0.045872371358544176,0.09141514178646994,0.2092804502724223
2017-01-10,0.1891988376098922,0.16609262513060774,0.08444252813939487,0.0,0.0,0.0,0.2140774844255611,0.0,0.0,0.04528648191263072,0.09174175407517063,0.20916028870674278
2017-01-11,0.20859743461814093,0.18293019539867406,0.09281122310442907,0.0,0.0,0.0,0.23546656320187545,0.0,0.0,0.04930147769990387,0.0,0.2308931059769767
2017-01-12,0.18962479448221753,0.16562310114982232,0.08372858528580661,0.0,0.0,0.0,0.21453846540532975,0.0,0.0,0.04430360694290629,0.0912293345067728,0.2109521122271447
2017-01-13,0.20914366052723468,0.18275708672888485,0.09202967158743001,0.0,0.0,0.0,0.23630272777927414,0.0,0.0,0.04860300925782645,0.0,0.23116384411934982
2017-01-17,0.19018269985846908,0.16795531210226194,0.08462012188079429,0.0,0.0,0.0,0.21441727647791958,0.0,0.0,0.043791706286474524,0.09066814656360064,0.2083647368304801
2017-01-18,0.19061227095326833,0.16876091059764103,0.08551242774129984,0.0,0.0,0.0,0.21661381074395047,0.0,0.0,0.04439010161625442,0.09105633200302082,0.20305414634456512
2017-01-19,0.2113607108507515,0.18626267664997062,0.09449155099455239,0.0,0.0,0.0,0.2396094305617033,0.0,0.0,0.048974471871941726,0.0,0.2193011590710804
2017-01-20,0.19119647123476086,0.16958619783924708,0.08602723088668049,0.0,0.0,0.0,0.21725408377878935,0.0,0.0,0.0446227733049383,0.09118863944659097,0.20012460350899305
2017-01-23,0.19189173674068954,0.16891063842032797,0.08633488121188079,0.0,0.0,0.0,0.2175532401257354,0.0,0.0,0.04446432284696616,0.09113799553028235,0.19970718512411795
2017-01-24,0.19285286731238335,0.16935102052383263,0.08541915067497148,0.0,0.0,0.0,0.21828647337810908,0.0,0.0,0.04478592036692359,0.09104933910076922,0.19825522864301057
2017-01-25,0.19115698490652813,0.1697477843322945,0.08554083227586369,0.0,0.0,0.0,0.21915040058960336,0.0,0.0,0.044780123170101375,0.09195236104836098,0.19767151367724797
2017-01-26,0.189148321867192,0.1664874209417055,0.08546861534244339,0.0,0.0,0.0,0.21992997630843283,0.0,0.0,0.044893684152036234,0.0968218699127572,0.19725011147543284
2017-01-27,0.20972801821948128,0.18296618824584787,0.09439290957808354,0.0,0.0,0.0,0.24560060369525413,0.0,0.0,0.04958089368470071,0.0,0.21773138657663257
2017-01-30,0.20881097617785216,0.18228942691406633,0.09433110296687425,0.0,0.0,0.0,0.246258663105194,0.0,0.0,0.05108307077200855,0.0,0.21722676006400474
2017-01-31,0.20929498878009134,0.1802685961184337,0.0942966421473928,0.0,0.0,0.0,0.2469152064532131,0.0,0.0,0.05081753367141046,0.0,0.21840703282945859
2017-02-01,0.21147913093431564,0.1815489047953461,0.09464371111231695,0.0,0.0,0.0,0.24784371291772117,0.0,0.0,0.05128906839355254,0.0,0.21319547184674764
2017-02-02,0.21340559171755139,0.18090848580473962,0.09450266448099073,0.0,0.0,0.0,0.2463158750060669,0.0,0.0,0.05147827632868598,0.0,0.21338910666196537
2017-02-03,0.21239199285830396,0.18457456693872187,0.09451981797617585,0.0,0.0,0.0,0.24465577321755472,0.0,0.0,0.05127771614150859,0.0,0.21258013286773492
2017-02-06,0.22867289228319426,0.17849123661890137,0.09572370924280121,0.0,0.0,0.0,0.24727545129601497,0.0,0.0,0.04792955543566641,0.0,0.20190715512342178
2017-02-07,0.2291258622837776,0.1759736240015395,0.09607885639027033,0.0,0.0,0.0,0.24838430261130903,0.0,0.0,0.04782900670422679,0.0,0.20260834800887678
2017-02-08,0.21036441208324513,0.15518009644732023,0.09257028869239786,0.0,0.0,0.0,0.22524643433349292,0.0,0.0,0.04213811198787435,0.09485714647418061,0.17964350998148895
2017-02-09,0.20268161248809688,0.1498341093177899,0.09675768437672114,0.0,0.0,0.0,0.24290922400565396,0.0,0.0,0.041047466732899204,0.0938021750694873,0.17296772800935184
2017-02-10,0.18412026643256058,0.13824054375511516,0.0925491237955375,0.0,0.0,0.0,0.23938233403998033,0.0,0.06439213091777357,0.03807128845806837,0.08585489457199648,0.15738941802896783
2017-02-13,0.19226123686031568,0.14641515693012064,0.0973038148237293,0.0,0.0,0.0,0.2594740740792,0.0,0.0,0.03984825583637293,0.09451871231261615,0.17017874915764525
2017-02-14,0.17368133333624955,0.13079514480537247,0.09043997122393116,0.0,0.0,0.0,0.268604408263216,0.0,0.0626246084141339,0.03685596120936703,0.08522415823746736,0.1517744145102623
2017-02-15,0.1715940037479538,0.133836978908696,0.09044564431755876,0.0,0.0,0.0,0.2719774638760171,0.0,0.06185652597899349,0.03648987656857317,0.0838861993334016,0.1499133072688059
2017-02-16,0.17008973122357338,0.13400660259656874,0.08924752627020177,0.0,0.0,0.0,0.27357610718373965,0.0,0.062398375621468445,0.036277056016279736,0.08421555215293312,0.15018904893523505
2017-02-17,0.1697857745132997,0.13947750892684205,0.08889811576246884,0.0,0.0,0.0,0.2714480211280705,0.0,0.06222986989852905,0.03629247701988748,0.083578447835663,0.1482897849152393
2017-02-21,0.16877412649769719,0.13759361721923413,0.08699187074833006,0.0,0.0,0.0,0.28357294116015974,0.0,0.060534762233666814,0.03682482118641075,0.08169256778162272,0.1440152931728786
2017-02-22,0.16437168689600043,0.13530987224753388,0.08671120310985,0.0,0.0,0.0,0.29524572839867014,0.0,0.05959728545235562,0.03630056508407596,0.08164917655387151,0.14081448225764226
2017-02-23,0.1616980127201368,0.13432081671837276,0.08731124373516341,0.0,0.0,0.0,0.3000144500888803,0.0,0.06012423621328678,0.03554541901101519,0.08057159921552853,0.1404142222976162
2017-02-24,0.16191278256976502,0.13421047366189015,0.08724898948287349,0.0,0.0,0.0,0.29971273848423224,0.0,0.06000974387014959,0.036291422958939154,0.08049358758444938,0.14012026138770098
2017-02-27,0.16475501543235307,0.13293489849036705,0.08515526974730207,0.0,0.0,0.0,0.3000612575965801,0.0,0.05999843484891834,0.0363085921183457,0.08049822480734962,0.140288306958784
2017-02-28,0.16403294698197288,0.133454673538809,0.08451905995766758,0.0,0.0,0.0,0.3005322138393352,0.0,0.059403803284402576,0.03750772232971667,0.08063408724674317,0.13991549282135277
2017-03-01,0.16224194169722567,0.1320554702398515,0.08236183733359603,0.0,0.0,0.0,0.2964882401698965,0.0,0.05909102081608935,0.0469791054200258,0.08078130687543257,0.14000107744788232
2017-03-02,0.1615769933065264,0.1373507900379018,0.08707709112066886,0.0,0.0,0.0,0.3258424950296629,0.0,0.0,0.0526442080552612,0.08821892364608847,0.14728949880389045
2017-03-03,0.15813924007910232,0.13531604815512638,0.08357229748735079,0.0,0.0,0.0,0.3343710074046547,0.0,0.0,0.05231850027192564,0.08890012990863988,0.14738277669320027
2017-03-06,0.158831318319978,0.13695281460810504,0.08329394606205823,0.0,0.0,0.0,0.3351833433476534,0.0,0.0,0.05210814776565804,0.08866341153516748,0.1449670183613798
2017-03-07,0.15728840628652238,0.1371016572600795,0.08315304795342801,0.0,0.0,0.0,0.3374827241886068,0.0,0.0,0.0519971448109649,0.08835046807515516,0.14462655142524314
2017-03-08,0.1925345730815843,0.1685519345815194,0.09913382065104091,0.0,0.0,0.0,0.37173516415603214,0.0,0.0,0.0,0.0,0.1680445075298233
2017-03-09,0.19721773470250767,0.17210122890969703,0.10060818654249533,0.0,0.0,0.0,0.353335249056737,0.0,0.0,0.0,0.0,0.17673760078856288
2017-03-10,0.19992619140255358,0.1724948051812113,0.10023974448749778,0.0,0.0,0.0,0.3495458791420864,0.0,0.0,0.0,0.0,0.1777933797866509
2017-03-13,0.20016669011946744,0.17105673909064362,0.0999535121941332,0.0,0.0,0.0,0.3515367367601048,0.0,0.0,0.0,0.0,0.17728632183565093
2017-03-14,0.20146059527340596,0.17426518795402796,0.09823812082192858,0.0,0.0,0.0,0.3505388575368,0.0,0.0,0.0,0.0,0.17549723841383752
2017-03-15,0.19504133985285912,0.1749133024738424,0.10408321631704762,0.0,0.0,0.0,0.356112530575166,0.0,0.0,0.0,0.0,0.1698496107810848
2017-03-16,0.21177182191954688,0.1825748997874406,0.10687418212387026,0.0,0.0,0.0,0.3101972933077842,0.0,0.0,0.0,0.0,0.188581802861358
2017-03-17,0.21261052926197946,0.18244334556655595,0.10768529899030026,0.0,0.0,0.0,0.30796624234836967,0.0,0.0,0.0,0.0,0.18929458383279466
2017-03-20,0.21133854286005008,0.1823119837740958,0.10826721587347844,0.0,0.0,0.0,0.308534158198093,0.0,0.0,0.0,0.0,0.1895480992942826
2017-03-21,0.2123111643275003,0.1822290400662201,0.10730741691714034,0.0,0.0,0.0,0.3078452298858054,0.0,0.0,0.0,0.0,0.1903071488033339
2017-03-22,0.20380467523056262,0.18715326240854663,0.10960282914706602,0.0,0.0,0.0,0.30373211925513016,0.0,0.0,0.0,0.0,0.19570711395869453
2017-03-23,0.20332768605850174,0.1871963576546717,0.1119863012050409,0.0,0.0,0.0,0.3022829802734821,0.0,0.0,0.0,0.0,0.1952066748083035
2017-03-24,0.20300145358571672,0.1871577392473535,0.11201506661954652,0.0,0.0,0.0,0.30294556768847164,0.0,0.0,0.0,0.0,0.19488017285891154
2017-03-27,0.18788747306223008,0.17335636457637918,0.103662136588964,0.0,0.0,0.0,0.27769647889023236,0.0,0.07713401437304186,0.0,0.0,0.1802635325091525
2017-03-28,0.1932898418489327,0.17394972336752296,0.1030795829261087,0.0,0.0,0.0,0.27637364110043094,0.0,0.07495584687313972,0.0,0.0,0.17835136388386516
2017-03-29,0.19144097493756226,0.17477015193409828,0.10682031112990627,0.0,0.0,0.0,0.27208888478440363,0.0,0.07578205991589008,0.0,0.0,0.1790976172981394
2017-03-30,0.1924878466723219,0.1742580206970725,0.10767093072948003,0.0,0.0,0.0,0.27030526925058035,0.0,0.07680990607413861,0.0,0.0,0.17846802657640673
2017-03-31,0.19447869968407863,0.17296107010871908,0.10748991257396476,0.0,0.0,0.0,0.2671124137130792,0.0,0.078057750563743,0.0,0.0,0.17990015335641546
2017-04-03,0.17263694033237065,0.15821695585626,0.09409044647127339,0.0,0.0,0.0,0.24082850999768401,0.0,0.06894587970612696,0.0,0.10355106086631036,0.16173020676997485
2017-04-04,0.17016748424421746,0.15957820803210013,0.09384562799101888,0.0,0.0,0.0,0.23832546883213715,0.0,0.06856255347965834,0.0,0.10228602489739178,0.16723463252347628
2017-04-05,0.16966686639759126,0.15957854045711184,0.09363622221362897,0.0,0.0,0.0,0.23674621237912144,0.0,0.06847878416783751,0.0,0.10158867249964858,0.1703047018850603
2017-04-06,0.1699488211729554,0.15754174592238435,0.09346919361470327,0.0,0.0,0.0,0.23666763014646514,0.0,0.06850644237650574,0.0,0.10301039096955603,0.17085577579743008
2017-04-07,0.1725117733883569,0.16021530555590005,0.09515570487616258,0.0,0.0,0.0,0.24046395095909545,0.0,0.0,0.05274688555275125,0.10564943383168975,0.17325694583604404
2017-04-10,0.1720245332596915,0.16084635140054082,0.09622241557269108,0.0,0.0,0.0,0.2395164968693652,0.0,0.0,0.054171522239350935,0.10604191011230456,0.171176770546056
2017-04-11,0.12090999957756464,0.1123812812374795,0.06712776204784966,0.0,0.0,0.16996838301512757,0.1673360449991473,0.0819169784234118,0.048214114712067956,0.03780541992125359,0.07401284199947837,0.12032717406661961
2017-04-12,0.09835934475051519,0.09119932329558952,0.054569022003752334,0.1929662225575736,0.0,0.1364079546725239,0.1355960083628429,0.06416358524753915,0.03841069938674908,0.030926422004269462,0.05983371033643158,0.09756770738221313
2017-04-13,0.09702835924138133,0.090944577018849,0.05394728397449451,0.19335925528924922,0.0,0.13600240609078015,0.1344385734778775,0.06549697652705343,0.03903229414060757,0.03059248147016065,0.059756832650685064,0.09940096011886178
2017-04-17,0.09347414905707775,0.08815429111585651,0.05323188330349149,0.19773233437153695,0.0,0.14001591906874736,0.1318165259843898,0.06557342863556852,0.03855327877053888,0.03093307102876235,0.05879216037614277,0.1017229582878875
2017-04-18,0.0913495885105235,0.08741102099533091,0.052679419669374464,0.2006086880204727,0.0,0.14118024516679062,0.1322355277337587,0.06533019619890604,0.03846386595824344,0.030844383994678256,0.058525046171642156,0.10137201758027908
2017-04-19,0.09544045461534367,0.09140639751889147,0.05364976878264319,0.20414515318758017,0.0,0.14365804860138592,0.1387202396470457,0.06820291847562539,0.04015885936479407,0.0,0.06169243519828304,0.1029257246084074
2017-04-20,0.09933224679386217,0.09429176605347858,0.05682741844965079,0.2131904842741403,0.0,0.1501327918514549,0.14393352289782263,0.06981793416951447,0.0,0.0,0.06477688420961915,0.10769695130045707
2017-04-21,0.09866680138418613,0.09275859675869959,0.05618838124676441,0.2138912663558333,0.0,0.15179945995042787,0.14320820783673566,0.07046705093684075,0.0,0.0,0.06498163493233396,0.10803860059817844
2017-04-24,0.09924618294090981,0.09473686933256376,0.056054397544473694,0.21416606151135256,0.0,0.1520063384338201,0.14206599564896863,0.07058022350896835,0.0,0.0,0.06428853176004519,0.10685539931889777
2017-04-25,0.1451904801628208,0.11942516190248763,0.08403273966634003,0.0,0.0,0.23213681552308904,0.21383851548432925,0.10919137034627341,0.0,0.0,0.09618491691465984,0.0
2017-04-26,0.10996478815472134,0.09048844992418009,0.06368162369948255,0.2428753134860775,0.0,0.17413578924716677,0.1630634309971514,0.08110522354998767,0.0,0.0,0.07468538094123255,0.0
2017-04-27,0.09959385365290219,0.08158254156654504,0.056718110354190096,0.21551553200704876,0.0,0.15465585181974117,0.1454068777790481,0.07198116030015365,0.0,0.0,0.06623050247197938,0.10831557004839165
2017-04-28,0.11108740177019154,0.09096479845032228,0.06319225142680887,0.2423117567478524,0.0,0.17273940450001773,0.1623899842569809,0.08297967024232046,0.0,0.0,0.07433473260550566,0.0
2017-05-01,0.10602294781388412,0.08722839624760374,0.06053912833990525,0.23235964397370024,0.0,0.16579955229953972,0.1570871293867363,0.0,0.0,0.0,0.07171596701163199,0.11924723492699855
2017-05-02,0.11094034208512128,0.09116280625738574,0.06332457115121108,0.23968872186496928,0.0,0.17162104265561806,0.16456465687044952,0.08207058257094536,0.0,0.0,0.07662727654429972,0.0
2017-05-03,0.11659335812616438,0.09413598015900951,0.06543096793226864,0.24742145474604035,0.0,0.17652520047283,0.1706167168461108,0.0,0.0,0.0,0.0,0.12927632171757644
2017-05-04,0.1332334887277711,0.10926430194772763,0.07420315717231146,0.2855010004656516,0.0,0.20294083065454435,0.19485722103199382,0.0,0.0,0.0,0.0,0.0
2017-05-05,0.1343990934027282,0.1083177880520837,0.07374891287351283,0.2878151918729997,0.0,0.20410758728378486,0.19161142651489077,0.0,0.0,0.0,0.0,0.0
2017-05-08,0.18837398838095146,0.14868514262552524,0.1034391634711086,0.0,0.0,0.2903002954032282,0.26920141011918663,0.0,0.0,0.0,0.0,0.0
2017-05-09,0.15758171407040966,0.12073164981292434,0.0856961091407754,0.0,0.0,0.2435505267982041,0.22282351793900232,0.0,0.0,0.0,0.0,0.1696164822386842
2017-05-10,0.15858702965097513,0.12066731259480783,0.08519907940574238,0.0,0.0,0.24430614321747962,0.2233301599697171,0.0,0.0,0.0,0.0,0.16791027516127785
2017-05-11,0.16029631574062925,0.12102102631653702,0.08500964725492721,0.0,0.0,0.2443790935939086,0.22071083137823475,0.0,0.0,0.0,0.0,0.16858308571576305
2017-05-12,0.11890598959329612,0.0894168736952367,0.06290036066750582,0.25811503954417475,0.0,0.18218483027223348,0.1633496159759095,0.0,0.0,0.0,0.0,0.12512729025164368
2017-05-15,0.13823882857991904,0.10278145756752836,0.07287582535502148,0.2922347900329478,0.0,0.20560093872561755,0.18826815973896574,0.0,0.0,0.0,0.0,0.0
2017-05-16,0.13669305550486208,0.1024147712689976,0.07233272329017475,0.29405678987246764,0.0,0.20672393152395016,0.18777872853954783,0.0,0.0,0.0,0.0,0.0
2017-05-17,0.12425752819035153,0.09291640597756483,0.06601840117188532,0.26896707482257853,0.0,0.18867640880119876,0.1706223935796858,0.0885417874567352,0.0,0.0,0.0,0.0
2017-05-18,0.12699014370084158,0.10255684822564341,0.07352184456575854,0.2940894548681201,0.0,0.20931804601076784,0.19352366262886855,0.0,0.0,0.0,0.0,0.0
2017-05-19,0.11591124112719327,0.09412121143258298,0.06520878229106836,0.269530962181935,0.0,0.19199747844801265,0.17743321698679057,0.08579710753241712,0.0,0.0,0.0,0.0
2017-05-22,0.10584902317671925,0.08509859501947697,0.057738095734625704,0.2504298309675707,0.0,0.17853210790674742,0.16399006782783035,0.08021449886838627,0.0,0.0,0.0781477804986433,0.0
2017-05-23,0.10397317536363729,0.08565727728894516,0.05812466584037991,0.25336081231191265,0.0,0.18039412123011808,0.16129342479878334,0.07974509357218339,0.0,0.0,0.07745142959404015,0.0
2017-05-24,0.10396770010104353,0.08568978501397241,0.05827587965917595,0.2533508474744794,0.0,0.17971788862072208,0.1615104606644504,0.07953385278792285,0.0,0.0,0.07795358567823345,0.0
2017-05-25,0.10426212521492804,0.08594685357968279,0.0590542929862197,0.25253779948726696,0.0,0.17963760828693712,0.1615599430484642,0.07939755132933843,0.0,0.0,0.07760382606716279,0.0
2017-05-26,0.10730689053515946,0.08486051931275344,0.05845939122168595,0.25756703889763377,0.0,0.18139947682034366,0.15804279513321776,0.07700347070413228,0.0,0.0,0.07536041737507362,0.0
2017-05-30,0.10791600545257098,0.08486215219241354,0.060314401349263524,0.25716017045771344,0.0,0.18016853042406536,0.15783608525526466,0.07749419526928975,0.0,0.0,0.07424845959941874,0.0
2017-05-31,0.09945333167926798,0.07852255835219644,0.055552047145435116,0.23588247573506765,0.08014178517499866,0.16554204201616798,0.14546799259440946,0.07126821844877017,0.0,0.0,0.06816954885368648,0.0
2017-06-01,0.09946046147003457,0.07859150562457147,0.054786670661379266,0.23504844382256704,0.08039221599601443,0.16571442249439336,0.14634467437825152,0.07154752201804596,0.0,0.0,0.0681140835347423,0.0
2017-06-02,0.09663659845353868,0.07768403475110812,0.053835071443901227,0.2334408712117658,0.07977578424834166,0.1694841385943306,0.1500465523678869,0.07184319102267826,0.0,0.0,0.0672537579064487,0.0
2017-06-05,0.0957462689372838,0.07595539523359919,0.05406327480266532,0.23136215288532486,0.07760828775362853,0.1676347959657464,0.15636071077813668,0.07133127412385769,0.0,0.0,0.06993783951975735,0.0
2017-06-06,0.09013604511464139,0.07072926955386284,0.05144769380971036,0.22213776020225753,0.0736392423899441,0.16273466142007678,0.14854032428889313,0.06772136845874943,0.043916681389711616,0.0,0.06899695337215264,0.0
2017-06-07,0.09435699173107157,0.07465720422157855,0.05455781171067305,0.23229035952999327,0.07698799468367622,0.17034269590976497,0.15516352550088827,0.06953133617196673,0.0,0.0,0.07211208054038747,0.0
2017-06-08,0.0939852825563165,0.0746477809166391,0.05543087164728269,0.23256088876558323,0.0771448182299076,0.17259748695679863,0.15359487754351342,0.06873993886110343,0.0,0.0,0.07129805452285545,0.0
2017-06-09,0.09454158522451128,0.0758693360823547,0.05558040900597971,0.2310688689758613,0.07700538915869293,0.17098945329114493,0.15543823329440914,0.06843211106340236,0.0,0.0,0.07107461390364363,0.0
2017-06-12,0.08879946258470486,0.07207940945976352,0.05499503022312734,0.22618233029352217,0.07278222447966551,0.17007736914939833,0.17882001876496947,0.06563708474530451,0.0,0.0,0.0706270702995444,0.0
2017-06-13,0.08857239153579016,0.0715529441536891,0.054648905467199894,0.2263732447170501,0.07313108800307867,0.17033517097806017,0.18077419945169904,0.06545077492208995,0.0,0.0,0.06916128077134288,0.0
2017-06-14,0.08792831577212414,0.07067605721274399,0.05449119655306044,0.22788284359462396,0.0735837572718926,0.17076004314078694,0.17999503642113354,0.06539250023079594,0.0,0.0,0.06929024980283835,0.0
2017-06-15,0.08910571102317072,0.07176645127630857,0.056248548983474055,0.22695537525361895,0.07078608651826873,0.1645724622619306,0.18429493723814694,0.06601184273366784,0.0,0.0,0.07025858471141348,0.0
2017-06-16,0.09408855899511973,0.06855375455098531,0.05524037399958756,0.22335448176815437,0.07017387664286392,0.15994782742541125,0.19426265439502832,0.06543847288632604,0.0,0.0,0.06893999933652357,0.0
2017-06-19,0.09417845929442309,0.06765676846485398,0.055369954971526136,0.2238877999910562,0.07031007824844068,0.16073094825249531,0.193597403664209,0.06550429114222153,0.0,0.0,0.06876429597077381,0.0
2017-06-20,0.09905756490109932,0.07280122455196594,0.058886168967318596,0.23953082958445532,0.07578189617110086,0.17284081855004194,0.20615299441715282,0.0,0.0,0.0,0.07494850285686516,0.0
2017-06-21,0.0912807395484163,0.06737279360948435,0.054417069785354204,0.22588655671403593,0.07045256941525026,0.16249365209971273,0.1917488348139265,0.06574881457760347,0.0,0.0,0.07059896943621613,0.0
2017-06-22,0.09196067910708296,0.06777197662468949,0.05484734206979384,0.22989725978497275,0.07112253276191693,0.16408064770859088,0.18112144726523838,0.06652955899496389,0.0,0.0,0.07266855568275081,0.0
2017-06-23,0.09219586658578065,0.0669333796918345,0.05387473249862736,0.23060705773816728,0.0710645423750078,0.16314143669655964,0.18482635846558756,0.06556457000657934,0.0,0.0,0.07179205594185578,0.0
2017-06-26,0.09212553197959951,0.06686611004966041,0.05367853369565477,0.2326814166699234,0.07142862450849442,0.16461096054369065,0.18119478468140854,0.06534211976092144,0.0,0.0,0.0720719181106469,0.0
2017-06-27,0.09135358214524028,0.06641588350278797,0.05277126357159292,0.23299665764118063,0.07209334937516519,0.16482871292640666,0.18483827570190328,0.06420448944617813,0.0,0.0,0.07049778568954496,0.0
2017-06-28,0.09096682522578553,0.06809256487796449,0.0532968514175685,0.23144360458221944,0.07124747414917738,0.16282494142437554,0.1854676022446554,0.06561069165608555,0.0,0.0,0.07104944442216825,0.0
2017-06-29,0.08813614428900676,0.06694064005325949,0.05283079384099651,0.23788477252633206,0.07213829578162231,0.1654106410749438,0.18028622424220372,0.0656577135955422,0.0,0.0,0.07071477459609311,0.0
2017-06-30,0.08649446935315358,0.06615807733393958,0.05226765235146836,0.23915607080942858,0.07235205321203944,0.16719460628797508,0.18062472101432606,0.06638201815078243,0.0,0.0,0.0693703314868868,0.0
2017-07-03,0.09312557160871716,0.07158765902332805,0.05605690504572279,0.2554379997972316,0.07753608023768012,0.17905188661736277,0.19278407878719628,0.0,0.0,0.0,0.07441981888276113,0.0
2017-07-05,0.09387938793256888,0.07199222971591306,0.056309206290061004,0.2544530118777276,0.07785047144593411,0.1786759711373461,0.19413060774385626,0.0,0.0,0.0,0.07270911385659302,0.0
2017-07-06,0.09360207897445856,0.07181918414986341,0.05614406562220197,0.25775219028047797,0.07806132142104152,0.1798362352741823,0.19338635650891015,0.0,0.0,0.0,0.06939856776886408,0.0
2017-07-07,0.09194260465142837,0.07255926101989725,0.0559792526966304,0.2595150280747968,0.07809763311898933,0.18099264521136418,0.19447444294125482,0.0,0.0,0.0,0.06643913228563866,0.0
2017-07-10,0.08991781765864525,0.0719584331891518,0.05543191608096181,0.26192455389915814,0.07813231446620945,0.18332879142023908,0.19339470789751362,0.0,0.0,0.0,0.06591146538812097,0.0
2017-07-11,0.0902334382170357,0.07161663579106131,0.05474673737803827,0.26392057899939947,0.07827849274787814,0.18426647246017688,0.19223817896720596,0.0,0.0,0.0,0.06469946543920423,0.0
2017-07-12,0.09137911739025133,0.07215341944584963,0.05433223102232908,0.26317976636692686,0.07801579433484093,0.18387180972928674,0.1926608887291568,0.0,0.0,0.0,0.06440697298135861,0.0
2017-07-13,0.09394162006140865,0.07329559790877295,0.053825783779973976,0.2623359835691943,0.07890310611929059,0.18449266937917347,0.18753369244965615,0.0,0.0,0.0,0.06567154673252967,0.0
2017-07-14,0.0922137071051816,0.07210051038745528,0.053808751894846886,0.267181790246085,0.07975314176254254,0.18750558601246228,0.183223616985744,0.0,0.0,0.0,0.06421289560568263,0.0
2017-07-17,0.09187028126421434,0.07201530498531239,0.05339498976362979,0.26831184042749373,0.08027615209553192,0.1891858784972513,0.1819065855209877,0.0,0.0,0.0,0.0630389674455788,0.0
2017-07-18,0.08694476437948835,0.06730772718652796,0.04999217347013952,0.25112725177133205,0.07469062305904273,0.176369512349126,0.17093853687619254,0.06479385965228714,0.0,0.0,0.057835551255863635,0.0
2017-07-19,0.08825171333795366,0.06790569181197072,0.050441047006178644,0.249731074306943,0.07385620768045731,0.17383871103830473,0.1728063793445252,0.0647436669595974,0.0,0.0,0.05842550851406935,0.0
2017-07-20,0.08908767208387958,0.07715421806210611,0.049994159642592614,0.24597117917998024,0.07268944672895955,0.17046828315276194,0.17314681058016437,0.06376514161410338,0.0,0.0,0.057723088955452286,0.0
2017-07-21,0.08808792643300802,0.07611977663963874,0.04918911875989338,0.2505008975998665,0.07425270427577235,0.17188939807357806,0.16992984720205304,0.06362747867952415,0.0,0.0,0.05640285233666562,0.0
2017-07-24,0.08812629872723327,0.07595371561003458,0.04937308389818869,0.24973734033527634,0.07455269683493597,0.17216196133086614,0.17013247351415456,0.06295969597139782,0.0,0.0,0.05700273377791261,0.0
2017-07-25,0.08827167785623366,0.07578849031873934,0.049510086046908305,0.24951334861212207,0.07427363833537112,0.17179290194902666,0.17044707167751313,0.06325212784045692,0.0,0.0,0.05715065736362873,0.0
2017-07-26,0.09038269965948231,0.07752563130514611,0.05047108361247126,0.2456341949712109,0.07217314081468203,0.16532152924179305,0.17426387375429614,0.06464506194743162,0.0,0.0,0.059582784693486705,0.0
2017-07-27,0.09001954483878177,0.07671001850954788,0.05002950087689842,0.2478671232180284,0.07326792131534263,0.16542100959624453,0.173033201487698,0.06451151916287622,0.0,0.0,0.05914016099458227,0.0
2017-07-28,0.09010050646473307,0.07704194109139251,0.05002752113807553,0.2473377698403329,0.07329952145704574,0.16524900284936103,0.17301780101146472,0.06462955541779182,0.0,0.0,0.059296380729802485,0.0
2017-07-31,0.08993773635231521,0.0771001834881073,0.050339782469686095,0.24540405231695167,0.07253170537895874,0.16397860627821811,0.1727669416953046,0.06668390911500087,0.0,0.0,0.061257082905457304,0.0
2017-08-01,0.08839609374910584,0.07759467462300232,0.05059975298930524,0.24180796431721216,0.07188002690646628,0.16251952981243628,0.17925901695885485,0.06734521517171099,0.0,0.0,0.06059772547190614,0.0
2017-08-02,0.08903739328469121,0.08010398551393803,0.051086170968897025,0.2380435847419867,0.07131288865769589,0.16089874116024794,0.18034247690638155,0.06759127577093099,0.0,0.0,0.06158348299523067,0.0
2017-08-03,0.08857487485755093,0.08159500051870684,0.05082879475792324,0.2395656464618024,0.07164660061691519,0.16022449888538307,0.17952024168403832,0.06723627666578186,0.0,0.0,0.06080806555189827,0.0
2017-08-04,0.08871677119049809,0.08219680019788406,0.05169242279962836,0.23825072448129392,0.07013367547121764,0.160631234556573,0.17883166397656175,0.06817601572450016,0.0,0.0,0.06137069160184304,0.0
2017-08-07,0.08902054826663416,0.08248717476438813,0.05204244971246749,0.23638286772427322,0.0688904071162137,0.15719179794396346,0.18458507567350277,0.06724586934723438,0.0,0.0,0.06215380945132273,0.0
2017-08-08,0.08917640201626263,0.08276818244213205,0.05178638439145618,0.23622432192416165,0.06885095504094967,0.15707685497712626,0.1842817184091877,0.06735322700513202,0.0,0.0,0.062481953793591824,0.0
2017-08-09,0.08900203289106765,0.08227421337428895,0.05183000702176936,0.2439853948777761,0.06936425192386085,0.1560552278619019,0.17777244426017524,0.06733723811342977,0.0,0.0,0.0623791896757301,0.0
2017-08-10,0.09035084506768346,0.08308603841612608,0.0519245929291246,0.24506790109163554,0.0694877703725938,0.15675376094909202,0.17513439020116928,0.06563666817989502,0.0,0.0,0.06255803279268014,0.0
2017-08-11,0.08543528946963785,0.08031332291408354,0.049326826800593415,0.25237699473269826,0.07050874708797489,0.1613437900475189,0.169480645391041,0.06699031096716494,0.0,0.0,0.06422407258928728,0.0
2017-08-14,0.09262655101975253,0.07923998224534097,0.048408224738011846,0.258807927214849,0.06996175950318591,0.15896829774573323,0.16395934867447742,0.06782850130470644,0.0,0.0,0.060199407553942645,0.0
2017-08-15,0.09056321029141982,0.07895293447428219,0.05054508657349783,0.262017692210077,0.07019382716573043,0.1607240820246564,0.1598929619334923,0.0689554309627719,0.0,0.0,0.05815477436407218,0.0
2017-08-16,0.09148826133127708,0.08212481724474367,0.05345275021637398,0.2582787578194168,0.06952513026396319,0.15955553833691674,0.15972136755736038,0.06785039934596898,0.0,0.0,0.0580029778839793,0.0
2017-08-17,0.09254376461297485,0.08150510458278064,0.05287984370683054,0.25691188385745095,0.06969759550233705,0.15870252809483407,0.1621642130934249,0.0674375550333809,0.0,0.0,0.05815751151598601,0.0
2017-08-18,0.08447203206940884,0.07907894700841103,0.05224772487899545,0.264004275334746,0.07096076905947166,0.16383196760989813,0.15777197135703322,0.06896767428516079,0.0,0.0,0.05866463839687495,0.0
2017-08-21,0.08436200321082357,0.07879059622896349,0.05179261060982783,0.2652073787921959,0.07131304133204437,0.16374952119929698,0.1576509039170081,0.06900174480226176,0.0,0.0,0.05813219990757821,0.0
2017-08-22,0.08514042287741187,0.07888280373791952,0.05191446281040505,0.2653204151017878,0.07133676932216496,0.16365782378961255,0.1577706643111056,0.06893310925629238,0.0,0.0,0.05704352879330031,0.0
2017-08-23,0.08254327105330135,0.07922974858747692,0.05160735279808893,0.26648972301230045,0.07153682604442362,0.16460953187951718,0.15568495157088602,0.07035385453909283,0.0,0.0,0.057944740514912656,0.0
2017-08-24,0.08247605266412686,0.0796130628752023,0.052034887488021875,0.266243343238989,0.07145153982349735,0.16337254894101302,0.15650463211162782,0.07066706416184315,0.0,0.0,0.05763686869567852,0.0
2017-08-25,0.08250610737905457,0.0796623038129995,0.052769360772671206,0.2656172698819343,0.07138694140122893,0.1629491116497229,0.15654844682913313,0.07089543796276444,0.0,0.0,0.05766502031049111,0.0
2017-08-28,0.08104326821672522,0.07684765846558513,0.05103598896672013,0.2558004627739251,0.06852965848984412,0.15597720976111396,0.15169679998075894,0.06806099139519822,0.035446427791032686,0.0,0.0555615341590966,0.0
2017-08-29,0.08005157510087486,0.07867893082145536,0.05014874794027126,0.2613446483296947,0.06986836485549655,0.1577908219037763,0.14932632098599408,0.06386965491036366,0.03388334882440126,0.0,0.05503758632767216,0.0
2017-08-30,0.07970480412220256,0.07875451414706601,0.04991269573075696,0.2614302144506742,0.0702769499599556,0.15918836802924,0.14854241138128485,0.06350478045528501,0.03370304515153052,0.0,0.05498221657200428,0.0
2017-08-31,0.07890582692023336,0.07841306622341786,0.04957687759109632,0.26317856689322155,0.07030487514715733,0.1597325224540047,0.14677952149572812,0.06493066642844639,0.03360159696468457,0.0,0.05457647988200966,0.0
2017-09-01,0.07831363991248147,0.07715725224895263,0.04979275647419741,0.264449849457286,0.07097631392470156,0.16027408239182958,0.14700778081024057,0.06360561844205032,0.03350920995563866,0.0,0.05491349638262196,0.0
2017-09-05,0.07894442507504863,0.07791027089929069,0.050107252552468395,0.26182859646722656,0.0704174304708098,0.15838783303067785,0.14819214690883672,0.0648910451652536,0.03395997067472481,0.0,0.0553610287556629,0.0
2017-09-06,0.07978768148724924,0.0793121246842695,0.050676516045935406,0.2556566640083783,0.06815872516494804,0.15572127940165073,0.15150633186437476,0.06668432455553626,0.0351350992852339,0.0,0.05736125350242371,0.0
2017-09-07,0.07990014302666591,0.0792654064975199,0.05103865605804968,0.25533321076769994,0.06770891776421556,0.15347187727413739,0.15253580920202475,0.06650782230012198,0.035862583182736225,0.0,0.05837557392682851,0.0
2017-09-08,0.08124338801661096,0.07981340934807479,0.05135169663480264,0.2534095199197133,0.06685726008014266,0.15257213698574446,0.1545275049563176,0.0657489696785694,0.03591866267276843,0.0,0.05855745170725597,0.0
2017-09-11,0.08008963975352636,0.07871164206878171,0.05018162158614123,0.2558874962364448,0.069479819957089,0.15690714593501948,0.15031093504019655,0.06537456638515225,0.03532564767985791,0.0,0.057731485357790706,0.0
2017-09-12,0.07846120550668531,0.08176990885214801,0.05089384728942204,0.2525864896192365,0.06783854580988635,0.158259213173408,0.15353533417406487,0.06343355173009026,0.03528996165382684,0.0,0.05793194219123182,0.0
2017-09-13,0.07841518504060842,0.08356935549182577,0.05094365950105561,0.25121632409620365,0.06753399200672523,0.15838221306630737,0.15433628928941612,0.0635237550908512,0.035384206886229314,0.0,0.056695019530777414,0.0
2017-09-14,0.07976912258335511,0.08251058607066997,0.050922198034947755,0.2511400440277056,0.06706925715418902,0.15796323937776946,0.15541591684198858,0.0633316334746224,0.03544942268610967,0.0,0.05642857974864223,0.0
2017-09-15,0.08043623037946612,0.08405777726946505,0.05159709337117082,0.25041297738441837,0.0674660149011964,0.1562762999225712,0.15652654167529573,0.06273469687976303,0.035137136339887305,0.0,0.05535523187676606,0.0
2017-09-18,0.07982598460134897,0.08355103218580184,0.05107874417493419,0.2484657158888022,0.06702167861507932,0.15502670228917825,0.16356115694020487,0.061826847085286754,0.034678209000541194,0.0,0.054963929218822524,0.0
2017-09-19,0.07993436211270709,0.08372943804659579,0.051236016335371656,0.24880307824920872,0.0666932204913398,0.15516985467345912,0.1651247641402822,0.06070939959212056,0.03381972516326787,0.0,0.05478014119564726,0.0
2017-09-20,0.082509203956733,0.08601416089894201,0.05298051429827807,0.25647496285476945,0.0687468663848279,0.16014123352385756,0.17411282670811365,0.06279680093556124,0.0,0.0,0.05622343043891719,0.0
2017-09-21,0.08239673929452897,0.08562967300110359,0.05311787546827806,0.25610265207975436,0.06889864594511372,0.16019234970770097,0.17417703004330592,0.06293267261523972,0.0,0.0,0.0565523618449748,0.0
2017-09-22,0.08258974279259097,0.083654952562634,0.05339490234180358,0.2591522866111323,0.06941662945831144,0.16155582147274727,0.1732052657099332,0.06092481814350845,0.0,0.0,0.056105580907338644,0.0
2017-09-25,0.07959186522542978,0.0803193049600229,0.05000776209267344,0.24294094060125687,0.0652067856592012,0.15151993083822635,0.1664199109616047,0.057003099972283464,0.03195186523856173,0.02275717023474536,0.0522813642159943,0.0
2017-09-26,0.08445909250178428,0.08493553897003515,0.05033271740566313,0.24886446110457353,0.06766000350926946,0.1552860393946624,0.17317720205914308,0.05785715460103066,0.0,0.022821794756866593,0.054605995696971804,0.0
2017-09-27,0.08436234636948381,0.0844855843284208,0.05020599911532936,0.250040974950791,0.06758072063434413,0.15522155193796205,0.17393385040202472,0.05633069151137238,0.0,0.02335275853703655,0.054485522213235243,0.0
2017-09-28,0.08471664427349417,0.08530726096699723,0.050609529462854505,0.24706339234267813,0.06444081072522372,0.15410882666653777,0.17551800549019847,0.05888601211007147,0.0,0.023632446369118734,0.0557170715928257,0.0
2017-09-29,0.08452382633905693,0.08491291222030738,0.05048562359550678,0.24637464567764436,0.06408372212858435,0.1536988497269752,0.17526559758606572,0.058773979344694326,0.0,0.02478482679469892,0.05709601658646581,0.0
2017-10-02,0.08862310291849346,0.08579750216608463,0.05151175837032834,0.25166199935665673,0.0657305927553824,0.15676446691786125,0.1789949201098933,0.05892858765410946,0.0,0.0,0.06198706975119039,0.0
2017-10-03,0.08915199579929343,0.08545526837155439,0.051351979540358944,0.2510290222929494,0.06610729039508811,0.15650232594869098,0.17875200190674542,0.059526231678524194,0.0,0.0,0.0621238840667952,0.0
2017-10-04,0.08918585011716997,0.08542829819610605,0.05035428992552533,0.2510267698756104,0.06619901746665356,0.15628788918854114,0.1784759303238484,0.05960354031248686,0.0,0.0,0.06343841459405825,0.0
2017-10-05,0.08929576445752609,0.08524458926305192,0.05066975815420177,0.2513751924350994,0.06624366347247516,0.15614901191360858,0.17825274737288097,0.05956954987217403,0.0,0.0,0.0631997230589821,0.0
2017-10-06,0.08735617279920947,0.08443904661223868,0.051336309290175956,0.25106658397720827,0.06472109096483153,0.1545894040345374,0.18587065489662974,0.05744417446566346,0.0,0.0,0.06317656295950541,0.0
2017-10-09,0.08735650369431262,0.08465695710165586,0.051212096322985866,0.2504355248720986,0.06534651942711021,0.15541109712174905,0.18509577980180775,0.05740823594868042,0.0,0.0,0.06307728570959967,0.0
2017-10-10,0.08715095594662876,0.08557909435547789,0.05195242841351877,0.2479496600922785,0.06476140364416647,0.15524828929838816,0.186452949023326,0.05701121994765826,0.0,0.0,0.06389399927855717,0.0
2017-10-11,0.08237657546972492,0.07853473771742234,0.04879376146263368,0.23481947443720125,0.061375860114909135,0.14702547094198962,0.1763741478340978,0.054077608815243663,0.03332337169014774,0.021991129823177056,0.0613078616934527,0.0
2017-10-12,0.08343173840265632,0.07946948785078649,0.04936851218062977,0.2423059753517313,0.06333939205510483,0.15277642665675714,0.17817854637523756,0.05515546573346177,0.03392412109011774,0.0,0.06205033430351699,0.0
2017-10-13,0.08224375231156568,0.07804388923972935,0.04865935565483614,0.23578114292606545,0.06163734508400279,0.14938963790254675,0.17445610312475598,0.0539263369476784,0.03316243122547099,0.021810783797327763,0.060889221786020686,0.0
2017-10-16,0.08304503889438902,0.07851805741091282,0.04866709791927013,0.23320545599278966,0.061570805403848856,0.14771725639573347,0.17621610854123065,0.05396022559884908,0.03332104898044185,0.02197922295260284,0.06179968190993156,0.0
2017-10-17,0.08569450516350113,0.08161040955763431,0.050178194669984896,0.24172476169154425,0.0637395157261053,0.15281868178435032,0.18193632555061917,0.055709385947613016,0.0,0.023311868440479385,0.06327635146816822,0.0
2017-10-18,0.0857039967188534,0.08161565501831916,0.04988504296708558,0.24237213905244498,0.06397794533614917,0.15313066608338766,0.1813752654757269,0.05511493715345357,0.0,0.023494984274367157,0.06332936792021236,0.0
2017-10-19,0.08128927344157633,0.07716330176803261,0.04732932719052395,0.23930737016994644,0.06275855287775751,0.1531621612875579,0.17155149732316022,0.05216138028066903,0.032261781847014497,0.02305014509718479,0.05996520871657664,0.0
2017-10-20,0.08340875313553574,0.08000931629814215,0.048237746622273196,0.24845844492102412,0.06438108252176929,0.15930465703527807,0.17664150032205572,0.053813669133573244,0.0,0.023671545809178907,0.06207328420116959,0.0
2017-10-23,0.08354618075564486,0.08095122527856796,0.04895692432746633,0.244187794784302,0.06340257350208929,0.16049154765391907,0.1784916273284144,0.05388032966657311,0.0,0.023936984606172912,0.06215481209685013,0.0
2017-10-24,0.0826156757942303,0.08043755230242815,0.048218673898709624,0.24608777616041427,0.06372619982642332,0.16152769771104386,0.17732455880780842,0.05425447411614033,0.0,0.023958542950482244,0.06184884843231951,0.0
2017-10-25,0.08325402870467263,0.08108174890037113,0.048574103866104695,0.24365363507261348,0.06354232578618589,0.16085431898078079,0.17864701012305814,0.054489679120009696,0.0,0.024123436956580563,0.06177971248962279,0.0
2017-10-26,0.08706031443084644,0.0861289490345507,0.05143915804335792,0.2656018859979322,0.06783411853796038,0.17206285907581026,0.18623958940549887,0.05774733426835231,0.0,0.02588579120569098,0.0,0.0
2017-10-27,0.0818158081968213,0.08094419853736086,0.04794195226588509,0.24897097008055094,0.06359989241377272,0.16242933151151515,0.1744468024439906,0.05357993869138089,0.0,0.024289435895103167,0.06198166996361935,0.0
2017-10-30,0.08062915304756664,0.08134741628877558,0.047076859790807064,0.2497433369034741,0.06516318113053073,0.1615671824181365,0.1746016008506804,0.05372778240372826,0.0,0.024046895693051525,0.062096591473249155,0.0
2017-10-31,0.08028696606411123,0.0815587528192066,0.04696553282635879,0.245955979004747,0.06496755169437313,0.1637660036470811,0.17521445329138174,0.05455139568111099,0.0,0.02422045786385921,0.06251290710777029,0.0
2017-11-01,0.08045357547069348,0.0812324320150515,0.04680019644516553,0.24597011279051056,0.06510625430439913,0.1633774805176859,0.17565210523818076,0.054502074830604916,0.0,0.02426578355213805,0.06263998483557036,0.0
2017-11-02,0.07952452159726538,0.08117853057609017,0.045945905438914116,0.24286032279717218,0.0639859866871329,0.1676392450531296,0.17974265952845878,0.053603230199513574,0.0,0.023896614219281073,0.06162298390304211,0.0
2017-11-03,0.07885646936874038,0.08047498155967917,0.046203541982204215,0.24123286635969968,0.06361027981641479,0.16632436562513833,0.18471549478251567,0.05467065704302098,0.0,0.023699667095325738,0.06021167636726103,0.0
2017-11-06,0.08079730090568278,0.08279672481971805,0.04682739216690299,0.2231094376659838,0.05987029297069188,0.15358435059992392,0.1917760308158785,0.05089755721799597,0.03176592477038258,0.022252726815246766,0.05632226125159279,0.0
2017-11-07,0.08345487534558525,0.08587132808816456,0.047584166976523755,0.23031640998804584,0.0616055745230425,0.15939854384644947,0.19915903741583132,0.0520222504020732,0.0,0.022370033325212386,0.058217780089071726,0.0
2017-11-08,0.08537847802580827,0.08518862572905143,0.04684425935224263,0.22620147652767372,0.060651556669138955,0.1563191975256282,0.2049542303971084,0.05142678139424359,0.0,0.022694445899079253,0.06034094848002563,0.0
2017-11-09,0.0863502850721035,0.08596262111728192,0.047268758037907276,0.23040618714149042,0.061570885415364575,0.15792161549176062,0.19428564958395964,0.052516504707137784,0.0,0.02286033663899469,0.06085715679399959,0.0
2017-11-10,0.08635795202493843,0.08607202537617799,0.048048492229097066,0.23531372302728815,0.06229910167309003,0.15938475145791392,0.1837363014242905,0.053509387226173814,0.0,0.023541305121011078,0.06173696044001911,0.0
2017-11-13,0.101699203720327,0.09160642840842542,0.0486799237751924,0.21943281481249088,0.05853997401139062,0.14805605911516306,0.19502954396022806,0.0522446248940227,0.0,0.023141754378403493,0.06156967292435639,0.0
2017-11-14,0.10190046364092628,0.09009211764660584,0.0489103795428959,0.21890816207775302,0.05824524836939034,0.14762621889114488,0.19494066914862912,0.052046179370118746,0.0,0.024173171650987695,0.06315738966154823,0.0
2017-11-15,0.10190896314267826,0.09087557874378174,0.0489211571713665,0.22053716786668465,0.05817109544156888,0.14947482455336455,0.18719466379876606,0.05264596830605645,0.0,0.024640404233610063,0.06563017674212278,0.0
2017-11-16,0.10619215462805856,0.08988220032158685,0.04941297150489216,0.21730986015714956,0.05647369720522812,0.144893190852981,0.19537306330152504,0.05263218087677693,0.0,0.024520068849022376,0.06331061230277932,0.0
2017-11-17,0.10375096400015428,0.08766600608811308,0.04653304856537617,0.2222887762798372,0.056508135978421824,0.1490505592725959,0.15796738153159473,0.053210555596723746,0.03374933276356129,0.024788587142670272,0.06448665278095166,0.0
2017-11-20,0.10723271125505078,0.09042533766612706,0.04817570410454854,0.230816981290537,0.058032528206211194,0.15520793165695013,0.16422753537179874,0.053665272477321814,0.0,0.02554229318045576,0.06667370479099893,0.0
2017-11-21,0.10703296695118315,0.09158220120456834,0.04808707004273352,0.23038025584296273,0.058063475775425484,0.15611047269436706,0.16467898771929687,0.05202240546155405,0.0,0.02538228793633196,0.06665987637157673,0.0
2017-11-22,0.10534814540040252,0.08977086177674529,0.04740016114302736,0.23121668773101728,0.05834115421979568,0.15442430655283682,0.1646251750390233,0.055159788120382844,0.0,0.026260767881785864,0.06745295213498322,0.0
2017-11-24,0.10553865850001214,0.0911810708947098,0.04767580620837335,0.2315421907579371,0.05862028050563568,0.15173540468775065,0.16533184784349575,0.054431704920570936,0.0,0.026273946221213994,0.06766908946030051,0.0
2017-11-27,0.10645024543389937,0.08873234323530438,0.04757035146213,0.2313936785277349,0.058477541228021984,0.15136696814444783,0.16724363321028612,0.05433974290883991,0.0,0.026241007899816732,0.0681844879495186,0.0
2017-11-28,0.10806895341412313,0.08843993498381034,0.045715769751700684,0.232274032764424,0.0583833056358932,0.15141083388687632,0.16579035811765291,0.05559162221434457,0.0,0.026296816821634036,0.06802837240954089,0.0
2017-11-29,0.10159057047826607,0.08743044427774872,0.04577097778609482,0.23711617117265837,0.059263863117696304,0.155325211300794,0.16345997176648314,0.05573028394890322,0.0,0.026313976538109754,0.06799852961324566,0.0
2017-11-30,0.10374455654740121,0.08654894949670895,0.04396147922287313,0.2413432916745784,0.059988685803735765,0.1566677584809204,0.15999022191752152,0.05541693004720487,0.0,0.026056776069992255,0.06628135073906345,0.0
2017-12-01,0.09986137777978138,0.08801640437877672,0.04340221200760205,0.24015363895612515,0.060441675450878016,0.16006751733678218,0.16031705000418456,0.055109353428014415,0.0,0.02619738909162921,0.06643338156622627,0.0
2017-12-04,0.09909425300976228,0.08971068916714675,0.04342935095364183,0.23764740651489244,0.05914641650793863,0.16154815326902064,0.16009370904650114,0.05633555068920362,0.0,0.025895646197634476,0.06709882464425816,0.0
2017-12-05,0.10428912912202558,0.09350620410804943,0.04600398812486898,0.2513389787866674,0.06230776826463266,0.17226845357606996,0.1719377016490979,0.0,0.0,0.028293331447216782,0.07005444492137144,0.0
2017-12-06,0.10729807742388968,0.09398881694396578,0.04603728030002234,0.25177133161332577,0.06274714322318485,0.17061008673809014,0.17100275222977454,0.0,0.0,0.02769258811741379,0.06885192341033322,0.0
2017-12-07,0.10747138570296894,0.09389149130866643,0.044740995837892504,0.25231623736275277,0.06290796663935352,0.16975198342227332,0.1707569113894295,0.0,0.0,0.026251941759701664,0.07191108657696121,0.0
2017-12-08,0.10718804655153169,0.09562599676315393,0.04491164148527036,0.25185082309803325,0.0621672045336734,0.1687955444657383,0.17089464725575704,0.0,0.0,0.026583136884115278,0.07198295896272691,0.0
2017-12-11,0.10579649410231919,0.09438114318191215,0.0441769345514818,0.2522250413208435,0.06248028798668832,0.17005330444248182,0.17129311519515783,0.0,0.0,0.02643700049830235,0.073156678720813,0.0
2017-12-12,0.10553590918760564,0.09416252913725771,0.04425005473931082,0.2521947710870221,0.062424662699432094,0.17014228930621347,0.17160426349597713,0.0,0.0,0.02640427015590393,0.07328125019127711,0.0
2017-12-13,0.10553776853322754,0.09412395153675379,0.04401684824564877,0.25207869799500104,0.06297705600750304,0.17023708902203427,0.17152571488880608,0.0,0.0,0.026107444560203585,0.07339542921082184,0.0
2017-12-14,0.10665034846683974,0.095599059987566,0.04374117110916022,0.24686126951111212,0.06292749834997312,0.16863927323839403,0.17377610924247233,0.0,0.0,0.026322302557951968,0.07548296753653053,0.0
2017-12-15,0.10508113567883808,0.09438424304494987,0.04375604179732404,0.2487587846415981,0.06297109116020515,0.16930096695901195,0.17312122660209245,0.0,0.0,0.026535231911273004,0.07609127820470753,0.0
2017-12-18,0.10261570308254336,0.09502653168884728,0.043884802368433444,0.24963364924292392,0.06301653760419142,0.16948123449486233,0.17423713752383801,0.0,0.0,0.026626866617163618,0.07547753737719654,0.0
2017-12-19,0.10225154545385112,0.08995081532748249,0.04402258572336309,0.25165236831474386,0.06251585644620682,0.16891707956627708,0.17659726435467493,0.0,0.0,0.02698263781314472,0.07710984700025589,0.0
2017-12-20,0.1031133872966487,0.09268414544246012,0.04647136707133748,0.25337152369189764,0.06165548505521224,0.1676792602572422,0.1785415805813872,0.0,0.0,0.028578287487779748,0.06790496311603471,0.0
2017-12-21,0.11139671893091134,0.1004474353674068,0.050373320062920224,0.2690325229304345,0.06496095519055917,0.17925297105934818,0.19359881752209973,0.0,0.0,0.030937258936320003,0.0,0.0
2017-12-22,0.09649166677054977,0.08624216128380258,0.04337514928497524,0.23886576110594368,0.05859783264583614,0.1569248245489171,0.16667030002515318,0.06393344774821286,0.0,0.02668535025422961,0.06221350633237992,0.0
2017-12-26,0.0964247243939548,0.08631998226123662,0.04310385184476227,0.2388347914176969,0.0587609936665012,0.1574556394218858,0.16649141471968998,0.06351647470123829,0.0,0.026853702637793974,0.062238424935240136,0.0
2017-12-27,0.09641219728930053,0.08756354270771585,0.04372480128308461,0.2387961956302026,0.05870279534038345,0.15719926156202424,0.16644120805356763,0.06310982769054276,0.0,0.026169502968265774,0.061880667474912596,0.0
2017-12-28,0.09865971389332821,0.08902285814292722,0.044425358460069245,0.23410788924884632,0.05748983789987239,0.15229859870425358,0.16916466775081623,0.06474795478265692,0.0,0.027317220122052822,0.06276590099517719,0.0
2017-12-29,0.09840052482000097,0.0891537750875192,0.045488605889932504,0.2334696212524955,0.05731344506508715,0.15276214508338615,0.16978339948744184,0.06414121981191041,0.0,0.027284402373623274,0.062202861128602994,0.0
2018-01-02,0.09385850921871948,0.08663088681353807,0.043962515273393205,0.22537871068830864,0.05548668161004385,0.14773982461319277,0.1639760644459422,0.06155110996815876,0.03415456997510354,0.0266454652803121,0.06061566211328726,0.0
2018-01-03,0.09480539017589863,0.08622212523808169,0.043110367358495015,0.227950630529009,0.05520383067440892,0.1409074232537991,0.16734350583511384,0.06102006780243647,0.034288132513488855,0.027430257330885423,0.06171826928838312,0.0
2018-01-04,0.10022109289319121,0.09181490321059893,0.04604175439298374,0.2465932460949718,0.05909753285782842,0.15069633162921967,0.17256342383236742,0.06556919054372616,0.03704427042871631,0.030358254116396293,0.0,0.0
2018-01-05,0.10044447008312922,0.0876207606674823,0.04612902214707334,0.24857064571629153,0.05937142924775237,0.15122542116309307,0.17227912833539932,0.06644022641727987,0.037468586167093,0.030450310055406077,0.0,0.0
2018-01-08,0.09863148548426039,0.08970885057853001,0.04618131587552698,0.24780094596560087,0.059172285224497884,0.15103340575675464,0.17207260974783112,0.066390724104218,0.0376171332504122,0.031391244012368036,0.0,0.0
2018-01-09,0.10242755275978187,0.09321519856705705,0.048020156143776006,0.257319728795764,0.061481030425447496,0.15693716271612687,0.17886732269077327,0.06909757558791835,0.0,0.032634272313355084,0.0,0.0
2018-01-10,0.1042273142841585,0.09460354678580138,0.04862316138625185,0.2550285973634569,0.0601777367445075,0.15603112193027824,0.17846855654092508,0.06955872326031325,0.0,0.03328124170430722,0.0,0.0
2018-01-11,0.10271001019200081,0.09419369372050447,0.04819882063181074,0.2586888611620924,0.06022666112889877,0.15781299714606362,0.17523636932952336,0.06981747819214762,0.0,0.03311510849695822,0.0,0.0
2018-01-12,0.09736748019306239,0.08964936753262638,0.04651037349406556,0.25089910361485607,0.05808362620235208,0.1519431712316972,0.16663333270172795,0.06837129921247696,0.03844003670095686,0.032102209116178594,0.0,0.0
2018-01-16,0.09665467954843847,0.08744171867604915,0.046658536767973484,0.25271460450982114,0.058472248137357026,0.15300686937875616,0.167467392007167,0.06731470349425143,0.03814335914539106,0.032125888334794885,0.0,0.0
2018-01-17,0.09525106644659646,0.08725283661462716,0.04642982995008041,0.25438184480341614,0.05869936921134363,0.15312799207903247,0.16737789957688484,0.0675583042223381,0.03808972524250585,0.03183113185317498,0.0,0.0
2018-01-18,0.1431677642183108,0.13503576405280526,0.0718442041213985,0.0,0.0,0.23604427564735234,0.26007538768926763,0.10360699967582071,0.0,0.050225604595044736,0.0,0.0
2018-01-19,0.1354394717765488,0.12757347700275234,0.06789846170325248,0.0,0.0,0.220583682447255,0.2455719702715661,0.09893552931567348,0.05657920857702433,0.047418198905927515,0.0,0.0
2018-01-22,0.137053288897948,0.12736127494294294,0.0684543103287188,0.0,0.0,0.2184504096775117,0.24597725665738562,0.09869538742331636,0.05659736987877033,0.04741070219340618,0.0,0.0
2018-01-23,0.13436850510144546,0.1267668597428121,0.06846778838014762,0.0,0.0,0.22031127548745164,0.24605167015473103,0.09938027908013235,0.05697070410135855,0.04768291795192111,0.0,0.0
2018-01-24,0.13740907204370115,0.1281423719359584,0.06851049099537672,0.0,0.0,0.21678368062169254,0.24589757284670624,0.09884301762245276,0.05690378090320196,0.047510013030910056,0.0,0.0
2018-01-25,0.12674961520854847,0.11863465916455933,0.06369302979600587,0.0,0.08031747526762088,0.20031148324143394,0.2270999415435086,0.09048496517655664,0.04936865035418982,0.04334018024757652,0.0,0.0
2018-01-26,0.1408653426699026,0.12745485758004133,0.07065513271922023,0.0,0.0,0.21340095985794025,0.24975218843979718,0.09726340829428791,0.05273503619911179,0.04787307423969868,0.0,0.0
2018-01-29,0.1370188571476066,0.1253450096181643,0.07052916471470756,0.0,0.0,0.21715886754982894,0.2512085476245269,0.09792591158113353,0.052956225057199026,0.04785741670683312,0.0,0.0
2018-01-30,0.13501607294504556,0.12259235753734417,0.06968494664310741,0.0,0.0,0.22024453116164597,0.2510024456060841,0.09943341941228179,0.053665779475324915,0.04836044721916616,0.0,0.0
2018-01-31,0.1293096283876491,0.1208552575968255,0.06914054881888403,0.0,0.0,0.22231111277261895,0.25169987538457805,0.100976648661902,0.05731528251544386,0.04839164586209853,0.0,0.0
2018-02-01,0.1298837104652946,0.12126118129688858,0.06904498578014164,0.0,0.0,0.22201570940475554,0.2517350660145255,0.10053684013519125,0.05687007777580585,0.04865242912739695,0.0,0.0
2018-02-02,0.18041900694953728,0.16900316900195458,0.09403910102112581,0.0,0.0,0.0,0.34835213414331573,0.14082916748376484,0.0,0.06735742140030182,0.0,0.0
2018-02-05,0.2544907571039782,0.24843753086697448,0.1491142400369365,0.0,0.0,0.0,0.0,0.2309147578156534,0.0,0.11704271417645733,0.0,0.0
2018-02-06,0.129429736268414,0.12850403011736367,0.0972235705614163,0.0,0.0,0.0,0.39363339195045743,0.16856732711290065,0.0,0.08264194398944785,0.0,0.0
2018-02-07,0.21148287915205644,0.21001292062810878,0.155029460848588,0.0,0.0,0.0,0.0,0.28149697240359095,0.0,0.14197776696765588,0.0,0.0
2018-02-08,0.21504459854631008,0.2118571250063011,0.14820436442865828,0.0,0.0,0.0,0.0,0.2860753020870615,0.0,0.13881860993166914,0.0,0.0
2018-02-09,0.1948542473627933,0.20754716984567012,0.14662400446318732,0.0,0.0,0.0,0.0,0.30806118271089067,0.0,0.14291339561745867,0.0,0.0
2018-02-12,0.19265686088767323,0.20934992384411952,0.14604819990686996,0.0,0.0,0.0,0.0,0.31044756241281934,0.0,0.14149745294851795,0.0,0.0
2018-02-13,0.19069580481906678,0.2059313386953,0.14574217965524341,0.0,0.0,0.0,0.0,0.3114153933957099,0.0,0.14621528343467993,0.0,0.0
2018-02-14,0.16293671828945122,0.1757818802743628,0.12416406187529985,0.0,0.0,0.0,0.0,0.2640523901936467,0.1483553018169056,0.12470964755033384,0.0,0.0
2018-02-15,0.16620040360816465,0.17664898727844427,0.1265907722860252,0.0,0.0,0.0,0.0,0.2567066262134319,0.14925965037894687,0.12459356023498719,0.0,0.0
2018-02-16,0.1145303558256446,0.12286325293616795,0.08662445418164975,0.0,0.0,0.0,0.4037960741984106,0.18349720233303862,0.0,0.0886886605250884,0.0,0.0
2018-02-20,0.18989987624744345,0.20348565647406813,0.14359679449130783,0.0,0.0,0.0,0.0,0.3155681003602178,0.0,0.1474495724269628,0.0,0.0
2018-02-21,0.19243622815732966,0.20552239741342596,0.145340768795477,0.0,0.0,0.0,0.0,0.3063977845015486,0.0,0.1503028211322187,0.0,0.0
2018-02-22,0.19124288773638448,0.20433814164496145,0.14481404291348557,0.0,0.0,0.0,0.0,0.3084776525208938,0.0,0.1511272751842748,0.0,0.0
2018-02-23,0.1160650159114649,0.12442882197054615,0.08790499632251068,0.0,0.0,0.0,0.39463801001025384,0.18669618536005925,0.0,0.09026697042516522,0.0,0.0
2018-02-26,0.11562766748135903,0.12606608517496654,0.08903115084194808,0.0,0.0,0.0,0.38704876160739293,0.1898365795945373,0.0,0.09238975529979611,0.0,0.0
2018-02-27,0.11523826965641251,0.12532275948562252,0.08882831742746132,0.0,0.0,0.0,0.38892766198204687,0.18949113107609447,0.0,0.09219186037236232,0.0,0.0
2018-02-28,0.18920000699280315,0.20453517781084357,0.14369511865164503,0.0,0.0,0.0,0.0,0.3106175568335538,0.0,0.15195213971115445,0.0,0.0
2018-03-01,0.1889772526265079,0.20337852747112392,0.14351044699979623,0.0,0.0,0.0,0.0,0.31581580503250173,0.0,0.14831796787007015,0.0,0.0
2018-03-02,0.18689590864230113,0.19974261044863786,0.1445210740774791,0.0,0.0,0.0,0.0,0.3178783794889781,0.0,0.15096202734260383,0.0,0.0
2018-03-05,0.18643011657306593,0.1994054191976813,0.14431985112646975,0.0,0.0,0.0,0.0,0.31698185854820243,0.0,0.15286275455458057,0.0,0.0
2018-03-06,0.18500345622823167,0.1990480036776335,0.14432538691147034,0.0,0.0,0.0,0.0,0.3207098877443674,0.0,0.1509132654382971,0.0,0.0
2018-03-07,0.18461138270374314,0.19826006899547408,0.1450657135735649,0.0,0.0,0.0,0.0,0.31384954255106207,0.0,0.1582132921761559,0.0,0.0
2018-03-08,0.18322332021495283,0.19677099225417338,0.14393481745817974,0.0,0.0,0.0,0.0,0.3213564117600096,0.0,0.15471445831268457,0.0,0.0
2018-03-09,0.11468012080313525,0.12333314837655747,0.09047682222529893,0.0,0.0,0.0,0.37481007320448007,0.20059745516180383,0.0,0.09610238022872439,0.0,0.0
2018-03-12,0.18153614527321676,0.19853242105932922,0.14355003235403932,0.0,0.0,0.0,0.0,0.325568667843725,0.0,0.1508127334696896,0.0,0.0
2018-03-13,0.18124022562481978,0.19826619960131078,0.1437954797740098,0.0,0.0,0.0,0.0,0.325047457747453,0.0,0.15165063725240666,0.0,0.0
2018-03-14,0.18005956644511506,0.19710129939549761,0.14335741461476792,0.0,0.0,0.0,0.0,0.32842132280596353,0.0,0.1510603967386557,0.0,0.0
2018-03-15,0.1796129702317319,0.19725351868112243,0.1436048188534734,0.0,0.0,0.0,0.0,0.32833572291102514,0.0,0.15119296932264717,0.0,0.0
2018-03-16,0.18092258994510957,0.1979127420301866,0.143924572687288,0.0,0.0,0.0,0.0,0.3256192296478884,0.0,0.15162086568952743,0.0,0.0
2018-03-19,0.1809998913305282,0.1997909042440168,0.1441994704810196,0.0,0.0,0.0,0.0,0.3253740130116491,0.0,0.1496357209327863,0.0,0.0
2018-03-20,0.1794713638860523,0.1996448970973186,0.14409823618225384,0.0,0.0,0.0,0.0,0.32644990162106247,0.0,0.15033560121331266,0.0,0.0
2018-03-21,0.18026009376401725,0.20059152467872982,0.1441196275696015,0.0,0.0,0.0,0.0,0.32626193262394815,0.0,0.14876682136370326,0.0,0.0
2018-03-22,0.18455341517775045,0.20557526459146552,0.1476158101614907,0.0,0.0,0.0,0.0,0.3148454688072519,0.0,0.14741004126204155,0.0,0.0
2018-03-23,0.22768303197462955,0.0,0.18114148603786848,0.0,0.0,0.0,0.0,0.40468014394841156,0.0,0.1864953380390904,0.0,0.0
2018-03-26,0.1791573180993255,0.20603229032367285,0.14402553989589134,0.0,0.0,0.0,0.0,0.32017410405069135,0.0,0.15061074763041893,0.0,0.0
2018-03-27,0.17484473646754708,0.20474819946453154,0.14137552607072992,0.0,0.0,0.0,0.0,0.32570507651001185,0.0,0.15332646148717977,0.0,0.0
2018-03-28,0.17352816617567787,0.20552867009898476,0.14088308699788035,0.0,0.0,0.0,0.0,0.3263932354478908,0.0,0.15366684127956612,0.0,0.0
2018-03-29,0.17541523230837516,0.2071461138238632,0.14233449312654012,0.0,0.0,0.0,0.0,0.3199222590425444,0.0,0.15518190169867707,0.0,0.0
2018-04-02,0.1732232994641384,0.205359003574944,0.1410151397789626,0.0,0.0,0.0,0.0,0.3261802247000196,0.0,0.15422233248193554,0.0,0.0
2018-04-03,0.1724703663058261,0.20641926759839968,0.14219257400508628,0.0,0.0,0.0,0.0,0.3241876872199203,0.0,0.1547301048707676,0.0,0.0
2018-04-04,0.17157984337252588,0.20824736585839124,0.14220493461712405,0.0,0.0,0.0,0.0,0.3229495693962695,0.0,0.15501828675568935,0.0,0.0
2018-04-05,0.17090091056868628,0.20851363243882234,0.142543053429042,0.0,0.0,0.0,0.0,0.322873604220444,0.0,0.15516879934300548,0.0,0.0
2018-04-06,0.17083809929588428,0.208301392891518,0.14290183045338634,0.0,0.0,0.0,0.0,0.322203056192433,0.0,0.15575562116677835,0.0,0.0
2018-04-09,0.16850318441446074,0.2095718294664638,0.14234386687455783,0.0,0.0,0.0,0.0,0.3250940599886918,0.0,0.15448705925582576,0.0,0.0
2018-04-10,0.10385084106485014,0.12865070501189568,0.0879495072328446,0.0,0.0,0.0,0.3850273831729398,0.20046786048879126,0.0,0.09405370302867863,0.0,0.0
2018-04-11,0.10363894973387079,0.12899109411025145,0.08759895837380091,0.0,0.0,0.0,0.38744399822009185,0.20217765766697315,0.0,0.09014934189501185,0.0,0.0
2018-04-12,0.10328085174852236,0.12930112353906945,0.08745650977305863,0.0,0.0,0.0,0.38615017890959064,0.20423738451086415,0.0,0.08957395151889477,0.0,0.0
2018-04-13,0.10380669801414365,0.1301955486025985,0.08822151022600236,0.0,0.0,0.0,0.38608600637363216,0.20114140580583012,0.0,0.09054883097779319,0.0,0.0
2018-04-16,0.10408508709538443,0.13024911393307717,0.08834555666658277,0.0,0.0,0.0,0.38530101507093145,0.20163757729904178,0.0,0.09038164993498227,0.0,0.0
2018-04-17,0.1038297693886913,0.13035266266976311,0.08844280152159618,0.0,0.0,0.0,0.38542356943147843,0.20202124813801747,0.0,0.08992994885045358,0.0,0.0
2018-04-18,0.09148442632964165,0.11547725342439547,0.07847061869567173,0.0,0.0,0.0,0.34132884072657926,0.17935373105710337,0.114244396918793,0.07964073284781552,0.0,0.0
2018-04-19,0.09244826730768396,0.11629852769041274,0.07891451498626388,0.0,0.0,0.0,0.3437330984987813,0.18071238926141284,0.11062804623242076,0.07726515602302457,0.0,0.0
2018-04-20,0.09231265007403325,0.1162606215645401,0.0788738118991493,0.0,0.0,0.0,0.34348496316356897,0.1811907264034076,0.11042476315337572,0.07745246374192508,0.0,0.0
2018-04-23,0.16750218327503388,0.21148180386073068,0.14331249781590663,0.0,0.0,0.0,0.0,0.33526976382621454,0.0,0.14243375122211424,0.0,0.0
2018-04-24,0.16767456054098934,0.2118303519014391,0.1432414956577957,0.0,0.0,0.0,0.0,0.3344844049996878,0.0,0.14276918690008797,0.0,0.0
2018-04-25,0.16769167874563576,0.21310103462639335,0.14430365902159736,0.0,0.0,0.0,0.0,0.3329273810008186,0.0,0.141976246605555,0.0,0.0
2018-04-26,0.07650399140612277,0.0976329239885593,0.0661113675659944,0.0,0.0,0.0,0.28500693522607207,0.15150043432111035,0.0,0.06495294534787482,0.0,0.2582914021442663
2018-04-27,0.0764779019383041,0.09794151426925016,0.06597862954538919,0.0,0.0,0.0,0.2850235995705039,0.15186496274260947,0.0,0.06565497673049825,0.0,0.2570584152034449
2018-04-30,0.10680075305267536,0.13676173472092293,0.09227882403349533,0.0,0.0,0.0,0.0,0.21316497370980947,0.0,0.09172065532365752,0.0,0.35927305915943936
2018-05-01,0.07593523748926073,0.09748457358465318,0.06601180220396825,0.0,0.0,0.0,0.2846849082749538,0.15094770975658564,0.0,0.06612391477240427,0.0,0.2588118539181742
2018-05-02,0.15435345640765377,0.19991143266204767,0.0,0.0,0.0,0.0,0.0,0.0,0.0,0.13190855280465305,0.0,0.5138265581256455
2018-05-03,0.12390114904390694,0.1729274846238475,0.0,0.0,0.0,0.0,0.0,0.22652460561633203,0.0,0.09869014852996064,0.0,0.3779566121859529
2018-05-04,0.08087056816205442,0.11519570635604309,0.0688004758785075,0.0,0.0,0.0,0.28674697136148464,0.1467249904242869,0.0,0.06290793226960528,0.0,0.2387533555480182
2018-05-07,0.08507136773038253,0.12369287273235735,0.0,0.0,0.0,0.0,0.3072917128372874,0.15613055233124296,0.0,0.06785232579327814,0.0,0.25996116857545165
2018-05-08,0.1302540935548036,0.19020207663977814,0.0,0.0,0.0,0.0,0.0,0.21870168336442972,0.0,0.09725803280218696,0.0,0.36358411363880155
2018-05-09,0.0838075128491893,0.12084786109125469,0.07226968619889726,0.0,0.0,0.0,0.29215952667905637,0.13876699377814375,0.0,0.06275573771879642,0.0,0.2293926816846622
2018-05-10,0.08300129018221264,0.12264176186657905,0.07190542266093795,0.0,0.0,0.0,0.29769309750071365,0.13680218026388474,0.0,0.060774619588439445,0.0,0.2271816279372326
2018-05-11,0.08255389899652597,0.12217720711931958,0.07048163866323506,0.0,0.0,0.0,0.29894140457947377,0.13640143165444937,0.0,0.06083058434760647,0.0,0.22861383463938983
2018-05-14,0.08126378308509932,0.12471164484117715,0.07093058131409709,0.0,0.0,0.0,0.29128966771722636,0.1411069646356157,0.0,0.059952070068747164,0.0,0.23074528833803706
2018-05-15,0.16374063112293827,0.24982422999812115,0.0,0.0,0.0,0.0,0.0,0.0,0.0,0.11965210788875942,0.0,0.4667830309901812
2018-05-16,0.09304288014446876,0.14161760820052782,0.08080773595813182,0.0,0.0,0.0,0.34870640900443634,0.0,0.0,0.06823511034969786,0.0,0.26759025634273736
2018-05-17,0.10018127113231372,0.15457644412108978,0.0,0.0,0.0,0.0,0.3790386187955164,0.0,0.0,0.0733465350916392,0.0,0.292857130859441
2018-05-18,0.09920107281058953,0.15341968211416485,0.0,0.0,0.0,0.0,0.38339809164750477,0.0,0.0,0.07282971525729699,0.0,0.29115143817044387
2018-05-21,0.09875186916541775,0.15307925155242896,0.0,0.0,0.0,0.0,0.38136525804807697,0.0,0.0,0.07381778289012332,0.0,0.2929858383439531
2018-05-22,0.09820886545310076,0.15060648752902142,0.0,0.0,0.0,0.0,0.39209766807899904,0.0,0.0,0.07215141812799158,0.0,0.28693556081088706
2018-05-23,0.0987169005080768,0.15225112797088047,0.0,0.0,0.0,0.0,0.39137227783148526,0.0,0.0,0.07158446853356756,0.0,0.2860752251559899
2018-05-24,0.09865704811496877,0.15326572062370414,0.0,0.0,0.0,0.0,0.3898866510285548,0.0,0.0,0.07164912876519015,0.0,0.28654145146758214
2018-05-25,0.09891202880418117,0.15484629190543087,0.0,0.0,0.0,0.0,0.38887765192169826,0.0,0.0,0.07215658129111409,0.0,0.2852074460775756
2018-05-29,0.15908347134796685,0.0,0.0,0.0,0.28486479909328943,0.0,0.0,0.0,0.0,0.10528210230236563,0.0,0.45076962725637815
2018-05-30,0.08749787339705331,0.13193015485556675,0.0,0.0,0.0,0.0,0.3673582890957161,0.0,0.0,0.058034609285423346,0.10633398345911904,0.24884508990712143
2018-05-31,0.17863354581911833,0.0,0.0,0.0,0.0,0.0,0.0,0.0,0.0,0.11794932792048476,0.21654298340391825,0.4868741428564786
2018-06-01,0.08889096947774323,0.12986562570904103,0.0,0.0,0.0,0.0,0.3711612121642166,0.0,0.0,0.05789462391206625,0.10792456526582754,0.24426300347110536
2018-06-04,0.08217706156934479,0.11940236622368736,0.06965155061366188,0.0,0.0,0.0,0.34654726925433527,0.0,0.0,0.053570613566465475,0.10071645501173057,0.22793468376077455
2018-06-05,0.08813224492107613,0.12795017452023533,0.0,0.0,0.0,0.0,0.3701298313032995,0.0,0.0,0.05781215386633825,0.10727921625456556,0.2486963791344852
2018-06-06,0.08315500241790832,0.11855984297351191,0.0700908709713803,0.0,0.0,0.0,0.346151694011567,0.0,0.0,0.05432742399917334,0.0987858568529248,0.22892930877353443
2018-06-07,0.08932272239556029,0.12635496003103525,0.0,0.0,0.0,0.0,0.3727367157308916,0.0,0.0,0.0588053310232443,0.10684597795579952,0.2459342928634691
2018-06-08,0.0890055329454317,0.12570524837243152,0.0,0.0,0.0,0.0,0.3762159208318718,0.0,0.0,0.05832113875214267,0.10606913790018625,0.24468302119793617
2018-06-11,0.08144204484788492,0.11490530388591312,0.0,0.0,0.0,0.0,0.3443013439474998,0.0,0.08588822759078579,0.05316858369124689,0.09680617331826619,0.22348832271840316
2018-06-12,0.08149901372916778,0.11421364654073266,0.0,0.0,0.0,0.0,0.34326121926428305,0.0,0.08609018046018843,0.05316963964434825,0.09681075730140615,0.22495554305987375
2018-06-13,0.08136295408455012,0.11326805332774117,0.0,0.0,0.0,0.0,0.3443147543897534,0.0,0.08591039006466149,0.053553499429569495,0.09677450708154327,0.2248158416221811
2018-06-14,0.08175523881966892,0.11326905277973802,0.0,0.0,0.0,0.0,0.3508149023015697,0.0,0.08375697344704675,0.0529522449830284,0.0922098920252908,0.22524169564365748
2018-06-15,0.09101530302031957,0.12601946683524198,0.0,0.0,0.0,0.0,0.3881999554323544,0.0,0.0,0.05979155885146626,0.10207601803773589,0.232897697822882
2018-06-18,0.10292980277584496,0.0,0.0,0.0,0.0,0.0,0.43835766474862686,0.0,0.0,0.06652264966283689,0.11630399101367592,0.2758858917990154
2018-06-19,0.10542894896869606,0.0,0.0,0.0,0.0,0.0,0.4518812767067734,0.0,0.0,0.06410095357458101,0.1127582769031249,0.2658305438468245
2018-06-20,0.10867538072748516,0.0,0.0,0.0,0.0,0.0,0.4480770103545988,0.0,0.0,0.06408673579872967,0.11548761604346906,0.2636732570757172
2018-06-21,0.11243038401414061,0.0,0.0,0.0,0.0,0.0,0.45944549253629735,0.0,0.0,0.06090481001618247,0.1101579643927699,0.25706134904060957
2018-06-22,0.11654536302971955,0.0,0.0,0.0,0.0,0.0,0.4555014297894766,0.0,0.0,0.06115437887615122,0.1101282827010115,0.25667054560364105
2018-06-25,0.11555141120044463,0.0,0.0,0.0,0.0,0.0,0.4512413210826953,0.0,0.0,0.05507755113689177,0.1166263067152343,0.26150340986473397
2018-06-26,0.11447537405455935,0.0,0.0,0.0,0.0,0.0,0.4538516255299153,0.0,0.0,0.0544524080271356,0.116425574575631,0.2607950178127588
2018-06-27,0.10499425928631666,0.0,0.0,0.0,0.1247929211645086,0.0,0.40195831610942173,0.0,0.0,0.045869965178976305,0.10251417256515409,0.21987036569562263
2018-06-28,0.10630562721521239,0.0,0.0,0.0,0.1244362267208352,0.0,0.40407788037351583,0.0,0.0,0.04521165463940439,0.10312201513731176,0.21684659591372032
2018-06-29,0.18002884863451027,0.0,0.0,0.0,0.20841761050050472,0.0,0.0,0.0,0.0,0.07533619072853655,0.17320313382323127,0.36301421631321723
2018-07-02,0.18391828985737224,0.0,0.0,0.0,0.21322228279637037,0.0,0.0,0.0,0.0,0.0760418622742597,0.17543165746007894,0.3513859076119187
2018-07-03,0.11878519447767816,0.0,0.0,0.0,0.12840683749631493,0.0,0.3967629057568684,0.0,0.0,0.0455214789709526,0.10344153398461509,0.20708204931357097
2018-07-05,0.11742769603690921,0.0,0.0,0.0,0.1262503979178236,0.0,0.4047061555640026,0.0,0.0,0.045402786637541714,0.10206378811156605,0.20414917573215685
2018-07-06,0.12149691910663978,0.0,0.0,0.0,0.12583042252248927,0.0,0.40252417672902596,0.0,0.0,0.04686415611539275,0.10032173144300631,0.20296259408344594
2018-07-09,0.12184245501297558,0.0,0.0,0.0,0.12691839918070943,0.0,0.40000433354759946,0.0,0.0,0.04735457428859139,0.10096633876476961,0.20291389920535466
2018-07-10,0.12017554088897112,0.0,0.0,0.0,0.12588247435879793,0.0,0.4053539905652079,0.0,0.0,0.04683288484618066,0.1009509742609,0.20080413507994235
2018-07-11,0.12026436986969463,0.0,0.0,0.0,0.12589907035719827,0.0,0.40528733885644425,0.0,0.0,0.04679480514571917,0.10104311134341785,0.20071130442752577
2018-07-12,0.12072953444823244,0.0,0.0,0.0,0.1263102811399674,0.0,0.40753775679786675,0.0,0.0,0.04367121555575331,0.10157699898593636,0.20017421307224365
2018-07-13,0.085832497836153,0.0,0.0,0.2982630559212506,0.08934122846130646,0.0,0.28138445215770796,0.0,0.0,0.030833180124438912,0.07285721147010567,0.14148837402903744
2018-07-16,0.12182602560635579,0.0,0.0,0.0,0.12879407369177281,0.0,0.4005197850723935,0.0,0.0,0.045214785598665125,0.10328772723639033,0.20035760279442247
2018-07-17,0.12114137709018188,0.0,0.0,0.0,0.12871809618516072,0.0,0.4044307451575095,0.0,0.0,0.04295973864084013,0.10541236303188226,0.19733767989442547
2018-07-18,0.12164898687745858,0.0,0.0,0.0,0.12882327043687478,0.0,0.40586328973158614,0.0,0.0,0.04241412718576723,0.1049514819121868,0.1962988438561264
2018-07-19,0.08403537203793465,0.0,0.0,0.30163918608198365,0.08852015618093327,0.0,0.2863226510978732,0.0,0.0,0.0293295259169236,0.07212196221687814,0.13803114646747344
2018-07-20,0.12464990539796378,0.0,0.0,0.0,0.12541147456673174,0.0,0.4110211863329113,0.0,0.0,0.04197550965812728,0.10071991473899385,0.19622200930527212
2018-07-23,0.1439557301546441,0.0,0.0,0.0,0.0,0.0,0.4750124927607436,0.0,0.0,0.0485213275035033,0.11427365724204029,0.21823679233906867
2018-07-24,0.14396788679367328,0.0,0.0,0.0,0.0,0.0,0.47897536091338244,0.0,0.0,0.047496598274343264,0.1140580418411709,0.21550211217743007
2018-07-25,0.12794343155863913,0.10800885739368457,0.0,0.0,0.0,0.0,0.4236503163544275,0.0,0.0,0.0423014705199771,0.1055270756469624,0.19256884852630926
2018-07-26,0.14489366609941437,0.0,0.0,0.0,0.0,0.0,0.47457573256699254,0.0,0.0,0.04743182525205883,0.11836354604661506,0.21473523003491915
2018-07-27,0.1287936494761089,0.10733379416211476,0.0,0.0,0.0,0.0,0.4234710437691129,0.0,0.0,0.04255239220996983,0.10662076029499892,0.19122836008769473
2018-07-30,0.1288739375528021,0.10735550897530145,0.0,0.0,0.0,0.0,0.4238409514315394,0.0,0.0,0.04244743793569803,0.10458675117086116,0.19289541293379786
2018-07-31,0.12793119123509125,0.10757483445152667,0.0,0.0,0.0,0.0,0.4240909403198023,0.0,0.0,0.04232995979301231,0.10465721699936113,0.1934158572012064
2018-08-01,0.14850328195100648,0.0,0.0,0.0,0.0,0.0,0.4722192448414547,0.0,0.0,0.04755677747096947,0.1147151335751494,0.21700556216141983
2018-08-02,0.1484596938614125,0.0,0.0,0.0,0.0,0.0,0.4723049392204795,0.0,0.0,0.04731810043325086,0.11464603009102366,0.2172712363938334
2018-08-03,0.1475127000419187,0.0,0.0,0.0,0.0,0.0,0.4759566776807123,0.0,0.0,0.04681487348898215,0.1147109332267779,0.2150048155616089
2018-08-06,0.14952202549900045,0.0,0.0,0.0,0.0,0.0,0.47603702434179307,0.0,0.0,0.04717832176736789,0.11311289050395787,0.21414973788788072
2018-08-07,0.15036746687412839,0.0,0.0,0.0,0.0,0.0,0.4761607010900301,0.0,0.0,0.04659654404033162,0.112400962900799,0.21447432509471093
2018-08-08,0.15015418520467466,0.0,0.0,0.0,0.0,0.0,0.4761815071702057,0.0,0.0,0.04669560664324753,0.11249937585513223,0.21446932512673994
2018-08-09,0.1503580931572122,0.0,0.0,0.0,0.0,0.0,0.47597394104455165,0.0,0.0,0.045604506508518376,0.11354544158358551,0.21451801770613235
2018-08-10,0.09125216832378556,0.0,0.0,0.2916066464976024,0.08163662156417947,0.0,0.30850122464637464,0.0,0.0,0.027235792834055007,0.07149924808398754,0.12826829805001547
2018-08-13,0.09100144952804211,0.0,0.0,0.29317603271242304,0.08201485075965957,0.0,0.30822734108327676,0.0,0.0,0.02738190834078587,0.07144942357022921,0.1267489940055833
2018-08-14,0.098494508586968,0.0,0.0,0.32141761417466197,0.0,0.0,0.33427794214734535,0.0,0.0,0.0297737428507312,0.07813457642903934,0.1379016158112539
2018-08-15,0.08958134688826,0.0,0.0,0.29745431060523336,0.08321372208909174,0.0,0.3056289734416044,0.0,0.0,0.027249181505772904,0.07133210016828191,0.12554036530175566
2018-08-16,0.07408710528261891,0.0,0.0,0.24646574983856853,0.06876542740717535,0.17209206306292638,0.2517626640464288,0.0,0.0,0.022196512955483933,0.06009602469689359,0.10453445270990454
2018-08-17,0.07334235211691838,0.0,0.0,0.24689238765400354,0.06895432642632067,0.17269381720639493,0.2515365720858738,0.0,0.0,0.022202778685207213,0.05971690652731404,0.1046608592979672
2018-08-20,0.0726766125472237,0.0,0.0,0.24963677331572043,0.06913155098059555,0.17536713328165565,0.2491158205120466,0.0,0.0,0.022011320379718858,0.05936859841286703,0.10269219057017202
2018-08-21,0.07256329346120875,0.0,0.0,0.25146287757157704,0.06919696126899129,0.1750478361449313,0.2483282784482792,0.0,0.0,0.022036206714345738,0.05930262413013377,0.10206192226053294
2018-08-22,0.07244661207382246,0.0,0.0,0.25273205314933583,0.06924468594162654,0.17418421904980608,0.24927730795157033,0.0,0.0,0.023011503578930125,0.05850624950283301,0.10059736875207556
2018-08-23,0.06980690519319081,0.0,0.0,0.2736725466130991,0.07268679160618031,0.16758892924566204,0.24738994990243512,0.0,0.0,0.0207595330262231,0.05358669155474334,0.09450865285846623
2018-08-24,0.07114773250292579,0.0,0.0,0.27469786280810105,0.0717955447002884,0.16796301530453206,0.24715144633266542,0.0,0.0,0.020487512077837867,0.05351952880494341,0.09323735746870593
2018-08-27,0.0718359415365816,0.0,0.0,0.2750655165194696,0.07190517288737504,0.1673970492249997,0.24743922478328484,0.0,0.0,0.020709561749178252,0.053549811830880006,0.09209772146823082
2018-08-28,0.0868154200147543,0.0,0.0,0.3287072722920317,0.0858767037810026,0.0,0.3002720666499738,0.0,0.0,0.02515891892691356,0.0639453818698419,0.109224236465482
2018-08-29,0.08666465845910629,0.0,0.0,0.33015719227655604,0.08581158430932748,0.0,0.3012907727730905,0.0,0.0,0.025061879312034793,0.06243305646286679,0.10858085640701795
2018-08-30,0.08612412629089106,0.0,0.0,0.33063850338251727,0.0859253666858919,0.0,0.30123310088610467,0.0,0.0,0.02494906270498616,0.06259464702767763,0.1085351930219314
2018-08-31,0.08551392676882133,0.0,0.0,0.3349007820891857,0.08646531800794433,0.0,0.3004610672756819,0.0,0.0,0.02453564169159942,0.06093121796659765,0.10719204620016962
2018-09-04,0.08484963084509836,0.0,0.0,0.33946228598651146,0.08834305508704023,0.0,0.29681476074148944,0.0,0.0,0.0244379331096667,0.0603700738146934,0.10572226041550033
2018-09-05,0.09370855059377146,0.0,0.0,0.37695987831659417,0.0,0.0,0.3215487024797979,0.0,0.0,0.02696573690713892,0.06495578396763946,0.11586134773505816
2018-09-06,0.0849562762425236,0.0,0.0,0.3451410011472723,0.08788256419997417,0.0,0.29397480231286827,0.0,0.0,0.024519833871521502,0.058932863430026204,0.10459265879581402
2018-09-07,0.09318986644837099,0.0,0.0,0.3754516268139846,0.0,0.0,0.32391642742213705,0.0,0.0,0.026858456475005756,0.06517723378708196,0.11540638905341959
2018-09-10,0.0956162982067559,0.0,0.0,0.3594988543442856,0.0,0.0,0.32940484465030456,0.0,0.0,0.027490073530078936,0.07001098347313255,0.11797894579544242
2018-09-11,0.1454056290705702,0.0,0.0,0.0,0.0,0.0,0.5093609296064218,0.0,0.0,0.0417380220421624,0.10759329497630608,0.1959021243045396
2018-09-12,0.09349370686313661,0.0,0.0,0.35510411422936833,0.0,0.0,0.3286245723722216,0.0,0.0,0.027366646147658023,0.06927041705899707,0.12614054332861838
2018-09-13,0.0778227165684853,0.0,0.0,0.2943595329452738,0.0,0.17582292260366864,0.26782159647022646,0.0,0.0,0.022829773922733082,0.0575125913049831,0.10383086618462967
2018-09-14,0.14679732442316543,0.0,0.0,0.0,0.0,0.0,0.5060221997578785,0.0,0.0,0.042759618514540805,0.10839400677676939,0.1960268505276458
2018-09-17,0.146778330821417,0.0,0.0,0.0,0.0,0.0,0.5062903202510317,0.0,0.0,0.04285169179434032,0.10949701639057897,0.1945826407426319
2018-09-18,0.14611777166166365,0.0,0.0,0.0,0.0,0.0,0.5116137718368199,0.0,0.0,0.04245158671265628,0.10872403534070613,0.19109283444815411
2018-09-19,0.1445557044178144,0.0,0.0,0.0,0.0,0.0,0.5092429975716691,0.0,0.0,0.04579426299569963,0.10878720513851547,0.1916198298763014
2018-09-20,0.15432905538520245,0.0,0.0,0.0,0.0,0.0,0.5067405967605704,0.0,0.0,0.04530342505813002,0.10447026919930022,0.18915665359679698
2018-09-21,0.15267239574688032,0.0,0.0,0.0,0.0,0.0,0.5082662001138835,0.0,0.0,0.04753354608185243,0.10385068182422412,0.18767717623315985
2018-09-24,0.15455818134637178,0.0,0.0,0.0,0.0,0.0,0.5098714279289543,0.0,0.0,0.04748571382297564,0.10181093399434214,0.18627374290735615
2018-09-25,0.1515923085003067,0.0,0.0,0.0,0.0,0.0,0.5235105532018698,0.0,0.0,0.046330462837411365,0.09564991647625928,0.18291675898415294
2018-09-26,0.14775637505327144,0.0,0.0,0.0,0.0,0.0,0.5274284080820334,0.0,0.0,0.045545803493971866,0.09350556890119623,0.18576384446952723
2018-09-27,0.14678753441735318,0.0,0.0,0.0,0.0,0.0,0.5272845903058927,0.0,0.0,0.04543666016018648,0.09184291215795735,0.18864830295861043
2018-09-28,0.1492690780669508,0.0,0.0,0.0,0.0,0.0,0.5265781113913712,0.0,0.0,0.04568188065610321,0.09314631290970231,0.18532461697587238
2018-10-01,0.14699663457589007,0.0,0.0,0.0,0.0,0.0,0.5402202377024812,0.0,0.0,0.0438165377460416,0.08929179309302428,0.17967479688256296
2018-10-02,0.15044011750320957,0.0,0.0,0.0,0.0,0.0,0.536665453894253,0.0,0.0,0.04293828102459626,0.08873415968365672,0.18122198789428434
2018-10-03,0.15414779794424902,0.0,0.0,0.0,0.0,0.0,0.5338148467020373,0.0,0.0,0.04270776754666085,0.08909969967185342,0.18022988813519933
2018-10-04,0.15907688613743218,0.0,0.0,0.0,0.0,0.0,0.5226285769238392,0.0,0.0,0.04368703202345491,0.09020452392604905,0.1844029809892245
2018-10-05,0.16231621959585257,0.0,0.0,0.0,0.0,0.0,0.5029599579480181,0.0,0.0,0.04877261578859352,0.09165424552976509,0.19429696113777067
2018-10-08,0.1689692476400807,0.0,0.0,0.0,0.0,0.0,0.48771572494025417,0.0,0.0,0.05001947877946068,0.09421618935578151,0.199079359284423
2018-10-09,0.17126544665371085,0.0,0.0,0.0,0.0,0.0,0.48350400209182226,0.0,0.0,0.050732563110789955,0.09250239250499022,0.2019955956386867
2018-10-10,0.17080660961659763,0.0,0.0,0.0,0.0,0.0,0.4803932895166731,0.0,0.0,0.05407384269992132,0.09264614031347539,0.20208011785333252
2018-10-11,0.0,0.0,0.0,0.0,0.0,0.0,0.6126731198900457,0.0,0.0,0.07845809449226977,0.0,0.30886878561768444
2018-10-12,0.14307499779958543,0.0,0.0,0.0,0.0,0.0,0.529601689072027,0.0,0.0,0.06564748378675428,0.0,0.26167582934163336
2018-10-15,0.14396209541942423,0.0,0.0,0.0,0.0,0.0,0.5157970230240708,0.0,0.0,0.06821233479279783,0.0,0.27202854676370725
2018-10-16,0.12734432178070307,0.0,0.0,0.0,0.0,0.0,0.4580546473025306,0.0,0.0,0.06065836831002481,0.10184993371569327,0.2520927288910483
2018-10-17,0.12050109978215282,0.0,0.0,0.0,0.0,0.0,0.45875844543508637,0.0,0.0,0.0622978757224755,0.09943126935729363,0.2590113097029917
2018-10-18,0.12169856070244124,0.0,0.0,0.0,0.0,0.0,0.46077163294774653,0.0,0.0,0.061234595319897556,0.10013867364812024,0.2561565373817945
2018-10-19,0.12112823905994745,0.0,0.0,0.0,0.0,0.0,0.45261362142255585,0.0,0.0,0.061774977632296675,0.1024198960584075,0.26206326582679246
2018-10-22,0.13404653154180368,0.0,0.0,0.0,0.0,0.0,0.5002359819209198,0.0,0.0,0.0680429968584358,0.0,0.29767448967884075
2018-10-23,0.0,0.0,0.0,0.0,0.0,0.0,0.512496548908556,0.0,0.0,0.07004160254444024,0.11426533540107127,0.30319651314593254
2018-10-24,0.0,0.0,0.0,0.0,0.0,0.0,0.5133742426502766,0.0,0.0,0.06524960816167674,0.11438922674826144,0.3069869224397851
2018-10-25,0.0,0.0,0.0,0.0,0.0,0.0,0.5041733736245354,0.0,0.0,0.0673618212724789,0.11935283502684985,0.30911197007613583
2018-10-26,0.0,0.0,0.0,0.0,0.0,0.0,0.0,0.0,0.0,0.13676945733343282,0.23881455018538889,0.6244159924811783
2018-10-29,0.0,0.0,0.0,0.0,0.0,0.0,0.0,0.0,0.0,0.13862818200080076,0.2269588955283087,0.6344129224708904
2018-10-30,0.0,0.0,0.0,0.0,0.0,0.0,0.49726779162257395,0.0,0.0,0.06952518074982102,0.11411183846159999,0.31909518916600504
2018-10-31,0.0,0.0,0.0,0.0,0.0,0.0,0.536436795086756,0.0,0.0,0.0,0.1213075917102918,0.3422556132029521
2018-11-01,0.0,0.0,0.0,0.0,0.0,0.0,0.5370747269319021,0.0,0.0,0.0,0.12002538775099612,0.3428998853171019
2018-11-02,0.0,0.0,0.0,0.0,0.0,0.0,0.5334754259138227,0.0,0.0,0.0,0.12388048722864049,0.3426440868575369
2018-11-05,0.0,0.0,0.0,0.0,0.0,0.0,0.5303011735853451,0.0,0.0,0.0,0.12248509949362357,0.34721372692103136
2018-11-06,0.11215791614726461,0.0,0.0,0.0,0.0,0.0,0.46669077752461785,0.0,0.0,0.0,0.10577373658373021,0.31537756974438724
2018-11-07,0.1125905369457681,0.0,0.0,0.0,0.0,0.0,0.4649211304501338,0.0,0.0,0.0,0.1063045026389239,0.31618382996517413
2018-11-08,0.11098170491814391,0.0,0.0,0.0,0.0,0.0,0.45446361815148556,0.0,0.0,0.0,0.10784366459010053,0.3267110123402701
2018-11-09,0.11252952386781151,0.0,0.0,0.0,0.0,0.0,0.4565562753910106,0.0,0.0,0.0,0.10938379133760111,0.3215304094035769
2018-11-12,0.0,0.0,0.0,0.0,0.0,0.0,0.0,0.0,0.0,0.0,0.2552926993673927,0.7447073006326073
2018-11-13,0.0,0.0,0.0,0.0,0.0,0.0,0.0,0.0,0.0,0.0,0.26295095429426313,0.7370490457057369
2018-11-14,0.0,0.0,0.0,0.0,0.0,0.0,0.0,0.0,0.0,0.0,0.263914100039197,0.7360858999608029
2018-11-15,0.0,0.0,0.0,0.0,0.0,0.0,0.0,0.0,0.0,0.0,0.2611001814503367,0.7388998185496634
2018-11-16,0.0,0.0,0.0,0.619594459071441,0.0,0.0,0.0,0.0,0.0,0.0,0.09888165131577246,0.28152388961278657
2018-11-19,0.0,0.0,0.0,0.6206284442007239,0.0,0.0,0.0,0.0,0.0,0.0,0.09907761510688995,0.2802939406923862
2018-11-20,0.0,0.0,0.0,0.6188276703744252,0.0,0.0,0.0,0.0,0.0,0.0,0.09853866865682644,0.28263366096874826
2018-11-21,0.0,0.0,0.0,0.6206227527272986,0.0,0.0,0.0,0.0,0.0,0.0,0.09766140338520746,0.28171584388749404
2018-11-23,0.0,0.0,0.0,0.6215571493754155,0.0,0.0,0.0,0.0,0.0,0.0,0.09861554385656994,0.27982730676801454
2018-11-26,0.0,0.0,0.0,0.6212549708677161,0.0,0.0,0.0,0.0,0.0,0.0,0.0985641891674212,0.2801808399648627
2018-11-27,0.0,0.0,0.0,0.6216044576502465,0.0,0.0,0.0,0.0,0.0,0.0,0.09875271627170495,0.2796428260780485
2018-11-28,0.0825719324354308,0.0,0.0,0.5690249207224762,0.0,0.0,0.0,0.0,0.0,0.0,0.09042960983065658,0.2579735370114364
2018-11-29,0.0,0.0,0.0,0.6193305687427946,0.0,0.0,0.0,0.0,0.0,0.0,0.09987104760898198,0.2807983836482234
2018-11-30,0.0800439763543084,0.0,0.0,0.5681630339337123,0.0,0.0,0.0,0.0,0.0,0.0,0.09194008257668089,0.25985290713529846
2018-12-03,0.06185420358543853,0.0,0.0,0.44489521476103305,0.0,0.0,0.22282351226202865,0.0,0.0,0.0,0.07071802683116356,0.1997090425603362
2018-12-04,0.0,0.0,0.0,0.536042761908022,0.14773139115095776,0.0,0.0,0.0,0.0,0.0,0.08295339098678821,0.233272455954232
2018-12-06,0.0,0.0,0.0,0.5367511157063778,0.14085214018733852,0.0,0.0,0.0,0.0,0.0,0.08347477868969773,0.23892196541658595
2018-12-07,0.0,0.0,0.0,0.5357361916889912,0.14359607239366834,0.0,0.0,0.0,0.0,0.0,0.0800264588548081,0.24064127706253244
2018-12-10,0.0,0.0,0.0,0.5346933113404615,0.143980174384823,0.0,0.0,0.0,0.0,0.0,0.07912457484486904,0.24220193942984647
2018-12-11,0.0,0.0,0.0,0.5373784860768066,0.14418495553849514,0.0,0.0,0.0,0.0,0.0,0.07942334068823127,0.23901321769646702
2018-12-12,0.0,0.0,0.0,0.5399109991111491,0.14368754819080318,0.0,0.0,0.0,0.0,0.0,0.07890394515654246,0.23749750754150523
2018-12-13,0.0,0.0,0.0,0.539520349748099,0.14322550160247366,0.0,0.0,0.0,0.0,0.0,0.07777253165956927,0.23948161698985795
2018-12-14,0.0,0.0,0.0,0.542231119560293,0.14506162225397104,0.0,0.0,0.0,0.0,0.0,0.07656242836559105,0.2361448298201449
2018-12-17,0.0,0.0,0.0,0.5914161942528625,0.15688222922358858,0.0,0.0,0.0,0.0,0.0,0.0,0.25170157652354896
2018-12-18,0.0,0.0,0.0,0.40335228342418833,0.10706257972790056,0.2590402695527235,0.0,0.0,0.0,0.0,0.0519721120144688,0.17857275528071884
2018-12-19,0.0,0.0,0.0,0.4215633645324152,0.11392499793222961,0.2722421720394753,0.0,0.0,0.0,0.0,0.0,0.19226946549587998
2018-12-20,0.0,0.0,0.0,0.5076831913912835,0.13171137731607788,0.0,0.0,0.12985765074223496,0.0,0.0,0.0,0.23074778055040374
2018-12-21,0.0,0.0,0.0,0.5904200015627439,0.15309254760998395,0.0,0.0,0.0,0.0,0.0,0.0,0.2564874508272721
2018-12-24,0.0,0.0,0.0,0.5214712578877585,0.1345719145033842,0.0,0.0,0.12596361382061136,0.0,0.0,0.0,0.21799321378824582
2018-12-26,0.0,0.0,0.0,0.5203188405230285,0.13366548605656844,0.0,0.0,0.12562910892236145,0.0,0.0,0.0,0.22038656449804173
2018-12-27,0.0,0.0,0.0,0.5208201111117282,0.13147864014817667,0.0,0.0,0.12736977200972338,0.0,0.0,0.0,0.2203314767303717
2018-12-28,0.0,0.0,0.0,0.5203272408117573,0.1340961328039965,0.0,0.0,0.12705047451055115,0.0,0.0,0.0,0.2185261518736951
2018-12-31,0.0,0.0,0.0,0.35942962317457056,0.09548528637397691,0.2354516503391137,0.0,0.09312297519299666,0.06056100672874624,0.0,0.0,0.1559494581905961
2019-01-02,0.0,0.0,0.0,0.3705514856369561,0.09911810813178724,0.23371573585893107,0.0,0.08951376419179691,0.0577008156474586,0.0,0.0,0.14940009053307007
2019-01-03,0.0,0.0,0.0,0.3807364980813898,0.09890540210806854,0.23294373657266734,0.0,0.08805843468582082,0.05693986540032121,0.0,0.0,0.14241606315173216
2019-01-04,0.0,0.0,0.0,0.37466560833988427,0.09963581054631684,0.24077428792642003,0.0,0.08749135541077968,0.056590246543783716,0.0,0.0,0.14084269123281548
2019-01-07,0.0,0.0,0.0,0.3283177901563052,0.08770514235750376,0.22101573690898355,0.0993782807187745,0.0813489508631076,0.05331842499188324,0.0,0.0,0.1289156740034424
2019-01-08,0.0,0.0,0.0,0.32539611733377594,0.0895489716486945,0.22484574084250455,0.09685119625411057,0.08171579680556612,0.05346134276057216,0.0,0.0,0.12818083435477626
2019-01-09,0.0,0.0,0.0,0.324157133854831,0.08952097715469005,0.22653752009685252,0.09704399686626974,0.081406984321451,0.0537149400481759,0.0,0.0,0.12761844765772976
2019-01-10,0.0,0.0,0.0,0.32450892068449644,0.09047147720318835,0.22286441609589985,0.09498720928336746,0.09250880499029275,0.053646178086197004,0.0,0.0,0.12101299365655811
2019-01-11,0.0,0.0,0.0,0.312880229627684,0.08712195072132237,0.21376008740589714,0.09276325263368389,0.08960092129725607,0.05133797175489828,0.0,0.036283816121909646,0.11625177043734862
2019-01-14,0.0,0.0,0.0,0.3243707814068255,0.09007855550632266,0.2220350777119669,0.09577365410956405,0.09373272629755121,0.05321535262024676,0.0,0.0,0.12079385234752284
2019-01-15,0.0,0.0,0.0,0.3101579384950651,0.08668185052537904,0.21395791874599193,0.09275193161781045,0.0908439456729507,0.05153765967508659,0.0,0.03715586318406146,0.1169128920836546
2019-01-16,0.0,0.0,0.0,0.31132856773287493,0.08579179224881503,0.22029124215780357,0.09090093701083045,0.08909374036529694,0.05058071943661806,0.0,0.03637830416920652,0.11563469687855456
2019-01-17,0.0,0.0,0.0,0.3121710074115626,0.08569993180036545,0.21885457745150655,0.09121715104249133,0.08880908232760942,0.050575462579017544,0.0,0.03625269430651927,0.11642009308092778
2019-01-18,0.0,0.0,0.0,0.3290006107129044,0.09047567046756323,0.23021808678435327,0.09582804889705959,0.09336198479312116,0.0,0.0,0.038258603901431334,0.12285699444356704
2019-01-22,0.0,0.0,0.0,0.3289407110570857,0.08996046180851734,0.23139149114412877,0.09597181484512446,0.09144077301198958,0.0,0.0,0.03881087568122281,0.12348387245193135
2019-01-23,0.0,0.0,0.0,0.32983979788108225,0.08934517465269332,0.23138865337503003,0.09474568678059056,0.09202327061462007,0.0,0.0,0.038849069080644116,0.12380834761533972
2019-01-24,0.0,0.0,0.0,0.3328736011488165,0.08975719518077964,0.2283556644836919,0.09475298709199902,0.09135316990034006,0.0,0.0,0.03874269623741979,0.12416468595695312
2019-01-25,0.0,0.0,0.0,0.31706491539240705,0.08532280448740272,0.2166027009816559,0.09024373540581256,0.08702154739011546,0.05007558521018133,0.0,0.03715029829065741,0.11651841284176759
2019-01-28,0.0,0.0,0.0,0.32204758920439147,0.08562282647819017,0.21838434492889386,0.09126249289539569,0.08314317594747617,0.04754798140947552,0.0,0.038335861806148085,0.11365572733002892
2019-01-29,0.0,0.0,0.0,0.3220958905528702,0.08537959127156661,0.21825654377621392,0.09078713001326312,0.0831303624992883,0.04856316352035091,0.0,0.038285068791772674,0.11350224957467449
2019-01-30,0.0,0.0,0.032582266789353796,0.30957777038237955,0.08283025107075297,0.2124498194699482,0.08769909840039697,0.08040403524845248,0.04676576177959825,0.0,0.03717993871902102,0.11051105814009671
2019-01-31,0.0,0.0,0.03229099541099232,0.30874771562500136,0.08406540938841144,0.21198089288728644,0.08652372217104401,0.08137548993701832,0.047756544514735835,0.0,0.03759714172970126,0.10966208833580887
2019-02-01,0.0,0.0,0.03409590451193258,0.3076544634478018,0.08313649615161867,0.2007166727555916,0.0872515944863506,0.08485992214002361,0.05241356528557562,0.0,0.037599663860225244,0.1122717173608802
2019-02-04,0.03015685911069766,0.0,0.03252506363554088,0.3007449787992956,0.08271316149692134,0.19614551617813844,0.08345705072663966,0.08095603140177833,0.0495869349165577,0.0,0.036029787345600583,0.10768461638882974
2019-02-05,0.030269662718028105,0.0,0.03267480050681343,0.2997372052303646,0.08241326198947656,0.1958747358107519,0.08373307795323127,0.08091635247258613,0.05012014909608553,0.0,0.0365015378984315,0.1077592163242308
2019-02-06,0.030469589333603646,0.0,0.03263463579305957,0.298787388719855,0.08271645110360978,0.1937400871964933,0.08408143870212943,0.08169440469070686,0.050879537166562565,0.0,0.03669734646616168,0.10829912082781798
2019-02-07,0.0,0.0,0.033973710530996924,0.3081597349962995,0.0856920653307982,0.19964875286616912,0.08789711568363358,0.0832100299747326,0.051579254847802694,0.0,0.03816470927197749,0.1116746264975898
2019-02-08,0.0,0.0,0.034504790422317695,0.31104629374306814,0.08393573559234511,0.20109361097658407,0.08656773315613198,0.08230447248450233,0.05125477496671023,0.0,0.03753843836158169,0.11175415029675882
2019-02-11,0.0,0.0,0.0349436605326562,0.30690843440030185,0.08426368324936322,0.19918210496143843,0.08713628236888328,0.08560450061880602,0.05320681317400178,0.0,0.03737191129124358,0.11138260940330565
2019-02-12,0.03101214679362813,0.0,0.034160422055236846,0.2948758976524418,0.08145076351519935,0.18998183029482738,0.0854064107929452,0.08361664799439278,0.05196795664147831,0.0,0.036123234324420876,0.11140468993542932
2019-02-13,0.030796251941356944,0.0,0.034244975509752903,0.29465386473155947,0.08116610490625664,0.1911569451857379,0.08498785831786469,0.08360902815465983,0.05201633842464157,0.0,0.03601003556672037,0.1113585972614497
2019-02-14,0.031069492349732684,0.0,0.034397173518141706,0.2908706994192187,0.08115515978893453,0.19269906414640964,0.08564201684017392,0.08472335360914113,0.05199534462731616,0.0,0.036249635650192145,0.11119806005073934
2019-02-15,0.031112325527666365,0.0,0.03514485798384478,0.2896523166090482,0.08052220669321769,0.19446411193880211,0.08542651717323786,0.08400307566687376,0.0523235374235631,0.0,0.03627745491282285,0.11107359607092329
2019-02-19,0.03079717182529068,0.0,0.03494015401865693,0.2892587511309993,0.08055839757219488,0.1937557894443971,0.08512516613269411,0.08394079505098596,0.051672174647382205,0.0,0.0362028490079058,0.11374875116949308
2019-02-20,0.03132574998777591,0.0,0.035389921288248194,0.29081817565676527,0.08088897675525247,0.1955784584805776,0.08586033960765939,0.07961715828885658,0.05102186920051006,0.0,0.03633963240464348,0.113159718329711
2019-02-21,0.031629775127103354,0.0,0.03618379304836229,0.28949948807701964,0.07996627744628919,0.19683536403849744,0.08568526551261119,0.07887469010855075,0.051158720011921406,0.0,0.036246776048235556,0.1139198505814091
2019-02-22,0.03217726024132729,0.0,0.03745714892700603,0.28657223072054777,0.0792052086647637,0.1964039253325915,0.08769522374140547,0.07688203498269315,0.05076511321452603,0.0,0.03689942754249186,0.11594242663264724
2019-02-25,0.032405419372678324,0.0,0.03785380267534769,0.28479730945041026,0.07911496406450767,0.19320915438560707,0.08932752421824422,0.07729526259012663,0.05211611995732927,0.0,0.03708001502889038,0.11680042825685841
2019-02-26,0.03131288131690005,0.04355737890226604,0.03625118190244575,0.272207802531839,0.07554949383451134,0.184384708091275,0.08587860280753119,0.07392194703881239,0.04977650212411348,0.0,0.03528594151081352,0.11187355993949227
2019-02-27,0.03268394770151255,0.0,0.037842780665323816,0.2838347612535452,0.07852473343378846,0.19367417129369371,0.08966391509136948,0.07825565429281675,0.05248524273757158,0.0,0.036808990733988696,0.1162258027963897
2019-02-28,0.033709313514971216,0.0,0.03916102039666575,0.2808507502422932,0.07671334453144939,0.1919707675534588,0.09218217204205796,0.07746774023708276,0.05203972641713756,0.0,0.03714151078616809,0.11876365427871524
2019-03-01,0.03400464983887572,0.04701113575505805,0.03924007294988357,0.2785940921387917,0.07719277329357699,0.19633638428814243,0.09293760295894193,0.07728556374376502,0.0,0.0,0.037457430485412946,0.11994029454755169
2019-03-04,0.03612347452387128,0.0,0.04169728642040638,0.2924478412686393,0.08020555775071929,0.2070977228781372,0.09883051407615322,0.07624845524144469,0.0,0.0,0.03994093411576802,0.1274082137248606
2019-03-05,0.036180375699344736,0.0,0.04251103476421763,0.2915225694338582,0.07954983597006508,0.20804632305598086,0.09952227872660517,0.07635418471975963,0.0,0.0,0.03972654223854664,0.12658685539162198
2019-03-06,0.03765324434475981,0.0,0.04303287371130067,0.2916193961516106,0.08363327527087747,0.20478170913338356,0.09963337216655693,0.07561365878926203,0.0,0.0,0.039656775597364836,0.12437569483488423
2019-03-07,0.03731894854031375,0.0,0.04294017059479237,0.2927153093127381,0.08300355976164114,0.20516083193530515,0.09942813215843153,0.07507259491811463,0.0,0.0,0.040794309143798696,0.12356614363486455
2019-03-08,0.03845194879147697,0.0,0.0,0.2885680486106869,0.08241832273308287,0.20364227358450496,0.09983556085153467,0.07616886839589085,0.05034062518417078,0.0,0.041367585141351616,0.11920676670730024
2019-03-11,0.03687087373234695,0.0,0.04150997359974674,0.2761479187910796,0.0790498998721517,0.19690224882553314,0.095564729856057,0.07161468016619471,0.04630308713167924,0.0,0.039817435872477505,0.1162191521527333
2019-03-12,0.03657092421763416,0.0,0.04082353401086019,0.2767234376299238,0.07899720090197108,0.1976665201566184,0.09558583011772658,0.07135402325584377,0.04635471574795342,0.0,0.03940576666696492,0.11651804729450371
2019-03-13,0.03476673275182642,0.049730172661076155,0.03938381721935484,0.2624034145789388,0.07473327812957097,0.18664708198286342,0.09101753564579643,0.06741533718305977,0.04433695421427831,0.0,0.03810713627559442,0.1114585393576406
2019-03-14,0.03645149587177223,0.05192417198590928,0.04136566421391695,0.2748520430272437,0.078536837909218,0.19538490552382182,0.0955429752066409,0.07036212537852252,0.0,0.0,0.04003776535655674,0.11554201552639777
2019-03-15,0.035768307440647726,0.050988496147855944,0.040261727738270775,0.2607029087770521,0.07434887420384226,0.18626452555591094,0.09247458973729406,0.06574022643390486,0.04379349957802975,0.0,0.038464253612142875,0.11119259077504881
2019-03-18,0.03661704436859265,0.050816547341277093,0.0399709599630164,0.25762028120762515,0.07392740858867829,0.18323488677600375,0.09416767587834572,0.06582836217698194,0.04359924831276831,0.0,0.043082086205993096,0.11113549918071766
2019-03-19,0.036354328904823825,0.05041570940627694,0.039486890599357644,0.2606475316976218,0.07393419478156851,0.18380129578501717,0.09367931909538697,0.06536819645428615,0.043244198841775175,0.0,0.04285401888336427,0.1102143155505216
2019-03-20,0.036613441462576314,0.05064650019831957,0.04007635694491818,0.25734775690006595,0.07638098450306505,0.18232424812184098,0.09672246706520476,0.06521451384719999,0.042867795692409415,0.0,0.042898536074644784,0.10890739918975499
2019-03-21,0.03761192360599208,0.05116176704081177,0.04041739952663648,0.24954178378340738,0.07496608260173857,0.1779219129919967,0.10140949519243778,0.0682015262676175,0.043272151228503475,0.0,0.04429829444236332,0.11119766331849487
2019-03-22,0.03854268830874856,0.05330592125391566,0.040361181413263156,0.24816980945882877,0.07432381408326408,0.17720240271878174,0.10249877405310151,0.067721765144117,0.043187778310043716,0.0,0.04406410908093528,0.11062175617500056
2019-03-25,0.04009277999657882,0.05207073986883362,0.03835251630754367,0.23712811745343962,0.07137338654544051,0.17521979186967604,0.10669300007048323,0.07017361708484614,0.043931207166471586,0.0,0.05183325592108065,0.11313158771560625
2019-03-26,0.047440544916187405,0.052945589491071886,0.03753241406229438,0.22923449036513108,0.07043685181250288,0.16808957332046837,0.11839615270215735,0.06651048725879187,0.0428927555394869,0.0,0.05675045127043657,0.1097706892614712
2019-03-27,0.047350560026673504,0.05276084281435081,0.03746704857278287,0.22932861699208495,0.07025010930002458,0.16790664594916954,0.11826240955784668,0.06663145370316952,0.043328772917310264,0.0,0.05642875393893558,0.1102847862276517
2019-03-28,0.048863076405736665,0.0548079952099153,0.0386194447606726,0.24281765080064974,0.07261841202358836,0.17764926864704353,0.12263627615998497,0.06879777785983864,0.0,0.0,0.058230535653382196,0.11495956247918794
2019-03-29,0.04910586556012068,0.054680945917407874,0.0386455103929585,0.2456518692964747,0.07266054640245283,0.17847256340429707,0.12261066444152427,0.06577904270034453,0.0,0.0,0.05776858378520618,0.11462440809921337
2019-04-01,0.04847400695390433,0.054139128300445566,0.03801133093778909,0.24278415441796608,0.07219678813999696,0.1769203258907698,0.12169710832157551,0.06505435101906157,0.0,0.0,0.06352721996357079,0.11719558605492035
2019-04-02,0.05129297963271577,0.05312316799081457,0.037800630402537824,0.23102713438936473,0.06915846391871204,0.1681347962572983,0.11926493006585727,0.06474073352464872,0.0,0.025505943762453645,0.06237208806622679,0.11757913198937042
2019-04-03,0.05401328231201237,0.05521820037567118,0.03675923734859375,0.21574213190377775,0.06493924220316073,0.15281196425459742,0.13499491181323814,0.0593241729172246,0.03890997936614136,0.023301487460759274,0.05721288040793515,0.10677250963688836
2019-04-04,0.05368295876079567,0.0542099902829385,0.03623038434605633,0.2127131178855245,0.06298075643504683,0.14914486881364794,0.147007206112421,0.05872672912957879,0.038442758302501705,0.023029657259783176,0.0569246662273018,0.10690690644440368
2019-04-05,0.05350147163379189,0.053593807428310984,0.03569804331416068,0.21061553527487775,0.062191294392620555,0.14741141286380405,0.15199029841219558,0.05795906247569087,0.03792764203589803,0.02287097024282613,0.06022019371383143,0.10602026821199206
2019-04-08,0.052731091954478254,0.05380914196158261,0.03587243774349911,0.20766831789348922,0.06136182184818975,0.1470267061983486,0.1495893112936113,0.057641192766027374,0.03751751310918806,0.024477709029434927,0.05926710184504581,0.11303765435710493
2019-04-09,0.052339521102238745,0.05346445229583275,0.035692188850385664,0.20706377308468168,0.06139477533853514,0.1474048697852388,0.15048361088242643,0.05742118298933149,0.037337286516761554,0.02404737116544251,0.0597633284652713,0.11358763952385381
2019-04-10,0.05173869093479721,0.05339765536629325,0.03567996392324041,0.20707545403004976,0.06129394733890073,0.14686286971424115,0.15326060786524676,0.05696261774544972,0.03725548198512613,0.02435474454655766,0.058833575695056824,0.11328439085504025
2019-04-11,0.054255768361788116,0.05567483299768943,0.03727479093127393,0.21539507074477818,0.06378812911181683,0.15152444167593881,0.1595545923110762,0.058997503055566274,0.0,0.02580299730275416,0.06067924950816269,0.11705262399915531
2019-04-12,0.055248414608098824,0.0557836498146735,0.03692349972106644,0.21399167889299514,0.06347726526023986,0.1508896959053113,0.16135476494437656,0.057024434665446995,0.0,0.026353866892566784,0.061457574145823625,0.11749515514940097
2019-04-15,0.05527143275969722,0.05574064909400706,0.03739222580502038,0.21176298842586339,0.06285756409909769,0.15137447841510931,0.16220241976370534,0.05742873176026981,0.0,0.026493954822222856,0.06203616592909342,0.1174393891259134
2019-04-16,0.055598001648529384,0.05581511154850107,0.03730856870119045,0.212469239845372,0.06282470598374869,0.1503941352973321,0.1627602720024668,0.057436046844731074,0.0,0.02647855017387331,0.06145678194831172,0.11745858600594355
2019-04-17,0.05758998160631141,0.05713973908391898,0.03751280248710379,0.21212058158325287,0.06311456344909769,0.14901958946255942,0.16484015549463735,0.05787729394920422,0.0,0.02724295108712632,0.05474623259665947,0.11879610920012838
2019-04-18,0.05903295487523785,0.05943102807013334,0.03789436440945871,0.20763520147966916,0.06240965746609451,0.1458632080967316,0.1750286973362409,0.056774709476143645,0.0,0.027042944824671317,0.052705839657794386,0.1161813943078245
2019-04-22,0.05909800750045188,0.059574681415881806,0.03820215624534442,0.2076189098155469,0.06212515277466781,0.1466838719512874,0.17577152459310313,0.0568466065396661,0.0,0.027187781805188847,0.05240024876511321,0.11449105859374835
2019-04-23,0.05923051896014424,0.05957460165153841,0.038329124078576214,0.2076764953975016,0.06243290571800745,0.14668743025773331,0.17411789809701136,0.056991460333584744,0.0,0.026648252052700026,0.051183734031914875,0.11712757942128771
2019-04-24,0.05868941596476235,0.060570361515095116,0.03859204462072781,0.20537330726387318,0.062334805862957185,0.14322087325419955,0.17132363312564783,0.05934186046200393,0.0,0.026431877097909593,0.05064366893540636,0.12347815189741715
2019-04-25,0.05990977971354986,0.060508164361027635,0.03844936873899351,0.20463658512744431,0.06169663706685536,0.14262408147022665,0.17224424637276237,0.05963944300281406,0.0,0.02755114940256236,0.051165312306663095,0.12157523243710064
2019-04-26,0.05739966958354461,0.05788711984965169,0.03679020489661409,0.1984774163866111,0.059307743279998326,0.13661626258791607,0.16539923673651857,0.05755132624855717,0.03869817759455879,0.026416378845577994,0.04928451918383387,0.11617194480661759
2019-04-29,0.06078831225756294,0.05978415539732429,0.038847029876688484,0.20099753662575656,0.059825923392326646,0.13939616032288846,0.18610225775819317,0.05799169444580289,0.0,0.02556968670459518,0.049822426745938335,0.1208748164729231
2019-04-30,0.0612086796860105,0.05925140262599659,0.03883827205483811,0.20122170522017704,0.05974595406093413,0.14242689633556513,0.18592195331107167,0.057402038254096885,0.0,0.02537608377780773,0.04931602142026415,0.11929099325323828
2019-05-01,0.06091585376255818,0.0589920014397397,0.03893320036391515,0.20352815890675968,0.059736631946321096,0.14351109247294944,0.18544823065799873,0.05699187851801861,0.0,0.025835765059955135,0.048861180357418356,0.11724600651436605
2019-05-02,0.060413135714403085,0.05868883239363369,0.038836380590580706,0.20516982366639422,0.06016626185537246,0.14474464424029101,0.1812460970439454,0.05692689846403281,0.0,0.026098423097753294,0.049434381803923635,0.11827512112966966
2019-05-03,0.060249853960275636,0.059189853843598775,0.039519977539326734,0.2028890795112404,0.059865285256885836,0.1434780992730766,0.18493970720880215,0.05679290445708895,0.0,0.025277955928810027,0.04954598252780124,0.11825130049309371
2019-05-06,0.059609371541036626,0.058668160638770145,0.04003754392933842,0.20348555563271833,0.06014825792394112,0.14228838424080262,0.185052804790146,0.057127253797109215,0.0,0.025430954347998552,0.04981564319954062,0.11833606995859844
2019-05-07,0.062007171786399966,0.060433760701330365,0.03926487885538225,0.20636588905955489,0.061675403270046766,0.14467372792772554,0.19564226201309187,0.0581552331711058,0.0,0.0,0.05099499261785332,0.1207866805975094
2019-05-08,0.05759476021426387,0.05633966569279344,0.03802243675571784,0.20902504505215366,0.061351116646901065,0.1459950476910046,0.17799012785093046,0.05845895790462219,0.0,0.02553366969151378,0.04831570108794419,0.12137347141215486
2019-05-09,0.057450601734106904,0.05631111682707783,0.03801386467188998,0.20974898794283686,0.06122239378485912,0.14427982263901035,0.17777567434376348,0.05860958980290526,0.0,0.025480206607347473,0.04828195101702179,0.12282579062918085
2019-05-10,0.058540049329609836,0.056863860610158155,0.03699136009885899,0.20764760899624998,0.06056140224329619,0.142959962423857,0.18225416118834514,0.0580059875687852,0.0,0.025277301582345264,0.04811754487819002,0.1227807610803042
2019-05-13,0.06575470996415797,0.0,0.0,0.23707034598723256,0.06847911541321801,0.16327746247366273,0.2041412029444013,0.06546488767597348,0.0,0.0,0.05350479115217941,0.1423074843891745
2019-05-14,0.05508113240480013,0.054420954298848974,0.0,0.22694424086797743,0.06519341015315067,0.1565601868576275,0.16475254816840723,0.061676316913249415,0.0,0.027398034205140823,0.05131197750688383,0.13666119862391404
2019-05-15,0.05524867226834306,0.055291912516592406,0.0,0.22614525580915368,0.06478531909436151,0.15596389377302688,0.16543168407139802,0.06197905067334484,0.0,0.027502724505431536,0.05136997503623335,0.13628151225211468
2019-05-16,0.05480820594979244,0.055136514373626086,0.0,0.22421601629090587,0.06415694461555901,0.1544159149287126,0.16480795464440115,0.0655742580029633,0.0,0.02739548646838086,0.050912918679170256,0.13857578604648849
2019-05-17,0.054459561166074415,0.054967589039362906,0.0,0.22409464493750905,0.06452834281689541,0.15485628593918022,0.16398653004853567,0.06530643533620983,0.0,0.02756743236934983,0.051556248432907695,0.13867692991397507
2019-05-20,0.05366310840569333,0.054070049787020874,0.0,0.22678131547095912,0.06543425800690193,0.15606148645723827,0.16280592965208232,0.06593754858474239,0.0,0.0273143349720681,0.05103395014854143,0.13689801851475222
2019-05-21,0.05340626503961743,0.05390112117396309,0.0,0.22742950975795348,0.06564768516209038,0.15735393977379727,0.1628793042141215,0.06612708010783919,0.0,0.027272654494781466,0.049430281054711415,0.1365521592211247
2019-05-22,0.05280412346712428,0.0536322656977705,0.0,0.2278052752575616,0.06585445707449748,0.1576719476111202,0.16102818831736956,0.06614846795248727,0.0,0.028797237952782148,0.04953635573383413,0.13672168093545284
2019-05-23,0.05412682616644718,0.055129289513367055,0.0,0.23315102550492411,0.06750317225713683,0.16204712066206214,0.1655542628199772,0.06803176401630852,0.0,0.0,0.05094678455264405,0.14350975450713277
2019-05-24,0.05311185319990878,0.05487259548254066,0.0,0.2348093436702437,0.06873796024514243,0.16542271569141087,0.15993275659438358,0.06801579973912668,0.0,0.0,0.05154409492111797,0.14355288045612527
2019-05-28,0.05305480529491028,0.053787273853801505,0.0,0.2382550320506699,0.06903272906042236,0.16573880226562912,0.15928977228712723,0.06837975842477181,0.0,0.0,0.051468285002648675,0.1409935417600191
2019-05-29,0.05494886791113584,0.0,0.0,0.25182328711188606,0.07364428167912294,0.17475626596067323,0.16781480358212406,0.07710552011259121,0.0,0.0,0.05297602151407274,0.14693095212839388
2019-05-30,0.05187547228412102,0.052522356306146115,0.0,0.23925794568968792,0.0706481637528869,0.1664218887596645,0.15802495860688043,0.07329732161460063,0.0,0.0,0.04899481207985192,0.13895708090616046
2019-05-31,0.0,0.0,0.0,0.26681620387491756,0.07878113359891699,0.18117793587446304,0.17789278021268817,0.08180487946373682,0.0,0.0,0.05536713605708668,0.1581599309181908
2019-06-03,0.0,0.0,0.0,0.2635128921250665,0.07909331877802027,0.18704713514779883,0.1721758955329636,0.0805608953305695,0.0,0.0,0.05736576848185471,0.16024409460372657
2019-06-04,0.05320602499516403,0.054928112048870374,0.0,0.23487907702688074,0.07010041489047415,0.16609934424606929,0.1523616649781496,0.06790909133602503,0.0,0.0,0.050910334753869795,0.14960593572449704
2019-06-05,0.0509173012055329,0.05494546839820047,0.0,0.2385089637061653,0.06873356983750728,0.16950661993714713,0.1401375480150228,0.07126656047799586,0.0,0.0,0.051757036109348474,0.1542269323130796
2019-06-06,0.051891337277341985,0.05563366269170584,0.0,0.23814416825149864,0.06832686815938528,0.1692604141929092,0.14100812721713005,0.07179539091178028,0.0,0.0,0.05038914743680742,0.15355088386144145
2019-06-07,0.04911037873504108,0.05272156667717174,0.0,0.22700800635201876,0.06534859057512933,0.1613877702682054,0.13377279387983762,0.06861620768148617,0.04974502770846962,0.0,0.04793973190456426,0.1443499262180762
2019-06-10,0.0495889068430521,0.05292298037253619,0.03870716786296959,0.22814541942603306,0.0657825701896296,0.16231548528641324,0.13613671796645807,0.07008654446765754,0.0,0.0,0.04881151462399869,0.1475026929612519
2019-06-11,0.04977100798756514,0.05317978589827174,0.03863492793797925,0.22566289941015472,0.06550243856926247,0.1605081117001634,0.136856632248923,0.07117033647717656,0.0,0.0,0.04899503500182529,0.1497188247686784
2019-06-12,0.0495846214079491,0.053580870811066994,0.03866690438984769,0.22639549667185863,0.06550677481446278,0.1612913708334966,0.13589211554228503,0.07102229523897828,0.0,0.0,0.04875624265280878,0.14930330763724609
2019-06-13,0.04971427098819439,0.05329898378161251,0.03884356012304498,0.22677831719018535,0.0656803142643536,0.16186940973048078,0.1352636680974321,0.07070090476126525,0.0,0.0,0.049025580461119274,0.14882499060231175
2019-06-14,0.051741117398731835,0.055600377502767064,0.0,0.23554017252026366,0.06862146944874635,0.16815972722651326,0.14048575500002897,0.07318244211259427,0.0,0.0,0.0511538717169352,0.15551506707341947
2019-06-17,0.050594822893241326,0.053858165848367286,0.0,0.23806703061724863,0.06834780184608563,0.17319702169188597,0.13931244059823442,0.07218326076449318,0.0,0.0,0.049982305877280274,0.15445714986316325
2019-06-18,0.04677821122724657,0.048988945554916744,0.03563938757105101,0.2162362025094335,0.06218162674168978,0.15786321550730897,0.12636133633203717,0.0659918474143547,0.04639740387175152,0.0,0.04664309899489415,0.14691872427531583
2019-06-19,0.04820345856677596,0.04996872814765554,0.03584824951029394,0.22405916416295926,0.06451586115430855,0.15441115491086357,0.12127688005315358,0.06484875165563982,0.045082201153079766,0.0,0.046468892970667544,0.14531665771460242
2019-06-20,0.04910866988598641,0.05064625444281662,0.03632587896932689,0.22328958126202886,0.06572589706914257,0.1504841105161449,0.12150147855189734,0.06644029691879273,0.045830187225852206,0.0,0.04721027627579006,0.14343736888222142
2019-06-21,0.05008033327550044,0.05150574153402175,0.03661802005003442,0.2278371518763297,0.06737088381833847,0.14980612495518966,0.12260577720904492,0.059351437059471206,0.044864931094997666,0.0,0.048598883955017505,0.14136071517205423
2019-06-24,0.051128012493711655,0.052135535976383277,0.03753843804852732,0.22677626238763096,0.06708686016547177,0.14834410743888077,0.12307022343561323,0.06039257650210144,0.04596608528231344,0.0,0.0479698143557316,0.13959208391363448
2019-06-25,0.051031527405336743,0.05206324694138806,0.03755850041207567,0.22507289447724776,0.0662891709165884,0.14747180543601332,0.12298472299986106,0.06099572756966644,0.04744916554265857,0.0,0.04826620733361555,0.1408170309655482
2019-06-26,0.05076100407052074,0.0521738168107743,0.0378002207331878,0.22672529035383832,0.06670835340269927,0.14627019675054131,0.12204191472054085,0.06140726425288255,0.04789418193449308,0.0,0.04713391255711232,0.1410838444134094
2019-06-27,0.05082297707048374,0.05252579376806175,0.037707078161327096,0.23568543636095532,0.06869441555785812,0.14591557962115703,0.11983765847344255,0.05923317264901973,0.046954422155812116,0.0,0.04406492642850887,0.13855853975337365
2019-06-28,0.051257116599494335,0.053013565341650505,0.03795416872858214,0.23435093341355245,0.06872063692173482,0.1429734412680671,0.12044025035948698,0.05981599249171405,0.04737325167820935,0.0,0.04392584009248662,0.14017480310502184
2019-07-01,0.050733771414834455,0.05287409607291385,0.037836421472286275,0.23629380245031914,0.07008126091549091,0.1430620573122264,0.11958916261545588,0.0594828435196897,0.047013614419249,0.0,0.04357104872386557,0.13946192108366898
2019-07-02,0.05093098125822921,0.05351119694330578,0.038041951146207474,0.23967455702032323,0.07087048752055013,0.14502880038816537,0.1214403357200732,0.05556673268243109,0.047016429505898905,0.0,0.04420852299979527,0.13371000481502038
2019-07-03,0.05141142886737057,0.053889628350374065,0.03850089488862914,0.2402406922477989,0.07054426237013718,0.1456110396084579,0.12221105937420318,0.05241146949902236,0.04708520614264209,0.0,0.04334154919649827,0.13475276945486628
2019-07-05,0.05097144192561015,0.05350674408853304,0.03847359087287924,0.24015902728591645,0.07034453051212684,0.14607656160345003,0.12104851880217388,0.05245131232965595,0.047612852182409425,0.0,0.04290045843880354,0.13645496195844126
2019-07-08,0.05348950125890101,0.055718581761670764,0.04005351735525292,0.2339827774633144,0.06949053358406022,0.13771441676985466,0.12458919656399813,0.05362542758296845,0.047794581439249244,0.0,0.044897940106402724,0.1386435261143276
2019-07-09,0.05309282894915913,0.055325851992217255,0.039920860444709334,0.23393404906398804,0.06931271164317132,0.13894062108416827,0.125419148493005,0.05304779719501858,0.04765397331363057,0.0,0.045072800733916944,0.1382793570870157
2019-07-10,0.05178645566340927,0.05383377692806436,0.039264548926150285,0.2296660764224743,0.06843549241869427,0.13482648845096537,0.12229842845931942,0.05324957952693347,0.0481626976128975,0.018598773774740788,0.043936137033018685,0.1359415447833326
2019-07-11,0.05194122400631499,0.054130670968439175,0.03919663874144989,0.23376676814320793,0.06887004167073645,0.13476366871048726,0.12180404663883526,0.051662979282008484,0.047767914466085956,0.018012654714770197,0.043892187120306334,0.13419120553735805
2019-07-12,0.053074061184706964,0.05532101398534534,0.04013131123873873,0.22743329415425534,0.06682668803563072,0.13268057216190848,0.12409303196820112,0.05213166639330232,0.048561690177119005,0.018412331933755043,0.044148377885315504,0.13718596088172122
2019-07-15,0.05250572947322211,0.05483975871303979,0.03999313116917828,0.22849485171337866,0.06711826390879316,0.13308207214725437,0.12289890851036898,0.05236588930641135,0.04792239787513256,0.01829002442709692,0.046424507154818176,0.13606446560130567
2019-07-16,0.053558630296650506,0.05591714974254099,0.04071410538236726,0.23247840896953423,0.06803731639681083,0.13556665432898912,0.12589781502018724,0.053419028556761027,0.048136861451182636,0.0,0.04783622717906434,0.13843780267591177
2019-07-17,0.05361505313345038,0.05593360671194271,0.04083748108987754,0.23187031106933767,0.06822973996591004,0.1349152153987855,0.12572979047199434,0.05279473681285261,0.04793946854267568,0.0,0.048175967338782,0.1399586294643915
2019-07-18,0.05359702980245621,0.05637278786600512,0.041259550937845196,0.2328957539395741,0.0678810238335768,0.13420782956474941,0.12686622191466823,0.05164818827401739,0.044697230256887904,0.0,0.049282669428458326,0.1412917141817614
2019-07-19,0.054147540801163775,0.056387137154009774,0.041182947829099016,0.23334808297339443,0.06793777349308079,0.1354099723461999,0.12809493243397163,0.05082570815458431,0.04341194080832606,0.0,0.05027928830060006,0.13897467570557037
2019-07-22,0.0540361435802206,0.05688076066682677,0.041822287499120474,0.23393492341840605,0.06863727495645483,0.13583545602245747,0.12824333756889622,0.04917611985498264,0.043248944946564165,0.0,0.04890823951475213,0.13927651197131868
2019-07-23,0.05411205218658718,0.05698856967855809,0.041904918665969335,0.2342861723415046,0.06887316620185228,0.1356532193258126,0.1274648982658548,0.04924984642924276,0.042905677150060204,0.0,0.049025765636293864,0.1395357141182645
2019-07-24,0.05404314393653088,0.056944535624782945,0.04207209966857327,0.23491172330166657,0.06843119428538118,0.13694675018372685,0.12812702849290444,0.04919806365973618,0.04312845066068898,0.0,0.04878960670571264,0.1374074034802959
2019-07-25,0.053508751552740666,0.05664759863215492,0.04176187991919019,0.23595872373619195,0.06867485822519738,0.1383625679007627,0.127182927975807,0.0489866787903221,0.0427494508592719,0.0,0.04905121482826542,0.1371153475800957
2019-07-26,0.05365417312861242,0.05608059312673976,0.041774979656743545,0.23477512285295546,0.06880853402187082,0.1371372811162046,0.1277664580669172,0.04887115839675455,0.04247864937397891,0.0,0.04962284690257667,0.1390302033566461
2019-07-29,0.053670570156549885,0.05613873387486575,0.04179324285550614,0.23385564782279303,0.06867927218329402,0.1367726746027747,0.1282443864887575,0.0490968586388337,0.04399645441038535,0.0,0.04933914554107711,0.13841301342516293
2019-07-30,0.05225539993150218,0.054636273207700294,0.040693043908876306,0.2324770387612374,0.06739419226413089,0.13543452377235907,0.12451405363983742,0.04784352667866707,0.042856217774128104,0.018644896785471692,0.04799809503010696,0.1352527382459827
2019-07-31,0.05248617325271726,0.05409679398660408,0.04077491107734696,0.23152734298645,0.06696795469665467,0.13608270313332488,0.12421806104782804,0.04760772753867816,0.043631296930171946,0.018351973030415785,0.047725449922586136,0.13652961239722208
2019-08-01,0.05537914098906734,0.05876744375027635,0.0,0.2486160391915635,0.07102919944501787,0.14591166614223303,0.1327395201566637,0.04970803798512764,0.04491078021027569,0.0,0.05112215247340003,0.14181601965637491
2019-08-02,0.059198351116933445,0.06408735413545615,0.0,0.2256599763296336,0.06884823357516863,0.14400367715984635,0.14215846982034494,0.048821407069362825,0.046334504641425064,0.0,0.0553955917375223,0.14549243441430665
2019-08-05,0.06266065903609354,0.0,0.0,0.24135677346969012,0.07317311460292679,0.15652463585065976,0.15142308581904568,0.052076000219516395,0.04919747782010238,0.0,0.05907373344531849,0.1545145197366468
2019-08-06,0.054251916107187534,0.059983172574165404,0.0,0.22867722931691234,0.06822427659416816,0.1527774989284657,0.13536893721664764,0.0501053238074352,0.04792796736393179,0.0,0.054736042901382224,0.14794763518970405
2019-08-07,0.05372888848501371,0.060673105879392654,0.0,0.22928984259616,0.06859248053365906,0.15065877646336262,0.13359556442231288,0.05043694273865871,0.04840817995700441,0.0,0.05523852100930433,0.14937769791513153
2019-08-08,0.05744289866783365,0.06500431013203661,0.0,0.22613703920877254,0.06814353676769382,0.1486111464348631,0.14099111823082522,0.049305282796341124,0.04292005499103827,0.0,0.05403559736947595,0.14740901540111973
2019-08-09,0.05559250596295634,0.06535648598044093,0.0,0.22709774313246703,0.06875110297887076,0.14894426970085245,0.1405494783045709,0.049571024787571936,0.04293676022025619,0.0,0.0526136035441533,0.14858702538786012
2019-08-12,0.05951210963153053,0.0,0.0,0.2425059608510637,0.07387681039787493,0.15813729634712165,0.15064616565574587,0.0531186180760596,0.04613165490493146,0.0,0.05670530267322148,0.15936608146245076
2019-08-13,0.05446616324671642,0.06453937570886341,0.0,0.22166805532527342,0.06441915631840069,0.14366687257384067,0.13844567753458004,0.049279980515388455,0.043509276732237256,0.019688466718561042,0.052373273142931914,0.14794370218320677
2019-08-14,0.05864327957949394,0.0,0.0,0.24186632640278288,0.07051533379086376,0.15775693548662179,0.15039447130333228,0.0543431954775351,0.048094902604568494,0.0,0.057677899406725235,0.1607076559480765
2019-08-15,0.05464416349237005,0.0,0.0,0.24576850843806283,0.06759941114521215,0.16195515581430472,0.14441256178994344,0.05529782884415249,0.04857440838162701,0.0,0.05858555825455175,0.16316240383977557
2019-08-16,0.055464663166113023,0.0,0.0,0.24142830061905715,0.06760439971945409,0.16147537866242292,0.14566586872975865,0.05580462854610806,0.04902675866228465,0.0,0.05888615865324104,0.16464384324156034
2019-08-19,0.05137849322822565,0.06043395888411022,0.0,0.2272035886243642,0.0628985846311242,0.15247987453180376,0.13667752321525548,0.052335072766532535,0.04598909853690758,0.0,0.05510013653949411,0.15550366904218232
2019-08-20,0.0552316922238942,0.0,0.0,0.2405542418595766,0.06562025627327815,0.16083378511518825,0.14859257556870545,0.05512627341338937,0.04846859244411843,0.0,0.05882782721350034,0.16674475588834922
2019-08-21,0.051719212344147475,0.062274017439657964,0.0,0.22511040677404828,0.061308076432157986,0.14917058228027477,0.1402869415480547,0.051824913050925354,0.04511727812987917,0.0,0.0550872570249637,0.1581013149758907
2019-08-22,0.051824520463024944,0.06249501473942262,0.0,0.2241969944303962,0.06075392181412648,0.14886758897989033,0.13874405911740847,0.05175663853382638,0.04592283475336801,0.0,0.05559366402243306,0.15984476314610352
2019-08-23,0.055869872231582116,0.0,0.0,0.23589342640861302,0.06453737383459006,0.1567856634914187,0.14962445546571077,0.05538656374142617,0.04902689902512766,0.0,0.06093306104991909,0.17194268475161234
2019-08-26,0.05344119054031596,0.0,0.0,0.237044436256407,0.06433989653221904,0.16132058507510305,0.14991023250264993,0.05500766200070146,0.048408829727374376,0.0,0.06050966637206835,0.17001750099316082
2019-08-27,0.05331186056474208,0.0,0.0,0.24053380431363403,0.06429153079120739,0.1596809672953766,0.1525514755835843,0.05497628821482928,0.04774417673609155,0.0,0.059749175347724566,0.16716072115281022
2019-08-28,0.053339562631058254,0.0,0.0,0.23946079792372899,0.06313960238280311,0.1582358429478512,0.1527616584949643,0.055520347800302385,0.04598141145941336,0.0,0.05975635051291679,0.1718044258469616
2019-08-29,0.049944261039095716,0.0617567890213776,0.0,0.21721619299865713,0.0583337794737447,0.14295018237727977,0.14731255619543715,0.05007290126042555,0.041515233741259386,0.02166730579780067,0.05415695660574102,0.15507384148918144
2019-08-30,0.05062624945980061,0.06240988699180753,0.0,0.22177793556544512,0.05976716423364492,0.1451443714089405,0.15083618136292412,0.05071128272644269,0.0422137736327997,0.0,0.057517165610832574,0.15899598900736234
2019-09-03,0.0507393080824767,0.062365067998606694,0.0,0.22185077155863275,0.05970343917153387,0.14490599537340867,0.15084175174271958,0.050567015043718,0.04217823357245635,0.0,0.05747949482655798,0.15936892262988928
2019-09-04,0.050881995062789016,0.06366146602512145,0.0,0.22296588648692733,0.05991318997904453,0.1454017844903438,0.1498930257317621,0.04991848096616481,0.038608448360985634,0.0,0.05687786174003712,0.16187786115682412
2019-09-05,0.05045403711528434,0.062007984711819335,0.0,0.2269663042933036,0.0609926793960452,0.1479405493553057,0.1498241136969971,0.05060016482515737,0.03898798143025404,0.0,0.05670054680282896,0.1555256383730045
2019-09-06,0.05020179328460685,0.06250536652893285,0.0,0.21959375132921957,0.05849308737792365,0.14169929883490875,0.14970440056852222,0.0481249415193679,0.03415146069291647,0.02193302101537082,0.05675444034282722,0.15683843850540347
2019-09-09,0.05022742851327219,0.06288963586190666,0.0,0.21968005308332658,0.05831415836865804,0.14106582443203763,0.15052655525225725,0.04772262103891879,0.032601661088215446,0.022663594905373622,0.05678053068448603,0.15752793677154778
2019-09-10,0.04883341906350577,0.061018521940021025,0.044435396233943436,0.2064762430471671,0.05425999208464515,0.13113770458545915,0.14657374992615552,0.04629244559101988,0.03165876031104538,0.02194483193925123,0.055016453205781385,0.1523524820720047
2019-09-11,0.050734708267358083,0.06386159494445841,0.04658786089500075,0.20396880222028782,0.05429314764805923,0.12945009756299297,0.152391307016624,0.0476986008344128,0.03293669217967469,0.0,0.05638719694617,0.16168999148496122
2019-09-12,0.05058389110842633,0.06366260604892773,0.046508818086648314,0.2042176281319682,0.054278726420701806,0.1293661131512666,0.15290222984850282,0.047683619718449664,0.03296951569775436,0.0,0.05706191064929745,0.16076494113805667
2019-09-13,0.05045192369325629,0.06424819661073478,0.04792175770520833,0.20253308559530134,0.05348716572264934,0.13044834960843493,0.1568307076825274,0.04723069805556481,0.032666522453935615,0.0,0.05634546637908694,0.1578361264933003
2019-09-16,0.049901263557241886,0.06359659806537596,0.04753347340900266,0.1925136935974595,0.05048614195102581,0.12508805220217312,0.15718596353242625,0.04642123083542718,0.030666562285839628,0.02257777616724448,0.05512545686273293,0.15890378753405066
2019-09-17,0.05008576503568776,0.06337343669732959,0.04803822829663286,0.19105318033797755,0.049728316720946866,0.12503048910452488,0.1584990163254689,0.04824924709689823,0.030315687603643112,0.01868322263827224,0.05470236630988419,0.16224104383273372
2019-09-18,0.049782695068615726,0.06306048488029342,0.04778608736550038,0.19155100082683374,0.04997469078257758,0.12506367120008247,0.15921936488031666,0.04807551218329986,0.0301943187879331,0.01816957049895382,0.055028706048738156,0.16209389747685513
2019-09-19,0.0498132580249972,0.06310841486611611,0.04775292142936681,0.1920140421109876,0.05013264854832985,0.12512075833408595,0.15919807358702773,0.048652276802652356,0.029794662788652063,0.018121922072077235,0.05504932394695905,0.16124169748874811
2019-09-20,0.05005963741283174,0.06304702859601292,0.047867878452207545,0.19077858243167692,0.049897441495279964,0.1249636807904238,0.16117622816404686,0.04838566387931876,0.02971192282307906,0.01802653328974535,0.05629092861577543,0.15979447404960165
2019-09-23,0.049990308154704906,0.06306437054439741,0.048293670445446885,0.18990351538994102,0.04955567129972854,0.12280155210676083,0.16128702098533165,0.04838956945521586,0.029721677096877983,0.018165767390283284,0.05951962238789228,0.1593072547434195
2019-09-24,0.052357182675810174,0.06598498567627903,0.0,0.20028468396048005,0.05200565803141359,0.13036684079047717,0.16967435124066685,0.05058494434605428,0.029711713649413857,0.019011098180575423,0.06338840336886077,0.16663013807996885
2019-09-25,0.052412483577845476,0.06650251050990628,0.0,0.20001724393934114,0.0517620263937186,0.13084878314429924,0.17012067258662653,0.05078893033391082,0.029816731489001557,0.019056405083461802,0.06366181865136614,0.16501239429052256
2019-09-26,0.05321431733168502,0.06740248083424263,0.0,0.1970584396643719,0.051256978108889614,0.12971144020595451,0.17174555284312426,0.051498999221571425,0.028644851832363517,0.019344527657733975,0.06438481437843792,0.16573759792162507
2019-09-27,0.054036404571851396,0.06838217331732757,0.0,0.2001727336950353,0.052111873661952225,0.131881515326261,0.17491487669234349,0.054185236565213526,0.02908366325360572,0.0,0.06730938979456702,0.1679221331218428
2019-09-30,0.054040490416955037,0.068591146286649,0.0,0.19978048506602877,0.05210475877761917,0.13187149831280703,0.17637551852233496,0.053838094599772825,0.02865995914102568,0.0,0.06788477360112152,0.16685327527568602
2019-10-01,0.05303238560308826,0.06781753993704201,0.0,0.2017584608160619,0.0521697642727284,0.1355781863058869,0.17621267874090368,0.052342183112733455,0.027867785675458858,0.0,0.06691699043175786,0.16630402510433875
2019-10-02,0.05271833406202176,0.06748066810172178,0.0,0.2022990081522397,0.052372055802732166,0.1364290013508704,0.17664841565731257,0.052719641966079665,0.02788628554474866,0.0,0.06628281286218857,0.16516377650008465
2019-10-03,0.051923027928791096,0.0646676732407624,0.0,0.204670444318806,0.05296716393815636,0.1384872763494376,0.17271023533325647,0.052811840731467344,0.028054915393831203,0.0,0.06688092430923628,0.16682649845625522
2019-10-04,0.051694990202327804,0.06434246349779524,0.0,0.20151713496322657,0.05291477965409782,0.1377552716486149,0.17377790908306712,0.05375895790344569,0.028061880827421202,0.0,0.0663262587147915,0.16985035350521221
2019-10-07,0.05051556492084839,0.06327261017594159,0.0,0.20438856843608785,0.053461859368504894,0.13945537614789769,0.171602957527612,0.05377828533334838,0.027886198561596034,0.0,0.06731136852332677,0.1683272110048364
2019-10-08,0.05083064713745467,0.06365427653713861,0.0,0.20275393440733616,0.05326283138467989,0.13735249860183302,0.17281732269719033,0.05377051312812037,0.02799900183539493,0.0,0.06766067492590902,0.16989829934494302
2019-10-09,0.05012836307086321,0.06331145239198029,0.0,0.2038601926763003,0.053564097471634056,0.1378220714731581,0.17134216806393393,0.05371469603865964,0.027984179496684868,0.0,0.06762017326972539,0.1706526060470603
2019-10-10,0.04964598116813104,0.0627850902846384,0.0,0.20373491278218334,0.05327233051712164,0.1381305836702845,0.1702678741644611,0.0540327536499146,0.027931132033901174,0.0,0.06753488905729128,0.1726644526720728
2019-10-11,0.04757640701423871,0.059802319371158257,0.047829482493465726,0.19268248223139062,0.050239281240294836,0.13077030943885767,0.16334477848648693,0.052505361257027566,0.027044114297106195,0.0,0.06491316289791499,0.16329230127205843
2019-10-14,0.0498699690235817,0.060849734418126106,0.0,0.20048445022489905,0.0522179205154894,0.13790672740015705,0.1700431874131713,0.05621061073369337,0.028905768492528756,0.0,0.06853300106925911,0.1749786307090942
2019-10-15,0.04729359520419836,0.0575179333521234,0.04695972835761499,0.18982145518172366,0.04931141971066031,0.13021675526083817,0.16141795807227616,0.05438493744801211,0.027385811813312823,0.0,0.06787045109689364,0.16781995450234635
2019-10-16,0.04726050864954665,0.0570185219693482,0.04694590039642737,0.18816659174299682,0.04890050059287322,0.13073738676515959,0.16327710375374452,0.05439975247288082,0.027481439448804556,0.0,0.06834082172986881,0.16747147247834937
2019-10-17,0.04726154312769708,0.05704337099801298,0.04675332264707795,0.1874200344973229,0.04890259156784308,0.13024878801115372,0.16288392800068255,0.054298677893668545,0.027384904593604997,0.0,0.06923818084592126,0.16856465781701488
2019-10-18,0.047417279040442406,0.057141500530103334,0.046814217360113104,0.18804038209729368,0.049003003129790994,0.1308946603473834,0.16310297521455816,0.054520044337200195,0.027487177117728297,0.0,0.06906178734351263,0.1665169734818738
2019-10-21,0.04733864282523549,0.05771678736962943,0.046896409370769075,0.18843634824935632,0.04904351051058477,0.13165782534194947,0.16316464578794598,0.05474235090109144,0.027527173968233728,0.0,0.06903859388690164,0.16443771178830274
2019-10-22,0.04747967871786783,0.05773896201033998,0.046761872664207074,0.18687585281743616,0.04890217227035736,0.13151435319081123,0.16423994866016944,0.05473707405942199,0.02762503966521902,0.0,0.06892815085391478,0.1651968950902552
2019-10-23,0.04748646143797152,0.057755137208351424,0.04680444830672349,0.1866966849497266,0.048848260156323584,0.13158927552620064,0.16479787267031837,0.0549443344889579,0.027650219904285518,0.0,0.06879024071497213,0.16463706463616892
2019-10-24,0.047408148431179596,0.05845404370386416,0.04694571134903122,0.18640963305747743,0.048782230651353044,0.13144754561011116,0.16448849529619364,0.0548858816874402,0.02762943930047162,0.0,0.06918377175331247,0.16436509915956543
2019-10-25,0.04751166110137888,0.058379320516010344,0.047163501958772155,0.18506972867877602,0.04859092655319127,0.13029960587912742,0.1637828875448243,0.055389390433468036,0.02756978065577159,0.0,0.06882629667610843,0.16741690000257148
2019-10-28,0.04663662621026955,0.05707495508737111,0.04738555790009216,0.19359020550925338,0.048790274549073975,0.1314227284126732,0.15995180445493137,0.05741922200553435,0.02683484751868387,0.0,0.06619330437943143,0.16470047397268575
2019-10-29,0.04682847348168324,0.057678634533822874,0.047771435425372114,0.19239472060392862,0.048788864309075905,0.13066268785221946,0.1605550704564637,0.057022840770193185,0.02681000153380118,0.0,0.0658786895185381,0.1656085815149017
2019-10-30,0.04836046033184886,0.059957708830620786,0.05191977038214683,0.18753207487586598,0.04761177931569944,0.12358989715612644,0.1716145502225655,0.05533990798008728,0.025517232353668016,0.0,0.06709724988594395,0.16145936866542673
2019-10-31,0.04859557961780267,0.05951000842874531,0.05226593154360361,0.18530703526615938,0.046479945042037604,0.12418943208714922,0.17692719156852227,0.05498889043658393,0.02524352244035257,0.0,0.06749723851965433,0.15899522504938893
2019-11-01,0.04894010652353523,0.059951196522287746,0.052275167929039044,0.18330239221491137,0.04614941027232474,0.12267696856975356,0.1753041358322844,0.05635023456988524,0.02634155672852931,0.0,0.0688997642753377,0.15980906656211163
2019-11-04,0.050053737956006754,0.05975144702016409,0.05161813799222461,0.18250881735714827,0.0458798240463046,0.12242377225632978,0.17382902603955935,0.05622127444587365,0.026230311110870385,0.0,0.072468044469593,0.15901560730592562
2019-11-05,0.04959892619675754,0.059368409987428615,0.05122394029597715,0.17880483336943542,0.044585340390935584,0.11963815524600695,0.17135145360450127,0.0554473902035614,0.025840510003869267,0.018639076333058825,0.07061081666805136,0.15489114770041662
2019-11-06,0.05150356508206466,0.06125441918835589,0.05326420413891435,0.18201621425638057,0.04676347722651991,0.12219336663904497,0.17760140045802195,0.05540233939729023,0.025917496210471836,0.0,0.06794277842418611,0.1561407389787495
2019-11-07,0.05235511620052643,0.06142704945847631,0.05351412623384219,0.1808038357077994,0.046325166571956164,0.11931490931148717,0.1797526600154933,0.05513372528794937,0.025790179525800018,0.0,0.06748075441947722,0.15810247726719245
2019-11-08,0.055452269850737895,0.06715182930113915,0.0567867344431243,0.16750026033171447,0.044552933964808514,0.10896154527134903,0.1922571838719754,0.050784865904321574,0.023848155047637213,0.018647734579998715,0.06520164505182939,0.1488548423813642
2019-11-11,0.05602646631912753,0.06779860442627102,0.05652396621951868,0.17426501367682334,0.04560954409512214,0.11147345557943149,0.19623822020498383,0.0514270029278793,0.02388438677194615,0.0,0.06696993300934954,0.14978340676954702
2019-11-12,0.056970267574104436,0.06867948138080382,0.05664117185041063,0.17297020100984126,0.04543184120677693,0.110821088314928,0.19749782314474956,0.051207374878237726,0.023717640306821202,0.0,0.06779346885284473,0.14826964148048172
2019-11-13,0.05655277842403914,0.06725535679990097,0.0547770131478375,0.16979450916349,0.044915113505157284,0.10860947054896523,0.194895701517558,0.050628615843939025,0.02324712879601196,0.018348410790261293,0.06601647506794815,0.14495942639489146
2019-11-14,0.058088821432226864,0.06824602779275571,0.05497212875966084,0.1734342291297718,0.045913231823610436,0.11208357105215681,0.1973054998258528,0.0516989220706247,0.023734836042926772,0.0,0.06656937398837148,0.14795335808204202
2019-11-15,0.05733433390926914,0.06704873955372354,0.054376405200013724,0.16787890843172748,0.04457438077976809,0.10820680958857791,0.1990100283570057,0.050544030720178865,0.02323202430112054,0.018223467999847517,0.06464362426073421,0.1449272468980335
2019-11-18,0.05803979422605643,0.06805159965106539,0.05665197170522346,0.17245727999742458,0.04553741332982121,0.11099047823282279,0.20062090370575492,0.051455623753519794,0.023660183926852606,0.0,0.06570278568890006,0.1468319657825588
2019-11-19,0.06380754634389005,0.06855117760689404,0.05686093551927329,0.1693164450811998,0.04515835889285154,0.10772534082562772,0.20152961289737487,0.0521831278522463,0.023136848903013985,0.0,0.06588743328189825,0.14584317279573
2019-11-20,0.06435546147240137,0.06846454084500558,0.05643320374116583,0.16756150033545344,0.0443959988501749,0.10642539047422238,0.20319960157385425,0.05166840513368318,0.02295513396101158,0.0,0.06597405810156823,0.1485667055114594
2019-11-21,0.06315164959341883,0.06627743756622925,0.05503347910352529,0.1653942728914882,0.04416373141971046,0.10608583750543037,0.19743939472753383,0.051418986090426985,0.023144448591973444,0.01719622684823537,0.06485784944792132,0.14583668621410661
2019-11-22,0.06352748546076542,0.06625108184965,0.05498606166058976,0.16510309161462183,0.04408230348920776,0.10585627475641529,0.19990320587634014,0.05133516109187355,0.023217981046542456,0.017143086201408073,0.06217550773159097,0.14641875922099476
2019-11-25,0.06552748490002025,0.06716075470699777,0.05593162721212323,0.16533188321998568,0.04416939138009116,0.1057824903659473,0.19482133511463975,0.05170006292506166,0.023253207435614612,0.01718335997678365,0.06283284780424502,0.1463055549584899
2019-11-26,0.06506871370520201,0.06671934262728699,0.0557329338250646,0.16564483325279145,0.04420905113005416,0.10526612478816753,0.19320691435029938,0.051716190178559496,0.023298933784733803,0.017438673522582507,0.06284841420307097,0.14884987463218713
2019-11-27,0.06542265083549391,0.06642611854466042,0.05574827970622953,0.1641527584839672,0.04376949271483643,0.1043034527577532,0.19536083410769184,0.05281600287740937,0.024441631566753354,0.017467401876333916,0.06149575286783132,0.14859562366103934
2019-11-29,0.06687437482560109,0.0691877333544932,0.05819379205241999,0.16470220673766175,0.043795183964175005,0.10456809090795872,0.1964408344959807,0.05312316139694039,0.02501326044035912,0.0,0.06213137528217224,0.15596998654223782
2019-12-02,0.06752909562428354,0.0671120739790587,0.05549756173002067,0.16575791512788676,0.04441804857661722,0.10583531283804318,0.196378815027614,0.05647512533443349,0.026747540638324276,0.0,0.06140380844997377,0.15284470267374428
2019-12-03,0.06653558290194755,0.06707292465488526,0.05602970128653019,0.16697098979638422,0.04423774653379482,0.10613182269804111,0.1978130686218193,0.05753636250157062,0.02790006946928079,0.0,0.05913142283236147,0.15064030870338455
2019-12-04,0.06480177348255665,0.06595609005628453,0.055073814683533034,0.16418912929762464,0.042947077245638635,0.10465647824731229,0.1947619464274257,0.055912991454187856,0.027221479664390844,0.01721630812587448,0.05814630188291153,0.14911660943225985
2019-12-05,0.0638045899949787,0.06428936916320031,0.05412124699992179,0.16986839095211362,0.0435121706556836,0.10878428444935402,0.18966824620818784,0.05610047899949345,0.026657206785923572,0.0167176324296168,0.05868737543147673,0.1477890079300495
2019-12-06,0.06432197459372148,0.06445084477580958,0.0543046030259676,0.16921422314486195,0.04336718448986001,0.10860370510517237,0.18871530600141975,0.05642931793700908,0.02663065595185922,0.016879634101074858,0.05862865213328713,0.14845389873995674
2019-12-09,0.0636226193691417,0.06402287836002973,0.05465966615855259,0.170009032490319,0.04358662442957654,0.10916624004236081,0.18888471438442714,0.05576208038485536,0.02621144338636898,0.017020274895520784,0.0591119386018354,0.14794248749701203
2019-12-10,0.061813129823658206,0.06223639430194275,0.053361333477823486,0.17702362801710594,0.04476862568152783,0.11345428409515859,0.1855559264104024,0.05496017464144749,0.026859844956808137,0.016591953123844774,0.05901474626022431,0.144359959210056
2019-12-11,0.06068136985708979,0.06229558480060063,0.05276612984876155,0.17524636082349906,0.04467740203179728,0.11289402708361802,0.18415995608249935,0.054460728825398236,0.027153742280174385,0.022600316395627196,0.05819936237368369,0.1448650195972509
2019-12-12,0.060879396683144966,0.06231236989409542,0.05122330296895276,0.17440887069199276,0.04465955881498865,0.11261380437105707,0.18345709794340248,0.054183896816557754,0.02713478975581954,0.02403092094462339,0.05858116848848229,0.14651482262688278
2019-12-13,0.06081420885001522,0.06264850793669767,0.04988734344939388,0.17072848644494848,0.04385807158468446,0.11219158834384689,0.1842885720169736,0.055122391929528496,0.027804006726806618,0.024526969771362855,0.05731830337643196,0.15081154956930978
2019-12-16,0.06117942056300663,0.06256656771656215,0.0503621736371561,0.16781425262139152,0.043477936076177684,0.11023218170656654,0.185838565112208,0.05540240671170947,0.02799669021263803,0.02463629412846342,0.05782408236386741,0.15266942915025283
2019-12-17,0.06084454588497779,0.06108270210845297,0.04968820143713967,0.16916242841826357,0.04374836354945167,0.11264104201300311,0.18412847292027473,0.056664138870468304,0.027985991428825855,0.02445303437506853,0.056865290223893805,0.15273578877017996
2019-12-18,0.06094768862219619,0.060710080746325966,0.04931513942342609,0.16945148405249758,0.043807051412498396,0.1127922021504436,0.1817263847054118,0.05715934392685247,0.03093608466939874,0.02440710030863986,0.056093222489927576,0.1526542174923815
2019-12-19,0.06169339050657119,0.060577684783820966,0.04997264850179743,0.1694139006372329,0.04404313256830486,0.11273814866982193,0.18085308404223271,0.05717988486053653,0.03073598862013454,0.024884250476292367,0.05417290841183017,0.1537349779214244
2019-12-20,0.059897732532770386,0.058836188204114744,0.04839679471035187,0.16886864906453858,0.043634857007446515,0.11214225464869752,0.17544812186031764,0.05924439754584928,0.03306713696051479,0.02416808255342644,0.05171792783605392,0.16457785707591818
2019-12-23,0.05996669658462851,0.058950727088523926,0.048453705230295685,0.1698111735624419,0.04390657748603288,0.11249271822624946,0.1747453286419151,0.05925894902264908,0.032981532919989495,0.02402810954658028,0.05212730024517843,0.16327718144551526
2019-12-24,0.0603383717466103,0.058947195768126126,0.049899418064719155,0.16928134659564495,0.043738907359017865,0.11194120955750002,0.17470876458081785,0.05916072465559886,0.033060332539217724,0.024055179616640637,0.05192368603736998,0.16294486347873655
2019-12-26,0.05996029631723508,0.058477177655662474,0.04946764942655394,0.16743566138148963,0.04336612018478093,0.11183485998999232,0.17341972146840715,0.06092159195125549,0.033818624318739686,0.024663574288889985,0.05145934909552431,0.16517537392146897
2019-12-27,0.06186690078442006,0.059443363836582094,0.04938504209812742,0.16643678200121248,0.04292815143176811,0.11050088060615021,0.17380396701936027,0.059827645529106147,0.03377100624422603,0.02459299703171645,0.05155086196666352,0.1658924014506672
2019-12-30,0.06710854863269977,0.06607184081550029,0.048753147293182024,0.16136219495369336,0.04175255155051321,0.10730709671494844,0.18483282098679993,0.06009304890151869,0.03333890353696897,0.02436526632662945,0.050190229344770625,0.15482435094277539
2019-12-31,0.06647687767492169,0.06456704104766213,0.04887096951228865,0.16543829587694855,0.04203415365672014,0.10782014307938927,0.18331329456738277,0.060060251081565805,0.03295334360308762,0.024289919804438627,0.05080325732492222,0.15337245277067252
2020-01-02,0.06940903343781366,0.06489333175791732,0.048714507826664984,0.16400455111754064,0.04181355596460213,0.10712536258044458,0.18563835524825406,0.05975404839353314,0.03277866814212744,0.02415947778201515,0.05044539827651612,0.1512637094725711
2020-01-03,0.06960303374741411,0.06433318683704338,0.047439992568258475,0.16547584092097778,0.04174633625275595,0.11050041981096868,0.18226236700228468,0.060833798875404084,0.03312387557772591,0.024419503170298652,0.04975598909028811,0.15050565614658007
2020-01-06,0.07518923052236433,0.06267661288955827,0.04481081385381105,0.16217240758642654,0.04035166876048919,0.10923785797528116,0.18891404934727288,0.059113312050986494,0.03393822001180188,0.0239189981143697,0.04947698150521078,0.1501998473824277
2020-01-07,0.07690295495722477,0.06314120864534643,0.04487046187606185,0.16202239061126122,0.04034122732902849,0.10800583921203866,0.19056440841291847,0.0576715753743682,0.03384414866448728,0.023927235921182698,0.04948520124508714,0.149223347750995
2020-01-08,0.07642574837327985,0.06286947265696322,0.044940435075951614,0.16419001508263556,0.04094299236143439,0.1099562750552863,0.18831332786630225,0.058349361992999796,0.033693684455742896,0.023944531978287775,0.04806306501697977,0.14831109008413657
2020-01-09,0.07709609770036037,0.06724990321969163,0.04539302139642152,0.16430777910203317,0.04070610410311231,0.10803414805607944,0.19161860594054891,0.05683904201747746,0.03247583919458849,0.022453216153781694,0.047079266066458854,0.14674697704944623
2020-01-10,0.07658875399071659,0.06802014296277965,0.04556151385728115,0.16513517779986023,0.04100131588757936,0.1071737315459958,0.1895389227184572,0.056516071550728623,0.03222506062040579,0.02274859878877912,0.0471596398193288,0.1483310704580875
2020-01-13,0.07737421168408351,0.06935945446162987,0.04530029257452811,0.16639701427799436,0.04082386016646734,0.1062128932217331,0.18883130777052554,0.056291711787056886,0.03209396193977871,0.02256219848157272,0.04615800809400136,0.14859508554062836
2020-01-14,0.07688529650630066,0.06905530351083469,0.0440822066862173,0.16746419945334726,0.040862919276334474,0.1057395168156686,0.1899270429115426,0.05581645740749071,0.03202676912131639,0.02231943931180508,0.045189840677101606,0.15063100832204035
2020-01-15,0.07632566626439835,0.06885714966040946,0.043577040351885525,0.16672822953094266,0.040606179449694794,0.10539827192529769,0.18953870403470957,0.055596947717684427,0.03183169250257029,0.022324317023763394,0.04521593031516711,0.1539998712234769
2020-01-16,0.07739584649427783,0.06869394966367515,0.043175540182929614,0.1657117124795014,0.0402677920415547,0.10487202048795309,0.18900544097925903,0.05512387773071246,0.03143692358111432,0.022221121119527284,0.04492732002664394,0.15716845521285125
2020-01-17,0.07647549152932764,0.06869737658000663,0.04322869454761939,0.16828797196857698,0.04037597544343193,0.10506401079704392,0.18834004382576475,0.05526442385194421,0.03130741399147198,0.022099966408074222,0.04472828318834399,0.15613034786839447
2020-01-21,0.07745531694465363,0.06903183559256172,0.04320736813983753,0.16854745701029783,0.04022461705450175,0.10536296259527195,0.1878581753406488,0.05539822571524797,0.03136127542097311,0.022219071033536306,0.04486056717644719,0.15447312797602225
2020-01-22,0.07996207945926942,0.07008023764375702,0.04072364763681721,0.17249395452418226,0.041208059822020374,0.10762991588425226,0.1917869981082207,0.057574262826145306,0.032265715959380076,0.0,0.04599446473760031,0.16028066339835492
2020-01-23,0.07966940633059551,0.0698992196592881,0.04041139383153163,0.17203397797224007,0.04107419355468953,0.10765051147018381,0.19056333530558253,0.05802161977337391,0.03280861987176431,0.0,0.04559568013101983,0.16227204209973067
2020-01-24,0.08038987768397257,0.07007153778385045,0.040164261106191416,0.17371383335801086,0.04124834075881016,0.10872486397769425,0.18615779234681243,0.05840137089363037,0.03356450660861152,0.0,0.045988835470062814,0.16157478001235323
2020-01-27,0.0778603728806447,0.07045522010633577,0.04027514737688196,0.1767500474451252,0.04184826662617097,0.11086112104308776,0.17916046197868,0.05990541416254492,0.03343462755101663,0.0,0.04664587899694192,0.16280344183257012
2020-01-28,0.07244234095876262,0.06397755473447858,0.03713822657452826,0.18149995935949365,0.042539382139137646,0.11659491532309327,0.170553715923623,0.06220017748030955,0.03490625066656527,0.0,0.04872185172537069,0.1694256251146375
2020-01-29,0.07194305785545917,0.06417069541074755,0.03775582924474121,0.18727118910746154,0.04405339474881854,0.1198233963312236,0.15522712748204262,0.062309479575794566,0.03282664970657275,0.0,0.049716310004606044,0.1749028705325325
2020-01-30,0.07128480463316572,0.06348319341013176,0.03746601259903373,0.18872032509395825,0.04393521443621887,0.12086895604386508,0.15651548109818325,0.0624962541269986,0.03263657966184629,0.0,0.04899245955356564,0.17360071934303278
2020-01-31,0.0725504008606935,0.06451245115350568,0.03727359428950359,0.18823514911356087,0.04389632029425158,0.12059106158704731,0.15998164854392397,0.06233478293802114,0.031942447598050004,0.0,0.04887138980432694,0.1698107538171155
2020-02-03,0.06603314066398461,0.06127892517378796,0.03684314861906158,0.19158917583230198,0.04530768092190496,0.12538807075468783,0.15841138035781013,0.06314779825342923,0.03233903382384673,0.0,0.04888309543954445,0.17077855015964064
2020-02-04,0.06425986890728393,0.06022806371582317,0.035940982699468944,0.19598356716016702,0.04542196714737115,0.12837547988448028,0.15612153966174713,0.06616188153398085,0.032293214578326415,0.0,0.05035315284737837,0.1648602818639728
2020-02-05,0.06262733668362577,0.05812817122279397,0.03498804262144496,0.19498993555029678,0.045475225583417586,0.13381815599603142,0.1529587619412841,0.06459394647461981,0.03309548111992749,0.0,0.050873361447362285,0.1684515813591958
2020-02-06,0.05969464638839005,0.05583627292574044,0.034199989487227106,0.20120190661908383,0.04569672229003193,0.14207348483352494,0.14655558121227757,0.0679262195525532,0.0342931614939747,0.0,0.050608750314805065,0.16191326488239108
2020-02-07,0.05946524228050405,0.055612299521339406,0.034326543199864154,0.20099558864584835,0.04563886656131353,0.1421553300874113,0.14610692770714426,0.06847399647731099,0.03496668690702921,0.0,0.0504932613515449,0.16176525726068983
2020-02-10,0.05949750434714908,0.0550285806786227,0.03422609561935528,0.19953742269325325,0.04523852962677302,0.14160606191190775,0.14680122403056678,0.06928853632196996,0.035161839980197035,0.0,0.05091865843969644,0.16269554635050873
2020-02-11,0.05908613896438699,0.055070903504262685,0.034330435287800665,0.19975319484855408,0.045350722092298436,0.14133838405541357,0.14682242056614406,0.06938591883008963,0.03519905621716855,0.0,0.050764193353498556,0.16289863228038284
2020-02-12,0.059192427355791895,0.054899991048033,0.034176667664758076,0.1996018042513779,0.045366623339508264,0.14113599138621052,0.1474915963593177,0.06919807138384267,0.03514863304747579,0.0,0.05103506491227923,0.16275312925140495
2020-02-13,0.05866632413816251,0.054748250232059474,0.03366578226337907,0.20103817191564147,0.04553229591250872,0.14424225538077173,0.14630545932698713,0.06908438617659642,0.03480777494401016,0.0,0.0510316690642957,0.16087763064558755
2020-02-14,0.05888714213431635,0.054372980726164685,0.033223106482658915,0.2009350888135403,0.045396631407316215,0.14362747434263287,0.14724980797136444,0.06877243631483326,0.03462121239102967,0.0,0.05087206094623092,0.16204205846991224
2020-02-18,0.058816283858284864,0.054259949622394776,0.033194009555379184,0.20162974398499756,0.04526879555264073,0.14285907157105376,0.14762166872323212,0.06856309084175435,0.03453593370533593,0.0,0.050224544310065046,0.16302690827486155
2020-02-19,0.05900519545597151,0.05415583759635733,0.03327357542264522,0.2024404774466513,0.045667323909292595,0.1437631173611377,0.15070897770437586,0.06636980460423261,0.03309245440681927,0.0,0.05048576633120146,0.16103746976131525
2020-02-20,0.05913711032378296,0.05445919031388807,0.03319644499017658,0.20428689034150085,0.046175122298545326,0.14294521773503616,0.15205059989094757,0.06594985816954159,0.0327336178945255,0.0,0.04876447992141379,0.16030146812064133
2020-02-21,0.05892271678263927,0.05413972336068723,0.032641392352666006,0.2041998536216521,0.04623570569996942,0.14344478072687247,0.15198178384602537,0.06685479311936761,0.03272296718342212,0.0,0.049760176720856995,0.1590961065858413
2020-02-24,0.061251871598780865,0.0,0.03484482758349148,0.21707550604098985,0.049026070667764265,0.1540758761168121,0.16479764565972768,0.06847410492221495,0.03503185469404294,0.0,0.05348324966411613,0.16193899305205972
2020-02-25,0.054621495254603046,0.0,0.0,0.23005767771644894,0.051700377705705194,0.1682034450981304,0.1525597000294648,0.07398352231753301,0.038000243949447836,0.0,0.05581560784422729,0.1750579300844394
2020-02-26,0.04832746175156538,0.0,0.03443635762072404,0.2286948021599435,0.05151828400267745,0.16836486083259714,0.14396968121178383,0.0671786009020609,0.03438321635667464,0.0,0.05095230499500507,0.17217443016696804
2020-02-27,0.0,0.0,0.0,0.26519339591272467,0.059451617324551065,0.19029788537427564,0.16675803808411976,0.07855910734299884,0.040032185242451,0.0,0.0,0.19970777071887894
2020-02-28,0.0,0.0,0.0,0.2897646708894303,0.06385878452102026,0.19937683823781374,0.1553213429274279,0.0855217382922733,0.0,0.0,0.0,0.2061566251320347
2020-03-02,0.049215462271780155,0.0,0.0,0.2538824899531083,0.06039922241243511,0.17546564891845456,0.14890713752336696,0.06464698854882786,0.0,0.0,0.04603475379503428,0.20144829657699267
2020-03-03,0.0,0.0,0.0,0.26500726957161647,0.06321845546275183,0.18628647299246082,0.1449986064051112,0.06580104045805488,0.0364959696504624,0.0,0.041640243914301704,0.19655194154524072
2020-03-04,0.040515186847676625,0.0,0.0392374845634402,0.2394342735348453,0.060845254816122775,0.16186047911266194,0.13942368238705144,0.057117744581408586,0.034558235747372816,0.0,0.04036458812374087,0.18664307028567942
2020-03-05,0.0,0.0,0.0,0.2660290440934665,0.06651562973738102,0.17994428394174278,0.13875104636194335,0.06331776906945129,0.03832305699801031,0.0,0.041616962228903626,0.20550220756910098
2020-03-06,0.0,0.0,0.0,0.4357302293869207,0.10352003282194418,0.2954737752712487,0.0,0.10126707739696321,0.06400888512292345,0.0,0.0,0.0
2020-03-09,0.0,0.0,0.0,0.46115705618167585,0.09556904684503963,0.3274851785168426,0.0,0.11578871845644197,0.0,0.0,0.0,0.0
2020-03-10,0.0,0.0,0.0,0.5126409266657299,0.10281454267891608,0.2551733977952136,0.0,0.12937113286014038,0.0,0.0,0.0,0.0
2020-03-11,0.0,0.0,0.0,0.44836970954429695,0.09232061342704788,0.0,0.0,0.13016849108950662,0.0,0.0,0.0,0.3291411859391486
2020-03-12,0.0,0.0,0.0,0.0,0.16002031411101472,0.0,0.0,0.23805367355060006,0.0,0.0,0.0,0.6019260123383852
2020-03-13,0.0,0.0,0.0,0.2817044536676926,0.12368280430376832,0.0,0.0,0.15948949172108046,0.0,0.0,0.0,0.43512325030745863
2020-03-16,0.0,0.0,0.0,0.32834029719144464,0.1488326740395489,0.0,0.0,0.18342718076120093,0.0,0.0,0.0,0.3393998480078055
2020-03-17,0.0,0.0,0.0,0.0,0.21873569388965042,0.0,0.0,0.3069047430891788,0.0,0.0,0.0,0.47435956302117077
2020-03-18,0.0,0.0,0.0,0.0,0.2970783093336359,0.0,0.0,0.0,0.0,0.0,0.0,0.7029216906663641
2020-03-19,0.0,0.0,0.0,0.0,0.2871186423627663,0.0,0.0,0.0,0.0,0.0,0.0,0.7128813576372336
2020-03-20,0.0,0.0,0.0,0.0,0.29701697636918784,0.0,0.0,0.0,0.0,0.0,0.0,0.7029830236308121
2020-03-23,0.0,0.0,0.0,0.302167848617688,0.1290893143988801,0.0,0.0,0.2324270315694974,0.0,0.0,0.0,0.33631580541393463
2020-03-24,0.0,0.0,0.0,0.2990249775600589,0.1310376517023991,0.0,0.0,0.22062311877574833,0.0,0.0,0.0,0.3493142519617937
2020-03-25,0.0,0.0,0.0,0.3058557270406377,0.13371916033193365,0.0,0.0,0.2071258689611911,0.0,0.0,0.0,0.3532992436662376
2020-03-26,0.0,0.0,0.0,0.30557083913228084,0.1345921363166331,0.0,0.0,0.20685167990020562,0.0,0.0,0.0,0.3529853446508805
2020-03-27,0.0,0.0,0.0,0.308840762145477,0.13619783074963782,0.0,0.0,0.2081469263751475,0.0,0.0,0.0,0.34681448072973775
2020-03-30,0.0,0.0,0.0,0.30982423092539296,0.13593897043338493,0.0,0.0,0.20845759032934988,0.0,0.0,0.0,0.34577920831187214
2020-03-31,0.0,0.0,0.0,0.3099698212350261,0.13577221693568042,0.0,0.0,0.20869013080185012,0.0,0.0,0.0,0.3455678310274433
2020-04-01,0.0,0.0,0.0,0.31195365364115507,0.13671710984129726,0.0,0.0,0.20346980039318194,0.0,0.0,0.0,0.34785943612436565
2020-04-02,0.0,0.0,0.0,0.31197311976623704,0.13680145092854554,0.0,0.0,0.20383813698444786,0.0,0.0,0.0,0.34738729232076954
2020-04-03,0.0,0.0,0.0,0.3126103166444896,0.13720510660116833,0.0,0.0,0.20255885595171724,0.0,0.0,0.0,0.3476257208026248
2020-04-06,0.0,0.0,0.0,0.3126901816863817,0.13743633757208018,0.0,0.0,0.2028999834818957,0.0,0.0,0.0,0.3469734972596425
2020-04-07,0.0,0.0,0.0,0.3137741289768512,0.13803125082873136,0.0,0.0,0.19945320444271633,0.0,0.0,0.0,0.34874141575170114
2020-04-08,0.0,0.0,0.0,0.2704783711971143,0.11866883234386515,0.1411956000144068,0.0,0.1718106175174409,0.0,0.0,0.0,0.2978465789271728
2020-04-09,0.0,0.0,0.0,0.2709188906584589,0.1187174504463713,0.14041223049479756,0.0,0.17191914689072196,0.0,0.0,0.0,0.2980322815096504
2020-04-13,0.0,0.0,0.0,0.27182296286617136,0.1204299998346601,0.1361911199484448,0.0,0.1710573713945307,0.0,0.0,0.0,0.300498545956193
2020-04-14,0.0,0.0,0.0,0.271841878453788,0.12045224206022379,0.13622479166853846,0.0,0.17028054247556565,0.0,0.0,0.0,0.30120054534188406
2020-04-15,0.0,0.0,0.0,0.27216436345327166,0.12064212546360531,0.13630557928959874,0.0,0.17034636273434275,0.0,0.0,0.0,0.3005415690591815
2020-04-16,0.0,0.0,0.0,0.27265068674471027,0.12020880470211473,0.1365331730912777,0.0,0.17050517551825536,0.0,0.0,0.0,0.30010215994364187
2020-04-17,0.0,0.0,0.0,0.2728461729713823,0.1202344588387047,0.1365581471145726,0.0,0.1705397972553477,0.0,0.0,0.0,0.29982142381999266
2020-04-20,0.0,0.0,0.0,0.2736139757228702,0.1200860221067858,0.13695930315660124,0.0,0.16881638439251237,0.0,0.0,0.0,0.30052431462123036
2020-04-21,0.0,0.0,0.0,0.27364869569334016,0.12012481337528969,0.13692509208068465,0.0,0.16873533052260198,0.0,0.0,0.0,0.3005660683280836
2020-04-22,0.0,0.0,0.0,0.27377555513259116,0.12005508728714276,0.1369393819048787,0.0,0.1685552366227044,0.0,0.0,0.0,0.30067473905268305
2020-04-23,0.0,0.0,0.0,0.2743252917823066,0.1201880353693139,0.13716090842016182,0.0,0.16731910661859403,0.0,0.0,0.0,0.30100665780962366
2020-04-24,0.0,0.0,0.0,0.27420464013707246,0.12035330233866373,0.13706953054789467,0.0,0.16746972238010202,0.0,0.0,0.0,0.30090280459626717
2020-04-27,0.0,0.0,0.0,0.2742803720804697,0.120449968781772,0.1371125597343314,0.0,0.16738531192333597,0.0,0.0,0.0,0.30077178748009104
2020-04-28,0.0,0.0,0.0,0.2742108913117728,0.11984279551736735,0.13717879628751942,0.0,0.1673685713931465,0.0,0.0,0.0,0.3013989454901939
2020-04-29,0.0,0.0,0.0,0.274013051851183,0.11974547422833882,0.13713835543042496,0.0,0.16724172951561295,0.0,0.0,0.0,0.30186138897444015
2020-04-30,0.0,0.0,0.0,0.2740189131511858,0.11965046770819807,0.1370259353432176,0.0,0.16746499228243128,0.0,0.0,0.0,0.3018396915149672
2020-05-01,0.0,0.0,0.0,0.27469876329737886,0.11997647659480656,0.1371766450885815,0.0,0.16693907511897296,0.0,0.0,0.0,0.3012090399002602
2020-05-04,0.0,0.0,0.0,0.2746298808065051,0.1201995255371555,0.13705634421521332,0.0,0.16674242948925597,0.0,0.0,0.0,0.30137181995187007
2020-05-05,0.0,0.0,0.0,0.2748453626540648,0.12018970023487081,0.13715987179837222,0.0,0.16692616959666576,0.0,0.0,0.0,0.30087889571602644
2020-05-06,0.0,0.0,0.0,0.2748677600977576,0.12017929928538983,0.13716476741927644,0.0,0.16686408226946636,0.0,0.0,0.0,0.30092409092810973
2020-05-07,0.0,0.0,0.0,0.27522747416979665,0.11990389427621785,0.1372437658732231,0.0,0.1663743537687315,0.0,0.0,0.0,0.30125051191203095
2020-05-08,0.0,0.0,0.0,0.2755255360751588,0.11981707958733291,0.13741642169199278,0.0,0.16581301740952542,0.0,0.0,0.0,0.3014279452359901
2020-05-11,0.0,0.0,0.0,0.3194462797232564,0.13862134196388254,0.0,0.0,0.19207758498107522,0.0,0.0,0.0,0.34985479333178576
2020-05-12,0.0,0.0,0.0,0.2755946193083283,0.11952164453424116,0.1374117498708233,0.0,0.16567489575425623,0.0,0.0,0.0,0.30179709053235104
2020-05-13,0.0,0.0,0.0,0.27565233176676973,0.1194856775645757,0.1372457331408927,0.0,0.16577047646735557,0.0,0.0,0.0,0.30184578106040627
2020-05-14,0.0,0.0,0.0,0.2754882204670595,0.11941822250061535,0.13716627398269635,0.0,0.16597441204337898,0.0,0.0,0.0,0.3019528710062498
2020-05-15,0.0,0.0,0.0,0.2754964821467111,0.11940060188036773,0.1370550472703714,0.0,0.16588857662574366,0.0,0.0,0.0,0.3021592920768061
2020-05-18,0.0,0.0,0.0,0.2518215738575991,0.10911544072739278,0.12524464449647094,0.0,0.1515501083457479,0.08594862924765437,0.0,0.0,0.2763196033251348
2020-05-19,0.0,0.0,0.0,0.2521611303481953,0.10843556702924113,0.12535845426521117,0.0,0.1522631561827763,0.08585624213957362,0.0,0.0,0.2759254500350026
2020-05-20,0.0,0.0,0.0,0.2523276206763117,0.10870507967307645,0.12536865755733848,0.0,0.15222958792418712,0.08543545083130819,0.0,0.0,0.275933603337778
2020-05-21,0.0,0.0,0.0,0.2516980254103069,0.10847541063647231,0.1248049310061849,0.0,0.15345278915836313,0.08632228363947542,0.0,0.0,0.2752465601491973
2020-05-22,0.0,0.0,0.0,0.2521041654576496,0.10871136090817218,0.12502106538954247,0.0,0.15263475914089955,0.08598634544457925,0.0,0.0,0.2755423036591569
2020-05-26,0.06505681966017296,0.0,0.0,0.23547905036458702,0.10163506521212906,0.11684603101942671,0.0,0.14247643904384286,0.0804091766387495,0.0,0.0,0.25809741806109193
2020-05-27,0.0645102072841018,0.0,0.0,0.23446262958758646,0.10116971280973802,0.11620008438929322,0.0,0.14637990375349652,0.08226205501166114,0.0,0.0,0.25501540716412285
2020-05-28,0.06504352188443938,0.0,0.0,0.23412618272548183,0.1011256652134975,0.11600897345844512,0.0,0.14625232269792196,0.08206677196060885,0.0,0.0,0.25537656205960524
2020-05-29,0.06497214962540286,0.0,0.0,0.23342686223072562,0.10076415094381068,0.11556381859384447,0.0,0.14953559971553754,0.08220392196533712,0.0,0.0,0.2535334969253419
2020-06-01,0.08797083417777547,0.0,0.0,0.3126565848829146,0.13521637068091114,0.15472995823355282,0.0,0.20010931244087743,0.10931693958396868,0.0,0.0,0.0
2020-06-02,0.07638659347659028,0.0,0.0,0.26972403789901406,0.11746384551877893,0.13340466943498683,0.13434250255119728,0.17487309574785986,0.09380525537157276,0.0,0.0,0.0
2020-06-03,0.06585231180075378,0.0699558516745114,0.06431654666384515,0.23308483225856233,0.10536324045024502,0.11490107285044729,0.11568658612506318,0.15025334186144534,0.08058621631512664,0.0,0.0,0.0
2020-06-04,0.07858504715077846,0.0,0.0,0.26674516456142444,0.12181178355676939,0.1330907893604809,0.13758250812485043,0.17003067753253368,0.09215402971316257,0.0,0.0,0.0
2020-06-05,0.06806099365597552,0.071838174990999,0.06533537094124485,0.22938306369181855,0.10806183655454751,0.11453002944839248,0.11766237077042636,0.1465654876709515,0.07856267227564423,0.0,0.0,0.0
2020-06-08,0.06502070405557125,0.06902425711171492,0.06217084706892203,0.21964721704105558,0.10413774427111229,0.11031915920488358,0.11176477759617084,0.1360360010121631,0.07363554292246725,0.0,0.048243749715939206,0.0
2020-06-09,0.06822769527413479,0.07542630194238244,0.06513582522782438,0.2508714016965657,0.10110187950677785,0.11305868112066386,0.11272553396968954,0.13921673307210644,0.07423594818985507,0.0,0.0,0.0
2020-06-10,0.07011377798609394,0.0754129412649259,0.06554202721798476,0.2494247838386149,0.09875599326079301,0.11422949752005189,0.11137271654351995,0.13988383347994937,0.07526442888806621,0.0,0.0,0.0
2020-06-11,0.10186054994896278,0.0,0.0,0.32417113238925466,0.13506984337817804,0.14486543492022022,0.0,0.17665837389266434,0.11737466547071987,0.0,0.0,0.0
2020-06-12,0.09514661647312105,0.0,0.0,0.34082937152493836,0.1424721185195985,0.14394498124529942,0.0,0.1680747107142834,0.10953220152275919,0.0,0.0,0.0
2020-06-15,0.07416249899823416,0.0,0.0,0.36000268908933375,0.11816379370047127,0.11777132335345722,0.11353095724073753,0.12870483887227846,0.08766389874548766,0.0,0.0,0.0
2020-06-16,0.06864748425725788,0.0,0.0,0.3894542892843818,0.1118395959352952,0.12059034780860067,0.10707210273068217,0.12134656534972302,0.08104961463405908,0.0,0.0,0.0
2020-06-17,0.06754350499480394,0.0,0.0,0.3826956180014303,0.13470404507063716,0.11572518130366294,0.10458417240823194,0.11668754478813088,0.0780599334331027,0.0,0.0,0.0
2020-06-18,0.05675821110088211,0.0,0.0,0.4329108659148509,0.12414002700512256,0.12490752548272407,0.08772522535437662,0.10490982673398982,0.06864831840805381,0.0,0.0,0.0
2020-06-19,0.06013278576426804,0.0,0.0,0.42823615828070777,0.11873111179794323,0.1203360152114411,0.08700829113878358,0.11167874083730285,0.07387689696955343,0.0,0.0,0.0
2020-06-22,0.05327107716168652,0.0,0.05315559881189111,0.4163318564720155,0.10518711722350779,0.12803100540955,0.07893787635722559,0.09969428068842531,0.06539118787569818,0.0,0.0,0.0
2020-06-23,0.05254334159499271,0.055555619559949705,0.05053815658527336,0.39006318522105604,0.09807158324826154,0.11909288480719334,0.07985043650044217,0.09342660066415082,0.06085819181868037,0.0,0.0,0.0
2020-06-24,0.06102599425157244,0.0,0.061659881175942975,0.4498869200736019,0.11715958434306593,0.13516643931942074,0.0,0.10611489354915096,0.06898628728724503,0.0,0.0,0.0
2020-06-25,0.061075273559824374,0.0,0.061532504796760375,0.44997987533215505,0.11662246080353017,0.13658644205036644,0.0,0.10602900964510265,0.06817443381226092,0.0,0.0,0.0
2020-06-26,0.06444894699604693,0.0,0.0,0.4772593720293618,0.12290342567585551,0.1436633782080113,0.0,0.12033656350170835,0.07138831358901618,0.0,0.0,0.0
2020-06-29,0.061650434602694516,0.0,0.06220663461135894,0.4482322416833395,0.11412843875058268,0.1364105683533287,0.0,0.11144393463847786,0.06592774736021773,0.0,0.0,0.0
2020-06-30,0.06577798413605335,0.0,0.0,0.4758176602350145,0.12135794149379305,0.14453373133785158,0.0,0.12016486901934628,0.07234781377794124,0.0,0.0,0.0
2020-07-01,0.061903332772692464,0.0,0.063839729070307,0.4451574908268108,0.11342458709812148,0.1359754496080157,0.0,0.11245940647609919,0.06724000414795334,0.0,0.0,0.0
2020-07-02,0.06650878992577039,0.0,0.06608502538491182,0.4398262519567085,0.10939484437945103,0.13624145402134766,0.0,0.11461846298840471,0.06732517134340596,0.0,0.0,0.0
2020-07-06,0.05732084604401174,0.05867140672083094,0.05631680192911501,0.379264632344679,0.09508081323936664,0.11742121575607685,0.0788447305755224,0.09915150804529227,0.05792804534510518,0.0,0.0,0.0
2020-07-07,0.06777171402096041,0.0,0.06231807532385708,0.4377693988773353,0.11006995144644367,0.14039626264944055,0.0,0.11529744082197366,0.0663771568599895,0.0,0.0,0.0
2020-07-08,0.048554245098897116,0.04845365548381316,0.044234063026343785,0.3973627499878991,0.07762264344259907,0.15299298842140074,0.09490926471739194,0.0874139107275731,0.04845647909408183,0.0,0.0,0.0
2020-07-09,0.05504354106146055,0.0,0.04934963318844057,0.47385503876478624,0.08819676282108088,0.17864378274185866,0.0,0.10119220555811505,0.05371903586425805,0.0,0.0,0.0
2020-07-10,0.048471739765971286,0.047407309695410155,0.04291021687930767,0.4034252061253929,0.07453453750994721,0.15440835044515222,0.09488337748467592,0.08752478014887331,0.04643448194526915,0.0,0.0,0.0
2020-07-13,0.056165692803482395,0.0,0.04990095533123951,0.47322844551007714,0.08973774557964574,0.1776657473174478,0.0,0.10004136501164476,0.05326004844646269,0.0,0.0,0.0
2020-07-14,0.047926874083487336,0.04779451455201241,0.04262980028897441,0.40626827756724454,0.07768376474257087,0.15330462009139179,0.09330818485176585,0.08572031063735697,0.045363653185195744,0.0,0.0,0.0
2020-07-15,0.04841685484181327,0.04815552759315877,0.042738921504619436,0.4037911128400285,0.0783606620696166,0.15124755458331055,0.09214672872346677,0.08908117368512021,0.046061464158865834,0.0,0.0,0.0
2020-07-16,0.048527585447168085,0.04806490846156636,0.04261460131597972,0.4028249650372868,0.07791166923841358,0.1519615466092602,0.09395437009215947,0.08858072342365389,0.045559630374512036,0.0,0.0,0.0
2020-07-17,0.049946038523798544,0.048276661458148955,0.04296372059743281,0.3986116763110474,0.07812371486225617,0.1513526163661269,0.09803916159410687,0.0871720590934965,0.045514351193585885,0.0,0.0,0.0
2020-07-20,0.05038488101564626,0.048308863678174316,0.04340831054289621,0.3958458801423215,0.07836216094266985,0.1503057464681222,0.09825339002364913,0.08983154034271625,0.04529922684380442,0.0,0.0,0.0
2020-07-21,0.050150707589925764,0.048183949484427877,0.04319290812587413,0.3979459621834249,0.0782429435842236,0.15012008983071315,0.09758999408947164,0.09026523461915431,0.04430821049278475,0.0,0.0,0.0
2020-07-22,0.05051383098915739,0.04841647868447408,0.043274231600512664,0.3994174425204387,0.07845137273900199,0.15060528450323254,0.09936552612138871,0.08935127940878124,0.0406045534330127,0.0,0.0,0.0
2020-07-23,0.04939565742340815,0.047283739815390205,0.04236447475395742,0.41497411083499164,0.07890048775606696,0.15098217741827086,0.09674358076963592,0.08549478882406082,0.03386098240421804,0.0,0.0,0.0
2020-07-24,0.048420506053400876,0.04649497312382403,0.041633510649944014,0.42397322077199917,0.07779495644407466,0.1490210109516082,0.09539836712283407,0.084155419721112,0.033108035161203184,0.0,0.0,0.0
2020-07-27,0.04909512457410715,0.046973717801494445,0.04218533227061793,0.42036987728489367,0.07745998740376447,0.14890022680698312,0.09891184814428182,0.08321621964675197,0.03288766606710543,0.0,0.0,0.0
2020-07-28,0.048734720935062835,0.047180898810603035,0.04225826192164069,0.4230030732228148,0.07761982589561743,0.1498526851253103,0.09778740091629223,0.08319004266983815,0.03037309050282034,0.0,0.0,0.0
2020-07-29,0.04974720649220675,0.04759206960989831,0.043775548309519796,0.41807843521982263,0.07690551361459756,0.14938924779456905,0.10248155155133454,0.08199580512384239,0.03003462228420902,0.0,0.0,0.0
2020-07-30,0.049639950830717615,0.047600629876163064,0.043716033513685956,0.41850272362623936,0.0772542434391415,0.14868434950003118,0.10253273452682542,0.08193138982934776,0.030137944857848275,0.0,0.0,0.0
2020-07-31,0.049659302236714234,0.04700954572158865,0.043319170119527656,0.42017121588430967,0.07732182449517608,0.14872977643591498,0.10353815972961578,0.0810266735329981,0.029224331844154853,0.0,0.0,0.0
2020-08-03,0.047653382252018275,0.04415928642780886,0.04138165355990928,0.43094359206843597,0.0763852923770929,0.15244766528043605,0.10010329776784899,0.07937004037393473,0.02755578989251485,0.0,0.0,0.0
2020-08-04,0.04710279981270227,0.0432884612633924,0.040784235431748535,0.43554337330005705,0.0772875416681559,0.15028901675238984,0.09861830400346763,0.07983773237851495,0.02724853538957132,0.0,0.0,0.0
2020-08-05,0.046791985980246524,0.042948723170949145,0.0404421080479356,0.4424624450286795,0.07709544667187872,0.1504495292871998,0.09830652465839806,0.07593444094855474,0.025568796206157977,0.0,0.0,0.0
2020-08-06,0.0458112869307237,0.04208534668459348,0.03967324550080708,0.44551289462383636,0.07535988415136165,0.154918174093826,0.09697110003475494,0.07478416174794365,0.024883906232152968,0.0,0.0,0.0
2020-08-07,0.04632952327483557,0.041970823678691094,0.03929235783813214,0.44699371880400035,0.07511973474066488,0.1578636256369098,0.09598861495811856,0.07302437310029246,0.02341722796835512,0.0,0.0,0.0
2020-08-10,0.047618765967376915,0.042365523936973314,0.038838971749172446,0.44695496714763294,0.07552161977598877,0.15728857901097207,0.09727059308385563,0.07092812656960515,0.02321285275842263,0.0,0.0,0.0
2020-08-11,0.04713091890859838,0.04200907306591537,0.03828436824700378,0.4506303225426906,0.07505190190185214,0.15784217002050674,0.0963555048185631,0.06991347101214472,0.02278226948272541,0.0,0.0,0.0
2020-08-12,0.04917945778056976,0.044101051942404886,0.040530584975490225,0.4527140437700653,0.07742112058545039,0.16090283884173548,0.09886469366305348,0.056488000652210796,0.019798207789019646,0.0,0.0,0.0
2020-08-13,0.05026515331363663,0.04553908877273686,0.041766462483471406,0.4430799071348692,0.08066959087338897,0.1596237184040462,0.10346788490811977,0.05600173148156797,0.019586462628162903,0.0,0.0,0.0
2020-08-14,0.05259874334552462,0.0477449854387497,0.043509196409284086,0.4330475366849415,0.08256484765508354,0.15740187405787162,0.10709194953175157,0.05661945717240563,0.019421409704387684,0.0,0.0,0.0
2020-08-17,0.052386823096502035,0.04757933633774875,0.04297240678372697,0.432774045779611,0.08122971861252475,0.16099722824335327,0.10755176340330931,0.05562486968373633,0.018883808059487524,0.0,0.0,0.0
2020-08-18,0.05272529737761818,0.04803417300035798,0.04324078475744647,0.431932956687168,0.0813699357057285,0.16131104625651868,0.10713196023897235,0.05535504998232501,0.018898795993864594,0.0,0.0,0.0
2020-08-19,0.052817630567391964,0.04815961045150094,0.044262179991492984,0.43049492895061153,0.08134989148051344,0.16126958970941563,0.1073678819036893,0.05534526330965204,0.018933023635732172,0.0,0.0,0.0
2020-08-20,0.052929926303471396,0.049613245039849825,0.04438706915411061,0.4305622209692015,0.08282363368732602,0.1604879958734863,0.1080196612059265,0.052536775040265764,0.018639472726362172,0.0,0.0,0.0
2020-08-21,0.05350573001922975,0.04988182968363021,0.04438920748538957,0.42982082312002656,0.08212573664934819,0.16104433558383613,0.10806642302777426,0.05255425253944522,0.018611661891320117,0.0,0.0,0.0
2020-08-24,0.053540246705495745,0.0499151603855962,0.04455635862173839,0.43034028171135275,0.08195729197635959,0.16093993609945975,0.10804119214364612,0.052258127915014704,0.01845140444133696,0.0,0.0,0.0
2020-08-25,0.05277939159221244,0.04911473991961297,0.04431300438942811,0.43416257450643014,0.0815197341598563,0.16147717654214339,0.10676280846072371,0.05160951713649769,0.018261053293095138,0.0,0.0,0.0
2020-08-26,0.05315483301747157,0.05053089350334601,0.04527154310033967,0.42934486014441736,0.08193738738290568,0.16062516038762678,0.10870612308630027,0.051992562841035386,0.018436636536557183,0.0,0.0,0.0
2020-08-27,0.05286063448043188,0.05043402877122869,0.045942430021447406,0.42803627254547505,0.08158036218384929,0.1605365791080889,0.11056724918237738,0.05170102473426835,0.018341418972832965,0.0,0.0,0.0
2020-08-28,0.05191936620151772,0.050202230329030845,0.04544932316396386,0.4079895544999513,0.07834593079305008,0.1511061208637821,0.10819648884644213,0.051074424214719916,0.01791962839760542,0.0,0.03779693268993666,0.0
2020-08-31,0.0530599958111065,0.05126885883492563,0.04674242647486538,0.4307237394026907,0.08246044941723682,0.15481967374269814,0.1108960335807581,0.05172865509638898,0.01830016763932987,0.0,0.0,0.0
2020-09-01,0.0547145229793979,0.051768277786806836,0.04670879579897797,0.4244072280507766,0.0826386158674707,0.1551332452760513,0.11306597097542123,0.05320908116481085,0.018354262100286595,0.0,0.0,0.0
2020-09-02,0.05308369555327333,0.0505089677053574,0.04474872376916323,0.4067421205932714,0.0787910255650654,0.14818753512957508,0.10863782796069738,0.05166502790930414,0.01776646462768536,0.0,0.03986861118660727,0.0
2020-09-03,0.05293086444031338,0.050664722744584896,0.04493548872919485,0.40449521349550827,0.07931367974986504,0.14816511499277388,0.11076563656343512,0.05120231647550491,0.017724006417141894,0.0,0.03980295639167765,0.0
2020-09-04,0.050267801757774566,0.050191542981366834,0.04505153893559734,0.4360419785858506,0.08315047527789521,0.15320231050885358,0.11175128934479693,0.052375690470300176,0.01796737213756467,0.0,0.0,0.0
2020-09-08,0.06158856747081917,0.05916578433497963,0.050730814410323295,0.39088672624438,0.08085309116437378,0.15181829404491748,0.13589794210730874,0.051354650742727354,0.01770412948017066,0.0,0.0,0.0
2020-09-09,0.05793665618366407,0.05944321067088127,0.05065478407566944,0.3901586303760053,0.0814287067546734,0.15308066299408,0.13838992052064597,0.05123997581834283,0.017667452606037866,0.0,0.0,0.0
2020-09-10,0.055129153628830634,0.0563610158990805,0.0490026169291388,0.3918950019866977,0.0789063522087016,0.16594243113127277,0.13603760360833805,0.04958187544277491,0.017143949165165137,0.0,0.0,0.0
2020-09-11,0.0545270454988059,0.05578197502229787,0.04780819207678879,0.3950530186497971,0.08097123623183634,0.1655778943259918,0.1341913061691647,0.04912691965759373,0.01696241236772375,0.0,0.0,0.0
2020-09-14,0.051916946331293894,0.05271022856588141,0.045425424608643926,0.37542131775968013,0.07706490942356997,0.15783992919567116,0.12879658942701444,0.046668557969027254,0.016114739153672977,0.0,0.048041357565544916,0.0
2020-09-15,0.05142615034446872,0.05280065280262462,0.044936925343591685,0.3764692623875505,0.07836779973384297,0.15776111376876434,0.12873119487069598,0.046632003744519826,0.016137113751268813,0.0,0.046737783252672506,0.0
2020-09-16,0.05152824235175144,0.052785384392870366,0.04473567822443643,0.37614981563127053,0.07820565080152499,0.15757266799018171,0.1291816075371802,0.046753052637867845,0.016120348686417117,0.0,0.04696755174649932,0.0
2020-09-17,0.05148000482134299,0.05322011476401393,0.04494340526948116,0.3756111463357981,0.07804454478024714,0.15768519763051622,0.12920704758851403,0.04678851839594015,0.01611301234033856,0.0,0.04690700807380765,0.0
2020-09-18,0.053610016041983156,0.05586930784622436,0.04718216005597322,0.39387755786519224,0.08238008766200268,0.16584128226481917,0.1353287168593578,0.04902012714001514,0.01689074426443201,0.0,0.0,0.0
2020-09-21,0.05515004217624726,0.05802854271073901,0.046960634393306395,0.3867576360259205,0.08274995271914189,0.1644340398859372,0.14060446810217544,0.04851541957418203,0.016799264412350284,0.0,0.0,0.0
2020-09-22,0.055349083065516475,0.05617693696627286,0.047084003419441925,0.3916799328814471,0.08323226001870856,0.16569972810586237,0.13691289851487295,0.04766705252961581,0.016198104498261933,0.0,0.0,0.0
2020-09-23,0.05707988503038987,0.056485933993977465,0.046763915006541534,0.38783460531844904,0.08379176631955425,0.16366046078543045,0.14141286013048182,0.04700036036753213,0.015970213047643435,0.0,0.0,0.0
2020-09-24,0.05630384099528374,0.05749470004604946,0.046995900973635,0.3892761457752047,0.08559924223223765,0.1629315299586661,0.1390329404301189,0.04664530501695836,0.015720394571846024,0.0,0.0,0.0
2020-09-25,0.056524401848147346,0.05713394967100109,0.04665278985021633,0.38756179362846627,0.08520635539442149,0.16187795818013756,0.14306449534763305,0.0463515637556545,0.015626692324322327,0.0,0.0,0.0
2020-09-28,0.05562041552537223,0.057070547655109695,0.04684347077206443,0.38725348002779586,0.08516345961937385,0.1631150806810839,0.14300372408382636,0.046326363533371794,0.01560345810200177,0.0,0.0,0.0
2020-09-29,0.05478397360028706,0.05667955099392929,0.047848083442966795,0.38859294150054785,0.08512806663022308,0.16127602088652715,0.14395331895352562,0.046181512461664465,0.015556531530328684,0.0,0.0,0.0
2020-09-30,0.05480941958510016,0.05714442864131552,0.05289827428577082,0.38413883954032135,0.08441127790837319,0.15991725499981804,0.14572781936148083,0.0455792440016652,0.015373441676154785,0.0,0.0,0.0
2020-10-01,0.052491205912970865,0.055275243501849106,0.05049537624308041,0.3648077351979779,0.08181874416863,0.1523326264316094,0.14138242389848027,0.04332350177984104,0.014474102906799518,0.0,0.043599039958761444,0.0
2020-10-02,0.05261941003748663,0.05550966793893244,0.052695929348165374,0.36309105055184904,0.08211397050169311,0.15205226364183969,0.14127388742522665,0.043301642575634486,0.014518274139666908,0.0,0.0428239038395058,0.0
2020-10-05,0.05159052759614152,0.05533476896563986,0.051385947654588655,0.3654091664625893,0.08488175376202849,0.15290439812983936,0.13974519788655188,0.04268974813541844,0.01431516723408171,0.0,0.0417433241731207,0.0
2020-10-06,0.05203069127927602,0.05607679266156334,0.052093483755745656,0.3619451650585152,0.08136595214375036,0.15564046010578275,0.1398975719487303,0.04366547911856766,0.014619323446204919,0.0,0.042665080481863724,0.0
2020-10-07,0.051479162967333805,0.0556823960413054,0.05226713873972106,0.3607422905260016,0.08102644410281319,0.15618540516554977,0.14199054741706058,0.04328529862086488,0.01446482171538001,0.0,0.04287649470396957,0.0
2020-10-08,0.050500300778407774,0.055739641993514624,0.05133780078371333,0.35999959031876305,0.0796310652110395,0.15823788749144116,0.1448321753370902,0.04286665327990948,0.014309947517661114,0.0,0.04254493728845994,0.0
2020-10-09,0.05056592368738788,0.05615288561133219,0.05120617629431578,0.35808267995862475,0.07942605854736552,0.15814388674916877,0.1469715394939463,0.042890442848756025,0.014327396061903893,0.0,0.04223301074719861,0.0
2020-10-12,0.05036820721959026,0.05606233570063552,0.051891762277913256,0.3581459572558024,0.07971084652471207,0.1582063837355286,0.14653273349886556,0.04244056244270732,0.014157965318128986,0.0,0.04248324602611584,0.0
2020-10-13,0.05006931296523475,0.05654388499146416,0.05219444648443623,0.35756006357346637,0.08022152204995865,0.15669035780315177,0.1464527391554469,0.042873782342141654,0.014277439061042509,0.0,0.04311645157365701,0.0
2020-10-14,0.04995007559393524,0.05591542693739854,0.05256495098691001,0.3587533469433447,0.07945983872528943,0.15734403134513084,0.14681243938882071,0.042288820517870626,0.014182474832580694,0.0,0.04272859472871913,0.0
2020-10-15,0.049711784416513236,0.05585632268147002,0.052556233677178286,0.35841733525699465,0.07930022447788815,0.15729456265660532,0.14758879641316786,0.04250612832244721,0.014436778178012189,0.0,0.04233183391972317,0.0
2020-10-16,0.049631243949372274,0.05506486540113626,0.05227377300224923,0.35778890895153403,0.07923895627764542,0.15808317980620804,0.14739449442679048,0.04283320280753293,0.015070730396084836,0.0,0.04262064498144664,0.0
2020-10-19,0.05217564726612793,0.057448338518067445,0.05461510471881474,0.37371226547848935,0.08450368187162459,0.16414164791947894,0.15306620685864653,0.04464228361503654,0.01569482375371411,0.0,0.0,0.0
2020-10-20,0.05378513562719621,0.06016720539940554,0.05706796384122146,0.38932170140231376,0.0,0.17178987380088634,0.1588135442261647,0.046854310577866494,0.016414935465367934,0.0,0.04578532965957751,0.0
2020-10-21,0.056335221501638076,0.06365947946126176,0.06016571644208588,0.40665608505589157,0.0,0.18013013683845094,0.16537367981954904,0.049922876873142674,0.017756804007980118,0.0,0.0,0.0
2020-10-22,0.05647671941247981,0.06372038919309711,0.060498300205991624,0.4057952248617418,0.0,0.17984685144174892,0.16600542214634426,0.04992447130007773,0.017732621438518864,0.0,0.0,0.0
2020-10-23,0.0538073010486307,0.06083453040464534,0.05827724182410709,0.38291113737783866,0.0,0.17367908032351057,0.15949737581304216,0.047156466697311696,0.016758749098915476,0.0,0.04707811741199827,0.0
2020-10-26,0.05658919220804858,0.06498002537214315,0.06202159361195534,0.3997126170855517,0.0,0.18143965432970818,0.1678285063379432,0.04966128003861222,0.01776713101603749,0.0,0.0,0.0
2020-10-27,0.05136345648836821,0.06104431599105429,0.056941840607589944,0.3683992983295464,0.08214818374767999,0.16805290100984624,0.14909254840181677,0.04631496778066133,0.016642487643436798,0.0,0.0,0.0
2020-10-28,0.05182734396485283,0.06331445090952584,0.05748439080728558,0.36416811027110185,0.08218042442634178,0.16740597381385203,0.15020503380994454,0.046647161661350175,0.016767110335745346,0.0,0.0,0.0
2020-10-29,0.053239468885687445,0.06472953202755188,0.06105004127181024,0.4057975698740546,0.0,0.18415694570133387,0.15994893812883146,0.05220986735455874,0.01886763675617171,0.0,0.0,0.0
2020-10-30,0.053046587807616195,0.06466255415287303,0.061129339010403023,0.4064314305022005,0.0,0.18368412220344227,0.15950514763784113,0.052509759918745846,0.019031058766878085,0.0,0.0,0.0
2020-11-02,0.05307285614770611,0.06481355809699843,0.06081430045651974,0.40350487331786844,0.0,0.18447211676656763,0.16015856683258833,0.05325125241021145,0.019912475971540035,0.0,0.0,0.0
2020-11-03,0.050549022914533705,0.0613108438786318,0.05958346908194391,0.382860305477966,0.0,0.1752364882277195,0.15358821662344396,0.05135080449287427,0.019113874575551873,0.0,0.046406974727334786,0.0
2020-11-04,0.046134181310806634,0.05395892142435983,0.05523471117300927,0.3557223913521911,0.0811296614984107,0.1626860212564299,0.13740475568743393,0.04753750202695828,0.017889165565309836,0.0,0.04230268870509053,0.0
2020-11-05,0.047589255079910416,0.05642306268850852,0.054476610605443156,0.3351581998572651,0.08051709649513378,0.15266893388120492,0.14494356417853188,0.06085710091028615,0.022383720182997176,0.0,0.044982456120718835,0.0
2020-11-06,0.05145768094557508,0.06118948540880725,0.05904031191873442,0.36851833208540297,0.0,0.16587412876046673,0.15742640297354132,0.06379204997557603,0.02343812409487645,0.0,0.04926348383701991,0.0
2020-11-09,0.05044219344263397,0.06004418712687361,0.057885383282258,0.3697476471829086,0.0,0.16914121668520443,0.15387258889067507,0.06534531535853562,0.02501108790324245,0.0,0.04851038012766842,0.0
2020-11-10,0.05225375919810787,0.05943683959535152,0.06029623010295479,0.365544288390382,0.0,0.1726784418360443,0.15714345453978984,0.05920280281118188,0.025541606455510138,0.0,0.04790257707067771,0.0
2020-11-11,0.05207701527019385,0.059160992364351954,0.05996492544515173,0.3640142494796129,0.0,0.1718361470383237,0.1584818785359487,0.060940917892206445,0.026058285029337623,0.0,0.04746558894487281,0.0
2020-11-12,0.051856756804631546,0.05882990797094217,0.05974004639808389,0.36487875188514984,0.0,0.1719028862530525,0.1581720186136034,0.06118331247624112,0.02603604608335877,0.0,0.04740027351493673,0.0
2020-11-13,0.052304636248371415,0.058801991741914465,0.06094886381132937,0.3559408782199348,0.0,0.17334861690868028,0.15729502443156113,0.06621512616126327,0.026835332885856728,0.0,0.048309529591088626,0.0
2020-11-16,0.05184102162978858,0.05806983097209939,0.060332504866609855,0.3581952281837591,0.0,0.174175215852994,0.15708707937761612,0.06615098973038701,0.027038373099002953,0.0,0.047109756287742964,0.0
2020-11-17,0.05164348442544802,0.058048845395300606,0.06004730120817863,0.35988394452353256,0.0,0.1738780194236728,0.15555963924715058,0.06658675112616796,0.02733226960048143,0.0,0.047019745050067334,0.0
2020-11-18,0.05183313470059965,0.05863256547453147,0.060477313485298716,0.3570657151382892,0.0,0.17361942581814666,0.1570403391348848,0.0667971709678151,0.027380507349767484,0.0,0.047153827930666845,0.0
2020-11-19,0.051267486083976715,0.058286483194012036,0.06047455627454361,0.35914542964566515,0.0,0.1746556550862142,0.15620791738736228,0.06643807085543246,0.02729051660829372,0.0,0.04623388486449994,0.0
2020-11-20,0.047644486631516554,0.053932908408783564,0.05600786339280493,0.330075072401212,0.07796289992550605,0.1593583674191089,0.14409120422039737,0.06228235128237442,0.0256736305931175,0.0,0.04297121572517864,0.0
2020-11-23,0.05061900422993895,0.05789935094754688,0.05996408355758614,0.3614688000023779,0.0,0.1762997873484949,0.1533753643292887,0.06692322326896573,0.027413241690985576,0.0,0.04603714462481525,0.0
2020-11-24,0.050516862496488735,0.05786314935211161,0.060373831617724,0.36186632911319544,0.0,0.17651693685021178,0.1529553751726394,0.06661564796218421,0.02729949162305615,0.0,0.04599237581238877,0.0
2020-11-25,0.04982971333890397,0.057314652732196,0.06200195148981009,0.3628625441460426,0.0,0.17690087470741211,0.15223032018429675,0.0654014176296534,0.027436718774436136,0.0,0.04602180699724901,0.0
2020-11-27,0.05291833745367245,0.06063753979412371,0.06649724526354811,0.38798291019836834,0.0,0.19135599750767013,0.16287287196872363,0.0,0.029021583846545285,0.0,0.048713513967348535,0.0
2020-11-30,0.05325564796124329,0.06090107485163578,0.0661183680165864,0.3881932283983175,0.0,0.19119657891489744,0.16238774207672627,0.0,0.02878737957314232,0.0,0.04915998020745093,0.0
2020-12-01,0.05276756305516445,0.05691426549330242,0.060121078574605774,0.3602854750775994,0.0,0.17778949495354865,0.15426899944770994,0.06480611322328451,0.02715356952945789,0.0,0.045893440645326834,0.0
2020-12-02,0.051685895089436655,0.05418543810691404,0.05765557714748774,0.36703031323975666,0.0,0.18649574502614938,0.15162706776227158,0.06118120634995732,0.02536256999271393,0.0,0.04477618728531256,0.0
2020-12-03,0.05388806811744543,0.054557817179404534,0.05888008843687181,0.36505498797695823,0.0,0.18380258888567907,0.15326750301096173,0.06055321959160211,0.025271799799694447,0.0,0.04472392700138272,0.0
2020-12-04,0.05483005740166674,0.05537819091247575,0.05905823036137675,0.3614859906749192,0.0,0.18182684481069417,0.1568676796330757,0.060571760924551146,0.02531805785171429,0.0,0.04466318742952625,0.0
2020-12-07,0.05630261669446667,0.05627604553025546,0.06069481443329826,0.35698419512829227,0.0,0.17897342040218164,0.15929058963873377,0.061005077172667045,0.025533590859469216,0.0,0.04493965014063558,0.0
2020-12-08,0.05637345995417695,0.05625941966937246,0.0610195454120289,0.35687551993428057,0.0,0.17933514748582224,0.15965911377164402,0.06003888617693149,0.0255005724127059,0.0,0.04493833518303749,0.0
2020-12-09,0.0566707023950602,0.0561223116035713,0.061696457437547085,0.355775617192084,0.0,0.17910376386901333,0.1592352270002512,0.060098259295003,0.025516922464264187,0.0,0.04578073874320581,0.0
2020-12-10,0.0550606960856378,0.05494730808606384,0.060119430892818494,0.34603731837592616,0.0,0.1735157879007425,0.1556614606743876,0.05766804643516766,0.024757054563801343,0.02731985629368169,0.04491304069177282,0.0
2020-12-11,0.05555903413477652,0.05536222825475999,0.06007619558143756,0.3435740773016601,0.0,0.1723501165400239,0.15672047608873116,0.05814994735065267,0.02492968576882207,0.02803444201429246,0.045243796964843604,0.0
2020-12-14,0.05591384953548525,0.05528207838237468,0.05986457230185204,0.3426405956558671,0.0,0.1722829643304645,0.1567220739644514,0.05819791383880007,0.024929453645242544,0.02813539845170562,0.046031099893756824,0.0
2020-12-15,0.056177787560434914,0.05538542378871215,0.059814981936929176,0.3421308043190524,0.0,0.1719325276458527,0.15684935707794723,0.057892747578261766,0.024856277145293884,0.028031730145176795,0.046928362802339134,0.0
2020-12-16,0.055582254479788866,0.0572570710145495,0.0593138495813562,0.3374921491089507,0.0,0.16959906615454004,0.16099653822455226,0.057786189534295075,0.02622687063391207,0.028015222261270827,0.04773078900678452,0.0
2020-12-17,0.05578803971792781,0.05723705019696328,0.05970872834186435,0.3374858669365461,0.0,0.16935022711593628,0.16101800667734534,0.05768256868311647,0.0257769385994816,0.028011749614074405,0.04794082411674459,0.0
2020-12-18,0.05646579344383749,0.05581012212809576,0.05931018344098521,0.3305730640662603,0.0,0.17003717692174247,0.16764807503710571,0.05732341490386504,0.026900098342396313,0.027103673655280793,0.048828398060430926,0.0
2020-12-21,0.05633370789115133,0.055650787771941115,0.059547666792173805,0.330506171292572,0.0,0.17100407385549354,0.16776601057581492,0.05739778650819251,0.02698913349911607,0.027187609306666798,0.04761705250687783,0.0
2020-12-22,0.05718570093045712,0.05491292452300125,0.058278957158232184,0.3315566519409299,0.0,0.1710927606969108,0.16687403856977095,0.05756051997980827,0.02705699537260577,0.026945355809104506,0.048536095019179396,0.0
2020-12-23,0.05773113663308077,0.055123512180422204,0.05774139405627123,0.32848298556668176,0.0,0.17189060742111062,0.16925297637834405,0.057381026702550554,0.02660486493013321,0.026660260535528217,0.04913123559587735,0.0
2020-12-24,0.05802005686029182,0.054938328470417824,0.05759327744499705,0.3283903304028832,0.0,0.172407680002548,0.1679877169035988,0.057561561760179264,0.02672499627753327,0.027161543204307134,0.049214508673243576,0.0
2020-12-28,0.05795312121349789,0.05493286762973952,0.05800764742163243,0.32897434240947815,0.0,0.1708595982172326,0.1683585726851672,0.05744417607000056,0.02734366994932139,0.027223275024159346,0.04890272937977099,0.0
2020-12-29,0.05759103855139956,0.0546133268468946,0.05797775093755088,0.3289275179164446,0.0,0.17072252020325832,0.16834021369334354,0.05750316759885748,0.027246025323692594,0.027468410049931825,0.04961002887862655,0.0
2020-12-30,0.05794552643215652,0.0544757218237712,0.05799440314341112,0.3290022828975762,0.0,0.17025208611412312,0.16744773224062082,0.05727745462756535,0.02716300094016454,0.028454775338026518,0.04998701644258459,0.0
2020-12-31,0.05798587474570867,0.05401767196141015,0.056861453370125305,0.33197151895861365,0.0,0.16856073974140628,0.16908680803710366,0.05599681190721053,0.026738013193062383,0.029770788573434657,0.04901031951192459,0.0
2021-01-04,0.058946227373368666,0.05405812432077735,0.05657732941064218,0.3306724891244877,0.0,0.16806156682933643,0.16946387125819665,0.056305154449599215,0.02741298822499158,0.029765845875809414,0.0487364031327908,0.0
2021-01-05,0.05959445128716728,0.05471558264154531,0.05739144371040652,0.33276072615776203,0.0,0.16612786569934535,0.1711368640492462,0.054839355288093736,0.027351308920166274,0.02976179037270092,0.046320611873566266,0.0
2021-01-06,0.05990026622791825,0.05470460747057531,0.055701527742871786,0.3337448372580654,0.0,0.16559041858302695,0.17191760281664575,0.05501268390117381,0.027382486453801532,0.028924990888343605,0.047120578657577634,0.0
2021-01-07,0.061700381081173046,0.0559605653164525,0.056741032375611386,0.32194764548361826,0.0,0.1629873442647534,0.1760855919138396,0.056696677963176734,0.029553415942199214,0.029903071456076145,0.04842427420309962,0.0
2021-01-08,0.061409381711700455,0.05556713998688325,0.056262488135694684,0.3215914268751514,0.0,0.16489055803707933,0.17658395950948097,0.05626974834498532,0.029326429461525916,0.03000754951007898,0.04809131842741959,0.0
2021-01-11,0.061890439407286044,0.056355411492298994,0.05448048041122383,0.32186238827866076,0.0,0.1655678999215894,0.18055383745215042,0.053029641622827424,0.027533383544541785,0.029877042720680095,0.04884947514874117,0.0
2021-01-12,0.06238234408843037,0.055918908285984316,0.05428835342034727,0.3231156687456222,0.0,0.1651004252564224,0.1785761088777417,0.05351947392899293,0.027681685471664517,0.030222185765777544,0.04919484615901687,0.0
2021-01-13,0.062391867871722365,0.05672693621204648,0.05449656024441457,0.32279020151434007,0.0,0.16472514625422902,0.17869308183047225,0.05339253478928516,0.027461331906273177,0.030095742633827104,0.049226596743389715,0.0
2021-01-14,0.06323361773893428,0.05742126197801526,0.055210462976835205,0.31961228688930027,0.0,0.1616276982334625,0.18081362856082414,0.054075378721325215,0.027779717473146157,0.030546823329573154,0.04967912409858407,0.0
2021-01-15,0.06833290323048283,0.060681595037210226,0.05829522801508856,0.3355758740406433,0.0,0.16906135303128073,0.19333581353517718,0.0,0.029289749009265988,0.03225026816830869,0.05317721593254279,0.0
2021-01-19,0.06808572404287241,0.05947022573150775,0.05755709381272262,0.33646171410571407,0.0,0.16998104267824465,0.1943386353415912,0.0,0.02903809938753154,0.031920190622964584,0.053147274276850974,0.0
2021-01-20,0.0643105455643096,0.05643151770108508,0.05386299128994126,0.31835900876167406,0.0,0.1610689511828792,0.18344595558688495,0.05378484682244794,0.02739519172189142,0.031022727455646597,0.05031826391323997,0.0
2021-01-21,0.06356263540427677,0.05638401619646117,0.05323506065314702,0.3208554063694572,0.0,0.16164582862287455,0.1834320754496725,0.053135873158518435,0.0271854736307989,0.031089644489968937,0.04947398602482468,0.0
2021-01-22,0.06364990312401059,0.056494527011069794,0.05330987264092405,0.3209744093811054,0.0,0.1606293857527804,0.18346150591814514,0.0532045440903212,0.027211331650671945,0.031577509459614815,0.049487010971356785,0.0
2021-01-25,0.06471424555122707,0.056941631256303145,0.05270071230118101,0.31614597057852706,0.0,0.15780294387035013,0.19243604798443725,0.05201117292975974,0.026601501342736474,0.031432673173984585,0.04921310101149357,0.0
2021-01-26,0.06486156534425487,0.05733898733311119,0.05262698795307561,0.3150913345724675,0.0,0.15759017509958737,0.1923081185727686,0.05201112303208063,0.02658395495761936,0.03159857632630104,0.04998917680873402,0.0
2021-01-27,0.07594074123520794,0.06338865923253129,0.05573393082257548,0.3199218093857714,0.0,0.16174862078161123,0.20874358310962302,0.0,0.027700660564230675,0.03427916086664426,0.052542834001804706,0.0
2021-01-28,0.0709933180839756,0.06052965552554564,0.05304217555631215,0.32627147028106895,0.0,0.16407093091228944,0.20916534302716294,0.0,0.027980334783242466,0.03566444480143922,0.05228232702896348,0.0
2021-01-29,0.07135173771167118,0.06028590593100178,0.05324294924098561,0.32902443877802257,0.0,0.16524750861627505,0.20674686618036875,0.0,0.026515106933335933,0.03555889920864597,0.052026587399693194,0.0
2021-02-01,0.06502573015111356,0.055437881603836656,0.04865075361557946,0.3148313088709114,0.0,0.15843621392806229,0.19534018514300877,0.05136768194594674,0.025359459989630812,0.035040441507703086,0.05051034324420726,0.0
2021-02-02,0.06813896119138517,0.06006518670472594,0.04923150457641286,0.32843936185957345,0.0,0.1652559220188322,0.21554554692387318,0.0,0.0247477423039347,0.036263360651050354,0.05231241377021204,0.0
2021-02-03,0.09752550998957182,0.08363905183013831,0.07124198049715172,0.0,0.0,0.2671031213827235,0.3254956047953936,0.0,0.031463082932401694,0.05084897139181665,0.07268267718080273,0.0
2021-02-04,0.09962728099212254,0.085751289847617,0.07102073443566476,0.0,0.0,0.2652068834825906,0.3242579776516176,0.0,0.032283334196042235,0.050267842877545675,0.07158465651679967,0.0
2021-02-05,0.09779555440799931,0.08506639697623213,0.07044890358010053,0.0,0.0,0.2645323037891566,0.32765298562661416,0.0,0.03190196203155508,0.05137083157609351,0.07123106201224871,0.0
2021-02-08,0.09396574650032868,0.08629477109328436,0.06672655513019013,0.0,0.0,0.2622142393355004,0.33252719127208563,0.0,0.03133890356145391,0.05412572912845267,0.07280686397870423,0.0
2021-02-09,0.09382639422512133,0.08659706710520508,0.06762160192157443,0.0,0.0,0.2600359364646968,0.33184454871251134,0.0,0.031283944335145586,0.05506269061136381,0.07372781662438181,0.0
2021-02-10,0.06215924289382779,0.0573640054989134,0.04452708981122358,0.34098157357932163,0.0,0.17171535890295497,0.21755775547657052,0.0,0.02064637337145156,0.0363588288664812,0.04868977159925513,0.0
2021-02-11,0.0922830043786932,0.08599755930401064,0.06557175274440184,0.0,0.0,0.2534310079298755,0.34644882902871355,0.0,0.030149412719792094,0.05389784337754167,0.07222059051697159,0.0
2021-02-12,0.09294695993927125,0.08651140159779253,0.06507959193864617,0.0,0.0,0.24916176407910431,0.34710442656104856,0.0,0.029879962189641115,0.05419183736213768,0.07512405633235833,0.0
2021-02-16,0.12247551166535448,0.11316942167006629,0.08499164936607567,0.0,0.0,0.0,0.47176583047723,0.0,0.03880504231574547,0.07032954085844124,0.0984630036470868,0.0
2021-02-17,0.09404342475966301,0.08620133612158422,0.06497270230697894,0.0,0.0,0.239561828838212,0.35716009523223774,0.0,0.029706739964162527,0.053621285921824476,0.07473258685533721,0.0
2021-02-18,0.09602034265168065,0.08576228121224061,0.0648482189595979,0.0,0.0,0.23419612735895934,0.3590968625748142,0.0,0.029621918880249284,0.05334200656872975,0.07711224179372847,0.0
2021-02-19,0.12480831203482745,0.11172824487728943,0.0831520292589772,0.0,0.0,0.0,0.4729442066810871,0.0,0.038561628851956235,0.06836132875872877,0.10044424953713373,0.0
2021-02-22,0.1252086058758763,0.1111558467113137,0.0826938725122064,0.0,0.0,0.0,0.47558420219773423,0.0,0.038346519517662624,0.06691081044727551,0.10010014273793127,0.0
2021-02-23,0.12666494655821148,0.11337190591837897,0.07957841143549418,0.0,0.0,0.0,0.4745924096606445,0.0,0.03883347265099387,0.0652274633302358,0.10173139044604114,0.0
2021-02-24,0.1290024311665186,0.11425279766501141,0.07907320589051164,0.0,0.0,0.0,0.4710895548902494,0.0,0.03817981393213151,0.06804861269151358,0.1003535837640638,0.0
2021-02-25,0.1276215842792873,0.11450358361595446,0.07915872970651187,0.0,0.0,0.0,0.47234040128514176,0.0,0.038233342422965284,0.06795747179867406,0.10018488689146525,0.0
2021-02-26,0.12874749951175288,0.12147326820153335,0.08427854683219056,0.0,0.0,0.0,0.4422052756211466,0.0,0.04224754802795873,0.07471375804578742,0.1063341037596305,0.0
2021-03-01,0.12902303879318738,0.125843693312099,0.08706719144650171,0.0,0.0,0.0,0.4381032129567595,0.0,0.04181975780332906,0.07244394147950906,0.1056991642086144,0.0
2021-03-02,0.1303768140923843,0.1367821426192423,0.0910377129040765,0.0,0.0,0.0,0.40553977928920304,0.0,0.04638163454025884,0.07634676319397748,0.11353515336085752,0.0
2021-03-03,0.1295108043889475,0.13696179837665196,0.09054082661553943,0.0,0.0,0.0,0.4074050863357067,0.0,0.04643829973271603,0.07572913259471176,0.11341405195572665,0.0
2021-03-04,0.12807618414823327,0.1374894491460529,0.09181505269427928,0.0,0.0,0.0,0.4062095468246562,0.0,0.04656149947755509,0.07517997470886012,0.11466829300036302,0.0
2021-03-05,0.12781271489336898,0.13795254208780505,0.09013677763618327,0.0,0.0,0.0,0.40976607023167066,0.0,0.04635702508083739,0.07155576977992162,0.11641910029021295,0.0
2021-03-08,0.12503669644812307,0.13983949641376364,0.09046689950686804,0.0,0.0,0.0,0.40983965520322546,0.0,0.046817225918933045,0.07089023517961494,0.11710979132947169,0.0
2021-03-09,0.12809937130167057,0.14345556412841168,0.08952342801281378,0.0,0.0,0.0,0.3996953064428619,0.0,0.048084129885806716,0.07131849458241944,0.11982370564601584,0.0
2021-03-10,0.12772546381551006,0.14153063539504113,0.08857691281773751,0.0,0.0,0.0,0.4019889311144053,0.0,0.048212903040939066,0.07136782709858154,0.12059732671778528,0.0
2021-03-11,0.1277207779449972,0.14167317973900734,0.0892045779943915,0.0,0.0,0.0,0.40063670198946577,0.0,0.048266761342728975,0.0721221795043576,0.12037582148505174,0.0
2021-03-12,0.12804668833491087,0.142970389261808,0.08679549496324683,0.0,0.0,0.0,0.40035429055445476,0.0,0.04871820467194333,0.0726200949858231,0.12049483722781304,0.0
2021-03-15,0.12922346436118295,0.1438064772701971,0.0861410792338007,0.0,0.0,0.0,0.3997068399340201,0.0,0.04896256054485667,0.07279624230786781,0.11936333634807435,0.0
2021-03-16,0.12965253112382766,0.14397733351285713,0.0857255355169556,0.0,0.0,0.0,0.3994874793953419,0.0,0.04895651606004463,0.07214499763497019,0.12005560675600278,0.0
2021-03-17,0.12972053306458864,0.14427238550653937,0.08583250693261552,0.0,0.0,0.0,0.39877306111484484,0.0,0.04975772945361153,0.07176738825073709,0.119876395677063,0.0
2021-03-18,0.12969808523920126,0.1442665870642611,0.0858010849213674,0.0,0.0,0.0,0.3982656301480327,0.0,0.04990102195195816,0.07173332240382177,0.1203342682713578,0.0
2021-03-19,0.13118743097349378,0.14783178102315273,0.08723413336300599,0.0,0.0,0.0,0.3914396347978877,0.0,0.05142302767581793,0.06321793973557303,0.1276660524310689,0.0
2021-03-22,0.131139483073195,0.15086220812380083,0.08753354805062874,0.0,0.0,0.0,0.3902197398728532,0.0,0.051505681616222494,0.06317024881452954,0.12556909044877024,0.0
2021-03-23,0.1309199197729486,0.15137922309091947,0.08793824672335909,0.0,0.0,0.0,0.387548957330411,0.0,0.05257082779467033,0.06385179063343795,0.1257910346542535,0.0
2021-03-24,0.13029664904774116,0.14956464132452593,0.0870025387628516,0.0,0.0,0.0,0.3943766258751054,0.0,0.05218919695150255,0.05988703053432189,0.12668331750395148,0.0
2021-03-25,0.130476051607287,0.14957773520220122,0.08555865098805268,0.0,0.0,0.0,0.3971628169964685,0.0,0.052427685109922906,0.05757571919531321,0.12722134090075454,0.0
2021-03-26,0.13111839642751047,0.14999744868826798,0.08566277204382053,0.0,0.0,0.0,0.3973688252394168,0.0,0.05281046707504536,0.05621294116427703,0.12682914936166176,0.0
2021-03-29,0.09653011548497459,0.11105348635399577,0.06324270607311408,0.0,0.0,0.0,0.2965350837076764,0.0,0.039627596838026684,0.04126385248582537,0.09293166401104987,0.2588154950453373
2021-03-30,0.10012989663318536,0.11495013302454149,0.06586418197647695,0.0,0.0,0.0,0.3085813770217305,0.0,0.0,0.04279494098146107,0.09608374179856695,0.2715957285640378
2021-03-31,0.10028909315715652,0.11596627715020683,0.06594196842452144,0.0,0.0,0.0,0.307644284926047,0.0,0.0,0.04253492513346284,0.09670582703677477,0.2709176241718306
2021-04-01,0.13133005833777597,0.14903371233723875,0.08483224984741317,0.0,0.0,0.0,0.3899488728934209,0.0,0.052970284935406536,0.054819831631628034,0.13706499001711675,0.0
2021-04-05,0.13114899468803703,0.14859487047358297,0.08667813629672871,0.0,0.0,0.0,0.3902680346544067,0.0,0.05297747001680858,0.05603555983386724,0.1342969340365689,0.0
2021-04-06,0.12986568134820473,0.14774691973153953,0.08714487433449818,0.0,0.0,0.0,0.3925997042253694,0.0,0.05322749699663813,0.054763308658288656,0.13465201470546145,0.0
2021-04-07,0.1316460772386321,0.14545853171158818,0.0871712837989345,0.0,0.0,0.0,0.3933761160049522,0.0,0.053024423784882244,0.054689492311406136,0.13463407514960465,0.0
2021-04-08,0.13074685560922433,0.1454083726168731,0.08805643887326986,0.0,0.0,0.0,0.3904496423948373,0.0,0.056541950118968926,0.05466940876205463,0.1341273316247717,0.0
2021-04-09,0.12925001105172393,0.14563278964961157,0.08704053235774963,0.0,0.0,0.0,0.39400426525234605,0.0,0.05565948138552017,0.05382921339911692,0.1345837069039317,0.0
2021-04-12,0.13647914719005164,0.154387543852842,0.09227149108160895,0.0,0.0,0.0,0.4173291529569188,0.0,0.0,0.057179758375125365,0.14235290654345306,0.0
2021-04-13,0.12852109353564475,0.14482358618099936,0.08679501986144646,0.0,0.0,0.0,0.3950840620699328,0.0,0.05576081999822496,0.053853569801633,0.13516184855211857,0.0
2021-04-14,0.12868601504307953,0.1451706880355114,0.0869907912417685,0.0,0.0,0.0,0.39474356774295394,0.0,0.05545722189316162,0.05381413351559311,0.1351375825279319,0.0
2021-04-15,0.1283195886681522,0.14862078686243443,0.08691204682484847,0.0,0.0,0.0,0.39263865790012115,0.0,0.056011170276095194,0.052940390275669276,0.13455735919267917,0.0
2021-04-16,0.12848021586907005,0.1491319222019895,0.08807342270675805,0.0,0.0,0.0,0.3922368922939014,0.0,0.05630734984569495,0.053268282817478876,0.13250191426510724,0.0
2021-04-19,0.12936157922502484,0.14807076511391606,0.08867189314437916,0.0,0.0,0.0,0.38898009250901144,0.0,0.05662284730884926,0.05290309014948198,0.13538973254933728,0.0
2021-04-20,0.1289863608954592,0.14806272813291665,0.0887211729728919,0.0,0.0,0.0,0.38846522100454284,0.0,0.056674822155561425,0.05295825938064747,0.13613143545798043,0.0
2021-04-21,0.12911848158776582,0.1435308830023424,0.08926153532191167,0.0,0.0,0.0,0.39095900873896366,0.0,0.057425564417802,0.05330132676694746,0.1364032001642671,0.0
2021-04-22,0.12927671040268954,0.14306217996984316,0.08992296142057045,0.0,0.0,0.0,0.39025580679325056,0.0,0.05691334170024476,0.05314233406316227,0.13742666565023934,0.0
2021-04-23,0.12843923268991211,0.1431684904217417,0.09029034180572146,0.0,0.0,0.0,0.39082566957065235,0.0,0.05664896407379692,0.05329685199563167,0.13733044944254377,0.0
2021-04-26,0.1324341800380122,0.1477665081185537,0.09030119268223614,0.0,0.0,0.0,0.38262184785218295,0.0,0.055385335094797004,0.05200088708598662,0.13949004912823124,0.0
2021-04-27,0.13213507654533108,0.14724953179515887,0.0898795925748232,0.0,0.0,0.0,0.38227149523493753,0.0,0.05807975810085606,0.05170234999248191,0.13868219575641116,0.0
2021-04-28,0.1356883620114953,0.1528495704641938,0.0904929113209427,0.0,0.0,0.0,0.37532372712662515,0.0,0.05687525069131694,0.05037973052253972,0.13839044786288646,0.0
2021-04-29,0.13562964100787128,0.15153604627489428,0.09132521213366065,0.0,0.0,0.0,0.36828268896535066,0.0,0.061945960975871885,0.049561819260775776,0.14171863138157542,0.0
2021-04-30,0.13520053401189766,0.1504463348267689,0.09040940818225865,0.0,0.0,0.0,0.3627686498026445,0.0,0.07380494545032301,0.04871090181572573,0.13865922591038146,0.0
2021-05-03,0.1349228218933729,0.14746246667433488,0.08964298871927966,0.0,0.0,0.0,0.3648512745845843,0.0,0.07467570233502266,0.04865433252500276,0.13979041326840283,0.0
2021-05-04,0.1368031716747693,0.14580434429612724,0.08986545230022862,0.0,0.0,0.0,0.3668726704611439,0.0,0.07175580610914101,0.0486743602396046,0.14022419491898522,0.0
2021-05-05,0.13678948395131918,0.14251008277302862,0.09025050948636941,0.0,0.0,0.0,0.36942462594871517,0.0,0.07243767765988159,0.04877209213442093,0.139815528046265,0.0
2021-05-06,0.13799017842509603,0.14089856052003147,0.09055427656253986,0.0,0.0,0.0,0.3726500814866249,0.0,0.07354803888906845,0.04916258134144362,0.1351962827751957,0.0
2021-05-07,0.1376765498842851,0.1407019678870582,0.0909154507846013,0.0,0.0,0.0,0.3747970649094727,0.0,0.0712760325171704,0.04925720532923753,0.1353757286881747,0.0
2021-05-10,0.13773831470182443,0.13981049182510194,0.09081463603821914,0.0,0.0,0.0,0.3763038745551464,0.0,0.07171207306493477,0.049461531065427194,0.13415907874934607,0.0
2021-05-11,0.13640417995255485,0.14034135483794855,0.09052620638406357,0.0,0.0,0.0,0.37623999983438,0.0,0.07198979002032369,0.04977086283538569,0.1347276061353435,0.0
2021-05-12,0.13596913024650661,0.13845728441433733,0.09111359496545911,0.0,0.0,0.0,0.3790405326209155,0.0,0.07227045523740551,0.050445782442732866,0.13270322007264287,0.0
2021-05-13,0.13304337922732049,0.13905784975301932,0.09082571397408416,0.0,0.0,0.0,0.3834563139209586,0.0,0.07323930668661721,0.05200328838324071,0.12837414805475963,0.0
2021-05-14,0.1324513764089203,0.13998779312856668,0.09157884301512734,0.0,0.0,0.0,0.3825822016760106,0.0,0.07388402734480891,0.05163781772984183,0.12787794069672428,0.0
2021-05-17,0.11539309014174505,0.12107955351631959,0.08030942939828549,0.0,0.0,0.0,0.3369511286682722,0.12238309342958226,0.06557211989544906,0.0457172304636143,0.11259435448673198,0.0
2021-05-18,0.11573359302537259,0.12146549639687057,0.08080549176227464,0.0,0.0,0.0,0.3370894983223497,0.12142866361364198,0.06437280393873919,0.0459557168113946,0.11314873612935672,0.0
2021-05-19,0.11435620454593266,0.12032193278191254,0.08227884260958143,0.0,0.0,0.0,0.3346426595634652,0.122784940776351,0.0668281146009285,0.046358464040812127,0.11242884108101664,0.0
2021-05-20,0.11441612539787156,0.11942469320045725,0.08251329806034263,0.0,0.0,0.0,0.3347639330120618,0.12312153879846437,0.06737853523132886,0.04572484341826151,0.11265703288121202,0.0
2021-05-21,0.11526306593319699,0.11845658284376064,0.08305382302256827,0.0,0.0,0.0,0.3326015392602622,0.12379465694890236,0.0680071766415224,0.04598218240011976,0.11284097294966727,0.0
2021-05-24,0.11700543878057015,0.11660521549561675,0.08059008609868318,0.0,0.0,0.0,0.342076222868387,0.12317325886311739,0.06548626832172577,0.04328252535701779,0.11178098421488186,0.0
2021-05-25,0.11433478684334966,0.11696426122769384,0.07941259943844413,0.0,0.0,0.0,0.33840713944829015,0.13115500212588552,0.06600515098025153,0.04240126081414204,0.11131979912194308,0.0
2021-05-26,0.11427960692130304,0.11443156540963642,0.07753435915495072,0.0,0.0,0.0,0.36298485221942856,0.12312164153744862,0.06222652528022943,0.040260196674235714,0.10516125280276775,0.0
2021-05-27,0.11498167398155541,0.11401324401288129,0.0773938589221691,0.0,0.0,0.0,0.36274548586328537,0.12271118080892916,0.06172461954545588,0.040231474194254664,0.10619846267146908,0.0
2021-05-28,0.11656741095453849,0.11321560099909181,0.07638357705834183,0.0,0.0,0.0,0.3628608206565011,0.12381085782997257,0.06186580788363382,0.04003758686315986,0.10525833775476068,0.0
2021-06-01,0.11704148566667186,0.1123213421194897,0.07693343898339015,0.0,0.0,0.0,0.3621590697591287,0.12346667663041627,0.06272367717829416,0.040417674770602346,0.10493663489200691,0.0
2021-06-02,0.12131440282564443,0.11239265844496578,0.07551017609754425,0.0,0.0,0.0,0.36147820683668536,0.12286891659834724,0.06281686511682948,0.04072409486251841,0.10289467921746509,0.0
2021-06-03,0.11774653257396611,0.10868032205009989,0.07623532475515049,0.0,0.0,0.0,0.37753783221626186,0.12114025215381974,0.060372935019593205,0.039519970222196374,0.09876683100891219,0.0
2021-06-04,0.12000975931335185,0.1100220873655442,0.07762691511930846,0.0,0.0,0.0,0.37429573092047946,0.11955877442376195,0.06055243148790787,0.039547437968144625,0.09838686340150145,0.0
2021-06-07,0.11931407781584928,0.10938249248114866,0.0774098775829446,0.0,0.0,0.0,0.37668439172943685,0.11822415329072335,0.060469595749395415,0.039635787381682164,0.09887962396881976,0.0
2021-06-08,0.11903732514051267,0.10809785527996887,0.08133360838915053,0.0,0.0,0.0,0.3783137623470273,0.11666276648470476,0.05967767763925939,0.03933011894937918,0.09754688576999722,0.0
2021-06-09,0.09374122966096564,0.0851247224160182,0.06551699018224262,0.0,0.0,0.20548029193139927,0.30242472687605476,0.09162930729140598,0.04691581520871896,0.0309333026475249,0.07823361378566955,0.0
2021-06-10,0.09385457545749586,0.08485771558332068,0.06539902941369553,0.0,0.0,0.20504040085887004,0.301974349487104,0.09146446281618405,0.04703744156668806,0.030869862827238925,0.07950216198940291,0.0
2021-06-11,0.0937169828284546,0.08479237938795142,0.06515690892047195,0.0,0.0,0.20294822942026425,0.30439753906594536,0.09132012014223909,0.047154294564083585,0.030914192604579543,0.07959935306601033,0.0
2021-06-14,0.09388482886141306,0.08510924754461589,0.06515695496755114,0.0,0.0,0.20316982966564312,0.3051929218649794,0.08975934379981453,0.0474284285158904,0.030943448203250033,0.07935499657684235,0.0
2021-06-15,0.09277568874781815,0.08187416731105909,0.06353290168758575,0.0,0.0,0.19597695370606544,0.3256684166578776,0.0851617241680414,0.04536154650354842,0.0330335622800789,0.07661503893792519,0.0
2021-06-16,0.10037461000010281,0.08860356648501339,0.06919184988213228,0.0,0.0,0.21212107929793345,0.36063420021347037,0.0,0.049047425346751196,0.03631280257544418,0.08371446619915233,0.0
2021-06-17,0.08345267928561574,0.07319580546096609,0.05673586340396733,0.0,0.0,0.17600295823448275,0.30471507403247705,0.0,0.04080667583618942,0.030185539263463953,0.06918187693263513,0.16572352755020245
2021-06-18,0.0880337868080568,0.07778441308992515,0.06073360183069344,0.0,0.0,0.18053679940455056,0.31726189881507655,0.0,0.0,0.03387728563269279,0.07198360943707588,0.16978860498192885
2021-06-21,0.0827189134913139,0.07119940886303809,0.06137802056300323,0.0,0.0,0.17284406456799156,0.30672148771847607,0.0,0.03885124564647509,0.03508267912240449,0.0673339742686101,0.16387020575868744
2021-06-22,0.10234499741661515,0.08911550625684125,0.07780505561361199,0.0,0.0,0.21332008712369546,0.38816813964658986,0.0,0.0,0.046350188054947165,0.08289602588769913,0.0
2021-06-23,0.08288127050693278,0.07104796459339767,0.06465390119937643,0.0,0.0,0.16726804879562132,0.30911559155840657,0.0,0.038383297096171706,0.03809425707302685,0.0672624400950483,0.16129322908201835
2021-06-24,0.09879450808517248,0.0844200660906008,0.07729597807265208,0.0,0.0,0.2000604069238075,0.36722095551289496,0.0,0.04610770936554954,0.04547994774515283,0.08062042820416969,0.0
2021-06-25,0.08249406619579518,0.06997760925053602,0.064187217431118,0.0,0.0,0.1677285667666386,0.30693880139859214,0.0,0.03979341366603872,0.0386212797058648,0.06727482532970201,0.16298422025571457
2021-06-28,0.08126913040120173,0.0691429403290253,0.06296235006697277,0.0,0.0,0.16449020133433898,0.31692266373437494,0.0,0.03967971260046152,0.03851023294987865,0.06654884916942126,0.16047391941432493
2021-06-29,0.08489739832038873,0.0719286936075454,0.06530949774131353,0.0,0.0,0.1714534690092553,0.32867937392419244,0.0,0.0,0.04043515855352671,0.07038973435768293,0.16690667448609495
2021-06-30,0.08329493421443643,0.07007928474227439,0.062172039328595954,0.0,0.0,0.166499429677591,0.31187536229523,0.0,0.039088839960705474,0.04114373987946976,0.06683408664278513,0.15901228325891195
2021-07-01,0.08282720195737506,0.07018099653209457,0.06165864749036697,0.0,0.0,0.17016330452937484,0.3116346712814586,0.0,0.03874545503190504,0.040954551869533125,0.06608243434639541,0.15775273696149616
2021-07-02,0.06310330126613342,0.05366109998594803,0.04809362508830961,0.23638649825431293,0.0,0.13056316614154417,0.23683720737205644,0.0,0.029598640150742084,0.03114408678549841,0.050490784690369994,0.12012159026508493
2021-07-06,0.06273409797237604,0.053758872327232844,0.048364913225153114,0.23697352480322398,0.0,0.13095945940201714,0.2357319916093093,0.0,0.029385209623925997,0.031150302193361106,0.05061573377857362,0.12032589506482674
2021-07-07,0.05977847713685835,0.050651838743096665,0.04470655798246634,0.22079914287661673,0.05917546524204925,0.12383915667989508,0.22349398494825218,0.0,0.02773883799329588,0.028881342277088894,0.04783164861878377,0.11310354750159683
2021-07-08,0.05980379423774359,0.050811394911338736,0.04494366468895587,0.2202451027511894,0.05870034867850146,0.12337546868386355,0.22490490824284626,0.0,0.028085148405968426,0.028019984761740377,0.047983782069194514,0.11312640256865783
2021-07-09,0.06282540299063517,0.053095961567579925,0.04594286005125844,0.23806979449317628,0.0,0.1328720697166363,0.23594445108077122,0.0,0.030254910723057558,0.0296905649640043,0.05105159267190095,0.12025239174098006
2021-07-12,0.0628135367647379,0.052039163606570765,0.04539561642342275,0.2345108706653797,0.0,0.13264238673157147,0.238262851552323,0.0,0.03060216083258736,0.03149217605934008,0.0507622553576218,0.12147898200644534
2021-07-13,0.062399854689519196,0.05118848431846418,0.04473842316969002,0.2369029144371247,0.0,0.13294341042546584,0.24116195780111463,0.0,0.030335353666594112,0.03078851158489154,0.05079917112254876,0.11874191878458698
2021-07-14,0.062384329132024026,0.05137240282155845,0.04484579769597931,0.23874944703113207,0.0,0.13715626736912268,0.2385184260323121,0.0,0.030308981739580625,0.030622780950882045,0.04950107655604369,0.11654049067136486
2021-07-15,0.05939508138105884,0.048633168671648054,0.04243064649348539,0.22100053601978614,0.05845527875693788,0.12912277895909716,0.22681614544572185,0.0,0.028595628376180404,0.027878561890743794,0.046708710302959956,0.11096346370238067
2021-07-16,0.06155471153711408,0.05143658304464081,0.043837797770572146,0.22599046383956597,0.0591776190158572,0.13257085054451304,0.2349153362308747,0.0,0.0,0.02864289409045011,0.048215435519721496,0.11365830840669033
2021-07-19,0.06122678468611917,0.051420803354861135,0.04350706111210372,0.22439300299946174,0.05878770709291351,0.13233752692894804,0.23786193069729317,0.0,0.0,0.029232444990502975,0.04807874539421794,0.11315399274357862
2021-07-20,0.0632035983173999,0.05233033935764596,0.04496878236415067,0.2243925243066161,0.05829027457443106,0.13521647637308679,0.22618122746383681,0.0,0.0,0.02621483936565542,0.049082897528639355,0.12011904034853806
2021-07-21,0.06292324915579285,0.053163959457065764,0.04624475826758704,0.22591573084103048,0.0579642501467388,0.1360980670291027,0.21998505691477385,0.0,0.0,0.026378468054785293,0.04728986437873342,0.12403659575438976
2021-07-22,0.06325800893200147,0.05249566939685815,0.04671527742651633,0.22374257800678282,0.057308973425003525,0.1363422630823479,0.22117660085375018,0.0,0.0,0.02581631019459854,0.04795815860724643,0.12518616007489466
2021-07-23,0.0629922315277454,0.05235332968008118,0.04650528164498774,0.2244588920882479,0.0573122359496167,0.1372414879394037,0.22142412139654435,0.0,0.0,0.025706327119567562,0.04738783376954254,0.12461825888426287
2021-07-26,0.06520417453101364,0.05471389396750863,0.0,0.23514133223573225,0.059657523085028315,0.14396754788158136,0.23247550409450018,0.0,0.0,0.027017266677001422,0.04958762779621076,0.1322351297314235
2021-07-27,0.06564313028462733,0.05483468321768524,0.0,0.235356837544186,0.05979658830056719,0.14377544009008447,0.2319802927389366,0.0,0.0,0.027236813926041378,0.04993714959800604,0.13143906429986563
2021-07-28,0.06576101897532123,0.05562623417802698,0.0,0.2331362455840798,0.05897487722351397,0.14222925251024846,0.23046680194161473,0.0,0.0,0.02760676904408815,0.04976216502028433,0.13643663552282245
2021-07-29,0.061880786228690754,0.052946433583246306,0.0,0.21926464117272937,0.05548849960867264,0.13402045536359888,0.21674312099563464,0.057211437689781305,0.0,0.026121915746304906,0.04677247337909632,0.1295502362322448
2021-07-30,0.06618618425484542,0.05759640810679168,0.0,0.23153611842574415,0.058833466996166026,0.14106019619898527,0.22892425690265897,0.0,0.0,0.027801689968458457,0.04997492461405164,0.1380867545322985
2021-08-02,0.06573606069361641,0.05854146222970546,0.0,0.23081774121666662,0.058665697110625005,0.14091168337601068,0.22878040051026594,0.0,0.0,0.027801668867705093,0.05153241505109922,0.13721287094430584
2021-08-03,0.06637597893880486,0.059018349619705944,0.0,0.23002295893485764,0.05839721713880278,0.14095541782122303,0.22640637655343185,0.0,0.0,0.027166716872041724,0.05168415251693305,0.13997283160419938
2021-08-04,0.06574391753347548,0.059147685559637446,0.0,0.2284457152839391,0.05824453777196437,0.13987883350369035,0.22439901693664865,0.0,0.0,0.026908088350651362,0.052000432535732714,0.1452317725242607
2021-08-05,0.06615425710567266,0.05887206561038956,0.0,0.22835824031934782,0.05884604415694876,0.14281245556391975,0.22361548672614662,0.0,0.0,0.02584187859122682,0.05152135809626395,0.14397821383008416
2021-08-06,0.06689218525529125,0.06015491069961131,0.0,0.2280248638875074,0.05884982728686304,0.14221141196074993,0.22224282492394026,0.0,0.0,0.025644748184572432,0.05199573455234876,0.14398349324911552
2021-08-09,0.07242903122476008,0.06137562309960839,0.0,0.22040570656395292,0.05643668873707888,0.13547426840093701,0.22917584807726663,0.0,0.0,0.02513721983248733,0.05550814636945699,0.14405746769445166
2021-08-10,0.07386442919338823,0.06157792001962442,0.0,0.21934466829999716,0.05606612014437144,0.1336001624416453,0.230593016168151,0.0,0.0,0.02542905606944873,0.05578043244996962,0.1437441952134041
2021-08-11,0.07638470847474148,0.06337113454796886,0.0,0.2173098798432949,0.05557665563825433,0.1335756355235394,0.22934149480443775,0.0,0.0,0.02504403486812089,0.054944771286064356,0.1444516850135781
2021-08-12,0.07653792367448539,0.06296386862349634,0.0,0.21746583810788256,0.05558716236620885,0.1336035487266358,0.23006686289426512,0.0,0.0,0.025060798545474064,0.05477465983661412,0.1439393372249379
2021-08-13,0.07758776296012528,0.062354430822063246,0.0,0.2162860350414532,0.055088052056245784,0.1336602723496781,0.23016392625701138,0.0,0.0,0.02491325644247089,0.05425129352565416,0.14569497054529798
2021-08-16,0.0782855724947739,0.06328640463402203,0.0,0.2140379979581314,0.05404503139706796,0.13127967002042626,0.23394842455216103,0.0,0.0,0.025608105063351254,0.05458255298849179,0.14492624089157444
2021-08-17,0.07814993717596007,0.06307492017518214,0.0,0.21271620368797298,0.0530220694738054,0.13176171767845712,0.23698436807148107,0.0,0.0,0.025306619873386022,0.05382110391352796,0.14516305995022735
2021-08-18,0.07764596684870251,0.06258898337830415,0.0,0.2140239423965909,0.05347055637280298,0.13232226729133495,0.2362516748047099,0.0,0.0,0.025970507984040308,0.054277419592435115,0.1434486813310792
2021-08-19,0.07662661095278911,0.06290409710872047,0.0,0.21460338958228659,0.053583019167798736,0.13292136969107834,0.2338461915597833,0.0,0.0,0.026163421862734154,0.054470278577846566,0.14488162149696274
2021-08-20,0.07686832512973275,0.06192987718885084,0.0,0.21589565184267892,0.05380272807792654,0.13376221510271052,0.23400656995364616,0.0,0.0,0.026039004406526355,0.054443494083967675,0.14325213421396024
2021-08-23,0.07620807785782449,0.061985168293928826,0.0,0.21677498158417924,0.054044309705565674,0.1343151792709052,0.232059637345344,0.0,0.0,0.025510352421458785,0.05459964950799461,0.1445026440127992
2021-08-24,0.07590673787959057,0.06181584307312695,0.0,0.22002920295581954,0.054785527144748596,0.13706578991089985,0.23036440666505067,0.0,0.0,0.023840779485059593,0.05519452401579867,0.14099718886990564
2021-08-25,0.07621086396568838,0.06206999434978484,0.0,0.21957449066889503,0.054490934011204764,0.13676273461693472,0.2308115076676745,0.0,0.0,0.023362073719336466,0.05535335539655807,0.14136404560392324
2021-08-26,0.07603690724675977,0.06199623152407275,0.0,0.2171080378147983,0.053734006766325844,0.13536423842438222,0.23372834643653115,0.0,0.0,0.02344817076371243,0.057311727260136565,0.1412723337632811
2021-08-27,0.07139981926832542,0.058744571331973174,0.0,0.20672036727980314,0.051044412570196145,0.12868089478085745,0.22230655063515684,0.04973249922233601,0.0,0.022319933180259727,0.05536915362583483,0.13368179810525732
2021-08-30,0.07462119952556497,0.061363937521624945,0.0,0.21822480987434276,0.05377344589441557,0.13505359699008537,0.23381460462219986,0.0,0.0,0.023426615828224216,0.0577513195315818,0.14197047021196058
2021-08-31,0.07060733049460373,0.05799593846313135,0.0,0.209808276702624,0.05119951631189559,0.13038484044158916,0.21988379831190463,0.050248344021188315,0.0,0.021901034858764688,0.05337790465245034,0.13459301574184823
2021-09-01,0.07059668430339716,0.05811929328792309,0.0,0.20900264232947618,0.05093262030223711,0.12981817868159987,0.2199823848567733,0.05036061171517447,0.0,0.021879115686593783,0.05416317007108566,0.13514529876573944
2021-09-02,0.07436682441467315,0.060440952434821775,0.0,0.22128973499742044,0.053876050400433945,0.13788408198088206,0.2316114314968302,0.0,0.0,0.023124269592133984,0.05572273383819327,0.1416839208446111
2021-09-03,0.07063086332576224,0.05729086530476461,0.0,0.21108039749528112,0.05143829145684883,0.13173523577942386,0.21942129064031468,0.05034653420026305,0.0,0.021748477715055246,0.05275030618835958,0.13355773789392675
2021-09-07,0.07141014338630149,0.05768534344329025,0.04124731451141919,0.2129132795412657,0.05141964069800847,0.13308083058707798,0.22259548933141238,0.0,0.0,0.021929094655339883,0.05347219079430083,0.13424667305158375
2021-09-08,0.07500138383790443,0.06094277443945042,0.0,0.2212717452825961,0.05377399416475781,0.13776472752400382,0.23078425347547923,0.0,0.0,0.02307572364953005,0.055539770242024375,0.14184562738425385
2021-09-09,0.07473720385702944,0.060196796444896346,0.0,0.22294339683847514,0.05385654482517707,0.13811565688689276,0.23038928535999695,0.0,0.0,0.02296394425506453,0.05533818454293493,0.14145898698953285
2021-09-10,0.07532364914544272,0.06093616227196442,0.0,0.22166870452761317,0.05375936568203834,0.13576023401198073,0.23311272966026958,0.0,0.0,0.023194122500228658,0.053897544888399644,0.14234748731206265
2021-09-13,0.07407014413712086,0.060727858865864376,0.0,0.22296016869021082,0.05271980085868379,0.13458545090513377,0.23094031429931913,0.0,0.0,0.022765031719344478,0.05231280109678069,0.14891842942754188
2021-09-14,0.07312044315239569,0.059893798467674716,0.0,0.2235546148948482,0.05312063705619951,0.13523025987851492,0.22558613505036468,0.0,0.0,0.0224978956007386,0.051452326687453,0.15554388921181095
2021-09-15,0.07502000135530253,0.06331090350390196,0.0,0.22120068775786061,0.05361981228450224,0.13501521305388403,0.22223280238988755,0.0,0.0,0.02217306621820997,0.052578070315597254,0.1548494431208539
2021-09-16,0.07588496885369535,0.06381101716244447,0.0,0.22003858177518848,0.0546128576257913,0.13631562690580268,0.2185183322299315,0.0,0.0,0.021576447531827404,0.05416525669612593,0.1550769112191929
2021-09-17,0.07644211788343348,0.06402201561781568,0.0,0.21943299108746098,0.05463237554414448,0.13670807857558645,0.2193244664996981,0.0,0.0,0.021664328537828445,0.05464516597568168,0.15312846027835075
2021-09-20,0.07485049151821964,0.06289130826779168,0.0,0.22067414552493175,0.0548655485976747,0.1373312904994757,0.22056043426812516,0.0,0.0,0.021800265112141105,0.05438482153950642,0.152641694672134
2021-09-21,0.07114634612819339,0.061010396216467325,0.0,0.22219175931414678,0.054614980739505645,0.1385399456279874,0.22086396831360056,0.0,0.0,0.021989520094466693,0.054825827836639425,0.1548172557289928
2021-09-22,0.0710688644475124,0.05992028277883692,0.0,0.2239535910479301,0.05537802098180755,0.13914929054143652,0.21943079470537746,0.0,0.0,0.021956204824467383,0.0549442989904856,0.15419865168214586
2021-09-23,0.06968869266560745,0.060018760209406365,0.0,0.22721341763325043,0.05577669588690106,0.14011241079422232,0.2179540532504996,0.0,0.0,0.02187880611748346,0.05437162962575908,0.15298553381687022
2021-09-24,0.0695982166488463,0.06056986567302331,0.0,0.2208082599651018,0.05340532163273614,0.1379436657376242,0.2243470162637161,0.0,0.0,0.022349280728635148,0.05587308402339412,0.15510528932692294
2021-09-27,0.06990861060951493,0.06057161917324923,0.0,0.22048232035410914,0.05308529679054846,0.13807981727038196,0.22414236241368604,0.0,0.0,0.022425094982247505,0.055458005404203974,0.15584687300205888
2021-09-28,0.09633959427954551,0.08331116108314915,0.0,0.0,0.0,0.18990472036300088,0.30964297916269257,0.0,0.0,0.03069209500032844,0.07455221298473141,0.215557237126552
2021-09-29,0.09332231681923138,0.08092467415178664,0.0,0.0,0.0,0.18225132831986887,0.30951021008859053,0.0,0.0,0.03180876716388553,0.07700529739549497,0.22517740606114187
2021-09-30,0.0940276016705072,0.08192073585215606,0.0,0.0,0.0,0.18534081447064643,0.30998208457202436,0.0,0.0,0.03233496479773121,0.07754572254600074,0.21884807609093404
2021-10-01,0.0661400295266813,0.059142426230893795,0.0,0.2277508342636778,0.054909781266604674,0.13412932413326242,0.22274935244624172,0.0,0.0,0.02362448010797638,0.05417687631147977,0.15737689571318228
2021-10-04,0.06584996797314117,0.060910747459675035,0.0,0.22576317525802275,0.05497006205095459,0.13031437457096032,0.22419850523995546,0.0,0.0,0.023873547033061857,0.053445165367569776,0.16067445504665903
2021-10-05,0.09088709233211939,0.08717490763313827,0.0,0.0,0.0,0.18315570000020542,0.3063041281052451,0.0,0.0,0.03309660723849783,0.07669932156847929,0.2226822431223147
2021-10-06,0.06863212026150509,0.0,0.0,0.24341049629780978,0.059367224162797445,0.13901152524659918,0.2348784324796746,0.0,0.0,0.025190834418719398,0.05906173265435706,0.17044763447853736
2021-10-07,0.08864662531654247,0.0858401758752178,0.0,0.0,0.0,0.1812328074661719,0.308488786592758,0.0,0.0,0.032193706738291056,0.07720142752618922,0.2263964704848295
2021-10-08,0.10622856258048408,0.1031118095852212,0.0,0.0,0.0,0.0,0.375541134414797,0.0,0.0,0.03939241571014901,0.09400752488450889,0.2817185528248398
2021-10-11,0.10675240909750014,0.10479558672617188,0.0,0.0,0.0,0.0,0.37094913137680513,0.0,0.0,0.039731852818130756,0.09341918971613478,0.2843518302652573
2021-10-12,0.0817567088205635,0.08065444927052909,0.0,0.0,0.07257635333390879,0.16739900975622363,0.2797327884162489,0.0,0.0,0.030314410118889964,0.07137909619455891,0.21618718408907706
2021-10-13,0.06287136212177404,0.06309885252597795,0.0,0.22806359803671264,0.055213595593457294,0.12521685707840097,0.22552291330649152,0.0,0.0,0.025291210972660377,0.054046079842779975,0.1606755305217452
2021-10-14,0.06462406528596151,0.06238095430247332,0.0,0.22438593232217385,0.05481056090340084,0.12250837069512784,0.23382811772057976,0.0,0.0,0.0252661025393509,0.05743789544515926,0.15475800078577262
2021-10-15,0.08172508795230997,0.08360879365151569,0.0,0.0,0.07314368758558443,0.15934381114097312,0.28989036218530956,0.0,0.0,0.034189733696492274,0.07382951847486717,0.20426900531294773
2021-10-18,0.08118183787504447,0.08279229568794566,0.0,0.0,0.07386364127387968,0.16022640966195753,0.2885037313175435,0.0,0.0,0.03447450594506595,0.07459444394497984,0.20436313429358335
2021-10-19,0.08205056033791149,0.08280305950667673,0.0,0.0,0.0737010281133456,0.1595100816320179,0.2892634196678628,0.0,0.0,0.034304756925829114,0.07487750452757841,0.203489589288778
2021-10-20,0.10600078927309263,0.1072497429874983,0.0,0.0,0.0,0.0,0.37821426535171576,0.0,0.0,0.044643692439771204,0.09752518529188431,0.26636632465603777
2021-10-21,0.10632901983284271,0.1074769407141911,0.0,0.0,0.0,0.0,0.3800854622478324,0.0,0.0,0.044621060328134364,0.09489352993035864,0.26659398694664077
2021-10-22,0.08184667424168886,0.0826575473443787,0.0,0.0,0.0731361728628561,0.1596797720144645,0.28904614714007876,0.0,0.0,0.03415027664299133,0.07322114822860105,0.20626226152494065
2021-10-25,0.07687503055535345,0.07766178928296627,0.0,0.0,0.06761451851111988,0.14847614480924615,0.270476380571664,0.06270405463353455,0.0,0.032196118147315586,0.06850567163346115,0.19549029185533892
2021-10-26,0.08204135528238496,0.0831050603443435,0.0,0.0,0.07230634327083464,0.15832176480916674,0.28754085228331433,0.0,0.0,0.034286500882430695,0.07295670753665488,0.20944141559087037
2021-10-27,0.06009746566639142,0.06100609474408352,0.0,0.2168463722967185,0.0529769416963977,0.11503519782746637,0.21305875472591254,0.04866465855665154,0.0,0.025802454362470317,0.05339683855845411,0.15311522156545398
2021-10-28,0.06105516306663612,0.06202857362125907,0.0,0.21359972474123382,0.051320533511077224,0.11362629306809653,0.21562160116283072,0.04915528674595911,0.0,0.025489297742058385,0.05340523961347664,0.15469828672737237
2021-10-29,0.06426699044748131,0.06489314007398955,0.0,0.2265389215787402,0.05443830258663776,0.12049474812509942,0.22758535098237173,0.0,0.0,0.028158920455118776,0.055531459915878156,0.15809216583468325
2021-11-01,0.06499571970241863,0.06517919758510013,0.0,0.22993033404983726,0.054866279795460896,0.12232440179454061,0.22803270956678606,0.0,0.0,0.028515846127523583,0.05576454889013978,0.15039096248819306
2021-11-02,0.0638885677955733,0.06326017318663371,0.0,0.2352087298945302,0.055428031474347474,0.12485763155544626,0.22422418180016748,0.0,0.0,0.028201545901487324,0.05471707326853413,0.15021406512328
2021-11-03,0.06382496040947912,0.0632341958018737,0.0,0.2345239866566842,0.05540254866831579,0.1251563168147276,0.2242013437605128,0.0,0.0,0.028735794491797344,0.054862379927188794,0.15005847346942067
2021-11-04,0.06372266197127474,0.06282645000483035,0.0,0.23403752203302977,0.054978704622768965,0.12540425987119722,0.2259902816116573,0.0,0.0,0.027641450511463397,0.05571107642795092,0.14968759294582729
2021-11-05,0.060875105921761645,0.06055345919560303,0.0,0.21903575310575366,0.05194092613591758,0.11818581173265773,0.21451781569394743,0.054895206732271794,0.0,0.026466935457540003,0.05279572543337039,0.14073326059117663
2021-11-08,0.0619583963350898,0.061647805469821224,0.0,0.21608390005513056,0.05160350340188633,0.11678022420081349,0.21386065571591364,0.054754761059073016,0.0,0.026389408740000387,0.053639835860456515,0.14328150916181503
2021-11-09,0.06111138805441171,0.06114159358725724,0.0,0.2174946701592899,0.052308350705566574,0.11778505873099812,0.21171112947497542,0.055293881239326555,0.0,0.02621692270399366,0.05303472297418898,0.14390228236999186
2021-11-10,0.06127230737812812,0.06168352079072872,0.0,0.2152194453947349,0.051604961288579214,0.11791638771540963,0.21263693534186343,0.05558160411770411,0.0,0.026345166675227853,0.053321815381054516,0.14441785591656944
2021-11-11,0.06406258910046651,0.06411673568759103,0.0,0.20814911546262282,0.05215457158461282,0.11682902508085569,0.21223196644292083,0.057556169658817165,0.0,0.0269760504078259,0.05579727713441699,0.14212649943987013
2021-11-12,0.06544758589006525,0.06405379363996924,0.0,0.20679736428110684,0.05211606958179857,0.11617598983531666,0.21277248086637907,0.057276332379748454,0.0,0.02757213221589735,0.05636275692832085,0.14142549438139776
2021-11-15,0.08157981225808063,0.08146267545200554,0.0,0.0,0.06569516599909447,0.14623999382536884,0.2671024313673535,0.07201665250496522,0.0,0.03487224787523501,0.07088441832169289,0.180146602396204
2021-11-16,0.09642257151074436,0.09562524057490039,0.0,0.0,0.07582577636704822,0.0,0.3153647020666596,0.0843817591078425,0.0,0.04240687113615819,0.08288944226960944,0.20708363696703747
2021-11-17,0.08220397173503645,0.08182000271212726,0.0,0.0,0.0640347287648892,0.14084830208687224,0.270980378791227,0.07197312824817596,0.0,0.03946019507348372,0.06962484574461379,0.17905444684357447
2021-11-18,0.0821800619373221,0.08196492805731348,0.0,0.0,0.06403522278920121,0.1400202652960408,0.27179746325600923,0.07138973104575515,0.0,0.04001559072407106,0.06990531058033927,0.17869142631394777
2021-11-19,0.06556364899709946,0.06544089901245374,0.0,0.2017649397189468,0.05140910324543872,0.11178449620767557,0.2172516539006652,0.0573213778065269,0.0,0.031939003983654186,0.05583065190690057,0.14169422522063874
2021-11-22,0.08325809774993453,0.08190392054686903,0.0,0.0,0.06415100076007392,0.13995016128878646,0.2738842995878976,0.07167240802473265,0.0,0.03861317063275809,0.07004202372489132,0.17652491768405656
2021-11-23,0.10667959565210265,0.10485292631128253,0.0,0.0,0.08069538365582085,0.0,0.34409302129945973,0.0,0.0,0.04908362463929549,0.08967107305180588,0.22492437539023297
2021-11-24,0.10716439250469506,0.10506613762689594,0.0,0.0,0.0793538143112293,0.0,0.34523776914831295,0.0,0.0,0.047645488715772524,0.09023925271294109,0.22529314498015324
2021-11-26,0.1048716827709071,0.0,0.0,0.3007150114317522,0.07598886684991682,0.1659594353821925,0.0,0.0,0.0,0.046672296599704066,0.08701083798048087,0.21878186898504642
2021-11-29,0.10317973996409752,0.0,0.0,0.2995882127659657,0.07699000911166301,0.17260812539064213,0.0,0.0,0.0,0.036188139566861025,0.08769429294293823,0.22375148025783248
2021-11-30,0.10505419431495848,0.0,0.0,0.3114559428450855,0.07961228250695662,0.17947413844357857,0.0,0.0,0.0,0.0,0.09078201087645951,0.2336214310129612
2021-12-01,0.10086583687290981,0.0,0.0,0.3152388548206797,0.07975596572064979,0.18225316105982803,0.0,0.0,0.0,0.0,0.08871225279427888,0.2331739287316537
2021-12-02,0.0726780213694488,0.0,0.0,0.232407734104685,0.05853936100013361,0.13443677555842617,0.23901440153641743,0.0,0.0,0.026910806471389277,0.06395781298678856,0.17205508697271119
2021-12-03,0.07431334579047812,0.0,0.0,0.2452674962799938,0.06173416843116125,0.14164349093515083,0.23398396836731414,0.0,0.0,0.0,0.0620431704457733,0.1810143597501287
2021-12-06,0.0718010095103244,0.0,0.0,0.23682206998097655,0.06009122090876146,0.13623586426458587,0.2280073396184434,0.0,0.0,0.02738652903357198,0.06249324927538261,0.17716271740795383
2021-12-07,0.06696863022660424,0.0707039172007487,0.0,0.22025911977700127,0.05591715020175783,0.12707278033604036,0.2094747659416511,0.0,0.0,0.024804928015326612,0.05835247956367644,0.1664462287371935
2021-12-08,0.06488501887566737,0.06815484563241485,0.0,0.2229275315890533,0.05641839490404884,0.12896616752419832,0.20681285913850792,0.0,0.0,0.025009865003678952,0.05829865892462315,0.1685266584078074
2021-12-09,0.06549940895262887,0.06859687138100617,0.0,0.22412381921472238,0.056031888006783624,0.12801597935702036,0.20796827896486436,0.0,0.0,0.02506606665767956,0.05845008751456378,0.16624759995073085
2021-12-10,0.06582897329763407,0.06856108216630581,0.0,0.2254437134735898,0.05623794843895502,0.1287239489744497,0.2054074020123121,0.0,0.0,0.02519103268072952,0.0576582439365971,0.16694765501942682
2021-12-13,0.07017863597356645,0.0,0.0,0.24271632895641002,0.06045494398892674,0.13817329583547483,0.21919046532512046,0.0,0.0,0.0268923812429158,0.061878928753567305,0.1805150199240184
2021-12-14,0.07065391388389958,0.0,0.0,0.24007351522583092,0.05986909087098547,0.13782375639875027,0.22054765038372753,0.0,0.0,0.026990299683019935,0.06229178537813869,0.18174998817564766
2021-12-15,0.0671605920613154,0.07166138183086891,0.0,0.22230390184598542,0.05598289595775513,0.12709295386412914,0.20593976337313763,0.0,0.0,0.025006034547402713,0.05696929755685764,0.16788317896254798
2021-12-16,0.061310142682753,0.06613657166074326,0.0,0.20745469786027795,0.05187461720087197,0.11849477777092912,0.18983982290754925,0.07277341312157441,0.0,0.0232764357674981,0.052450342228471974,0.15638917879933095
2021-12-17,0.06561323959186457,0.0,0.0,0.22212313414382825,0.055844576101520355,0.1276820273738966,0.2044296707240638,0.07666802122122039,0.0,0.025097342633958894,0.05663588770579078,0.16590610050385626
2021-12-20,0.07046187234577095,0.0,0.0,0.24511504859533265,0.0619073722747876,0.1393824292690601,0.21960150936692463,0.0,0.0,0.026906718080378367,0.06088300386148302,0.1757420462062626
2021-12-21,0.06961288307855765,0.0,0.0,0.2456040018033625,0.06218157930012205,0.13873526963150332,0.21964773093748063,0.0,0.0,0.02684283576836028,0.0612336635755092,0.1761420359051045
2021-12-22,0.0587592715819832,0.06587455756472227,0.0,0.21355273730310176,0.053975774200580535,0.12022362634094293,0.1853668578179368,0.07287351437930224,0.0,0.02306138458994689,0.053644183088423406,0.15266809313306
2021-12-23,0.059868543808337664,0.06793358456102552,0.0,0.21411358520176058,0.05406087132749927,0.12368705143296971,0.1844994328958083,0.07177531458857005,0.0,0.022551529575018,0.0525971261262315,0.14891296048277944
2021-12-27,0.059549360096300526,0.06751050010409287,0.0,0.21318270551597315,0.053506609590284714,0.12319721227680652,0.1831150093249906,0.07184309067909493,0.0,0.02243950896984653,0.05256262769345989,0.15309337574915036
2021-12-28,0.05953354806989662,0.06692939089935603,0.0,0.21224744367417775,0.053276836301474145,0.12265874121034039,0.1825388465359824,0.0750321666623152,0.0,0.02214048227299703,0.05281132547858302,0.15283121889487736
2021-12-29,0.07582546523395955,0.08441799326210155,0.0,0.0,0.06740389421680652,0.15822492472444868,0.23119731811992716,0.09427856002852297,0.0,0.02797491876782263,0.06739466180287194,0.19328226384353894
2021-12-30,0.06105354619812244,0.06748626522811968,0.0,0.2107171233800082,0.05246697138806484,0.12284542235692786,0.18374306699529935,0.07435104108338886,0.0,0.02214548606559023,0.05290281106446048,0.15228826624001807
2021-12-31,0.07770384853335703,0.08570665395780448,0.0,0.0,0.06658833567410738,0.1554654019152018,0.2324294346992482,0.09374896625925788,0.0,0.02819260965228509,0.06735794833229407,0.19280680097644395
2022-01-03,0.09202588578239096,0.10235092735489457,0.0,0.0,0.07911677893794682,0.0,0.2757185515507672,0.1105264771567317,0.0,0.03369736337150246,0.08024733913122602,0.22631667671454028
2022-01-04,0.10130389798536854,0.11251468272775368,0.0,0.0,0.0,0.0,0.3022689331788293,0.11705303484201096,0.0,0.03719142267842186,0.08727835653353809,0.2423896720540776
2022-01-05,0.10132592930676608,0.11204629144321278,0.0,0.0,0.0,0.0,0.3028965260423199,0.11613550872736564,0.0,0.03706102676524005,0.08813231132591358,0.2424024063891821
2022-01-06,0.11353969728703885,0.12918823577705385,0.0,0.0,0.0,0.0,0.3356203189112431,0.0,0.0,0.04327688720826134,0.09526845150023551,0.2831064093161673
2022-01-07,0.11351820116944195,0.12847390290758515,0.0,0.0,0.0,0.0,0.3362117257008206,0.0,0.0,0.042779143850498566,0.09613959316596407,0.2828774332056896
2022-01-10,0.09938579880688717,0.1140540053190827,0.0,0.0,0.0,0.0,0.2951497342777357,0.12123944338787147,0.0,0.03753233534845944,0.08421059145044799,0.2484280914095154
2022-01-11,0.10086263767580791,0.11278373647571656,0.0,0.0,0.0,0.0,0.3008325232210293,0.11976932866684793,0.0,0.03711981208657028,0.08374726956897982,0.2448846923050482
2022-01-12,0.10141520086383635,0.11291098562670428,0.0,0.0,0.0,0.0,0.2975244689818939,0.12314422775023004,0.0,0.03674460123134867,0.0844279497547052,0.2438325657912815
2022-01-13,0.09412022343380201,0.10377049195448824,0.0,0.0,0.08016753598007115,0.0,0.27547320637063655,0.11436653819010639,0.0,0.034032096477670956,0.07836329375392924,0.2197066138392955
2022-01-14,0.10100635591480825,0.11302798095687734,0.0,0.0,0.0,0.0,0.2974918041651706,0.12478758580029728,0.0,0.03714194702000253,0.08557194677657673,0.2409723793662671
2022-01-18,0.1711306444807025,0.0,0.0,0.0,0.0,0.0,0.0,0.2132559763140622,0.0,0.0622387318722949,0.14636569188932075,0.4070089554436198
2022-01-19,0.1679389705290043,0.0,0.0,0.0,0.0,0.0,0.0,0.21635156794408542,0.0,0.06310637856198321,0.14721708010435688,0.4053860028605703
2022-01-20,0.1679845993002198,0.0,0.0,0.0,0.0,0.0,0.0,0.21154604902706958,0.0,0.06389906151784683,0.1470505825238583,0.40951970763100554
2022-01-21,0.0,0.0,0.0,0.0,0.0,0.0,0.0,0.25624897410503666,0.0,0.0769423207835859,0.1752335392601989,0.4915751658511787
2022-01-24,0.16228289254203948,0.0,0.0,0.0,0.0,0.0,0.0,0.21621355144050866,0.0,0.06452372397490148,0.14682016888264213,0.4101596631599083
2022-01-25,0.0,0.0,0.0,0.0,0.0,0.0,0.0,0.257615904967458,0.0,0.07782822840819689,0.1763143532173236,0.4882415134070216
2022-01-26,0.0,0.0,0.0,0.0,0.0,0.0,0.0,0.30820581437762395,0.0,0.09306426584250209,0.0,0.598729919779874
2022-01-27,0.0,0.0,0.0,0.0,0.0,0.0,0.0,0.0,0.0,0.13214124823982612,0.0,0.8678587517601739
2022-01-28,0.2056764174883477,0.0,0.0,0.0,0.0,0.0,0.0,0.0,0.0,0.08261645635966264,0.1858233180591617,0.525883808092828
2022-01-31,0.19948333732695417,0.0,0.0,0.0,0.0,0.0,0.0,0.0,0.0,0.08457463098953165,0.1768447502337201,0.5390972814497941
2022-02-01,0.19851084958322665,0.0,0.0,0.0,0.0,0.0,0.0,0.0,0.0,0.08819285089776607,0.17851261605472202,0.5347836834642853
2022-02-02,0.15453335920113534,0.0,0.0,0.0,0.0,0.0,0.0,0.21651126759178732,0.0,0.06888905692093085,0.13987192190151876,0.42019439438462786
2022-02-03,0.1972660730535865,0.0,0.0,0.0,0.0,0.0,0.0,0.0,0.0,0.0895501777599536,0.1781661586567294,0.5350175905297304
2022-02-04,0.1494697963878912,0.0,0.0,0.0,0.0,0.0,0.0,0.2248743856056237,0.0,0.07036430935625235,0.13937134987251343,0.4159201587777193
2022-02-07,0.14926515146572383,0.0,0.0,0.0,0.0,0.0,0.0,0.22573148232274134,0.0,0.07013286123599931,0.13867740320022828,0.4161931017753072
2022-02-08,0.16773074829000378,0.0,0.0,0.0,0.0,0.0,0.0,0.2554385600043115,0.0,0.07967039458611787,0.0,0.4971602971195667
2022-02-09,0.14435033905148315,0.0,0.0,0.0,0.0,0.0,0.0,0.2218298453041498,0.0,0.06855568930102257,0.13437510351420753,0.43088902282913694
2022-02-10,0.16527970734935754,0.0,0.0,0.0,0.0,0.0,0.0,0.2564583837007958,0.0,0.07938121290408286,0.0,0.4988806960457638
2022-02-11,0.0,0.0,0.0,0.0,0.0,0.0,0.0,0.30369678065279837,0.0,0.09411855404264971,0.0,0.602184665304552
2022-02-14,0.0,0.0,0.0,0.0,0.0,0.0,0.0,0.2940438097940034,0.0,0.0947858780071281,0.0,0.6111703121988685
2022-02-15,0.16019492917766456,0.0,0.0,0.0,0.0,0.0,0.0,0.24847011292988108,0.0,0.080144079426803,0.0,0.5111908784656515
2022-02-16,0.15906260233940583,0.0,0.0,0.0,0.0,0.0,0.0,0.24788105607362632,0.0,0.07950835862185743,0.0,0.5135479829651104
2022-02-17,0.0,0.0,0.0,0.0,0.0,0.0,0.0,0.29048548375803734,0.0,0.09522469423419722,0.0,0.6142898220077654
2022-02-18,0.0,0.0,0.0,0.0,0.0,0.0,0.0,0.29864505549926984,0.0,0.09277509535776637,0.0,0.6085798491429638
2022-02-22,0.0,0.0,0.0,0.0,0.0,0.0,0.0,0.30232078837658255,0.0,0.0937707134416838,0.0,0.6039084981817336
2022-02-23,0.0,0.0,0.0,0.0,0.0,0.0,0.0,0.2584199741262902,0.14005931148453588,0.08009283583779345,0.0,0.5214278785513804
2022-02-24,0.0,0.0,0.0,0.0,0.0,0.0,0.0,0.2847532862640664,0.0,0.1167900441188044,0.0,0.5984566696171292
2022-02-25,0.0,0.0,0.0,0.0,0.0,0.0,0.0,0.2904734409227976,0.0,0.1202207065191119,0.0,0.5893058525580905
2022-02-28,0.0,0.0,0.0,0.0,0.0,0.0,0.0,0.250610430368805,0.1350802203747374,0.11052994909550679,0.0,0.5037794001609509
2022-03-01,0.0,0.0,0.0,0.0,0.0,0.0,0.0,0.2467838705650143,0.13833180634610642,0.11088230431644928,0.0,0.50400201877243
2022-03-02,0.0,0.0,0.0,0.0,0.0,0.0,0.0,0.24946916150418105,0.13516412908118466,0.1064491407407448,0.0,0.5089175686738894
2022-03-03,0.0,0.0,0.0,0.0,0.0,0.0,0.0,0.24818023357871175,0.135980158944827,0.1027763158460651,0.0,0.5130632916303962
2022-03-04,0.0,0.0,0.0,0.0,0.0,0.0,0.0,0.2476839014818962,0.13611699409666098,0.10727712793670474,0.0,0.5089219764847379
2022-03-07,0.0,0.0,0.0,0.0,0.0,0.0,0.0,0.24877570166192992,0.13974187428403742,0.10207793174506533,0.0,0.5094044923089674
2022-03-08,0.0,0.0,0.0,0.0,0.0,0.0,0.0,0.24632892322683847,0.14171573023498332,0.10161681659889742,0.0,0.5103385299392809
2022-03-09,0.0,0.0,0.0,0.0,0.0,0.0,0.0,0.2335008484262819,0.14269687340812415,0.1041874007564853,0.0,0.5196148774091087
2022-03-10,0.0,0.0,0.0,0.0,0.0,0.0,0.0,0.2285317129521017,0.14982819211006032,0.08684601860240819,0.0,0.5347940763354297
2022-03-11,0.0,0.0,0.0,0.0,0.0,0.0,0.0,0.22948423630277343,0.1502828048282181,0.08684962203779868,0.0,0.5333833368312098
2022-03-14,0.0,0.0,0.0,0.0,0.0,0.0,0.0,0.2313609889532588,0.15222851969812548,0.08679533938489621,0.0,0.5296151519637196
2022-03-15,0.0,0.0,0.0,0.0,0.0,0.0,0.0,0.22877423314552953,0.14828005478567444,0.08496206887374101,0.0,0.5379836431950551
2022-03-16,0.0,0.0,0.0,0.0,0.0,0.0,0.0,0.22385120026549069,0.14985301004297497,0.08130427746434246,0.0,0.5449915122271919
2022-03-17,0.0,0.0,0.0,0.0,0.0,0.0,0.0,0.1890566886881327,0.12693226877482314,0.06920739983709195,0.15688243117681316,0.45792121152313925
2022-03-18,0.12359284470386477,0.0,0.0,0.0,0.0,0.0,0.0,0.1669508417604915,0.11192092862275627,0.057964671126515994,0.13667811632060636,0.4028925974657651
2022-03-21,0.12467335894804633,0.0,0.0,0.0,0.0,0.0,0.0,0.16543521279292117,0.11109343362160336,0.05832285757697953,0.1376682731423514,0.4028068639180983
2022-03-22,0.1251681671644666,0.0,0.0,0.0,0.0,0.0,0.0,0.16555626350086156,0.11139185500503047,0.056326705373599496,0.13822226071508412,0.4033347482409578
2022-03-23,0.14503098817073773,0.0,0.0,0.0,0.0,0.0,0.0,0.19169208818298916,0.12802671213013922,0.06537064252219717,0.0,0.46987956899393674
2022-03-24,0.14607231116047795,0.0,0.0,0.0,0.0,0.0,0.0,0.18990217367319154,0.12769925744521787,0.065004751616566,0.0,0.47132150610454654
2022-03-25,0.12441912403731083,0.0,0.0,0.0,0.0,0.0,0.0,0.1636797191548686,0.10937109761033001,0.05545418629570844,0.14071764407760398,0.406358228824178
2022-03-28,0.12418507548100723,0.0,0.0,0.0,0.0,0.0,0.0,0.1632243864502085,0.10944068338252992,0.05540580791585285,0.1395982544418183,0.4081457923285831
2022-03-29,0.12535042854771009,0.0,0.0,0.0,0.0,0.0,0.0,0.1608649946893697,0.10865360311185301,0.052807000508795464,0.14038150019094162,0.41194247295133024
2022-03-30,0.12582937209186676,0.0,0.0,0.0,0.0,0.0,0.0,0.1631128522138155,0.1100320419441916,0.05345372159338527,0.13507961860311354,0.41249239355362743
2022-03-31,0.12531685346478869,0.0,0.0,0.0,0.0,0.0,0.0,0.16522113837532068,0.11063098664059165,0.05310041944661602,0.13455307090274066,0.4111775311699424
2022-04-01,0.12482123308334461,0.0,0.0,0.0,0.0,0.0,0.0,0.1666919948037951,0.11132576074459613,0.05218198910649046,0.1344124086204128,0.410566613641361
2022-04-04,0.12606083727051298,0.0,0.0,0.0,0.0,0.0,0.0,0.16529768303674347,0.11158229303269769,0.051924061011406626,0.13656963200764868,0.4085654936409906
2022-04-05,0.12554455819493304,0.0,0.0,0.0,0.0,0.0,0.0,0.16745793910039142,0.11394646584200548,0.051692358843787777,0.13633966699132485,0.40501901102755744
2022-04-06,0.12474546832940664,0.0,0.0,0.0,0.0,0.0,0.0,0.1668247309730935,0.11321515649740038,0.0513101406632535,0.13647030748432462,0.4074341960525214
2022-04-07,0.12436918642318336,0.0,0.0,0.0,0.0,0.0,0.0,0.16702748327261807,0.11318803340117749,0.05112439171900379,0.13583768961853454,0.40845321556548275
2022-04-08,0.12389065769193379,0.0,0.0,0.0,0.0,0.0,0.0,0.16746385526155136,0.1130196186584569,0.05115242435197173,0.13422525210563938,0.4102481919304468
2022-04-11,0.0,0.0,0.0,0.0,0.0,0.0,0.0,0.1881064769765644,0.12866260679635372,0.057568874864737385,0.15106808098387034,0.474593960378474
2022-04-12,0.0,0.0,0.0,0.0,0.0,0.0,0.0,0.18853973294896686,0.12827929292920962,0.057411356203515465,0.1504607630864158,0.4753088548318923
2022-04-13,0.0,0.0,0.0,0.0,0.0,0.0,0.0,0.1884631669201593,0.12804181222510527,0.056829692715298474,0.15131510602826806,0.47535022211116884
2022-04-14,0.0,0.0,0.0,0.0,0.0,0.0,0.0,0.18774900677413958,0.1293152690950007,0.056366840475271386,0.1512873722225291,0.4752815114330593
2022-04-18,0.0,0.0,0.0,0.0,0.0,0.0,0.0,0.18927450322895834,0.1328692576374826,0.05589815148892665,0.15149835746128817,0.4704597301833443
2022-04-19,0.0,0.0,0.0,0.0,0.0,0.0,0.0,0.1893776356382539,0.1329776406743492,0.05592275172223284,0.15275643183305063,0.4689655401321135
2022-04-20,0.0,0.0,0.0,0.0,0.0,0.0,0.0,0.18722254060257848,0.13086915139400349,0.05545045456012844,0.15059990158047293,0.47585795186281676
2022-04-21,0.0,0.0,0.0,0.0,0.0,0.0,0.0,0.19000606846598594,0.13364549258187577,0.056350904281301274,0.1508877571900063,0.46910977748083066
2022-04-22,0.0,0.0,0.0,0.0,0.0,0.0,0.0,0.19053145008273356,0.1317995177613423,0.05659906408726288,0.15119524242846216,0.46987472564019905
2022-04-25,0.0,0.0,0.0,0.0,0.0,0.0,0.0,0.22250144883226933,0.0,0.06479618047058885,0.17336542155098936,0.5393369491461524
2022-04-26,0.0,0.0,0.0,0.0,0.0,0.0,0.0,0.21698584666934964,0.0,0.06376778626711871,0.1741100741810894,0.5451362928824424
2022-04-27,0.0,0.0,0.0,0.0,0.0,0.0,0.0,0.21753367378013136,0.0,0.06366514742837251,0.18088257934227223,0.5379185994492239
2022-04-28,0.0,0.0,0.0,0.0,0.0,0.0,0.0,0.21470218055905746,0.0,0.06307285986344606,0.18013999748962223,0.5420849620878744
2022-04-29,0.0,0.0,0.0,0.0,0.0,0.0,0.0,0.2622726134982213,0.0,0.07700316605519213,0.0,0.6607242204465866
2022-05-02,0.0,0.0,0.0,0.0,0.0,0.0,0.0,0.2624991169101592,0.0,0.07690151446436198,0.0,0.6605993686254789
2022-05-03,0.0,0.0,0.0,0.0,0.0,0.0,0.0,0.25474168183397106,0.0,0.07679851140596103,0.0,0.668459806760068
2022-05-04,0.0,0.0,0.0,0.0,0.0,0.0,0.0,0.25521387649501537,0.0,0.0767978491299683,0.0,0.6679882743750164
2022-05-05,0.0,0.0,0.0,0.0,0.0,0.0,0.0,0.26267300944526517,0.0,0.0783471509743076,0.0,0.6589798395804273
2022-05-06,0.0,0.0,0.0,0.0,0.0,0.0,0.0,0.26654092907944005,0.0,0.07980890801504803,0.0,0.6536501629055119
2022-05-09,0.0,0.0,0.0,0.0,0.0,0.0,0.0,0.26620400078353956,0.0,0.07953806248333277,0.0,0.6542579367331277
2022-05-10,0.0,0.0,0.0,0.0,0.0,0.0,0.0,0.0,0.0,0.10524415452854088,0.0,0.8947558454714593
2022-05-11,0.0,0.0,0.0,0.0,0.0,0.0,0.0,0.2676329467713753,0.0,0.07669535184807014,0.0,0.6556717013805546
2022-05-12,0.0,0.0,0.0,0.0,0.0,0.0,0.0,0.0,0.0,0.10343806570002638,0.0,0.8965619342999736
2022-05-13,0.0,0.0,0.0,0.0,0.0,0.0,0.0,0.0,0.0,0.10516858797032458,0.0,0.8948314120296755
2022-05-16,0.0,0.0,0.0,0.0,0.0,0.0,0.0,0.0,0.0,0.10534674171056359,0.0,0.8946532582894364
2022-05-17,0.0,0.0,0.0,0.0,0.0,0.0,0.0,0.0,0.0,0.10633604229358022,0.0,0.8936639577064197
2022-05-18,0.0,0.0,0.0,0.0,0.0,0.0,0.0,0.0,0.0,0.10946765225935608,0.0,0.8905323477406438
2022-05-19,0.0,0.0,0.0,0.0,0.0,0.0,0.0,0.27945593790479506,0.0,0.078994991747796,0.0,0.6415490703474089
2022-05-20,0.0,0.0,0.0,0.0,0.0,0.0,0.0,0.2855666064647509,0.0,0.08194029714463515,0.0,0.6324930963906139
2022-05-23,0.0,0.0,0.0,0.0,0.0,0.0,0.0,0.282818304824618,0.0,0.08090894529321814,0.0,0.6362727498821638
2022-05-24,0.0,0.0,0.0,0.0,0.0,0.0,0.0,0.2868542988530772,0.0,0.08223967131287092,0.0,0.6309060298340518
2022-05-25,0.0,0.0,0.0,0.0,0.0,0.0,0.0,0.28850222083899113,0.0,0.08261180883699236,0.0,0.6288859703240164
2022-05-26,0.0,0.0,0.0,0.0,0.0,0.0,0.0,0.29038762952322555,0.0,0.08304249805263855,0.0,0.626569872424136
2022-05-27,0.0,0.0,0.0,0.0,0.0,0.0,0.0,0.29256588874977063,0.0,0.08398326033162787,0.0,0.6234508509186015
2022-05-31,0.0,0.0,0.0,0.0,0.0,0.0,0.0,0.0,0.0,0.1187623769284233,0.0,0.8812376230715767
2022-06-01,0.0,0.0,0.0,0.0,0.0,0.0,0.0,0.2926433510967353,0.0,0.08472379188793355,0.0,0.6226328570153311
2022-06-02,0.0,0.0,0.0,0.0,0.0,0.0,0.0,0.29641222389606336,0.0,0.08510874211589721,0.0,0.6184790339880394
2022-06-03,0.0,0.0,0.0,0.0,0.0,0.0,0.0,0.31385563280376927,0.0,0.08562599160569977,0.0,0.600518375590531
2022-06-06,0.0,0.0,0.0,0.0,0.0,0.0,0.0,0.0,0.0,0.1330928526025626,0.0,0.8669071473974375
2022-06-07,0.0,0.0,0.0,0.0,0.0,0.0,0.0,0.31978526354730796,0.0,0.09022616619743347,0.0,0.5899885702552584
2022-06-08,0.0,0.0,0.0,0.0,0.0,0.0,0.0,0.3175990306603918,0.0,0.0903210478231291,0.0,0.5920799215164791
2022-06-09,0.0,0.0,0.0,0.0,0.0,0.0,0.0,0.32226881405238167,0.0,0.09144325232310062,0.0,0.5862879336245178
2022-06-10,0.0,0.0,0.0,0.0,0.0,0.0,0.0,0.33256082439640605,0.0,0.09413397419381635,0.0,0.5733052014097777
2022-06-13,0.0,0.0,0.0,0.0,0.0,0.0,0.0,0.0,0.0,0.14026048229257473,0.0,0.8597395177074252
2022-06-14,0.0,0.0,0.0,0.0,0.0,0.0,0.0,0.0,0.0,0.15050736825072542,0.0,0.8494926317492746
2022-06-15,0.0,0.0,0.0,0.0,0.0,0.0,0.0,0.0,0.0,0.14981142170074452,0.0,0.8501885782992555
2022-06-16,0.0,0.0,0.0,0.0,0.0,0.0,0.0,0.31564305354030986,0.0,0.10849670257806757,0.0,0.5758602438816225
2022-06-17,0.0,0.0,0.0,0.0,0.0,0.0,0.0,0.0,0.0,0.16371049488479855,0.0,0.8362895051152014
2022-06-21,0.0,0.0,0.0,0.0,0.0,0.0,0.0,0.0,0.0,0.16594995628180792,0.0,0.834050043718192
2022-06-22,0.0,0.0,0.0,0.0,0.0,0.0,0.0,0.0,0.0,0.16799533696077518,0.0,0.8320046630392249
2022-06-23,0.0,0.0,0.0,0.0,0.0,0.0,0.0,0.0,0.0,0.16596710572516843,0.0,0.8340328942748315
2022-06-24,0.0,0.0,0.0,0.0,0.0,0.0,0.0,0.0,0.0,0.17547842884993128,0.0,0.8245215711500686
2022-06-27,0.0,0.0,0.0,0.0,0.0,0.0,0.0,0.0,0.0,0.17313060470045227,0.0,0.8268693952995477
2022-06-28,0.0,0.0,0.0,0.0,0.0,0.0,0.0,0.0,0.0,0.17195115747522619,0.0,0.8280488425247738
2022-06-29,0.0,0.0,0.0,0.0,0.0,0.0,0.0,0.0,0.0,0.17682857058533505,0.0,0.8231714294146649
2022-06-30,0.0,0.0,0.0,0.0,0.0,0.0,0.0,0.0,0.0,0.17670241041915394,0.0,0.8232975895808461
2022-07-01,0.0,0.0,0.0,0.0,0.0,0.0,0.0,0.0,0.0,0.17716270388749827,0.0,0.8228372961125017
2022-07-05,0.0,0.0,0.0,0.0,0.0,0.0,0.0,0.0,0.0,0.17772522156463277,0.0,0.8222747784353672
2022-07-06,0.0,0.0,0.0,0.0,0.0,0.0,0.0,0.0,0.0,0.17240135519679506,0.0,0.8275986448032049
2022-07-07,0.0,0.0,0.0,0.0,0.0,0.0,0.0,0.0,0.0,0.17243338164925126,0.0,0.8275666183507489
2022-07-08,0.0,0.0,0.0,0.0,0.0,0.0,0.0,0.0,0.0,0.170230980383908,0.0,0.829769019616092
2022-07-11,0.0,0.0,0.0,0.0,0.0,0.0,0.0,0.0,0.0,0.170405480107457,0.0,0.8295945198925431
2022-07-12,0.0,0.0,0.0,0.0,0.0,0.0,0.0,0.0,0.0,0.17851754477353052,0.0,0.8214824552264695
2022-07-13,0.0,0.0,0.0,0.0,0.0,0.0,0.0,0.0,0.0,0.17115173165295033,0.0,0.8288482683470496
2022-07-14,0.0,0.0,0.0,0.0,0.0,0.0,0.0,0.0,0.0,0.1715102206258804,0.0,0.8284897793741196
2022-07-15,0.0,0.0,0.0,0.0,0.0,0.0,0.0,0.0,0.0,0.17261516093035395,0.0,0.8273848390696461
2022-07-18,0.0,0.0,0.0,0.0,0.0,0.0,0.0,0.0,0.0,0.17726168347011004,0.0,0.82273831652989
2022-07-19,0.0,0.0,0.0,0.0,0.0,0.0,0.0,0.0,0.0,0.17359084775866504,0.0,0.826409152241335
2022-07-20,0.0,0.0,0.0,0.0,0.0,0.0,0.0,0.0,0.0,0.1752166516413488,0.0,0.8247833483586512
2022-07-21,0.0,0.0,0.0,0.0,0.0,0.0,0.0,0.0,0.0,0.17530371980070988,0.0,0.8246962801992901
2022-07-22,0.0,0.0,0.0,0.0,0.0,0.0,0.0,0.0,0.0,0.1747420186337431,0.0,0.8252579813662568
2022-07-25,0.0,0.0,0.0,0.0,0.0,0.0,0.0,0.0,0.0,0.17447241979090813,0.0,0.8255275802090919
2022-07-26,0.0,0.0,0.0,0.0,0.0,0.0,0.0,0.0,0.0,0.17264506140335448,0.0,0.8273549385966454
2022-07-27,0.0,0.0,0.0,0.0,0.0,0.0,0.0,0.0,0.0,0.17402129576131795,0.0,0.825978704238682
2022-07-28,0.0,0.0,0.0,0.0,0.0,0.0,0.0,0.0,0.0,0.17431857014999275,0.0,0.8256814298500074
2022-07-29,0.0,0.0,0.0,0.0,0.0,0.0,0.0,0.0,0.0,0.17383541442359404,0.0,0.8261645855764059
2022-08-01,0.0,0.0,0.0,0.0,0.0,0.0,0.0,0.0,0.0,0.1748812852486367,0.0,0.8251187147513632
2022-08-02,0.0,0.0,0.0,0.0,0.0,0.0,0.0,0.0,0.0,0.173949225949174,0.0,0.8260507740508259
2022-08-03,0.0,0.0,0.0,0.0,0.0,0.0,0.0,0.0,0.0,0.17273693216752845,0.0,0.8272630678324715
2022-08-04,0.0,0.0,0.0,0.0,0.0,0.0,0.0,0.0,0.0,0.17211732640850594,0.0,0.8278826735914941
2022-08-05,0.0,0.0,0.0,0.0,0.0,0.0,0.0,0.0,0.0,0.1802049192118029,0.0,0.8197950807881971
2022-08-08,0.0,0.0,0.0,0.0,0.0,0.0,0.0,0.0,0.0,0.1837879338415,0.0,0.8162120661585
2022-08-09,0.0,0.0,0.0,0.0,0.0,0.0,0.0,0.0,0.0,0.18705449724359377,0.0,0.8129455027564062
2022-08-10,0.0,0.0,0.0,0.0,0.0,0.0,0.0,0.0,0.0,0.18491125365709396,0.0,0.815088746342906
2022-08-11,0.0,0.0,0.0,0.0,0.0,0.0,0.0,0.0,0.0,0.1903184263576103,0.0,0.8096815736423897
2022-08-12,0.0,0.0,0.0,0.0,0.0,0.0,0.0,0.0,0.0,0.18930989073511656,0.0,0.8106901092648834
2022-08-15,0.0,0.0,0.0,0.0,0.0,0.0,0.0,0.0,0.0,0.18761420158425526,0.0,0.8123857984157448
2022-08-16,0.2440646533152003,0.0,0.0,0.0,0.0,0.0,0.0,0.0,0.0,0.14282164842431816,0.0,0.6131136982604816
2022-08-17,0.0,0.0,0.0,0.0,0.0,0.0,0.0,0.0,0.0,0.18410604604204658,0.0,0.8158939539579534
2022-08-18,0.0,0.0,0.0,0.0,0.0,0.0,0.0,0.0,0.0,0.1841407669696992,0.0,0.8158592330303007
2022-08-19,0.0,0.0,0.0,0.0,0.0,0.0,0.0,0.0,0.0,0.18039267142164736,0.0,0.8196073285783526
2022-08-22,0.0,0.0,0.0,0.0,0.0,0.0,0.0,0.0,0.0,0.18090434722004653,0.0,0.8190956527799536
2022-08-23,0.0,0.0,0.0,0.0,0.0,0.0,0.0,0.0,0.0,0.18258247706729286,0.0,0.8174175229327072
2022-08-24,0.0,0.0,0.0,0.0,0.0,0.0,0.0,0.0,0.0,0.1825349568645747,0.0,0.8174650431354252
2022-08-25,0.0,0.0,0.0,0.0,0.0,0.0,0.0,0.0,0.0,0.181820817280407,0.0,0.818179182719593
2022-08-26,0.0,0.0,0.0,0.0,0.0,0.0,0.0,0.0,0.0,0.1814757873461017,0.0,0.8185242126538984
2022-08-29,0.0,0.0,0.0,0.0,0.0,0.0,0.0,0.0,0.0,0.17997923342576366,0.0,0.8200207665742364
2022-08-30,0.0,0.0,0.0,0.0,0.0,0.0,0.0,0.0,0.0,0.17427867334442854,0.0,0.8257213266555714
2022-08-31,0.0,0.0,0.0,0.0,0.0,0.0,0.0,0.0,0.0,0.17259240179396074,0.0,0.8274075982060392
2022-09-01,0.0,0.0,0.0,0.0,0.0,0.0,0.0,0.0,0.0,0.17141945217418528,0.0,0.8285805478258147
2022-09-02,0.0,0.0,0.0,0.0,0.0,0.0,0.0,0.0,0.0,0.1732302369915812,0.0,0.8267697630084189
2022-09-06,0.0,0.0,0.0,0.0,0.0,0.0,0.0,0.0,0.0,0.1740530837708022,0.0,0.8259469162291979
2022-09-07,0.0,0.0,0.0,0.0,0.0,0.0,0.0,0.0,0.0,0.0,0.0,1.0
2022-09-08,0.0,0.0,0.0,0.0,0.0,0.0,0.0,0.0,0.0,0.0,0.0,1.0
2022-09-09,0.0,0.0,0.0,0.0,0.0,0.0,0.0,0.0,0.0,0.0,0.0,1.0
2022-09-12,0.0,0.0,0.0,0.0,0.0,0.0,0.0,0.0,0.0,0.1663175274402796,0.0,0.8336824725597203
2022-09-13,0.0,0.0,0.0,0.0,0.0,0.0,0.0,0.0,0.0,0.16453395030478937,0.0,0.8354660496952107
2022-09-14,0.0,0.0,0.0,0.0,0.0,0.0,0.0,0.0,0.0,0.1668371359018454,0.0,0.8331628640981545
2022-09-15,0.0,0.0,0.0,0.0,0.0,0.0,0.0,0.0,0.0,0.0,0.0,1.0
2022-09-16,0.0,0.0,0.0,0.0,0.0,0.0,0.0,0.0,0.0,0.0,0.0,1.0
2022-09-19,0.0,0.0,0.0,0.0,0.0,0.0,0.0,0.0,0.0,0.0,0.0,1.0
2022-09-20,0.0,0.0,0.0,0.0,0.0,0.0,0.0,0.0,0.0,0.0,0.0,1.0
2022-09-21,0.0,0.0,0.0,0.0,0.0,0.0,0.0,0.0,0.0,0.0,0.0,1.0
2022-09-22,0.0,0.0,0.0,0.0,0.0,0.0,0.0,0.0,0.0,0.0,0.0,1.0
2022-09-23,0.0,0.0,0.0,0.0,0.0,0.0,0.0,0.0,0.0,0.0,0.0,1.0
2022-09-26,0.0,0.0,0.0,0.0,0.0,0.0,0.0,0.0,0.0,0.0,0.0,1.0
2022-09-27,0.0,0.0,0.0,0.0,0.0,0.0,0.0,0.0,0.0,0.0,0.0,1.0
2022-09-28,0.0,0.0,0.0,0.0,0.0,0.0,0.0,0.0,0.0,0.0,0.0,1.0
2022-09-29,0.0,0.0,0.0,0.0,0.0,0.0,0.0,0.0,0.0,0.0,0.0,1.0
2022-09-30,0.0,0.0,0.0,0.0,0.0,0.0,0.0,0.0,0.0,0.0,0.0,1.0
2022-10-03,0.0,0.0,0.0,0.0,0.0,0.0,0.0,0.0,0.0,0.0,0.0,1.0
2022-10-04,0.0,0.0,0.0,0.0,0.0,0.0,0.0,0.0,0.0,0.0,0.0,1.0
2022-10-05,0.0,0.0,0.0,0.0,0.0,0.0,0.0,0.0,0.0,0.0,0.0,1.0
2022-10-06,0.0,0.0,0.0,0.0,0.0,0.0,0.0,0.0,0.0,0.20116093777753555,0.0,0.7988390622224645
2022-10-07,0.0,0.0,0.0,0.0,0.0,0.0,0.0,0.0,0.0,0.20349679913140564,0.0,0.7965032008685943
2022-10-10,0.0,0.0,0.0,0.0,0.0,0.0,0.0,0.0,0.0,0.20086505498048504,0.0,0.7991349450195149
2022-10-11,0.0,0.0,0.0,0.0,0.0,0.0,0.0,0.0,0.0,0.0,0.0,1.0
2022-10-12,0.0,0.0,0.0,0.0,0.0,0.0,0.0,0.0,0.0,0.0,0.0,1.0
2022-10-13,0.0,0.0,0.0,0.0,0.0,0.0,0.0,0.0,0.0,0.0,0.0,1.0
2022-10-14,0.0,0.0,0.0,0.0,0.0,0.0,0.0,0.0,0.0,0.0,0.0,1.0
2022-10-17,0.0,0.0,0.0,0.0,0.0,0.0,0.0,0.0,0.0,0.0,0.0,1.0
2022-10-18,0.0,0.0,0.0,0.0,0.0,0.0,0.0,0.0,0.0,0.0,0.0,1.0
2022-10-19,0.0,0.0,0.0,0.0,0.0,0.0,0.0,0.0,0.0,0.0,0.0,1.0
2022-10-20,0.0,0.0,0.0,0.0,0.0,0.0,0.0,0.0,0.0,0.0,0.0,1.0
2022-10-21,0.0,0.0,0.0,0.0,0.0,0.0,0.0,0.0,0.0,0.0,0.0,1.0
2022-10-24,0.0,0.0,0.0,0.0,0.0,0.0,0.0,0.0,0.0,0.0,0.0,1.0
2022-10-25,0.0,0.0,0.0,0.0,0.0,0.0,0.0,0.0,0.0,0.0,0.0,1.0
2022-10-26,0.0,0.0,0.0,0.0,0.0,0.0,0.0,0.0,0.0,0.0,0.0,1.0
2022-10-27,0.0,0.0,0.0,0.0,0.0,0.0,0.0,0.0,0.0,0.0,0.0,1.0
2022-10-28,0.0,0.0,0.0,0.0,0.0,0.0,0.0,0.0,0.0,0.0,0.0,1.0
2022-10-31,0.0,0.0,0.0,0.0,0.0,0.0,0.0,0.0,0.0,0.0,0.0,1.0
2022-11-01,0.0,0.0,0.0,0.0,0.0,0.0,0.0,0.0,0.0,0.0,0.0,1.0
2022-11-02,0.0,0.0,0.0,0.0,0.0,0.0,0.0,0.0,0.0,0.0,0.0,1.0
2022-11-03,0.0,0.0,0.0,0.0,0.0,0.0,0.0,0.0,0.0,0.0,0.0,1.0
2022-11-04,0.0,0.0,0.0,0.0,0.0,0.0,0.0,0.0,0.0,0.21394660593406986,0.0,0.7860533940659301
2022-11-07,0.0,0.0,0.0,0.0,0.0,0.0,0.0,0.0,0.0,0.22244057404291678,0.0,0.7775594259570832
2022-11-08,0.0,0.0,0.0,0.0,0.0,0.0,0.0,0.0,0.0,0.0,0.0,1.0
2022-11-09,0.0,0.0,0.0,0.0,0.0,0.0,0.0,0.0,0.0,0.0,0.0,1.0
2022-11-10,0.0,0.0,0.0,0.0,0.0,0.0,0.0,0.0,0.22947945485480636,0.0,0.0,0.7705205451451935
2022-11-11,0.0,0.2541196627033913,0.0,0.0,0.0,0.0,0.0,0.0,0.1814586924654067,0.0,0.0,0.564421644831202
2022-11-14,0.0,0.0,0.0,0.0,0.0,0.0,0.0,0.0,0.24778890018466712,0.0,0.0,0.752211099815333
2022-11-15,0.0,0.0,0.0,0.0,0.0,0.0,0.0,0.0,0.24931955573331185,0.0,0.0,0.7506804442666881
2022-11-16,0.0,0.0,0.0,0.0,0.0,0.0,0.0,0.0,0.0,0.0,0.0,1.0
2022-11-17,0.0,0.0,0.0,0.0,0.0,0.0,0.0,0.0,0.0,0.0,0.0,1.0
2022-11-18,0.0,0.0,0.0,0.0,0.0,0.0,0.0,0.0,0.0,0.0,0.0,1.0
2022-11-21,0.0,0.0,0.0,0.0,0.0,0.0,0.0,0.0,0.0,0.0,0.0,1.0
2022-11-22,0.0,0.31939649354777583,0.0,0.0,0.0,0.0,0.0,0.0,0.0,0.0,0.0,0.6806035064522242
2022-11-23,0.0,0.2606804462209412,0.0,0.0,0.0,0.0,0.0,0.0,0.18394008168067966,0.0,0.0,0.5553794720983791
2022-11-25,0.0,0.32226282117405014,0.0,0.0,0.0,0.0,0.0,0.0,0.0,0.0,0.0,0.67773717882595
2022-11-28,0.0,0.322591246267213,0.0,0.0,0.0,0.0,0.0,0.0,0.0,0.0,0.0,0.6774087537327869
2022-11-29,0.0,0.3219237045429772,0.0,0.0,0.0,0.0,0.0,0.0,0.0,0.0,0.0,0.6780762954570227
2022-11-30,0.15184783230545565,0.15195266877344132,0.0,0.0,0.0,0.0,0.2696576008564672,0.0,0.10724403671741982,0.0,0.0,0.31929786134721605
2022-12-01,0.1208921040310929,0.12343922636070022,0.0,0.0,0.0,0.0,0.21646376232956577,0.19300247542937252,0.08564162534628353,0.0,0.0,0.2605608065029849
2022-12-02,0.15076854306816093,0.15259700687831548,0.0,0.0,0.0,0.0,0.27232892129702035,0.0,0.105975654640126,0.0,0.0,0.31832987411637714
2022-12-05,0.0,0.26442814177666324,0.0,0.0,0.0,0.0,0.0,0.0,0.1833730926656755,0.0,0.0,0.5521987655576613
2022-12-06,0.0,0.26822149580682275,0.0,0.0,0.0,0.0,0.0,0.0,0.1797417670118544,0.0,0.0,0.552036737181323
2022-12-07,0.0,0.17981516975031156,0.0,0.0,0.0,0.32687905492398206,0.0,0.0,0.12367084076360313,0.0,0.0,0.36963493456210333
2022-12-08,0.0,0.1392603626764042,0.0,0.0,0.0,0.24164232301125563,0.24525314542880539,0.0,0.09194949157273434,0.0,0.0,0.2818946773108005
2022-12-09,0.0,0.18364646517918684,0.0,0.0,0.0,0.0,0.32355895904776594,0.0,0.12116354400326526,0.0,0.0,0.37163103176978196
2022-12-12,0.0,0.18383008600705017,0.0,0.0,0.0,0.0,0.3242396892749301,0.0,0.12154629079879237,0.0,0.0,0.3703839339192274
2022-12-13,0.12874085328899995,0.1317505699997093,0.0,0.0,0.0,0.22680392888111758,0.2318379233966443,0.19364755338639672,0.08721917104713219,0.0,0.0,0.0
2022-12-14,0.0,0.15184045072698443,0.0,0.0,0.0,0.2609593845396972,0.2661521425147722,0.2203041084655643,0.10074391375298188,0.0,0.0,0.0
2022-12-15,0.0,0.19524981001758632,0.0,0.0,0.0,0.3352819735288453,0.3408761058087468,0.0,0.12859211064482154,0.0,0.0,0.0
2022-12-16,0.0,0.19286364552987675,0.0,0.0,0.0,0.3374622317733577,0.34254943257438236,0.0,0.12712469012238306,0.0,0.0,0.0
2022-12-19,0.0,0.6020184605525399,0.0,0.0,0.0,0.0,0.0,0.0,0.3979815394474601,0.0,0.0,0.0
2022-12-20,0.0,0.32665782909852387,0.0,0.0,0.0,0.0,0.0,0.46043997059763686,0.21290220030383925,0.0,0.0,0.0
2022-12-21,0.0,0.20952111660898645,0.0,0.0,0.0,0.0,0.3669887359537463,0.2912562437081853,0.13223390372908184,0.0,0.0,0.0
2022-12-22,0.0,0.33155204578358627,0.0,0.0,0.0,0.0,0.0,0.4598231094722701,0.20862484474414356,0.0,0.0,0.0
2022-12-23,0.0,0.2093064384329712,0.0,0.0,0.0,0.0,0.3694812814927746,0.29047251334360846,0.1307397667306456,0.0,0.0,0.0
2022-12-27,0.0,0.3336257153314466,0.0,0.0,0.0,0.0,0.0,0.4594060236189823,0.20696826104957103,0.0,0.0,0.0
2022-12-28,0.0,0.33451445882495356,0.0,0.0,0.0,0.0,0.0,0.45841895651560693,0.20706658465943945,0.0,0.0,0.0
2022-12-29,0.0,0.32200353766998313,0.0,0.0,0.0,0.0,0.0,0.4555937062369637,0.2224027560930532,0.0,0.0,0.0
2022-12-30,0.0,0.33128830619601957,0.0,0.0,0.0,0.0,0.0,0.4513747127936766,0.21733698101030402,0.0,0.0,0.0
2023-01-03,0.0,0.33042553954239534,0.0,0.0,0.0,0.0,0.0,0.4510334035602816,0.21854105689732298,0.0,0.0,0.0
2023-01-04,0.0,0.17836028162297954,0.16546914064305215,0.0,0.0,0.0,0.30090930999628696,0.23902279432606033,0.11623847341162116,0.0,0.0,0.0
2023-01-05,0.0,0.13279122353485784,0.12057607696117809,0.0,0.0,0.0,0.22300356755784853,0.17735594389658618,0.08706381946960605,0.0,0.0,0.2592093685799234
2023-01-06,0.0,0.13555779782771302,0.12465500731287164,0.0,0.0,0.23422539252842597,0.23336474676729665,0.1830138101034788,0.08918324546021389,0.0,0.0,0.0
2023-01-09,0.0,0.1007862158317993,0.09390697453992407,0.2592276869973298,0.0,0.1715856753156702,0.1720661313432449,0.13496300039372183,0.06746431557830997,0.0,0.0,0.0
2023-01-10,0.0,0.13630753159671805,0.12667411582092328,0.0,0.0,0.23161596735165646,0.23210658943876866,0.18234216442582035,0.0909536313661132,0.0,0.0,0.0
2023-01-11,0.08768503299487806,0.09320442023342783,0.08546121678444685,0.23564000790277123,0.0,0.15592641971125115,0.15660731336356895,0.12382283218373617,0.061652756825919676,0.0,0.0,0.0
2023-01-12,0.088476083146003,0.09365006442769104,0.08568566795641795,0.2341925386488663,0.0,0.15583463135568382,0.15493798020530436,0.12463875722532036,0.06258427703471316,0.0,0.0,0.0
2023-01-13,0.09034610635315003,0.0947677254749068,0.08742287088038449,0.23113337943293893,0.0,0.15383049221294215,0.15651832068105936,0.12346683018640242,0.06251427477821586,0.0,0.0,0.0
2023-01-17,0.09087717310157153,0.09496423899472613,0.0875436277118006,0.2301314591637273,0.0,0.15396118363593725,0.1574376173173131,0.12279257692929037,0.06229212314563367,0.0,0.0,0.0
2023-01-18,0.0,0.10391371463574604,0.0961171261421,0.25484775031799606,0.0,0.17089671695741415,0.17234375709188396,0.1345980577110201,0.0672828771438395,0.0,0.0,0.0
2023-01-19,0.0,0.10399107899296205,0.09591869640467265,0.2535686108041414,0.0,0.17154988830740717,0.17365912878587325,0.13466922794706482,0.06664336875787864,0.0,0.0,0.0
2023-01-20,0.0905982338574825,0.09520233047321676,0.08749588358522374,0.22925268469513901,0.0,0.15533183428338393,0.15802543095659027,0.12274443244482221,0.06134916970414154,0.0,0.0,0.0
2023-01-23,0.08958398929493212,0.09482036233199202,0.09339809038986907,0.22716263963935118,0.0,0.1539369168210345,0.15751214958657064,0.12234656496984372,0.061239286966406674,0.0,0.0,0.0
2023-01-24,0.08916165910218782,0.09557186581811422,0.09257609645774752,0.22906171723130053,0.0,0.15472964095078465,0.15762252268800422,0.12121828145019348,0.060058216301667626,0.0,0.0,0.0
2023-01-25,0.08932127445080569,0.09556029938052245,0.09314217818189995,0.22881644337002255,0.0,0.15446276785049923,0.15751476322651795,0.12120835359568219,0.05997391994405012,0.0,0.0,0.0
2023-01-26,0.08293900919708429,0.08923107957709986,0.08684170791286455,0.21310130203153269,0.0,0.14331585054420282,0.14684613013965664,0.11247442665150408,0.05556320344749408,0.0,0.06968729049856096,0.0
2023-01-27,0.08413876717570792,0.08901007821205184,0.08672544889906865,0.2124607869066616,0.0,0.14260727187857836,0.14712087166838264,0.1122301545432554,0.05562494855109747,0.0,0.07008167216519622,0.0
2023-01-30,0.08374428332509326,0.08893165981506305,0.08595113094716712,0.21163290651082753,0.0,0.14206070624774078,0.15102803530796685,0.1123089600562347,0.05497502494683519,0.0,0.0693672928430716,0.0
2023-01-31,0.08340977207303765,0.08887809566623865,0.08482819011682288,0.21147729215458977,0.0,0.14255068142396643,0.15121222250421257,0.11290915320286073,0.05560155015981666,0.0,0.06913304269845456,0.0
2023-02-01,0.07831887812018588,0.08284181318897024,0.07818700212825434,0.19381280570957662,0.0760014252232691,0.13089246605697583,0.1397164792124754,0.10435733558383976,0.05144158252512911,0.0,0.06443021225132382,0.0
2023-02-02,0.07870693582004415,0.08351243492945606,0.07806473316044535,0.19351757277682266,0.0760032639438362,0.1304167215410879,0.1395449057949311,0.1041313432284256,0.05154675465080293,0.0,0.06455533415414799,0.0
2023-02-03,0.08337499080791395,0.09554659700739436,0.08903266722550593,0.2051389987925117,0.0,0.13817568807387645,0.14811565025444703,0.11262898779239199,0.060199566546417164,0.0,0.06778685349954129,0.0
2023-02-06,0.0850930330259076,0.09703657412797088,0.08929973668968816,0.20457455825983534,0.0,0.1390422869128031,0.14885394858363998,0.10906732393984078,0.05851047190932981,0.0,0.06852206655098428,0.0
2023-02-07,0.08503392415842084,0.09663427357620305,0.08823143269362428,0.20302581617273552,0.0,0.13782256685132205,0.14794937327461108,0.11331787315742509,0.059566568141380324,0.0,0.06841817197427756,0.0
2023-02-08,0.08576344813860763,0.09721432296912659,0.08916553738967195,0.20086924975906473,0.0,0.13650680794430517,0.1501991025927489,0.11272609619909794,0.05945344951864124,0.0,0.06810198548873564,0.0
2023-02-09,0.08753430836697085,0.10580828745676155,0.08326353129777639,0.20016642284922942,0.0,0.13850610407059197,0.15326176696767918,0.10648052446899389,0.05317706110800646,0.0,0.07180199341399034,0.0
2023-02-10,0.1090364917647306,0.136361544260552,0.10804047652702875,0.0,0.0,0.17025195209329408,0.18942949089235148,0.13206179148845557,0.06589813911789157,0.0,0.0889201138556961,0.0
2023-02-13,0.0876563441663903,0.11031637153503243,0.08603073053714534,0.19733233635893382,0.0,0.13556779171909492,0.15133068322877663,0.10561204562668823,0.0529486925220518,0.0,0.0732050043058866,0.0
2023-02-14,0.1077424826373981,0.1354838050360026,0.10920583191130942,0.0,0.0,0.1719573303480063,0.189264873503505,0.12999471211372327,0.06586555650619054,0.0,0.09048540794386485,0.0
2023-02-15,0.10769604665816143,0.13502181464023147,0.1108348159798192,0.0,0.0,0.17271788150772963,0.18855535458523243,0.12945591265662282,0.06559325164090546,0.0,0.09012492233129751,0.0
2023-02-16,0.13028645194761976,0.1626665076316215,0.1331284765484034,0.0,0.0,0.0,0.22880803506233854,0.15574236328717683,0.0801034184701313,0.0,0.10926474705270854,0.0
2023-02-17,0.12912498962723187,0.1626392015260645,0.13412823790031886,0.0,0.0,0.0,0.22665601057737558,0.15724930520710864,0.08043404307788224,0.0,0.10976821208401843,0.0
2023-02-21,0.19400631742027033,0.24633123332438964,0.20202664624634747,0.0,0.0,0.0,0.0,0.23700519360338207,0.12063060940561048,0.0,0.0,0.0
2023-02-22,0.14450390587461748,0.18642968890925296,0.15091299852859488,0.0,0.0,0.0,0.247593396200159,0.17898597345107117,0.09157403703630453,0.0,0.0,0.0
2023-02-23,0.1446826579510069,0.18726703332639597,0.15096807955363672,0.0,0.0,0.0,0.24679937547971276,0.17857946179717057,0.0917033918920771,0.0,0.0,0.0
2023-02-24,0.13548679282137593,0.1756729077303364,0.0,0.0,0.0,0.0,0.22768036651350645,0.1675030072663026,0.0,0.0,0.0,0.2936569256684786
2023-02-27,0.1928988070198648,0.24478270412588424,0.0,0.0,0.0,0.0,0.32572486715620474,0.23659362169804607,0.0,0.0,0.0,0.0
2023-02-28,0.13704402295325846,0.17193419367661406,0.0,0.0,0.0,0.0,0.23042496760537623,0.16828337999194756,0.0,0.0,0.0,0.29231343577280366
2023-03-01,0.16614860638405363,0.19925090319679745,0.16939633521788558,0.0,0.0,0.0,0.27205221094488163,0.1931519442563816,0.0,0.0,0.0,0.0
2023-03-02,0.12280180503092995,0.14834745700340737,0.12117681506832043,0.0,0.0,0.0,0.20150419067413824,0.14727860318255842,0.0,0.0,0.0,0.25889112904064554
2023-03-03,0.1492826045674002,0.18119484262092922,0.1480277772944278,0.0,0.0,0.0,0.24606832131275075,0.18015369619056829,0.0952727580139238,0.0,0.0,0.0
2023-03-06,0.14871565647360444,0.17972707179052982,0.14738967638976277,0.0,0.0,0.0,0.24336411783395642,0.1827616749363173,0.09804180257582919,0.0,0.0,0.0
2023-03-07,0.12389557314980074,0.14755339484685764,0.12065494497231906,0.0,0.0,0.0,0.20000983344294476,0.14925383665986428,0.0,0.0,0.0,0.2586324169282135
2023-03-08,0.12479604235565517,0.14651680480423665,0.1215658120674971,0.0,0.0,0.0,0.20415805162865255,0.14905056980363426,0.0,0.0,0.0,0.25391271934032417
2023-03-09,0.1425684099880114,0.1666491442545038,0.0,0.0,0.0,0.0,0.23126783784939342,0.16958202285298374,0.0,0.0,0.0,0.2899325850551076
2023-03-10,0.0,0.20884520635635945,0.0,0.0,0.0,0.2890129565089228,0.2900104863808557,0.212131350753862,0.0,0.0,0.0,0.0
2023-03-13,0.0,0.17260942792809178,0.0,0.3290505784052234,0.0,0.23250508453715146,0.0,0.17117192879966378,0.09466298032986972,0.0,0.0,0.0
2023-03-14,0.10676703165347118,0.1261887012449339,0.0,0.23566424388818907,0.0,0.16999570918758256,0.17841567791300417,0.12082050536078079,0.06214813075203832,0.0,0.0,0.0
2023-03-15,0.0,0.1265426083780464,0.0,0.2379314680694925,0.09512171923356849,0.17317385382537487,0.18092744470233868,0.12283192788951275,0.06347097790166623,0.0,0.0,0.0
2023-03-16,0.1106186351762468,0.12204527121800543,0.0,0.22873563845519845,0.0,0.16908972157454355,0.17981015851344329,0.12499737905787428,0.06470319600468821,0.0,0.0,0.0
2023-03-17,0.10036282697744772,0.11053731818701908,0.0,0.2092330525924995,0.0852418456024104,0.15552775609907515,0.16441083802947012,0.11527299747483025,0.059413365037247874,0.0,0.0,0.0
2023-03-20,0.10076742965110123,0.11009985283321191,0.0,0.21122398785576785,0.08631963085377532,0.1591193009052788,0.16559030467132074,0.10869012545987133,0.05818936776967285,0.0,0.0,0.0
2023-03-21,0.10844540367936412,0.11702264008387757,0.0,0.2309710607553141,0.0,0.17657865715035898,0.1792177896794876,0.11995844944218505,0.06780599920941256,0.0,0.0,0.0
2023-03-22,0.09998992274446873,0.10651342650724284,0.0,0.21192742333121853,0.08663725259990071,0.1629374574656781,0.16316009204569912,0.10653634051898925,0.06229808478680289,0.0,0.0,0.0
2023-03-23,0.09125513118972715,0.09835343982041855,0.08851821345651745,0.18936385001390202,0.07888210709378524,0.14881618090415316,0.1510144215701554,0.09736897967131244,0.056427676280028566,0.0,0.0,0.0
2023-03-24,0.09142557902794289,0.09843364260525891,0.08748997728544669,0.19004360194048517,0.07991969839771922,0.14902971977540183,0.15075281992307116,0.09649133360607291,0.05641362743860116,0.0,0.0,0.0
2023-03-27,0.09795839276974538,0.10544804808568903,0.09510175732061095,0.20765018378109595,0.0,0.1654703614006639,0.16511456131038527,0.10250899380984577,0.060747701521963855,0.0,0.0,0.0
2023-03-28,0.09948400334317023,0.10626593485386844,0.09659945710737423,0.20045185619621275,0.0,0.16120666814887433,0.17203868089661906,0.10215441192398211,0.06179898752989898,0.0,0.0,0.0
2023-03-29,0.10035791748541058,0.10690366198212835,0.09585061255586932,0.19834393335167638,0.0,0.16037785010061736,0.1761698881875666,0.10063521999236139,0.06136091634437,0.0,0.0,0.0
2023-03-30,0.09937878720759705,0.10733601578450326,0.09755884205717695,0.20061142847612046,0.0,0.16191172298333223,0.17082811436764372,0.10077902160059926,0.0615960675230272,0.0,0.0,0.0
2023-03-31,0.09139444926222866,0.09824919148360974,0.08952624929046958,0.18612036808937488,0.08022559235220167,0.15005300855731027,0.1560841213160458,0.09258556317798303,0.055761456470776516,0.0,0.0,0.0
2023-04-03,0.08995434088751063,0.09872785597419845,0.09516298650661555,0.18527204246367768,0.07953349904367688,0.14825525909573445,0.15555020769985642,0.0921654403889799,0.055378367939750095,0.0,0.0,0.0
2023-04-04,0.09079875483571517,0.09922291842607885,0.09499904707993696,0.1840450803921262,0.07933627656342293,0.14710732697505788,0.1553521414542004,0.09304438580367475,0.05609406846978698,0.0,0.0,0.0
2023-04-05,0.09087992078756549,0.10165234134762617,0.09548290643937352,0.18398323986690335,0.07816725209939047,0.15006052951209034,0.1569287395693833,0.09011173274907754,0.052733337628589734,0.0,0.0,0.0
2023-04-06,0.09095660429182638,0.10131618703786321,0.09567664125408691,0.18401603210197562,0.07795056245141725,0.15045949387176566,0.15645166694370385,0.09023672765824153,0.05293608438911941,0.0,0.0,0.0
2023-04-10,0.09097366798672789,0.10099446322592916,0.09579943515450785,0.18460125055054277,0.07918041170601249,0.15056846676125885,0.1554703474912361,0.08959769189284349,0.05281426523094138,0.0,0.0,0.0
2023-04-11,0.08777276011033741,0.09675895543692103,0.09153768305221031,0.1751312331171951,0.0753543032334055,0.14501021832871017,0.14979662952966447,0.08500521347135624,0.05049331787117264,0.04313968584902723,0.0,0.0
2023-04-12,0.0867546674429049,0.09747040563009123,0.09029551626377066,0.17591403932557814,0.07618510842741151,0.14744017118457567,0.1489499498434047,0.08450695890796352,0.05010159514571242,0.04238158782858721,0.0,0.0
2023-04-13,0.08647957717524239,0.09712853336803404,0.09017458433277634,0.17629734418021142,0.07644597200535748,0.14732187822268103,0.14860837201412824,0.08503370245015243,0.05016585040202945,0.04234418584938736,0.0,0.0
2023-04-14,0.08584696810880546,0.0962156527188354,0.08922057972817767,0.17742644400558047,0.07674181143915482,0.1484795305543794,0.14811471956716354,0.08480110462657918,0.05056050698217688,0.042592682269147,0.0,0.0
2023-04-17,0.09406695355050622,0.10309370636414256,0.09579196321988316,0.1951849717037673,0.0,0.1642435002127001,0.1586944963611108,0.08860308129486966,0.05431831002999437,0.04600301726302571,0.0,0.0
2023-04-18,0.09451900603402065,0.10302514594413402,0.09609216220627148,0.19371499835441983,0.0,0.16273190378407124,0.15967062792854025,0.08991656128322317,0.05443978757162781,0.045889806893691557,0.0,0.0
2023-04-19,0.10104757869293268,0.10767429220360315,0.10228359052143192,0.20256029920731267,0.0,0.16994004425634604,0.1662777711695317,0.09359933110093131,0.05661709284791043,0.0,0.0,0.0
2023-04-20,0.0937683109704551,0.09877793632163107,0.09367867759326859,0.18610507266819765,0.08211292785164276,0.15529318133328934,0.15196670376697793,0.08569323275338861,0.05260395674114912,0.0,0.0,0.0
2023-04-21,0.10181232597850008,0.10761787745148034,0.10205877217625786,0.20260657255106274,0.0,0.16972651038827324,0.1655048551523787,0.09332036683848481,0.057352719463562254,0.0,0.0,0.0
2023-04-24,0.09352515040016755,0.0990244336274247,0.09320835863083193,0.18603261160539522,0.0828167437517296,0.15590132205083088,0.15168415631703172,0.08514008561606441,0.05266713800052408,0.0,0.0,0.0
2023-04-25,0.1042654797643893,0.10924268754028153,0.0,0.20437182816142554,0.0909022745133427,0.17120369801231555,0.16734336590946836,0.09456364218185573,0.05810702391692128,0.0,0.0,0.0
2023-04-26,0.09319737721360281,0.0979620172564199,0.09270245387330883,0.18467998886486975,0.08197920818128974,0.1562351220082049,0.1533502499364592,0.08641260588015226,0.05348097678569262,0.0,0.0,0.0
2023-04-27,0.09409215107600903,0.09807558143245532,0.09489969930068302,0.18365188665845605,0.08114211314718253,0.15554219272691733,0.153427666495401,0.08595635202435613,0.05321235713853957,0.0,0.0,0.0
2023-04-28,0.09269840490423699,0.09705028386631007,0.09316883202844148,0.1839989021789298,0.08103591104642044,0.15718729913789245,0.15543414339399725,0.08609549466123055,0.05333072878254085,0.0,0.0,0.0
2023-05-01,0.10009863478558836,0.1051686922308688,0.10154020929455082,0.19964282911720094,0.0,0.17102421282104632,0.1712621032884767,0.09370983100470943,0.057553487457558394,0.0,0.0,0.0
2023-05-02,0.09508814176828395,0.09806507579982776,0.09485012707288322,0.1798635661602442,0.07668298933867597,0.15010137866239587,0.16036718028308927,0.09043160465898376,0.05454993625561619,0.0,0.0,0.0
2023-05-03,0.09408735820385002,0.09700523959857467,0.09579035899681515,0.17795188854967822,0.07412461003560515,0.14778467866983822,0.16344782872191113,0.09221817599012411,0.057589861233603476,0.0,0.0,0.0
2023-05-04,0.0933273101338052,0.09735575060412675,0.09689263343031165,0.17753127098613203,0.0737081043232574,0.1486642823485247,0.16410195500474858,0.09115704836068779,0.057261644808405954,0.0,0.0,0.0
2023-05-05,0.09436912958424631,0.09786089093778035,0.09631859243816511,0.17752677340971487,0.07351947631455989,0.1486893079620599,0.1642355801810282,0.0908608713459323,0.05661937782651294,0.0,0.0,0.0
2023-05-08,0.10081748669151655,0.10512326807396856,0.10314659672495823,0.19297629338794545,0.0,0.1616116534743798,0.17852214251434154,0.09670353516311361,0.06109902396977627,0.0,0.0,0.0
2023-05-09,0.10117575335750889,0.10474603895415473,0.10301228310747618,0.19128041015004538,0.0,0.16173460111178845,0.17960885032832172,0.0970362624743841,0.061405800516320524,0.0,0.0,0.0
2023-05-10,0.09300422243463868,0.09646951646197355,0.09531863399095282,0.17724826074093403,0.07362996768567447,0.15070034386584996,0.16800344626735947,0.0891061497578405,0.05651945879477662,0.0,0.0,0.0
2023-05-11,0.0942055512900803,0.09748393472419924,0.09623989419519455,0.17589263713101583,0.07370850098972428,0.1493986579669835,0.16698074275541983,0.08957943522301114,0.05651064572437129,0.0,0.0,0.0
2023-05-12,0.09468183491098911,0.09793842808708794,0.09668113139656098,0.1772969020242457,0.07368616989588385,0.1500251281453931,0.1677116370347695,0.08930527246629814,0.05267349603877166,0.0,0.0,0.0
2023-05-15,0.10256519570565666,0.10621564586347823,0.10400198163647827,0.19003563483403857,0.0,0.1614534529061489,0.1809422122611516,0.09764441428421872,0.057141462508829045,0.0,0.0,0.0
2023-05-16,0.10393368112025816,0.10557774051965246,0.10021722303905492,0.19000875812365822,0.0,0.16219090606879197,0.1838464432687353,0.09728987413106818,0.05693537372878072,0.0,0.0,0.0
2023-05-17,0.10409619050520381,0.10513365579863708,0.10137921921648421,0.19086964471418744,0.0,0.16251988133023096,0.18277135123881108,0.09627077793923454,0.05695927925721081,0.0,0.0,0.0
2023-05-18,0.10350744586379579,0.10282509710415216,0.09920953412113308,0.1901812349275085,0.0,0.16544537876614007,0.19068976341825042,0.09308061844725693,0.055060927351762955,0.0,0.0,0.0
2023-05-19,0.10283934999859597,0.10326541489074709,0.09923648117513426,0.18905018472161533,0.0,0.1649336185481281,0.19338428322998516,0.09198956801999367,0.05530109941580043,0.0,0.0,0.0
2023-05-22,0.10206820769215907,0.10227788151539476,0.09856658697218404,0.18768460836441572,0.0,0.16584490792940912,0.19822253184135494,0.09066122800142115,0.05467404768366131,0.0,0.0,0.0
2023-05-23,0.10170181389070959,0.10382476423763187,0.10122767628507166,0.18665882723194008,0.0,0.1656336408964226,0.19646415182799754,0.08953720930171222,0.05495191632851436,0.0,0.0,0.0
2023-05-24,0.0836498887215532,0.0855143165231495,0.08257584872016395,0.15584544773360048,0.0,0.13807429552744335,0.1646918983481525,0.0747382457425252,0.04587491430495379,0.0,0.0,0.1690351443784581
2023-05-25,0.08385769873236393,0.0846239506696229,0.08308770948384576,0.15650275222758225,0.0,0.1383569126237967,0.16290772486489474,0.0747927767902225,0.04597503844430866,0.0,0.0,0.16989543616336258
2023-05-26,0.08300548891213516,0.08426079088608485,0.08652252595375999,0.15662016300643897,0.0,0.13860204574717905,0.1623651111350538,0.07378818403487766,0.045357460789238545,0.0,0.0,0.1694782295352321
2023-05-30,0.08267056610679324,0.08400714603645847,0.08427810535176893,0.15776295210663507,0.0,0.13878437442616265,0.16116218814180558,0.07415143073821188,0.044920437317214415,0.0,0.0,0.17226279977494988
2023-05-31,0.09102201361471701,0.09126767072613505,0.0,0.1708447360727434,0.0,0.15229130247945788,0.1791729135720137,0.08023784782380548,0.04859646582513305,0.0,0.0,0.1865670498859945
2023-06-01,0.09297466451171643,0.09263340479932272,0.09197617190994219,0.17504111327400793,0.07575266171241923,0.15621113913157156,0.18303044729583987,0.0825163674114195,0.049864029953760484,0.0,0.0,0.0
2023-06-02,0.08422398581991654,0.08296156775370142,0.08134991055403062,0.15536620669919773,0.0,0.13898386561077644,0.16379460110782754,0.07518367916973867,0.047245903837748696,0.0,0.0,0.17089027944706234
2023-06-05,0.08406623729598213,0.0832366308851506,0.08055598250278813,0.1562258413933511,0.0,0.14101870827489002,0.16661741542889205,0.07483522459983383,0.0477243023542088,0.0,0.0,0.16571965726490318
2023-06-06,0.08655205777524785,0.08251325361141224,0.08371811901242283,0.15509455862730087,0.0,0.13930247345648794,0.16709335856213275,0.07432942085479453,0.04716776229878992,0.0,0.0,0.1642289958014111
2023-06-07,0.08214062888177905,0.07665693337723029,0.07695659194178742,0.14989749630947047,0.0,0.13602442864871686,0.15396844662098794,0.07096648770775915,0.04405782158829099,0.0,0.05603669645171458,0.15329446847226313
2023-06-08,0.10289710601140424,0.09588816847487082,0.09634047166510708,0.19064967055236243,0.0,0.16644681553028062,0.19321562549238783,0.09183307400369482,0.06272906826989219,0.0,0.0,0.0
2023-06-09,0.08834689255791472,0.08090095567273081,0.08047551749004588,0.16029950554239447,0.0,0.1382388352159251,0.16279393946779502,0.07614270002058987,0.05014398646133005,0.0,0.0,0.16265766757127406
2023-06-12,0.08630284547450047,0.08807444528758605,0.08064422919463722,0.1614883567555911,0.0,0.13733634077798929,0.15874361519326796,0.07410317751112373,0.048614485000810115,0.0,0.0,0.16469250480449393
2023-06-13,0.1047871410929719,0.106984659240325,0.09762065440742759,0.1922908429782404,0.0,0.16232998762253112,0.19076978611231338,0.0877917680190074,0.05742516052718329,0.0,0.0,0.0
2023-06-14,0.09841605929457493,0.09995247081578873,0.08956442380025192,0.17838271217696236,0.0,0.14954316252330122,0.1786499375454194,0.08721222392875798,0.05474218583636625,0.0,0.06353682407857694,0.0
2023-06-15,0.09159222852812114,0.09485376862343319,0.08239860845742916,0.16570298659698762,0.07183894959864724,0.13802754337685927,0.16571783552637384,0.0805100649554303,0.05035459826496694,0.0,0.05900341607175143,0.0
2023-06-16,0.09121202238749106,0.0957088344686688,0.08182857364998326,0.1618473656919948,0.07121068599033592,0.13502253796065863,0.17166045590115542,0.0826914552389065,0.05016820314462699,0.0,0.058649865566178655,0.0
2023-06-20,0.09986818576068161,0.10011878564753235,0.08531193069433157,0.17542448629344534,0.07546244925059077,0.14229044698519733,0.17852781405168516,0.08927833824525619,0.05371756307127968,0.0,0.0,0.0
2023-06-21,0.09997324839151184,0.09794962998239683,0.08370879655860056,0.17713351731972818,0.07576307244683249,0.14328723546786443,0.18086193727233288,0.09074766280640478,0.05057489975432802,0.0,0.0,0.0
2023-06-22,0.09955879456281454,0.09814012242924224,0.083498567554487,0.17705544719856958,0.07580555933754626,0.1435839289858636,0.1805171266273619,0.0920066305285831,0.049833822775531736,0.0,0.0,0.0
2023-06-23,0.09799549682025645,0.09688643411567967,0.08240118629703252,0.18199099541147817,0.07733690016097888,0.14670989801372603,0.17750655818339175,0.0904727933997147,0.04869973759774182,0.0,0.0,0.0
2023-06-26,0.09756641804407755,0.0939123386873258,0.08256542210888201,0.18242683074063215,0.07709749459799516,0.14734890138166912,0.1781996960967964,0.0917265445189191,0.04915635382370274,0.0,0.0,0.0
2023-06-27,0.09174424305418045,0.08806408234965309,0.07603262075124116,0.16803984179488765,0.07103674728577984,0.13660433427064095,0.17731847304274811,0.08466881566630335,0.04486541311561316,0.0,0.061625428668952334,0.0
2023-06-28,0.09043556295510577,0.08843932851974079,0.07572229688991994,0.16721632476297052,0.07087045897125686,0.13612275482655078,0.17895690025669214,0.08515443692278926,0.04560406298286166,0.0,0.06147787291211208,0.0
2023-06-29,0.08357918920250525,0.07998763197453973,0.06802164077947312,0.15191633271728444,0.0,0.12536764538463294,0.1696229210880228,0.07697165782100916,0.04119116684649473,0.0,0.05719101783769121,0.14615079634834635
2023-06-30,0.091438764393658,0.08821750402519198,0.07423120023443582,0.1631944151532913,0.06946721594778316,0.1363882446887314,0.18479601003440285,0.08489179437967982,0.04503549313587797,0.0,0.06233935800694768,0.0
2023-07-03,0.07804041967402546,0.07450990889890506,0.06357949060566484,0.14125339449999208,0.05922307381055404,0.11537114976522755,0.15799156204224055,0.07648660906391334,0.041559828029023055,0.0,0.05363402821931975,0.13835053539113418
2023-07-05,0.08274813720257011,0.07938011684289617,0.06691460100040217,0.15037204144132568,0.0,0.12224666285155504,0.1703748839195994,0.08085132304487912,0.04385956026038342,0.0,0.05653085938967454,0.1467218140467144
2023-07-06,0.09773990625274147,0.09233067884005443,0.07885466388337418,0.0,0.0,0.1422839495165896,0.20226154069678667,0.09599544001290522,0.05157411741943064,0.0,0.06696763037565857,0.1719920730024593
2023-07-07,0.11917475347666129,0.10959727497313924,0.09356203806645579,0.0,0.0,0.1715262315515575,0.24158102902508918,0.11922000936866987,0.06295506826533155,0.0,0.08238359527309551,0.0
2023-07-10,0.119182904241964,0.10920077952406393,0.09298902381261259,0.0,0.0,0.17186449757840386,0.24260761682979615,0.1191463960330035,0.062415634774936966,0.0,0.08259314720521901,0.0
2023-07-11,0.09844637643368016,0.09020418606478464,0.076856063604025,0.1791779915797763,0.0,0.14015984514309543,0.19667721334548574,0.09844391262106286,0.05202304302527167,0.0,0.06801136818281825,0.0
2023-07-12,0.09623784053285994,0.0875342165961559,0.07436796843735126,0.1715138531737941,0.0,0.13373984622661825,0.19079984121493207,0.09723366248343497,0.05042099659784748,0.033622674048993016,0.06452910068801312,0.0
2023-07-13,0.09106011566737406,0.0798175055585134,0.06794082519527785,0.15933111534729782,0.06887202908881757,0.12451685142450529,0.17574975302459314,0.09378412702881218,0.044600378569199205,0.03187411182347401,0.06245318727213549,0.0
2023-07-14,0.09790481588342394,0.08401357404258467,0.07261123842543454,0.17113657969032225,0.0,0.134259136396528,0.18755587522597894,0.10167147742166206,0.04706095917875123,0.03442969507194328,0.06935664866337107,0.0
2023-07-17,0.10232869388560342,0.08772687414603911,0.0757113438133579,0.17727581336530285,0.0,0.1384663084157933,0.19020528033625494,0.10649552147582707,0.04924871114069337,0.0,0.07254145342112822,0.0
2023-07-18,0.09157988954683291,0.07861393344144635,0.06843060386246903,0.15874916830800712,0.06970441216070523,0.12468736900705109,0.17168226293072175,0.09561303174431472,0.04409088079269127,0.03204895468628088,0.06479949351947957,0.0
2023-07-19,0.09182029220839501,0.0783194861642837,0.06809920413451735,0.16025653138085807,0.07005348590152237,0.12498661583533287,0.17133965940769885,0.09380939598979153,0.043987817475600675,0.03215377234405105,0.06517373915794852,0.0
2023-07-20,0.0918097347726739,0.07847034004392772,0.06863765942211097,0.159731666089646,0.0694145341062111,0.1238913979776423,0.17194455338260445,0.09523499720597985,0.04405002059197965,0.03218277876789695,0.06463231763932717,0.0
2023-07-21,0.09135844772364178,0.0786676757788432,0.06867323806649404,0.15984246262368568,0.06952610250999129,0.12367032448382502,0.1714527937973362,0.09551570262697918,0.04381271973819378,0.03247883532256324,0.06500169732844666,0.0
2023-07-24,0.10155540530694009,0.08532116907512678,0.07522306328212963,0.1725822493660874,0.0,0.131660697163561,0.1815580270254049,0.10155942698204735,0.04641956456025536,0.03466907698288855,0.0694513202555588,0.0
2023-07-25,0.10177068442924796,0.08498175578788238,0.0741010650422964,0.17281617467202504,0.0,0.13186510517663289,0.18226462936525106,0.1014176907024144,0.04617589309723779,0.034982371030682476,0.06962463069632958,0.0
2023-07-26,0.1064603339856754,0.08544616528208955,0.07392200535411755,0.1717459890327218,0.0,0.13075648071765925,0.18098539386883272,0.09972330538639669,0.045399623584927884,0.034587831287977246,0.0709728714996017,0.0
2023-07-27,0.10689693306280919,0.08503855516631753,0.0735702886544928,0.17236540684843868,0.0,0.13165933582902042,0.1804228507120179,0.09890082743845452,0.044994863757773874,0.03480123005651943,0.07134970847415564,0.0
2023-07-28,0.1064208250487546,0.08557486897034455,0.07304046221380922,0.17619614695179314,0.0,0.13694231277556865,0.17753414344547158,0.09619958117505538,0.04361510118830168,0.03513289614168259,0.0693436620892188,0.0
2023-07-31,0.10638781815366373,0.08464810650884592,0.06927759104729138,0.1804147928901935,0.0,0.13875702828338196,0.1716890303765309,0.09920382024411137,0.04321965041748858,0.03666616777940802,0.06973599429908459,0.0
2023-08-01,0.11040753118146447,0.0865801791410466,0.07087810014700317,0.0,0.0,0.14162174219184503,0.17524497151658958,0.10263532356736477,0.04380880840902594,0.03931047037906314,0.07126572119878104,0.15824715226781622
2023-08-02,0.11258354786824061,0.0855790482332701,0.07056133403016314,0.0,0.0,0.138776500068289,0.17512462637060908,0.10286827923993097,0.04445416183443788,0.03958933974323502,0.07209084895383464,0.15837231365798957
2023-08-03,0.1312320740500753,0.09746723819384262,0.07889223059895413,0.0,0.0,0.0,0.20334379307935116,0.1234483123196123,0.05095998436952877,0.046712291854490204,0.08497379354766614,0.18297028198647936
2023-08-04,0.11304863245669311,0.08419458225397797,0.06814888732278136,0.0,0.0,0.13691537103642012,0.17556624607326127,0.10679202133002423,0.044037152285816,0.04023705776947191,0.07290371747128017,0.1581563320002738
2023-08-07,0.11379058118288575,0.0848522384766456,0.06883403104227633,0.0,0.0,0.13349421962859037,0.17471287918723036,0.1083568988791074,0.04433236996143676,0.040523093725537127,0.07309118771674349,0.15801250019954685
2023-08-08,0.09890820270858218,0.07383974787668342,0.06032235472426659,0.15943136846914677,0.0,0.11902251545332151,0.15543422736953874,0.09495025802858192,0.0,0.0356047617397496,0.06374145864606846,0.1387451049840608
2023-08-09,0.0983089352213281,0.07348139046291395,0.05960407077026475,0.15953082784272807,0.0,0.11882817866726753,0.15522999312526278,0.09534443961242416,0.0,0.035939211850012115,0.06409724058367344,0.13963571186412532
2023-08-10,0.13412544858344894,0.10144065322271519,0.08317874683964183,0.0,0.0,0.0,0.2158739462234893,0.1312090768074728,0.0,0.05005904454553088,0.08845203232947016,0.19566105144823095
2023-08-11,0.13379255059151962,0.10156769798584353,0.08491072390539287,0.0,0.0,0.0,0.2152060213605185,0.13101427510698643,0.0,0.04978317916865472,0.08807551406245709,0.1956500378186272
2023-08-14,0.133304743917991,0.10049817139342816,0.08249752780770646,0.0,0.0,0.0,0.217502335909372,0.13238226303008138,0.0,0.04913765870058622,0.09193750438142106,0.19273979485941378
2023-08-15,0.1491160871445944,0.11023092793462018,0.09042123432283958,0.0,0.0,0.0,0.23914408653114577,0.14525119884630514,0.0,0.05514618898410339,0.0,0.21069027623639155
2023-08-16,0.19195551055553953,0.14222084418075306,0.0,0.0,0.0,0.0,0.31154092034588027,0.0,0.0,0.07188834835191912,0.0,0.28239437656590805
2023-08-17,0.19053252758924155,0.14254361503397925,0.0,0.0,0.0,0.0,0.31126464239362855,0.0,0.0,0.07153575505977633,0.0,0.2841234599233744
2023-08-18,0.18863731667382205,0.1423883009185123,0.0,0.0,0.0,0.0,0.3121521092097092,0.0,0.0,0.07171567302005791,0.0,0.2851066001778985
2023-08-21,0.1770352503409983,0.13282485090325766,0.0,0.0,0.0,0.0,0.2891979516485156,0.0,0.07449599558286964,0.0655847648814859,0.0,0.2608611866428729
2023-08-22,0.17609680659564408,0.13400538594631237,0.0,0.0,0.0,0.0,0.2937791932362912,0.0,0.072774814721464,0.06486417068623122,0.0,0.25847962881405717
2023-08-23,0.14916235899273392,0.11250747963318565,0.0,0.0,0.0,0.0,0.24683963297810144,0.15668164934277923,0.06152588782470055,0.055436374348724435,0.0,0.21784661687977463
2023-08-24,0.15176229268135832,0.11323338480901404,0.0,0.0,0.0,0.0,0.24543238039300289,0.1549301847740578,0.060308033674347075,0.055728259538173924,0.0,0.21860546413004608
2023-08-25,0.14699861574012535,0.11339692399619869,0.0,0.0,0.0,0.0,0.24583019234058048,0.15814839126063315,0.060875693440961824,0.059175518186492256,0.0,0.21557466503500824
2023-08-28,0.13398032426169185,0.1040861126079174,0.08674822619869062,0.0,0.0,0.0,0.22356442002990579,0.14417578350629529,0.055781163801414985,0.05518355711156507,0.0,0.196480412482519
2023-08-29,0.11449532093195632,0.08931353178512981,0.07480230692772398,0.0,0.0,0.133003415729974,0.19152102377090585,0.12378221609725433,0.047633106083506085,0.04805401594816491,0.0,0.17739506272538474
2023-08-30,0.11924810700860757,0.0931748635388921,0.07877563269617324,0.0,0.0,0.0,0.19813365543380573,0.1321932892001847,0.04910697500693467,0.05080646053491712,0.08714504211892606,0.1914159744615589
2023-08-31,0.11345708148029998,0.08905652102067739,0.07490079608066204,0.0,0.0,0.12991161888014774,0.18866130771853112,0.12675990963874165,0.046679180892793534,0.04838001258358924,0.0,0.1821935717045573
2023-09-01,0.13053914473297504,0.1031781105773954,0.08569609107352884,0.0,0.0,0.0,0.21732379855638,0.14594817868954832,0.05361877000841515,0.05526995455725363,0.0,0.20842595180450366
2023-09-05,0.1303131587737735,0.10361690070535245,0.0843969658239611,0.0,0.0,0.0,0.22000472688157655,0.15042961908369432,0.053226366124525866,0.05432193609858948,0.0,0.20369032650852684
2023-09-06,0.14942142232397135,0.11938011259830655,0.0,0.0,0.0,0.0,0.2507853291023377,0.17795693953020522,0.0,0.06328327547380003,0.0,0.23917292097137918
2023-09-07,0.1481339431906743,0.11959919085450256,0.0,0.0,0.0,0.0,0.25035009591113405,0.17772595384840295,0.0,0.06365104180838987,0.0,0.24053977438689614
2023-09-08,0.1490044957246937,0.11912486073263322,0.0,0.0,0.0,0.0,0.24788982431718098,0.17668066003746388,0.0,0.0685088749002021,0.0,0.23879128428782603
2023-09-11,0.1487570803395099,0.11951351429451107,0.0,0.0,0.0,0.0,0.24576985306301644,0.177577118551236,0.0,0.07011143389277698,0.0,0.2382709998589497
2023-09-12,0.18010049045802035,0.14393320702639434,0.0,0.0,0.0,0.0,0.29936334929846603,0.0,0.0,0.08577320210313388,0.0,0.2908297511139854
2023-09-13,0.18124034400086056,0.14364191515987745,0.0,0.0,0.0,0.0,0.29757133661481355,0.0,0.0,0.08555751878320353,0.0,0.2919888854412448
2023-09-14,0.16288272109027763,0.12869900453152425,0.10251703106806102,0.0,0.0,0.0,0.26691975409345864,0.0,0.0,0.07706656450290245,0.0,0.2619149247137761
2023-09-15,0.1481260280599874,0.11761863980316245,0.0,0.0,0.0,0.0,0.2455972579131743,0.18154371653089324,0.0,0.07031413175081905,0.0,0.23680022594196357
2023-09-18,0.14497056574274506,0.11798186111638059,0.0,0.0,0.0,0.0,0.24527602764561296,0.17973436478784832,0.0,0.07113236204262413,0.0,0.240904818664789
2023-09-19,0.14341181712902537,0.1168536259007809,0.0,0.0,0.0,0.0,0.24356504407622268,0.18096097569041467,0.0,0.0771061645026874,0.0,0.23810237270086912
2023-09-20,0.1439288372334778,0.11970611493454854,0.0,0.0,0.0,0.0,0.24074116822435015,0.17990505066090157,0.0,0.07661714254077401,0.0,0.23910168640594795
2023-09-21,0.2037305193122584,0.0,0.0,0.0,0.0,0.0,0.3453620102886217,0.0,0.0,0.10735294257060655,0.0,0.3435545278285134
2023-09-22,0.1474593039942673,0.0,0.0,0.0,0.0,0.0,0.25154572307389433,0.19086275676681544,0.06909644049849163,0.08341914358031118,0.0,0.25761663208622
2023-09-25,0.19727837719509475,0.0,0.0,0.0,0.0,0.0,0.34216219607673803,0.0,0.0,0.11324417141326758,0.0,0.34731525531489954
2023-09-26,0.19694303129355473,0.0,0.0,0.0,0.0,0.0,0.34274103442850207,0.0,0.0,0.112800388176257,0.0,0.3475155461016862
2023-09-27,0.19439251254282516,0.0,0.0,0.0,0.0,0.0,0.342643428723469,0.0,0.0,0.11264614749413936,0.0,0.3503179112395665
2023-09-28,0.19549848443774168,0.0,0.0,0.0,0.0,0.0,0.3445763426012584,0.0,0.0,0.11077004131901853,0.0,0.3491551316419814
2023-09-29,0.19599249729219748,0.0,0.0,0.0,0.0,0.0,0.3453121358402969,0.0,0.0,0.11070328712253466,0.0,0.347992079744971
2023-10-02,0.19519168670285827,0.0,0.0,0.0,0.0,0.0,0.35083945412834266,0.0,0.0,0.10858851690805371,0.0,0.3453803422607455
2023-10-03,0.29764733085421186,0.0,0.0,0.0,0.0,0.0,0.0,0.0,0.0,0.16423371891842417,0.0,0.538118950227364
2023-10-04,0.29068557551176816,0.0,0.0,0.0,0.0,0.0,0.0,0.0,0.0,0.16530174201177755,0.0,0.5440126824764542
2023-10-05,0.2968199096926976,0.0,0.0,0.0,0.0,0.0,0.0,0.0,0.0,0.14769840404724083,0.0,0.5554816862600616
2023-10-06,0.2846837727897055,0.0,0.0,0.0,0.0,0.0,0.0,0.0,0.0,0.13748864633299132,0.0,0.5778275808773031
2023-10-09,0.18241243589639813,0.0,0.0,0.0,0.0,0.0,0.33617246455114325,0.0,0.0,0.0903585377024234,0.0,0.39105656185003523
2023-10-10,0.18222328842934474,0.0,0.0,0.0,0.0,0.0,0.33650758270007564,0.0,0.0,0.08806949693143265,0.0,0.39319963193914703
2023-10-11,0.18195714068038205,0.0,0.0,0.0,0.0,0.0,0.33775209316589294,0.0,0.0,0.08881015821365898,0.0,0.39148060794006606
2023-10-12,0.27615892896749616,0.0,0.0,0.0,0.0,0.0,0.0,0.0,0.0,0.13435791293373855,0.0,0.5894831580987653
2023-10-13,0.28072656965265425,0.0,0.0,0.0,0.0,0.0,0.0,0.0,0.0,0.13710432403498168,0.0,0.5821691063123641
2023-10-16,0.2816257574280799,0.0,0.0,0.0,0.0,0.0,0.0,0.0,0.0,0.12738029143505003,0.0,0.5909939511368701
2023-10-17,0.28073127518837676,0.0,0.0,0.0,0.0,0.0,0.0,0.0,0.0,0.12968353645372405,0.0,0.5895851883578992
2023-10-18,0.21893608918824214,0.0,0.0,0.0,0.0,0.0,0.0,0.2186857414120569,0.0,0.10248891057325728,0.0,0.45988925882644355
2023-10-19,0.21660350599904232,0.0,0.0,0.0,0.0,0.0,0.0,0.21521219089226803,0.0,0.10338409242530264,0.0,0.46480021068338695
2023-10-20,0.21627775042405253,0.0,0.0,0.0,0.0,0.0,0.0,0.2127934613779199,0.0,0.10294987484645336,0.0,0.46797891335157416
2023-10-23,0.20725763555317875,0.0,0.0,0.0,0.0,0.0,0.0,0.2146586961070465,0.0,0.09960969142019033,0.0,0.4784739769195844
2023-10-24,0.21254684119865266,0.0,0.0,0.0,0.0,0.0,0.0,0.2178347265044084,0.0,0.098550172523957,0.0,0.47106825977298206
2023-10-25,0.0,0.0,0.0,0.0,0.0,0.0,0.0,0.2801352890421699,0.0,0.12459547554340177,0.0,0.5952692354144283
2023-10-26,0.0,0.0,0.0,0.0,0.0,0.0,0.0,0.2823661913393867,0.0,0.12236180946239855,0.0,0.5952719991982147
2023-10-27,0.0,0.0,0.0,0.0,0.0,0.0,0.0,0.2825962744618514,0.0,0.12199985819076604,0.0,0.5954038673473826
2023-10-30,0.0,0.0,0.0,0.0,0.0,0.0,0.0,0.27868381162421224,0.0,0.12336473975800827,0.0,0.5979514486177795
2023-10-31,0.0,0.0,0.0,0.0,0.0,0.0,0.0,0.2774317262173812,0.0,0.12016644056219611,0.0,0.6024018332204226
2023-11-01,0.14480558565806495,0.0,0.0,0.0,0.0,0.0,0.30436877810281737,0.154189630259172,0.0,0.06668400395299065,0.0,0.3299520020269551
2023-11-02,0.1443823032678204,0.0,0.0,0.0,0.0,0.0,0.2929631117351918,0.15721747669356442,0.0,0.06762418959937516,0.0,0.3378129187040481
2023-11-03,0.14267345276028798,0.0,0.0,0.0,0.0,0.0,0.28355350938612356,0.16316897059758595,0.0,0.06961975476785082,0.0,0.34098431248815175
2023-11-06,0.14637345048061615,0.0,0.0,0.0,0.0,0.0,0.28157967657343624,0.16907309368497178,0.0,0.07186413238145446,0.0,0.3311096468795215
2023-11-07,0.14675366978899643,0.0,0.0,0.0,0.0,0.0,0.28071373072748323,0.16777442504866014,0.0,0.07210844683341806,0.0,0.3326497276014422
2023-11-08,0.14760913729428227,0.0,0.0,0.0,0.0,0.0,0.28154700864035587,0.16802871862661284,0.0,0.06904034350692065,0.0,0.3337747919318283
2023-11-09,0.1498729072822191,0.0,0.0,0.0,0.0,0.0,0.2827491253554388,0.1653955099198766,0.0,0.06857209759353261,0.0,0.33341035984893297
2023-11-10,0.18053819037966723,0.0,0.0,0.0,0.0,0.0,0.3364897181854573,0.0,0.0,0.0832935047237782,0.0,0.39967858671109724
2023-11-13,0.14826770657295024,0.0,0.0,0.0,0.0,0.0,0.28214995443218116,0.16497546549148284,0.0,0.0691935837741426,0.0,0.3354132897292431
2023-11-14,0.11523357484858286,0.11704029765524525,0.10701822393613032,0.0,0.0,0.0,0.2192038482033415,0.12775520519861147,0.0,0.05362080900971996,0.0,0.26012804114836874
2023-11-15,0.11078421520944486,0.10865027467065962,0.09994963935664512,0.0,0.0,0.0,0.2102419958832832,0.12627145515910618,0.06431478324638785,0.05349475343516805,0.0,0.2262928830393051
2023-11-16,0.11741086976298563,0.11506804796802055,0.10531981361294968,0.0,0.0,0.0,0.22150451168731616,0.13353773723973625,0.067723975664548,0.0,0.0,0.2394350440644437
2023-11-17,0.09722312433569145,0.095232848379434,0.08720983614010379,0.0,0.0,0.12686412261891508,0.18550128171790933,0.1088323691853554,0.05819351542178619,0.04383570559224772,0.0,0.197107196608557
2023-11-20,0.09894875612466289,0.09486877617146117,0.08679752856921304,0.0,0.0,0.12619333981911354,0.1866549001426665,0.10816957790522688,0.057981909896296424,0.04205518220320567,0.0,0.1983300291681538
2023-11-21,0.0990001260846869,0.09530963800385264,0.0857997711426537,0.0,0.0,0.1260311135562316,0.18806755421875626,0.10831658090716306,0.057794734807250205,0.04188274157168255,0.0,0.1977977397077231
2023-11-22,0.09920776085726096,0.09612027193919408,0.0860676221537169,0.0,0.0,0.126121936445049,0.18875811901400674,0.10673530823259342,0.057297587510278816,0.041834171970836,0.0,0.1978572218770642
2023-11-24,0.10013653300038955,0.09642844444307336,0.08614794173507132,0.0,0.0,0.12559646632975646,0.18907736796248137,0.10622786203460759,0.05767421331149887,0.04128069370207581,0.0,0.19743047748104575
2023-11-27,0.09537407256256548,0.09109211930511023,0.08197794222410894,0.0,0.0,0.11883494236623092,0.17965843911942417,0.10073541188376438,0.053198873154192625,0.0391714399196755,0.053888579406985104,0.18606818005794268
2023-11-28,0.08254458916404449,0.07888278179613561,0.07187735434363138,0.13377501521216742,0.0,0.10164833035777952,0.15545922549765043,0.08680089167339437,0.04586611491874804,0.034093452882538296,0.04671050667200886,0.16234173748190145
2023-11-29,0.08250612055600236,0.07883101103342485,0.07228453242778184,0.13404468621924834,0.0,0.10234098577984742,0.15435780351098957,0.08490497116085176,0.045596512652942636,0.03427460245014223,0.046597315140544875,0.16426145906822412
2023-11-30,0.08210307413837749,0.07895213178211144,0.07197264498967465,0.1334805810112538,0.0,0.10155036019413222,0.15470289665161566,0.08521260062257992,0.0465625184663768,0.03387086610331704,0.046416170266292626,0.16517615577426847
2023-12-01,0.0857500029009191,0.08211411685337085,0.07502952090111645,0.1382273672535682,0.0,0.10493550604111661,0.16101953403437932,0.08862227549114159,0.04882278641824825,0.0,0.048163431903411255,0.16731545820272847
2023-12-04,0.08669122905027339,0.08237697621391595,0.07699709918505451,0.13716425955868058,0.0,0.10401450074658987,0.1594416919072615,0.08677953443640869,0.049587880280952,0.0,0.04775599380309907,0.1691908348177644
2023-12-05,0.08749687807391958,0.08286231457150989,0.07700924893634445,0.13827034329315493,0.0,0.10491457852971224,0.1610157200970322,0.0827216082392868,0.04741648297311315,0.0,0.04835961672392318,0.16993320856200358
2023-12-06,0.08792559570165148,0.0836584181969471,0.07787228788374578,0.13671221404164852,0.0,0.1040451631212266,0.16114249968156646,0.0825483550721567,0.04704056618334003,0.0,0.048269962835624645,0.17078493728209265
2023-12-07,0.08807418884003103,0.08376339996372689,0.07791526930264864,0.13649103571586177,0.0,0.10387641404621177,0.1614084829512905,0.08279904682361522,0.0468898630471907,0.0,0.048237481001912184,0.17054481830751111
2023-12-08,0.09206359998271632,0.08806299807325071,0.08179373249428298,0.14363456708122657,0.0,0.10931166295931576,0.1700350744770154,0.08720884253511983,0.0,0.0,0.051003562754744644,0.17688595964232784
2023-12-11,0.09258103785803078,0.08958203630356094,0.08192404679264291,0.142366996141955,0.0,0.10863107130159769,0.16947749560086392,0.08520525868585446,0.0,0.0,0.05154637735766779,0.1786856799578266
2023-12-12,0.09416369797934893,0.0894129731461133,0.08157730097459272,0.1423494095900098,0.0,0.1084606531027789,0.1702992772154471,0.08409728266943285,0.0,0.0,0.05146020736279988,0.17817919795947668
2023-12-13,0.08534175891662454,0.08133300519459358,0.07408975310252387,0.1290447979708848,0.0489470274713006,0.09808911121214788,0.15444683439402576,0.0765925262689104,0.04376900492234557,0.0,0.046897860225408775,0.16144832032123427
2023-12-14,0.08701782503528495,0.08274039163247211,0.07665782461022673,0.12924615038566348,0.04995985159801931,0.09815854272868765,0.14855089176141906,0.0759329515406559,0.04271676385778912,0.0,0.046383683164108215,0.16263512368567365
2023-12-15,0.0892756280702185,0.08348063539617437,0.07631092761596615,0.12902364059560045,0.049345674684985595,0.09800162472362399,0.14989679211865156,0.0767028629564522,0.042896096096488555,0.0,0.04578180944880111,0.15928430829303747
2023-12-18,0.09178015314484594,0.08417400324619158,0.07731327518165546,0.12889955587410432,0.05013606428871952,0.09849800853194066,0.1508481520106166,0.07535934868819594,0.04202232052581734,0.0,0.04682911996238872,0.15413999854552382
2023-12-19,0.0916315927192099,0.0840429193460526,0.07815606060264757,0.12883633373832692,0.04995893759932018,0.09825413551101089,0.15066830642909693,0.07519978873066735,0.04200858824534437,0.0,0.04689857395816233,0.15434476312016104
2023-12-20,0.09090880482722798,0.08333049707463379,0.0774240909850007,0.1308774739464001,0.05113923698174683,0.09964147140792934,0.14989229923281427,0.07476973454241825,0.04204004713766191,0.0,0.04658923127693773,0.153387112587229
2023-12-21,0.0910575759927362,0.0838795932442404,0.07624542408899465,0.13052855218555184,0.051053491173406,0.0997145836922675,0.15123672044595368,0.07489567898622458,0.04213970213142613,0.0,0.04686473397419052,0.15238394408500858
2023-12-22,0.09062530072210469,0.08217676641537322,0.07420489197682725,0.13171255848677307,0.05118298060198221,0.10064685935206776,0.1514731612652124,0.07626941008236032,0.04236041113131209,0.0,0.04711613625696787,0.15223152370901905
2023-12-26,0.08779128226251409,0.07981995277907783,0.07151426735369926,0.12724067250168683,0.04937709073393417,0.09710749386815938,0.14681954711999184,0.07396937480800081,0.04082604469066919,0.031395241650543006,0.04561716341007499,0.14852186882164858
2023-12-27,0.1069765722571876,0.09722634700394507,0.08662042359437344,0.15491827529051636,0.06007296612209889,0.1183956448104792,0.17905424986021093,0.09097923482601093,0.05030890497456829,0.0,0.05544738126060923,0.0
2023-12-28,0.08917548342124222,0.08353631784949349,0.07226837793500103,0.13056444945228793,0.05033207087782477,0.09966822385611232,0.15192265275210423,0.0769679232264584,0.04513710975392589,0.0,0.04700325676643053,0.1534241341091193
2023-12-29,0.09042686988288164,0.08386309245525737,0.07200674196784673,0.13080810528953363,0.050444313908630294,0.10055628923165434,0.15623002389213392,0.07513600506448158,0.04397064460607919,0.0,0.04702446449895816,0.14953344920254297
2024-01-02,0.09463045131922343,0.0877135972396534,0.07544252582757045,0.1378068182289414,0.05274719433338985,0.10547665916961488,0.16240524034929016,0.07852742691364661,0.0,0.0,0.04887133162520563,0.15637875499346432
2024-01-03,0.09506691797667992,0.08738081916006277,0.07516067413650535,0.1379841651474516,0.05336694758717415,0.10551654486380656,0.162855845999643,0.0794600135523563,0.0,0.0,0.04942917028684238,0.15377890128947794
2024-01-04,0.09524637382683458,0.08752081842629529,0.07615706021388138,0.13922618537034182,0.05397173795995845,0.105753815026191,0.16193946239745075,0.07877086131828634,0.0,0.0,0.048095240373760874,0.1533184450869993
2024-01-05,0.09452452778506638,0.08692057759594154,0.0756626154689089,0.14078659785632242,0.0538769502404912,0.10619508488590215,0.16169536807623885,0.08044530619659013,0.0,0.0,0.04779288213946241,0.15210008975507608
2024-01-08,0.0944986508996368,0.08838406278725727,0.07678525232408578,0.14010817919922172,0.05342697855929925,0.10546310182299169,0.16140994953850296,0.08032096152088794,0.0,0.0,0.04763435757471459,0.15196850577340204
2024-01-09,0.09270908057829455,0.08784520677846577,0.07728121044479411,0.14090293914407062,0.05440994168897187,0.10555068751895948,0.16071656597663864,0.08018764538680119,0.0,0.0,0.047967127307462686,0.15242959517554105
2024-01-10,0.09181782682781053,0.0862571906027962,0.07540903086142418,0.14291914267773534,0.05567492084085059,0.10663185405630088,0.1609929563130257,0.07901684865739331,0.0,0.0,0.047553722188882944,0.15372650697378026
2024-01-11,0.09108360039184259,0.08625694569267119,0.07457655112312211,0.1412911971198237,0.05562434446009393,0.10551216242374994,0.15934016052609526,0.08746490784105004,0.0,0.0,0.04702624078616266,0.15182388963538843
2024-01-12,0.09154534887644979,0.08607839748818441,0.07438000255436661,0.1415893858938017,0.05626506292406689,0.10599714155584936,0.15833161444249816,0.08732904213314695,0.0,0.0,0.0466572719181667,0.15182673221346937
2024-01-16,0.10444384554464575,0.09811158945490493,0.0,0.1657202340416242,0.0,0.12324782679284339,0.18360676939193074,0.09858995221195657,0.0,0.0,0.05322180368184828,0.1730579788802461
2024-01-17,0.1081013304458758,0.09883981057959138,0.0,0.16392355301163453,0.0,0.12260819745843309,0.1826894001041152,0.10005805426393469,0.0,0.0,0.05445210303877358,0.1693275510976418
2024-01-18,0.10865823959057902,0.09826213126064733,0.0,0.1638329150614411,0.0,0.12423366314408775,0.18136749925912568,0.09975032012313423,0.0,0.0,0.05480123792946735,0.16909399363151767
2024-01-19,0.11118657647800131,0.09884934189354724,0.0,0.16344771706922592,0.0,0.1236362094210033,0.18088646010820048,0.09872868838143614,0.0,0.0,0.05470760821821184,0.16855739843037382
2024-01-22,0.10934194710043596,0.09866460630253568,0.0,0.16350334787905213,0.0,0.1243120886426025,0.18107885279625643,0.09863003045628374,0.0,0.0,0.05478783361405741,0.16968129320877598
2024-01-23,0.10929995726115012,0.09835613872862489,0.0,0.1630416526034551,0.0,0.12408984030244415,0.1813630051609323,0.09792458528949388,0.0,0.0,0.05471700775224639,0.17120781290165304
2024-01-24,0.1009798475007951,0.08722757526632131,0.07145448226618382,0.1467632190982657,0.0,0.11127332257931567,0.16242653595036075,0.0861635860214954,0.0,0.03387593484205683,0.049182781041291555,0.1506527154339136
2024-01-25,0.10459592260649646,0.08745648389404331,0.07067385329119193,0.14713310129828147,0.0,0.1111248605553346,0.16165400507116845,0.08489641463951825,0.0,0.03379569523572681,0.04882926877697271,0.14984039463126603
2024-01-26,0.10568639630314501,0.08785701605999187,0.07075072944012421,0.14667690391105231,0.0,0.1109331186440061,0.159310440085789,0.08627811844034897,0.0,0.03366463019486021,0.04943546929380054,0.14940717762688194
2024-01-29,0.1065698753407412,0.08872064756434818,0.07091888420621233,0.14633761803640818,0.0,0.11040394786798959,0.15823526877368752,0.08621817718649408,0.0,0.03395262784238103,0.04912364459995407,0.14951930858178386
2024-01-30,0.1000928885840754,0.08343838857039544,0.06710239518375086,0.13761484305482657,0.05567688884664483,0.10411760997846964,0.149115579904345,0.08108058585035449,0.0,0.03196830700370344,0.04665222526899688,0.14314028775443732
2024-01-31,0.10660180954289063,0.08842346032385306,0.0,0.15083197073261267,0.05994332261680636,0.11371316292987507,0.16165122376176028,0.08556355993373836,0.0,0.03360384285062186,0.04885111140559426,0.15081653590224736
2024-02-01,0.09958924116092396,0.08753879616726779,0.06831012847542281,0.14347330308593312,0.058180130956131386,0.11041503777738236,0.15987176236599407,0.08104006367990182,0.0,0.0,0.04793297198185825,0.1436485643491844
2024-02-02,0.09740827432189848,0.08705394142569813,0.0699442148876983,0.1426263547997075,0.05661321181390828,0.10884879791131637,0.1634698520933846,0.07947819661227506,0.0,0.0,0.048079569418769195,0.14647758671534414
2024-02-05,0.1032578136991914,0.09288205949569366,0.0755602118957212,0.1490616846495588,0.0,0.11509109767536752,0.1752184607297411,0.08508740130862015,0.0,0.0,0.0518372644403841,0.1520040061057221
2024-02-06,0.09802909297381165,0.08889205873919892,0.07221930301998714,0.13893071377888844,0.05540864022456193,0.10800685430393278,0.1646434043453361,0.0811387755087688,0.0,0.0,0.048540566673402175,0.14419059043211208
2024-02-07,0.09843554965831812,0.08907867065552394,0.0694117924043286,0.13878293878112782,0.05623547191245476,0.10831806188289969,0.164613334727813,0.0824426803222353,0.0,0.0,0.048427099140210386,0.1442544005150884
2024-02-08,0.10042327537623047,0.08972795082346344,0.07065350472107165,0.14408736723467755,0.0,0.11210361410778887,0.17057901394968256,0.08317493621856828,0.0,0.03332388156033065,0.049496775630120365,0.14642968037806606
2024-02-09,0.1035905688112303,0.08927193063526738,0.070306858186458,0.14268163914540546,0.0,0.11086727157099861,0.17106550783343005,0.08432702096268406,0.0,0.032864837461709234,0.04930946373936647,0.14571490165345055
2024-02-12,0.10348054407014899,0.08919787307934833,0.07020173066845722,0.1425948128922182,0.0,0.11068685870459326,0.17122876237617948,0.08431087299402922,0.0,0.03302122583420291,0.04954968761153435,0.1457276317692881
2024-02-13,0.1031225832515666,0.09202455173898944,0.06981667570500885,0.14120569326324814,0.0,0.10902203063954961,0.16723598950837576,0.07930548439270987,0.0,0.03078231233267473,0.054428342635975326,0.15305633653190176
2024-02-14,0.10073985475883768,0.0905094570680702,0.06978261312032127,0.14259151637582929,0.0,0.10952893727844436,0.16629221743033495,0.0797185656811974,0.0,0.03198663660495331,0.05449253609342841,0.15435766558858321
2024-02-15,0.09961005724609345,0.08901848636615946,0.06910290477203417,0.14320802698303356,0.0,0.11070605097001791,0.1653810319244727,0.08109062823844185,0.0,0.03344054524482436,0.054380354763055215,0.15406191349186724
2024-02-16,0.099124383027798,0.08981652508440388,0.06900986417389934,0.14319203887096216,0.0,0.11064425868692386,0.16494576290325613,0.08064017334161043,0.0,0.034463366321812884,0.052837617179859936,0.15532601040947336
2024-02-20,0.09896422197406063,0.08997251610506014,0.06993658988725772,0.14251559271506678,0.0,0.1105012206244376,0.16375243625300445,0.08059830960422606,0.0,0.03484046640759766,0.052554288034026536,0.1563643583952623
2024-02-21,0.09820329447829806,0.09022473263251521,0.07025263043338797,0.14249615140568614,0.0,0.1102743034824381,0.16358225781948466,0.08145609620601416,0.0,0.034672496312208645,0.052728403990205154,0.15610963323976215
2024-02-22,0.09830302116920339,0.09024632531050977,0.07029801801754759,0.14181718794081716,0.0,0.11033164472111716,0.16311528286039184,0.08169531862922384,0.0,0.03472815400235542,0.05271537936950661,0.1567496679793274
2024-02-23,0.09221378083973182,0.0897502336694655,0.06996741993563897,0.14402605089251705,0.0,0.11177120610869884,0.16261241513350974,0.08235873743356059,0.0,0.03499070571744562,0.052965652516659675,0.15934379775277221
2024-02-26,0.09208286427614408,0.08977181527986133,0.06987246762376652,0.14455701528141143,0.0,0.11287650813310418,0.16206885762601525,0.08221291457039842,0.0,0.03451995818796276,0.05278153385439885,0.1592560651669372
2024-02-27,0.09132980845993163,0.08941881723743209,0.06990139833750132,0.14476401040054543,0.0,0.11251060713658154,0.16148288181538697,0.08406219276512544,0.0,0.03459019164862766,0.05227966151043775,0.15966043068843006
2024-02-28,0.09091914577618779,0.08889010402791221,0.06980045052214744,0.14515536975890322,0.0,0.11361674902807171,0.16266402583500425,0.08360330677212471,0.0,0.03447937770625966,0.05209347571221787,0.1587779948611712
2024-02-29,0.0853224156022858,0.08285815150668921,0.06432255106217313,0.13698437444157652,0.05559427848714285,0.10766838035416768,0.15327387677292403,0.07869764567417936,0.0,0.033352565606797835,0.048810571173556014,0.15311518931850743
2024-03-01,0.08358901684782047,0.08214759451046573,0.06295406118482388,0.13845037582374706,0.05557824627774689,0.10957131242763253,0.15509527884978844,0.08031563339812192,0.0,0.03274812895617428,0.04917815804737214,0.15037219367630664
2024-03-04,0.08013100596710653,0.0789703706875765,0.060458459739614445,0.13258800483967553,0.05326773282311499,0.10481402078546487,0.14868516019887681,0.07862877867428271,0.03899161780263908,0.031198636177295416,0.04694453816658484,0.14532167413776845
2024-03-05,0.07983171185162413,0.07886585245540235,0.06052433438344724,0.13439720622442974,0.05500277516915338,0.10627673586716326,0.14820405113514248,0.07557073726467178,0.037509841173373415,0.031115773816510827,0.046760306186891434,0.14594067447218992
2024-03-06,0.07859661868003831,0.07900738317284067,0.06015592994174014,0.13335427417914505,0.055056637790980904,0.10609555669327948,0.1485222492443942,0.07557911725307738,0.03762396672364336,0.03286992084792817,0.046468991936164564,0.14666935353676777
2024-03-07,0.07907939981937327,0.07788089414714422,0.05928742943973141,0.13353748785364333,0.05519491194368951,0.10613766712917891,0.14863595046042433,0.07511535025293847,0.03720346003510889,0.032856562070800545,0.04653451128401587,0.14853637556395125
2024-03-08,0.07794349172757581,0.07622221155280552,0.05903939624441044,0.13462874175602893,0.05528383635256168,0.10661045738756939,0.14853051224727615,0.07707026624697084,0.038561851392752304,0.033080435003498686,0.046341891692974146,0.146686908395576
2024-03-11,0.07715620341043336,0.07591221927811281,0.05912517192024572,0.13455989663597415,0.05526911289587025,0.10655490064990195,0.14860534762956534,0.07842901840358994,0.038705113333012124,0.032888138576971204,0.04602456953143415,0.14677030773488892
2024-03-12,0.07692328779103452,0.07505634677197129,0.058931469017283966,0.13445511639585592,0.05511848618118167,0.10716153170755707,0.1483312088963691,0.0782395506414672,0.03858597567354035,0.03450884074598643,0.04579381471981226,0.14689437145794018
2024-03-13,0.07260400288050688,0.07157513251144228,0.054918212102655975,0.13596814581687616,0.053673864516038304,0.10980869129439917,0.16220671031234093,0.07712637552780877,0.039026210968861205,0.03241502663857438,0.046829471882661095,0.14384815554783484
2024-03-14,0.07462333499012157,0.07410868963679959,0.057485416378344166,0.14540611473224463,0.0,0.11835490416308234,0.16938271886092368,0.07918791279555196,0.03887488502763478,0.033593045453990715,0.05119903007554759,0.1577839478857589
2024-03-15,0.07495151756441581,0.07505509484198296,0.057824190668590326,0.1430257574348133,0.0,0.11648212472875004,0.1674104856045802,0.08077498718774503,0.03945704261526197,0.033534751416805446,0.051335828346344946,0.16014821959071002
2024-03-18,0.07431137032140028,0.07507879511499882,0.05757329426331826,0.14336305462564747,0.0,0.11723714313522596,0.16736225612300634,0.08068347240393632,0.03919549278352342,0.03369806420529429,0.05134552418773577,0.1601515328359129
2024-03-19,0.07396714926988658,0.07538447685222072,0.05764569262582568,0.14276590444570655,0.0,0.11667397279262375,0.1669047577147992,0.08082445412471637,0.03910820519393105,0.03341252956199732,0.05135332684261218,0.16195953057568058
2024-03-20,0.076238672035978,0.07647696012807441,0.059128706643843135,0.14232882766485191,0.0,0.11569543530331106,0.16363045169962198,0.08078886443131864,0.0387404803753291,0.03326054691399959,0.05153717706998792,0.16217387773368427
2024-03-21,0.07589465310327545,0.0780254633432076,0.06023393452397981,0.14115840716271946,0.0,0.1148972023259316,0.1639743278429228,0.07908271070638985,0.037986423706009693,0.03276158077715726,0.051426107899523614,0.1645591886088828
2024-03-22,0.0721001957584225,0.07412082217136329,0.05744517915167422,0.13421611044693801,0.05516614506295364,0.10918741422885903,0.1560292664978837,0.07526496176988279,0.03500563934112245,0.031127928818936685,0.04872169617141178,0.151614640580552
2024-03-25,0.07226199021926681,0.07439453380218572,0.05759021118838757,0.13413975192130173,0.05481462920080713,0.10920572843861502,0.1567269022326369,0.07501757141805844,0.03510811607901405,0.03165865911239861,0.0485317299015427,0.1505501764857854
2024-03-26,0.07099777103637234,0.07347280538900161,0.056954566073500336,0.13561189940224733,0.055964444816357144,0.111429299045174,0.1562044368913252,0.07407116164266123,0.03461002120681037,0.0314915976226044,0.047840718443489604,0.15135127843045637
2024-03-27,0.07054133686564198,0.07330706089159425,0.0570397765288814,0.1351960839002713,0.055860664643210094,0.11116493967730623,0.1567565890224985,0.07427439083681973,0.03445390299370654,0.03212950288877531,0.04781927979931486,0.1514564719519797
2024-03-28,0.07070723731043016,0.07346677374211662,0.05743346579200876,0.13540073332195218,0.05597639183269819,0.11008476290778271,0.15661360076113776,0.07431600564938771,0.034771490884827325,0.03248639060691352,0.04606393883516997,0.15267920835557514
2024-04-01,0.07442367509791509,0.07874998190227812,0.06089735421160293,0.14316287885884002,0.0,0.11707971500708446,0.1644225676977165,0.07570990273859345,0.03619704943099109,0.034010170941128036,0.04814580420400718,0.16720089990984321
2024-04-02,0.07594950718686284,0.07984563641438978,0.06144430662572468,0.13918190945872302,0.0,0.11340019567523933,0.16373760724380315,0.07631400449662444,0.037649289133959936,0.03561141529002973,0.0494341083775984,0.1674320200970447
2024-04-03,0.07559565224689035,0.07902720504409723,0.061705988728243955,0.14090490324557003,0.0,0.11506228117751219,0.16619114969924262,0.07422202220001503,0.035167472138622466,0.035744463765891465,0.0490123661287086,0.16736649562520614
2024-04-04,0.0717125829767693,0.07468101714713003,0.058541191650742216,0.13406163243948294,0.05577410035865905,0.1097154619482923,0.1576638822149104,0.06987335756944693,0.031885242483781745,0.03438972481158307,0.046507641503126744,0.15519416489607507
2024-04-05,0.07464635987456555,0.07818219322010403,0.061152558990802255,0.1410860238433297,0.0,0.11775553252893796,0.16911366870106148,0.07358816394282842,0.033235844067219175,0.038711113743916496,0.04936845503362573,0.1631600860536092
2024-04-08,0.07386615394930816,0.07982559307148616,0.06300728524666314,0.13933673351301742,0.0,0.11727744563334237,0.16958238853653132,0.07105796024908075,0.03297030053571758,0.039033322120972214,0.049498786707721835,0.164544030436159
2024-04-09,0.0740433868378543,0.08002502254448005,0.06282826682476153,0.13949823459804642,0.0,0.1172861092939039,0.16919574362310053,0.07110279478878156,0.032844377298691406,0.03943502274341785,0.0490136946948293,0.1647273467521333
2024-04-10,0.07390861079217881,0.07982811988498897,0.06249473627926242,0.14106623609085114,0.0,0.11753128355406504,0.1696739312774697,0.07082360229730982,0.032766013206214084,0.03915976927573602,0.04853372153293633,0.1642139758089876
2024-04-11,0.0765078747822525,0.08141970665109963,0.06449087448885472,0.13811199438296132,0.0,0.11522199720777235,0.16782388794390837,0.07399253657152045,0.03470544168062206,0.04132547298240474,0.045937714954739466,0.16046249835386445
2024-04-12,0.07403482268908637,0.08406156397127205,0.06775882976550068,0.13777140186010184,0.0,0.115858910854986,0.1681899872781139,0.07011132816189937,0.033486069200229944,0.04029690433137108,0.04461755149728848,0.1638126303901502
2024-04-15,0.07624395683134044,0.08582684444688703,0.06883479079409552,0.14634300766566738,0.0,0.12277106725964647,0.18148441242545812,0.07367434884664249,0.03554237363781499,0.042842152619162785,0.0,0.1664370454732847
2024-04-16,0.08895156728340836,0.10321399365356425,0.081871893441638,0.0,0.0,0.13987606117943976,0.2103934076039543,0.08490735841450471,0.04134088475351789,0.0514626340119712,0.0,0.1979821996580015
2024-04-17,0.07773212027436745,0.08656169256721252,0.06926778869519228,0.1459900361880975,0.0,0.11959357061351246,0.17910645498774178,0.07273770385700419,0.03472854538930163,0.04408774461960674,0.0,0.17019434280796356
2024-04-18,0.07769354497873683,0.08720942096039305,0.07048517600722592,0.14528931198624903,0.0,0.119230280136279,0.18002760049147823,0.07258888569211898,0.03569570556181231,0.04238017516092816,0.0,0.16939989902477842
2024-04-19,0.07758747825219343,0.08712461069117088,0.07088859431469384,0.14499226851088343,0.0,0.11945104804179846,0.1799254101396534,0.07252011068598904,0.035789972344965316,0.04231934069189107,0.0,0.1694011663267613
2024-04-22,0.07632226753071103,0.08771200163781902,0.07151936278677286,0.14466571084048216,0.0,0.11905521518614988,0.17884679241992177,0.07350089636459443,0.03559666532625526,0.042394222705685436,0.0,0.1703868652016083
2024-04-23,0.07599445363917075,0.08596207057595295,0.07077544809359987,0.14695821419711727,0.0,0.12133815297592693,0.18382105253404382,0.06704874560846485,0.03295128585339687,0.04354962851512899,0.0,0.1716009480071976
2024-04-24,0.07532233883719432,0.08527824237170928,0.07091036518031371,0.14792086934993795,0.0,0.12253887629995541,0.18305903422213976,0.06756663520906207,0.03330435553202721,0.043791910008795815,0.0,0.17030737298886442
2024-04-25,0.08887186566464014,0.10026563374463646,0.0829566279085651,0.0,0.0,0.1439842421109093,0.21428861823311715,0.07917058964556643,0.03916148646938315,0.051844651646770705,0.0,0.19945628457641143
2024-04-26,0.07553083440081011,0.08506468616078063,0.07137021110461822,0.14864263410236941,0.0,0.12307006557616111,0.18215577003572817,0.06735195322258007,0.033367677305415705,0.044190704436964906,0.0,0.16925546365457164
2024-04-29,0.07409190554527635,0.08044431406396839,0.06720553832563848,0.14266947995861903,0.0,0.11647490015538499,0.17281706178660144,0.0640431237534474,0.031848644396326516,0.043696297006161525,0.047279659630080156,0.1594290753784957
2024-04-30,0.07832829194487598,0.08430750304562916,0.06944510361422085,0.14970418482972883,0.0,0.12259461755831134,0.18231877948713465,0.06656008955464178,0.03301276060142653,0.04677294342193328,0.0,0.16695572594209762
2024-05-01,0.07620306791470091,0.0826706698536324,0.06759518573200542,0.1554571568142793,0.0,0.12495717715742607,0.17714465066525434,0.06392727799983691,0.03246056942627643,0.0477304984663365,0.0,0.17185374597025171
2024-05-02,0.07561078413667986,0.08239045171663087,0.06703962886426033,0.15904128496798575,0.0,0.12721603254404495,0.17501696755441226,0.06346671836153542,0.03239824107645252,0.044563855315524425,0.0,0.1732560354624734
2024-05-03,0.072162340160497,0.07762446953206166,0.06360695884955286,0.15427877809734833,0.0,0.12241041027873409,0.16570329121321428,0.061140037099556385,0.031272112340378154,0.0431349335520188,0.0483152866452189,0.16035138223141937
2024-05-06,0.0720551813707461,0.07732060591764188,0.06381084474544826,0.15327858727647276,0.0,0.12131478456094989,0.16568191834090173,0.06176464453824802,0.03165713932916886,0.04337211151560333,0.04866619932117569,0.1610779830836435
2024-05-07,0.07094875004994258,0.0768197212978792,0.06404262365357254,0.15383370754209047,0.0,0.12195819337149293,0.16536443801612544,0.06125968710734661,0.03085793680508969,0.04529853449155421,0.048812536070045584,0.16080387159486073
2024-05-08,0.07128026528599982,0.07693276173151797,0.06382128075385363,0.1535036678436008,0.0,0.12213641920173675,0.16594049769852526,0.06125300307953133,0.030816142734168987,0.04531717431656518,0.04855393874992099,0.16044484860457933
2024-05-09,0.07135102578401718,0.07695231592688746,0.06421262116824457,0.15323092845235084,0.0,0.12192421973986722,0.1659976362922251,0.061284815241624366,0.030839875778760857,0.04529362413595317,0.048385874623494494,0.16052706285657475
2024-05-10,0.07056835707942839,0.07704900420401666,0.06484880143649305,0.15614437020305982,0.0,0.12369063447162866,0.1691314310160113,0.059519689985065696,0.029566753388209147,0.04363040750604696,0.04654934030997574,0.1593012104000645
2024-05-13,0.0707556723474809,0.07786555364139036,0.06580121351748482,0.15668752804767214,0.0,0.12334049065456108,0.16922554351510763,0.05895577011085649,0.029340140846115796,0.043227662012449174,0.04634410666588232,0.15845631864099932
2024-05-14,0.07057442149605225,0.07877783475995292,0.0650101849174704,0.1560184046207592,0.0,0.12307021623719497,0.16938288091769726,0.05736406416508221,0.02942568965655993,0.04335013191160437,0.047687621706237575,0.15933854961138885
2024-05-15,0.06633561428526714,0.07323559566499864,0.06088829128311529,0.146554626280875,0.062213967299339666,0.11560512059296425,0.16002049523106007,0.05357680273377682,0.027757592703879157,0.04036291884302358,0.04483767050941688,0.1486113045722837
2024-05-16,0.06692166517288332,0.07374078646285569,0.061549578113704366,0.1452475084783826,0.06203084002073234,0.11459665634220409,0.1596621549643484,0.05428253660298823,0.027779687045899625,0.04160274015872269,0.045262789216091094,0.14732305742118756
2024-05-17,0.0667969322233577,0.07314368813715827,0.061527747794517626,0.14608228565881376,0.06243527136456032,0.11477375871815049,0.15926933401095886,0.05406385475887505,0.027807204240114534,0.04179682732132175,0.045335081096254386,0.14696801467591725
2024-05-20,0.0708919330104665,0.07419071693206257,0.06181887809225422,0.14430022685151214,0.061966781581500846,0.11405683947709049,0.16145190086530278,0.052871795015008924,0.025508487415178183,0.0414798694866895,0.04514341058820593,0.14631916068472783
2024-05-21,0.0705868314227852,0.0738744004982073,0.06138248758925283,0.14496514276010697,0.06320416043389536,0.11398291014289992,0.16077245946270266,0.052676605219742975,0.02540249733467565,0.042733204040660236,0.04483502082394212,0.14558428027112855
2024-05-22,0.07056007450074994,0.07360618722216715,0.06098482689843811,0.14465364686239274,0.06279573251874748,0.11400429589609971,0.1618743484069244,0.05253090823531729,0.02562447520316795,0.04272962018370089,0.045077007987712164,0.14555887608458218
2024-05-23,0.07085692539434728,0.07268252020758284,0.061230960688710104,0.1456217461099118,0.06361848047385965,0.11472726311569753,0.16216047598635855,0.05076570769927114,0.024847949707648673,0.042704929951670356,0.0450980406906933,0.14568499997424894
2024-05-24,0.07061589700128709,0.07332372510325266,0.06274149455005752,0.14616185017278263,0.0640938481430513,0.11449559818270669,0.16129921945844314,0.04896143387996443,0.02460325173090985,0.042946780271176446,0.044325420173833174,0.14643148133253472
2024-05-28,0.07539009158973756,0.07788999604807892,0.0672683262666957,0.15690766001645035,0.0,0.12244431489539305,0.1717018291814396,0.05253546479124498,0.026390886297604096,0.045705898795108606,0.047790872702144375,0.155974659416103
2024-05-29,0.08007204843826732,0.08285594360850707,0.07166707567114057,0.16478509330083646,0.0,0.1284482210472917,0.17928648322911797,0.05605876558316554,0.02651944634349108,0.046612891048158855,0.0,0.16369403173002334
2024-05-30,0.07644744237240514,0.0762718895515997,0.0668638863360593,0.15784702627894856,0.0,0.12246629129454006,0.17140920070058974,0.054395790568612254,0.02590054611818711,0.04482403545648265,0.048808242922396716,0.15476564840017867
2024-05-31,0.07747403941608395,0.07577471307926513,0.06779814328928825,0.15924120731391334,0.0,0.12241059897659728,0.1697579149554613,0.054651726020660284,0.025603809535482355,0.04460923001417206,0.04855981825960789,0.15411879913946827
2024-06-03,0.0751052603802916,0.07470347580028978,0.0670564848751064,0.1548036148506476,0.06703302695624533,0.11908439856493325,0.16523869605483912,0.05342166121948068,0.02480051118636307,0.0,0.04642569606150362,0.1523271740502996
2024-06-04,0.07683508792191744,0.07689237319743567,0.06694079559866364,0.1523657428791687,0.0650532710637307,0.11785383710704295,0.16543889902826547,0.05364735918750606,0.024989936855491886,0.0,0.046766447899760796,0.15321624926101673
2024-06-05,0.0777945790785916,0.07741387399794966,0.0654725297911809,0.15178405023501945,0.06419411389119387,0.11775756601161959,0.16617381433857606,0.053657092185632665,0.0245635121650925,0.0,0.047233444986169576,0.15395542331897416
2024-06-06,0.07669549803165797,0.07794018805349726,0.06401852127860946,0.15203534379101494,0.06420964686793389,0.11808075420638167,0.16613187618787703,0.05353644521416144,0.02469542761739144,0.0,0.047633312156654624,0.15502298659482025
2024-06-07,0.07776206956162,0.07830299321653736,0.06448055842254374,0.1521714669955501,0.06448553659319431,0.1181390061008396,0.16511578821785142,0.05387771542769912,0.024120996333086616,0.0,0.04744872238612066,0.15409514674495722
2024-06-10,0.07692540368250307,0.07570705142861842,0.06281923278092905,0.14335194560703654,0.06149962675736798,0.11317098957245446,0.1623252003763811,0.04808758510601273,0.022382360995072775,0.04062369895198003,0.0467430178346749,0.1463638869069688
2024-06-11,0.07603424409119548,0.0755830852526088,0.06208050302505821,0.14527633750721838,0.06211167384719414,0.11405628002739412,0.16354459626923792,0.04738842159661274,0.022065050699600505,0.038520441442094606,0.046810367443315404,0.14652899879846978
2024-06-12,0.07708463109998206,0.07406308379287034,0.06251918461370776,0.1447582309087454,0.06154259653577384,0.11364985007942692,0.1640811953169121,0.04761114711014449,0.02206976411022367,0.0386572869611899,0.04695389109685357,0.1470091383741699
2024-06-13,0.0773913058618926,0.07316940996517558,0.062441831119525885,0.14427488620754622,0.06177716201181727,0.11323995096501228,0.16424627150323437,0.04803743720058872,0.02226472411827059,0.03980988379273576,0.04711939205878757,0.14622774519541307
2024-06-14,0.07804629426666773,0.0711155328480319,0.06290131293380616,0.14335037681959859,0.060681255180142,0.11320433852435403,0.16693751904634307,0.04799344640095006,0.022184420998648154,0.040057252327347935,0.04728892903603451,0.1462393216180759
2024-06-17,0.07889863032036834,0.0708231859862725,0.06360983043400308,0.14325762407943693,0.06012986546828333,0.11304162473085422,0.16573383554415363,0.04780635511406113,0.022133770418964905,0.040340513276491456,0.04732102138399078,0.14690374324311964
2024-06-18,0.07835711715742649,0.07075630949996269,0.06345380944812548,0.1422503927312643,0.059551625361588846,0.11225239771379056,0.16599231294868672,0.04776327782162066,0.022460968781084015,0.039505190078003176,0.04752593985232293,0.1501306586061243
2024-06-20,0.07832329060200235,0.07055048793879597,0.0633137099051198,0.14184572634878642,0.0595201070189368,0.1117160726349546,0.16477846478683922,0.04795328089164285,0.02244892404538634,0.03924735174498953,0.04790899735021954,0.15239358673232653
2024-06-21,0.07839596956465933,0.07066051085813055,0.06331873931668693,0.14200355338315918,0.05944351787351056,0.11183808974919374,0.1652309564058905,0.04760158270525077,0.022066457940101918,0.03947366270256011,0.0480479351389026,0.15191902436195398
2024-06-24,0.07859836562283608,0.07030332157389556,0.06332650640452919,0.1423666575878308,0.05960888966633609,0.1120833915801815,0.16571455744605967,0.04683160666588701,0.021675252125755978,0.039451068132104285,0.04818585009437834,0.15185453310020544
2024-06-25,0.07862205347211886,0.06950845924567835,0.06285759497590242,0.14211570877039686,0.05967259694260337,0.11319054192468084,0.16790185489043835,0.04657493478692534,0.021518009959662018,0.038871548630763045,0.049971162487737725,0.149195533913093
2024-06-26,0.07839226865084609,0.06941750975709175,0.0627666007178732,0.1420917105336846,0.059589159147777494,0.11308322926381527,0.1682910459419222,0.04685258405518014,0.021318376167016723,0.03905393497188042,0.049584124270572086,0.14955945652234015
2024-06-27,0.07779739143819127,0.06844883200151197,0.062167278053788716,0.1438323094752342,0.060014664167924094,0.11493378239858318,0.1686447872670733,0.0464304525284954,0.021122845425444736,0.038963510602338026,0.05013354664695162,0.1475105999944636
2024-06-28,0.07834638553669449,0.06876681362422835,0.062044872690275046,0.14333312231814893,0.05999207031376494,0.11460837410707285,0.16861164304879364,0.04657402836916483,0.021555293392551907,0.03881566100413725,0.05022936052519524,0.14712237506997242
2024-07-01,0.08319084088291656,0.07365082001140888,0.06616054791732788,0.15041586616488578,0.0,0.120160100093891,0.17873522454807644,0.04991294864836425,0.02341729377116835,0.04143422481330766,0.05331940377349908,0.159602729375154
2024-07-02,0.08121620493939828,0.07029650042808747,0.06257560847390276,0.1399188567698669,0.05673665714717145,0.1119179193229503,0.16884569210769584,0.047217662415768746,0.022122189601723248,0.03832207973941207,0.05014427103515018,0.15068635801887278
2024-07-03,0.08197722558063772,0.07019092215740474,0.062421689973671673,0.14086267386598944,0.057346218084362036,0.11082276775637695,0.16778993261851372,0.04806132885778108,0.022211983123832234,0.03820162889736212,0.05005643646038124,0.1500571926236872
2024-07-05,0.0826418500360003,0.06985011430053803,0.06190203418088211,0.14016347778623917,0.056988960890911516,0.10987492408236084,0.16865093868378683,0.0482673326372099,0.02218909805585368,0.03860249313757585,0.05102476321420111,0.14984401299444067
2024-07-08,0.08254123031939195,0.0696773310180417,0.06226873566459752,0.13954602053165566,0.057267270474172224,0.11019788199620305,0.1686105884230394,0.04792710052482733,0.022151527847610562,0.039011378611340145,0.05189268733557076,0.14890824725354948
2024-07-09,0.079485461060554,0.06689963268733412,0.05988771325633727,0.14426965243022805,0.05649719208061538,0.11241683853514244,0.1707972382620209,0.0447408862846054,0.02075761850010824,0.036610830003097436,0.05719783803438042,0.15043909886557635
2024-07-10,0.08003322608561489,0.06663101715236826,0.059908945553202766,0.14385670525323338,0.05641783382105295,0.11229723903807194,0.17040857713290677,0.0458423413753292,0.020849496378650134,0.03651898031283456,0.05715997273097413,0.1500756651657611
2024-07-11,0.08159014149658186,0.06659205590759099,0.06344630253754623,0.14157520832276155,0.055551772186886485,0.11035926734519295,0.16710523556852502,0.04560445856664123,0.020575523438140553,0.03576232689123169,0.05688323326117588,0.1549544744777255
2024-07-12,0.08251613870389485,0.06595173834372538,0.0631295746752313,0.14219564606621626,0.05606900028201783,0.1148858866600441,0.17045101222372283,0.045191945570059934,0.02050327158284861,0.035296855868511806,0.05366712820474575,0.15014180181898157
2024-07-15,0.0818383962767335,0.06590569627235159,0.06483009329400342,0.14212590328186292,0.05603582409340043,0.11468461987684882,0.17163388244986197,0.044905199031484065,0.020423668038850654,0.03498337181563796,0.05455693199186698,0.14807641357709764
2024-07-16,0.08308541458574145,0.06485321393878933,0.06339583849924665,0.14200610701606511,0.0556788777600578,0.11367689111051757,0.1716315983147589,0.045073348014577456,0.02041716022084989,0.03646459066447862,0.05494882180608272,0.14876813806883443
2024-07-17,0.08354821648498763,0.06523066306458336,0.06362714047076229,0.1427620025122977,0.05512805399515424,0.113340051744782,0.17076463145609877,0.044111915171969926,0.020410911130259442,0.036337264527864004,0.054651759381466825,0.15008739005977365
2024-07-18,0.08148352269015476,0.0654317803345072,0.0616633416033109,0.14416745710845422,0.05569727644546603,0.11443897357877131,0.1719812024975121,0.04447699405732391,0.020290808356993123,0.03604800832759438,0.055101581705199645,0.14921905329471263
2024-07-19,0.08087232642872882,0.0654203224705261,0.06147586062273033,0.14314248154982162,0.055359315385006665,0.11338055476261756,0.17521864970050907,0.04652155488931134,0.020989991205907006,0.035956908290271455,0.05472263363782053,0.14693940105674952
2024-07-22,0.08155271348047861,0.06593324612325435,0.060880514017466573,0.14258964523329765,0.05505945226540612,0.11241155681930308,0.17715470245218176,0.045346093748368115,0.02084834755876131,0.0354061539054253,0.05491719900310783,0.1479003753929492
2024-07-23,0.08027450020738094,0.06512528755040063,0.06056706490879635,0.1437127212226176,0.05541653081353965,0.11352425484681275,0.17695153927736257,0.045416021704639674,0.020875249268734724,0.03543721694112642,0.05456889955536293,0.14813071370322572
2024-07-24,0.08034072297634393,0.06477981217873136,0.059613316448320845,0.14441207497307249,0.0555740788115589,0.11370891045356978,0.1777456107436597,0.045320580593368354,0.020808637708504347,0.035246228445986426,0.054676100770452936,0.1477739258964308
2024-07-25,0.07334205433642925,0.06455686806934792,0.05963173436169946,0.14537682525893805,0.05567066237512669,0.11354378725488871,0.17876433789175755,0.04596460589710846,0.021101871495787416,0.03575373022347587,0.05392014830836226,0.15237337452707836
2024-07-26,0.0727987107848272,0.06415548434811572,0.06004792566891703,0.1453206684326829,0.055613371517389085,0.11345897427723649,0.1797018524397745,0.045088095121972864,0.02058717756485277,0.03575553412640345,0.05410157684423548,0.1533706288735925
2024-07-29,0.07361289336555332,0.06279321287907612,0.05940310950777398,0.14313089780873658,0.054483151351354696,0.1113431661026703,0.18723274493831582,0.0449789975219282,0.020390666890535553,0.03470906685549437,0.05337064053274002,0.1545514522458212
2024-07-30,0.07615367862636042,0.06451949370851533,0.06107059988202762,0.14824570197487905,0.05625380723060166,0.1152082115633812,0.19777078141782897,0.04656372032388823,0.021023143600220597,0.0,0.05495154671294116,0.15823931495935586
2024-07-31,0.07178494695663845,0.06200458545526501,0.06253287506122114,0.14071407681298675,0.05280668814142482,0.10964192620538124,0.19401870754376832,0.043462962595745856,0.019671226457582867,0.03468540742540035,0.05216310999820645,0.1565134873463788
2024-08-01,0.0711696792036566,0.06182705256383864,0.05976819145953755,0.14204075154570267,0.05339073009903102,0.11161706368413889,0.1973720009190105,0.043037112537798815,0.019787199592771868,0.03243654034646213,0.052691901533737144,0.15486177651431435
2024-08-02,0.07263212848690935,0.05928287033454239,0.0602237999490121,0.1476301059342611,0.05573196313060764,0.11699489484658385,0.20515840851449865,0.045392700881962865,0.021055182866493456,0.0,0.0549348188105059,0.16096312624462275
2024-08-05,0.07114768569976458,0.060207921119924186,0.06160444867647366,0.14304492487681594,0.053440585388871614,0.11770329730116882,0.21008348137700653,0.04748691146480838,0.02200766694794026,0.0,0.05766448583471083,0.1556085913125152
2024-08-06,0.06512968946941948,0.05928513823192559,0.05848781599853679,0.1486405525055531,0.05555400286025813,0.12184685053309555,0.20746336025708634,0.04857680026195965,0.02207797287482937,0.0,0.05510893032513923,0.1578288866821967
2024-08-07,0.06326856268155234,0.05834455613408433,0.057029511132040585,0.14126191846384398,0.051733945818508174,0.11650408076189918,0.19985875198638306,0.04802701311358556,0.021989393993520956,0.033693161531229934,0.05401318481383676,0.1542759195695151
2024-08-08,0.06310039757133136,0.05836665824285293,0.056975237382970285,0.1411305111207798,0.05178742610149876,0.1162276618587754,0.20077191032075917,0.048372133390237756,0.02200675876752854,0.0329420635840731,0.05390935324422795,0.15440988841496492
2024-08-09,0.0601643444747583,0.05736185367654671,0.055174043550897035,0.1425499203122591,0.05223701274268795,0.1177400851226061,0.20019600165026627,0.04865848040437311,0.02202999738965784,0.03341625757742824,0.05429991097677651,0.15617209212174277
2024-08-12,0.06017961874973827,0.057614966646912714,0.055172011761890925,0.14221187388380305,0.05200501255642892,0.11702415707044696,0.20040860594807694,0.04886647697873241,0.022087670880073133,0.03344508188577179,0.05443795998281196,0.15654656365531314
2024-08-13,0.059904229790819524,0.05714413909138346,0.05457896972287616,0.1423373026785531,0.051575465354065105,0.11790367024228761,0.20364271759315059,0.04744443750101496,0.021983232915430948,0.031816010593657296,0.05368272428411163,0.15798710023264972
2024-08-14,0.05897842867025966,0.05621754647336511,0.05461023960667463,0.1433133914085705,0.05207141793196539,0.11751331023930991,0.20353093217254595,0.0480740152790243,0.022249495846330042,0.03204533859883791,0.054091244006555496,0.157304639766561
2024-08-15,0.05877950697496574,0.056054067885656,0.054438430964673344,0.14420641162529158,0.05209653198949245,0.11699154196280237,0.20259351943238432,0.04857591268643742,0.02373473502688025,0.03185331874573943,0.0539493638590715,0.1567266588466055
2024-08-16,0.05758042406064552,0.05566498016337203,0.05426850598306411,0.14332110058508493,0.05217776172839948,0.11720673515702777,0.20405343033881207,0.04895529501092493,0.023552863428013625,0.03198848258347035,0.054591256193028445,0.15663916476815665
2024-08-19,0.05797645672993726,0.05590002474382877,0.05417511634282161,0.1441594643924803,0.05257724988037743,0.11780753463963767,0.20414060619072363,0.04766221188961191,0.023546701736740984,0.032061665640080346,0.05495928821014597,0.15503367960361406
2024-08-20,0.07061103810959472,0.06818696596142126,0.06594545166794726,0.17705383034717065,0.06436444492992596,0.14453062948968304,0.25232334933039385,0.059884365472912725,0.029318654446415553,0.0,0.06778127024453509,0.0
2024-08-21,0.07008110186313316,0.06736621387526714,0.06501080731711427,0.17551767491158296,0.06358252677378687,0.14406198351224103,0.2537448240252275,0.060993429067680675,0.029188868930387787,0.0,0.07045256972357848,0.0
2024-08-22,0.0701325712243233,0.06713839620084117,0.0648574696158186,0.17509403579514268,0.06347495379082063,0.1438929204717347,0.25512498234478953,0.06085299212680663,0.029157024679187574,0.0,0.0702746537505351,0.0
2024-08-23,0.0663853879099237,0.06381767022419325,0.06104562646010499,0.1676864494401417,0.06116624870897364,0.1386047840857124,0.2496096300760052,0.057697061829550554,0.029181355821334957,0.03721608010411252,0.06758970533994701,0.0
2024-08-26,0.06635455426775401,0.06372629080866513,0.0610460759339048,0.16909234809223084,0.06218883246685307,0.14011041678330982,0.24804545113665616,0.057811819577876955,0.02869052773090271,0.036667841327854375,0.06626584187399222,0.0
2024-08-27,0.06641059865288848,0.0636373219876513,0.060443700422417694,0.1695613252764749,0.062174359445623974,0.1407843940879202,0.24789691058883018,0.057566320673339395,0.028898139664101798,0.03577151307528827,0.06685541612546383,0.0
2024-08-28,0.06634211256481036,0.06354482901559944,0.060553168630620484,0.1688855060635441,0.061806466582652396,0.1402887453617778,0.2487649655101764,0.05736256889254623,0.0289773604087863,0.03529030228949414,0.06818397467999221,0.0
2024-08-29,0.06548515238736936,0.06295369087537717,0.06030494666358377,0.17025585131633075,0.06246885484833294,0.140903683086295,0.24828672001181118,0.056848172215617124,0.028433332079151205,0.03656276505124888,0.06749683146488258,0.0
2024-08-30,0.05793034950561109,0.05566195087938627,0.05435237533172075,0.15107724709081383,0.05573557412336591,0.12488247591307353,0.22007189920012585,0.050636153848578655,0.025612463536954237,0.0,0.05971598440579302,0.14432352616457692
2024-09-03,0.05808300592747956,0.055761293784418776,0.05540744587616667,0.15047419633398731,0.05516625860125984,0.12436859193087449,0.22171748048078382,0.0507070539001665,0.025520138571731393,0.0,0.05933813500992,0.14345639958321163
2024-09-04,0.06577815795629471,0.06449672531800493,0.06336443710794488,0.1765537921148515,0.06393927431587948,0.1469265887167555,0.2578897147086152,0.06007696814218328,0.03080546052786018,0.0,0.07016888109161029,0.0
2024-09-05,0.06387215424204853,0.06322335415059462,0.06226401352707843,0.18124882146088225,0.0635068851499525,0.14732006415593643,0.2509730463731815,0.0656295395044273,0.032765438305952826,0.0,0.06919668312994572,0.0
2024-09-06,0.0640364758189013,0.0634085873108052,0.06260820427133314,0.18177865197472617,0.0639940298754224,0.14728962805811796,0.24912543020159658,0.0658932313518861,0.03271678295016901,0.0,0.06914897818704205,0.0
2024-09-09,0.053462578362499215,0.05325125612171112,0.05216525680018485,0.1565157941830957,0.05521813352744609,0.1267827907921594,0.21244726056139432,0.05606690123230067,0.027659147653701394,0.0,0.05942692557462488,0.14700395519088255
2024-09-10,0.05291513131018246,0.05314043240085853,0.052018584285073846,0.15742963196630994,0.05506722067765003,0.12772627564102512,0.21374545569245115,0.05573142167900345,0.027465909367814068,0.0,0.05889428120626549,0.1458656557733659
2024-09-11,0.05266354985966413,0.05382657603624273,0.0517943616951946,0.15842670370384465,0.055633055304386315,0.1280012449738788,0.21122776832110496,0.05597788275794508,0.027668467356261356,0.0,0.057829509722161214,0.14695088026931613
2024-09-12,0.0607180202506923,0.06317537320199049,0.05995331266602909,0.18403207008099204,0.06497265485532533,0.14880638637076254,0.25279271305199463,0.06589208754171359,0.03251322602251276,0.0,0.06714415595798724,0.0
2024-09-13,0.060552971390319586,0.06278031677271928,0.05969163059650536,0.1860306470601725,0.06541238434467161,0.1507255300609948,0.2521077155808767,0.06437931161274961,0.03101873566744911,0.0,0.06730075691354168,0.0
2024-09-16,0.06036317493379408,0.06272623057514491,0.05990238322721377,0.18665458669885432,0.06570495306886898,0.15120668444762378,0.25226602717353735,0.06389342804015428,0.030482255270597485,0.0,0.06680027656421113,0.0
2024-09-17,0.06026541549862054,0.062266151832847096,0.059719195938207674,0.1868454407611484,0.06556106321621714,0.15136000197756505,0.2512632243049628,0.06444163588964712,0.03140503801187762,0.0,0.06687283256890675,0.0
2024-09-18,0.060202756959240204,0.062295376272194905,0.059699543595628776,0.1861662347219779,0.06522924854217742,0.1511290535182104,0.25086916966298717,0.06592032079598709,0.032381787718153046,0.0,0.06610650821344316,0.0
2024-09-19,0.06052536327719069,0.06282745536715802,0.05994232023362435,0.18479541308651196,0.06443149017085664,0.14982406812145194,0.25341936934190934,0.06571931818779127,0.03201004887958221,0.0,0.06650515333392353,0.0
2024-09-20,0.05963686580984533,0.06127207220492676,0.05828774833798939,0.18606732281669003,0.06474168116417946,0.15095495630297226,0.25339824932746235,0.06519624834448254,0.0319219076642912,0.0,0.06852294802716075,0.0
2024-09-23,0.05891123730386309,0.06031009293705296,0.05760914960692233,0.1877048890640844,0.0653337253438819,0.15256173186824526,0.2539175315013851,0.06451719071937435,0.031491840387331445,0.0,0.06764261126785925,0.0
2024-09-24,0.059096854944947715,0.0604698039203733,0.05756977423086307,0.1882019096513779,0.06553385843149317,0.15263994870527825,0.2519538688926955,0.0652730096172664,0.03141239471486276,0.0,0.06784857689084199,0.0
2024-09-25,0.05858358125854957,0.05972810079064111,0.052690033679212656,0.19159976834053294,0.06756838892407166,0.1558555250436788,0.25334495088490677,0.06376037139321065,0.029539878612987534,0.0,0.06732940107220854,0.0
2024-09-26,0.05834688828465859,0.059324787878616114,0.05205638378319345,0.19382402173153862,0.0692859859381719,0.15537319421950185,0.25139346680744856,0.0634641223603759,0.029391008841430654,0.0,0.0675401401550643,0.0
2024-09-27,0.058576400130212085,0.057360680014427484,0.048383675247386494,0.19511786230247377,0.0697269947515872,0.1581543217275481,0.2529893998684648,0.06356795101258879,0.02943422063794899,0.0,0.06668849430736211,0.0
2024-09-30,0.058040567913884136,0.05704695591376728,0.04835787463414152,0.19613245601349247,0.07004619935277351,0.15965875974012775,0.25217901966116757,0.06282749591910602,0.02960282973408401,0.0,0.06610784111745567,0.0
2024-10-01,0.04995877584669934,0.049102572802114344,0.04091550202517104,0.17002630382480788,0.06031972887845374,0.1378460737760836,0.2175765389255402,0.05422181439442856,0.025585914670797457,0.0,0.05667397039428531,0.1377728044616186
2024-10-02,0.04978895119821608,0.04916767233852569,0.040992654694081775,0.17015438670111158,0.060303192978400345,0.13717693267588935,0.21825641496198106,0.055121668727476966,0.02575833990401525,0.0,0.05640695591349151,0.13687282990681057
2024-10-03,0.04866920190006622,0.04811755607249363,0.03935306296449671,0.16551402142245975,0.058525018623688155,0.133913617466666,0.21446494606288108,0.05386420078701625,0.025071150631870782,0.02519114978230316,0.0549717607992062,0.13234431348685224
2024-10-04,0.04963300142727275,0.04906506806516706,0.039544173351445076,0.1641888699957608,0.05855746607297782,0.13154935857407923,0.21473189721336086,0.05452789644647773,0.025362654606878077,0.024642954633316404,0.05506316850640206,0.1331334911068622
2024-10-07,0.04962289579890121,0.04893259916470779,0.03942234188352731,0.15999981312463613,0.05792132214132631,0.13025675939219455,0.21634729023856833,0.05583368851205283,0.025507420279272,0.02460393766662205,0.05914421133545114,0.13240772046274044
2024-10-08,0.04988219761931701,0.04970519144866859,0.03972148697576982,0.16033041643235307,0.058171758378921835,0.12993531007549475,0.21209552775641097,0.05626810647319508,0.02585576060521131,0.0241926380972254,0.05923388630962169,0.13460771982781047
2024-10-09,0.0494813646678601,0.049930278724536266,0.03861112081106177,0.16184485563414508,0.05899574414285143,0.13220376960782013,0.2106876732354474,0.055733083339490286,0.02524764100941019,0.023346735121524874,0.059316512111681534,0.13460122159417104
2024-10-10,0.049053164499501735,0.04963101988331192,0.03828638623111893,0.16123079168583138,0.059573624912359784,0.13284875330843154,0.2120891083036546,0.05713141357665266,0.025266058961159608,0.023215260245001045,0.05970130400603274,0.13197311438694403
2024-10-11,0.049745568021891715,0.049603024269558815,0.038730726109539974,0.16066247831642164,0.059281259447465505,0.13228330358772145,0.21201581724749605,0.05692046175162195,0.025604807396174278,0.02284402547309023,0.05907724145736267,0.13323128692165565
2024-10-14,0.04962254495621531,0.04964028573768753,0.03863764139542342,0.16100318470846645,0.05922099253060162,0.13322124018825557,0.2114131636162629,0.05636282946740975,0.025517266586961473,0.02272839445965447,0.058661348911923664,0.13397110744113785
2024-10-15,0.050519588466706844,0.05067521329983924,0.03949807841927032,0.16441878177926475,0.060528735225326376,0.13699774410663287,0.2157011841107653,0.05978393205911163,0.026132863986858847,0.0,0.05959710280732466,0.13614677573889888
2024-10-16,0.05070233790464704,0.05002949299629808,0.03873307106247383,0.1631104249141516,0.059804248568218935,0.13597131698735673,0.21943426233242105,0.05994225676815081,0.026200541625548857,0.0,0.059530686261085465,0.13654136057964777
2024-10-17,0.05076389744946784,0.05023543750368725,0.038897063066962105,0.1633391244190796,0.059847114410817685,0.1358734718373767,0.21936007542292635,0.05999282663635255,0.02622779440670265,0.0,0.0590552597735883,0.1364079350730389
2024-10-18,0.05318715655604668,0.05080025906102726,0.03924518993901851,0.1605687317396599,0.0587086035241716,0.13386604468085847,0.22213877848862956,0.05989061596603369,0.02621459761075426,0.0,0.0600920127593805,0.13528800967441967
2024-10-21,0.056665274868641154,0.05398912203625118,0.04158156786608246,0.17124582939211833,0.0,0.14278507638336757,0.23472508272249556,0.06549879268339501,0.026833850584021417,0.0,0.06375252521823113,0.14292287824539623
2024-10-22,0.058287013390508895,0.05505055731590352,0.042434159194184994,0.16873186325453648,0.0,0.13861170979274817,0.2342970062043348,0.067340238973228,0.027368371999166644,0.0,0.06359778874081301,0.14428129113457547
2024-10-23,0.0582932497289606,0.055006672052684516,0.04246894867162784,0.16905436234420404,0.0,0.1388886585678062,0.23380866873237202,0.06687375469310539,0.02703712781990377,0.0,0.06373017605170513,0.1448383813376305
2024-10-24,0.058481623053212285,0.05506413031963633,0.04283771639714885,0.1697758368157101,0.0,0.13925738636510337,0.23180325672610402,0.06634377253404847,0.026678514536474414,0.0,0.06438698945055003,0.1453707738020122
2024-10-25,0.059006872684120075,0.055117765316139496,0.043213684507192894,0.17087762412829224,0.0,0.1391730638188035,0.23008206687725347,0.06736061994306733,0.02650880312956528,0.0,0.06371162714107001,0.1449478724544958
2024-10-28,0.05979420322623928,0.058170117551865096,0.04357906962801032,0.17103597954300065,0.0,0.13811481924093313,0.22951032880882424,0.06695673489956169,0.02638322567960214,0.0,0.06287516229387824,0.14358035912808517
2024-10-29,0.05955089124888293,0.05671114171532097,0.042145833896317916,0.18368149101881173,0.0,0.1392560133985068,0.22269920544574526,0.06402333099001596,0.025194084278456347,0.0,0.06001866664847716,0.14671934135946504
2024-10-30,0.06431903855719978,0.057305817334241865,0.04253867342434807,0.17579484904417647,0.0,0.13384609243390788,0.2304837531955362,0.06254282483188794,0.0252051239689162,0.0,0.06371346356720302,0.14425036364258265
2024-10-31,0.06361017018493953,0.05609595169446116,0.04159842716111134,0.1796068167857242,0.0,0.1352937311262781,0.22883994112533426,0.06245278192708911,0.02464566030244371,0.0,0.06585937555110458,0.141997144141514
2024-11-01,0.06095239572072345,0.05640619209494201,0.04187386108577354,0.1830744145229834,0.0,0.1380914565022838,0.22730484162071626,0.06048631295274436,0.02433707357492242,0.0,0.06397913838508454,0.14349431353982614
2024-11-04,0.06449406296537918,0.057693709282382696,0.042811478196170656,0.17916228159798678,0.0,0.13450737821302644,0.23140653928379382,0.06120314965068023,0.02440654381143307,0.0,0.06303844922219305,0.14127640777695416
2024-11-05,0.060920563371636705,0.05458240935491653,0.04044589574755288,0.16828036690159853,0.06259175783428197,0.12485780501487499,0.21651563392510903,0.057824109930521846,0.023065115761911663,0.0,0.05882607549690402,0.1320902666606918
2024-11-06,0.06434904679016357,0.058041154562914685,0.04302468693880786,0.180195836652893,0.0,0.13263841185794029,0.23029916215609436,0.0640887273257534,0.024916167964687614,0.0,0.062457261563668015,0.13998954418707718
2024-11-07,0.06391230595007868,0.060648131555634456,0.0444161850127733,0.17897812689383025,0.0,0.13307136587848326,0.2458880120171128,0.05872655678959649,0.02474379887145778,0.0,0.06142269964242581,0.12819281738860727
2024-11-08,0.061791202603768317,0.05750618010980675,0.04210454388396359,0.1646224013306808,0.06071498020512422,0.1212107574364236,0.23316427306630175,0.056305164265578814,0.023905562307855677,0.0,0.05878590182782214,0.1198890329626744
2024-11-11,0.06799435887020987,0.061006464637844746,0.04348272752731988,0.17770697045905542,0.0,0.12909237124569667,0.24817184232034628,0.05962559148126985,0.025569069897640358,0.0,0.06132583124005879,0.1260247723205581
2024-11-12,0.0722540201720807,0.0,0.04634686635910893,0.1891446315809111,0.0,0.13752386578081485,0.2660402620388708,0.0623586428503174,0.027192881056071084,0.0,0.06492471821378538,0.13421411194803962
2024-11-13,0.07409083755889825,0.0,0.04648869137108651,0.1875290820118089,0.0,0.1352813832968313,0.2624933893189837,0.06299009996285201,0.02779747484844276,0.0,0.06502984392578143,0.13829919770531515
2024-11-14,0.0740680239035965,0.0,0.04647394956256915,0.18909155927695373,0.0,0.13486645428773103,0.2628330181131425,0.06227259172650102,0.02760258204687835,0.0,0.06479793576418373,0.1379938853184438
2024-11-15,0.07355462893877508,0.0,0.04644523957139985,0.18996216460544713,0.0,0.1353004952109926,0.2618653189141117,0.0622426154549215,0.027585683973848366,0.0,0.06434704878293719,0.13869680454756664
2024-11-18,0.072072010975085,0.0,0.04658354108952235,0.19139178168461357,0.0,0.1354339992551129,0.2615007226364361,0.06284125469482435,0.02764125011627766,0.0,0.06405051081849153,0.1384849287296365
2024-11-19,0.07117182809024229,0.0,0.04586397168187524,0.1909292280266143,0.0,0.13427144340678607,0.2661398946921742,0.060050008338750314,0.027029428559834055,0.0,0.06550982302335556,0.13903437418036804
2024-11-20,0.07115500757885969,0.0,0.046017107161755506,0.19029124469584358,0.0,0.1338464456187843,0.26784760344215314,0.059657807959756726,0.027012618686036518,0.0,0.0653047857347365,0.1388673791220741
2024-11-21,0.07117375396696131,0.0,0.04603128855197069,0.19032482893132927,0.0,0.13362637745205566,0.2678291329791843,0.05956314732010844,0.026905362760040075,0.0,0.06531997464058441,0.139226133397766
2024-11-22,0.07128524163966231,0.0,0.0460213477986089,0.1899639364309545,0.0,0.13347704845971317,0.267571312142726,0.05948565813936289,0.027181950789145187,0.0,0.06493086358108098,0.14008264101874598
2024-11-25,0.06696599055227874,0.0,0.04324962473173755,0.17850796489079537,0.06190247406603461,0.12546346579821516,0.25156234769627883,0.05526720209818467,0.02544860508834165,0.0,0.06075887296022472,0.1308734521179087
2024-11-26,0.07028556362075947,0.0,0.04499242854092266,0.17279555571254523,0.06023043850821417,0.12191520169197365,0.2558238241719085,0.053364368388491026,0.026159473548042274,0.0,0.06252554868967451,0.13190759712746836
2024-11-27,0.07409113175598094,0.0,0.04527752577159727,0.17258740823915766,0.061035332544363864,0.12016912198608191,0.25666682367498367,0.052633649815066054,0.02620918812514904,0.0,0.06147341386448002,0.12985640422313957
2024-11-29,0.07383776652932092,0.0,0.04517716831984849,0.17409025649583162,0.06176503776589904,0.12123288441864571,0.25809896780281216,0.05251332543275384,0.02605320047000069,0.0,0.06115129849881229,0.12608009426607517
2024-12-02,0.0693438105003602,0.05947518100522559,0.04246718225192524,0.16229475722934814,0.057536274835725515,0.11326243338333172,0.24584129209341496,0.0493473265939809,0.024566290911385343,0.0,0.05741534494312552,0.11845010625217686
2024-12-03,0.07303357773844714,0.061553734919467765,0.04309338072874972,0.16158386338124933,0.05711725793486286,0.11242493191326837,0.24532636542264724,0.04894402913111644,0.02484491395297826,0.0,0.05569536309787121,0.1163825817793417
2024-12-04,0.07384790394848006,0.06182625443789291,0.043056679107231835,0.16089738363196354,0.05666144998957933,0.11165851631146635,0.24632100607439797,0.04876467667481461,0.02468941996447974,0.0,0.055958235266000675,0.11631847459369304
2024-12-05,0.07365371798775695,0.0619929629440999,0.043090557988581864,0.1606834841588056,0.05620201152652881,0.1108691445677325,0.24668353609259547,0.04878320879558967,0.024659584564187497,0.0,0.05716206654321657,0.11621972483090504
2024-12-06,0.07462009109247289,0.06217956367832664,0.04317794796565959,0.1608840907532967,0.056231986152584824,0.1110464247641515,0.2469403884608565,0.04861233655829818,0.024708610349547407,0.0,0.05723271365994434,0.11436584656486148
2024-12-09,0.07506534460153504,0.06256005517068378,0.04319354629829661,0.15916372442265825,0.05611849553538603,0.11045699446867374,0.24591111965657345,0.04960554704938259,0.025532795769220823,0.0,0.057167451765727524,0.1152249252618622
2024-12-10,0.07458280489732606,0.06254142180711422,0.0421495002588853,0.15873462056975443,0.0557171563333097,0.11056840128876493,0.24745634018113874,0.04954951569501111,0.025551554235866844,0.0,0.057773360124532366,0.11537532460829622
2024-12-11,0.07408605547155098,0.06233846082383803,0.041344561617409445,0.15910805264244923,0.05609023210389975,0.11117040045181548,0.24929257127541832,0.04876318366563205,0.02547265570190375,0.0,0.05643663132496368,0.1158971949211194
2024-12-12,0.08352003572614627,0.0,0.046930635377697864,0.18019536782964948,0.0,0.12599421021726276,0.2831794254588222,0.05523740076227604,0.028948723310691434,0.0,0.06437467384407125,0.13161952747338274
2024-12-13,0.08383403669316322,0.0,0.047272130145786524,0.1807464321029633,0.0,0.1262994587882527,0.2805400464397963,0.05494381939767323,0.02906858472526061,0.0,0.06489176742228066,0.1324037242848234
2024-12-16,0.08758316238569346,0.0,0.04830530805040964,0.1783036207464783,0.0,0.12448655160435079,0.2787930399057646,0.054962790955409443,0.029385968625476967,0.0,0.06457282879263297,0.13360672893378375
2024-12-17,0.08764707350808874,0.0,0.04828660690625332,0.17828067177480172,0.0,0.12457405249961168,0.2780629376518096,0.05569246649922863,0.02950802044986793,0.0,0.06467254126296479,0.1332756294473735
2024-12-18,0.09166579537861785,0.0,0.0,0.18735413341903068,0.0,0.13096030915720275,0.29159487215698837,0.05847303381967666,0.031176230005888893,0.0,0.06869593153976945,0.14007969452282545
2024-12-19,0.11233961650748436,0.0,0.0,0.25870858529848123,0.0,0.0,0.35030767373436966,0.08276903382548126,0.0,0.0,0.0,0.19587509063418354
2024-12-20,0.08095569181524202,0.0,0.055201939248208876,0.18722505269240258,0.0,0.1286267564511794,0.25227245311441476,0.05957824851493167,0.03327192511659556,0.0,0.060049901737411635,0.1428180313096136
2024-12-23,0.09250376522162126,0.0,0.07124331793035892,0.21598515960402478,0.0,0.0,0.2789541664585782,0.06878458736654336,0.03848430716118505,0.0,0.06830035926553883,0.16574433699214963
2024-12-24,0.08020606278747557,0.0,0.061730329667965066,0.18864274161680444,0.0,0.12988533715013542,0.24253057766345368,0.060020580927592215,0.03359720266914915,0.0,0.059324721461537715,0.14406244605588672
2024-12-26,0.0793670293086791,0.0,0.06300202916906833,0.18915093986210108,0.0,0.12970358328878764,0.24012420638128026,0.06045579998689866,0.03386800055109214,0.0,0.059580797588637234,0.14474761386345547
2024-12-27,0.09605700829549564,0.0,0.07562596536966958,0.2273946108293717,0.0,0.0,0.2845515541895776,0.0725677285621484,0.0,0.0,0.07122373573554468,0.17257939701819253
2024-12-30,0.08785329188045736,0.0,0.0,0.21175338664163298,0.0,0.14516825861159063,0.26124657217839403,0.06733531602751688,0.0,0.0,0.06594961358148554,0.16069356107892258
2024-12-31,0.09678332623676371,0.0,0.0,0.2363733714661121,0.0,0.0,0.2945427480564653,0.07553130339446983,0.0,0.04178292820375621,0.07430468932227208,0.18068163332016085
2025-01-02,0.09669652851420998,0.0,0.0,0.2413146266847072,0.0,0.0,0.29264597302518053,0.074697459706684,0.0,0.04141863153040328,0.07326178225562345,0.17996499828319154
2025-01-03,0.09738780833537002,0.0,0.0,0.24223339950339415,0.0,0.0,0.296495359391602,0.07341452910366933,0.0,0.042365116022676994,0.07297491475287156,0.17512887289041595
2025-01-06,0.08543792414257838,0.0,0.07705499589572122,0.21495856421348655,0.0,0.0,0.2633646974311154,0.06491495134350633,0.03755832702389156,0.0392262947044739,0.06367395600700007,0.1538102892382264
2025-01-07,0.13354307830155182,0.0,0.0,0.0,0.0,0.0,0.4099130698040907,0.10151479097365206,0.058490069197406784,0.0611805738014568,0.0,0.23535841792184192
2025-01-08,0.1320204456893054,0.0,0.0,0.0,0.0,0.0,0.4066457794819249,0.10230975190748427,0.059379845439558716,0.06330722310918743,0.0,0.23633695437253924
2025-01-10,0.13209990632733512,0.0,0.0,0.0,0.0,0.0,0.40783258676391937,0.10268645847720839,0.05953725172572488,0.06289049273774389,0.0,0.23495330396806854
2025-01-13,0.14041176319566642,0.0,0.0,0.0,0.0,0.0,0.4288623489329631,0.11085121778930361,0.0,0.0657279611721905,0.0,0.2541467089098764
2025-01-14,0.1410347333634465,0.0,0.0,0.0,0.0,0.0,0.42760398498818497,0.10975691238932521,0.0,0.06849707000409366,0.0,0.2531072992549497
2025-01-15,0.13342878745265088,0.0,0.0,0.0,0.0,0.0,0.4043928763891919,0.10360452629643724,0.06010158058312146,0.06461251816012373,0.0,0.23385971111847467
2025-01-16,0.09268400321854887,0.0,0.0,0.2344857537518212,0.0,0.0,0.27020751624624467,0.07472218801392125,0.04253412238392652,0.04545395327342604,0.07121700323311163,0.16869545987899975
2025-01-17,0.09237442348253709,0.0,0.0,0.23262824062577966,0.0,0.0,0.2701458116978995,0.0747778709666283,0.046911686595363385,0.045287746382345104,0.0690099432598628,0.1688642769895842
2025-01-21,0.06667899331554092,0.07588838917477281,0.06437352189584064,0.17561994455110055,0.0,0.12047110679498761,0.20051565432693685,0.054420097423651524,0.03408918974985627,0.033064882074493096,0.05150203219690444,0.1233761884959153
2025-01-22,0.06738233903216719,0.0731391736525448,0.06467952820233303,0.17730015966125626,0.0,0.12112612794012373,0.2037105181644995,0.05493283963606078,0.035416306944823936,0.03379400979999673,0.05118653700526777,0.11733245996092619
2025-01-23,0.07691439723293678,0.08383119501857746,0.07339522302891328,0.20079341859884536,0.0,0.0,0.2325621900402455,0.06275910940612511,0.04131734738616012,0.03820028391501758,0.057153308071499244,0.13307352730167948
2025-01-24,0.06736172881928966,0.07322715984566329,0.06436429102086717,0.1765098112002778,0.0,0.12077376279470729,0.20537173318421703,0.055309468921944056,0.03617865656663058,0.03332935740389198,0.049977944075380296,0.11759608616713081
2025-01-27,0.071997910039649,0.0781844366109883,0.0,0.1889963518291645,0.0,0.1292872935589554,0.22010408261107128,0.05905525320894983,0.038672950212393045,0.035878703098189725,0.053689898251934744,0.12413312057870395
2025-01-28,0.06621100918939744,0.0742847729414125,0.06278364098203296,0.17412620873029105,0.0,0.11968718613162589,0.20836828240207236,0.05516575362253869,0.03620815748489864,0.036203936956851146,0.050010681459866986,0.11695037009901241
2025-01-29,0.0658072976164326,0.07444032007040985,0.062446964866944184,0.17436882619872998,0.0,0.11973842083870066,0.20837434999609997,0.05537750517567894,0.03680466931184934,0.036304339402942164,0.049764637040624275,0.11657266948158818
2025-01-30,0.06557735456113582,0.07472453770943091,0.06281587917520123,0.174086324360381,0.0,0.11948440162388785,0.20870429738778448,0.055332632988649204,0.036790763327515,0.03654420692734519,0.04927137069760281,0.11666823124106657
2025-01-31,0.06833877517440838,0.07371579722399108,0.06105626186316711,0.17322152567746302,0.0,0.11901893565401002,0.20969221687623954,0.05520933229660361,0.03700932903629866,0.03705336971366957,0.04935861661897185,0.116325839865177
2025-02-03,0.07246851128908958,0.07749496233959527,0.0,0.18598775205648002,0.0,0.12754582421405075,0.22179254378464833,0.058833225595942056,0.039421367548906516,0.03976766541875388,0.05288767589424311,0.1238004718582905
2025-02-04,0.06733928206364254,0.07111009065528806,0.05999270520812141,0.17603542602016212,0.0,0.12149729013702276,0.2080543630370745,0.054884508607272654,0.03680816095498805,0.038397015621583895,0.04980748270693548,0.11607367498790858
2025-02-05,0.06824352781244963,0.07097537353723113,0.05940398412207031,0.17679360950225445,0.0,0.12271602727568375,0.20816679115372907,0.054687447375900596,0.036459931002140886,0.038504885006386914,0.05054538576818117,0.11350303744397215
2025-02-06,0.07113565785477531,0.06995151970645207,0.058318750291434136,0.17641657932471017,0.0,0.12186335185132485,0.20113065912125172,0.05729293504984437,0.03793875521216356,0.03686249444292477,0.049750729209789506,0.11933856793532961
2025-02-07,0.06951950428455711,0.06980381674110142,0.059346197345535735,0.1796295769755827,0.0,0.1252518569308308,0.1981728295877212,0.05671170784224952,0.03766056749348841,0.035711565775812235,0.04878492088428264,0.1194074561388382
2025-02-10,0.06856654020156042,0.07054927988751493,0.06291013061964823,0.17772140248979543,0.0,0.1244606852216709,0.19543989837023687,0.05679593919321408,0.038021804153574916,0.036116151402121086,0.0493471066700429,0.12007106179062027
2025-02-11,0.06792633754799103,0.06988807124477435,0.06205423560357378,0.17786410524781757,0.0,0.12416427269427031,0.19436144385208995,0.058670167404603506,0.03838551479453813,0.03681413609732205,0.04923570816949986,0.12063600734351954
2025-02-12,0.09595110476094963,0.1038481462397732,0.0911349452454377,0.0,0.0,0.0,0.27954440738358993,0.08340688360725669,0.05402837244177799,0.05179534716499829,0.07023817672831764,0.17005261642789893
2025-02-13,0.06689005236466296,0.07295871739251937,0.06380297104221055,0.1753390124300145,0.0,0.12571162987148554,0.19396154996922754,0.059099071394187824,0.03801640997874722,0.035221866851947434,0.048882737390156306,0.12011598131484064
2025-02-14,0.06749263633720243,0.07279192874605232,0.06490022949067599,0.17281526686003537,0.0,0.12434212802511191,0.19451133264209328,0.05984575110528796,0.03869307020127843,0.03586154185632555,0.0495923526228833,0.1191537621130535
2025-02-18,0.06931570184089327,0.07323322171867584,0.06469531458640598,0.17140146914871415,0.0,0.12387318161734864,0.19491108226093612,0.05837659137123015,0.03888353552173495,0.03656285148297847,0.04964868833838031,0.119098362112702
2025-02-19,0.06928371844963532,0.07293720673552306,0.06525001282676864,0.168867713483922,0.0,0.12293821230887567,0.19485881304420052,0.05874355141525199,0.03956428714469484,0.0377292703049932,0.049699562991985975,0.12012765129414874
2025-02-20,0.06937694024837142,0.07161217309343763,0.06525800344158096,0.1689547502475806,0.0,0.12322093888654885,0.19523004469971644,0.059054793497218906,0.0395728033206593,0.03771542782852631,0.0498145978649986,0.12018952687136086
2025-02-21,0.06932271134472606,0.0718205082533859,0.06490120220071982,0.1692591553376137,0.0,0.12354315069215085,0.1957430936457828,0.05927478984437069,0.04005066842619163,0.03783890555363384,0.04984980888270553,0.118396005818719
2025-02-24,0.06733581131058275,0.07185026532143376,0.06539891256865221,0.16841076019288642,0.0,0.12405469303044489,0.1963728682106385,0.05999556376389315,0.04009101514416173,0.03698961166088976,0.05015604030079323,0.11934445849562346
2025-02-25,0.06544903957853122,0.07000951325159473,0.061780097727718745,0.16372079565647102,0.06252500925901307,0.12052582683011014,0.19107684354584156,0.05910049422289843,0.03935020927105339,0.0,0.04899353430825712,0.11746863634851054
2025-02-26,0.06389732298968298,0.06801141581927721,0.06042461136261954,0.1656143290244657,0.06395754797427176,0.12299555093479486,0.1883573157484001,0.06283665171529737,0.039310569677279736,0.0,0.048071298279026925,0.11652338647488375
2025-02-27,0.061830525442186424,0.06604390274702222,0.05788202983208128,0.15984061994831253,0.061530212338600926,0.11880717394478714,0.18235497528894756,0.06059394702939318,0.03794313727837681,0.03453490503217125,0.04638436312980995,0.11225420798831083
2025-02-28,0.060396163160741236,0.0651837157431808,0.05576745947312082,0.16130489132620307,0.06188945867935661,0.11918108787038513,0.1840415437165201,0.05897073931786475,0.037820960938365046,0.03428300879484048,0.046767209755680356,0.11439376122374156
2025-03-03,0.061157281901267194,0.06912885906272623,0.05672998040061196,0.166789246326763,0.06386240185301127,0.12475394117763472,0.19028763132240628,0.061158201063547725,0.03973602043232422,0.0,0.048289298509248756,0.11810713795045859
2025-03-04,0.059734334505216764,0.06873968647368064,0.056851196983198946,0.16768724057163026,0.06428765575310101,0.1254019798180908,0.19088187611882587,0.06143367540351033,0.03970081775607687,0.0,0.0493299357901853,0.11595160082648322
2025-03-05,0.06334853262709256,0.07410056316204773,0.06071863812841337,0.17976915932187645,0.0,0.13487538835259041,0.20511853206524142,0.06565161330030678,0.04312491307683639,0.0,0.05261457799632349,0.12067808196927146
2025-03-06,0.06385746943911777,0.07029234189818587,0.057199325843975656,0.18227309838570438,0.0,0.1379589353229772,0.20959631287804736,0.06675785684467211,0.0426216012617169,0.0,0.053027758959679254,0.11641529916592346
2025-03-07,0.06253709274738592,0.06985070248788328,0.057601950397510676,0.18351963788746534,0.0,0.13843165144183858,0.20795930696205445,0.0675574113238641,0.04293190625332384,0.0,0.051183332186586446,0.11842700831208744
2025-03-10,0.0,0.07371503762154404,0.06133650015255099,0.1966915947067217,0.0,0.14785801332919077,0.22172155481611291,0.07203335904481994,0.04602290704369532,0.0,0.05443269104973521,0.12618834223562933
2025-03-11,0.0,0.06976327062795769,0.06119878320214444,0.196668222183386,0.0,0.1490115758106643,0.22103922173104756,0.0725336781566784,0.04732213755348788,0.0,0.05477278486826892,0.12769032586636475
2025-03-12,0.0,0.0750778753890037,0.06633672419730145,0.20795982518036865,0.0,0.15620066249834702,0.23285747844751872,0.07770066368881545,0.04863199952083995,0.0,0.0,0.13523477107780504
2025-03-13,0.0,0.07503009056372045,0.06629675212772158,0.2074893912254527,0.0,0.15617788743421615,0.23268991780044254,0.07825016897650638,0.04852003186841135,0.0,0.0,0.1355457600035289
2025-03-14,0.0,0.07536960051946617,0.06638717579766024,0.20915320499449647,0.0,0.15774506744561226,0.22748989985550738,0.07830314184377123,0.049988737589711306,0.0,0.0,0.13556317195377496
2025-03-17,0.0,0.0692989748950484,0.061261589435341025,0.19974942387872646,0.0,0.15153099589045005,0.21297812939305283,0.0758198884608417,0.04800176966406,0.0,0.05303823841525385,0.12832098996722568
2025-03-18,0.0,0.06904330653787367,0.06042699063737408,0.2003788169980272,0.0,0.15192708344215747,0.2133568337766975,0.07600281655157094,0.04817674028396601,0.0,0.05235793339081783,0.12832947838151518
2025-03-19,0.0,0.06913428743782037,0.060353021886446596,0.2004165125854361,0.0,0.15164330473618098,0.21380056651248902,0.0755751710824754,0.048211624524429134,0.0,0.05237893357081281,0.12848657766390956
2025-03-20,0.0,0.06496284009659772,0.055233456737347385,0.18388510119825552,0.06985259450290068,0.14139224332486286,0.20082228442994965,0.06999582236153686,0.04503822084796378,0.0,0.05098456754663572,0.11783286895394969
2025-03-21,0.0,0.07301648638677467,0.06210777751456164,0.21031571825671724,0.0,0.16308776698797778,0.2274716862202043,0.07923704469801042,0.05137472453764153,0.0,0.0,0.1333887953981122
2025-03-24,0.0569022852073746,0.06418027737706962,0.054738752821619246,0.18614199162579334,0.0,0.14475370754030845,0.20813931834632915,0.06953357829863914,0.044995519932581864,0.0,0.05251302347627091,0.11810154537401368
2025-03-25,0.058680243645897905,0.06802548093319596,0.05794326172886261,0.19581849748153654,0.0,0.15213304794169139,0.22078912103536658,0.07357961775009297,0.04755473360116107,0.0,0.0,0.12547599588219505
2025-03-26,0.0,0.06552004440352631,0.05583336419291363,0.1888802220214699,0.0,0.1472804945665816,0.21475504348468707,0.07091862616518459,0.045012220652484496,0.03797307952336931,0.05238031130556939,0.12144659368421365
2025-03-27,0.0,0.06826516142871485,0.05932893790662129,0.1997375118366135,0.0,0.1552430237362209,0.2251799518964793,0.07562083774102604,0.047917813827797195,0.040442970375528214,0.0,0.12826379125099868
2025-03-28,0.0,0.07093570711217018,0.0616535669752568,0.20834202325231527,0.0,0.16278578313039962,0.23620493741790302,0.07817676252800647,0.04902680349029403,0.0,0.0,0.13287441609365463
2025-03-31,0.0,0.06455535391232368,0.0550553654341053,0.18759805053044162,0.0,0.14745514492259196,0.21529547930707785,0.07158690196545321,0.044955418139187346,0.03861280187963786,0.053398860012515294,0.12148662389666601
2025-04-01,0.0,0.059628851400145455,0.051448617342992047,0.17524065913950795,0.06797607849157354,0.1381320024737519,0.200832391736655,0.06581823727389446,0.04204584026483173,0.034691062699138034,0.04982513485271351,0.11436112432479638
2025-04-02,0.0,0.05959432425697815,0.05129362171115627,0.17315495843365644,0.06726206129743457,0.13699202364491056,0.20033470912047338,0.06640511633978861,0.04238225464839651,0.034966904110673734,0.049998930791218726,0.11761509564531301
2025-04-03,0.0,0.07981921145490144,0.0,0.23167585232445956,0.09018876061096308,0.18383008415949995,0.2675992408904862,0.09017958418056363,0.05670726637912613,0.0,0.0,0.0
2025-04-04,0.0,0.0,0.0,0.3097024347713748,0.12288978363948887,0.25116420657489863,0.0,0.12159378265555403,0.0,0.0,0.0,0.1946497923586837
2025-04-07,0.0,0.0,0.0,0.5120194594967651,0.0,0.0,0.0,0.18292318623029416,0.0,0.0,0.0,0.3050573542729408
2025-04-08,0.0,0.0,0.0,0.4842546762764207,0.0,0.0,0.0,0.1866707257228115,0.0,0.0,0.0,0.3290745980007679
2025-04-09,0.0,0.0,0.0,0.33194589693366794,0.0,0.0,0.31367208593613877,0.12815153886283412,0.0,0.0,0.0,0.22623047826735912
2025-04-10,0.0,0.0,0.0,0.643088731445869,0.0,0.0,0.0,0.22553328159516348,0.13137798695896755,0.0,0.0,0.0
2025-04-11,0.0,0.0,0.0,0.0,0.0,0.0,0.0,0.6231615945990524,0.3768384054009477,0.0,0.0,0.0
2025-04-14,0.0,0.12091962129034639,0.0,0.572555626849659,0.0,0.0,0.0,0.19021268291253782,0.11631206894745681,0.0,0.0,0.0
2025-04-15,0.0,0.08872089447401543,0.0,0.41345365974702286,0.0,0.0,0.27305735241714285,0.13928825368174846,0.08547983968007018,0.0,0.0,0.0
2025-04-16,0.0,0.08859295867896945,0.0,0.4127577555726663,0.0,0.0,0.272546721297935,0.1399625670682414,0.08613999738218786,0.0,0.0,0.0
2025-04-17,0.0,0.08997806480671176,0.0,0.4149587579504931,0.0,0.0,0.27449753508551566,0.1337847882239152,0.08678085393336413,0.0,0.0,0.0
2025-04-21,0.0,0.09006339023979039,0.0,0.41627690989638866,0.0,0.0,0.2728959388649136,0.13381110021192993,0.08695266078697754,0.0,0.0,0.0
2025-04-22,0.0,0.09171763343599813,0.0,0.41417971186806823,0.0,0.0,0.2754162766840305,0.13000101166057992,0.08868536635132333,0.0,0.0,0.0
2025-04-23,0.0,0.09113869749714415,0.0,0.41606652845705877,0.0,0.0,0.27565008786345757,0.12828428520023022,0.08886040098210927,0.0,0.0,0.0
2025-04-24,0.0,0.0670801532512185,0.06699218998166277,0.3108464560266888,0.0,0.19814234002291276,0.20152879473401114,0.09153238992597931,0.06387767605752674,0.0,0.0,0.0
2025-04-25,0.0,0.06783579614258374,0.06788732902568023,0.3103357644121955,0.0,0.19618443847582767,0.20039339618275284,0.09246090901530794,0.06490236674565221,0.0,0.0,0.0
2025-04-28,0.0,0.06810175881494411,0.06815934845986663,0.30969660898863793,0.0,0.19587648009192762,0.20121404388494987,0.09211509596295211,0.06483666379672179,0.0,0.0,0.0
2025-04-29,0.0,0.06815729676306788,0.06862930656976471,0.30851536901229504,0.0,0.19563815817428137,0.20114829406687898,0.09211349497643655,0.06579808043727531,0.0,0.0,0.0
2025-04-30,0.0,0.0683655514715747,0.06888497065622246,0.3088364963970952,0.0,0.1960111625710964,0.20097971669920484,0.09131179636390178,0.06561030584090446,0.0,0.0,0.0
2025-05-01,0.0,0.06889940486097762,0.069203423004488,0.30943688761097027,0.0,0.19546734144229186,0.20017769392490511,0.09110309947710607,0.06571214967926117,0.0,0.0,0.0
2025-05-02,0.0,0.08605488208371094,0.0870086060966423,0.38376466209170074,0.0,0.0,0.24990014072482022,0.11074941177967328,0.0825222972234523,0.0,0.0,0.0
2025-05-05,0.0,0.08567749694775095,0.08528143645425469,0.3847582146005727,0.0,0.0,0.25049637784975615,0.11117198732975431,0.0826144868179112,0.0,0.0,0.0
2025-05-06,0.0,0.08610112360464457,0.08559051669572727,0.3860220233635627,0.0,0.0,0.25178749976601345,0.107840889654587,0.0826579469154652,0.0,0.0,0.0
2025-05-07,0.0,0.06929860432076294,0.06862204339361423,0.3108680555789378,0.0,0.1991312520495743,0.20247694087387222,0.08408849264554658,0.06551461113769208,0.0,0.0,0.0
2025-05-08,0.0,0.0867176902092335,0.08580359948360575,0.3885630669473723,0.0,0.0,0.25352179745507764,0.10466886052829441,0.08072498537641631,0.0,0.0,0.0
2025-05-09,0.0,0.08731851837317428,0.08646839302279209,0.3860187003383976,0.0,0.0,0.2553582851641016,0.10342284780780013,0.08141325529373443,0.0,0.0,0.0
2025-05-12,0.06414560669432835,0.08112658340147887,0.0803230055948497,0.3651399792860822,0.0,0.0,0.23758017251455427,0.09601977745710077,0.07566487505160577,0.0,0.0,0.0
2025-05-13,0.06330746693208471,0.08180826428915812,0.07981120515729431,0.3714701095809944,0.0,0.0,0.23431502717903263,0.093269936125605,0.07601799073583072,0.0,0.0,0.0
2025-05-14,0.10049907203364468,0.12998302671776224,0.12698027317433774,0.0,0.0,0.0,0.3721508104034294,0.14980555637820248,0.12058126129262349,0.0,0.0,0.0
2025-05-15,0.06305875703285715,0.08155995840362822,0.07962583567920789,0.37473074439688464,0.0,0.0,0.23270506605791608,0.09288478531766663,0.07543485311183952,0.0,0.0,0.0
2025-05-16,0.051371160737993894,0.06652747051922744,0.064898269887822,0.3000049427793475,0.0,0.19132608985538785,0.18952063749093298,0.07509873719293024,0.06125269153635811,0.0,0.0,0.0
2025-05-19,0.051353462564828416,0.06655946498966045,0.06503951562817424,0.30035362988629144,0.0,0.1914619942979839,0.18951768588498022,0.07458406756979653,0.06113017917828485,0.0,0.0,0.0
2025-05-20,0.06357144452018909,0.08193976185666842,0.08011858353897879,0.3738089792239914,0.0,0.0,0.23360527448340343,0.09143487639682857,0.07552107997994038,0.0,0.0,0.0
2025-05-21,0.1017476404263578,0.13109784066306937,0.12916488948252172,0.0,0.0,0.0,0.37388472438165127,0.1448728275687517,0.1192320774776482,0.0,0.0,0.0
2025-05-22,0.10147822344596844,0.13138794643826743,0.12938064515250894,0.0,0.0,0.0,0.3710352301125775,0.14627024456396023,0.1204477102867174,0.0,0.0,0.0
2025-05-23,0.06364501308452777,0.08239549318134659,0.08130641419038749,0.37370876169060846,0.0,0.0,0.23258336904916732,0.0913264444375622,0.07503450436640026,0.0,0.0,0.0
2025-05-27,0.051691393193745404,0.06699089991271455,0.06657255830277815,0.30229091553690296,0.0,0.18933463280176988,0.1883567780533855,0.07371198112710703,0.06105084107159647,0.0,0.0,0.0
2025-05-28,0.06373836459561127,0.08246250313027093,0.08287763732614317,0.37384169567003206,0.0,0.0,0.23144888530218755,0.09019856875785905,0.07543234521789599,0.0,0.0,0.0
2025-05-29,0.051968650575039056,0.06674390165323746,0.06737163193848116,0.30371679297573384,0.0,0.18744115198754238,0.18795403865433638,0.07342089367285455,0.06138293854277519,0.0,0.0,0.0
2025-05-30,0.0522053118295763,0.06686278415822032,0.06759864163719365,0.3027064769059122,0.0,0.1872826770165487,0.18825076399856033,0.07364170205974452,0.061451642394244006,0.0,0.0,0.0
2025-06-02,0.05207536399991938,0.06762033736814449,0.06872416499219247,0.3024421477206149,0.0,0.18652432698947347,0.18742023938328392,0.07312220449900277,0.062071215047368726,0.0,0.0,0.0
2025-06-03,0.052651188356270695,0.06806060437651636,0.06909524521832924,0.3029308536256179,0.0,0.1875831372942601,0.18910532234186475,0.07214523425140236,0.05842841453573858,0.0,0.0,0.0
2025-06-04,0.052652087709568425,0.0680809765667892,0.06913116259478005,0.3031229794980127,0.0,0.1876890535737681,0.18907667770477207,0.07183588082479676,0.058411181527512665,0.0,0.0,0.0
2025-06-05,0.053389024499454596,0.0693603410640469,0.07019996225986144,0.3007149196041744,0.0,0.18584526305265867,0.1896291615285846,0.072089740240803,0.05877158775041641,0.0,0.0,0.0
2025-06-06,0.05329957510870572,0.06921495888090115,0.07008818764215576,0.3010092548374325,0.0,0.18680991610592645,0.18951797040910257,0.07195731001975156,0.05810282699602421,0.0,0.0,0.0
2025-06-09,0.053498329392013266,0.06961890534020602,0.07046723136168893,0.2993188702948757,0.0,0.18649851556975555,0.19047278861541408,0.0717135164524207,0.05841184297362595,0.0,0.0,0.0
2025-06-10,0.05352050364137014,0.06949920196252864,0.07014887778995585,0.29957717916028015,0.0,0.18583607965996418,0.19138946892714057,0.07203293656280604,0.05799575229595438,0.0,0.0,0.0
2025-06-11,0.05127187612755782,0.06675307141902047,0.06734824140066036,0.2849423475977173,0.0,0.17663755976604573,0.1827262583345837,0.06854522764541464,0.05514666980212989,0.04662874790687014,0.0,0.0
2025-06-12,0.05141642915502083,0.06711470254297044,0.06806561952123841,0.28403149216015283,0.0,0.1768319371512817,0.18332707730792677,0.0687074906682315,0.055162205301909795,0.04534304619126773,0.0,0.0
2025-06-13,0.051693084884117155,0.0671999155280531,0.06833064474032757,0.28280129747689575,0.0,0.17632944140362436,0.18399214501362882,0.06885190002081132,0.05530207415747993,0.04549949677506188,0.0,0.0
2025-06-16,0.051832569821538346,0.06704612503186612,0.06795289008461596,0.28307806617249165,0.0,0.17687320518100985,0.18601209230840937,0.06884206401330446,0.05552570845545178,0.04283727893131235,0.0,0.0
2025-06-17,0.05184264154967322,0.06730535777060653,0.067985742568117,0.28279064290517864,0.0,0.1770472108470269,0.18622148566336502,0.0683347549532119,0.05570594124395096,0.04276622249886989,0.0,0.0
2025-06-18,0.051919329089155544,0.06725307705175239,0.06783677000921617,0.2824674748514713,0.0,0.17725715131778208,0.18689825096406704,0.06878888515061157,0.055793309731630644,0.04178575183431324,0.0,0.0
2025-06-20,0.05201979823372983,0.06701519695714837,0.06761865357155732,0.28393089409788624,0.0,0.17740329514871034,0.1864798277004722,0.068513326015885,0.05530054816506077,0.04171846010954989,0.0,0.0
2025-06-23,0.04848614322020455,0.06231501643858604,0.06297148877735037,0.264682890035604,0.0,0.1653875844186048,0.17351913930848664,0.06386951145442533,0.05159022331300103,0.038860285320645706,0.06831771771309171,0.0
2025-06-24,0.048632397538129014,0.06270624908016677,0.06305001201353218,0.2655390129432684,0.0,0.1661011053742301,0.1745031806398915,0.06396655954363957,0.05162744788502242,0.036006432159244414,0.06786760282287566,0.0
2025-06-25,0.052363429378177236,0.06736385464507057,0.06670703555934385,0.2840431106280162,0.0,0.17844125628370786,0.18820890595055753,0.0685907343847696,0.05626468905350605,0.03801698411685109,0.0,0.0
2025-06-26,0.05241773031143781,0.06693977531458341,0.06703719116145405,0.286864481455163,0.0,0.17820929455101686,0.1868895730277606,0.06810418114721131,0.05580513624148669,0.03773263678988613,0.0,0.0
2025-06-27,0.05242764120212276,0.0670047254408911,0.06704263673442949,0.28639978462324545,0.0,0.17792600077805593,0.18673473948149125,0.06851430977737451,0.05573815718787514,0.038212004774514356,0.0,0.0
2025-06-30,0.05243900799989402,0.06691836654486781,0.0669991565030874,0.2871694825896618,0.0,0.17830393309434392,0.1869046984813048,0.06772344513305692,0.05531728700393243,0.03822462264985108,0.0,0.0
2025-07-01,0.05265900568577243,0.06718026222316835,0.06726155486001498,0.2859659490483198,0.0,0.1780494210233573,0.1872306611507717,0.06772302544371192,0.05552176087365579,0.03840835969122762,0.0,0.0
2025-07-02,0.050582303420745454,0.062090004656153636,0.06222167750969812,0.2638062696649702,0.0,0.1617690022318212,0.17778709108843901,0.061525933436461976,0.05545306576250349,0.03685290340315065,0.06791174882605612,0.0
2025-07-03,0.052588606415386506,0.0711756020249059,0.06716364679040297,0.24992127729033148,0.0,0.1533958916618165,0.180172512277077,0.05951762673043201,0.059546799713464875,0.036386718041909426,0.07013131905427339,0.0
2025-07-07,0.05319921512996742,0.07478950915445172,0.07345885981218397,0.28117499789662387,0.0,0.17098618985564945,0.18780273921616172,0.0611836539759273,0.06017927252939934,0.037225562429635,0.0,0.0
2025-07-08,0.05296868020334961,0.0733414529608872,0.07263374462474688,0.2812419702823417,0.0,0.17567511761985707,0.18651471213983556,0.06052666100374438,0.05946462009743285,0.03763304106780475,0.0,0.0
2025-07-09,0.06812128940069899,0.09502923197128232,0.0826476737309616,0.23972341293212077,0.0,0.16190490063557172,0.21290386009224868,0.05359453103730923,0.05213594097713844,0.03393915922266834,0.0,0.0
2025-07-10,0.06687403377691709,0.08498316921939404,0.07212335964006268,0.21013348455102465,0.0,0.1519829211433572,0.22292563184213665,0.04603804733905414,0.04368087978463086,0.0291352441138334,0.07212322858958926,0.0
2025-07-11,0.06707821880162308,0.08983402260821588,0.0773949252490448,0.20700951084030828,0.0,0.1495657114354862,0.21933145915598704,0.04591706771116763,0.04372284595656628,0.028529235435884447,0.07161700280571641,0.0
2025-07-14,0.06693181817338324,0.08858446972346831,0.07721855809700524,0.20819639029533174,0.0,0.14814740826608994,0.22104405151013773,0.04569548722161003,0.04172091074341035,0.028207641818922213,0.07425326415064132,0.0
2025-07-15,0.07223304431975776,0.09602271223443609,0.08323068867067338,0.22474187798199796,0.0,0.16110983203743834,0.23876017211465672,0.04919315422018506,0.044604152835346404,0.030104365585508212,0.0,0.0
2025-07-16,0.07052584419355029,0.08723482026985376,0.07873527550372884,0.2078563698810885,0.0,0.14900782893795333,0.2180880267350157,0.04754645589317319,0.04114596423802253,0.027958882702562953,0.07190053164505085,0.0
2025-07-17,0.06995752738179273,0.08753001383427578,0.07828019878595749,0.2071238640677439,0.0,0.14787577134289195,0.22094336857808008,0.047147131051522975,0.040929021717302116,0.027969809771483157,0.07224329346894971,0.0
2025-07-18,0.07269527950081085,0.0849352384502596,0.07535824264693561,0.20646424952157977,0.0,0.15072895794004007,0.22273469164594883,0.04746141216811566,0.03941186345002818,0.02695573209906347,0.07325433257721792,0.0
2025-07-21,0.0760335327365236,0.08839431070046912,0.07529719061820135,0.20304562445506155,0.0,0.1483691923331286,0.22120550984439374,0.04710959869611121,0.03894254977690132,0.026532657422077992,0.07506983341713162,0.0
2025-07-22,0.07698669744825637,0.08751382208466103,0.07528014273799427,0.2010649875445059,0.0,0.14739951621758474,0.2237261351974931,0.047569670401017075,0.03964694058973996,0.026473557561363017,0.07433853021738447,0.0
2025-07-23,0.07792627214663102,0.0863639847677364,0.07343935222426,0.19870875451515851,0.0,0.14921001514349252,0.23488005597553793,0.04619146344897908,0.03819103625080197,0.025547433277622628,0.06954163224977972,0.0
2025-07-24,0.07811576513417667,0.07932312953726134,0.07337111377239174,0.20085530863114376,0.0,0.15159416675393564,0.2359591756645538,0.04630845553616781,0.038879574127251695,0.025677392824362436,0.06991591801875505,0.0
2025-07-25,0.07815201999261397,0.07868922768667247,0.07282407105592759,0.20224539627924473,0.0,0.15175423319467912,0.23499937746583546,0.04670498215660775,0.03880023670447478,0.02582988645568197,0.07000056900826217,0.0
2025-07-28,0.07819418182512394,0.07851266775434394,0.07246878237793057,0.2026338137163978,0.0,0.1511842879041325,0.23610700215152952,0.04667152582419677,0.03810718680342703,0.026046139260408333,0.07007441238250967,0.0
2025-07-29,0.07759017985813406,0.07468527039042956,0.07122621959759014,0.20096535398164425,0.0,0.15175038532956908,0.24592242603437564,0.04636722167660789,0.0379607888681521,0.02613240254535182,0.06739975171814541,0.0
2025-07-30,0.07806597675937431,0.07525357450030767,0.0717037344848966,0.1983728723095141,0.0,0.15073079720468188,0.24765296357065264,0.04779694650177713,0.038330009342038354,0.02595283787194459,0.06614028745481262,0.0
2025-07-31,0.08455227873049757,0.08272785936798525,0.08271183185829059,0.21338700185632542,0.0,0.15871041486462692,0.2617041059143681,0.049734523772310774,0.03899937747764499,0.027472606157950406,0.0,0.0
2025-08-01,0.07828870145568433,0.07485597052332663,0.07610557694830256,0.19750697388028568,0.07539266396757517,0.14662407750214124,0.24161668542868767,0.048104053789869664,0.036004420971512366,0.025500875532614774,0.0,0.0
2025-08-04,0.07247280129059587,0.07168279528902366,0.0724338017948905,0.17810187540057534,0.07037372759497607,0.13561041613700645,0.23211831658593873,0.047175223844656965,0.035094438487050024,0.02447906319428294,0.06045754038100341,0.0
2025-08-05,0.07099717588400241,0.07052719639527676,0.07367433097403017,0.1789685321463737,0.07073640486247659,0.13618623884525716,0.23035819630600746,0.04791411186874262,0.035984155634182405,0.024563163102308504,0.060090493981342245,0.0
2025-08-06,0.07005951466589158,0.06999992991163197,0.07298736624239066,0.1823100937434993,0.07128300620514881,0.13713234993075252,0.2279114980383487,0.04868390695447921,0.03555555314457174,0.024569400722019633,0.05950738044126593,0.0
2025-08-07,0.06988547277633039,0.06989227704483762,0.07321563604180632,0.1823756024346069,0.07095222163221526,0.13723938818627635,0.22801328441240248,0.048853407795484124,0.03567323040976901,0.024513703853265546,0.059385775413005944,0.0
2025-08-08,0.08397046523773315,0.07134249517059053,0.0796230393771526,0.18969635817708355,0.07384728123885034,0.14084176814502988,0.2710558928985125,0.052994723259065006,0.036627976495982255,0.0,0.0,0.0
2025-08-11,0.08176214748099789,0.0693998791783266,0.07766575285610923,0.18458002192225476,0.07206436928107691,0.13643218227351336,0.26552079720204924,0.051776046863224456,0.0358268632982708,0.024971939644176704,0.0,0.0
2025-08-12,0.0888988219597351,0.07569414523988345,0.08495052405552318,0.20330318562330724,0.0,0.15121895295242674,0.2992201011006261,0.05749564104150546,0.03921862802699284,0.0,0.0,0.0
2025-08-13,0.07599671001363668,0.06534103580580261,0.07220957242990068,0.18097436619882706,0.06893785773580226,0.13409435915278645,0.2586386932209821,0.05072759471835847,0.034074731479808947,0.0,0.05900507924409458,0.0
2025-08-14,0.07961450883704767,0.06799484714933149,0.07410713343548447,0.18694328268845037,0.07135685873877695,0.13841253759666966,0.2676591216472361,0.05364752243589726,0.03553259710590776,0.024731590365198265,0.0,0.0
2025-08-15,0.08321422629018527,0.07177040869819705,0.07524480615254253,0.1935045863158129,0.0,0.14341222263105438,0.2750378797829145,0.056553594485320935,0.03675740602833091,0.0,0.06450486961564154,0.0
2025-08-18,0.08876408215366563,0.07633336042586517,0.08020953681585552,0.20627001420585897,0.0,0.15320987576406234,0.2934189963769729,0.0619915924500858,0.039802541807633735,0.0,0.0,0.0
2025-08-19,0.08323026537526573,0.06740869035455366,0.07039795318828229,0.1901455974056047,0.0,0.1456006658714222,0.2883180068918866,0.05465996809469036,0.03507928036652668,0.0,0.06515957245176789,0.0
2025-08-20,0.0804491176035171,0.06583291874436673,0.06801320083967918,0.18640921663897103,0.0,0.14385328818211657,0.2825914182407079,0.05360925459716359,0.03405279721107214,0.023488209393231922,0.06170057854917373,0.0
2025-08-21,0.0811298559646615,0.06560523904126003,0.06782351014695524,0.18610265461011036,0.0,0.1434675491978462,0.2817028285551907,0.05539911075920979,0.03388007991324441,0.023380785434273795,0.06150838637724795,0.0
2025-08-22,0.07889138641081453,0.06013206992228368,0.06103824524512971,0.1691964768738089,0.06499567562598207,0.1336226745294185,0.27199642637567195,0.05125776913282033,0.03057611827152203,0.021076045315382857,0.05721711229716551,0.0
2025-08-25,0.08647728409655256,0.06777352365672452,0.06634528945452083,0.18734060388303025,0.0,0.14701739444481704,0.267131789629815,0.0574939627186751,0.034374086570390504,0.0238987952982778,0.06214727024719634,0.0
2025-08-26,0.0862223032276679,0.06626181980250742,0.06613715662013024,0.18943002744497126,0.0,0.147993974065545,0.2651219993212506,0.05785289069121009,0.034413265183305786,0.023985097860636916,0.06258146578277479,0.0
2025-08-27,0.08612586196518678,0.06615571048020534,0.06765214570476648,0.18996189650226208,0.0,0.14836391372515828,0.2632321060471863,0.0577954521042609,0.03456192832362193,0.02371361458014056,0.06243737056721132,0.0
2025-08-28,0.07945298662628172,0.06153596551851695,0.06193619199999209,0.1763371889775177,0.06944524011787566,0.13743098457746641,0.24194249113079963,0.0572858458207317,0.03522877420476377,0.022225223742033996,0.0571791072840204,0.0
2025-08-29,0.08548541100985374,0.06656017692213896,0.0663952625377548,0.1893176549489983,0.0,0.1473224306714303,0.26054349394638804,0.06167052532876582,0.03757095391274035,0.023828574371986915,0.06130551634994272,0.0
2025-09-02,0.08399774751058722,0.06589803880451765,0.06675043007070823,0.19436812496072423,0.0,0.14940147499334977,0.2571432653401456,0.06095698636715817,0.036956690505428644,0.023707877349899202,0.0608193640974812,0.0
2025-09-03,0.07773936938752891,0.06062174072619904,0.06240165731342551,0.18130237655469716,0.0704464055820679,0.139254960782202,0.24226764417111182,0.05384049064785257,0.03528222800647011,0.02192436983280023,0.054918756995644843,0.0
2025-09-04,0.07834805372774131,0.0603050619563548,0.0619824166900837,0.18470698446540101,0.07068403398618509,0.13971108193161463,0.2383761025614341,0.05445116831443894,0.03508730911489849,0.021660168778268183,0.054687618473579565,0.0
2025-09-05,0.08001097342416395,0.061898176292421885,0.06432230722101275,0.1879470080855165,0.0723159699849822,0.1409721732335557,0.24368893605719735,0.0561087783946838,0.036572357165911853,0.0,0.05616332014055386,0.0
2025-09-08,0.0807508286318904,0.062336523645972926,0.06400659871464305,0.18639137359717373,0.0705448247731557,0.13932698379601471,0.2476362731283118,0.055730339840520754,0.036921146316483126,0.0,0.056355107555833846,0.0
2025-09-09,0.08127727340369625,0.061875844674635604,0.06372408497065346,0.18692855998007588,0.06900856204638109,0.13957971344751469,0.24854580092184836,0.05540742559042222,0.03716206978072096,0.0,0.05649066518405163,0.0
2025-09-10,0.07931106852133436,0.06053924358805405,0.06194850339475683,0.18290209961210885,0.06817762222599111,0.13760979137432744,0.24108288479403034,0.054627354712825746,0.03601562200216736,0.02266400736078876,0.055121802413615244,0.0
2025-09-11,0.08223067719858264,0.062038144785572055,0.06438503125486532,0.18614506230336247,0.06911501456931156,0.141434779711481,0.24748791110035212,0.05543458741618866,0.03602017394105566,0.0,0.055708617719228616,0.0
2025-09-12,0.08263283458173391,0.061361114101001875,0.06391914087678399,0.18751724833667843,0.07024236987687499,0.1407394970832436,0.24680220044844134,0.056913871527299965,0.03593848676815691,0.0,0.053933236399784985,0.0
2025-09-15,0.08189149382287922,0.06058220806973236,0.06385880010183276,0.1821653951991292,0.06909757949389901,0.136063532729414,0.23888257628051368,0.05503143099064263,0.035103855505354074,0.025228969735927788,0.052094158070675356,0.0
2025-09-16,0.08199066789838871,0.06055420264640564,0.06386698446669518,0.1825603444253985,0.06933379922464725,0.1360591573022904,0.2375731311931661,0.05500780088023678,0.035558900890136906,0.025200148374639807,0.05229486269799475,0.0
2025-09-17,0.08181898117945688,0.06107003474781706,0.06397468571584093,0.18186722836697988,0.06914209502049065,0.1352521399460792,0.239237816093151,0.05481693252017333,0.035981914698584305,0.024926294247011836,0.051911877464415085,0.0
2025-09-18,0.08266386446963117,0.06089702556235519,0.06397068417133915,0.18022151032536435,0.0687237188284913,0.13424974511750656,0.2379189536455222,0.054046095342119925,0.03489927100257876,0.029615075092373717,0.052794056442717854,0.0
2025-09-19,0.08592613246664829,0.06299081773532493,0.07158668379435264,0.18385445306220266,0.06893454624344801,0.13737996067692185,0.24314844239107136,0.056689685672937404,0.035775954218399596,0.0,0.05371332373869329,0.0
2025-09-22,0.0854841848839897,0.0630227202073141,0.07122834517483978,0.18347798145780722,0.06872027199482066,0.13720463375217137,0.24289081307004018,0.05604383997306851,0.034834836953695034,0.0,0.057092372532253625,0.0
2025-09-23,0.0832024652298594,0.061763246960068616,0.06895924660907392,0.1778208836089568,0.06640661269836401,0.13261059291448088,0.23752789262878987,0.05270667523522936,0.03295119466352432,0.030914192052627517,0.0551369973990254,0.0
2025-09-24,0.08200611796527424,0.062022198612319834,0.0690107671418327,0.17893566712632317,0.06611813164243413,0.13221433396044324,0.2360556304184015,0.05499605871866227,0.03366128484637314,0.030251442538329454,0.05472836702960635,0.0
2025-09-25,0.08134284733185491,0.061245742695964715,0.06827908116058343,0.17979184472223292,0.06653697725887513,0.1317873512751038,0.23950615645976858,0.05445406512966345,0.03339107148478822,0.02975303252350996,0.05391182995765491,0.0
2025-09-26,0.08124121172100107,0.06117515429155015,0.06805903049973783,0.18073338773839198,0.06706521496500743,0.13232322731014712,0.23707542775780005,0.055132670131390886,0.03263041171332304,0.03002847375244716,0.05453579011920318,0.0
2025-09-29,0.08103803998265613,0.060759205455275626,0.06802620152256007,0.18128037272353417,0.06760196758122143,0.1322769732269325,0.23690170389391063,0.05512245056772198,0.03245092233391339,0.03056452725588398,0.05397763545639026,0.0
2025-09-30,0.08214382735752591,0.06078719682184729,0.06754523212706827,0.18249271414754353,0.06770093754872034,0.13253383596444246,0.23638437132448653,0.05440074773478507,0.032364978762789896,0.029556626740214212,0.05408953147057656,0.0
2025-10-01,0.08426745563989732,0.06237482950634814,0.07127305389902025,0.1877572694861677,0.06936251180037714,0.1374054567375267,0.2455053955801431,0.05455689674982124,0.032580210771492826,0.0,0.05491691982920575,0.0
2025-10-02,0.08418586485393552,0.062216750631766744,0.07098502400894695,0.18675439779563213,0.06933386927459434,0.13742637354266946,0.24599931861654353,0.055636619941006056,0.03255621167168668,0.0,0.054905569663218357,0.0
2025-10-03,0.08381513743222896,0.06196743566194748,0.07029047668952382,0.18823141351609998,0.06979322794558213,0.1385466468251454,0.24623433449140325,0.05481812579117686,0.032203431230077476,0.0,0.05409977041681472,0.0
2025-10-06,0.08398609897629968,0.061564372573951295,0.07040417527605866,0.18805739098809804,0.06982149579865705,0.1384245050395814,0.2464560710179064,0.05471516468992767,0.032230882455159884,0.0,0.05433984318435979,0.0
2025-10-07,0.08337339555046677,0.06188650067855547,0.06984343914203449,0.18971002339742007,0.07088960643427328,0.1400407959621505,0.2450935483219122,0.052711594036378255,0.03337758757551948,0.0,0.053073508901289444,0.0
2025-10-08,0.08317419207002888,0.06125013796028827,0.06887330247494056,0.19026509579467155,0.07097690236651438,0.1406123221878031,0.24488497558735786,0.05317631921032343,0.03332867702170327,0.0,0.05345807532636876,0.0
2025-10-09,0.07497848345666286,0.056218215874166734,0.06182902218429295,0.174223602101886,0.0646692596834185,0.12797854815404952,0.22463044784768987,0.047125700392128086,0.029567401133455535,0.0,0.04919970172476001,0.08957961744748988
2025-10-10,0.08764818687435194,0.06515025840334157,0.07071045226868307,0.20374741024767448,0.07584358282864516,0.1493867157242379,0.26017151753780315,0.05264526210841111,0.034696614006851534,0.0,0.0,0.0
2025-10-13,0.07353283400145012,0.06187567933045036,0.05733887555041835,0.20055444153423116,0.07269851461552879,0.14965454528431865,0.23991145954675305,0.05267380657028208,0.03460513548568566,0.0,0.057154708080881675,0.0
2025-10-14,0.07277528695637597,0.06335556469906256,0.05425073564467558,0.20643657549923214,0.0748008592904515,0.15331864245448842,0.23065020765164784,0.051948125347989114,0.03387642924751185,0.0,0.05858757320856482,0.0
2025-10-15,0.07256112629897878,0.063270847251326,0.0536973611207079,0.20710502775626233,0.07545246279152701,0.1533836367777514,0.23033964443518673,0.05246969125251926,0.033865282842083,0.0,0.0578549194736577,0.0
2025-10-16,0.07272437507605498,0.06359770716006173,0.05274520301408226,0.20831438614370562,0.07599424451028144,0.15435575999682663,0.22861199897307885,0.051921777487381075,0.03305535872560768,0.0,0.05867918891291965,0.0
2025-10-17,0.07278396084688608,0.06932213399724656,0.053049513922566044,0.20818823697307995,0.07611515344502,0.15456747844165397,0.22296144419088154,0.051378007070726914,0.03295466873731989,0.0,0.058679402374619036,0.0
2025-10-20,0.072924599174639,0.07049091944429522,0.05360999036242761,0.20870701481446036,0.07660720341897283,0.15522704227657896,0.22314051205024818,0.04985135822292641,0.0306057774155738,0.0,0.05883558281987758,0.0
2025-10-21,0.07234510892085377,0.07030752792511574,0.05330473638453123,0.20995180077773565,0.07737019181758875,0.1562970180279031,0.22349803303769442,0.04689189014316639,0.031508018077095454,0.0,0.05852567488831563,0.0
2025-10-22,0.07311848056169477,0.07380086599741034,0.05339258692137998,0.2133447149767173,0.07892997606459513,0.15890733105626587,0.22489931488554793,0.0366506404641692,0.02597390889131993,0.0,0.06098218018089955,0.0
2025-10-23,0.0715534162568909,0.07257253634489126,0.052451109836521514,0.21705399317070695,0.08177697636167833,0.16088086878066343,0.22047610293095984,0.03600354371926097,0.025532900273730494,0.0,0.06169855232469634,0.0
2025-10-24,0.07068838578515686,0.0726682966359062,0.05215954580156576,0.21728108649908343,0.08062883955392947,0.16175943560979383,0.21936767458651057,0.03640514519351487,0.026139949648726207,0.0,0.06290164068581287,0.0
2025-10-27,0.07026228606318248,0.07454663398921192,0.05227401052215348,0.21688040404855796,0.08049820964103999,0.16139615162565382,0.21705999139929444,0.036274320010156104,0.026115022645048537,0.0,0.06469297005570139,0.0
2025-10-28,0.07008181589736841,0.07143461280988482,0.050301683479577745,0.23517362277637519,0.08045831841059962,0.16522542669908835,0.20713723378516094,0.033804730421819196,0.02417141842201573,0.0,0.06221113729810998,0.0
2025-10-29,0.0679567613625077,0.06870107218635112,0.04734624584083599,0.22021130561235985,0.07533065579240177,0.1548412544601521,0.19614158203079415,0.031523391264076446,0.02265250954967982,0.0,0.0,0.1152952219008409
2025-10-30,0.06673723109149644,0.06628536959492068,0.04605367589471435,0.20352275898671507,0.07142272217823464,0.14516102526220137,0.18763948402290717,0.030646394675348295,0.02204717297802963,0.0,0.050099312785278044,0.11038485253015419
2025-10-31,0.06577816225575175,0.06680942395486916,0.04577305902652462,0.20351101291395413,0.07200059873071632,0.1419730161662473,0.18796467306846812,0.030566791596347495,0.02201625400978763,0.0,0.05072566596345445,0.11288134231387909
2025-11-03,0.06586431269512978,0.06762174008608071,0.04592047397490659,0.20391786495637348,0.07196018925457703,0.13996695230366138,0.18864434010904133,0.030553357024536272,0.0220047244055237,0.0,0.05079573381174471,0.11275031137842506
2025-11-04,0.0664221920924697,0.0680273941762989,0.04588405931035247,0.20497826733391422,0.0722274211055535,0.14040690739146794,0.1854170214347088,0.030572132763335234,0.021966235045434004,0.0,0.05120734217001687,0.11289102717644822
2025-11-05,0.06473058664711699,0.06701772346829692,0.044510459064957465,0.20592558132440378,0.07251041744550403,0.1410822976677395,0.18625014596995196,0.030558730394437985,0.02198555179184921,0.0,0.0517076166567622,0.11372088956897985
2025-11-06,0.06582994930301245,0.06843625231240202,0.04475808483031736,0.202658099928041,0.07092266172242814,0.13988471358562113,0.18736129677797692,0.03050105819494732,0.021864584535439237,0.0,0.051911926443013075,0.11587137236680152
2025-11-07,0.06435576276933641,0.06882724403627086,0.04491425778007853,0.20267547232179653,0.0708089701341657,0.14005170297701758,0.18923903962846333,0.030507591655651412,0.02194586168319916,0.0,0.05233240485586611,0.1143416921581544
2025-11-10,0.06384936488285062,0.06813337742566251,0.04524066899338909,0.2045503680611602,0.07114746039864543,0.14000545957646496,0.18996413644967852,0.030362538623905897,0.021918431755213987,0.0,0.05082517892771489,0.11400301490531402
2025-11-11,0.06188421397942934,0.06748812903705372,0.04444706909573664,0.20667759763939259,0.07249473710827363,0.14099535978471692,0.18806485054352365,0.029823578140608084,0.021384536497531862,0.0,0.051238291962692986,0.11550163621104056
2025-11-12,0.062084288031926824,0.0671426699987164,0.04465172523423371,0.20564198169319806,0.07273241464934906,0.1404742037102065,0.188784740469194,0.02995108396613828,0.021421194397890145,0.0,0.05119197736059332,0.11592372048855364
2025-11-13,0.062451262146314336,0.06670702751481948,0.04497336615823008,0.20597660742575657,0.0730320766073158,0.14020479000004446,0.18711516002195042,0.02983683107863198,0.021157939513801596,0.0,0.05246653339204046,0.11607840614109481
2025-11-14,0.06075953349546077,0.06657605403693664,0.04524655607916803,0.2061002876162751,0.07325103782411486,0.13984139855770947,0.18589124857611172,0.0303488174680483,0.021404899677492546,0.0,0.05267112235989246,0.11790904430879019
2025-11-17,0.060678989347289033,0.06668783585057439,0.04507589893759139,0.20683191113183957,0.07273751214655574,0.14006706020994647,0.18616109171960576,0.02971919418904502,0.020783644030091523,0.0,0.05243506549090076,0.11882179694656045
2025-11-18,0.058809910923644765,0.06392666192591655,0.043550456850852966,0.20766515880943337,0.06994767763892384,0.1403176867632953,0.19533591962745595,0.02813305864377144,0.019806163596413885,0.0,0.05189780676443722,0.12060949845585477
2025-11-19,0.06091613741642711,0.06688389002459261,0.04555509745974934,0.2184165574130734,0.07329130388204133,0.14775871299270343,0.20574400558943923,0.029418192790086214,0.02073852079149474,0.0,0.0,0.13127758164039252
2025-11-20,0.06097577512355698,0.06681623631263474,0.045550885626614676,0.21888798146210364,0.07324322107021233,0.14787832034351997,0.20751511006891962,0.029451398149855854,0.02075765005455625,0.0,0.0,0.12892342178802596
2025-11-21,0.05603447122100032,0.06154904000518627,0.04278606542344129,0.20856950577754046,0.06971391985561537,0.14083813785175656,0.19816870331035666,0.02807010436669597,0.019669357476213283,0.0,0.05167436869618395,0.12292632601601
2025-11-24,0.05587407148539798,0.059777170950363605,0.043207636752882764,0.20898792697292254,0.07084329605248264,0.14097462380556408,0.1962006956375323,0.028329444526040675,0.01981250623002602,0.0,0.05046913122300668,0.125523496363781
2025-11-25,0.05468223174035376,0.06020270021111319,0.04305606015234613,0.20918459593767455,0.0715337435346737,0.14149399776162797,0.19547640539638828,0.028233524360036337,0.019685853702795266,0.0,0.05066454846379801,0.12578633873919273
2025-11-26,0.05427467950028841,0.05952958880227992,0.042769017333910635,0.21118952733022728,0.0722186097883341,0.1417683561044863,0.19122396212870368,0.028490625367407933,0.019727217223729346,0.0,0.05148836621138362,0.1273200502092489
2025-11-28,0.05371597240569354,0.05803987272892969,0.042315514481790495,0.21352154053221944,0.07322288071901213,0.1435229333940597,0.19151255347812146,0.028255284950554963,0.01919428708108932,0.0,0.05095570345708557,0.12574345677144375
2025-12-01,0.05327839331604618,0.057625198235476266,0.04184850283908229,0.21574515797092159,0.07257650842454053,0.14709738427175129,0.1911412615914033,0.02785061984373182,0.018156954552281713,0.0,0.05057335297903919,0.12410666597572592
2025-12-02,0.0529690740143016,0.05726463387382669,0.042089715167405464,0.21465898703685032,0.07329343165297955,0.14783631901438218,0.18915831508909253,0.027859749275232274,0.017979176489161502,0.0,0.050359314162272614,0.12653128422449525
2025-12-03,0.05236868280298213,0.05737177315486236,0.04183076545351034,0.21677869995096163,0.07602807954239235,0.14792914583855785,0.1860547520163463,0.02753026165856879,0.017764084121018923,0.0,0.0499069932231852,0.12643676223761405
2025-12-04,0.05233513627366311,0.05728855589951642,0.04190188078245097,0.21758800383377117,0.07660613939177209,0.14778761141411356,0.1864779905967669,0.027541621958146315,0.017812141639413328,0.0,0.04989047825332622,0.12477043995705997
2025-12-05,0.05242922782042818,0.057324537909166896,0.04207683124810315,0.216290315986176,0.07675034223428058,0.1486963092400891,0.18671123402583367,0.02757354590817868,0.017573026922042875,0.0,0.049933447178327345,0.12464118152737365
2025-12-08,0.05220601039042771,0.05761458068828308,0.04211669778097122,0.2146609483511653,0.07643236467382811,0.15037140930712212,0.18617658552976346,0.027245009548317,0.017291306485204053,0.0,0.051597619924551245,0.12428746732036668
2025-12-09,0.052275650218893244,0.057861692245834664,0.04222200435954047,0.21440305526698708,0.07684362760383932,0.15064869178903487,0.18490322585191551,0.027303786386444723,0.017338147012336578,0.0,0.05151428658042185,0.12468583268475163
2025-12-10,0.05209993529340194,0.05787088920097658,0.042111146916869645,0.21405789021510035,0.07649369676706691,0.15126526684379846,0.18568708664098646,0.027197704368116273,0.016815784630513364,0.0,0.05113552786085797,0.12526507126231198
2025-12-11,0.05251245257993786,0.05756241472133306,0.04237623262164057,0.2117588460146665,0.07717281085578231,0.14945040146504557,0.1848080376762744,0.02752843869406578,0.017025242582892418,0.0,0.05181497951208178,0.1279901432762799
2025-12-12,0.052455388866834575,0.05740573616105483,0.04226370017858149,0.2131437518837816,0.07716778358707353,0.14943638608735824,0.18495984691051964,0.027530975476533815,0.017090435667580534,0.0,0.05159937836568783,0.1269466168149938
2025-12-15,0.051920374541831134,0.05748803013117321,0.04197449421750544,0.21339658240608617,0.07790889185661728,0.14509358930099392,0.1860882766731213,0.027723464815392132,0.01690830395097505,0.0,0.05192116009550628,0.12957683201079795
2025-12-16,0.05201641375155428,0.05738361530998861,0.04194774255151566,0.2129416625370086,0.07794570754420245,0.144912513190585,0.18601083072202929,0.027777963845271834,0.0168060885476084,0.0,0.05210276917830029,0.13015469282193545
2025-12-17,0.05207065672824732,0.05716834186036261,0.0418574982642628,0.21222814820322597,0.0775087826272017,0.14487617732494015,0.18601903516019766,0.02800364465177681,0.016846742079722647,0.0,0.051738144943246196,0.13168282815681617
2025-12-18,0.05140369166373092,0.056521464909120404,0.04165502401432339,0.2131196666331411,0.07864864355033509,0.14524224957976145,0.18562789802731347,0.02795927426224347,0.016541707572618528,0.0,0.05184626244291726,0.131434117344495
2025-12-19,0.05373708957343545,0.05938820337826682,0.04335095360901783,0.22332301145868066,0.08242757242277113,0.153072819939783,0.193565438917225,0.02951656770513403,0.017288651040887157,0.0,0.0,0.144329691954799
2025-12-22,0.050307984508177125,0.05619293845156118,0.04066544522892725,0.21024286070938564,0.07730104451634555,0.14362941541307367,0.18506066363170492,0.027800989323053443,0.016314859063811006,0.0,0.051746327006825465,0.14073747214713472
2025-12-23,0.05023733121331323,0.05655462466619753,0.04058035137663782,0.2100569019241253,0.0771553659631344,0.14375243466661933,0.18581443914462953,0.027345414701151843,0.01626795425826289,0.0,0.05224093004284823,0.13999425204307975
2025-12-24,0.049963592075682364,0.05615059638554333,0.04057715476952906,0.2106331059329543,0.07843638599689098,0.1446674588162617,0.18573821916215238,0.027315842707517902,0.016011759020132073,0.0,0.052030203028038895,0.13847568210529695
2025-12-26,0.05024324656353439,0.056547477767764566,0.040828144500900276,0.2098097416393429,0.07813038630332342,0.1433905675555302,0.18591976745736363,0.027450850622358226,0.01612138399518351,0.0,0.05210488960569705,0.13945354398900184
2025-12-29,0.05003564117274742,0.05677170656095315,0.04066417434060338,0.21148605497443615,0.07764833186910526,0.1450230818491074,0.18575623465328897,0.027228540866131374,0.014770941797439381,0.0,0.051851907063103664,0.1387633848530838
2025-12-30,0.05006514758822897,0.05680572638334974,0.04080253354848316,0.21197058679849787,0.07772239964439573,0.1455402662732127,0.18635544427094689,0.025364253189319647,0.013884487434825647,0.0,0.05213748698968504,0.13935166787905456
2025-12-31,0.04998343517368671,0.05729721284937859,0.04072807598629335,0.2123139953162272,0.07757509650300468,0.14538663201549692,0.186479901689615,0.025360890960917034,0.013713367219491956,0.0,0.0521478623769184,0.1390135299089702
2026-01-02,0.04966973663401523,0.05712626554372411,0.040757193187442343,0.21188860972660667,0.0775873109254948,0.14421972122806923,0.18605458557186347,0.02555912212049019,0.013053111175487455,0.0,0.05231620734272946,0.14176813654407716
2026-01-05,0.04953627706633295,0.05675997350885116,0.038414496341316745,0.21203578505784318,0.07803674595194446,0.14408912459082257,0.18576198303877134,0.025444260448905777,0.013030003750337422,0.0,0.05216546824271355,0.1447258820021609
2026-01-06,0.049742283959135325,0.056054392136023846,0.03846084111261741,0.2116009345684926,0.07782454591870061,0.1439083609757346,0.18590851764497276,0.025248966473817865,0.012930667554305532,0.0,0.0525924694131855,0.1457280202430139
2026-01-07,0.04906862567314792,0.05619551809719862,0.03829366599158892,0.21003700650749207,0.0768675384055813,0.14293142008886564,0.18717105921873944,0.02524332922390116,0.012425085185528583,0.0,0.05183997304422413,0.14992677856373218
2026-01-08,0.052046196210495325,0.05710837680377295,0.041218981438407,0.20761752865285066,0.0792228838701563,0.1373268894110576,0.1926493257316452,0.024018101873088834,0.011658333375610825,0.0,0.049930470738509904,0.14720291189440526
2026-01-09,0.05264037943175507,0.05631330725654288,0.043674795133195936,0.20286851763223282,0.07686507174265811,0.13479606064408378,0.20394645704045747,0.02388288104210124,0.011439092814841914,0.0,0.04855651951750252,0.14501691774462822
2026-01-12,0.05242690201879493,0.055854998978331544,0.04421223702216736,0.20192747967731411,0.07595301190450877,0.13459098126342467,0.20436021721231026,0.02390360573191277,0.011390298489913608,0.0,0.04929011872486101,0.14609014897646078
2026-01-13,0.0510228046663855,0.05414010241378512,0.0432792859663662,0.196062853901229,0.07367987964749875,0.13053109707980257,0.20284360989066752,0.023178736843397378,0.010822402280871958,0.022175946013119018,0.04939635944167779,0.14286692185519914
2026-01-14,0.05050112663728029,0.05282076036739762,0.04221643761777705,0.19823148329315157,0.07381379115336528,0.1285963162255017,0.2075413169061004,0.02313072573103839,0.010620692375778345,0.021584967262034176,0.048338498029080426,0.1426038844014947
2026-01-15,0.051470790953430455,0.05379662954236589,0.04306110485475061,0.20229484264790065,0.07435027415481689,0.130869065414626,0.21499281659071304,0.023892296906663255,0.010719350318698263,0.0,0.049097201323531015,0.1454556272925042
2026-01-16,0.051962217744547436,0.053964830974672785,0.04348502695870376,0.2015567365395487,0.07436569816816671,0.13119306189877822,0.21545915856131184,0.02483694959975905,0.01060904722646638,0.0,0.049203763773585124,0.14336350855446
2026-01-20,0.05039864878067996,0.053042275665477936,0.04286086970909712,0.19460272079664895,0.07218381779929553,0.1261933922958646,0.21097224368245177,0.029665930547012304,0.010873003527293168,0.020842681371609672,0.04675482272862275,0.14160959309594615
2026-01-21,0.04918030289517016,0.05270482241141877,0.044016116267960405,0.19574495778404946,0.07141797015808457,0.1269038446045295,0.21542494485003447,0.02878683847646701,0.011170112395765583,0.022490402821657714,0.04644332228315135,0.13571636505171092
2026-01-22,0.049163452089091134,0.05276312169611341,0.043690496461606214,0.19459552718425566,0.07169412451486884,0.12409743595773517,0.21627386592089762,0.028974371763448196,0.01125677888547019,0.023555929915115962,0.046990015381125884,0.1369448802302716
2026-01-23,0.049472800978218295,0.052728493405625375,0.043664402574802995,0.1951713295725632,0.07123079545049438,0.12409245063765036,0.220094165078221,0.02869602329073254,0.011227495144124598,0.02323757881050779,0.04648192539399405,0.13390253966306542
2026-01-26,0.05072995401289241,0.053110934239549025,0.04423783357400644,0.19594137866616404,0.07167240992065875,0.1249960052631892,0.22410746091460937,0.030191044734693657,0.011240645659878012,0.022699241342884344,0.046728691365339435,0.12434440030613514
2026-01-27,0.05763117786264253,0.060369897178820776,0.050410293969883516,0.22222760553726997,0.081190732741674,0.14228540868696501,0.2563946899618594,0.03441210066081164,0.0126211460985013,0.026303642047173045,0.056153305254398586,0.0
2026-01-28,0.055881542783159384,0.05702816115333204,0.04722760248081856,0.22798955096994195,0.08039701407617549,0.1424223238146485,0.2580538408027781,0.032826893205717855,0.012234383577941231,0.0249160951774556,0.0610225919580313,0.0
2026-01-29,0.05670551543662525,0.05572013246126618,0.047583142867976776,0.22883800061202875,0.0806110900330252,0.14554293594045634,0.25744475731217037,0.0311216280112004,0.012121075249229264,0.02467686033312951,0.059634861742891856,0.0
2026-01-30,0.05050005402638238,0.04949482837751568,0.042213547109102294,0.20396476987099654,0.07191809501436926,0.1319380940519989,0.22911254451320082,0.027844973907214247,0.0108120052799634,0.02139884299469012,0.05145877971682027,0.10934346513774594
2026-02-02,0.051086977136651966,0.04926226364359432,0.04038255000439135,0.20754559429591188,0.07231200321152878,0.13464663766432786,0.24122672937461279,0.01936521777589976,0.00720366754211057,0.021671410319090884,0.05215901332533863,0.10313793570654116
2026-02-03,0.05226525505476709,0.050194072601776045,0.04212147026234728,0.20705876635255943,0.07243403314832107,0.13490433126464046,0.24156641034650028,0.018778019728285404,0.007182164084723534,0.020151341558529937,0.051261713295876,0.10208242230167354
2026-02-04,0.0513606353342763,0.05007547994470254,0.04206354078837017,0.2102972825920666,0.0745672967413089,0.13559077924843604,0.239725231530401,0.01737778240881201,0.00708366234675505,0.01976832458396654,0.05092007059904473,0.10116991388186032
2026-02-05,0.05159773794880407,0.04959702865561433,0.040942812796712434,0.21543045440804126,0.07589013360074998,0.13799263975210213,0.2349352150514415,0.017180720911843653,0.006999961238606634,0.019543056629809603,0.049026134272126286,0.10086410473414821
2026-02-06,0.05128196880582768,0.04882234693976769,0.04173377160509552,0.2094492896478577,0.07426680255359408,0.13796205987217922,0.23852380753078845,0.017254448750707887,0.006592465765679373,0.01982805771893229,0.051881606076152234,0.10240337473341797
2026-02-09,0.050701910653870155,0.046755812686489616,0.04055894656848471,0.21117570558494003,0.07483913701897042,0.13906062441723288,0.2398198705383226,0.017336957865281128,0.006631493444902676,0.0199926597420164,0.05039417049097814,0.10273271098851114
2026-02-10,0.05040891175647626,0.04596063657994565,0.040299608124804875,0.2152307309181733,0.07517902633225898,0.14104672473475258,0.2386519693429877,0.017132747752916056,0.0065169822713963595,0.019940999899707157,0.05101881522876506,0.09861284705781596
2026-02-11,0.0505939596882881,0.046296678918047916,0.04051043561317087,0.21202563796526294,0.07232788629569249,0.14112030443340903,0.24282619840908554,0.017212555732915958,0.006533046435344302,0.02094664645700948,0.05050152738933559,0.09910512266243768
2026-02-12,0.05142235371252233,0.045687274402366036,0.039280496388824554,0.20793448286845942,0.07104756521583884,0.14115450360084994,0.25367515738653557,0.01672176107445836,0.006333275031243306,0.020282627928200472,0.05001186977099917,0.09644863261970195
2026-02-13,0.05028349146961303,0.046126018504326724,0.03932131304363711,0.2029643190767193,0.06931415637634865,0.14186329306838885,0.25758891838061293,0.016736406897514287,0.006232827860027905,0.020278195047955926,0.05091233803004181,0.09837872224481362
2026-02-17,0.051003196592150274,0.047497381143028296,0.04002451260854492,0.19873567300413889,0.06882324054738512,0.14027727018912337,0.26157339989733586,0.016662007044268685,0.0062284058336699085,0.02026324241602584,0.05015800275975264,0.0987536679645762
2026-02-18,0.05166253396045929,0.04904239759810513,0.04007398379866192,0.19876025912626352,0.06880055601791511,0.14022545368992262,0.260753023592685,0.016333774689936662,0.006182137162336468,0.020362918019716864,0.04970045763986292,0.09810250470413462
2026-02-19,0.05178948894684586,0.04943180765294451,0.04033367921437788,0.1982123343129367,0.06884235208926133,0.14047309387813217,0.26100832344808095,0.016302115248296112,0.006173693960437844,0.01963967912585204,0.04925766594336174,0.09853576617947309
2026-02-20,0.053622870308332835,0.05092516572124347,0.041043187458227055,0.1972464654039181,0.06862443369051845,0.13964479226037244,0.2603683714695635,0.016194503192009164,0.006139136627646842,0.01939265501566006,0.049052947257999004,0.09774547159450918
2026-02-23,0.05321151222922147,0.05128519186385823,0.0390856837387504,0.1964194479117438,0.06760810677644204,0.1390351067859921,0.2663711236759287,0.01589186789075811,0.005986124057670382,0.019175486589307733,0.04969761451299967,0.09623273396732736
2026-02-24,0.05373910712152249,0.050692416989444905,0.0384007310282967,0.19544228381392176,0.06762495055346775,0.1406047456171119,0.26748039396147283,0.015714108744251155,0.005938191772599616,0.01915917615446906,0.04945748973676788,0.09574640450667404
2026-02-25,0.05324040925760917,0.05070405756924856,0.037211245834934216,0.19323549928270936,0.06663464234980207,0.13954752538410242,0.2753838416983942,0.015395897661199169,0.005835696599344041,0.019019448648913494,0.04919444314286921,0.09459729257087422
2026-02-26,0.05290702942283041,0.05079878808553884,0.036972188922371696,0.19353220457455467,0.06686564814564284,0.141148914374803,0.2738398720315566,0.01535788792879819,0.005832664481940539,0.018909384456965904,0.04908211550394044,0.09475330207105695
2026-02-27,0.05289296384867956,0.05079841060558966,0.03652592268997124,0.1940652030126873,0.06712392628172388,0.14191881309796564,0.2726620385000761,0.015388704648864875,0.005870087466910614,0.019001289372042388,0.04890776583579324,0.09484487463969561
2026-03-02,0.05179681419172039,0.05006140178004741,0.035749842105211226,0.19947112563058406,0.06851421301662858,0.14512968211322472,0.2680966223789088,0.015055938532512718,0.005725734843863926,0.018345025001265686,0.049153082878184484,0.09290051752784792
2026-03-03,0.05294573558115016,0.04744934415248226,0.03533706797291713,0.19470349795312097,0.06762861713668644,0.14557308707212108,0.27696747576931074,0.015389971179309292,0.005817182121346528,0.0173938431480654,0.05039434746536282,0.09039983044812731
2026-03-04,0.05324244278184166,0.0422009888829677,0.02989893367481374,0.1987945143479545,0.06887992881870443,0.14906222780090778,0.27634469667737166,0.015127421429783865,0.005812554861796329,0.01739177748308497,0.05096724934022301,0.09227726390055047
2026-03-05,0.05332610171171637,0.04200102199326881,0.03007070421082353,0.20419332819575156,0.07003375063150787,0.15132625441410297,0.26549923990782237,0.015282390286461762,0.005886660711751224,0.017545545770719432,0.05160716844406703,0.09322783372200703
2026-03-06,0.05473904722198351,0.04100174008936113,0.029997197702499222,0.20643641559181458,0.07236816124775541,0.1527013926411922,0.2554328858667161,0.015716200950522768,0.006069000989686729,0.01737252298586767,0.05220668346967699,0.09595875124292351
2026-03-09,0.054479482844478996,0.041622586416738105,0.030637438352095005,0.2118796968183409,0.07396144770613448,0.1546927452605034,0.2449337310302536,0.016052330529196343,0.006208142554078616,0.014446084374211372,0.05285186632718716,0.09823444778678216
2026-03-10,0.05582609289709154,0.043059080598554594,0.03126190295471066,0.21591720229249523,0.0751937615400404,0.15412753746868008,0.22975799195784735,0.016655547574977777,0.006458109771785526,0.014646449152592314,0.05505230526094241,0.10204401853028205
2026-03-11,0.0563305842087665,0.043576031615737,0.031465110207579174,0.21458270586431027,0.07305332507869496,0.14915107241120906,0.23491770604106796,0.016673478850551822,0.006468095864266118,0.014666196455740608,0.05515948218702116,0.10395621121505544
2026-03-12,0.05797285462420107,0.04488874331355066,0.03241457457040841,0.21015607575835604,0.07185572954925233,0.1430322611665693,0.23789539603413784,0.017145016721016166,0.006639072835998486,0.015163704768601929,0.0557227725825972,0.10711379807531059
2026-03-13,0.07536028633434899,0.058118340693811166,0.040971666717654294,0.2756614102020466,0.0,0.0,0.2863945972436789,0.022529192616567845,0.008798521941267658,0.01858820928028855,0.07316857010845791,0.1404092048618782
2026-03-16,0.05868169257155377,0.044952289346763395,0.032044065868528544,0.2156310672712587,0.07565624019444721,0.14748839119942347,0.2223392794016905,0.01755605054390259,0.006846469590061737,0.014610701895536283,0.05726369166238096,0.10693006045445287
2026-03-17,0.05882511699925745,0.0445321256249174,0.03170502826567753,0.21441992353838493,0.07647718170456909,0.14753206558842144,0.2216502774529164,0.017881996171787644,0.006976606892589974,0.014697415709171898,0.05840337686417211,0.10689888518813402
2026-03-18,0.06065522934019707,0.04541072090351169,0.03220925710077905,0.2157191051896514,0.07736383885014025,0.14522411150282408,0.21603589327648748,0.018119086148111932,0.0070797673601748065,0.01485729171167882,0.0591321068284567,0.10819359178798679
2026-03-19,0.0607305844363643,0.04534196727448924,0.032366062438994564,0.21522926351123123,0.07887895137514021,0.14662995342243085,0.21270191810274272,0.01822732798471238,0.00720947756236434,0.01522615232565735,0.058639553894154046,0.10881878767171876
2026-03-20,0.0,0.07037885782765174,0.05023333026635301,0.33368845838639577,0.0,0.0,0.3227972631710084,0.027513762096409527,0.011112995543909513,0.02310913029405485,0.0,0.16116620241421725
2026-03-23,0.0,0.05866365832514915,0.04279156662115188,0.2658117557116682,0.0,0.1792256689972503,0.2534575246210645,0.02449438439237085,0.009878148498225948,0.020634537483824714,0.0,0.1450427553492944
2026-03-24,0.0,0.07096614855388221,0.052137287407816785,0.32717792641935645,0.0,0.0,0.3009845627820733,0.030664045281832513,0.012451521809253708,0.02391744811011285,0.0,0.18170105963567215
2026-03-25,0.0,0.05279506202202995,0.038571120314793594,0.24325070172899635,0.09345254506769018,0.16455989892495154,0.22249036315580534,0.022868298429321234,0.009283592717951364,0.01774180960059166,0.0,0.1349866080378688
2026-03-26,0.0,0.07094933803495154,0.052213524465431094,0.32548892210144076,0.0,0.0,0.2994724543122634,0.030870509608454295,0.012837882328791047,0.02432387101918415,0.0,0.1838434981294836
2026-03-27,0.0,0.10109172085273038,0.0733640372315637,0.45819895267726657,0.0,0.0,0.0,0.04545916847106319,0.01881106922204213,0.03544309706739167,0.0,0.26763195447794225
2026-03-30,0.0,0.10075972121602773,0.07342693444565425,0.4588180320075263,0.0,0.0,0.0,0.044849973996740636,0.018838932274044748,0.03485416406979348,0.0,0.26845224199021284
2026-03-31,0.0,0.05885650791879006,0.04279455265041049,0.2608325878764091,0.0,0.18025490635821068,0.24422072391776575,0.026207589736326333,0.011111009532716968,0.02022679908572073,0.0,0.15549532292364987
2026-04-01,0.0,0.05345916063751162,0.04031506729529416,0.2489149464117321,0.0,0.1691680013742166,0.2142615851170752,0.024772897202474508,0.010564634940162824,0.019320950975692544,0.07315392339185395,0.14606883265398643
2026-04-02,0.0,0.04829383331354725,0.03669182119258714,0.2269810006612689,0.09031366925986861,0.15427624259528785,0.194774282106385,0.022600756966485915,0.009645976202870965,0.017402150053990206,0.06640370153133954,0.13261656611636852
2026-04-06,0.0,0.04854362814006945,0.03687108653050994,0.22716774224960365,0.0903990182157725,0.15382031289329895,0.19516098255185108,0.022675127420534864,0.009782406128153785,0.016523543935946766,0.06601826423950526,0.13303788769475378
2026-04-07,0.0,0.0485238398309596,0.036844476123326725,0.22655063954822585,0.09094012951041211,0.15368480033566131,0.19464790263580475,0.02270051153100013,0.00981420264281686,0.01657814198738793,0.0667253751733714,0.13298998068103327
2026-04-08,0.06230721980804965,0.045412556714532905,0.034475176182072735,0.2125198968236915,0.08553923030355895,0.14436837969430105,0.18227041820352116,0.0212339890025659,0.0091930878380899,0.015562952041208012,0.06291329160613204,0.12420380178227619
2026-04-09,0.05990316411950826,0.04314726897574671,0.032381351490829796,0.21653106821030849,0.08793231961949999,0.14730919800790507,0.18084565854238163,0.021689085297238647,0.009407889792220491,0.01481313078853384,0.062308678489477735,0.12373118666634932
2026-04-10,0.06548685185550435,0.04736125453938272,0.035657268318327134,0.23743635877436317,0.0,0.16166021736440242,0.19815563128654973,0.02385929223314976,0.01041642965035014,0.01623651203223141,0.06805102634657147,0.13567915759916793
2026-04-13,0.05991020306864276,0.04339309203533168,0.03266124072260969,0.21656148687655968,0.08817948264996217,0.14766814040017978,0.1788223740543985,0.0218213970095064,0.009531625251233623,0.014810731542657869,0.06236949604579433,0.1242707303431235
2026-04-14,0.05967508788621663,0.0434871452257761,0.032715133858237225,0.21672011699683932,0.08887020570038387,0.14740229694931312,0.17738681790268473,0.021900591728947864,0.009687995347825168,0.014861469640625801,0.06288142834865951,0.1244117104144909
2026-04-15,0.05922369301943665,0.04358603849411509,0.03260869812309705,0.21656303690865786,0.0887917440364146,0.14738201704276918,0.17708007080274643,0.02189778534760953,0.009666974268435095,0.014834368851068695,0.06293624616247998,0.1254293269431698
2026-04-16,0.06458362743797096,0.04774329266489164,0.035759815043335585,0.23743975052416702,0.0,0.1622842989598303,0.19405402455398715,0.02397171484730708,0.010613217972772218,0.01622311901099047,0.0699154594020056,0.13741167958274203
2026-04-17,0.060197835557486756,0.04331109995416962,0.0321683306741605,0.21623361586581424,0.08989651678783836,0.14677664607032895,0.17472263596286702,0.02185640319824286,0.009582683208718811,0.014530269338744543,0.06470266481817741,0.12602129856345112
2026-04-20,0.06034025221986154,0.043355865436582944,0.0322120023125854,0.21627293934157477,0.08973838021695234,0.14769166769227193,0.17466089813297425,0.021942209013031885,0.009595583504508658,0.014022013216933162,0.06348345417579801,0.1266847347369252
2026-04-21,0.06623411044986785,0.04749545147081299,0.03527398684072476,0.23706596171481342,0.0,0.1621916883638535,0.19136768961443668,0.024129413098781843,0.01054625849022782,0.015337020817430849,0.07046137663677274,0.1398970425022775
2026-04-22,0.060428394046852844,0.04255580307260785,0.03213773251480967,0.21377912097450474,0.0900653585175344,0.14746068450656977,0.1744512342055991,0.02195844422479808,0.00972028971961746,0.01392943489126606,0.06226192108021573,0.13125158224562417
2026-04-23,0.06596356874104993,0.04678890625357274,0.03505061904886275,0.23497653405171365,0.0,0.16176991022801268,0.1913759599779426,0.024140632666622246,0.01075523004576038,0.015326646906905567,0.06787653919735578,0.14597545288220176
2026-04-24,0.06533483906106752,0.04680705885653053,0.034785851328533096,0.23228736574075043,0.0,0.15976771324119218,0.18924527174230943,0.02409576669543402,0.010679903836516418,0.01514690834044839,0.06673585855256708,0.15511346260465103
2026-04-27,0.06485290246639656,0.046876390452911844,0.03431996020377691,0.23125131180290356,0.0,0.15949239803018617,0.18894539107146846,0.024519769906978607,0.010700502558048162,0.015052181950293961,0.06734774147457406,0.15664145008246166
2026-04-28,0.06489898118667714,0.04695005434126544,0.034355057943853004,0.2306599935813067,0.0,0.1588397317200152,0.1889940336985139,0.024522107947549564,0.010703754622572064,0.01509054180190631,0.06818127899452685,0.15680446416181368
2026-04-29,0.06391622742721877,0.046466246218345796,0.03424801505816458,0.2274785610748678,0.0,0.1567393283044135,0.18624076150787772,0.028077091111340557,0.01349514028700905,0.014836996602628754,0.06680909865320722,0.1616925337549263
2026-04-30,0.06441919813988886,0.04661547851373682,0.03442905671206309,0.22420902768433915,0.0,0.1551932419243785,0.18575670940302602,0.028998190563055283,0.01363923639962823,0.014893534663551117,0.06755903772318839,0.16428728827314457
2026-05-01,0.06499782769846613,0.04583153652040859,0.034430200940082735,0.2258209276105571,0.0,0.15655942047686897,0.18626276743672135,0.03160067251302955,0.013948258454697215,0.014961452460324407,0.06701568587056037,0.15857125001828387
2026-05-04,0.0771104264208379,0.05424088880635224,0.04097139466445474,0.2668408165041154,0.0,0.0,0.220496421456327,0.0373923554821485,0.01652160395915949,0.017569164421389012,0.08050916025786076,0.18834776802735487
2026-05-05,0.0657157498855848,0.0455799342073105,0.03443630610975354,0.2263257733782002,0.0,0.15662998957422558,0.1838265222776205,0.03160123268639619,0.015481816928586288,0.014769033695925346,0.06729205913435009,0.15834158212204708
2026-05-06,0.06717215228956606,0.04604877458783623,0.0344894692467034,0.22436522278462162,0.0,0.1546590098956697,0.1841531629582637,0.032080059996138964,0.015624832609612112,0.014612203544621578,0.06839507733176822,0.15840003475519845
2026-05-07,0.06672926459022402,0.04528230025589284,0.03400487551572724,0.2218176016820495,0.0,0.15392291391197138,0.18473779522528128,0.03213897223420184,0.016001336849816614,0.014295680281622486,0.06787764266180954,0.1631916167914033
2026-05-08,0.0668654009837347,0.04473780938408268,0.03389071155098606,0.2230356004555476,0.0,0.1534547199788716,0.183370373456663,0.03226585775228658,0.01610526976734179,0.014335245235324298,0.06867459279110999,0.1632644186440518
2026-05-11,0.06680545089266247,0.044787894903058297,0.03390103852650963,0.22375956828365826,0.0,0.15270316192775857,0.18254589899799656,0.03247553311208434,0.016298984953481102,0.014364853782436232,0.0691948691744308,0.1631627454459238
2026-05-12,0.06808977804444155,0.044519091478445905,0.03376266840216764,0.22536035044755412,0.0,0.15275942827589417,0.18053037128214638,0.03307065475332748,0.017075092961961278,0.014310787932958648,0.06865413849895284,0.1618676379221499
2026-05-13,0.0679764758108069,0.04441971596729999,0.03290873139014619,0.22607758231535757,0.0,0.15280497207276209,0.1801697356305689,0.03355724121579165,0.017135034660948175,0.014255434216641947,0.06993727276200595,0.1607578039576706
2026-05-14,0.06778366716058078,0.04428468902814438,0.03260703140893216,0.22575091819979637,0.0,0.1527025568987333,0.17998192196518983,0.03428370091390723,0.017402652553805763,0.014213333740004965,0.0699077903704215,0.1610817377604837
2026-05-15,0.10817383539442586,0.07083801875303045,0.052197244144471605,0.0,0.0,0.0,0.28819328782943365,0.05557077322097589,0.027892359969236676,0.02288509986822674,0.11316042057136898,0.2610889602488302
2026-05-18,0.1082742642094087,0.0712393756353109,0.05160580372174753,0.0,0.0,0.0,0.28838467659518785,0.05584585552746588,0.0270841009223205,0.023224334934045722,0.1124340632195549,0.26190752523495797
2026-05-19,0.10854271378356456,0.07114538288131735,0.052038102451389845,0.0,0.0,0.0,0.28813817328664115,0.0564479466239614,0.02812342049916644,0.023234688829764514,0.11147108106172073,0.26085849058247407
2026-05-20,0.10927534377065534,0.07104851786160445,0.05204308936327562,0.0,0.0,0.0,0.2875486144212242,0.05741428147463428,0.028324081544803977,0.023229312671653877,0.11139835533394259,0.2597184035582056
2026-05-21,0.11016559567548138,0.07111643077937059,0.05258254610385348,0.0,0.0,0.0,0.28341462269144274,0.057916223842615765,0.028566651295891237,0.023069706556302416,0.1111380165066582,0.26203020654838416
2026-05-22,0.08244942801949434,0.053095471004144655,0.039195648174124395,0.2541878563749281,0.0,0.0,0.21127265967791445,0.043131086001668345,0.021280427020988833,0.01718324926975956,0.08283761179156841,0.19536656266540892
2026-05-26,0.07031737677633743,0.04509735038402031,0.03336823488870118,0.21628721662335298,0.0,0.14948991926826372,0.17956603446387123,0.03672078047843039,0.018060364526248707,0.014573002422219414,0.07064984814849565,0.16586987202005898
2026-05-27,0.0706632253651885,0.04504058014317973,0.032525216807513295,0.21612453681696658,0.0,0.14893939582941187,0.17931382031058632,0.037085540536982264,0.018486205216448053,0.014555654483294184,0.07079329328198104,0.1664725312084483
2026-05-28,0.06981022041477157,0.045211255700115735,0.03238506211763735,0.21618748802543342,0.0,0.14767179946670478,0.17717679097983355,0.036775243003658656,0.018336761935153326,0.014402339171927686,0.06989650593308387,0.17214653325168014
2026-05-29,0.06990590573407372,0.04683093491595824,0.034191026859932,0.2136130211206156,0.0,0.14582576499681318,0.17612226992723362,0.038209483156601644,0.01907254618888845,0.014323306603193697,0.06942718468181261,0.17247855581487728
2026-06-01,0.0700200505968968,0.047093425978636076,0.03419830502000584,0.21327253822014355,0.0,0.14565813567872307,0.17709957675931381,0.03809656652332549,0.01906465660045509,0.0142870931771943,0.0687845121621806,0.1724251392831254
2026-06-02,0.07009835622214185,0.0479973999035995,0.03437691319344087,0.213871773357558,0.0,0.14600076917593632,0.17824153467365908,0.037879349083026564,0.018995809524089715,0.014236680917218986,0.0672782622379132,0.17102315171141597
2026-06-03,0.07121424088625608,0.047789235472733976,0.03412713998913706,0.21236011348480094,0.0,0.14553828990484677,0.1799304523501588,0.03792151079957812,0.018916368150300043,0.015131293838194254,0.06741016554153112,0.16966118958246282
2026-06-04,0.07058594138101984,0.04742112307268888,0.033965716441251015,0.21268164688211233,0.0,0.14674625123483076,0.18213388099504094,0.037661831918402555,0.018884827195867246,0.015180005616799962,0.06707605968531963,0.16766271557666687
2026-06-05,0.11759484823466473,0.07874969544369874,0.056232028136919035,0.0,0.0,0.0,0.3032303568755852,0.0,0.03154502893938956,0.025126747540485227,0.10855403830609657,0.2789672565231608
2026-06-08,0.11203599320573283,0.07827236772626044,0.0521729374342281,0.0,0.0,0.0,0.30666394269712866,0.0,0.031092856416827623,0.025694501146786647,0.1122860516268383,0.28178134974619745
2026-06-09,0.07112180002486115,0.04890741452880209,0.03284807683112332,0.22811662435110058,0.0,0.1624923283851085,0.19532695161305105,0.0,0.0,0.016560342619662147,0.06843934267908316,0.1761871189672079
2026-06-10,0.0848297160948309,0.05859848957544969,0.03907164960843781,0.2702584854210066,0.0,0.0,0.23297203402702435,0.0,0.0,0.019597815650412888,0.0780239522275729,0.21664785739526474
2026-06-11,0.06892081996464249,0.04895822506993843,0.03262878731374167,0.2279512427418026,0.0,0.16218876356100817,0.19399769239762735,0.0,0.0,0.016406556818197502,0.06508727054937206,0.18386064158366971
2026-06-12,0.06737237116569246,0.04693366022847304,0.03147773669794569,0.22109783410230635,0.0,0.15876814681993387,0.191869486317599,0.0,0.01864487960878812,0.016307016164400626,0.06507113271418291,0.18245773618067793
2026-06-15,0.06759046785172224,0.04676326355915946,0.031221400388335516,0.22059489686782977,0.0,0.15830457973987722,0.1925753220600678,0.0,0.01849234118563476,0.015982891835960262,0.06491999161065953,0.18355484490075344
2026-06-16,0.06531920635304475,0.04607194037219675,0.03025676105081921,0.2175705253330465,0.0,0.15750166405683944,0.19099121441718983,0.0,0.01830490382960712,0.015768507574683153,0.06378100023037034,0.1944342767822028
2026-06-17,0.0639332410066269,0.04644844177997806,0.029663706473507915,0.2254654768556144,0.0,0.16541567101721483,0.19825699423911486,0.0,0.0,0.015048370966183444,0.06772746259828306,0.18804063506347649
2026-06-18,0.05712974255878802,0.04303545741888636,0.0272541322470555,0.20392507536759566,0.09798643677168868,0.15247290356738538,0.18314035796502745,0.0,0.0,0.014238975435190808,0.05746082974571924,0.16335608892266304
2026-06-22,0.06312827214178794,0.04781172911166177,0.029889018671425693,0.22619794469143883,0.0,0.1689401888532009,0.20387728237172056,0.0,0.0,0.015894143850779044,0.06405828644906374,0.18020313385892145
2026-06-23,0.06289378096639624,0.04812476486506357,0.02991116861960655,0.22659992079128485,0.0,0.168872516331829,0.20461063052577597,0.0,0.0,0.015836321761502965,0.06345316541220967,0.17969773072633125
2026-06-24,0.055939681018201466,0.042368696217522865,0.02518526469473635,0.20751369048407373,0.09802444637706274,0.15521567915307724,0.1878990209602631,0.0,0.0,0.014007365142725079,0.05520310064053806,0.15864305531179917
2026-06-25,0.05830740349454845,0.04286659081484846,0.025372647129991033,0.20338744489573585,0.09486969929921368,0.15514739893663193,0.1907664683848796,0.0,0.0,0.01423660063234088,0.05604852400216858,0.15899722240964156
2026-06-26,0.05753679266082445,0.04205584125332531,0.024999067778862346,0.20586662840176537,0.09762914894474137,0.15654465350627622,0.1877028911474537,0.0,0.0,0.01411179418404983,0.05514032558345151,0.15841285653925002
2026-06-29,0.05926275796942051,0.042624629936854064,0.02451513100046255,0.1993879925096895,0.09411980694725967,0.15491963518216537,0.19901761846903424,0.0,0.0,0.013535689137243522,0.05319096665541582,0.15942577219245468
2026-06-30,0.06427553723286052,0.04754573722053428,0.0271331371177319,0.22065415195499988,0.0,0.17115735881010843,0.22040429171254677,0.0,0.0,0.01499444051228606,0.058587042111026236,0.17524830332790595
2026-07-01,0.06419010032272142,0.04776849578358187,0.027227955901563346,0.21785001697821668,0.0,0.16898040768654782,0.22192027589834226,0.0,0.0,0.01634421626083015,0.057561289502568835,0.17815724166562746
2026-07-02,0.06419757506583236,0.04759132729032076,0.026758089990511654,0.21831067197372891,0.0,0.16884651051411576,0.22271766707175322,0.0,0.0,0.016296010497610005,0.057569629638829965,0.17771251795729728
2026-07-06,0.06444429473369805,0.047441008274624545,0.026782241500719794,0.2194206989678886,0.0,0.1694824260651704,0.22332375506325808,0.0,0.0,0.01636098797676744,0.057250465874754644,0.17549412154311833
2026-07-07,0.07913511827582156,0.05993571948177607,0.03229375147442171,0.25628903035847395,0.0,0.0,0.26911882111394936,0.0,0.0,0.02025469687006969,0.06745551527927535,0.21551734714621232
2026-07-08,0.10645827144770631,0.07998818452287448,0.04285920977498748,0.0,0.0,0.0,0.3624432060726251,0.0,0.0,0.02697933287652553,0.0903957146884396,0.2908760806168415
2026-07-09,0.07915342791444377,0.05932941636979717,0.0319149902972921,0.25120595134669566,0.0,0.0,0.2759937931266919,0.0,0.0,0.019980152294602052,0.0656682950906895,0.2167539735597878
2026-07-10,0.1050236677593459,0.07857616733302036,0.04224704055489233,0.0,0.0,0.0,0.3718807921424837,0.0,0.0,0.026496388008314026,0.08695280859862453,0.2888231356033192
2026-07-13,0.10542054730586345,0.07810000672610144,0.042114306623750666,0.0,0.0,0.0,0.37296306755092595,0.0,0.0,0.02649147600932255,0.08669084957549682,0.288219746208539
2026-07-14,0.10585332621161997,0.07823506512901875,0.04137639930411073,0.0,0.0,0.0,0.37296450771133105,0.0,0.0,0.02536013226515603,0.08731048201161624,0.2889000873671472
2026-07-15,0.07994677693346439,0.05898784173175147,0.031099532843754055,0.2480403050646789,0.0,0.0,0.2811300798145545,0.0,0.0,0.019202888918390525,0.06631405120297845,0.21527852349042753
2026-07-16,0.10733222756319614,0.07869573327407779,0.041424085826983696,0.0,0.0,0.0,0.3785338471810617,0.0,0.0,0.02659346090071681,0.08958552129584207,0.2778351239581219
2026-07-17,0.0804331985411751,0.059008986715808856,0.03093268497089178,0.25077790854234966,0.0,0.0,0.2852220284269481,0.0,0.0,0.020276983661484,0.06475231840786103,0.20859589073348137
2026-07-20,0.10522192433668448,0.0804143217153088,0.04079410437359071,0.0,0.0,0.0,0.3780356215295364,0.0,0.0,0.027107964698546795,0.0878482967816813,0.2805777665646516
2026-07-21,0.10604946022764612,0.07994132153494543,0.04093803557991366,0.0,0.0,0.0,0.37862304800261176,0.0,0.0,0.02703586054967562,0.08801422781159002,0.2793980462936173
2026-07-22,0.1056423794750299,0.07920845592478457,0.040603425431067534,0.0,0.0,0.0,0.3803729233538666,0.0,0.0,0.027263947111802907,0.08870299728757777,0.2782058714158707
2026-07-23,0.1061302642352747,0.07925736122591302,0.04089275954706934,0.0,0.0,0.0,0.3793331601999555,0.0,0.0,0.027203931058818003,0.08843369038722614,0.27874883334574335
2026-07-24,0.10533217000566836,0.07941409163292686,0.04141592561031157,0.0,0.0,0.0,0.37647442678072984,0.0,0.0,0.026879560092750568,0.08980567446035201,0.2806781514172607
2026-07-27,0.10571756400807204,0.07943529606898533,0.041190748355275135,0.0,0.0,0.0,0.37754691334623725,0.0,0.0,0.02705782476845875,0.08713577424364315,0.2819158792093285
2026-07-28,0.10478110142022709,0.0793084934823306,0.04083146731167017,0.0,0.0,0.0,0.3809499026134481,0.0,0.0,0.026611299245757027,0.08683327126851545,0.2806844646580515
2026-07-29,0.10226739238855843,0.07964625412242582,0.03945873523184003,0.0,0.0,0.0,0.3716182734012395,0.0,0.0,0.025594471511310734,0.08522782273832642,0.29618705060629896
2026-07-30,0.10107635289644872,0.08093744735163952,0.03986864832333913,0.0,0.0,0.0,0.3759974395848473,0.0,0.0,0.02511359927143174,0.08675934215653117,0.2902471704157624
2026-07-31,0.10140162072682762,0.08050264690710542,0.0399191682444424,0.0,0.0,0.0,0.38976898577473745,0.0,0.0,0.026124679765549788,0.08873695465445208,0.2735459439268852
