Date,Gross_Equity,Net_Equity
2007-04-11,1.0,1.0
2007-04-12,1.0,1.0
2007-04-13,1.0,1.0
2007-04-16,1.0,1.0
2007-04-17,1.0,1.0
2007-04-18,1.0,1.0
2007-04-19,1.0,1.0
2007-04-20,1.0,1.0
2007-04-23,1.0,1.0
2007-04-24,1.0,1.0
2007-04-25,1.0,1.0
2007-04-26,1.0,1.0
2007-04-27,1.0,1.0
2007-04-30,1.0,1.0
2007-05-01,1.0,1.0
2007-05-02,1.0,1.0
2007-05-03,1.0,1.0
2007-05-04,1.0,1.0
2007-05-07,1.0,1.0
2007-05-08,1.0,1.0
2007-05-09,1.0,1.0
2007-05-10,1.0,1.0
2007-05-11,1.0,1.0
2007-05-14,1.0,1.0
2007-05-15,1.0,1.0
2007-05-16,1.0,1.0
2007-05-17,1.0,1.0
2007-05-18,1.0,1.0
2007-05-21,1.0,1.0
2007-05-22,1.0,1.0
2007-05-23,1.0,1.0
2007-05-24,1.0,1.0
2007-05-25,1.0,1.0
2007-05-29,1.0,1.0
2007-05-30,1.0,1.0
2007-05-31,1.0,1.0
2007-06-01,1.0,1.0
2007-06-04,1.0,1.0
2007-06-05,1.0,1.0
2007-06-06,1.0,1.0
2007-06-07,1.0,1.0
2007-06-08,1.0,1.0
2007-06-11,1.0,1.0
2007-06-12,1.0,1.0
2007-06-13,1.0,1.0
2007-06-14,1.0,1.0
2007-06-15,1.0,1.0
2007-06-18,1.0,1.0
2007-06-19,1.0,1.0
2007-06-20,1.0,1.0
2007-06-21,1.0159138096932607,1.0154138096932606
2007-06-22,1.009487282934591,1.0087716664795896
2007-06-25,1.008824800188302,1.0077540889569776
2007-06-26,1.0006259386279628,0.9995545701286802
2007-06-27,1.0107718161214692,1.0091833429997938
2007-06-28,1.0132803534906203,1.011423502154654
2007-06-29,1.0168464760146734,1.0149806815542177
2007-07-02,1.0301299585634545,1.0279216977528802
2007-07-03,1.034391257870783,1.032166324011571
2007-07-05,1.03570764195441,1.0334771579325235
2007-07-06,1.045041393242047,1.042785221451911
2007-07-09,1.0466960509867316,1.0444343451245734
2007-07-10,1.0416154737871053,1.0390294929344448
2007-07-11,1.0480952039411215,1.045169476130766
2007-07-12,1.0607915458072916,1.057580829341377
2007-07-13,1.0660856871698152,1.0628508260456164
2007-07-16,1.0639809056626002,1.060744767990985
2007-07-17,1.062310395626463,1.0590698073167375
2007-07-18,1.0671039812706036,1.0632979015661608
2007-07-19,1.0706558722757897,1.0668287131834726
2007-07-20,1.071052669854955,1.0672141524959338
2007-07-23,1.0725421323262174,1.0686800374839192
2007-07-24,1.0670643631660317,1.0631102619550576
2007-07-25,1.0691236218311198,1.0651429327936552
2007-07-26,1.063064618083238,1.0589162373266316
2007-07-27,1.0651062886442244,1.060868813645056
2007-07-30,1.0671221446156067,1.0628060688205896
2007-07-31,1.0705041408139353,1.0661643246364667
2007-08-01,1.067769073493961,1.0633725755014354
2007-08-02,1.0685106061189136,1.0640441909908724
2007-08-03,1.0732725211493035,1.0684524780758073
2007-08-06,1.0667372003943842,1.0616114017433733
2007-08-07,1.0678855371947804,1.062416981121725
2007-08-08,1.0680033989896136,1.0624910115509487
2007-08-09,1.0679270507240257,1.0621956588238777
2007-08-10,1.0680891431101507,1.0620212859277267
2007-08-13,1.0702340630958793,1.063722363810464
2007-08-14,1.0747531969996122,1.068206237021798
2007-08-15,1.0755947051045807,1.069032511266791
2007-08-16,1.0764978521964659,1.0695366244610545
2007-08-17,1.0768099063703294,1.0697774807773086
2007-08-20,1.0788443207108653,1.071545486432026
2007-08-21,1.0823090913388584,1.0749769543795602
2007-08-22,1.082107023095596,1.074727167972396
2007-08-23,1.0830138488196088,1.0755854479631426
2007-08-24,1.083800769127017,1.0761797013225218
2007-08-27,1.0854401859614486,1.077797317632499
2007-08-28,1.0888617319895373,1.0811112677321562
2007-08-29,1.0889424494610094,1.0810671828722527
2007-08-30,1.0918557493430754,1.0839532712249687
2007-08-31,1.0958185513814935,1.0878303544265813
2007-09-04,1.099092183208969,1.0910329130529368
2007-09-05,1.101667931777445,1.0935129852667977
2007-09-06,1.1032768030198257,1.0949389913913492
2007-09-07,1.1090455223335018,1.1005948819041615
2007-09-10,1.114088977139468,1.1055752973828996
2007-09-11,1.1160356491598753,1.1074156145266971
2007-09-12,1.1155386462327126,1.106913376328498
2007-09-13,1.1137221947170293,1.1050107550247439
2007-09-14,1.1158850103158866,1.1071506067060743
2007-09-17,1.119905868169008,1.111074993662652
2007-09-18,1.1299450131868776,1.1209192083396249
2007-09-19,1.1310951775540903,1.1220480213814927
2007-09-20,1.1255704157819284,1.1165519119945784
2007-09-21,1.1292600135068698,1.1201727987253234
2007-09-24,1.1320773662760577,1.1229464187446867
2007-09-25,1.1298897579567868,1.120767537165166
2007-09-26,1.1316191848370958,1.1224792069500078
2007-09-27,1.1382561901400603,1.1290555910714029
2007-09-28,1.1390567878847806,1.1298394218321561
2007-10-01,1.1411895089395974,1.131921477255043
2007-10-02,1.139396602237073,1.1301285657818139
2007-10-03,1.136753743951204,1.1274844634419987
2007-10-04,1.1430945350003174,1.1337591838006884
2007-10-05,1.1430242939783535,1.1336769551128114
2007-10-08,1.140638985174454,1.1312843910886938
2007-10-09,1.1442223647519498,1.1348194471018642
2007-10-10,1.1464907103880149,1.1370641326241238
2007-10-11,1.1489793872081555,1.1395147735431796
2007-10-12,1.150594863169284,1.1409989928633923
2007-10-15,1.1511820051052706,1.1415740702509714
2007-10-16,1.1477255148560537,1.1381388688780463
2007-10-17,1.150646112854415,1.1409182657674055
2007-10-18,1.156030869670646,1.1462478151741524
2007-10-19,1.1507915615962228,1.1410055174748195
2007-10-22,1.1493397019542995,1.139518821824725
2007-10-23,1.152936347508756,1.1430763397377486
2007-10-24,1.1570331520698534,1.1471342101350124
2007-10-25,1.1605283875312362,1.1505937914387503
2007-10-26,1.1687761839851118,1.1587650741527469
2007-10-29,1.1747792665056676,1.1646700724096124
2007-10-30,1.1691957208492916,1.1590891246066926
2007-10-31,1.1761139535652603,1.1659204979750823
2007-11-01,1.1700130984783683,1.1598227973685642
2007-11-02,1.1752283806581547,1.1649317910465635
2007-11-05,1.172175774605632,1.1618156923509657
2007-11-06,1.1800318391332492,1.169513048311884
2007-11-07,1.1768280027685283,1.1662459348552814
2007-11-08,1.178045967441544,1.1672545992829846
2007-11-09,1.181561853280748,1.170642106669848
2007-11-12,1.1700529829463677,1.1591877893770832
2007-11-13,1.1737942739314562,1.162755052674514
2007-11-14,1.1765888406879148,1.1655049354665545
2007-11-15,1.1756635775580644,1.1645005518875031
2007-11-16,1.1772731293221261,1.1660772831010213
2007-11-19,1.1808796437470157,1.169586446780676
2007-11-20,1.1841465423380892,1.1727698022442583
2007-11-21,1.1896008232128505,1.1781634659079347
2007-11-23,1.1895419434449137,1.1780639406376752
2007-11-26,1.2027230435843708,1.1910944765716287
2007-11-27,1.1920172377877065,1.1804701433322646
2007-11-28,1.1899089912526604,1.178256648200006
2007-11-29,1.1916925849457103,1.1798973402358288
2007-11-30,1.1911167565751337,1.1791977517882244
2007-12-03,1.1987673141987394,1.1865252365620693
2007-12-04,1.1974490197801504,1.1852074180003767
2007-12-05,1.1982446084698448,1.1856565248212947
2007-12-06,1.2012152108041467,1.1883517282949663
2007-12-07,1.195062555728072,1.1820965507328391
2007-12-10,1.1979561621505528,1.1845514784700208
2007-12-11,1.205687542161973,1.1918535863522413
2007-12-12,1.214061444243832,1.1997721047940797
2007-12-13,1.208611459861513,1.1941250268232244
2007-12-14,1.2105705595017753,1.195889968430718
2007-12-17,1.2148564019108365,1.1998725352372275
2007-12-18,1.2164313914278424,1.2012134983474694
2007-12-19,1.2230581191910788,1.2075644359206186
2007-12-20,1.2215503702771766,1.2058818793373272
2007-12-21,1.222571103830531,1.206823707434252
2007-12-24,1.2231054015976692,1.2071862945986152
2007-12-26,1.230158809928769,1.2135464275863466
2007-12-27,1.2324235824877945,1.2151099615873415
2007-12-28,1.2427497900420559,1.2247702294001923
2007-12-31,1.2452114220482342,1.2267379531623224
2008-01-02,1.2639756776683504,1.2449855904198046
2008-01-03,1.2657904529143638,1.246764118163102
2008-01-04,1.2662776391190074,1.247239632417958
2008-01-07,1.2636203228349638,1.2446059994160206
2008-01-08,1.2722388492922945,1.2530801879644229
2008-01-09,1.2713526872289753,1.2519846911718429
2008-01-10,1.2718293083286818,1.252231566568011
2008-01-11,1.2784380068555803,1.2586550580292486
2008-01-14,1.2823456693448203,1.262414070299196
2008-01-15,1.2826346697790243,1.2626101335892583
2008-01-16,1.2798974723913166,1.2596954394824076
2008-01-17,1.2856305631799312,1.2653250583213205
2008-01-18,1.2876952121297038,1.2673484713401457
2008-01-22,1.2912249687064294,1.2708141303117004
2008-01-23,1.2888359718175615,1.268456957627227
2008-01-24,1.2868867174515695,1.2663161146097734
2008-01-25,1.2945337829501975,1.2738263415821618
2008-01-28,1.300651777468749,1.2797833352527463
2008-01-29,1.2958033437536485,1.275008662989744
2008-01-30,1.2978581266397127,1.2769694785785088
2008-01-31,1.3025442364574251,1.2815612594204286
2008-02-01,1.3025723424638533,1.2815309694454975
2008-02-04,1.2981063812862828,1.277122836252434
2008-02-05,1.3003124572044757,1.2790751983983062
2008-02-06,1.3005878487477502,1.2793321139969323
2008-02-07,1.298805714987112,1.2774397681047482
2008-02-08,1.3098656013236065,1.288097122903198
2008-02-11,1.3158881452304283,1.294011855119149
2008-02-12,1.3086414032785711,1.2868784681702081
2008-02-13,1.3071087550808946,1.2849760513691055
2008-02-14,1.306826798455432,1.2846740433006938
2008-02-15,1.3062568930838945,1.2838226599704643
2008-02-19,1.3265995481031834,1.3030782382979225
2008-02-20,1.337178485853369,1.3134342939153045
2008-02-21,1.3398503511537294,1.3152639099291192
2008-02-22,1.3523254989325666,1.3267142246905475
2008-02-25,1.3610186803072755,1.334854048228797
2008-02-26,1.3837215141088042,1.3571045229999559
2008-02-27,1.3904095535829308,1.3629440578678664
2008-02-28,1.40238419248129,1.3743346227789595
2008-02-29,1.408202620994818,1.379849034822395
2008-03-03,1.413949668309813,1.3854698985904366
2008-03-04,1.3985330124584652,1.3701865868715666
2008-03-05,1.4494862770180317,1.4191725419428436
2008-03-06,1.432790075158812,1.4026017378247588
2008-03-07,1.4287445550416902,1.3986249576117897
2008-03-10,1.4348249343654103,1.4036572023196707
2008-03-11,1.4575345731380454,1.4249502718299665
2008-03-12,1.472893064368134,1.4391047204069438
2008-03-13,1.4760639274084315,1.442178479038334
2008-03-14,1.4821283846570765,1.4479949370230991
2008-03-17,1.4801091599221896,1.4459104469183743
2008-03-18,1.476642385529327,1.4425033373277323
2008-03-19,1.4608124727104195,1.42701742446222
2008-03-20,1.4676373528441453,1.4333434852960976
2008-03-24,1.4675609684282893,1.4326722537445635
2008-03-25,1.4800856832343947,1.4446166037904524
2008-03-26,1.482291907220403,1.4466543630340019
2008-03-27,1.479900501996375,1.444304535155465
2008-03-28,1.480469143374462,1.4446841645815873
2008-03-31,1.480849581665663,1.444773896688549
2008-04-01,1.5000606266052139,1.4628652318107376
2008-04-02,1.5043312723134838,1.4666926219504561
2008-04-03,1.507788560966845,1.4697323920326268
2008-04-04,1.5156629047644776,1.4774059894214193
2008-04-07,1.520499757478106,1.4821069906197848
2008-04-08,1.5188092197393965,1.4804444306454965
2008-04-09,1.515612899930956,1.4773235679246597
2008-04-10,1.5161155269911615,1.4778004407269738
2008-04-11,1.5125238823093041,1.4742046998377532
2008-04-14,1.511059764005133,1.4727577870255484
2008-04-15,1.5098343709554172,1.4715560318946557
2008-04-16,1.5366910100816293,1.4968868913532833
2008-04-17,1.5368165591061609,1.4965787570238485
2008-04-18,1.5455682135903674,1.5046846598818644
2008-04-21,1.5452817613876233,1.5043949209313814
2008-04-22,1.5451981052911674,1.5040014138904634
2008-04-23,1.5495476010719293,1.5079294656506164
2008-04-24,1.547243463409215,1.5052609678270432
2008-04-25,1.5565711673929228,1.5143064456545363
2008-04-28,1.5621772058338976,1.5197276810081393
2008-04-29,1.5585965804469015,1.5156907015017749
2008-04-30,1.563695146097952,1.5204989644986384
2008-05-01,1.5762925527587461,1.5325976385433235
2008-05-02,1.5759882082761172,1.5322296979095151
2008-05-05,1.5773894286065153,1.5335678506023123
2008-05-06,1.5781572727008895,1.5339191039988247
2008-05-07,1.573403748171134,1.5288899045129993
2008-05-08,1.5770990428987113,1.5324617497424395
2008-05-09,1.575220426629218,1.5306289067840773
2008-05-12,1.5775058045998398,1.532840430312368
2008-05-13,1.5783090618698212,1.5332153279219658
2008-05-14,1.5783839290853012,1.5332300708443487
2008-05-15,1.5892616129067927,1.54340587495808
2008-05-16,1.5922773276994626,1.5461331389839403
2008-05-19,1.5952865664737352,1.548855373702615
2008-05-20,1.5934949042399293,1.5469157101143356
2008-05-21,1.589816529783473,1.5432859888562314
2008-05-22,1.5863774378343833,1.539153049081411
2008-05-23,1.585191843755317,1.5372777486656528
2008-05-27,1.582429742554148,1.5337186725117429
2008-05-28,1.5915097161685758,1.5425110617915874
2008-05-29,1.5924930096072596,1.5431296380597006
2008-05-30,1.594570666903703,1.5450904711526852
2008-06-02,1.5836909558286807,1.534032549531067
2008-06-03,1.5757635827374459,1.5263451583432224
2008-06-04,1.570279965366624,1.5203633816991173
2008-06-05,1.5920100553775896,1.540454205874543
2008-06-06,1.6595714212175021,1.6043811446445433
2008-06-09,1.6625907508572564,1.6059889604766018
2008-06-10,1.6711988191393077,1.6143002616851674
2008-06-11,1.6741631414724893,1.617154775701305
2008-06-12,1.6862512907259302,1.6288273572643595
2008-06-13,1.6876780969509753,1.629411549874074
2008-06-16,1.6811191490119952,1.622284737858168
2008-06-17,1.6772325502296646,1.6185305153893368
2008-06-18,1.6870901037952981,1.627735537753427
2008-06-19,1.6803375808103354,1.6208798315641755
2008-06-20,1.681478401111285,1.6219709305987804
2008-06-23,1.6944467734600914,1.6338996898735103
2008-06-24,1.6909089201505587,1.6304869727008702
2008-06-25,1.6535702828538228,1.5931564436790897
2008-06-26,1.6871137196528394,1.624076332096469
2008-06-27,1.7064704008675833,1.6426914810102418
2008-06-30,1.7051770875874979,1.641434855049742
2008-07-01,1.7197696361370691,1.6554734989787927
2008-07-02,1.7351417842419383,1.6702621505732056
2008-07-03,1.7255051609549945,1.660974666703078
2008-07-07,1.7165529112535494,1.6523506587815844
2008-07-08,1.7124019804317532,1.6483321138248974
2008-07-09,1.7208900527972826,1.6557115333638497
2008-07-10,1.7317450413538895,1.6661490941993415
2008-07-11,1.7378619889926117,1.6712384571337302
2008-07-14,1.747163401927007,1.6793880807529546
2008-07-15,1.7443413724173022,1.676667033165469
2008-07-16,1.7137909646816774,1.6464956100636334
2008-07-17,1.7025656372967215,1.6347126397565788
2008-07-18,1.6880592985426515,1.620779706283676
2008-07-21,1.70823429574889,1.6401467280232407
2008-07-22,1.6683550109692624,1.6018394609067497
2008-07-23,1.6539344249280217,1.5873297397136679
2008-07-24,1.6693447668709125,1.6010448399727302
2008-07-25,1.6759249171272586,1.6062718228465354
2008-07-28,1.6871912087389391,1.615903621097568
2008-07-29,1.6928843888296585,1.6201317775965807
2008-07-30,1.6926213023493493,1.6192525501428399
2008-07-31,1.7007780834609818,1.6262974006578204
2008-08-01,1.7026552322493218,1.6279570368361762
2008-08-04,1.6999348012909214,1.6253431759188628
2008-08-05,1.7086774112093608,1.633009432633715
2008-08-06,1.7122607702891814,1.6358589277461237
2008-08-07,1.725668811459803,1.6474574554290078
2008-08-08,1.7350057629181412,1.6563099857168686
2008-08-11,1.7365941389563324,1.657329535720808
2008-08-12,1.7418449925889858,1.6618283090809307
2008-08-13,1.7367067898149566,1.656922331214639
2008-08-14,1.7449553152820267,1.6646593363523197
2008-08-15,1.753074783396594,1.672396493472349
2008-08-18,1.7530584258103428,1.6722443725379486
2008-08-19,1.74873557288879,1.6680597520600222
2008-08-20,1.7517344068639569,1.670854867277417
2008-08-21,1.7434853347169954,1.662921183345786
2008-08-22,1.7511257820353432,1.6700023318026562
2008-08-25,1.7587067521471045,1.6770249803054953
2008-08-26,1.761989746406872,1.680085506405348
2008-08-27,1.763410054638804,1.6813035014022844
2008-08-28,1.768476466830575,1.6861034696581387
2008-08-29,1.7644684282138523,1.6822709849060786
2008-09-02,1.7731255427641217,1.6904966581893053
2008-09-03,1.7763086665533945,1.6931626930064152
2008-09-04,1.7822330769556998,1.6987106300963455
2008-09-05,1.7809154450423395,1.697445457395768
2008-09-08,1.7907272015444244,1.7067029725482576
2008-09-09,1.795191830148193,1.7108650320689225
2008-09-10,1.7929200826606924,1.7086930138726983
2008-09-11,1.790864492632647,1.7067177069723216
2008-09-12,1.7783232056685774,1.6944076059893287
2008-09-15,1.7915332894354383,1.7064750292476873
2008-09-16,1.7924699033484137,1.7072641063116123
2008-09-17,1.8053093454564944,1.7192986462607747
2008-09-18,1.808640406752855,1.7222858899904758
2008-09-19,1.8060381023746426,1.7197071023842332
2008-09-22,1.8235919321689513,1.7351250364258148
2008-09-23,1.8138506623065604,1.725850605606893
2008-09-24,1.8204190678722467,1.7313125865596288
2008-09-25,1.8167574672916624,1.7278196819182532
2008-09-26,1.8282145835173753,1.7385260215420393
2008-09-29,1.864959992283801,1.7732776936806138
2008-09-30,1.8714393760228312,1.7792518071229138
2008-10-01,1.887107916602127,1.7939611415890733
2008-10-02,1.9082902689139665,1.8138177485866127
2008-10-03,1.9118052223945394,1.8171498915823516
2008-10-06,1.941845084060409,1.8454204970818415
2008-10-07,1.9439296186407389,1.847392207418511
2008-10-08,1.9378467819575154,1.8416041424896223
2008-10-09,1.9381376540450224,1.8418703038578346
2008-10-10,1.9120625341517483,1.817086180735271
2008-10-13,1.9004445362951465,1.8057617627291807
2008-10-14,1.8996832107543857,1.80424566266872
2008-10-15,1.9208328939558248,1.8234007818836158
2008-10-16,1.9220910999248781,1.824328462577328
2008-10-17,1.925120637626437,1.8264085091376716
2008-10-20,1.9403692597984774,1.8400814788112922
2008-10-21,1.962811541154405,1.8613636676604304
2008-10-22,1.9934854872959564,1.8904346792494189
2008-10-23,1.9935997435260593,1.8905327882489893
2008-10-24,2.0132725825972075,1.9091865183080345
2008-10-27,2.013918412758992,1.9097917034718395
2008-10-28,1.9878668696235873,1.885050390571144
2008-10-29,1.9556959601949073,1.853671324634611
2008-10-30,1.9534512981781411,1.8515437620182005
2008-10-31,1.9826296688482399,1.8791999571076108
2008-11-03,1.9923556777614597,1.8884185801413156
2008-11-04,1.95045875941956,1.8487073378512833
2008-11-05,1.9648419954262353,1.8614775443012885
2008-11-06,1.9926324684208763,1.8869373989237679
2008-11-07,1.9881254246474498,1.8826694219689386
2008-11-10,1.9896282329382406,1.8840925169010176
2008-11-11,2.0107614897963337,1.9031662701741647
2008-11-12,2.0174711708370885,1.9087664833210458
2008-11-13,1.985293468019415,1.8771686208874845
2008-11-14,2.003887455774962,1.893479235553269
2008-11-17,2.0097573518433096,1.8990069577200377
2008-11-18,2.0196653772529496,1.9083537286262982
2008-11-19,2.0391287726358436,1.9267274458691885
2008-11-20,2.069869111835811,1.9557470511477983
2008-11-21,2.0793680287498937,1.9644967190413665
2008-11-24,2.0626790520898335,1.9485848022206353
2008-11-25,2.082665091163532,1.9673218171367635
2008-11-26,2.082236154983851,1.9668849681051286
2008-11-28,2.088676732045411,1.972958554471378
2008-12-01,2.123884065144039,2.0060338492620087
2008-12-02,2.1277915865413037,2.0097088683293367
2008-12-03,2.1345122752198398,2.015991868923664
2008-12-04,2.1425156401803225,2.02354275422678
2008-12-05,2.131015412040851,2.012664519963237
2008-12-08,2.12850787206669,2.010267102732575
2008-12-09,2.1465573851232405,2.0272911286453343
2008-12-10,2.160033983917503,2.0396924869933493
2008-12-11,2.168150342624069,2.0469470707905697
2008-12-12,2.1730813704902685,2.0515774270932092
2008-12-15,2.1867234122901356,2.064350680100201
2008-12-16,2.2427035044423995,2.117041676184786
2008-12-17,2.266890509064745,2.1398132394374834
2008-12-18,2.2961730774441773,2.1671614339449983
2008-12-19,2.2817785923196006,2.153485247415497
2008-12-22,2.2994122552388583,2.1700610595124816
2008-12-23,2.301573298293117,2.1720848988360557
2008-12-24,2.3078455358079735,2.1779564352383582
2008-12-26,2.321960823576133,2.1912687947635656
2008-12-29,2.3338164174414704,2.2024090280986592
2008-12-30,2.351608301444066,2.219042139645232
2008-12-31,2.3611183336658654,2.2280048884063053
2009-01-02,2.3534949417594975,2.220798823661543
2009-01-05,2.363595755689595,2.230307430360119
2009-01-06,2.371408579440569,2.2376411202994317
2009-01-07,2.334099282718022,2.2023883570363747
2009-01-08,2.3372989631675054,2.205363900860611
2009-01-09,2.334062473606618,2.202245766749371
2009-01-12,2.3095615172190755,2.1789773780236006
2009-01-13,2.3110442243171003,2.1802298507130717
2009-01-14,2.3045436847563927,2.1739873902082523
2009-01-15,2.307602025431145,2.1768302372119805
2009-01-16,2.325184669343739,2.1934118358261765
2009-01-20,2.3262840078805214,2.1941043930116324
2009-01-21,2.308207391233327,2.1770131944149074
2009-01-22,2.3053773391311334,2.1740633353293166
2009-01-23,2.3160134188857757,2.184076260385324
2009-01-26,2.3125574979974224,2.1804477952791705
2009-01-27,2.328262136424261,2.1952317432343467
2009-01-28,2.355780711560702,2.2205045549724947
2009-01-29,2.3520186422091434,2.2166092203047265
2009-01-30,2.372836819194737,2.23619781386534
2009-02-02,2.353084185564823,2.2175374482519206
2009-02-03,2.3428907514835244,2.2079107056192764
2009-02-04,2.353875070850799,2.217550772221246
2009-02-05,2.35959155440184,2.222771942814273
2009-02-06,2.38007917011774,2.241850899719531
2009-02-09,2.3724522850477006,2.2346450837605865
2009-02-10,2.391481827116222,2.2518589044374178
2009-02-11,2.4061955768731504,2.265606557848624
2009-02-12,2.4126104730734528,2.27162583402392
2009-02-13,2.4077938372197902,2.267075788022438
2009-02-17,2.4360196860256003,2.2933151890315915
2009-02-18,2.4444192508718383,2.3004111090631008
2009-02-19,2.4192452017054333,2.2757911790286753
2009-02-20,2.428362260215401,2.284363782859828
2009-02-23,2.442629207192523,2.297734773329884
2009-02-24,2.387713919234032,2.246071876232598
2009-02-25,2.3884050595176896,2.2466628788543144
2009-02-26,2.366157915054929,2.225676179013549
2009-02-27,2.36294856874947,2.2226258096420457
2009-03-02,2.3591310155749383,2.2190294402033075
2009-03-03,2.3476699399020537,2.2082422444500693
2009-03-04,2.339070505496083,2.2001273969425688
2009-03-05,2.3794264761860595,2.2380029154294294
2009-03-06,2.3759329976948003,2.234686719232093
2009-03-09,2.357608936808083,2.2174468331500394
2009-03-10,2.331809477319298,2.1926492019939317
2009-03-11,2.3296923690015334,2.190125384131807
2009-03-12,2.351042396593672,2.2099641324814034
2009-03-13,2.363530937513518,2.2216985099693733
2009-03-16,2.3488614045604885,2.2079015411272462
2009-03-17,2.3503134895619255,2.2090938993259215
2009-03-18,2.3922823949618692,2.2470963409792195
2009-03-19,2.417882313942913,2.2710139791658643
2009-03-20,2.4101129904536753,2.263697871067474
2009-03-23,2.4488839280865027,2.2997446157593977
2009-03-24,2.403381501575363,2.255864338369983
2009-03-25,2.4250475195301227,2.2761939420434425
2009-03-26,2.454362087338469,2.3032416937222093
2009-03-27,2.4064608535443703,2.2582720690226448
2009-03-30,2.3523044526479167,2.205967732018504
2009-03-31,2.373206298410075,2.2240099950870214
2009-04-01,2.3885911600040397,2.2383824575184055
2009-04-02,2.419987832107527,2.2675580034357674
2009-04-03,2.457955547033226,2.301691218594308
2009-04-06,2.4292553352607675,2.274810809552002
2009-04-07,2.376005830981069,2.224756391359759
2009-04-08,2.394555675865527,2.2406750723109754
2009-04-09,2.497400454613538,2.3355210137265923
2009-04-13,2.5107652123054787,2.346391114094159
2009-04-14,2.499872720912575,2.3361890788655475
2009-04-15,2.5181549106318943,2.3532508429351204
2009-04-16,2.529648000559611,2.363688037422453
2009-04-17,2.529908090116026,2.363914506606232
2009-04-20,2.5096227300600233,2.3443170075035016
2009-04-21,2.52400486150242,2.357473745472432
2009-04-22,2.5203130711972177,2.3536078120177923
2009-04-23,2.532242916585555,2.3647084227994175
2009-04-24,2.5539735007234965,2.38488718727714
2009-04-27,2.5395808541182294,2.371332321848342
2009-04-28,2.5356115806379647,2.367613063011062
2009-04-29,2.5609624269936053,2.3911645089080267
2009-04-30,2.5694821240048427,2.3991097929298633
2009-05-01,2.5734666976494167,2.4027172941904293
2009-05-04,2.609032079226574,2.435762133610368
2009-05-05,2.6128669233488373,2.4392960009240228
2009-05-06,2.6393651183440863,2.463984384566741
2009-05-07,2.614927845992147,2.4411281637682927
2009-05-08,2.6460690723934146,2.469982634933411
2009-05-11,2.635353062702413,2.4599732096667135
2009-05-12,2.6507737936836917,2.4743607076651433
2009-05-13,2.629232275752886,2.4542003910782686
2009-05-14,2.6351634755668614,2.4597052142092344
2009-05-15,2.6265401223170097,2.4516495744043842
2009-05-18,2.6465875899246654,2.4703317075796716
2009-05-19,2.6580960369144355,2.481047210629285
2009-05-20,2.6754031916771703,2.497170823660724
2009-05-21,2.6638786497704094,2.4864001647753255
2009-05-22,2.66654901788748,2.4888701487624334
2009-05-26,2.674730812806279,2.4964807578779014
2009-05-27,2.659508060130107,2.4822331312863195
2009-05-28,2.6783974187341353,2.4998287978337994
2009-05-29,2.7212019440101693,2.5397615382843552
2009-06-01,2.7519685405488232,2.567648955636864
2009-06-02,2.7668741243051604,2.5808570764729373
2009-06-03,2.7407245987581144,2.556385927123801
2009-06-04,2.7699818181324005,2.583020120586455
2009-06-05,2.744201350917049,2.558964742730526
2009-06-08,2.733965780910026,2.549390265292675
2009-06-09,2.7532678699751125,2.5673761856173716
2009-06-10,2.7552603011423153,2.569209038016654
2009-06-11,2.7698627702278285,2.582810585727188
2009-06-12,2.7692847581290154,2.581640417767501
2009-06-15,2.7330282083102704,2.5478289268792444
2009-06-16,2.7267640109768982,2.541957910828106
2009-06-17,2.729164556191831,2.54411906878683
2009-06-18,2.7175476881819565,2.533285917998831
2009-06-19,2.726304339808442,2.5414027421473717
2009-06-22,2.7063084517364246,2.5219941904065504
2009-06-23,2.7256679267587227,2.539705597982273
2009-06-24,2.730727761784117,2.5440462370792765
2009-06-25,2.7626194232124277,2.5736218227051095
2009-06-26,2.763461404512362,2.574382785211897
2009-06-29,2.7752676254388553,2.5851710735303706
2009-06-30,2.7673427820811396,2.5775236532863928
2009-07-01,2.7788044946331665,2.58781630373005
2009-07-02,2.7546958853606127,2.564751501829149
2009-07-06,2.742205069088431,2.553093264462827
2009-07-07,2.744863677627244,2.5546229630823807
2009-07-08,2.7696690264608494,2.5777002130902034
2009-07-09,2.770379689352789,2.57786405673393
2009-07-10,2.7769075515556554,2.5839125708046953
2009-07-13,2.7748705188040015,2.582010715405304
2009-07-14,2.765397743107374,2.573162672545483
2009-07-15,2.7903304678392806,2.595505425377311
2009-07-16,2.8025467655316927,2.6065855735214654
2009-07-17,2.8048762549203357,2.6086208105920634
2009-07-20,2.833381775719688,2.6347226173167106
2009-07-21,2.8538040053213605,2.6534928918478933
2009-07-22,2.8509836447687493,2.650648852142558
2009-07-23,2.8706652465288394,2.668824902902041
2009-07-24,2.8782088030592288,2.6758219699030983
2009-07-27,2.8800293190517396,2.6775074273422437
2009-07-28,2.8819365149819705,2.678839124682806
2009-07-29,2.8806544239786294,2.6776104347457457
2009-07-30,2.9069422746795444,2.701802241866165
2009-07-31,2.9402095482120325,2.7323357286779335
2009-08-03,2.953323974286732,2.7443797842461994
2009-08-04,2.9571144202692263,2.7478774271791844
2009-08-05,2.960094665802185,2.7504502245635813
2009-08-06,2.949519191183412,2.7406087966029
2009-08-07,2.9531403707798423,2.7439586881878393
2009-08-10,2.9518655066378954,2.7427406174291162
2009-08-11,2.946035056473771,2.737123991347819
2009-08-12,2.9522900109229786,2.7427365644679167
2009-08-13,2.974208083277381,2.7629028063998695
2009-08-14,2.961278301080053,2.7507965789998883
2009-08-17,2.9308517185733045,2.7220801083791786
2009-08-18,2.946508482422269,2.73650396181764
2009-08-19,2.961628614183176,2.7502468592076323
2009-08-20,2.975507331117204,2.7630051805032947
2009-08-21,2.991093542750929,2.7774665270076895
2009-08-24,2.9945908640088947,2.780690929445778
2009-08-25,3.000929629817578,2.786553547956036
2009-08-26,3.0062862435118323,2.7915176713203564
2009-08-27,3.007454479393269,2.792575005057135
2009-08-28,3.018039691551228,2.8023970331530186
2009-08-31,3.0146105818306035,2.799119449616891
2009-09-01,2.98989367053706,2.7761417277994367
2009-09-02,3.007801528238403,2.792698435838952
2009-09-03,3.026154551506535,2.809708723123355
2009-09-04,3.0353140611786036,2.8181876174770744
2009-09-08,3.0546239320799864,2.8360251484880727
2009-09-09,3.058454820957976,2.839558497072585
2009-09-10,3.0883488365676435,2.867295264356551
2009-09-11,3.1009494386572305,2.8789054900818356
2009-09-14,3.0950437112068796,2.873404241133118
2009-09-15,3.1088080694517393,2.886077247766967
2009-09-16,3.139241089568253,2.9142871027949346
2009-09-17,3.143376391254719,2.9180939949141966
2009-09-18,3.1311469397841805,2.9067243849278563
2009-09-21,3.124202146123943,2.900175957390243
2009-09-22,3.144990721265435,2.919364001919488
2009-09-23,3.1337855443832736,2.9088651157791077
2009-09-24,3.1163048221659775,2.8926233908065897
2009-09-25,3.1191629455438554,2.895227461445666
2009-09-28,3.1396236327918228,2.914187023099639
2009-09-29,3.1340187532889536,2.908972055553305
2009-09-30,3.1420283593426213,2.916316114194577
2009-10-01,3.106743831144833,2.88353389460592
2009-10-02,3.0953379364740594,2.872857865689409
2009-10-05,3.124428689548384,2.899839459801244
2009-10-06,3.1393806502113377,2.913590084641734
2009-10-07,3.1545621936740966,2.9275892196493736
2009-10-08,3.1650043654326234,2.937194103612403
2009-10-09,3.1492952838133412,2.9226070770332786
2009-10-12,3.160354367144843,2.9327842704086895
2009-10-13,3.165706531989175,2.9377438819562367
2009-10-14,3.1909509234634315,2.9604576246466596
2009-10-15,3.184953741014533,2.954857325089611
2009-10-16,3.175356315316074,2.94591626694948
2009-10-19,3.1976917623157965,2.9659489540985207
2009-10-20,3.1939336095198065,2.962446231612936
2009-10-21,3.1895048004592153,2.958314281735021
2009-10-22,3.203522024125467,2.97107959272127
2009-10-23,3.1876606439491337,2.9563302064222463
2009-10-26,3.1614762931216474,2.931580521198325
2009-10-27,3.1577172222931518,2.92760779161141
2009-10-28,3.138453518478013,2.908463043528548
2009-10-29,3.1796989584969646,2.9454237740075864
2009-10-30,3.1807945117582697,2.9456324972442642
2009-11-02,3.1885224452431533,2.952777034764418
2009-11-03,3.203631113351295,2.966616737480628
2009-11-04,3.2121161381234846,2.9743171482899076
2009-11-05,3.2319965388238256,2.9919368755729923
2009-11-06,3.230545803205503,2.990530415440911
2009-11-09,3.2613980447642232,3.018701359809536
2009-11-10,3.257031795737407,3.014644059052865
2009-11-11,3.270287595933354,3.0269093249267045
2009-11-12,3.260216342863708,3.017232341914453
2009-11-13,3.2743873397241514,3.029993066475365
2009-11-16,3.3086669368752917,3.0616985336806
2009-11-17,3.3104755192961797,3.0631257799372675
2009-11-18,3.3075847252236996,3.060204524935045
2009-11-19,3.296236481515034,3.0496899353291473
2009-11-20,3.291255274713334,3.045059417393035
2009-11-23,3.3026713191472905,3.055493193707371
2009-11-24,3.3062875595780756,3.0585784557564546
2009-11-25,3.322718659214883,3.073771152091809
2009-11-27,3.3073136144999964,3.059198834317094
2009-11-30,3.3234003795287426,3.073767953219022
2009-12-01,3.339531321138971,3.0884129007692573
2009-12-02,3.3419268213726863,3.090347104182536
2009-12-03,3.335519992387139,3.084038513989316
2009-12-04,3.323968903395762,3.0733480065876955
2009-12-07,3.31793286015759,3.0677167995090553
2009-12-08,3.3157772815674473,3.0654467243880115
2009-12-09,3.311389232832406,3.061123961017191
2009-12-10,3.31439129996651,3.0636475128071017
2009-12-11,3.311288242541329,3.060687944795702
2009-12-14,3.3260644561177046,3.074145221288486
2009-12-15,3.316019086397154,3.0647132306431613
2009-12-16,3.32673675635794,3.0744566897417416
2009-12-17,3.3300979051692954,3.0771862477489664
2009-12-18,3.332876328877695,3.07962131347024
2009-12-21,3.340012714617788,3.0848880468119604
2009-12-22,3.35311993723457,3.0960719473898566
2009-12-23,3.363197632811901,3.104399430616377
2009-12-24,3.3786315127586706,3.117891239646478
2009-12-28,3.377525804394416,3.116860094476996
2009-12-29,3.366785217877974,3.1068921491036345
2009-12-30,3.3736552005470632,3.112964216747428
2009-12-31,3.367340314367997,3.107107695520532
2010-01-04,3.404327100852485,3.141021088050645
2010-01-05,3.4164790934749263,3.1514493858324544
2010-01-06,3.4247875909548733,3.1590724164682875
2010-01-07,3.4317182245392743,3.1654555691207107
2010-01-08,3.4382164884797612,3.171429373897529
2010-01-11,3.439980282028109,3.1730393235683816
2010-01-12,3.4273916167849854,3.1605966817706244
2010-01-13,3.438047470261309,3.169595469183816
2010-01-14,3.442491839808696,3.1736726814310625
2010-01-15,3.4303932166904474,3.161813043782586
2010-01-19,3.454882235797615,3.183681571804809
2010-01-20,3.445531562769138,3.1742874242756787
2010-01-21,3.4260142322541833,3.1559265110500228
2010-01-22,3.4238233866590835,3.152547072499175
2010-01-25,3.423754296549111,3.151875594993396
2010-01-26,3.426504939675083,3.1543821311808267
2010-01-27,3.4286435095957195,3.1555087617200233
2010-01-28,3.42885727274075,3.15487675459787
2010-01-29,3.447436453557066,3.1706625398667754
2010-02-01,3.4391606059178037,3.1617357225896834
2010-02-02,3.445280896091306,3.1661286193694145
2010-02-03,3.449176093134332,3.169127069358302
2010-02-04,3.463243782289041,3.1814708694502194
2010-02-05,3.469504673437516,3.1862697281310144
2010-02-08,3.4734839026508904,3.1899025794612696
2010-02-09,3.461653477956838,3.178506141435209
2010-02-10,3.4599465725483256,3.176910245615276
2010-02-11,3.455628606119335,3.172869977427317
2010-02-12,3.4598578397408004,3.176741745856057
2010-02-16,3.4743433505808765,3.1895327599928414
2010-02-17,3.4787205404806114,3.1933119107742813
2010-02-18,3.4894469107699817,3.202849810919453
2010-02-19,3.4969453669766097,3.2092789847935053
2010-02-22,3.4951258468130684,3.2062377105296544
2010-02-23,3.501935792578767,3.2101933449951705
2010-02-24,3.511262067233231,3.2184312755554982
2010-02-25,3.5109320675769453,3.2181026330094693
2010-02-26,3.5223875922576013,3.2281168616706655
2010-03-01,3.5285044027496553,3.2335306580108574
2010-03-02,3.534829829204974,3.239308815501665
2010-03-03,3.536796287464012,3.241028720991001
2010-03-04,3.5428969902000134,3.2465938670870917
2010-03-05,3.5517128299228578,3.254462675081189
2010-03-08,3.5526590550714605,3.2550820137090586
2010-03-09,3.5559460071479396,3.2580593144877454
2010-03-10,3.5582270658115935,3.2599986037221025
2010-03-11,3.5603770763607305,3.2619592056338362
2010-03-12,3.5606506896693637,3.2619712211800134
2010-03-15,3.55965364885386,3.2610369285558276
2010-03-16,3.5791767787442432,3.278788582264758
2010-03-17,3.5887292281844783,3.2875192143576006
2010-03-18,3.586709064119936,3.2856594300427147
2010-03-19,3.576988991618145,3.276619506221168
2010-03-22,3.584655969963436,3.2835107197849083
2010-03-23,3.589056670750541,3.287521820830369
2010-03-24,3.575404759369019,3.27466835942084
2010-03-25,3.5743670664078406,3.272615031290631
2010-03-26,3.581358728899676,3.2778684235821665
2010-03-29,3.597646256254295,3.291884380606443
2010-03-30,3.5991118001505016,3.292287894955165
2010-03-31,3.597918582719279,3.291035126706425
2010-04-01,3.6138443314142674,3.305558189686364
2010-04-05,3.6254776119983623,3.3152915426765577
2010-04-06,3.638612395193324,3.3271952579505637
2010-04-07,3.6356879988117807,3.324487099089199
2010-04-08,3.637210230826128,3.3257859074983425
2010-04-09,3.6502013435279617,3.3376517058648485
2010-04-12,3.6494469123163684,3.336099570571904
2010-04-13,3.6583861903437165,3.344216451131814
2010-04-14,3.6748801204057515,3.3592691253797926
2010-04-15,3.675314110328905,3.3596140406349466
2010-04-16,3.643027249072296,3.3298715262576657
2010-04-19,3.638088238697844,3.324964779738502
2010-04-20,3.6576349964189885,3.3426005816303364
2010-04-21,3.6669267421889202,3.3510206164206613
2010-04-22,3.6636221973220953,3.3479865398228417
2010-04-23,3.6762430005475704,3.359504809183446
2010-04-26,3.67420326860315,3.357622956455367
2010-04-27,3.663639703630193,3.3476764779709156
2010-04-28,3.665403623754544,3.3491232270493962
2010-04-29,3.6884911480897786,3.3701934575519834
2010-04-30,3.6928692369924327,3.3741580624421013
2010-05-03,3.7038063450099807,3.3841053556903202
2010-05-04,3.6954048560528845,3.3761545362673844
2010-05-05,3.696273878404218,3.376095436634648
2010-05-06,3.727033869779155,3.4032912947722798
2010-05-07,3.7188502072163336,3.3955830014042716
2010-05-10,3.723979732997561,3.3994372738172434
2010-05-11,3.750348401070276,3.4234523724699932
2010-05-12,3.7566389849366035,3.4289932676222223
2010-05-13,3.7608950839263757,3.432676458019353
2010-05-14,3.771971505314392,3.4427741066065947
2010-05-17,3.7645873965483596,3.4360058433604053
2010-05-18,3.784934202818155,3.4544058376004045
2010-05-19,3.7667311184591705,3.4377696418941586
2010-05-20,3.7652887942312248,3.436262929131278
2010-05-21,3.766755324237342,3.437581594044319
2010-05-24,3.7778626291285655,3.4476761539861824
2010-05-25,3.7802488238957626,3.4498421877919276
2010-05-26,3.786948309332349,3.4558054475007105
2010-05-27,3.7697308348948786,3.439311780264091
2010-05-28,3.7773731224068308,3.4462341425472136
2010-06-01,3.7872767801050156,3.4552367855472745
2010-06-02,3.784852104074693,3.4522429699088604
2010-06-03,3.77802163469833,3.4450723426617302
2010-06-04,3.8065476018532265,3.470263464623935
2010-06-07,3.8322215352806075,3.49351247289481
2010-06-08,3.8265931476283543,3.4883627138076254
2010-06-09,3.8239946085710326,3.485844906923734
2010-06-10,3.799018404498341,3.4630628894629627
2010-06-11,3.811819009956695,3.474714533251633
2010-06-14,3.8063429063091365,3.469606580992676
2010-06-15,3.809158299141984,3.4720267330633363
2010-06-16,3.8119043559239576,3.4745038137138327
2010-06-17,3.8276677439036235,3.4886054826497435
2010-06-18,3.8311837143266376,3.4917909882541593
2010-06-21,3.830971173599911,3.491335012004006
2010-06-22,3.8415405172353654,3.500765971917618
2010-06-23,3.8463113063519674,3.505002790020684
2010-06-24,3.8409547278082874,3.499736715053052
2010-06-25,3.851491756435711,3.509049167007989
2010-06-28,3.858547883790132,3.5154705134836592
2010-06-29,3.866939908054645,3.522825705393416
2010-06-30,3.8740845018310863,3.5293195058616744
2010-07-01,3.8766364596450957,3.5307854803668475
2010-07-02,3.8679914290024366,3.522904463940083
2010-07-06,3.885337093299642,3.5385993926856094
2010-07-07,3.8938607302476336,3.5460880869721327
2010-07-08,3.8936309331439536,3.545857983679452
2010-07-09,3.888750243536092,3.5413917637024355
2010-07-12,3.8896520094665794,3.542178107357232
2010-07-13,3.898552806928095,3.550048025345565
2010-07-14,3.910381813870677,3.5606342641671005
2010-07-15,3.9176397655771917,3.567206823801903
2010-07-16,3.9119644478337356,3.561743697472539
2010-07-19,3.914544539355553,3.5639504477505617
2010-07-20,3.925917249562377,3.57424792122252
2010-07-21,3.9358266567412117,3.5832608428538233
2010-07-22,3.958562608745911,3.603669922272732
2010-07-23,3.962186940480602,3.6069477531006604
2010-07-26,3.969722909673828,3.613781978669865
2010-07-27,3.959508370631393,3.604465404165811
2010-07-28,3.961055415549234,3.6058544868297284
2010-07-29,3.9661078414385975,3.6104229640286123
2010-07-30,3.9786998794683774,3.6218798829571455
2010-08-02,3.9989954720404173,3.640211429292895
2010-08-03,4.002956845449111,3.6437805730358606
2010-08-04,3.9967291665233056,3.638098198776863
2010-08-05,3.9981709366975555,3.6393705945291037
2010-08-06,4.007260657441955,3.647627207086772
2010-08-09,4.011943895571665,3.6518614798457785
2010-08-10,4.0052922895696845,3.6457913375867443
2010-08-11,3.977691732636817,3.620512244804217
2010-08-12,3.9707350806748143,3.6138525287041556
2010-08-13,3.9843278561733646,3.6262058163574316
2010-08-16,4.014523099318074,3.6534534131731324
2010-08-17,4.022396741712549,3.6604323525137543
2010-08-18,4.0235994232597285,3.661501954981058
2010-08-19,4.023261038002029,3.6610195122079667
2010-08-20,4.021587902744298,3.659165279769704
2010-08-23,4.022646593693999,3.659983341847927
2010-08-24,4.038838688972334,3.6745052197108445
2010-08-25,4.047624298910615,3.6823493288663935
2010-08-26,4.05029735292743,3.6847581533396894
2010-08-27,4.038954207883516,3.6741219562871628
2010-08-30,4.05731340072687,3.690499655649685
2010-08-31,4.073804356374736,3.705400055290864
2010-09-01,4.094018872692274,3.7232253359708953
2010-09-02,4.101458404858607,3.729894671557393
2010-09-03,4.102758417389878,3.7310186406198604
2010-09-07,4.105674522278052,3.7336355542455903
2010-09-08,4.109302770663471,3.736909435319733
2010-09-09,4.093964466094881,3.7228527123513664
2010-09-10,4.098366544680734,3.726796466176287
2010-09-13,4.120845881805134,3.747228001747371
2010-09-14,4.146846620938873,3.770834101453589
2010-09-15,4.144275455665438,3.7684022833404156
2010-09-16,4.1433336567168775,3.767348922229039
2010-09-17,4.146472592039163,3.7701994903458536
2010-09-20,4.16696523033095,3.7886402756918773
2010-09-21,4.181833430909391,3.802133310194949
2010-09-22,4.178761634317762,3.799310174470871
2010-09-23,4.168362064686538,3.7898399084818335
2010-09-24,4.191015037159161,3.810273670542321
2010-09-27,4.19716127382131,3.815808277821099
2010-09-28,4.215492562539407,3.8324557187964006
2010-09-29,4.215630624798861,3.832530452951883
2010-09-30,4.223537590203357,3.839580768289687
2010-10-01,4.237577823317798,3.852323883218967
2010-10-04,4.230473338078068,3.8458276177489656
2010-10-05,4.272173212184058,3.883710239126041
2010-10-06,4.286692016610765,3.8968326260420234
2010-10-07,4.269667144976265,3.8813070266354006
2010-10-08,4.29268475740202,3.9021898838179148
2010-10-11,4.294378661786017,3.9037106955228738
2010-10-12,4.29209579838958,3.9014437791105077
2010-10-13,4.31893922169091,3.925753472776387
2010-10-14,4.310057231260219,3.917654454204398
2010-10-15,4.3009446317812525,3.908770776765516
2010-10-18,4.319381523665992,3.9249777467468987
2010-10-19,4.2736788107264045,3.883421045274766
2010-10-20,4.3045225383434484,3.911307592787547
2010-10-21,4.287470206111785,3.895796029718931
2010-10-22,4.298646293432393,3.9058886032449878
2010-10-25,4.313759466976217,3.919593630362491
2010-10-26,4.30728965434813,3.9136906814177674
2010-10-27,4.2818874252001855,3.8888975211553753
2010-10-28,4.295207327381571,3.899283975988788
2010-10-29,4.3062417193958495,3.9092906621221823
2010-11-01,4.308084735388446,3.9109497621592255
2010-11-02,4.332579971128162,3.9331518028210852
2010-11-03,4.3370855681459375,3.9371753807932963
2010-11-04,4.400708581801986,3.994891666027282
2010-11-05,4.400944829556544,3.994994426480715
2010-11-08,4.399806916992329,3.993901349189824
2010-11-09,4.356408449656965,3.9544580544776515
2010-11-10,4.368546545450753,3.964265084951838
2010-11-11,4.35144006229396,3.9478960434260864
2010-11-12,4.283277599561527,3.88604374048497
2010-11-15,4.269749101631562,3.8733836776058594
2010-11-16,4.234091739494267,3.838786344409354
2010-11-17,4.242215180517825,3.8444515946567495
2010-11-18,4.322855246528215,3.9167529287810376
2010-11-19,4.3297546544024845,3.922712152462495
2010-11-22,4.324631359194101,3.9173166387716782
2010-11-23,4.32514700904473,3.9159100261968995
2010-11-24,4.371556939220311,3.9569697270619395
2010-11-26,4.346136563290729,3.933417468844351
2010-11-29,4.378928025394768,3.963061914003631
2010-11-30,4.394902501985775,3.977514101396128
2010-12-01,4.440816538344569,4.017643899665406
2010-12-02,4.469876603443105,4.043214097107183
2010-12-03,4.48667366431397,4.058362611784174
2010-12-06,4.497717861647915,4.068308530408922
2010-12-07,4.483020300923629,4.055003547308667
2010-12-08,4.473792808386463,4.046282763396417
2010-12-09,4.479385895414149,4.051327978574158
2010-12-10,4.4836892851798975,4.055208906024437
2010-12-13,4.494740881071508,4.0643015334527295
2010-12-14,4.503226545088891,4.071078798292909
2010-12-15,4.489686689902887,4.0575787856235745
2010-12-16,4.493991762076085,4.060490534953442
2010-12-17,4.502010036312063,4.067727431734781
2010-12-20,4.516969562837473,4.081185288093079
2010-12-21,4.5396149714852365,4.100960687003184
2010-12-22,4.549784321286954,4.110129188503101
2010-12-23,4.546189837050471,4.106817285067497
2010-12-27,4.5482365022102895,4.1086341438290095
2010-12-28,4.56903498339499,4.1274104508258285
2010-12-29,4.579152993112568,4.1364764738588065
2010-12-30,4.567940108096503,4.126327371431838
2010-12-31,4.594394961003581,4.149499044759493
2011-01-03,4.618438402759962,4.17119938537966
2011-01-04,4.588158030506163,4.143210490105124
2011-01-05,4.601986582362558,4.155251137722847
2011-01-06,4.584606702502939,4.139506478599315
2011-01-07,4.572387544588145,4.128270857599403
2011-01-10,4.570570186247537,4.125972127185095
2011-01-11,4.5910556390483315,4.1441683419076885
2011-01-12,4.61527951952415,4.165444384662931
2011-01-13,4.6112770778326775,4.1604512066403885
2011-01-14,4.623300180941924,4.170510664563383
2011-01-18,4.631372637903536,4.177701398798024
2011-01-19,4.6043826466415805,4.153341240581207
2011-01-20,4.587740246000469,4.137286768271356
2011-01-21,4.603123337785929,4.150654997570425
2011-01-24,4.62557808152462,4.170422869624566
2011-01-25,4.635641924800136,4.178007351080246
2011-01-26,4.653161051512665,4.192305183097476
2011-01-27,4.664597696986315,4.201180396298897
2011-01-28,4.642025725199406,4.180540873269038
2011-01-31,4.669427105223275,4.204593367609109
2011-02-01,4.709318691716791,4.239387803822498
2011-02-02,4.710492269771033,4.240030882847658
2011-02-03,4.7193859322809795,4.247787262404891
2011-02-04,4.728173929260433,4.255420824250261
2011-02-07,4.749033387834826,4.274173277602129
2011-02-08,4.77261907294075,4.295395795134847
2011-02-09,4.755157524319135,4.27966482580308
2011-02-10,4.755831691108425,4.280152253076372
2011-02-11,4.7691876758014695,4.2921567060560495
2011-02-14,4.782490301451921,4.304121645994351
2011-02-15,4.780470432735185,4.300912826076012
2011-02-16,4.790358864683824,4.309768010159907
2011-02-17,4.810055510356105,4.327412615661781
2011-02-18,4.826951328390069,4.342554502439705
2011-02-22,4.817557130967208,4.332912279090506
2011-02-23,4.822863481289155,4.337530933476129
2011-02-24,4.812443265460269,4.32786215299209
2011-02-25,4.848467964816792,4.36023284302368
2011-02-28,4.872421214586207,4.381731190174285
2011-03-01,4.864563819224761,4.374599401215058
2011-03-02,4.86064117403842,4.370736902770698
2011-03-03,4.867613549607347,4.376797075365798
2011-03-04,4.8766149808258,4.384850874726602
2011-03-07,4.870670233319571,4.379299304598437
2011-03-08,4.877064674791658,4.38484606775843
2011-03-09,4.88143755897381,4.388765404721779
2011-03-10,4.876065662424479,4.383169760972098
2011-03-11,4.879663885286693,4.3861062654189125
2011-03-14,4.877316979529885,4.38369854679616
2011-03-15,4.856528021057762,4.363865231996652
2011-03-16,4.8760989646608595,4.381361460989247
2011-03-17,4.879725092604944,4.384581782975553
2011-03-18,4.89718958232975,4.399226444270938
2011-03-21,4.903922455833177,4.405215043912783
2011-03-22,4.9098351842891566,4.410490181338033
2011-03-23,4.918998087674399,4.418464878608225
2011-03-24,4.913032420817043,4.412658187078002
2011-03-25,4.913960892430627,4.4132222699001105
2011-03-28,4.907010613973372,4.406932275538981
2011-03-29,4.903631447728167,4.403842511020875
2011-03-30,4.924804889128955,4.4226955404821755
2011-03-31,4.928519724028079,4.426018124975175
2011-04-01,4.942631620643816,4.438674848142918
2011-04-04,4.958384047241274,4.45279129178217
2011-04-05,4.960772112110129,4.454920951823093
2011-04-06,4.969246924287152,4.460859615367446
2011-04-07,4.969627886249684,4.459792795413697
2011-04-08,4.986068793458227,4.473138556722964
2011-04-11,4.9627168690208325,4.45215214088894
2011-04-12,4.956560645389691,4.445033203528479
2011-04-13,4.972604105928421,4.45919613341726
2011-04-14,4.9844885726108545,4.469585101306864
2011-04-15,5.011867682625547,4.494081537560593
2011-04-18,5.006368890410803,4.48869213457055
2011-04-19,5.024479927596869,4.5049033627553925
2011-04-20,5.051196647863514,4.528392154616107
2011-04-21,5.067635271416864,4.543079829432346
2011-04-25,5.071103614819205,4.5461517415825465
2011-04-26,5.087070799440028,4.560455330567508
2011-04-27,5.106263850750654,4.577587283374226
2011-04-28,5.122003663445279,4.591631364662736
2011-04-29,5.133378883277407,4.6017422111057416
2011-05-02,5.1222651345502275,4.5916383413343445
2011-05-03,5.104870411492399,4.575995921838633
2011-05-04,5.088380730826299,4.561141879705536
2011-05-05,5.075661823385331,4.5493623849623726
2011-05-06,5.0839381180889855,4.556581851995227
2011-05-09,5.096181377356312,4.567468432725575
2011-05-10,5.103503174196402,4.5740122423991965
2011-05-11,5.092427192560698,4.563904102499922
2011-05-12,5.08967924534092,4.561357266450851
2011-05-13,5.089637563316361,4.560899322064636
2011-05-16,5.095424174401358,4.56601884911115
2011-05-17,5.102094923670036,4.571967806337027
2011-05-18,5.102694061661395,4.572292109056084
2011-05-19,5.106639068776669,4.575442724443708
2011-05-20,5.106324242358554,4.574763430555268
2011-05-23,5.104411434146141,4.572718958668638
2011-05-24,5.107266114480979,4.575201554390655
2011-05-25,5.103807992438081,4.5720971056589
2011-05-26,5.11685569459805,4.583479020573695
2011-05-27,5.128132597502722,4.593202041951521
2011-05-31,5.1464539795310325,4.60928068946279
2011-06-01,5.152394770216985,4.613965638089977
2011-06-02,5.122055711692599,4.586737117186246
2011-06-03,5.134842850878882,4.5972490082994
2011-06-06,5.129089452872415,4.591741333562922
2011-06-07,5.14519715240945,4.605810928463055
2011-06-08,5.149468851356544,4.609626917776977
2011-06-09,5.141381072777673,4.602035263901549
2011-06-10,5.13981588422432,4.600589417277889
2011-06-13,5.13064704796637,4.592366085753854
2011-06-14,5.113478841402165,4.576962821931764
2011-06-15,5.147004245738427,4.606373859151673
2011-06-16,5.1473539166358115,4.60662881847752
2011-06-17,5.146829673096432,4.606134654179715
2011-06-20,5.145098937278001,4.604466569623351
2011-06-21,5.15072348973392,4.608932679881654
2011-06-22,5.153604465582348,4.6109790543866715
2011-06-23,5.1584897875875,4.6150880459151296
2011-06-24,5.159366233738641,4.615261862560226
2011-06-27,5.139902135849257,4.5978340977525205
2011-06-28,5.119678223241722,4.577964422770178
2011-06-29,5.1137701875482895,4.571606655925253
2011-06-30,5.156646298358201,4.605990013080013
2011-07-01,5.21348583523109,4.656727441655192
2011-07-05,5.226912338042978,4.665801760697973
2011-07-06,5.236603833321016,4.673554987033322
2011-07-07,5.247050592711994,4.6828485458097635
2011-07-08,5.260430675686848,4.694458847886547
2011-07-11,5.269368374552507,4.702000614950019
2011-07-12,5.278952647969126,4.7097127590185455
2011-07-13,5.2952086860426,4.7232846877164825
2011-07-14,5.27697996140014,4.706721826313898
2011-07-15,5.291587392065844,4.719420601260503
2011-07-18,5.291776179670713,4.7189126688158165
2011-07-19,5.316175690935644,4.739710759603897
2011-07-20,5.317801551170677,4.741120726510238
2011-07-21,5.329272581919033,4.7509466928057975
2011-07-22,5.348985621398067,4.768198010138797
2011-07-25,5.331417456373187,4.752213720090667
2011-07-26,5.347095583515261,4.766104576179329
2011-07-27,5.310929848484655,4.733101109789216
2011-07-28,5.318702694972272,4.739639162666903
2011-07-29,5.354029200521491,4.771071248026598
2011-08-01,5.363438341285045,4.779133353536813
2011-08-02,5.430955170186102,4.838202337123849
2011-08-03,5.438393082429139,4.844751270510433
2011-08-04,5.471956276407242,4.873815910532354
2011-08-05,5.42413195161704,4.830379384278857
2011-08-08,5.459562328684536,4.861795898764403
2011-08-09,5.497348861742947,4.895197526395151
2011-08-10,5.590564930217187,4.977961957057608
2011-08-11,5.479510579490257,4.879004213220676
2011-08-12,5.516312988735541,4.911665107431128
2011-08-15,5.530804410937664,4.924533899863281
2011-08-16,5.563365345260682,4.953511373550165
2011-08-17,5.585687948436571,4.973370283281733
2011-08-18,5.62108275981857,5.004881449800162
2011-08-19,5.6532030356767,5.033452850491644
2011-08-22,5.672452503885578,5.050565244515707
2011-08-23,5.596109410190534,4.982565555359132
2011-08-24,5.50385696320094,4.899152276225528
2011-08-25,5.5364319582319865,4.92810267552346
2011-08-26,5.57897083036019,4.965955418061176
2011-08-29,5.554424299184526,4.942830792464624
2011-08-30,5.603217342800086,4.986232726148358
2011-08-31,5.592476972690859,4.976661111232448
2011-09-01,5.614800033072602,4.9965173488397845
2011-09-02,5.683145328719893,5.0573300473194935
2011-09-06,5.713204032113101,5.082789889547271
2011-09-07,5.676904916840666,5.05038923153464
2011-09-08,5.710380844568485,5.080131316556366
2011-09-09,5.727549287141837,5.095379335124287
2011-09-12,5.697824664963023,5.068891629195765
2011-09-13,5.697895957476668,5.068930183581406
2011-09-14,5.692721062239555,5.06431891564167
2011-09-15,5.6604174140242085,5.0353325832023375
2011-09-16,5.6793677457479514,5.051937366671603
2011-09-19,5.700581950963605,5.070554243847775
2011-09-20,5.713032123974804,5.081594671273049
2011-09-21,5.740129092200826,5.1056509877168255
2011-09-22,5.782429624396016,5.142918051713462
2011-09-23,5.749051225436518,5.113133449615206
2011-09-26,5.732667986251702,5.098311443545957
2011-09-27,5.711802713919728,5.079685201072843
2011-09-28,5.714305075790964,5.080618067205617
2011-09-29,5.712927809381631,5.079383657602038
2011-09-30,5.75188948774958,5.112752819417379
2011-10-03,5.786884711039189,5.143843187397426
2011-10-04,5.762584646523418,5.120945345025279
2011-10-05,5.741575810536061,5.10226957960186
2011-10-06,5.7158039597671655,5.07934074353094
2011-10-07,5.716245220083835,5.07654356721618
2011-10-10,5.749555020621388,5.103637456221254
2011-10-11,5.743455926960999,5.096360039924076
2011-10-12,5.768926293724991,5.1170841583040065
2011-10-13,5.769034801314138,5.117100932078385
2011-10-14,5.804750977814843,5.147930345109921
2011-10-17,5.78860063839616,5.133209983404932
2011-10-18,5.825943727678296,5.164133885760121
2011-10-19,5.811235233669977,5.150827575151978
2011-10-20,5.820396532108446,5.158918728932606
2011-10-21,5.884247650027325,5.2140250018569185
2011-10-24,5.9790964180258594,5.297761474224528
2011-10-25,5.983483464750558,5.299286582669519
2011-10-26,5.987618679671723,5.300886881322847
2011-10-27,6.096998304436784,5.397229021842988
2011-10-28,6.099339451701682,5.399217404951771
2011-10-31,6.089076835244363,5.3878504827007045
2011-11-01,6.086846101168106,5.385229502386557
2011-11-02,6.11243025777634,5.407595754288328
2011-11-03,6.135999824754142,5.427832139618012
2011-11-04,6.129610982041178,5.422126559253995
2011-11-07,6.143523897789523,5.4343390364377715
2011-11-08,6.138139476266421,5.4295347675248244
2011-11-09,6.110404236902971,5.404370234806952
2011-11-10,6.0994528239930705,5.394595792349385
2011-11-11,6.130987128849492,5.421908401174474
2011-11-14,6.1223352964490365,5.413697629307478
2011-11-15,6.130149423537928,5.420438524601464
2011-11-16,6.115630494405228,5.407256997115783
2011-11-17,6.092406622934782,5.384807383172223
2011-11-18,6.088354124606091,5.380771683437041
2011-11-21,6.090227711906433,5.380899334377815
2011-11-22,6.101630230182886,5.390920299751351
2011-11-23,6.115860253770924,5.403475963476558
2011-11-25,6.109416381187317,5.397743950747051
2011-11-28,6.1248187907443175,5.410805639579022
2011-11-29,6.127401921682774,5.413059180825015
2011-11-30,6.2355066494539475,5.505456448696079
2011-12-01,6.222680967161663,5.493579444976097
2011-12-02,6.2434868430002055,5.5092068689030285
2011-12-05,6.260735587662173,5.523344493009727
2011-12-06,6.260367310272896,5.52193427211438
2011-12-07,6.27690523321007,5.535498871221097
2011-12-08,6.2514757562832175,5.512750367728338
2011-12-09,6.282659973184416,5.538942757069108
2011-12-12,6.27701108380222,5.533162536394026
2011-12-13,6.2995623046740175,5.552757756908059
2011-12-14,6.302197743892574,5.553903298922808
2011-12-15,6.299103893713657,5.550879794757884
2011-12-16,6.323812388676623,5.572580934817606
2011-12-19,6.336328890920145,5.583544190707411
2011-12-20,6.346528803568581,5.592068890830583
2011-12-21,6.334710551266738,5.58160290074048
2011-12-22,6.355083596799279,5.599489526353125
2011-12-23,6.35206918726694,5.59669938119239
2011-12-27,6.367982167692866,5.610703532079674
2011-12-28,6.376162451024937,5.617846324017378
2011-12-29,6.3902427061598415,5.630231294192377
2011-12-30,6.386565876143787,5.626970837600539
2012-01-03,6.397182620464137,5.6359883991874655
2012-01-04,6.388133604952032,5.627923283855789
2012-01-05,6.389914529084772,5.629031322590182
2012-01-06,6.398968323951022,5.6366611967559646
2012-01-09,6.391378709132851,5.629964614282702
2012-01-10,6.4089002079799,5.645025894620976
2012-01-11,6.423761465699419,5.6580928463580396
2012-01-12,6.413382513358099,5.648796161727945
2012-01-13,6.426344164064949,5.660186070755564
2012-01-17,6.445073922114711,5.676509971725986
2012-01-18,6.448053832983721,5.679121058165052
2012-01-19,6.448893120455367,5.679566396899685
2012-01-20,6.4525272765641715,5.682537230074612
2012-01-23,6.462160254534494,5.6904006737869555
2012-01-24,6.4718011484702425,5.698435375599406
2012-01-25,6.51707265763608,5.737850929856386
2012-01-26,6.536149474896003,5.754584424126155
2012-01-27,6.544528341805588,5.761812996261245
2012-01-30,6.534514263472463,5.752682503489167
2012-01-31,6.555339730968036,5.770938440983835
2012-02-01,6.575532927613399,5.7886796572765755
2012-02-02,6.587862771406585,5.79949730291338
2012-02-03,6.599794731713914,5.809696655877771
2012-02-06,6.597739069173865,5.807655486907648
2012-02-07,6.605613191026436,5.814506584313402
2012-02-08,6.608598713151892,5.817110276014369
2012-02-09,6.60035756591792,5.809638001062724
2012-02-10,6.56796192007154,5.780905477037624
2012-02-13,6.598734830634012,5.8077155625190855
2012-02-14,6.590914095198667,5.80077884079097
2012-02-15,6.584816101271042,5.7953777659960855
2012-02-16,6.605940094859724,5.813841734268955
2012-02-17,6.60539726374944,5.813296630234499
2012-02-21,6.616184355925563,5.82272566329064
2012-02-22,6.630712301146146,5.835434739096817
2012-02-23,6.6586504582670205,5.859964510426254
2012-02-24,6.672752473128438,5.872342446622891
2012-02-27,6.6759577841681,5.874871254540779
2012-02-28,6.695728615591823,5.891993502646734
2012-02-29,6.6588190003758525,5.859473712345999
2012-03-01,6.679060317747019,5.877162890745906
2012-03-02,6.663281522895055,5.86321921489806
2012-03-05,6.643546406089548,5.845807048917275
2012-03-06,6.595062108270492,5.802526564556216
2012-03-07,6.614375105987016,5.818874432474403
2012-03-08,6.638152820707499,5.839580816133632
2012-03-09,6.652511422155181,5.851589883239681
2012-03-12,6.643716629978941,5.843724289795458
2012-03-13,6.689125764738403,5.881755963046199
2012-03-14,6.670719323028416,5.86367120230567
2012-03-15,6.672132725159702,5.864893102875184
2012-03-16,6.690692890961043,5.8798777095141
2012-03-19,6.717242187939442,5.903192149461262
2012-03-20,6.673853064933364,5.865000065639973
2012-03-21,6.663544133310675,5.855904916820516
2012-03-22,6.625073403499663,5.821505360555039
2012-03-23,6.649313172077835,5.842762693939112
2012-03-26,6.717184180567397,5.901809427520556
2012-03-27,6.725550977173332,5.907398849653377
2012-03-28,6.698437597427682,5.883161770852052
2012-03-29,6.7040199242877945,5.885920705024456
2012-03-30,6.713763994167715,5.892330729296138
2012-04-02,6.757297748810051,5.929696899355675
2012-04-03,6.724876155217086,5.898764513123804
2012-04-04,6.698203161524378,5.872196210954312
2012-04-05,6.699209005143048,5.873046923746669
2012-04-09,6.7108497547842605,5.8795781231925
2012-04-10,6.71900779540487,5.885464312474346
2012-04-11,6.71687029452437,5.882072106199009
2012-04-12,6.7409470793439015,5.900359092642246
2012-04-13,6.7733942516086385,5.927110501626917
2012-04-16,6.776982248404308,5.93021964986597
2012-04-17,6.798792550241794,5.947704961605188
2012-04-18,6.7966365527463095,5.945793056422092
2012-04-19,6.789683602975017,5.939567860007925
2012-04-20,6.800019699768586,5.948605825464977
2012-04-23,6.797133215049144,5.945524357232187
2012-04-24,6.799559936121417,5.9476350540537775
2012-04-25,6.825577262781589,5.969840040195684
2012-04-26,6.841158548688547,5.983407995940287
2012-04-27,6.847330519541852,5.988582861747986
2012-04-30,6.844727537977668,5.9862885654957445
2012-05-01,6.8525715518825585,5.9928140196888
2012-05-02,6.865866190007231,6.0041054876375695
2012-05-03,6.862870522212617,6.001466953509765
2012-05-04,6.864606159471923,6.002504817091068
2012-05-07,6.874242213336063,6.00999367959149
2012-05-08,6.883117430288055,6.01772053910006
2012-05-09,6.881069314830966,6.015874744168065
2012-05-10,6.874625539588337,6.010149646511087
2012-05-11,6.889879986943565,6.023465259951843
2012-05-14,6.893232522050566,6.026338424600104
2012-05-15,6.89950852520109,6.03085090387417
2012-05-16,6.898745833865926,6.0301360430608195
2012-05-17,6.893928473450043,6.025411710952009
2012-05-18,6.8815881819733615,6.014333742355386
2012-05-21,6.877933099221012,6.011053057551299
2012-05-22,6.872045474638273,6.004475274283837
2012-05-23,6.887815421048464,6.016787886823481
2012-05-24,6.8868288214782645,6.015890430850195
2012-05-25,6.900093398377121,6.027434273375526
2012-05-29,6.897700724640091,6.025282953387914
2012-05-30,6.934818576158337,6.057673961375725
2012-05-31,6.964479125186598,6.083395998114162
2012-06-01,6.993415313404062,6.108572699895626
2012-06-04,6.9630253213553,6.081954459184456
2012-06-05,6.949715466658782,6.070217967808009
2012-06-06,6.912533065314271,6.03767847796833
2012-06-07,6.923719716688413,6.047385558458994
2012-06-08,6.9373736089645295,6.058965515696475
2012-06-11,6.944433672102992,6.064785209781867
2012-06-12,6.927255460511808,6.049769243985964
2012-06-13,6.94390059175554,6.06393448451895
2012-06-14,6.942125552797554,6.061743864292019
2012-06-15,6.955075986722893,6.072771295412958
2012-06-18,6.964059389298864,6.080585394531019
2012-06-19,6.955039780387196,6.0723492289226195
2012-06-20,6.956787143004787,6.0735588213119245
2012-06-21,6.971607331525518,6.085827458922333
2012-06-22,6.962260590020843,6.0776131672402816
2012-06-25,6.985154261044977,6.097579017191118
2012-06-26,6.978566377442429,6.091760197429011
2012-06-27,6.991049825199962,6.102637989654306
2012-06-28,7.003098433991755,6.112839431520252
2012-06-29,7.028938903945937,6.134552062120602
2012-07-02,7.0545837342639794,6.156748084967986
2012-07-03,7.069784807110146,6.169712644785496
2012-07-05,7.077079474555639,6.176037943726737
2012-07-06,7.0804350067150175,6.178672909985382
2012-07-09,7.08594528652941,6.183464021965191
2012-07-10,7.077762634583981,6.176105319503378
2012-07-11,7.085212916116288,6.182590511326209
2012-07-12,7.096466274437223,6.192376881608542
2012-07-13,7.1153619992167965,6.208630240742401
2012-07-16,7.119115288065037,6.211729164657568
2012-07-17,7.128976920683582,6.2202614643687655
2012-07-18,7.148945390914372,6.2374760868115064
2012-07-19,7.1561593797467244,6.243711293550781
2012-07-20,7.151794995636735,6.239856885675682
2012-07-23,7.139536159796395,6.228746837363822
2012-07-24,7.143250060480829,6.23191523055078
2012-07-25,7.148435244224765,6.236112733797765
2012-07-26,7.178271721514256,6.261570148480342
2012-07-27,7.181480308145697,6.264283785633398
2012-07-30,7.195150841332693,6.275521486117804
2012-07-31,7.192281856112321,6.2725102413844525
2012-08-01,7.191469381831283,6.2712708249735645
2012-08-02,7.184093122726791,6.2645476508732285
2012-08-03,7.2095760720899325,6.286196241286734
2012-08-06,7.222777421727231,6.2975390002049725
2012-08-07,7.208180160548331,6.284451520880903
2012-08-08,7.198778594919201,6.276133033236102
2012-08-09,7.199721476161799,6.276915161163377
2012-08-10,7.209890837271911,6.285758171641026
2012-08-13,7.198588920775087,6.275673913565499
2012-08-14,7.189149790716561,6.266946839491587
2012-08-15,7.180649664079775,6.257218785408179
2012-08-16,7.216117422147939,6.287997392536012
2012-08-17,7.219903603553053,6.291247008850977
2012-08-20,7.239725941384239,6.30843964650439
2012-08-21,7.2651231683716775,6.330527380635385
2012-08-22,7.295566430843106,6.355029868701953
2012-08-23,7.29791581176627,6.356931967210015
2012-08-24,7.307980143687412,6.365647988546255
2012-08-27,7.307766646345839,6.365391803555604
2012-08-28,7.315570737723914,6.372158441212366
2012-08-29,7.30131991379563,6.359704813152367
2012-08-30,7.288329943944772,6.348119420101745
2012-08-31,7.350610117368075,6.401778785673147
2012-09-04,7.353148217204599,6.403652578891704
2012-09-05,7.348327219968361,6.399405953207306
2012-09-06,7.380867762874363,6.427366033731294
2012-09-07,7.4261882041459915,6.466768163471297
2012-09-10,7.402496721661647,6.445938233883077
2012-09-11,7.426369864522372,6.466655874727914
2012-09-12,7.435653824454221,6.472970202567535
2012-09-13,7.509710275850635,6.53567110216956
2012-09-14,7.524004734483171,6.546326823819896
2012-09-17,7.490633196522477,6.51717058135319
2012-09-18,7.493032315839456,6.519078981346828
2012-09-19,7.4944200122021645,6.518534181574761
2012-09-20,7.478205825146613,6.503822003828795
2012-09-21,7.483799009831939,6.508599411343158
2012-09-24,7.476012760386562,6.501812796226171
2012-09-25,7.449048695856735,6.478338382719201
2012-09-26,7.436246813417894,6.467030835154824
2012-09-27,7.480014089224589,6.505001515042769
2012-09-28,7.464729932964438,6.491517400482047
2012-10-01,7.477807388999711,6.502833321573191
2012-10-02,7.4843676737585865,6.508528503555524
2012-10-03,7.48647748778786,6.510352037470973
2012-10-04,7.50714377576497,6.528317272885106
2012-10-05,7.49259718407769,6.515532514645591
2012-10-08,7.485838453763782,6.509598867841959
2012-10-09,7.462034207975083,6.488879593025387
2012-10-10,7.459637758852064,6.48675922887008
2012-10-11,7.483079691581786,6.50677192021778
2012-10-12,7.479109412893828,6.503294842361175
2012-10-15,7.488919081774018,6.511796639324192
2012-10-16,7.509391871549353,6.5292241378797105
2012-10-17,7.511277808408291,6.530808642180401
2012-10-18,7.503834958333398,6.52381473688236
2012-10-19,7.475814091798528,6.498705627979353
2012-10-22,7.4776084662531535,6.500178209682504
2012-10-23,7.461639237585207,6.485237915216599
2012-10-24,7.4533206534779035,6.47794502747982
2012-10-25,7.460734765477597,6.481730777332828
2012-10-26,7.471473498632891,6.488431104457595
2012-10-31,7.485179399427751,6.499897873007931
2012-11-01,7.485030773364711,6.49933223151022
2012-11-02,7.484146931693786,6.497480000738753
2012-11-05,7.491698274075657,6.503967604925462
2012-11-06,7.4828599226751225,6.496255365564529
2012-11-07,7.498273547395844,6.508385192781348
2012-11-08,7.508653950306304,6.5169571970787965
2012-11-09,7.505978153874678,6.514622167494986
2012-11-12,7.507118210573374,6.515600346906353
2012-11-13,7.517086975848957,6.524233194192453
2012-11-14,7.522064085144786,6.528509672642933
2012-11-15,7.513679228032064,6.521217988445039
2012-11-16,7.51803571718817,6.524985912497554
2012-11-19,7.516096352567948,6.52329629146633
2012-11-20,7.497380950018772,6.506979189044003
2012-11-21,7.495898927591657,6.505409110539477
2012-11-23,7.512943470516764,6.51839231914431
2012-11-26,7.517737722649682,6.522445022391226
2012-11-27,7.52621823138993,6.529120869948346
2012-11-28,7.526215701572341,6.528802655672931
2012-11-29,7.543021040272124,6.5433705645483204
2012-11-30,7.535177144171218,6.535554976524584
2012-12-03,7.546097042532835,6.5449889002334904
2012-12-04,7.555461378033804,6.5526015900706565
2012-12-05,7.56898575736039,6.563856354796166
2012-12-06,7.585372794116536,6.576658992628073
2012-12-07,7.58034317260653,6.5719758143226255
2012-12-10,7.586193870493743,6.576834232081489
2012-12-11,7.592373053917636,6.5800040572610845
2012-12-12,7.612498089235463,6.593962530848809
2012-12-13,7.576441043952383,6.562191402049603
2012-12-14,7.58868558881524,6.569287178191918
2012-12-17,7.627793655936609,6.599628405454031
2012-12-18,7.677589399020256,6.642666116092355
2012-12-19,7.67862209557631,6.64301108696801
2012-12-20,7.725624089125945,6.6836335603342265
2012-12-21,7.678131322812356,6.642360440580163
2012-12-24,7.66064086624866,6.62654996756776
2012-12-26,7.6808938998749205,6.6433998084225205
2012-12-27,7.696676645654602,6.653247035771815
2012-12-28,7.69668517103872,6.652736257388065
2012-12-31,7.780076192059388,6.720590371908642
2013-01-02,7.8656992426067935,6.79249039456237
2013-01-03,7.858935346867428,6.784562176713095
2013-01-04,7.8766677920136114,6.799620668655856
2013-01-07,7.867274309320333,6.789960567758714
2013-01-08,7.852695035255814,6.775854486933639
2013-01-09,7.873734949330353,6.793806339327921
2013-01-10,7.918069931706567,6.830379337760044
2013-01-11,7.912716284907787,6.825705238565983
2013-01-14,7.923653376131627,6.835103611958661
2013-01-15,7.9183087417436315,6.830477741233623
2013-01-16,7.912610896745505,6.82555023369644
2013-01-17,7.9566029035482115,6.863443726017938
2013-01-18,7.971836946424379,6.876560191697077
2013-01-22,7.9944079121782945,6.895586634845931
2013-01-23,7.977869360129547,6.881251313940424
2013-01-24,7.99205165591562,6.893051146248204
2013-01-25,8.013610730950058,6.911629612022577
2013-01-28,8.006144647841312,6.9051691365736865
2013-01-29,8.037299801370393,6.9319985694824
2013-01-30,8.013420646174751,6.910969814364466
2013-01-31,7.98701710907147,6.887766577411366
2013-02-01,8.031581044012723,6.926144567115256
2013-02-04,7.957747513808807,6.862424473977977
2013-02-05,7.982579138006248,6.883748903141698
2013-02-06,7.985217997437525,6.885483240892403
2013-02-07,7.970624943866166,6.869618636014648
2013-02-08,8.007180232700277,6.900229056354961
2013-02-11,8.022925150915107,6.913651355051553
2013-02-12,8.045504988398218,6.931439267235371
2013-02-13,8.052852815517097,6.937699175319052
2013-02-14,8.049256461435405,6.934516223183286
2013-02-15,8.034008344986868,6.921039980292892
2013-02-19,8.068971878835796,6.951049006786322
2013-02-20,8.032129459217531,6.918614204828432
2013-02-21,8.011214015882194,6.899985642645857
2013-02-22,8.056464600939679,6.93889332635655
2013-02-25,8.061540834884223,6.939341306754738
2013-02-26,8.075345921838792,6.950751344411158
2013-02-27,8.08831587255507,6.9615722621009954
2013-02-28,8.095203828582449,6.967432865636336
2013-03-01,8.11072424570162,6.980403660917145
2013-03-04,8.113312996264378,6.982608225200414
2013-03-05,8.12256906449244,6.990187416527897
2013-03-06,8.12427941817165,6.990286389731283
2013-03-07,8.116711784859575,6.981112954041302
2013-03-08,8.15029956702069,7.009244421714313
2013-03-11,8.150807040582567,7.008920706771973
2013-03-12,8.137970129076809,6.997863659507222
2013-03-13,8.148768887666877,7.007143398216008
2013-03-14,8.171782089342118,7.026921936425257
2013-03-15,8.164744989651027,7.02063391684515
2013-03-18,8.167420098869668,7.019545460748979
2013-03-19,8.171698517916457,7.022827784921286
2013-03-20,8.18269933230433,7.030592491669404
2013-03-21,8.171988168493476,7.020066252522851
2013-03-22,8.175902589582993,7.023048300855506
2013-03-25,8.176305513219791,7.023088048477505
2013-03-26,8.198017707747455,7.041203830743859
2013-03-27,8.212131375933449,7.053305188722984
2013-03-28,8.216338138906977,7.056842284540534
2013-04-01,8.219094396292974,7.0589162469332685
2013-04-02,8.222007996865141,7.061138222173872
2013-04-03,8.22697492357455,7.064883248432036
2013-04-04,8.25884491110373,7.091955971624167
2013-04-05,8.278280029086183,7.108495305807355
2013-04-08,8.285822221119703,7.114870072871793
2013-04-09,8.292367054896395,7.120420145983306
2013-04-10,8.30180811343331,7.128359738858199
2013-04-11,8.310414712498144,7.135609998752091
2013-04-12,8.32877768635138,7.151342360065449
2013-04-15,8.287841955005547,7.116056659700297
2013-04-16,8.319411920758908,7.14233188131552
2013-04-17,8.319145744817776,7.141269856098825
2013-04-18,8.314344992563088,7.137042726319025
2013-04-19,8.331781499280492,7.151670425207518
2013-04-22,8.341981852286873,7.160328557870326
2013-04-23,8.36201449102772,7.177375589740181
2013-04-24,8.369815184958455,7.18403790591542
2013-04-25,8.372547203832577,7.186103719197135
2013-04-26,8.386665525642915,7.197253132046669
2013-04-29,8.408583292712482,7.2155556155795875
2013-04-30,8.422253544984349,7.227078293719934
2013-05-01,8.419717499305422,7.224867909380043
2013-05-02,8.447938024026971,7.248880212768701
2013-05-03,8.428246895410785,7.23185902361328
2013-05-06,8.428117527477616,7.231367390600564
2013-05-07,8.430526643465036,7.23338163124019
2013-05-08,8.453978702403235,7.253480243449365
2013-05-09,8.43942330488149,7.240171807761891
2013-05-10,8.426017551514397,7.226200870393863
2013-05-13,8.412631252158404,7.2129699288946165
2013-05-14,8.436899024782775,7.233695465289491
2013-05-15,8.46144098458603,7.254712622827334
2013-05-16,8.469999875691636,7.258652637138682
2013-05-17,8.510385222525484,7.289862128766364
2013-05-20,8.514647576616332,7.293484483922819
2013-05-21,8.52847483690815,7.303624794266415
2013-05-22,8.461164039726984,7.2442748730570585
2013-05-23,8.404761491098954,7.195832137359464
2013-05-24,8.38340230334029,7.176442944832484
2013-05-28,8.417316351346642,7.202908622286399
2013-05-29,8.35281347190395,7.145736949413867
2013-05-30,8.34680825143666,7.140558074036183
2013-05-31,8.305689091484377,7.103634562273376
2013-06-03,8.351425442603096,7.138815967730343
2013-06-04,8.311281228438938,7.104500609345517
2013-06-05,8.194912678525467,7.005028529043382
2013-06-06,8.27378470364445,7.070188157435404
2013-06-07,8.388384590220697,7.168006299281707
2013-06-10,8.374634179224168,7.156172980934924
2013-06-11,8.300349448680326,7.092690482498891
2013-06-12,8.277649267558571,7.073213608708779
2013-06-13,8.383977537201742,7.164004582336682
2013-06-14,8.391340591949618,7.170132423795508
2013-06-17,8.430802501968499,7.203636851856708
2013-06-18,8.489964488771639,7.251937800185903
2013-06-19,8.40435784147861,7.176549859181693
2013-06-20,8.126468461925066,6.935172601560652
2013-06-21,8.126468461925066,6.931705015259872
2013-06-24,8.226734813874717,7.013764231597038
2013-06-25,8.2511905905042,7.0346141866837755
2013-06-26,8.286437809273576,7.059763385079278
2013-06-27,8.323792103478944,7.091561017695278
2013-06-28,8.325811422543202,7.093232583149277
2013-07-01,8.348941885249326,7.11292796247198
2013-07-02,8.426447407101913,7.178903788657354
2013-07-03,8.446763632515639,7.1961976077837315
2013-07-05,8.570845885404202,7.2998932300119455
2013-07-08,8.56634846659401,7.2958648161904796
2013-07-09,8.619447149960497,7.341044461423634
2013-07-10,8.627313195431748,7.347732272235439
2013-07-11,8.737528311699574,7.4371527998356
2013-07-12,8.75329629921636,7.4483898874078625
2013-07-15,8.782563792273953,7.472496980947489
2013-07-16,8.760810742668935,7.452004441661232
2013-07-17,8.806628185171494,7.490967364127219
2013-07-18,8.876051158862731,7.549990307083302
2013-07-19,8.880531013713853,7.5537204985328055
2013-07-22,8.877061425468648,7.55075090831266
2013-07-23,8.89022111063574,7.560546949939681
2013-07-24,8.807390889185978,7.488706022684471
2013-07-25,8.823318217868472,7.501477927739466
2013-07-26,8.80595830127087,7.486034167229327
2013-07-29,8.768480676459438,7.453477511237448
2013-07-30,8.75180962200236,7.4376005292258895
2013-07-31,8.795760712348761,7.474902997037124
2013-08-01,8.874136168529308,7.5406364394041665
2013-08-02,8.895632698334579,7.558827789136316
2013-08-05,8.867004154472312,7.5340915520337814
2013-08-06,8.831060786434271,7.502687621759917
2013-08-07,8.783668915509203,7.460389776428308
2013-08-08,8.828752655746845,7.4959857655373066
2013-08-09,8.851084912282015,7.514491031632998
2013-08-12,8.890351879996215,7.547101237058259
2013-08-13,8.90819433584816,7.56219544599744
2013-08-14,8.925794366026164,7.5754777174957795
2013-08-15,8.916560650040552,7.567559753987704
2013-08-16,8.920547955178847,7.570735645602274
2013-08-19,8.873584850784725,7.527686456591408
2013-08-20,8.831143701161215,7.49164478403465
2013-08-21,8.762136414240663,7.433055913434995
2013-08-22,8.83724798650112,7.494221761650026
2013-08-23,8.935024062556293,7.576924420172618
2013-08-26,8.922137092032399,7.565961415294844
2013-08-27,8.935333132971397,7.574636975613714
2013-08-28,8.93339287104993,7.572822713293469
2013-08-29,8.899142292619851,7.540075255203119
2013-08-30,8.856672879490528,7.504031422828391
2013-09-03,8.958282348796876,7.585370708157799
2013-09-04,8.934728810041765,7.562324327855887
2013-09-05,8.946631475256707,7.569623312751547
2013-09-06,9.071996139884796,7.672914582336263
2013-09-09,9.133089297921467,7.72244842898098
2013-09-10,9.127123603845286,7.7152531696907785
2013-09-11,9.148620181777641,7.733366617630218
2013-09-12,9.096282637942306,7.68824438713521
2013-09-13,9.13610561953361,7.719475115519745
2013-09-16,9.152901843902853,7.731134249348092
2013-09-17,9.173781687239435,7.747793038950935
2013-09-18,9.347215791031724,7.889806993084676
2013-09-19,9.311641178178247,7.8596182071650835
2013-09-20,9.258550446203984,7.813921676455403
2013-09-23,9.272127278233722,7.824588111372368
2013-09-24,9.27915853476866,7.830492974176807
2013-09-25,9.279489741832503,7.830758165946915
2013-09-26,9.28148540114401,7.831959353649928
2013-09-27,9.267669832356226,7.81981843697096
2013-09-30,9.237998357932883,7.794724465277412
2013-10-01,9.269750904434161,7.821009997768352
2013-10-02,9.280697314042946,7.83020502990229
2013-10-03,9.265861951062323,7.81718711548741
2013-10-04,9.281056571401106,7.8299415182595276
2013-10-07,9.277591906325554,7.826094302473388
2013-10-08,9.263701588282258,7.814328158586421
2013-10-09,9.258559981333903,7.80974436705591
2013-10-10,9.332024591438975,7.870405571386689
2013-10-11,9.354658076343368,7.889332759688664
2013-10-14,9.357327885002167,7.890796500074353
2013-10-15,9.337751052672273,7.874250672227266
2013-10-16,9.411689820683536,7.935778787625347
2013-10-17,9.473801731975376,7.988105300451176
2013-10-18,9.495576310592085,8.006248536440859
2013-10-21,9.47927928381274,7.992464336839062
2013-10-22,9.538390180517371,8.042081299950008
2013-10-23,9.521129897380424,8.027508083653652
2013-10-24,9.526281119669212,8.031562661919384
2013-10-25,9.542059903211129,8.044666756844197
2013-10-28,9.537965391661375,8.041203443418748
2013-10-29,9.549029720046796,8.05048094302678
2013-10-30,9.518442336230462,8.02446967193588
2013-10-31,9.506777024677918,8.013981026099481
2013-11-01,9.492795103131858,8.001230026911658
2013-11-04,9.509566892585719,8.014403486101592
2013-11-05,9.468898121058093,7.979122491639951
2013-11-06,9.492842884995259,7.998300529893062
2013-11-07,9.488389891638182,7.992930789563983
2013-11-08,9.469135199834309,7.975723861017243
2013-11-11,9.45397437530085,7.962587022112254
2013-11-12,9.447759078890998,7.9573083876578155
2013-11-13,9.471976156895252,7.977664533134726
2013-11-14,9.502687071515817,8.003470886579727
2013-11-15,9.522485070500906,8.01971729878274
2013-11-18,9.531607173641454,8.02684545624887
2013-11-19,9.51156012211926,8.009408391312533
2013-11-20,9.494478809199565,7.994608793233975
2013-11-21,9.519457364550261,8.015604065842668
2013-11-22,9.530750581079023,8.024983394875019
2013-11-25,9.537224981461986,8.030403973061341
2013-11-26,9.538124957023864,8.031136645893
2013-11-27,9.544547069937805,8.036510800697398
2013-11-29,9.551369687839887,8.041838687473742
2013-12-02,9.538248716949902,8.028372158687691
2013-12-03,9.520534486989328,8.013397734307912
2013-12-04,9.502840326738347,7.997604843524024
2013-12-05,9.485796937126947,7.979465241073406
2013-12-06,9.537281986478675,8.019455618992152
2013-12-09,9.558283672383542,8.037052819388993
2013-12-10,9.574068730013613,8.049169034067553
2013-12-11,9.530577130557678,8.011841812449099
2013-12-12,9.511018318106784,7.995343220000348
2013-12-13,9.526743803558842,8.008475812617784
2013-12-16,9.544284964265245,8.023204242706836
2013-12-17,9.548367404181223,8.026604596175689
2013-12-18,9.58693128280552,8.05822422647046
2013-12-19,9.590706171847112,8.059354328059701
2013-12-20,9.612996121719835,8.077318175090118
2013-12-23,9.629404545391168,8.089257782307483
2013-12-24,9.635734453012237,8.09261421335263
2013-12-26,9.653726694777744,8.105763205379075
2013-12-27,9.661350213135357,8.112101851325304
2013-12-30,9.669326496095394,8.118689931072675
2013-12-31,9.674742000935883,8.122775399330905
2014-01-02,9.67246984987266,8.118977200685334
2014-01-03,9.683795702004618,8.128206583533489
2014-01-06,9.687272507174232,8.131058261890033
2014-01-07,9.701454038284734,8.14286722310991
2014-01-08,9.692794200007704,8.135461838635385
2014-01-09,9.701640142659834,8.142818647161056
2014-01-10,9.755981707622317,8.185115136956755
2014-01-13,9.748786662230447,8.178589061278203
2014-01-14,9.758126592393255,8.185933330484177
2014-01-15,9.776270228499698,8.19983945277637
2014-01-16,9.787053490139645,8.20864103240831
2014-01-17,9.795552443057035,8.21531670376049
2014-01-21,9.80437030273622,8.222255742083732
2014-01-22,9.800990859136272,8.219124140043045
2014-01-23,9.821279112472102,8.23506892382847
2014-01-24,9.801372168165592,8.217188383594285
2014-01-27,9.774273218764561,8.193668796103173
2014-01-28,9.81407544852284,8.226601804160756
2014-01-29,9.828109832742884,8.238230309342928
2014-01-30,9.84221950718372,8.24894455789799
2014-01-31,9.862026523158548,8.265458602000233
2014-02-03,9.871213608109516,8.273148965479228
2014-02-04,9.862379480413429,8.265660790169814
2014-02-05,9.848747016620818,8.253929220316154
2014-02-06,9.857578224138347,8.261268617882292
2014-02-07,9.902542905269268,8.297858485494618
2014-02-10,9.920342285374582,8.312641987029087
2014-02-11,9.93574403647103,8.324702767204462
2014-02-12,9.92252882981826,8.313585720455334
2014-02-13,9.96288685837235,8.347345319533517
2014-02-14,10.001810295455229,8.37992427613045
2014-02-18,10.03943936159453,8.411359914152628
2014-02-19,10.010971413857808,8.387489578023445
2014-02-20,10.026211977895732,8.400221838295801
2014-02-21,10.034626242853953,8.407247814500343
2014-02-24,10.054794965635136,8.424055140612191
2014-02-25,10.073738262394375,8.439904945430593
2014-02-26,10.081108623875878,8.445973071210776
2014-02-27,10.103295973029127,8.464253913343168
2014-02-28,10.108492055729577,8.468309413778355
2014-03-03,10.137439660790763,8.492516986543793
2014-03-04,10.123145728394082,8.48046869485727
2014-03-05,10.109702955780492,8.468913381023302
2014-03-06,10.108295849224076,8.467670427856282
2014-03-07,10.059821007575625,8.427023858329479
2014-03-10,10.044053141224255,8.413521486946875
2014-03-11,10.038490855344007,8.408627980131765
2014-03-12,10.067124353939477,8.432559191605977
2014-03-13,10.073517139928576,8.437528528180614
2014-03-14,10.07906779167527,8.442125113680678
2014-03-17,10.068833814181946,8.433140559942773
2014-03-18,10.095620128420846,8.454550376617988
2014-03-19,10.023074952035207,8.393139068443489
2014-03-20,10.032818608617962,8.401003403049295
2014-03-21,10.060379043835736,8.424006550710114
2014-03-24,10.059599845984646,8.423001881794637
2014-03-25,10.079338287168742,8.439106655732862
2014-03-26,10.091057718372156,8.448531115409825
2014-03-27,10.110388313819092,8.464627987194193
2014-03-28,10.122274199104227,8.474529334582328
2014-03-31,10.14157325006252,8.490642799332498
2014-04-01,10.138398051442215,8.487961986282222
2014-04-02,10.133119572105095,8.481412733044277
2014-04-03,10.144970321046687,8.489755643157213
2014-04-04,10.158810162905732,8.499561370161409
2014-04-07,10.156400288271609,8.496317427757168
2014-04-08,10.191512029129067,8.52566120492932
2014-04-09,10.21442528854974,8.54441525837475
2014-04-10,10.204310372005667,8.535341266977383
2014-04-11,10.196042732671495,8.52837512004447
2014-04-14,10.216275524917169,8.54520877472086
2014-04-15,10.22957979944652,8.55573101379935
2014-04-16,10.259236348735529,8.580430925439703
2014-04-17,10.236128874767347,8.561043979363532
2014-04-21,10.241169408122106,8.565149755373705
2014-04-22,10.242420307768425,8.566131225476708
2014-04-23,10.243818646456827,8.56727029255418
2014-04-24,10.254876223811449,8.576482937477934
2014-04-25,10.231830615122055,8.557170251425298
2014-04-28,10.236552702851583,8.561048246097533
2014-04-29,10.252239550898441,8.57415100955573
2014-04-30,10.272043438094805,8.59026970278223
2014-05-01,10.29548427849677,8.609812559291521
2014-05-02,10.313750847138136,8.624914630519042
2014-05-05,10.30171280523646,8.61480190504355
2014-05-06,10.30427746008778,8.616911597055847
2014-05-07,10.325478701933829,8.634244454765591
2014-05-08,10.322873272439315,8.632012239143709
2014-05-09,10.317519487256547,8.627152194868872
2014-05-12,10.331647972512146,8.637508162293544
2014-05-13,10.356357534978004,8.65809368542005
2014-05-14,10.379053600192984,8.677017883924915
2014-05-15,10.375783935464973,8.674203431074568
2014-05-16,10.389819869966235,8.685880837276674
2014-05-19,10.38616698218812,8.682758527964937
2014-05-20,10.377069545575829,8.675055259450684
2014-05-21,10.382601296688534,8.679645743683883
2014-05-22,10.38843998374208,8.68434828263506
2014-05-23,10.408209051710855,8.700780560650147
2014-05-27,10.427326132780097,8.716550958272368
2014-05-28,10.44159283284368,8.728095148043069
2014-05-29,10.447615032433873,8.732849982249103
2014-05-30,10.445299882391293,8.73085535737024
2014-06-02,10.428869000756306,8.717022573873605
2014-06-03,10.411587200797019,8.702275124850303
2014-06-04,10.410065457807317,8.70083973289197
2014-06-05,10.44030270085864,8.726071593181208
2014-06-06,10.459057178427685,8.741600159326046
2014-06-09,10.46421706991721,8.745814402925697
2014-06-10,10.45648701780782,8.739244642405238
2014-06-11,10.450522574431233,8.734235119092308
2014-06-12,10.465541225825412,8.746513113364687
2014-06-13,10.474421064335166,8.75387390390061
2014-06-16,10.465263462110677,8.746170423163793
2014-06-17,10.457524160902677,8.73963882550703
2014-06-18,10.501850437488784,8.776642141757533
2014-06-19,10.533566355649615,8.80250763100005
2014-06-20,10.548857993542711,8.814883706588827
2014-06-23,10.539251506239468,8.80533754109145
2014-06-24,10.54265430075849,8.806534574295114
2014-06-25,10.559960049605667,8.819726102723134
2014-06-26,10.562141472859318,8.821506928294813
2014-06-27,10.567529578974996,8.825912435950826
2014-06-30,10.56785326030756,8.826105047002983
2014-07-01,10.57598192136681,8.83285379937051
2014-07-02,10.56402817220493,8.822420882210185
2014-07-03,10.561361857893498,8.819115954396842
2014-07-07,10.54895380736172,8.807698742593463
2014-07-08,10.549041215677544,8.807338214413946
2014-07-09,10.566740481011088,8.821661708682981
2014-07-10,10.56469545856919,8.819278621122459
2014-07-11,10.583775394855001,8.83469829259758
2014-07-14,10.574085518990657,8.825958219091445
2014-07-15,10.560592221781661,8.813474477032216
2014-07-16,10.588495062342382,8.83503449209405
2014-07-17,10.595694579541641,8.840382628068019
2014-07-18,10.61248498711993,8.853783361035969
2014-07-21,10.620344664623541,8.859679751475916
2014-07-22,10.646848232060087,8.881186063495807
2014-07-23,10.656314394574297,8.888653804859201
2014-07-24,10.633558943566005,8.868950886376604
2014-07-25,10.648821639590212,8.881325601001219
2014-07-28,10.656254130395219,8.887466500069559
2014-07-29,10.652135525774023,8.883429161966854
2014-07-30,10.624412892176688,8.860266761899968
2014-07-31,10.579318210485084,8.820114324782512
2014-08-01,10.608039642326213,8.842236987980437
2014-08-04,10.618831502537885,8.850346084073102
2014-08-05,10.619156590094441,8.849735278932782
2014-08-06,10.622706469966758,8.852014401562467
2014-08-07,10.651396164694573,8.875820551463566
2014-08-08,10.64947637645031,8.873645522602216
2014-08-11,10.664347496800962,8.885271972075374
2014-08-12,10.658978602751386,8.88067122967473
2014-08-13,10.693096538715304,8.908884987651376
2014-08-14,10.70606592363102,8.918108148263908
2014-08-15,10.717509245390199,8.92748711485387
2014-08-18,10.727485934677544,8.935388141935906
2014-08-19,10.73759428481854,8.943758082712966
2014-08-20,10.746413238759114,8.950991323856362
2014-08-21,10.755879039537902,8.958832477337081
2014-08-22,10.755595556597733,8.958537315818145
2014-08-25,10.77841956917893,8.977498253938188
2014-08-26,10.785842173307437,8.983649954364642
2014-08-27,10.793584793268666,8.990053115885445
2014-08-28,10.798714556719196,8.994257910819226
2014-08-29,10.810800054380161,9.004217333614946
2014-09-02,10.790761915820884,8.987461755570033
2014-09-03,10.806447959615378,8.999931932894556
2014-09-04,10.798121236229555,8.992401874252266
2014-09-05,10.815729869897506,9.00565561118496
2014-09-08,10.810290825003182,9.000985135422296
2014-09-09,10.77470628661193,8.9696708570116
2014-09-10,10.74466697295209,8.941169387488888
2014-09-11,10.75468915128914,8.94706585749283
2014-09-12,10.728435065006654,8.923295621275708
2014-09-15,10.72546340721512,8.920338263676804
2014-09-16,10.743079628292692,8.93498855551304
2014-09-17,10.79075588695642,8.974619017656448
2014-09-18,10.78593067338156,8.970259006881356
2014-09-19,10.809463804829717,8.985774786759205
2014-09-22,10.767637196806456,8.946941970905808
2014-09-23,10.759322887527478,8.938251985512675
2014-09-24,10.822640770008375,8.989073180965217
2014-09-25,10.875413940978646,9.029068979819854
2014-09-26,10.928263067541955,9.07027523665162
2014-09-29,10.938754754680923,9.074176965417315
2014-09-30,10.938288617013175,9.07253975826805
2014-10-01,11.000756334640238,9.122181720241327
2014-10-02,10.976381729965949,9.101564139274862
2014-10-03,11.018000127072076,9.136030729889404
2014-10-06,11.001320832630597,9.121929890586188
2014-10-07,11.04303385955757,9.156307622856152
2014-10-08,11.064802190785166,9.17422248756757
2014-10-09,11.043220915086614,9.156277208960594
2014-10-10,11.070203568627061,9.17859298515444
2014-10-13,11.088350901906518,9.19359326425192
2014-10-14,11.134687300757069,9.231236998521362
2014-10-15,11.132589492478674,9.22938810784539
2014-10-16,11.116568116924867,9.216011662608427
2014-10-17,11.109041811001049,9.20959498293445
2014-10-20,11.139725546576427,9.233693893996236
2014-10-21,11.153602906712687,9.245114057935844
2014-10-22,11.144443966515198,9.237440270613249
2014-10-23,11.127849257056106,9.223616308319023
2014-10-24,11.137153460602343,9.23079019322741
2014-10-27,11.141145900605862,9.233560668981852
2014-10-28,11.131869428948082,9.225362202267036
2014-10-29,11.123970270574448,9.218745482790911
2014-10-30,11.144380955217116,9.235593829915898
2014-10-31,11.170999639530956,9.257620746040123
2014-11-03,11.175560368033882,9.26132299977746
2014-11-04,11.17450113652916,9.260392776244187
2014-11-05,11.17694767985995,9.262388012105038
2014-11-06,11.170940725763067,9.255173248727234
2014-11-07,11.20404751461791,9.280388055944146
2014-11-10,11.20076760590376,9.275450940633265
2014-11-11,11.197750554745358,9.272889999653593
2014-11-12,11.185859011885388,9.263005271108748
2014-11-13,11.189462511657286,9.265655745545269
2014-11-14,11.191369704149427,9.264930240829942
2014-11-17,11.196954164574654,9.267248800939383
2014-11-18,11.215770503300092,9.282147388658451
2014-11-19,11.18309803705363,9.25496232615281
2014-11-20,11.198408512084692,9.267548220568315
2014-11-21,11.26485896925927,9.319302892607867
2014-11-24,11.27103451544293,9.324258454939644
2014-11-25,11.292659044051817,9.342016170858807
2014-11-26,11.32152360139663,9.365822943800337
2014-11-28,11.354324579359945,9.391409954477725
2014-12-01,11.334567053451188,9.374683149635267
2014-12-02,11.327452222677977,9.368414321383684
2014-12-03,11.340548091189055,9.378864520023455
2014-12-04,11.355640732195775,9.391191410996484
2014-12-05,11.34036593952398,9.376649534441924
2014-12-08,11.362420520343427,9.392965264526335
2014-12-09,11.386078744936464,9.412300153622402
2014-12-10,11.366168347040068,9.39513142952236
2014-12-11,11.380124680088107,9.406496716248684
2014-12-12,11.372448935078742,9.400092209790332
2014-12-15,11.349357671380883,9.379335716469186
2014-12-16,11.36054084732223,9.388475746045648
2014-12-17,11.420439605849339,9.436904080665427
2014-12-18,11.432996092957138,9.44698301497598
2014-12-19,11.463261671334932,9.471791621017237
2014-12-22,11.506005057233752,9.506348675612074
2014-12-23,11.452122370514395,9.461057599954795
2014-12-24,11.46713980064984,9.472689826834172
2014-12-26,11.48392025343001,9.486524637738663
2014-12-29,11.516835787073303,9.512933635353662
2014-12-30,11.523011918463594,9.517564794095728
2014-12-31,11.502993678999633,9.500559928595832
2015-01-02,11.567433325738463,9.553669826752047
2015-01-05,11.624307055833631,9.599800572375262
2015-01-06,11.692867980118868,9.656131129922914
2015-01-07,11.713926126620581,9.673484420408283
2015-01-08,11.7068408818411,9.666917776197378
2015-01-09,11.731488286161063,9.686378574270602
2015-01-12,11.762947489895232,9.710834802847165
2015-01-13,11.776275362767548,9.720890773663506
2015-01-14,11.798142264991165,9.737993353422311
2015-01-15,11.87316481941312,9.799794100096735
2015-01-16,11.877857793537244,9.803454009806877
2015-01-20,11.91870566267751,9.837022421153328
2015-01-21,11.922678826952193,9.838814843668818
2015-01-22,11.986049196315225,9.890062448371433
2015-01-23,12.014683799370353,9.913073821229373
2015-01-26,12.017172080203597,9.914572800945844
2015-01-27,12.012462043241042,9.91017298937656
2015-01-28,12.04333301708776,9.935038855902345
2015-01-29,12.01590022163683,9.91176120572181
2015-01-30,12.064785906827119,9.950970469370342
2015-02-02,12.077122713392935,9.96005053454289
2015-02-03,12.060250825873851,9.94543768701958
2015-02-04,12.059396073146187,9.944498445798812
2015-02-05,12.069932666725865,9.953112146143633
2015-02-06,11.968964505401564,9.869767732411866
2015-02-09,11.9597132925747,9.861991035604852
2015-02-10,11.96262875892617,9.864384238329324
2015-02-11,11.959727776041962,9.86105050736935
2015-02-12,11.991544911636202,9.886781530411465
2015-02-13,12.001893547444139,9.894752338512118
2015-02-17,11.99576996709587,9.884964546393007
2015-02-18,12.033676078526351,9.913918996412015
2015-02-19,12.029232435948575,9.909284190286185
2015-02-20,12.074761838154274,9.9459362445182
2015-02-23,12.08887304714951,9.954901431155168
2015-02-24,12.142398613625867,9.998237941801362
2015-02-25,12.153804624441554,10.007501455565654
2015-02-26,12.142085453658181,9.997244369572716
2015-02-27,12.15232069898105,10.00558730473848
2015-03-02,12.168652362237818,10.014762712972352
2015-03-03,12.1264103487537,9.979765085929234
2015-03-04,12.113988446154352,9.96919858103055
2015-03-05,12.13852348815089,9.989046484681822
2015-03-06,12.080121823664994,9.939996288278094
2015-03-09,12.08010676836385,9.939717441198416
2015-03-10,12.044764552496881,9.908896444099044
2015-03-11,12.105715673048675,9.958909962372477
2015-03-12,12.14940190136793,9.993106866342162
2015-03-13,12.149139390805725,9.991142876913562
2015-03-16,12.17195107930889,10.008119726390653
2015-03-17,12.15338950705577,9.988308669273318
2015-03-18,12.268892190299976,10.075781697567075
2015-03-19,12.239425847602627,10.048387438734292
2015-03-20,12.318148050914047,10.109904318873316
2015-03-23,12.324542687346339,10.11473834907424
2015-03-24,12.337516427030865,10.125231285736351
2015-03-25,12.298177617848717,10.090909230653056
2015-03-26,12.30413323073247,10.093181497234706
2015-03-27,12.332229035379552,10.11366479164831
2015-03-30,12.387105813444784,10.15652488082055
2015-03-31,12.368928087226447,10.141063139962496
2015-04-01,12.433884295763583,10.193328099747697
2015-04-02,12.426467506515706,10.186677871418345
2015-04-06,12.484870482966619,10.232840080283538
2015-04-07,12.520522293154581,10.260828377332452
2015-04-08,12.530210961356644,10.268163116116213
2015-04-09,12.534242821294518,10.270242181564857
2015-04-10,12.569746365467322,10.297903998302884
2015-04-13,12.557307466475818,10.286930323785231
2015-04-14,12.5814594339535,10.306683941182701
2015-04-15,12.622931992944405,10.339937080415503
2015-04-16,12.613491322236431,10.331480507575819
2015-04-17,12.591605630485933,10.312842021525471
2015-04-20,12.597974375203467,10.317347153424015
2015-04-21,12.601813954537947,10.319720761427572
2015-04-22,12.58578771036129,10.30514252296298
2015-04-23,12.621715600750132,10.33348852042544
2015-04-24,12.652268311281547,10.357657226823271
2015-04-27,12.691854178560638,10.388917135752955
2015-04-28,12.696509949777878,10.390369521571488
2015-04-29,12.645644176039884,10.345175841874662
2015-04-30,12.59715699295557,10.301647629310146
2015-05-01,12.66732743251017,10.3569046655802
2015-05-04,12.688620901788106,10.373520921646406
2015-05-05,12.64298492797482,10.335230859231512
2015-05-06,12.60990885006179,10.306757149180005
2015-05-07,12.593421405147591,10.29134552991672
2015-05-08,12.738931051658504,10.40952883334347
2015-05-11,12.65555396864148,10.340662281682215
2015-05-12,12.680497046445204,10.359137191977156
2015-05-13,12.740321172009123,10.407926706931548
2015-05-14,12.839605551035815,10.488886091515663
2015-05-15,12.874119481481214,10.516941749896965
2015-05-18,12.857355104298884,10.503200247337924
2015-05-19,12.772515493294865,10.433838809973759
2015-05-20,12.77599055504142,10.436509672752631
2015-05-21,12.812822348022152,10.466436425576733
2015-05-22,12.794141143058019,10.45112311613816
2015-05-26,12.702868958143085,10.37493228536328
2015-05-27,12.736276430515053,10.402087003934705
2015-05-28,12.726256260238609,10.39275521118268
2015-05-29,12.734464037407307,10.39934242571574
2015-06-01,12.767070365750001,10.424702150181078
2015-06-02,12.779957064125234,10.433128863086624
2015-06-03,12.769599300057855,10.418606073211164
2015-06-04,12.608379003906652,10.283475107879696
2015-06-05,12.7622959977314,10.401279275794144
2015-06-08,12.640444585577983,10.301970298147577
2015-06-09,12.961105295185423,10.563308978428473
2015-06-10,13.145932849962955,10.705959689712227
2015-06-11,13.162969035790017,10.716236953527593
2015-06-12,13.021639402704217,10.592252563723077
2015-06-15,12.944549732194579,10.529545155320822
2015-06-16,13.015215161386852,10.587026863297853
2015-06-17,13.023035910125511,10.58543543031103
2015-06-18,13.166014316258147,10.69739057973558
2015-06-19,13.097295940708976,10.641472762280506
2015-06-22,13.22887150843167,10.74417710213135
2015-06-23,13.278525421383886,10.784390731976233
2015-06-24,13.16468267258248,10.69189174605916
2015-06-25,13.16468267258248,10.68654580018613
2015-06-26,13.16468267258248,10.68654580018613
2015-06-29,13.16468267258248,10.68654580018613
2015-06-30,13.16468267258248,10.68654580018613
2015-07-01,13.269873786463902,10.76659233000476
2015-07-02,13.238316932635163,10.740988485849275
2015-07-06,13.264615311525127,10.76232583456898
2015-07-07,13.306690316070632,10.796463643904186
2015-07-08,13.327398031755703,10.80536315944203
2015-07-09,13.369706940527887,10.831757335185339
2015-07-10,13.274511593920346,10.75463276555352
2015-07-13,13.381495518346942,10.834946499724461
2015-07-14,13.39958898895827,10.849462100286539
2015-07-15,13.427673610333386,10.872137680136692
2015-07-16,13.524758064280324,10.949056843074917
2015-07-17,13.534157062610808,10.955111996997513
2015-07-20,13.546895625982685,10.963868395904731
2015-07-21,13.503558649260551,10.927235382748439
2015-07-22,13.52548662648275,10.940536793727366
2015-07-23,13.511916858661847,10.929508260943475
2015-07-24,13.528639039508244,10.941481209473146
2015-07-27,13.522644942044423,10.936470954221896
2015-07-28,13.508624221436362,10.925034336216962
2015-07-29,13.538466184793984,10.947691842263792
2015-07-30,13.551497949725544,10.958194387161678
2015-07-31,13.594146095643966,10.99024353633803
2015-08-03,13.625781641320275,11.015685988103549
2015-08-04,13.586032971132452,10.982363794424558
2015-08-05,13.566056635871055,10.963489224693983
2015-08-06,13.580445874921713,10.97262063560229
2015-08-07,13.617397071044286,11.001724491109913
2015-08-10,13.601388579574177,10.987061395679785
2015-08-11,13.660317898078889,11.032936630980032
2015-08-12,13.662496419984326,11.032674016624295
2015-08-13,13.633437450629186,11.008393083047428
2015-08-14,13.656409448269509,11.024151635041964
2015-08-17,13.703559099208858,11.062171009180114
2015-08-18,13.68067921684269,11.04359712490311
2015-08-19,13.718217402346728,11.07116678380529
2015-08-20,13.760752471901297,11.103736424854302
2015-08-21,13.745905659709093,11.091012008044705
2015-08-24,13.723894731123524,11.071635893665732
2015-08-25,13.640773839968462,11.001114330044503
2015-08-26,13.540561446828535,10.918747994110433
2015-08-27,13.557210539686956,10.932170585342925
2015-08-28,13.57318910162046,10.943416366778145
2015-08-31,13.552075084764391,10.926376155073564
2015-09-01,13.612293499714893,10.971466147469114
2015-09-02,13.576747736465084,10.942712420200236
2015-09-03,13.618021530731056,10.974632157034756
2015-09-04,13.659068631007592,11.007593365113811
2015-09-08,13.595313858487158,10.956191661060787
2015-09-09,13.615862823516645,10.97270056126368
2015-09-10,13.596244273037492,10.955569359739435
2015-09-11,13.618548750949747,10.97221986081214
2015-09-14,13.622767098590955,10.975603788628483
2015-09-15,13.622767098590955,10.97011598673417
2015-09-16,14.156134498427448,11.394140014332844
2015-09-17,14.26794458553966,11.473478355689682
2015-09-18,14.323845205735816,11.517247427637194
2015-09-21,14.272084516195438,11.474441093025705
2015-09-22,14.31465055575314,11.507422682135392
2015-09-23,14.314186153539525,11.507012746455853
2015-09-24,14.389990198353642,11.567208064764262
2015-09-25,14.350596269501796,11.534355089140755
2015-09-28,14.377785852377764,11.554957089823821
2015-09-29,14.391003610151316,11.565510711294841
2015-09-30,14.38696059803596,11.560839061631157
2015-10-01,14.403182005424394,11.573056083925737
2015-10-02,14.526962821521433,11.67034864489193
2015-10-05,14.525151538970155,11.66841405510814
2015-10-06,14.5905524982961,11.720858596356129
2015-10-07,14.634322952612518,11.755286139281097
2015-10-08,14.63097240265767,11.751631182628442
2015-10-09,14.658146509132944,11.773256940339271
2015-10-12,14.683963349554947,11.793060223658951
2015-10-13,14.660838187112985,11.773881146440452
2015-10-14,14.728392755284148,11.827516544065261
2015-10-15,14.770480283590175,11.861071972614697
2015-10-16,14.777838124486916,11.865533138056875
2015-10-19,14.768320002694086,11.857834116584764
2015-10-20,14.752330102123173,11.84488675082934
2015-10-21,14.749540861602837,11.84233637711255
2015-10-22,14.829857733755826,11.905340967709368
2015-10-23,14.834426231305331,11.908806827213542
2015-10-26,14.829100255317282,11.904480872394647
2015-10-27,14.82145389122308,11.898323654884418
2015-10-28,14.839599457287974,11.912480370917775
2015-10-29,14.747277154159214,11.834369212397974
2015-10-30,14.756323203661646,11.837404286420082
2015-11-02,14.787398512094768,11.861564611173527
2015-11-03,14.810455243318229,11.876761800181887
2015-11-04,14.775652167131256,11.844975342921732
2015-11-05,14.76930326154115,11.839277023603035
2015-11-06,14.705060439351401,11.784853498597261
2015-11-09,14.574648281145727,11.678133634713667
2015-11-10,14.624637995549321,11.715972698010795
2015-11-11,14.615753869134291,11.708848062774031
2015-11-12,14.499869426525208,11.613460069115433
2015-11-13,14.465930233646588,11.583675065840552
2015-11-16,14.614108024454696,11.699095248969911
2015-11-17,14.631914905297387,11.713203717656556
2015-11-18,14.740056783877716,11.797748595767446
2015-11-19,14.745696332449135,11.800728222113971
2015-11-20,14.828257441287084,11.86669263201639
2015-11-23,14.798719165150988,11.84300779360485
2015-11-24,14.796687128401704,11.836997550614752
2015-11-25,14.80800396392442,11.845970413920442
2015-11-27,14.830707081951292,11.863150806322114
2015-11-30,14.819044605328017,11.853642426063626
2015-12-01,14.909240782402144,11.92067551722923
2015-12-02,14.855074123018875,11.877198347717478
2015-12-03,14.625996941187967,11.685721975009683
2015-12-04,14.809241129334307,11.83004175373412
2015-12-07,14.804977977063096,11.824294702716616
2015-12-08,14.759250541319682,11.78345568011943
2015-12-09,14.695107383847192,11.727571054264574
2015-12-10,14.743889881637196,11.761973772605712
2015-12-11,14.823374242397776,11.816191942398195
2015-12-14,14.753685176265721,11.75140749310959
2015-12-15,14.835007795973029,11.810918305860731
2015-12-16,14.976619633617739,11.916957091173893
2015-12-17,15.075883605339445,11.991907241051976
2015-12-18,15.063338369919022,11.979078656200286
2015-12-21,15.053810355128313,11.968627577111219
2015-12-22,15.023423557352185,11.94430103349007
2015-12-23,15.12826358651721,12.023698436267464
2015-12-24,15.154336962413698,12.039082163778154
2015-12-28,15.216939616875061,12.085277316076214
2015-12-29,15.375291639083219,12.202974063044106
2015-12-30,15.295194136728265,12.135064084715427
2015-12-31,15.289586674652345,12.123282807354226
2016-01-04,15.282444346565184,12.113953841285827
2016-01-05,15.451717772905113,12.244469100940966
2016-01-06,15.518419225850733,12.288445755033562
2016-01-07,15.51034006834351,12.279938009767184
2016-01-08,15.53551709687072,12.298259812644638
2016-01-11,15.48576134596598,12.256458213911726
2016-01-12,15.53032459788091,12.29168051364597
2016-01-13,15.575475061026156,12.324271045477484
2016-01-14,15.559672040253114,12.30747673229187
2016-01-15,15.613596960266596,12.348673923408496
2016-01-19,15.60304077814052,12.340264083041442
2016-01-20,15.657699357464713,12.38262120216468
2016-01-21,15.631316002435733,12.3616955065112
2016-01-22,15.64243881551808,12.369724238387281
2016-01-25,15.667609099996412,12.38883951410624
2016-01-26,15.70575195427831,12.418773017409185
2016-01-27,15.708755131880125,12.42108553235054
2016-01-28,15.679483254885145,12.395048660370778
2016-01-29,15.759438090890121,12.455673937136368
2016-02-01,15.764484064720838,12.457068314352945
2016-02-02,15.832618330847874,12.51086596748483
2016-02-03,15.86768616548358,12.538291022602866
2016-02-04,15.932916576643052,12.58978328537354
2016-02-05,15.972600487127561,12.62109631473566
2016-02-08,16.091817530925937,12.7116849687965
2016-02-09,16.081116031076238,12.699592139391278
2016-02-10,16.144860274268613,12.74992611467768
2016-02-11,16.26501227812043,12.841176309991559
2016-02-12,16.19260962186012,12.780352316987955
2016-02-16,16.043225547302296,12.66229344761244
2016-02-17,16.036707021970223,12.656941581965324
2016-02-18,16.158522569954343,12.749434228748067
2016-02-19,16.14144788390882,12.732285196920092
2016-02-22,16.136795551915352,12.72478646735092
2016-02-23,16.176803974894494,12.75576915868953
2016-02-24,16.18298770025402,12.76056557146577
2016-02-25,16.253490670495093,12.813741119545094
2016-02-26,16.20374807683385,12.77444331524148
2016-02-29,16.259692221563668,12.816970807215927
2016-03-01,16.27449778347397,12.82713855115493
2016-03-02,16.29743745505336,12.84469386713358
2016-03-03,16.377143729374403,12.906132906847391
2016-03-04,16.406628913971932,12.929119242672177
2016-03-07,16.433483368914025,12.950236273087947
2016-03-08,16.402911159012167,12.925998180796142
2016-03-09,16.411877210070905,12.93297144947375
2016-03-10,16.454628896570856,12.966597434091675
2016-03-11,16.51348900345706,13.012934865200755
2016-03-14,16.492952603896263,12.996675025618694
2016-03-15,16.449816744424535,12.962571722293102
2016-03-16,16.584313564332827,13.068497891364096
2016-03-17,16.681446074786496,13.144797695138315
2016-03-18,16.691675236721636,13.152769702837729
2016-03-21,16.658106227138642,13.126301591329693
2016-03-22,16.6432451152023,13.113596743504129
2016-03-23,16.589142098387033,13.069913448951427
2016-03-24,16.56763360064437,13.052820043814956
2016-03-28,16.586410070077175,13.067510096453924
2016-03-29,16.699855470437583,13.156726347302234
2016-03-30,16.685467028117905,13.145181713534145
2016-03-31,16.73066908428722,13.180673327061225
2016-04-01,16.71848341346801,13.170572054522266
2016-04-04,16.69990345053754,13.155599211446855
2016-04-05,16.698665906171264,13.1541460042514
2016-04-06,16.748044332691318,13.192529378901812
2016-04-07,16.74479607058075,13.1894873120866
2016-04-08,16.789274385586566,13.22443457132062
2016-04-11,16.83746182909673,13.262303190534302
2016-04-12,16.876969851850227,13.293335620318759
2016-04-13,16.92656652903189,13.332257191290026
2016-04-14,16.896428928997427,13.30783566974293
2016-04-15,16.937402255847903,13.339518534750724
2016-04-18,16.96696330525093,13.362210522293871
2016-04-19,17.049912556533673,13.426925567118317
2016-04-20,17.01516848907816,13.39854331553172
2016-04-21,16.96424348109936,13.35824586495
2016-04-22,16.97972714272978,13.369782128868179
2016-04-25,16.946750800699803,13.34373765642777
2016-04-26,16.983131483621786,13.371689924776193
2016-04-27,17.057776867014766,13.430428578815386
2016-04-28,17.06267348700525,13.434045674144532
2016-04-29,17.070942716415804,13.440364899543821
2016-05-02,17.076370178289395,13.44455334597281
2016-05-03,17.034136202188257,13.410387137963143
2016-05-04,17.02148014641205,13.399829289140195
2016-05-05,17.052568125658567,13.424236011599989
2016-05-06,17.062315446900136,13.431743990267735
2016-05-09,17.02673542003923,13.403636657190349
2016-05-10,17.10038959045572,13.461519674171091
2016-05-11,17.09648309079168,13.458211637770898
2016-05-12,17.07291589947617,13.439539486762268
2016-05-13,17.09014346559971,13.451493518067762
2016-05-16,17.113395257102887,13.46821146903892
2016-05-17,17.094545751614927,13.45179165551605
2016-05-18,17.01010344379468,13.38340518517074
2016-05-19,17.013474657875012,13.384876567976416
2016-05-20,17.026978527067072,13.395401391630392
2016-05-23,17.021180199533188,13.39009576910675
2016-05-24,17.091183743306075,13.441948580033369
2016-05-25,17.123775315594116,13.464997423738106
2016-05-26,17.138303716888643,13.475464267425252
2016-05-27,17.16226732409005,13.493348246440167
2016-05-31,17.165003867231945,13.494535403081851
2016-06-01,17.16614263192802,13.495364652400179
2016-06-02,17.202217767823445,13.523642686207912
2016-06-03,17.312281023787545,13.60862210151815
2016-06-06,17.327484844458418,13.620084186339097
2016-06-07,17.384350545362,13.664270102837069
2016-06-08,17.47502448510323,13.734396963255268
2016-06-09,17.4652677017114,13.726638966760843
2016-06-10,17.452013847109917,13.714677737005266
2016-06-13,17.434358118895812,13.699435880375825
2016-06-14,17.421768353599305,13.688095274869452
2016-06-15,17.45291731271431,13.712453093240558
2016-06-16,17.453280602643314,13.712349377782683
2016-06-17,17.48008089640074,13.730848772070138
2016-06-20,17.492280585731976,13.738638052653789
2016-06-21,17.482304469828417,13.730184231926573
2016-06-22,17.489046257131765,13.73540787409452
2016-06-23,17.561964911633712,13.791988869856565
2016-06-24,17.70471805454125,13.901182789705443
2016-06-27,17.808741695953096,13.98068479732902
2016-06-28,17.89609200691836,14.047186151672726
2016-06-29,17.974320431461365,14.108066829279084
2016-06-30,18.064670632509127,14.178139517453575
2016-07-01,18.171161273203555,14.261311068856582
2016-07-05,18.226842173224227,14.304601262367658
2016-07-06,18.254627315373188,14.326372813023667
2016-07-07,18.221964880094166,14.300703857623754
2016-07-08,18.35771243633741,14.407140769709587
2016-07-11,18.34143116219485,14.394196306347846
2016-07-12,18.290144193620375,14.353549106021767
2016-07-13,18.340762621874404,14.393038546994564
2016-07-14,18.30486904428461,14.364837264848196
2016-07-15,18.25240035569697,14.323561358683145
2016-07-18,18.275379018438038,14.341438205909318
2016-07-19,18.293422550081697,14.355312501181437
2016-07-20,18.270131851252923,14.336963822487622
2016-07-21,18.299145649079925,14.359685868269938
2016-07-22,18.32575232905036,14.380525954742977
2016-07-25,18.284127886834167,14.347837854839353
2016-07-26,18.281768416418565,14.345925660974912
2016-07-27,18.349706744348047,14.399202497417136
2016-07-28,18.343258151677947,14.394045543709494
2016-07-29,18.43165193682703,14.462022773241458
2016-08-01,18.384241827666134,14.423520004482079
2016-08-02,18.302996468535955,14.358478321503
2016-08-03,18.305698963789126,14.360389959981873
2016-08-04,18.354787488107206,14.397564880711915
2016-08-05,18.307609048636543,14.360517219081405
2016-08-08,18.33174042585221,14.379279366636245
2016-08-09,18.40110603532984,14.432720681778894
2016-08-10,18.429443739793953,14.453261386082698
2016-08-11,18.411478262744698,14.437542066443779
2016-08-12,18.429073514104964,14.450975242843061
2016-08-15,18.437028831941983,14.455615168163389
2016-08-16,18.393107603593098,14.421061804524738
2016-08-17,18.417818021544843,14.439980460513109
2016-08-18,18.477719901397553,14.486888246246092
2016-08-19,18.40044716845936,14.42536127861006
2016-08-22,18.399621297072688,14.423332934058333
2016-08-23,18.425122114615533,14.443183978431861
2016-08-24,18.384417097397968,14.40945510201643
2016-08-25,18.37349702823749,14.40076679711871
2016-08-26,18.32192023846053,14.359314680100312
2016-08-29,18.409574265739238,14.42693191285412
2016-08-30,18.40026108715632,14.418195799054649
2016-08-31,18.36476670028941,14.39028818499875
2016-09-01,18.4000253007911,14.416506105627866
2016-09-02,18.462601428067348,14.4644642678517
2016-09-06,18.57920947828802,14.552669503347653
2016-09-07,18.563438479845107,14.54017116748421
2016-09-08,18.557423240213993,14.52698096167172
2016-09-09,18.21862114041099,14.257155181846993
2016-09-12,18.31723634427125,14.333933525536017
2016-09-13,17.94785139872589,14.034429906194374
2016-09-14,17.94785139872589,14.027412691241278
2016-09-15,18.10282492024866,14.141520867082022
2016-09-16,18.17482593700068,14.191052727567449
2016-09-19,18.183616046641284,14.195880979486908
2016-09-20,18.205986782838085,14.210767597406214
2016-09-21,18.49498293563338,14.431756852159376
2016-09-22,18.570562856270335,14.48199741018234
2016-09-23,18.524544172881697,14.445750761511665
2016-09-26,18.512407309103896,14.434479969583514
2016-09-27,18.573932576660187,14.479873715472586
2016-09-28,18.642809776496364,14.531986280201407
2016-09-29,18.6114570248842,14.506354378025737
2016-09-30,18.63924989395138,14.52656656971618
2016-10-03,18.64785948838758,14.528818927599353
2016-10-04,18.645837152149106,14.520807603686059
2016-10-05,18.734454797550523,14.58974303809402
2016-10-06,18.77526526660938,14.621491096677946
2016-10-07,18.74931218967829,14.599087744902198
2016-10-10,18.85451571023053,14.676946662694531
2016-10-11,18.81555249453063,14.642537390772109
2016-10-12,18.818253913289805,14.642967996105982
2016-10-13,18.772767094559107,14.607501117792015
2016-10-14,18.831058153220027,14.65273337289961
2016-10-17,18.788806564225997,14.619814694543582
2016-10-18,18.873187548379224,14.683792308738552
2016-10-19,18.920926523511852,14.716161312165719
2016-10-20,18.918399981365592,14.709412653866913
2016-10-21,18.946900748284232,14.726479938357127
2016-10-24,18.963946493018465,14.73463023660983
2016-10-25,18.936910199925183,14.713598735706414
2016-10-26,18.86341280703955,14.656159444693154
2016-10-27,18.866402269244233,14.656808008236613
2016-10-28,18.72424704115162,14.539889444645306
2016-10-31,18.73161605040188,14.543588043072864
2016-11-01,18.635820612570743,14.46921061720245
2016-11-02,18.569501211740636,14.417718955066025
2016-11-03,18.560881186766924,14.406916103392708
2016-11-04,18.527836826510537,14.38124759572188
2016-11-07,18.799778677542903,14.584116600122911
2016-11-08,18.867637290578017,14.630461205364771
2016-11-09,19.015571226055545,14.739964975012674
2016-11-10,19.068012990229814,14.778461865408273
2016-11-11,19.07100108487297,14.778618665243762
2016-11-14,19.194238239667005,14.874057324475366
2016-11-15,19.27063172327969,14.93294869471214
2016-11-16,19.288867311519404,14.947002808437896
2016-11-17,19.395612961369153,15.029697787123654
2016-11-18,19.42013295418479,15.048681890402392
2016-11-21,19.523679139795334,15.127245397135734
2016-11-22,19.589685197217964,15.173906964457297
2016-11-23,19.666409024934886,15.228841452542111
2016-11-25,19.673361076446046,15.234133680311938
2016-11-28,19.604945314149255,15.18112591027475
2016-11-29,19.592864356052175,15.171703592657279
2016-11-30,19.795769189480172,15.32736683278423
2016-12-01,19.767863500177036,15.305498168218685
2016-12-02,19.767812190002548,15.305336189480963
2016-12-05,19.750862137322525,15.288084133415037
2016-12-06,19.81886369197297,15.340595002708554
2016-12-07,19.95346189187539,15.440361741005695
2016-12-08,20.03974637021731,15.506910739764137
2016-12-09,20.112811135926908,15.563253218748777
2016-12-12,20.083460395483385,15.540426098941849
2016-12-13,20.173458150290553,15.610022485235906
2016-12-14,20.028030820437827,15.497377912445332
2016-12-15,20.0881248424017,15.543758523544872
2016-12-16,20.118286325465697,15.566906519924968
2016-12-19,20.167929582486966,15.60526782333755
2016-12-20,20.226742322078355,15.650695001999244
2016-12-21,20.16208201832256,15.600154296485634
2016-12-22,20.158429574757438,15.59725458911232
2016-12-23,20.19144066602939,15.622666840283827
2016-12-27,20.21024616461768,15.63685346362931
2016-12-28,20.15230643854043,15.591780241630556
2016-12-29,20.164559355173502,15.600929323654045
2016-12-30,20.173960194241623,15.607659025501826
2017-01-03,20.2875560913456,15.694128875327962
2017-01-04,20.386986359773953,15.767689943596412
2017-01-05,20.43197607359289,15.798743015045861
2017-01-06,20.423199398939477,15.788206357290942
2017-01-09,20.406778769500377,15.77120234463406
2017-01-10,20.392735639250827,15.760209701994517
2017-01-11,20.437779846220057,15.795002265305769
2017-01-12,20.447222415219247,15.801340287880173
2017-01-13,20.434447949567282,15.791426554048876
2017-01-17,20.502704590942063,15.842857570839211
2017-01-18,20.437997169276866,15.79165887127659
2017-01-19,20.36829047563178,15.732549442364125
2017-01-20,20.44589875722269,15.792356159130488
2017-01-23,20.514470205365868,15.841154459028353
2017-01-24,20.513872635537524,15.840349790461001
2017-01-25,20.549828174641988,15.864110890816603
2017-01-26,20.530290163531035,15.845705266238518
2017-01-27,20.53400906466757,15.848537283829103
2017-01-30,20.476135520801915,15.803764775862875
2017-01-31,20.538592776369416,15.850845507984479
2017-02-01,20.54674057181289,15.856227578411708
2017-02-02,20.578800823495516,15.880848491737236
2017-02-03,20.631836671966656,15.921697756399777
2017-02-06,20.655275148883415,15.93886169793521
2017-02-07,20.651204952003802,15.93524217884255
2017-02-08,20.7241125231199,15.991423776975195
2017-02-09,20.7107856417689,15.981030820949936
2017-02-10,20.767473688364092,16.024321286415287
2017-02-13,20.77321079819915,16.02828587857817
2017-02-14,20.76106317780117,16.01877230366444
2017-02-15,20.788173957402773,16.038833575433937
2017-02-16,20.821522030615792,16.06374557269469
2017-02-17,20.834237880797772,16.073047172161733
2017-02-21,20.904630087553294,16.125768749274503
2017-02-22,20.9175259077396,16.134127256646
2017-02-23,20.973666520332287,16.177001202485137
2017-02-24,21.00663113464632,16.202361753629145
2017-02-27,20.988937479280516,16.18849926407881
2017-02-28,20.96610024176313,16.170808547943682
2017-03-01,21.028559828391177,16.217524533854572
2017-03-02,20.911966985902527,16.1272724846231
2017-03-03,20.944818906430402,16.1510112245725
2017-03-06,20.899846469009777,16.114853940555513
2017-03-07,20.804635687776035,16.036227135540923
2017-03-08,20.750789265485427,15.987446092524026
2017-03-09,20.739570391102305,15.97635396931386
2017-03-10,20.800362397804744,16.022976619237465
2017-03-13,20.886670381154005,16.089351425575753
2017-03-14,20.82594783301883,16.04245936929254
2017-03-15,21.134109721492653,16.272064724350138
2017-03-16,21.154719379039214,16.286983870596483
2017-03-17,21.16161304833183,16.29225414066201
2017-03-20,21.200686518115262,16.313842551391264
2017-03-21,21.195008172545386,16.30726319025551
2017-03-22,21.23907985273231,16.340835446281556
2017-03-23,21.239314467121186,16.340984833410637
2017-03-24,21.266212726815354,16.36156402151655
2017-03-27,21.330742181003245,16.411135717970662
2017-03-28,21.341016022918364,16.416847050224153
2017-03-29,21.391655582260793,16.455730485825576
2017-03-30,21.347374858534337,16.4216305491221
2017-03-31,21.358871222178127,16.429413444440012
2017-04-03,21.417582092482174,16.474522391430263
2017-04-04,21.40695195006162,16.46624252991321
2017-04-05,21.39930564476832,16.460246849626294
2017-04-06,21.410297977719715,16.467017394729357
2017-04-07,21.39352282905687,16.45364665416022
2017-04-10,21.42097402185345,16.474621081902626
2017-04-11,21.498635995421527,16.534313808588305
2017-04-12,21.550065986190813,16.57081667694556
2017-04-13,21.551619630950075,16.571742084533973
2017-04-17,21.593587815778616,16.60214915294815
2017-04-18,21.635755986964853,16.632735459022754
2017-04-19,21.561089240696823,16.573744718238483
2017-04-20,21.598036162149143,16.599455876580375
2017-04-21,21.59478843379252,16.595178499122742
2017-04-24,21.642587525572427,16.630345072631123
2017-04-25,21.619878177915563,16.611827083779886
2017-04-26,21.62599963183775,16.616360608057033
2017-04-27,21.626235685588767,16.616444499842576
2017-04-28,21.643927196500357,16.62869177564136
2017-05-01,21.62287752649876,16.61125765309405
2017-05-02,21.66457316677165,16.643158291856714
2017-05-03,21.644306469065107,16.625062555003566
2017-05-04,21.598204440195357,16.588976714959486
2017-05-05,21.65238760232061,16.630221994177827
2017-05-08,21.617131081568942,16.60307239280071
2017-05-09,21.628614420149706,16.611769133003047
2017-05-10,21.671039517072796,16.64425989602523
2017-05-11,21.66707890411226,16.641110706030606
2017-05-12,21.729793333859433,16.689193321322776
2017-05-15,21.77113464938828,16.720657225968267
2017-05-16,21.806884979794503,16.748059564955707
2017-05-17,21.854066278926584,16.782343709814157
2017-05-18,21.834205230964642,16.765573856896943
2017-05-19,21.9241723670953,16.834186754244488
2017-05-22,21.949273383586583,16.853349642018156
2017-05-23,21.91729943442204,16.828673385480034
2017-05-24,21.971870432732455,16.86942307002709
2017-05-25,21.98510076221128,16.87912908355233
2017-05-26,22.004957133635266,16.893221930287083
2017-05-30,22.024182535092468,16.907882971064087
2017-05-31,22.03651745639039,16.917247810236667
2017-06-01,22.083968631810265,16.95335870534807
2017-06-02,22.199741826852215,17.04053386514457
2017-06-05,22.155420607597108,17.00626518205743
2017-06-06,22.192433603137456,17.033648817619433
2017-06-07,22.166463145105535,17.012521393238583
2017-06-08,22.146690425273547,16.99668761047281
2017-06-09,22.12052820649994,16.976551423776048
2017-06-12,22.12677071234476,16.981295167267305
2017-06-13,22.17160406212316,17.015644106388343
2017-06-14,22.24438640293229,17.070540631558448
2017-06-15,22.185113553191986,17.024720611357093
2017-06-16,22.199378472068354,17.03540363450817
2017-06-19,22.23460069014136,17.062134477498503
2017-06-20,22.20644793394513,17.040388540811367
2017-06-21,22.209950268439364,17.03940608232681
2017-06-22,22.237514678617476,17.05742295606987
2017-06-23,22.27620415518929,17.08699077732939
2017-06-26,22.330268482361735,17.12832476319112
2017-06-27,22.216770773045297,17.04102032127295
2017-06-28,22.280400254310667,17.089588742414996
2017-06-29,22.16167089820139,16.99835305310878
2017-06-30,22.165636278536365,17.00090267077261
2017-07-03,22.16896463039073,17.00335610117389
2017-07-05,22.156293802145203,16.99335295137569
2017-07-06,22.047014523323558,16.902456662687243
2017-07-07,22.07852163918066,16.921663627800832
2017-07-10,22.130099018216608,16.956175829018907
2017-07-11,22.151218962362876,16.972304333189037
2017-07-12,22.28666243151898,17.069635793387576
2017-07-13,22.29116796860558,17.07174302797974
2017-07-14,22.374976680880764,17.13484107738888
2017-07-17,22.384279107294812,17.141891499901284
2017-07-18,22.437377776799014,17.18121058985162
2017-07-19,22.491090839760393,17.22194965659386
2017-07-20,22.505236797872897,17.232401378133876
2017-07-21,22.53241360997813,17.251998453604255
2017-07-24,22.515092001858143,17.23867399912375
2017-07-25,22.487962401904184,17.216654553964045
2017-07-26,22.571286665161704,17.279985986554998
2017-07-27,22.542487169453103,17.257816698996443
2017-07-28,22.585839150183666,17.29025730498086
2017-07-31,22.600773689921866,17.3014330734749
2017-08-01,22.650097904692682,17.33800854560538
2017-08-02,22.633734298883404,17.324864233272418
2017-08-03,22.645251200326037,17.333452243347608
2017-08-04,22.62062046273062,17.314265086590385
2017-08-07,22.629169789525353,17.32065914279961
2017-08-08,22.565582608115022,17.27184742334481
2017-08-09,22.622854111815784,17.311502648180706
2017-08-10,22.57459709298285,17.272571170329748
2017-08-11,22.604421125917455,17.295010714826645
2017-08-14,22.63709873500309,17.317078486105835
2017-08-15,22.573221874452045,17.26418902702951
2017-08-16,22.66188887842788,17.327996345234055
2017-08-17,22.658409503186817,17.32258380862516
2017-08-18,22.692494853900293,17.34842526164865
2017-08-21,22.70231462596396,17.35571379785808
2017-08-22,22.73712799215887,17.378267071436944
2017-08-23,22.815126591936885,17.43645047123761
2017-08-24,22.775980910142103,17.40543161726425
2017-08-25,22.84004607757481,17.453312227932525
2017-08-28,22.889868667879167,17.489890697930832
2017-08-29,22.886983943976535,17.48628451016396
2017-08-30,22.91417798323303,17.506017909035585
2017-08-31,23.014184490239508,17.58204164217116
2017-09-01,23.004417961737314,17.57448872567342
2017-09-05,23.061360581079835,17.617831400382144
2017-09-06,23.05738908996247,17.61448961643912
2017-09-07,23.158057451917617,17.69102922941097
2017-09-08,23.095883455318116,17.64345032222417
2017-09-11,23.09572057946282,17.6432397696801
2017-09-12,23.084863736956528,17.634792195769673
2017-09-13,23.04741842469667,17.60610317759469
2017-09-14,23.097042783609375,17.64385890937146
2017-09-15,23.10605090057139,17.65069934840944
2017-09-18,23.061945185146705,17.616901698529034
2017-09-19,23.0671336780787,17.620740133967495
2017-09-20,23.035375660726025,17.596451708301633
2017-09-21,23.009321204857425,17.57596167325663
2017-09-22,23.03295121565566,17.5929839093675
2017-09-25,23.073370259698596,17.62287457543761
2017-09-26,23.060552354746655,17.610743760468065
2017-09-27,23.073334566719502,17.612810970466253
2017-09-28,23.076458150172503,17.615054596007514
2017-09-29,23.134570298319275,17.656735458193012
2017-10-02,23.14658547115526,17.66428657240758
2017-10-03,23.199473963342452,17.700403221504928
2017-10-04,23.187244293820665,17.686818588430896
2017-10-05,23.249338231281165,17.73381303741626
2017-10-06,23.211976472455046,17.704767324142022
2017-10-09,23.211445589277304,17.70425072976547
2017-10-10,23.27691174271462,17.75363230253548
2017-10-11,23.295256700173184,17.766834801459808
2017-10-12,23.29772512996144,17.76486248251347
2017-10-13,23.373994009396814,17.82142523677871
2017-10-16,23.363513798757573,17.81183615863548
2017-10-17,23.370387421336382,17.816126709149902
2017-10-18,23.379043841479543,17.818181700327376
2017-10-19,23.366945106162444,17.80825952080838
2017-10-20,23.387421035047804,17.82316039067351
2017-10-23,23.3527182896319,17.79603660173605
2017-10-24,23.362236305349136,17.80209613123556
2017-10-25,23.283161807588495,17.73824893298647
2017-10-26,23.305585628317303,17.754651786552003
2017-10-27,23.41898329093833,17.837297444902177
2017-10-30,23.410073220904682,17.830196213662934
2017-10-31,23.44040314748052,17.853111134121452
2017-11-01,23.457196149085192,17.865819622401567
2017-11-02,23.476196953140292,17.87902025271673
2017-11-03,23.502540814978165,17.8954664240042
2017-11-06,23.561683500309528,17.938951078427653
2017-11-07,23.563129097419903,17.935404609619884
2017-11-08,23.572856197006384,17.942719478955027
2017-11-09,23.51510509674008,17.895336335570278
2017-11-10,23.4841510309743,17.8644037105431
2017-11-13,23.480624909579635,17.861623425623225
2017-11-14,23.406489390000562,17.80311477735369
2017-11-15,23.356527935929474,17.760084441979412
2017-11-16,23.491779050714317,17.857610818276275
2017-11-17,23.5366235503072,17.884658394404262
2017-11-20,23.570421664285114,17.903288125991214
2017-11-21,23.667669016527856,17.969294513128222
2017-11-22,23.737323759719597,18.018141867626
2017-11-24,23.7586650373713,18.034211740371006
2017-11-27,23.70411858933207,17.99043017000827
2017-11-28,23.759641599568308,18.03018386831466
2017-11-29,23.642969115256953,17.934883058060905
2017-11-30,23.700238854993547,17.970440770825203
2017-12-01,23.768185657564278,18.012326603822633
2017-12-04,23.73495954791795,17.986950759970167
2017-12-05,23.750815099200196,17.997157500865995
2017-12-06,23.741032320306996,17.98971099864339
2017-12-07,23.73875240574663,17.985662160886825
2017-12-08,23.78391138225018,18.018347245283508
2017-12-11,23.80169369321742,18.031456941295076
2017-12-12,23.80733551644011,18.035622148593582
2017-12-13,23.879427887957554,18.087798439568637
2017-12-14,23.877702283380223,18.085576120505632
2017-12-15,23.94067747038951,18.130899183501313
2017-12-18,23.966720749749612,18.149800112206776
2017-12-19,23.84755835512635,18.05067790802604
2017-12-20,23.861103441072114,18.05227702200043
2017-12-21,23.936247449016946,18.10229676427967
2017-12-22,23.97377257271397,18.12561011422781
2017-12-26,24.030432498020982,18.166553255021558
2017-12-27,24.10688147528734,18.218165626320836
2017-12-28,24.136329140419118,18.238691342249986
2017-12-29,24.17158482044749,18.265134715669777
2018-01-02,24.204792669408892,18.290096832145938
2018-01-03,24.289523583983975,18.352223700310496
2018-01-04,24.34281241098745,18.39187269570003
2018-01-05,24.378210976434097,18.414180377874665
2018-01-08,24.374957243852382,18.41163693415127
2018-01-09,24.34800776604553,18.386761758584488
2018-01-10,24.320766657855057,18.365827785209866
2018-01-11,24.416717149794863,18.434850006467027
2018-01-12,24.531958600814935,18.521727648282532
2018-01-16,24.504849032252533,18.50101017327107
2018-01-17,24.526302326616445,18.517053567528137
2018-01-18,24.490948391088253,18.4868178008721
2018-01-19,24.570321962411402,18.546632800845103
2018-01-22,24.650386753345053,18.60692476849479
2018-01-23,24.750164120455796,18.681887815218808
2018-01-24,24.888861541093878,18.786140727499575
2018-01-25,24.841267949354933,18.74685146852396
2018-01-26,24.990875951952777,18.856396964518996
2018-01-29,24.811863709235002,18.721074678805426
2018-01-30,24.586406957410173,18.54419114733954
2018-01-31,24.67381035045142,18.603460690497258
2018-02-01,24.689154135350968,18.608354180526536
2018-02-02,24.216020120856285,18.249610989280168
2018-02-05,24.076619772891757,18.132721546811492
2018-02-06,24.114487247053066,18.156691222277495
2018-02-07,23.82056890014127,17.930833898255102
2018-02-08,23.856837561199914,17.951829455000503
2018-02-09,23.81675037985153,17.92166459173848
2018-02-12,23.931282687123282,18.007848036713355
2018-02-13,24.066811030633485,18.10983061100773
2018-02-14,24.526066797728106,18.446738633473792
2018-02-15,24.706604318544024,18.57645800792602
2018-02-16,24.70589508275043,18.57235565188811
2018-02-20,24.46272852580525,18.383076112599618
2018-02-21,24.34752798103109,18.29619371951314
2018-02-22,24.573831857311585,18.466224754094416
2018-02-23,24.792072369011304,18.62629610275936
2018-02-26,24.966436251313098,18.753785445675152
2018-02-27,24.58526266464513,18.46392878326871
2018-02-28,24.58526266464513,18.454696818877075
2018-03-01,24.58526266464513,18.454696818877075
2018-03-02,24.717335153477155,18.544608445420085
2018-03-05,25.15693259764154,18.855879426924663
2018-03-06,25.331699245963687,18.97386441406078
2018-03-07,25.331699245963687,18.964377481853752
2018-03-08,25.4542836941325,19.04666717647152
2018-03-09,25.942439303046143,19.403374162450707
2018-03-12,25.95263292128832,19.41099288355671
2018-03-13,25.75505489703166,19.263213288833533
2018-03-14,25.701287339694723,19.22296559995996
2018-03-15,25.746081921196186,19.24386627394068
2018-03-16,25.78518743645829,19.273048427889588
2018-03-19,25.78518743645829,19.263411903675646
2018-03-20,26.028733885519806,19.435727122775674
2018-03-21,26.485846671629236,19.76423203245063
2018-03-22,26.552602832259883,19.798778199811252
2018-03-23,26.791541878371397,19.96922679024836
2018-03-26,26.843423959836358,19.99906953874834
2018-03-27,26.86548091892145,20.00644610785054
2018-03-28,26.98562269672303,20.079841197128406
2018-03-29,27.05918746043535,20.129988548313232
2018-04-02,27.047214522217914,20.1192361103464
2018-04-03,27.015735188836413,20.09154055412707
2018-04-04,27.03539270715923,20.10600384071434
2018-04-05,27.018040477362817,20.08924379512024
2018-04-06,27.074504626024197,20.125054969402388
2018-04-09,27.113814955933535,20.15078886348416
2018-04-10,27.156519558786815,20.18153213851283
2018-04-11,27.198555429444568,20.211898307878645
2018-04-12,27.1570352238869,20.179257786759333
2018-04-13,27.199068148193803,20.20867602973425
2018-04-16,27.21543330343006,20.218654909354598
2018-04-17,27.266905697423365,20.25623078226669
2018-04-18,27.2840826577731,20.265091816352136
2018-04-19,27.195658285796252,20.19148449936537
2018-04-20,27.149792790653652,20.15214714304788
2018-04-23,27.104298414949824,20.115562684625036
2018-04-24,27.03998949653549,20.067469157103247
2018-04-25,27.07677232467874,20.09276407182587
2018-04-26,27.217005814994298,20.194419008011153
2018-04-27,27.259224058719887,20.225678919088256
2018-04-30,27.268834003415947,20.232696225668274
2018-05-01,27.3156254399604,20.267343379565315
2018-05-02,27.34126934234346,20.286169266227898
2018-05-03,27.33958116053192,20.284866429304905
2018-05-04,27.440293536848216,20.359304252292667
2018-05-07,27.48692144410926,20.39336047544222
2018-05-08,27.478545790550907,20.386997627250018
2018-05-09,27.577668476977607,20.458902097052203
2018-05-10,27.67254353097695,20.52778026253805
2018-05-11,27.657830188447356,20.51438678327083
2018-05-14,27.667794156125467,20.5179831133247
2018-05-15,27.56579155799474,20.44191287932516
2018-05-16,27.609971499814556,20.47441007015777
2018-05-17,27.619071428304828,20.48109963680555
2018-05-18,27.59446042935593,20.46275770380344
2018-05-21,27.709795310778244,20.548018149262926
2018-05-22,27.698087055387276,20.53796763180488
2018-05-23,27.69747458890969,20.53614582385549
2018-05-24,27.670355063869483,20.514716067644954
2018-05-25,27.66213665515694,20.50085606661782
2018-05-29,27.83260923694247,20.620557753098034
2018-05-30,27.847156455434348,20.625538609493773
2018-05-31,27.807944219091016,20.595636552965328
2018-06-01,27.845147317899166,20.61987115390594
2018-06-04,27.85293804729574,20.625534015869615
2018-06-05,27.864729903533885,20.634195024848214
2018-06-06,27.98612952368277,20.716502515341023
2018-06-07,28.01894491046557,20.73392060986
2018-06-08,28.03610152908598,20.741341229885393
2018-06-11,28.09614925161531,20.783785997337745
2018-06-12,28.127312050039976,20.80485521263646
2018-06-13,28.089694737908676,20.776904526095844
2018-06-14,28.243947052274162,20.88592888156514
2018-06-15,28.235390421977343,20.877858937591196
2018-06-18,28.22833772407093,20.872573876228227
2018-06-19,28.236211640675,20.878250318360916
2018-06-20,28.24364396912174,20.883681735086085
2018-06-21,28.218606825770493,20.865035568354838
2018-06-22,28.290328662899512,20.91727352040736
2018-06-25,28.21573495116001,20.861324836279817
2018-06-26,28.297204067281843,20.920907588944658
2018-06-27,28.36559732670188,20.96786656646133
2018-06-28,28.409837706904018,20.99478580607446
2018-06-29,28.39784678148005,20.985866695035025
2018-07-02,28.394087912472123,20.982840530326364
2018-07-03,28.44455085578363,21.019964785381152
2018-07-05,28.524720840948767,21.07391800075863
2018-07-06,28.59056938869988,21.122326906425286
2018-07-09,28.59217328857568,21.123290550952127
2018-07-10,28.596327002010906,21.12620762831009
2018-07-11,28.570390377273444,21.10698939934152
2018-07-12,28.638509639899908,21.15624486528007
2018-07-13,28.651980887180983,21.16601380937767
2018-07-16,28.604529469138786,21.130549007500623
2018-07-17,28.60547253892563,21.131156554259338
2018-07-18,28.60158257587972,21.127783117082657
2018-07-19,28.65139631428333,21.164545702510427
2018-07-20,28.55784584298001,21.095235328275052
2018-07-23,28.50385125408415,21.053647926443748
2018-07-24,28.564115590141196,21.096979765508568
2018-07-25,28.63529043726968,21.148810424423395
2018-07-26,28.648869770759376,21.158099833995788
2018-07-27,28.624632473862384,21.1393588501001
2018-07-30,28.599422279482624,21.12043959163185
2018-07-31,28.673712303464225,21.1752065903024
2018-08-01,28.64891380881088,21.15615681787084
2018-08-02,28.695770090336108,21.189575517739645
2018-08-03,28.760630147334016,21.236178118888688
2018-08-06,28.796791686518286,21.26171690175826
2018-08-07,28.784280450309772,21.25121587899066
2018-08-08,28.75749835164171,21.230738690553704
2018-08-09,28.777836062190673,21.245622275727403
2018-08-10,28.808357530243597,21.266180427621812
2018-08-13,28.792051518041447,21.25353989560964
2018-08-14,28.839524215094706,21.287105994427137
2018-08-15,28.854512735180514,21.29671747428586
2018-08-16,28.9007894464523,21.330562733317972
2018-08-17,28.92685917655804,21.349451179022395
2018-08-20,28.970255551039386,21.381268102287653
2018-08-21,28.93773195333689,21.357059373620352
2018-08-22,28.956436186150505,21.37042546588835
2018-08-23,28.966153078483075,21.37733903341092
2018-08-24,29.018663840344967,21.4156262765132
2018-08-27,29.04113379025321,21.430376358943242
2018-08-28,29.006873933766038,21.40490285464268
2018-08-29,29.033605459974737,21.424443259715748
2018-08-30,29.010681413270305,21.406940039426935
2018-08-31,29.024923330049123,21.415639419352573
2018-09-04,28.97193326074894,21.37518862683696
2018-09-05,28.944555530218032,21.354157394729807
2018-09-06,28.978963511574534,21.379003594584624
2018-09-07,28.93762192201482,21.33802291385613
2018-09-10,28.984748524523724,21.36322456196188
2018-09-11,29.043124977388864,21.396691115740357
2018-09-12,29.083613121351696,21.42174737183958
2018-09-13,29.13882252605717,21.459414558686245
2018-09-14,29.142469366773753,21.459184317047963
2018-09-17,29.112674913787608,21.434329099445
2018-09-18,29.17260045684893,21.472634847465166
2018-09-19,29.181143001124504,21.47644122674536
2018-09-20,29.296137452410786,21.55869940459084
2018-09-21,29.319473033357617,21.57466499659216
2018-09-24,29.313749568442145,21.567058434698
2018-09-25,29.31178274434188,21.565435457700314
2018-09-26,29.29836001750202,21.555488217714945
2018-09-27,29.3784768196235,21.605999743050557
2018-09-28,29.404658924507018,21.619847533328546
2018-10-01,29.518571177787116,21.703417642363288
2018-10-02,29.52573275392908,21.706573368768474
2018-10-03,29.5198760269081,21.70015754881647
2018-10-04,29.38228038947023,21.59692249315134
2018-10-05,29.32374871550365,21.542424597003812
2018-10-08,29.338379914236434,21.548754187245663
2018-10-09,29.347068655229663,21.555060310932557
2018-10-10,29.165023734462846,21.412941498182406
2018-10-11,29.221735910978012,21.447623398791873
2018-10-12,29.296575642409486,21.49904180433368
2018-10-15,29.33065498373522,21.523937275126972
2018-10-16,29.330392966394708,21.523619233464462
2018-10-17,29.31552206043404,21.51232736770686
2018-10-18,29.37531379658233,21.55399558136879
2018-10-19,29.367976214707845,21.548463642725675
2018-10-22,29.378069773358092,21.555854283391703
2018-10-23,29.464254089432227,21.619073948962793
2018-10-24,29.54493918811845,21.678226486378207
2018-10-25,29.54893762805927,21.68104237539201
2018-10-26,29.560641408313128,21.68956281206351
2018-10-29,29.577004859869874,21.697082518111788
2018-10-30,29.622181343611157,21.72599117464011
2018-10-31,29.561450572427656,21.67721148458477
2018-11-01,29.728312855893602,21.795416863766057
2018-11-02,29.78082385809279,21.833305136469544
2018-11-05,29.72015169080371,21.788761125371312
2018-11-06,29.619104657780387,21.714660312885087
2018-11-07,29.720998812745616,21.779314002918582
2018-11-08,29.80885387585094,21.833368263782038
2018-11-09,29.752739296329544,21.792193917327737
2018-11-12,29.97547875314692,21.949519017690115
2018-11-13,29.88853043062843,21.885420467393175
2018-11-14,29.888930360023352,21.879523281673308
2018-11-15,29.915374362676967,21.886730413982907
2018-11-16,29.94318361389601,21.90610396619414
2018-11-19,29.952867346644464,21.91013364270052
2018-11-20,29.957466517654826,21.913382668157414
2018-11-21,29.994047020701075,21.938685428637
2018-11-23,29.99859563304249,21.94055549902065
2018-11-26,29.994931303113056,21.937224003556985
2018-11-27,30.002347194541017,21.942597546154957
2018-11-28,30.040046735716416,21.969400806198106
2018-11-29,30.05941745215661,21.98340989256966
2018-11-30,30.10159141099823,22.014044980429674
2018-12-03,30.230817275794706,22.10755181450646
2018-12-04,30.310379590692506,22.164494853102646
2018-12-06,30.39100413917648,22.22310128207707
2018-12-07,30.425923537324334,22.247798795868963
2018-12-10,30.46538301205082,22.271604249888366
2018-12-11,30.488945196544208,22.28859916547227
2018-12-12,30.472028957541283,22.275518907790023
2018-12-13,30.492126642925694,22.290102887000224
2018-12-14,30.48152233382054,22.281709475653802
2018-12-17,30.54485268076636,22.32685770137121
2018-12-18,30.62581643021905,22.38577163216418
2018-12-19,30.651485689818298,22.403996641036667
2018-12-20,30.64016363200815,22.395500754721972
2018-12-21,30.626627112046513,22.385380974778524
2018-12-24,30.662000186470777,22.411087806569515
2018-12-26,30.637206118799867,22.39244469644944
2018-12-27,30.68630177038605,22.42774264335612
2018-12-28,30.83265212607837,22.532128002827704
2018-12-31,30.92267490362162,22.597508901456344
2019-01-02,31.00637547621198,22.655708581222953
2019-01-03,31.164082824385762,22.767967811936565
2019-01-04,31.095768522835087,22.717027137567765
2019-01-07,31.10153224207457,22.719228671375305
2019-01-08,31.121052512123143,22.733181476404038
2019-01-09,31.228035018255227,22.810324533898836
2019-01-10,31.15873930948955,22.759494246891915
2019-01-11,31.184426776491893,22.7780845336901
2019-01-14,31.128338677541755,22.73606736131454
2019-01-15,31.146475385170483,22.74751590363454
2019-01-16,31.216271074782554,22.798283980063317
2019-01-17,31.24129884244756,22.81589468795041
2019-01-18,31.247633311307087,22.817799006607597
2019-01-22,31.216194397313043,22.794534594176458
2019-01-23,31.266158422946877,22.828697836303775
2019-01-24,31.343565024740826,22.8829149678186
2019-01-25,31.487591006858967,22.985757591639388
2019-01-28,31.456058346034933,22.96244347871875
2019-01-29,31.556126057078586,23.035426674598167
2019-01-30,31.744589102688078,23.172852510452646
2019-01-31,31.8834139851677,23.274005442024496
2019-02-01,31.805137348820605,23.216379191537293
2019-02-04,31.782896283055393,23.20004684272626
2019-02-05,31.888671814079853,23.27700332277464
2019-02-06,31.815012803385958,23.220827743891945
2019-02-07,31.803275654255113,23.212048199910086
2019-02-08,31.85544185464541,23.249784957068524
2019-02-11,31.81185707766437,23.217351138528716
2019-02-12,31.8667874897742,23.2572985156485
2019-02-13,31.834136055004663,23.233161759352104
2019-02-14,31.896313944859205,23.27840831137718
2019-02-15,32.00774075042789,23.359376563149176
2019-02-19,32.08633294113228,23.416242456316592
2019-02-20,32.092765084689454,23.42002856016623
2019-02-21,31.9812151422766,23.33828328796162
2019-02-22,32.10317136114959,23.426795965063935
2019-02-25,32.068803419503325,23.40127322060502
2019-02-26,32.09365568022038,23.419243347573655
2019-02-27,32.02250260844619,23.365598974448222
2019-02-28,31.966846061101048,23.324779985945856
2019-03-01,31.971462126270158,23.32574441750492
2019-03-04,31.99898911699163,23.345727276216095
2019-03-05,32.0365215029749,23.37308448509788
2019-03-06,32.004742603239805,23.349792329165762
2019-03-07,32.01829097518635,23.357924976675278
2019-03-08,32.00805452523945,23.35015783877693
2019-03-11,32.12676373867843,23.436653778361794
2019-03-12,32.19583415217718,23.486729105564276
2019-03-13,32.24959700182542,23.52463594784473
2019-03-14,32.217150111007925,23.499655260228653
2019-03-15,32.308693236131106,23.565796482183465
2019-03-18,32.32142739769648,23.574759145727224
2019-03-19,32.31396039297042,23.568166282581245
2019-03-20,32.465331782132616,23.676066072100294
2019-03-21,32.55019775527071,23.735478791917622
2019-03-22,32.496227287098755,23.695817482544644
2019-03-25,32.54040397551,23.72740829159775
2019-03-26,32.61826095908003,23.78413556065691
2019-03-27,32.6335641782559,23.794419440202713
2019-03-28,32.705255231207516,23.84522881526309
2019-03-29,32.76252190094496,23.886801071421974
2019-04-01,32.7674555448421,23.890311486156712
2019-04-02,32.81929790112812,23.927446380624414
2019-04-03,32.800141112535506,23.913393055429434
2019-04-04,32.83362942905141,23.937679545721952
2019-04-05,32.92192985890262,24.001880728862773
2019-04-08,32.895238325589744,23.98228099557662
2019-04-09,32.87122212905815,23.964639422612635
2019-04-10,32.98287813082292,24.044719289811024
2019-04-11,32.94984243290459,24.019248497359587
2019-04-12,32.968065595222214,24.032442696790188
2019-04-15,32.93492058777776,24.00812951871232
2019-04-16,32.87892425150933,23.96719173889628
2019-04-17,32.85372551569172,23.947359991866033
2019-04-18,32.9206853161854,23.9949689002111
2019-04-22,32.890767826812485,23.971961834203814
2019-04-23,33.02102151539461,24.06578301416332
2019-04-24,33.04536880720399,24.08332283122019
2019-04-25,33.03090082506341,24.072665967143188
2019-04-26,33.081113704091315,24.109087006191427
2019-04-29,33.03386512312452,24.074499350687407
2019-04-30,33.0571431718854,24.091297819818987
2019-05-01,33.00681717024062,24.054526988893958
2019-05-02,32.94747246336405,24.010990259634614
2019-05-03,33.060246783553346,24.0928327799864
2019-05-06,33.064013732386826,24.094544271638437
2019-05-07,32.95358546049333,24.012382411515
2019-05-08,32.93406215671495,23.99635995942981
2019-05-09,32.92439903047183,23.988174645446232
2019-05-10,32.9720703999539,24.022710202074677
2019-05-13,33.05409359004638,24.075465903634928
2019-05-14,33.09674086304505,24.10573102163815
2019-05-15,33.173859014188,24.160977495623406
2019-05-16,33.20992092164762,24.182326082491716
2019-05-17,33.22412744790245,24.191311409989122
2019-05-20,33.161599453003596,24.14574043759132
2019-05-21,33.21220283535091,24.181279023816792
2019-05-22,33.26966019489054,24.22110253766519
2019-05-23,33.35470828611365,24.279261055860452
2019-05-24,33.35893774937576,24.281897834389447
2019-05-28,33.41947867705017,24.325740008147754
2019-05-29,33.45552761727177,24.35052902420121
2019-05-30,33.58706693999739,24.4436339455574
2019-05-31,33.73066249552704,24.546772702308964
2019-06-03,33.82033587901614,24.611435917145148
2019-06-04,33.76367616393216,24.568633031343666
2019-06-05,33.815844640377584,24.60221301517284
2019-06-06,33.8647442806851,24.633503599748078
2019-06-07,34.03845933778829,24.75601419677813
2019-06-10,33.94008132570749,24.683070345089526
2019-06-11,33.96435863927852,24.70041098894366
2019-06-12,33.98569304269697,24.71569638670611
2019-06-13,34.09400401276224,24.793154505951176
2019-06-14,34.119847764247744,24.807894439317252
2019-06-17,34.137839951870966,24.820502649479984
2019-06-18,34.30916317923528,24.943973954896766
2019-06-19,34.42897426652626,25.030261061939598
2019-06-20,34.678309517463994,25.207845692793146
2019-06-21,34.54059561050321,25.10727614887015
2019-06-24,34.634322741914296,25.174959315074986
2019-06-25,34.52281103107214,25.09381024416844
2019-06-26,34.45532330345836,25.043071542051482
2019-06-27,34.58953521194216,25.139252438003393
2019-06-28,34.64155578337135,25.176914907723827
2019-07-01,34.65354139344703,25.18512091011988
2019-07-02,34.81564527133146,25.30231900137006
2019-07-03,34.943511794797125,25.395019088386878
2019-07-05,34.75331407051958,25.25357929427202
2019-07-08,34.704624865637285,25.21749134747823
2019-07-09,34.70006743289996,25.21398770696773
2019-07-10,34.80337149094473,25.288601420354652
2019-07-11,34.66710069661091,25.189395276952716
2019-07-12,34.728428447883495,25.230734176356606
2019-07-15,34.7858168138648,25.269134503447102
2019-07-16,34.737418500765635,25.233514406917255
2019-07-17,34.83040068365127,25.300583222660123
2019-07-18,34.9533758784977,25.386585809333152
2019-07-19,34.87734450254065,25.328066606457003
2019-07-22,34.95930256533038,25.387494093159823
2019-07-23,35.02114087158437,25.431177344644237
2019-07-24,35.101326003060755,25.489105859238197
2019-07-25,34.978466857576414,25.398731814773043
2019-07-26,35.04202287885249,25.44371959746651
2019-07-29,35.057657216985184,25.454996371214605
2019-07-30,35.05152737220426,25.44997732007833
2019-07-31,35.00708527829703,25.414356055837438
2019-08-01,35.16966359063864,25.53149041021101
2019-08-02,35.14251447843086,25.510733312858125
2019-08-05,35.27419959146721,25.59736122363838
2019-08-06,35.44690522419336,25.716153932514402
2019-08-07,35.556323232973476,25.79514627393068
2019-08-08,35.69475909200005,25.893910555139517
2019-08-09,35.63596246935333,25.849584393541015
2019-08-12,35.80661819645743,25.968661934752976
2019-08-13,35.86091426977972,26.00273227343044
2019-08-14,35.999318590203394,26.0977744630016
2019-08-15,36.170803268349886,26.22187493809234
2019-08-16,36.15950749911741,26.21347231104332
2019-08-19,36.105150503389446,26.169405618182065
2019-08-20,36.203908323857,26.24031929518644
2019-08-21,36.2322302496809,26.260777700526596
2019-08-22,36.17419611782926,26.218481012203195
2019-08-23,36.24916367794006,26.272592778586517
2019-08-26,36.33711948863884,26.336130566638747
2019-08-27,36.492110686769934,26.448277791738814
2019-08-28,36.539569865186,26.48251275953448
2019-08-29,36.54008844762367,26.482186657414072
2019-08-30,36.57362245856556,26.505780692681995
2019-09-03,36.69526695988009,26.593782106376604
2019-09-04,36.77557098127116,26.650851931653115
2019-09-05,36.579119571580044,26.50709382027939
2019-09-06,36.59630422214479,26.518631834401223
2019-09-09,36.49718771344422,26.44578597877586
2019-09-10,36.35399402688228,26.341566626097606
2019-09-11,36.42192560617704,26.389950374085394
2019-09-12,36.418477744198256,26.387383436528467
2019-09-13,36.28998566217238,26.284364967189322
2019-09-16,36.58247205524276,26.495116688925357
2019-09-17,36.604434230254846,26.50143899077083
2019-09-18,36.59524760978474,26.49395764406419
2019-09-19,36.625211407705244,26.51541408872092
2019-09-20,36.74910937214736,26.60497801715825
2019-09-23,36.80674410603673,26.64636951541671
2019-09-24,36.76915042147997,26.619081871976654
2019-09-25,36.661795625497454,26.541156709681882
2019-09-26,36.72502856406681,26.586503936840028
2019-09-27,36.6520692768552,26.531751870828796
2019-09-30,36.739003860369515,26.59230143778322
2019-10-01,36.655874307202474,26.528896286301467
2019-10-02,36.699473738999586,26.55083345860793
2019-10-03,36.871744196045455,26.673139067379722
2019-10-04,37.00313649703636,26.75940317683559
2019-10-07,36.92627793521593,26.700405431161425
2019-10-08,36.97140915516812,26.72312338031308
2019-10-09,37.023946544966066,26.75149638417557
2019-10-10,37.024042216778284,26.74835478237731
2019-10-11,37.20756627427212,26.87243710714441
2019-10-14,37.23633972276509,26.88471377627619
2019-10-15,37.35521261873145,26.962031974794158
2019-10-16,37.35552565195133,26.955742697648777
2019-10-17,37.45408186300338,27.021908623551028
2019-10-18,37.46533548666709,27.029833982113388
2019-10-21,37.62050069967537,27.136759085356545
2019-10-22,37.60298149243059,27.118769282629454
2019-10-23,37.68841912659001,27.179435018333802
2019-10-24,37.749656501946674,27.222501643650922
2019-10-25,37.779569144513474,27.24401049072025
2019-10-28,37.7690303348166,27.23106016132586
2019-10-29,37.73822164478246,27.207422098643445
2019-10-30,37.80272737480359,27.252234167416056
2019-10-31,37.83869204456348,27.26620811484421
2019-11-01,38.01115767232665,27.389543531008716
2019-11-04,37.99938412686578,27.380428144850647
2019-11-05,38.02105254286845,27.380506990330495
2019-11-06,38.024065821095306,27.375784568025757
2019-11-07,38.10938444274747,27.4287574655861
2019-11-08,38.13870420418797,27.449826836649382
2019-11-11,38.05789714646274,27.39153774515189
2019-11-12,38.06109817320904,27.39359304460257
2019-11-13,38.01823803759351,27.362582833377054
2019-11-14,38.045564422057666,27.373472205845005
2019-11-15,38.21750235196881,27.486639267847558
2019-11-18,38.223285306166815,27.48239325544457
2019-11-19,38.25467966962382,27.496726391586122
2019-11-20,38.29507294323423,27.52241339864317
2019-11-21,38.29547955872604,27.516240222551527
2019-11-22,38.37523189674805,27.566392464498904
2019-11-25,38.51071847852243,27.66312068441343
2019-11-26,38.57607326075741,27.708570681087753
2019-11-27,38.61538870502839,27.736420092333393
2019-11-29,38.48736746052291,27.643799047840556
2019-12-02,38.38159587021533,27.560410258773665
2019-12-03,38.443796713967025,27.603499020744668
2019-12-04,38.561495280734,27.687658586315948
2019-12-05,38.572356380503145,27.693964406548893
2019-12-06,38.68709761176773,27.77625642985575
2019-12-09,38.65005904703667,27.74781816574342
2019-12-10,38.683977536908706,27.77032535653909
2019-12-11,38.83300624242308,27.875765739309536
2019-12-12,38.99695721640988,27.985286324310128
2019-12-13,39.12939577819782,28.073482604473064
2019-12-16,39.230691556018485,28.145776472338518
2019-12-17,39.2785827526514,28.17968238468682
2019-12-18,39.31582993116132,28.19987316684271
2019-12-19,39.356994762930235,28.220692391410818
2019-12-20,39.3830166706425,28.23389637984773
2019-12-23,39.42889218292571,28.265196738726992
2019-12-24,39.505521092988126,28.319945439273074
2019-12-26,39.646591761075705,28.416100335983053
2019-12-27,39.66706536280984,28.430658682195347
2019-12-30,39.63533488847059,28.40782644033736
2019-12-31,39.636883938019416,28.408591595875965
2020-01-02,39.83327950843605,28.549002592675105
2020-01-03,39.88637370412005,28.585695188400347
2020-01-06,39.90272756530279,28.596685822393063
2020-01-07,39.88354858488097,28.580169348200638
2020-01-08,39.82691085788773,28.538045746339975
2020-01-09,39.88137839064457,28.57284223324134
2020-01-10,39.94537719375425,28.61755627022204
2020-01-13,39.97805380033974,28.640323797059878
2020-01-14,39.96662373527479,28.631979201334094
2020-01-15,40.04879344308621,28.686639611720004
2020-01-16,40.11438567059962,28.72939861534074
2020-01-17,40.13997018582194,28.746740498585694
2020-01-21,40.118414974024965,28.730560438934052
2020-01-22,40.14918695196178,28.7522284560675
2020-01-23,40.16549802105974,28.763522818510395
2020-01-24,40.16459254027865,28.76245628356775
2020-01-27,40.20604269272674,28.783748441463427
2020-01-28,40.213094616508684,28.782454108079417
2020-01-29,40.29168481324811,28.837449238195546
2020-01-30,40.31396901730877,28.851823114900725
2020-01-31,40.2820891152513,28.828671223004164
2020-02-03,40.28370362919645,28.829447418390178
2020-02-04,40.30047203839387,28.83993194509454
2020-02-05,40.360131749071776,28.88159410011931
2020-02-06,40.434586569995425,28.934688857746444
2020-02-07,40.48864682003377,28.972542918612106
2020-02-10,40.597725418473324,29.050376190037134
2020-02-11,40.59351865238215,29.04653292141243
2020-02-12,40.65166461407759,29.087153602673386
2020-02-13,40.678619637919546,29.105451845195763
2020-02-14,40.75133760811885,29.15708501011257
2020-02-18,40.8736580756274,29.2424793614737
2020-02-19,40.886744353018706,29.25148360294842
2020-02-20,41.00504074512623,29.335778165464152
2020-02-21,41.04601197041046,29.364944465599034
2020-02-24,41.13300137092658,29.421868241865063
2020-02-25,40.95894224897502,29.296799378309036
2020-02-26,40.88302489029172,29.24178482225898
2020-02-27,40.8015106906253,29.180872635409873
2020-02-28,40.94298424427142,29.281127732383453
2020-03-02,40.911432887765145,29.25230505768233
2020-03-03,41.388474783612736,29.59335373375957
2020-03-04,41.443905229096664,29.630942270834755
2020-03-05,41.70932204356354,29.818850588068475
2020-03-06,42.19418831697322,30.16518345150522
2020-03-09,41.940968150535,29.983370354521423
2020-03-10,41.176524659846756,29.426903437944052
2020-03-11,40.54481007689398,28.974517117301314
2020-03-12,40.94078445945502,29.232467357382042
2020-03-13,41.94167926708653,29.94673391709501
2020-03-16,41.86263609070704,29.88758961897064
2020-03-17,41.46615840070403,29.604220462717
2020-03-18,42.09512895066634,30.043734325004134
2020-03-19,43.135389794036556,30.777481597384348
2020-03-20,44.0217943557167,31.40962220824371
2020-03-23,44.48306193816487,31.738091618530646
2020-03-24,44.76910705048312,31.93201362043635
2020-03-25,44.615553255348836,31.81286511195811
2020-03-26,44.55528719114208,31.769852313709766
2020-03-27,44.59086845863071,31.795019607284495
2020-03-30,44.66390993073,31.84705359746332
2020-03-31,44.539557923022144,31.751612381014006
2020-04-01,44.712845482584804,31.875125758942538
2020-04-02,45.00473324004406,32.076597965652255
2020-04-03,45.16117152501276,32.18805226654651
2020-04-06,45.477562871894506,32.41352150443121
2020-04-07,45.23647035272625,32.24155804614577
2020-04-08,45.17907017033962,32.20055640173416
2020-04-09,46.0576011584712,32.818609127403064
2020-04-13,46.0064975936061,32.77787590835018
2020-04-14,46.086577735822864,32.82505963441124
2020-04-15,46.38576575400123,33.028353734518795
2020-04-16,46.48775941366012,33.10082563718516
2020-04-17,46.370213005832625,33.01128187840059
2020-04-20,46.46978967633587,33.076340209479476
2020-04-21,46.48921105834226,33.0900213888935
2020-04-22,46.6415232729301,33.19831695107302
2020-04-23,46.81718749023588,33.323199708490336
2020-04-24,46.807748662209576,33.31401580683938
2020-04-27,46.57367842450044,33.14651092920742
2020-04-28,46.62751292171311,33.183812341124096
2020-04-29,46.936539225963635,33.396382512533066
2020-04-30,46.49238172818226,33.07201219130522
2020-05-01,46.459241674304764,33.03903053540199
2020-05-04,46.5660345633813,33.10433466842931
2020-05-05,46.60002916460849,33.123683787307286
2020-05-06,46.36235448339591,32.95146898567316
2020-05-07,46.676268889699514,33.16936775556221
2020-05-08,46.74098519695898,33.21382168196351
2020-05-11,46.64661044067392,33.142926501979545
2020-05-12,46.67208046362801,33.158104098162546
2020-05-13,46.73786097949584,33.20470211903627
2020-05-14,46.94492931000806,33.35154324561947
2020-05-15,47.09484948406008,33.45771558406099
2020-05-18,47.64892438802972,33.841045152517935
2020-05-19,47.68987522655294,33.869942585848584
2020-05-20,48.076681402496,34.14405515505085
2020-05-21,47.85445514334601,33.98295090817014
2020-05-22,47.9049979139925,34.01845109421633
2020-05-26,48.055561189383916,34.1206026719663
2020-05-27,48.27370336639164,34.27500588862038
2020-05-28,48.304007177787895,34.2963854726073
2020-05-29,48.557342775801864,34.47596828573418
2020-06-01,48.83429975346248,34.6724666418418
2020-06-02,48.97308514396976,34.77072622317396
2020-06-03,49.02373910436033,34.8064443093379
2020-06-04,48.90835997834489,34.72383742847791
2020-06-05,49.295726469866125,34.99586352961317
2020-06-08,49.5694632355245,35.18719012799385
2020-06-09,49.444013033777516,35.09794085204125
2020-06-10,49.64912973645722,35.242768500251614
2020-06-11,48.72174256960834,34.58367469169297
2020-06-12,48.9928495658919,34.775174974079754
2020-06-15,49.24184264960208,34.95168773282263
2020-06-16,49.36321942416055,35.03659732879429
2020-06-17,49.307434386480274,34.99684745599217
2020-06-18,49.3165266686109,35.00321722899531
2020-06-19,49.364139645314985,35.036450684251776
2020-06-22,49.48075001711595,35.11895555833431
2020-06-23,49.56813357595341,35.18072867760061
2020-06-24,49.16989619143729,34.89758167876946
2020-06-25,49.35137955082932,35.025971622961784
2020-06-26,49.24733414886429,34.94958830190022
2020-06-29,49.38238807955748,35.04502087868839
2020-06-30,49.55359786315333,35.164033472110454
2020-07-01,49.66526777032522,35.24290751672074
2020-07-02,49.82797638367065,35.35573249826693
2020-07-06,50.110120024458226,35.55328626660751
2020-07-07,50.07929698072369,35.52883022299441
2020-07-08,50.230627371450126,35.63604904199558
2020-07-09,50.27492605493215,35.667196035391505
2020-07-10,50.292445671640785,35.67939254783925
2020-07-13,50.21294027033468,35.622928318470194
2020-07-14,50.460881992778766,35.79857593424156
2020-07-15,50.5891331719993,35.88941729427119
2020-07-16,50.49226593792877,35.82057100948326
2020-07-17,50.64100914423719,35.9255897634367
2020-07-20,50.817970353818495,36.05023830974276
2020-07-21,51.079822732294296,36.235300220871224
2020-07-22,51.38291953648506,36.45010626012312
2020-07-23,51.400932461655934,36.46248930774954
2020-07-24,51.39957598056723,36.46039281657405
2020-07-27,51.6253419363458,36.618916623537054
2020-07-28,51.65143985385098,36.63687976564154
2020-07-29,51.87423021533836,36.79338154633741
2020-07-30,51.77226504842255,36.71994897586314
2020-07-31,51.823859320743985,36.75601451994126
2020-08-03,51.88202724443079,36.797146337419846
2020-08-04,52.17832183169985,37.00719571946599
2020-08-05,52.19143801563221,37.01619203574096
2020-08-06,52.40574255939092,37.16695585798418
2020-08-07,52.22490615636619,37.03799228294674
2020-08-10,52.22209213488866,37.035575607024704
2020-08-11,51.71803895841397,36.67719869515104
2020-08-12,51.80796906289805,36.73968794935413
2020-08-13,51.670432290570396,36.63957330792836
2020-08-14,51.54603827403888,36.55012741243605
2020-08-17,51.817778068004976,36.74259529979217
2020-08-18,51.88457659451052,36.78947428895211
2020-08-19,51.62143631514105,36.602372030739346
2020-08-20,51.747718888379936,36.691621787450956
2020-08-21,51.76715815650428,36.70254346820281
2020-08-24,51.88674222820033,36.78724041930432
2020-08-25,52.118933765002,36.93119985573399
2020-08-26,52.28909812494718,37.05116345112737
2020-08-27,52.150497336092904,36.9526559153147
2020-08-28,52.45884773719727,37.170928202922305
2020-08-31,52.19457927003512,36.98352161645767
2020-09-01,52.42670819596936,37.13030193220241
2020-09-02,52.549428355522764,37.21692669955794
2020-09-03,52.115330240064644,36.90918538650163
2020-09-04,52.00991637063155,36.81532697548824
2020-09-08,51.451096595591906,36.41555709197216
2020-09-09,52.08279832342702,36.85837667124015
2020-09-10,51.62436884931773,36.52961940974761
2020-09-11,51.819793238708826,36.662370461635916
2020-09-14,52.25123572405691,36.96265830757529
2020-09-15,52.510661914555,37.145639462414564
2020-09-16,52.52531720102711,37.15572018339779
2020-09-17,52.280393959220106,36.98223889084727
2020-09-18,52.05263910933589,36.81207279522796
2020-09-21,52.05263910933589,36.79366675883035
2020-09-22,52.23787059704118,36.90620172350165
2020-09-23,52.52602516376199,37.109783731064354
2020-09-24,52.443698540210015,37.05161974119842
2020-09-25,52.58777354671264,37.153409136373384
2020-09-28,52.65820175856457,37.19475314667678
2020-09-29,52.410109736667984,37.0110919980913
2020-09-30,52.498958654633974,37.06555986605889
2020-10-01,52.72818498457363,37.21610484961142
2020-10-02,52.99776838021518,37.39446317994041
2020-10-05,53.295198890444205,37.582709725886765
2020-10-06,53.297552780603404,37.57687756360358
2020-10-07,53.52246033484794,37.72801746792828
2020-10-08,53.74150899792316,37.882171612389634
2020-10-09,53.958641851961154,38.021722859893345
2020-10-12,54.31761005931082,38.26131246631007
2020-10-13,54.204801016321504,38.171219631844366
2020-10-14,54.06237430120555,38.07039438498179
2020-10-15,54.08869935522407,38.08576868406268
2020-10-16,54.0471117935083,38.05337641093383
2020-10-19,53.79980242364453,37.86358427478419
2020-10-20,54.12907827306482,38.079490927799554
2020-10-21,54.14291138305756,38.07939574157342
2020-10-22,54.252188166765784,38.156057423136005
2020-10-23,54.44326216523095,38.282808336258086
2020-10-26,53.738038495767306,37.75622751882745
2020-10-27,53.960787158165054,37.883636552029245
2020-10-28,54.3050381647905,38.08743730713449
2020-10-29,54.61343002886866,38.29299266470846
2020-10-30,54.67809313903412,38.327535502595474
2020-11-02,54.9175035339512,38.48476339176186
2020-11-03,54.99973555383755,38.52766496437696
2020-11-04,55.52420650329667,38.869461358286486
2020-11-05,56.01871522978027,39.20748074287405
2020-11-06,55.95048366482,39.15758515264276
2020-11-09,56.53984349372365,39.55115511798045
2020-11-10,56.58910922581775,39.585082165984836
2020-11-11,56.77001042192048,39.711528345945304
2020-11-12,56.45466342097809,39.490828360627
2020-11-13,56.719041941896464,39.661666843677594
2020-11-16,57.01334590274503,39.86620164168168
2020-11-17,57.0741845203086,39.90747943194567
2020-11-18,56.9646187461241,39.83068229929046
2020-11-19,57.158480316553664,39.96614886418324
2020-11-20,57.19707943220342,39.989862317226105
2020-11-23,57.24250752605824,40.02157255212873
2020-11-24,57.48300395583782,40.186483540065986
2020-11-25,57.47974093481375,40.183986025164366
2020-11-27,57.61857439505457,40.2809729233815
2020-11-30,57.422128516633954,40.14352745779774
2020-12-01,57.55725621874359,40.23760194156208
2020-12-02,57.53732382339012,40.223284934335695
2020-12-03,57.71404564375574,40.34549270448418
2020-12-04,57.81549305829856,40.41633773462167
2020-12-07,57.80742659421432,40.41055427098174
2020-12-08,57.80173766935898,40.40651540066805
2020-12-09,57.63137138560311,40.28605754288571
2020-12-10,57.83670803530404,40.42940108788894
2020-12-11,57.796661345436846,40.40010580098365
2020-12-14,57.74484923745902,40.36370833729715
2020-12-15,58.08715104920323,40.60170242026086
2020-12-16,58.17451647189583,40.66263254205091
2020-12-17,58.397835909655164,40.81669007340178
2020-12-18,58.30161062692297,40.74808138879206
2020-12-21,58.093510794153474,40.60220966089198
2020-12-22,58.046572641057146,40.56754886594947
2020-12-23,58.2175466871493,40.684901313114736
2020-12-24,58.35058630710342,40.7775130760953
2020-12-28,58.45311457090806,40.84907848878299
2020-12-29,58.494923095543676,40.87702385584909
2020-12-30,58.65075075916873,40.98556056009924
2020-12-31,58.70495704981516,41.02285312376593
2021-01-04,58.562923531335,40.92332351506138
2021-01-05,58.75623446064547,41.05792090542821
2021-01-06,58.69434494588273,40.99486569785267
2021-01-07,58.97658883661023,41.1887385500408
2021-01-08,59.2097185683039,41.34765867671707
2021-01-11,58.765235397433116,41.0334130031841
2021-01-12,59.02890398726083,41.21637855197317
2021-01-13,59.239394127496354,41.35045330476715
2021-01-14,59.41982976213315,41.46630466265627
2021-01-15,59.0534210110012,41.208912061270595
2021-01-19,59.41734087281457,41.46108873658472
2021-01-20,59.95066280785946,41.82979518187784
2021-01-21,59.942706021698605,41.82362131874584
2021-01-22,59.68248127667448,41.638719530625906
2021-01-25,59.81851612290013,41.73354321452449
2021-01-26,59.77228875459647,41.70109214310304
2021-01-27,59.044294843021405,41.19311246677038
2021-01-28,59.42125939735998,41.45479752745733
2021-01-29,58.96837658768717,41.133822034676584
2021-02-01,59.69108227007489,41.625075196941204
2021-02-02,59.87150552757609,41.75055305560234
2021-02-03,59.989402744732786,41.832336004493335
2021-02-04,60.20041692764006,41.97931045201036
2021-02-05,60.32549339166617,42.065984080270056
2021-02-08,60.59352087507151,42.252729207424636
2021-02-09,60.662682977924646,42.291553591231605
2021-02-10,60.67262199010281,42.298392749710686
2021-02-11,60.77566740701792,42.37016055155906
2021-02-12,61.029240480346196,42.546820206781945
2021-02-16,61.03957212716456,42.54454677779838
2021-02-17,61.09785826788679,42.58500123679572
2021-02-18,60.82409799657206,42.39336057105614
2021-02-19,60.85258923113314,42.404111843349334
2021-02-22,60.88355287172778,42.425435311308554
2021-02-23,61.02386548407739,42.522712136110684
2021-02-24,61.291544476167445,42.708824760670794
2021-02-25,60.189537558156864,41.92117668684691
2021-02-26,59.91772862327203,41.711242200795475
2021-03-01,60.44428588543377,42.05755192238213
2021-03-02,60.18319996522472,41.873921998707644
2021-03-03,60.18437628188711,41.86148452014184
2021-03-04,61.00107259316976,42.40845277215772
2021-03-05,61.644808635418165,42.840377894184236
2021-03-08,61.75528554866763,42.91659196557587
2021-03-09,61.879125385597774,42.995509057526746
2021-03-10,62.11801881479375,43.16112505971059
2021-03-11,62.518100219748696,43.435067334454594
2021-03-12,62.79575214479444,43.62389897142461
2021-03-15,63.056920751694065,43.80506207720281
2021-03-16,62.97403903501236,43.74652011431697
2021-03-17,62.96120244856044,43.73729378211662
2021-03-18,62.364655935165295,43.32240959079204
2021-03-19,62.374726577814904,43.32877868030477
2021-03-22,62.48084109522636,43.4020577563701
2021-03-23,62.36858062378327,43.32129582063794
2021-03-24,62.55660348218327,43.442597090092406
2021-03-25,62.7525172271214,43.57013637892432
2021-03-26,63.27155072309265,43.91826421449144
2021-03-29,63.27306674682626,43.918902856831856
2021-03-30,63.243605341677394,43.89837098913922
2021-03-31,63.22237737669289,43.8834737308814
2021-04-01,63.57631000820124,44.12887875763639
2021-04-05,63.685414156069385,44.20437832641248
2021-04-06,63.6161876260422,44.156048803931704
2021-04-07,63.675054991341135,44.19673839253658
2021-04-08,63.643793540585165,44.17499447691477
2021-04-09,63.71931703951227,44.225662191802606
2021-04-12,63.7063103183303,44.214920696330324
2021-04-13,63.82439264212688,44.28868374073268
2021-04-14,63.82500629076015,44.280904725845026
2021-04-15,64.2560068537585,44.55959208193691
2021-04-16,64.37532220210201,44.617976944246436
2021-04-19,64.27011199791878,44.544741552331956
2021-04-20,64.1751900261629,44.460489298455094
2021-04-21,64.4862407835911,44.671415088862965
2021-04-22,64.33971099183309,44.569371909722314
2021-04-23,64.51534523817759,44.68909490192843
2021-04-26,64.53753581039811,44.704178569002345
2021-04-27,64.45652469348242,44.634552929860355
2021-04-28,64.54020395983783,44.67840602828356
2021-04-29,64.58395982002179,44.705781403952436
2021-04-30,64.51583762561444,44.65478489773525
2021-05-03,64.75466513948845,44.81762428157631
2021-05-04,64.66074202551339,44.752053190506686
2021-05-05,64.7119852987608,44.78711245999288
2021-05-06,64.9535367724581,44.952227405402326
2021-05-07,65.12711571588395,45.072017387055965
2021-05-10,64.94106225625664,44.938108778054996
2021-05-11,64.74546597957695,44.80227626875589
2021-05-12,64.02504432652908,44.284830000312404
2021-05-13,64.2441992208704,44.417538099450525
2021-05-14,64.66707011125895,44.70926895921279
2021-05-17,64.748145226893,44.764819197825425
2021-05-18,64.6038905520619,44.6645518718747
2021-05-19,64.23179310906602,44.38344533901194
2021-05-20,64.59947757791902,44.61196025273324
2021-05-21,64.68539335015507,44.66638254969943
2021-05-24,64.94507550956716,44.845525615293234
2021-05-25,65.14253322721669,44.979832410845596
2021-05-26,65.14751704602274,44.98311773594046
2021-05-27,65.10466865245989,44.953409931333326
2021-05-28,65.16536267457482,44.994738248398605
2021-06-01,65.33270354735006,45.10974903190272
2021-06-02,65.518264080412,45.23752872362816
2021-06-03,65.19405501630492,45.0134839387877
2021-06-04,65.59472744092861,45.28952993133053
2021-06-07,65.62190480037482,45.30718144368956
2021-06-08,65.73223418288921,45.38308650323224
2021-06-09,65.8282801044999,45.44924544378962
2021-06-10,66.07184940242622,45.61722652733786
2021-06-11,66.01791310490755,45.579786339334774
2021-06-14,65.91059447119677,45.50556769108103
2021-06-15,65.85852433472688,45.46910181435246
2021-06-16,65.64090296564632,45.31372772987204
2021-06-17,65.8311272422415,45.441254579763125
2021-06-18,65.97363550815766,45.53421442365099
2021-06-21,66.03399498093513,45.57054187380321
2021-06-22,66.06326621178877,45.59021229103137
2021-06-23,66.0268062909459,45.564709092230245
2021-06-24,66.18154299276668,45.671234821365665
2021-06-25,66.19872612279585,45.68235678789227
2021-06-28,66.26118818065186,45.724849325946344
2021-06-29,66.32880411801307,45.770889747868736
2021-06-30,66.35248794481464,45.78449877297489
2021-07-01,66.4535463468584,45.85165671692218
2021-07-02,66.58925250616107,45.944596335681425
2021-07-06,66.68715652061019,46.007358569751275
2021-07-07,66.77540419333563,46.06553034914154
2021-07-08,66.71868590189179,46.02368922577958
2021-07-09,66.8196563897265,46.09072542278502
2021-07-12,66.8616123552946,46.11914611197776
2021-07-13,66.72718989305459,46.02630558078411
2021-07-14,66.8100255108367,46.082777263592284
2021-07-15,66.86279899533154,46.11659352971906
2021-07-16,66.77388664069844,46.05514752022971
2021-07-19,66.90590579513596,46.13006295194419
2021-07-20,67.11154136530136,46.259284234460175
2021-07-21,67.10425843188375,46.25264671997977
2021-07-22,67.255013883479,46.356283196579604
2021-07-23,67.34590411729658,46.41885850624142
2021-07-26,67.26116365631538,46.360264409644195
2021-07-27,67.3314888625465,46.40862044902329
2021-07-28,67.34325550904252,46.41654038595254
2021-07-29,67.34725076189719,46.41674066884012
2021-07-30,67.38468693689454,46.43998877698456
2021-08-02,67.37815374616439,46.432922721444704
2021-08-03,67.47624564436053,46.49989659681335
2021-08-04,67.43022339196348,46.46695969827519
2021-08-05,67.4602341917236,46.487522390250945
2021-08-06,67.28308375778164,46.36514412989095
2021-08-09,67.17412785935761,46.28054252832441
2021-08-10,67.09842425687673,46.21986715567562
2021-08-11,67.18192772209855,46.27716788941039
2021-08-12,67.2496594580331,46.307267717238034
2021-08-13,67.45864027300391,46.45100699738755
2021-08-16,67.47984706582565,46.46515014838729
2021-08-17,67.43095013234846,46.42143935659074
2021-08-18,67.29919565217753,46.33013593936581
2021-08-19,67.51568954262179,46.475449964092505
2021-08-20,67.59552121551623,46.530245563983314
2021-08-23,67.70084980036712,46.58809099167242
2021-08-24,67.63656045428742,46.54332446298855
2021-08-25,67.56500096863736,46.491484610511066
2021-08-26,67.55321705912976,46.47673433544435
2021-08-27,67.83611768109843,46.66508839780511
2021-08-30,67.93625244420764,46.733664993360115
2021-08-31,67.8869198848056,46.69858780826916
2021-09-01,68.0910036161247,46.83243953538812
2021-09-02,68.23584203540474,46.930813926824115
2021-09-03,68.19860269853787,46.904846174006195
2021-09-07,68.00122656476107,46.745175311659644
2021-09-08,68.04123545795231,46.74873217677524
2021-09-09,68.09049054928538,46.77530053045335
2021-09-10,67.87382201137127,46.62499834370414
2021-09-13,68.10382905438172,46.78266461818573
2021-09-14,68.16657404196083,46.82331650814925
2021-09-15,68.28058059734043,46.89928925030284
2021-09-16,68.2490510240077,46.87104277870315
2021-09-17,68.07054121709686,46.74604673668923
2021-09-20,68.10264677704676,46.760322140958515
2021-09-21,68.12832980812937,46.77647257526415
2021-09-22,68.32246250636435,46.90705059783016
2021-09-23,68.36153956241462,46.91508804170817
2021-09-24,68.33304584329643,46.88555454706157
2021-09-27,68.36739174434472,46.90401219899374
2021-09-28,68.49130881552138,46.9581937004994
2021-09-29,68.73763254386533,47.100166101802984
2021-09-30,68.67152520960522,47.05441816844268
2021-10-01,68.77607263971868,47.125710498644494
2021-10-04,68.82161454068697,47.12923282937796
2021-10-05,69.16233219994486,47.362049272598654
2021-10-06,69.01170212990284,47.25828195265073
2021-10-07,69.245250647271,47.418117279473634
2021-10-08,69.22203088499934,47.40204725074656
2021-10-11,69.52785317022406,47.61145496864442
2021-10-12,69.58334954932566,47.64919461240404
2021-10-13,69.6061155919967,47.65446084396247
2021-10-14,70.06127945000428,47.93757763118442
2021-10-15,70.09731383251834,47.956899547217496
2021-10-18,70.12184322795603,47.95433093922809
2021-10-19,70.3362131091699,48.07912385567583
2021-10-20,70.61547931479011,48.26620943997108
2021-10-21,70.5202672769763,48.18680710024696
2021-10-22,70.67061838486954,48.28915462599342
2021-10-25,70.8642951848169,48.42111643207612
2021-10-26,70.85534512743995,48.41487141943496
2021-10-27,70.68027497213684,48.29066108416982
2021-10-28,71.05226074440284,48.530053680024416
2021-10-29,71.00853365241701,48.484455688010996
2021-11-01,71.20128564036001,48.611351783138566
2021-11-02,71.22349397098097,48.62164929310791
2021-11-03,71.09623775502907,48.52388044609782
2021-11-04,71.34682187163403,48.66936134298861
2021-11-05,71.76012584567917,48.941007801934674
2021-11-08,71.7378136294233,48.925185674338216
2021-11-09,71.8714805557689,49.01614969963349
2021-11-10,71.73881639843862,48.90109997830608
2021-11-11,72.07828323701662,49.12728547957487
2021-11-12,72.17961708398,49.19532098722703
2021-11-15,72.25350136153746,49.24152536248617
2021-11-16,72.17994832525522,49.19030272810153
2021-11-17,72.13066869985894,49.15634399725894
2021-11-18,72.13033538063596,49.15102896980169
2021-11-19,71.99856634325977,49.058416077385914
2021-11-22,71.56368671714624,48.75414025163502
2021-11-23,71.75474780210527,48.87175259202193
2021-11-24,72.11433779910436,49.110764002570626
2021-11-26,71.74606475199023,48.84324437095306
2021-11-29,71.95895158143966,48.98690122721575
2021-11-30,71.82964956500543,48.88914643825964
2021-12-01,71.93595254583596,48.95399434561546
2021-12-02,72.30421718561303,49.19434268145809
2021-12-03,72.48450343181757,49.316316625990574
2021-12-06,72.48266685994574,49.3148086396486
2021-12-07,72.70961448626669,49.458051932504766
2021-12-08,72.5223023725121,49.31881516281045
2021-12-09,72.36635355864031,49.20789504283683
2021-12-10,72.45736862312958,49.257553628614225
2021-12-13,72.6704382361677,49.40207988489007
2021-12-14,72.47938252554604,49.27162175258851
2021-12-15,72.6247176200882,49.37019990982698
2021-12-16,72.61420603858883,49.35873045446032
2021-12-17,72.73341417090212,49.4354382184697
2021-12-20,72.53142966154263,49.29448255222151
2021-12-21,72.7313431391588,49.42686585703459
2021-12-22,72.92066556202982,49.55093812681727
2021-12-23,72.94370259261045,49.56337566253704
2021-12-27,73.20427432744401,49.739011584243876
2021-12-28,73.16632211924374,49.713028235509086
2021-12-29,73.13543354648876,49.67171817748499
2021-12-30,73.29051256662457,49.765161982771374
2021-12-31,73.24379632427494,49.72493994478227
2022-01-03,73.4507529816843,49.85518391467004
2022-01-04,73.54976203494002,49.915810205462215
2022-01-05,72.96891930820512,49.5069716688608
2022-01-06,73.0390864719935,49.54553007083652
2022-01-07,72.7602364188589,49.35632006709696
2022-01-10,72.73816165674262,49.33274019737496
2022-01-11,73.530971053914,49.83310316647911
2022-01-12,73.91825183168751,50.09468556273171
2022-01-13,73.40293986113105,49.72316911916277
2022-01-14,73.57432229582281,49.83092967147847
2022-01-18,74.24588387519931,50.26008560450755
2022-01-19,75.30657547080686,50.965648389361974
2022-01-20,75.44247090683123,51.05605846333954
2022-01-21,75.13160097939814,50.832535534322396
2022-01-24,74.91587079260715,50.68644054888728
2022-01-25,75.19441670583427,50.874467391604306
2022-01-26,75.05725565592294,50.75609825912882
2022-01-27,75.61634085451327,51.11464513630375
2022-01-28,75.6211282588298,51.1170412374363
2022-01-31,75.33519908673023,50.923757601013875
2022-02-01,75.31183509555402,50.89758807487214
2022-02-02,75.40026010322993,50.925426309780114
2022-02-03,75.7658201665536,51.1577947166793
2022-02-04,76.47039701470992,51.63276185904152
2022-02-07,77.10555155268754,52.04866879636454
2022-02-08,77.2162644237093,52.11127454125932
2022-02-09,77.96625673679209,52.6038812905854
2022-02-10,77.60955283157824,52.34954110864166
2022-02-11,79.27865584618984,53.46350593169481
2022-02-14,79.69682593509388,53.71944426540074
2022-02-15,78.97245352961876,53.204993176142175
2022-02-16,79.41477794128772,53.50160301353352
2022-02-17,79.88896926513792,53.820952590574606
2022-02-18,80.11451610493654,53.94576117587669
2022-02-22,80.39319027995994,54.1326456255645
2022-02-23,80.83737327563169,54.43127077727808
2022-02-24,80.8656610830523,54.45012795362557
2022-02-25,80.55058752322823,54.236907189643915
2022-02-28,81.20631909081786,54.6780429016712
2022-03-01,83.02542599950262,55.90265675982817
2022-03-02,83.21285085749973,56.02771592835966
2022-03-03,83.3517377006991,56.1201270056649
2022-03-04,84.7604660034481,57.06790297555728
2022-03-07,85.71747518864251,57.71173613797419
2022-03-08,86.90904075053292,58.513729613981475
2022-03-09,84.5257457531255,56.907982965240755
2022-03-10,84.8045816103757,57.09412147150862
2022-03-11,85.04223939018412,57.25367612802304
2022-03-14,84.03326617914811,56.57391760831244
2022-03-15,83.19772491933904,56.01072743927674
2022-03-16,82.99487702961213,55.87295526355269
2022-03-17,83.67133840648364,56.31916484524175
2022-03-18,83.62699409591997,56.28268979291807
2022-03-21,84.14793950012799,56.63284196998746
2022-03-22,83.97866061203234,56.51879586361349
2022-03-23,84.44641316630398,56.82540646933809
2022-03-24,84.85861826600006,57.094570922092174
2022-03-25,85.02478587251936,57.20598694097547
2022-03-28,84.61450094595827,56.92949124278228
2022-03-29,85.13148006629025,57.27202154186273
2022-03-30,84.96052891462081,57.15638536776417
2022-03-31,84.58832567637663,56.90065305425215
2022-04-01,84.83298682156145,57.05986006064873
2022-04-04,85.29579868611393,57.357116281676866
2022-04-05,85.0773684558524,57.1874636964996
2022-04-06,85.18171866281227,57.250903218463385
2022-04-07,85.28591688071045,57.32059209980272
2022-04-08,85.45635739313511,57.43468021920835
2022-04-11,85.52845558292653,57.475585316963674
2022-04-12,86.10488065493956,57.86275530062788
2022-04-13,86.46672542105463,58.09854575483667
2022-04-14,86.53377856923231,58.1361995487075
2022-04-18,86.84165004420807,58.34296980542582
2022-04-19,86.76100316944117,58.28140590094319
2022-04-20,86.8060068327296,58.31071963026517
2022-04-21,86.809086570311,58.2984732784816
2022-04-22,86.678250881317,58.197801099830045
2022-04-25,86.78865629692734,58.271510463824946
2022-04-26,87.00009937296174,58.41343113034228
2022-04-27,87.24325758126454,58.57647640356444
2022-04-28,88.11411577422659,59.16077652227612
2022-04-29,87.69758853224538,58.867753890185135
2022-05-02,88.24310307976656,59.23334738778629
2022-05-03,87.89630506370416,59.00049055290485
2022-05-04,87.71744989826088,58.87996322557394
2022-05-05,88.39789419160303,59.33632780962841
2022-05-06,88.77392687750336,59.58821300735723
2022-05-09,88.0104534077212,59.075694061804406
2022-05-10,88.20096384083088,59.19579297136356
2022-05-11,88.85901553443564,59.62955540683157
2022-05-12,89.67818518716722,60.17863386042656
2022-05-13,89.7369470008771,60.21803346559172
2022-05-16,89.69034213425117,60.1863396702657
2022-05-17,88.76274598258283,59.56370412545636
2022-05-18,88.86589844134846,59.63232941919117
2022-05-19,88.27598092743992,59.23644528148254
2022-05-20,88.62185760939397,59.46771664798655
2022-05-23,87.99724211307544,59.04857141436992
2022-05-24,87.78704925292264,58.9070255412438
2022-05-25,88.14182640462546,59.14488901631998
2022-05-26,88.70962679060467,59.503165540685664
2022-05-27,89.00378467088086,59.699690464659845
2022-05-31,88.80891472384923,59.568763636974204
2022-06-01,89.38680310238037,59.93449465693985
2022-06-02,89.8112692908039,60.18695337564919
2022-06-03,90.56730248094266,60.661324105447164
2022-06-06,90.52164621436654,60.63068315183882
2022-06-07,90.7685262393617,60.782198254136986
2022-06-08,91.33597564415092,61.148307057137124
2022-06-09,91.70657249519587,61.382932062713394
2022-06-10,92.1188571902614,61.658873568844804
2022-06-13,92.88655579107113,62.17256435442509
2022-06-14,92.65625523648231,62.01798344085205
2022-06-15,91.76380037269504,61.42037447752933
2022-06-16,91.20880563390189,61.04852686652279
2022-06-17,90.98590137454012,60.89863979688174
2022-06-21,90.88065077694723,60.82750164450607
2022-06-22,90.75011887268656,60.727961221551965
2022-06-23,90.84801780088206,60.793473006979255
2022-06-24,90.652234383861,60.66245909862991
2022-06-27,90.95643596670052,60.85195225300817
2022-06-28,91.80364522317896,61.41827764930369
2022-06-29,91.77303405129146,61.39756320206226
2022-06-30,91.4785680347485,61.18656508908656
2022-07-01,92.08120534733708,61.553323690964184
2022-07-05,92.81928645941936,62.04607139302868
2022-07-06,93.24341255495042,62.293009737377446
2022-07-07,93.27605318608136,62.3148159228994
2022-07-08,93.2108007965582,62.27122284082985
2022-07-11,94.28743635095134,62.99048940600296
2022-07-12,94.42832299999868,63.0470777404298
2022-07-13,94.79057190569995,63.27392669371493
2022-07-14,94.78553560496884,63.25549664429476
2022-07-15,94.98733563885098,63.37520112514374
2022-07-18,94.43510751256399,63.00657470077664
2022-07-19,94.72982974372266,63.18751093335511
2022-07-20,94.96631697331725,63.327751798479404
2022-07-21,95.74968984762603,63.824031462764886
2022-07-22,96.13219994458333,64.07857642087912
2022-07-25,95.81297485462377,63.86547999679508
2022-07-26,95.81199930967244,63.864382817447044
2022-07-27,96.31500537164018,64.19429566693063
2022-07-28,97.16876268537062,64.76087376153782
2022-07-29,97.40227844763038,64.91597312999701
2022-08-01,97.58039882475296,65.03380786177411
2022-08-02,96.78255631748442,64.50064040561655
2022-08-03,97.50358715073703,64.97983338258429
2022-08-04,97.69972930734924,65.10303773569888
2022-08-05,97.11329247338693,64.70473466227556
2022-08-08,97.64882835470928,65.05785758108685
2022-08-09,97.41514690485724,64.89567368635338
2022-08-10,98.27180368801484,65.45658335122579
2022-08-11,97.91472211114232,65.20392008095241
2022-08-12,98.89093373092633,65.8323968998335
2022-08-15,98.99559228473426,65.89318809174415
2022-08-16,98.87386443722356,65.8114665811643
2022-08-17,98.30247120412035,65.42647904411243
2022-08-18,98.41504631402772,65.49673266066686
2022-08-19,97.70022421965682,65.010299030931
2022-08-22,96.92025766292143,64.4612786518978
2022-08-23,96.62797268246592,64.25706428368333
2022-08-24,96.92381270094903,64.4489357785532
2022-08-25,97.90657271986895,65.08259500658085
2022-08-26,96.65847520515011,64.22541742590036
2022-08-29,97.05577554218918,64.46212926181092
2022-08-30,97.02247538919542,64.41486528927399
2022-08-31,96.95587508320789,64.37064821770163
2022-09-01,97.82184117730304,64.94557777987224
2022-09-02,97.85514133029682,64.96768631565843
2022-09-06,98.4213544650026,65.3436048092939
2022-09-07,97.72192598048017,64.87924238781098
2022-09-08,97.92174900520513,65.01190827958214
2022-09-09,98.17207207913265,65.13933882473309
2022-09-12,98.90483499006247,65.61844194358054
2022-09-13,99.55815713845169,66.01586939114907
2022-09-14,99.62199588261696,66.05748320417264
2022-09-15,99.68980621353325,66.08715318289713
2022-09-16,100.15619793450561,66.38119585865157
2022-09-19,100.10310549563158,66.3454483798618
2022-09-20,100.58012293881922,66.64695993154663
2022-09-21,101.7719048419502,67.42130636343309
2022-09-22,101.91605573367005,67.5166110708671
2022-09-23,103.52075736179994,68.56393119384445
2022-09-26,104.68160791964137,69.33278644377278
2022-09-27,104.71575902568266,69.35540542516821
2022-09-28,103.35005470877603,68.45087130851505
2022-09-29,102.94033208287921,68.17950356888028
2022-09-30,102.94033208287921,68.17950356888028
2022-10-03,104.89705304173057,69.45869521524192
2022-10-04,104.84978422306769,69.40366062164367
2022-10-05,105.20381375535158,69.6142886472737
2022-10-06,106.19921848499769,70.26154996554425
2022-10-07,106.43811980580654,70.41916403176957
2022-10-10,106.00518615824186,70.13243221493887
2022-10-11,106.074859334216,70.15435177185492
2022-10-12,106.074859334216,70.15435177185492
2022-10-13,106.02252279947022,70.10503476441961
2022-10-14,106.75854912666556,70.57702275684504
2022-10-17,105.67203444148859,69.85873862607815
2022-10-18,105.60193521902451,69.81239672222542
2022-10-19,106.37301115745188,70.32214741197183
2022-10-20,106.44311037991598,70.36848931582456
2022-10-21,106.52793736238661,70.40922611280415
2022-10-24,106.5075650601984,70.39561026890522
2022-10-25,105.84496452805791,69.95711383880668
2022-10-26,107.5110144109341,71.00396742358312
2022-10-27,108.24547233322734,71.43571871566947
2022-10-28,108.76040088490277,71.7559310156567
2022-10-31,108.19312738282797,71.37177781534052
2022-11-01,108.87234555812489,71.80985579074373
2022-11-02,109.08115428522126,71.91062785966913
2022-11-03,109.65108905220532,72.28599562488877
2022-11-04,113.19121437469485,74.5646949852523
2022-11-07,113.33092533245151,74.6357809535084
2022-11-08,114.1217865493662,75.13258896405678
2022-11-09,112.31983552041112,73.90921196701137
2022-11-10,116.13936296646396,76.36787819458685
2022-11-11,116.97927847036583,76.91680030687904
2022-11-14,116.19957264413206,76.40390535820181
2022-11-15,117.20089093147266,77.06110095028212
2022-11-16,117.2417353745371,77.08123593498092
2022-11-17,116.57297100296279,76.63746439208803
2022-11-18,116.56356814247624,76.62447656368627
2022-11-21,116.31624905831895,76.45526561306684
2022-11-22,117.21704692099834,77.04698565579267
2022-11-23,118.21377832039381,77.70179969393992
2022-11-25,118.1983046829885,77.69135462797539
2022-11-28,117.17325338395517,77.01735540985891
2022-11-29,117.42118771561472,77.1798970337866
2022-11-30,119.40231025407202,78.48142852800828
2022-12-01,120.64451221832975,79.29747419333815
2022-12-02,121.00441482805904,79.53341598624185
2022-12-05,119.38569782956725,78.46891329508946
2022-12-06,119.36751380876163,78.45630447683804
2022-12-07,120.2962587038209,79.06614439090055
2022-12-08,120.52937421048884,79.21895616257316
2022-12-09,120.00143330637374,78.87178095517795
2022-12-12,120.1333312623097,78.9577964485022
2022-12-13,121.4273976140371,79.80814645632101
2022-12-14,121.34449086684589,79.75328243515274
2022-12-15,120.16762731806837,78.97963872065657
2022-12-16,119.68118162650191,78.6540179569178
2022-12-19,118.89017325182579,78.12852181850893
2022-12-20,118.9697027918632,78.17831643397444
2022-12-21,119.62037956389048,78.59505938804605
2022-12-22,118.9737685323278,78.1593190833864
2022-12-23,118.92757212929928,78.12367869180501
2022-12-27,118.66094779249659,77.94125383719664
2022-12-28,117.82749726522438,77.37351230977312
2022-12-29,119.11695072851707,78.19655171670952
2022-12-30,118.82086544901226,77.99005960567519
2023-01-03,119.66707379943414,78.53917824995932
2023-01-04,121.03395956907858,79.42999597649808
2023-01-05,120.49010317327811,79.06672376165075
2023-01-06,122.644084128754,80.47424482289851
2023-01-09,123.00652182460624,80.71160768282073
2023-01-10,122.92885939309704,80.65423783081143
2023-01-11,123.95693662111277,81.32851016947563
2023-01-12,125.17827056209022,82.12913776226179
2023-01-13,125.4678152811591,82.31545507864759
2023-01-17,125.14239533263174,82.10075339966188
2023-01-18,125.128613809652,82.09091346987978
2023-01-19,125.31787793587795,82.20843037684867
2023-01-20,125.63680075097521,82.41103829129457
2023-01-23,125.66714663865342,82.43052346530791
2023-01-24,125.97136808872243,82.62932680569095
2023-01-25,126.25417470722462,82.81463224301099
2023-01-26,126.43843962277984,82.93492619629764
2023-01-27,126.10271281492456,82.71455299142323
2023-01-30,125.21863819653034,82.13416768812795
2023-01-31,126.1574461446791,82.74951346787746
2023-02-01,127.41416063164698,83.57003298415881
2023-02-02,127.3849140041649,83.55003153114133
2023-02-03,125.68973468830835,82.43317086151374
2023-02-06,125.06130562370419,82.00907943574343
2023-02-07,125.35791804361853,82.2002811652441
2023-02-08,125.265350261842,82.13904406343315
2023-02-09,124.74517076886275,81.78347887153338
2023-02-10,124.97472162584519,81.90663747651604
2023-02-13,125.40167167643753,82.18585400198388
2023-02-14,125.28346290457665,82.10798669371187
2023-02-15,125.32248383651982,82.12154493453907
2023-02-16,124.7574643224651,81.75048074976448
2023-02-17,124.67206280216365,81.67568676305619
2023-02-21,123.58702302646772,80.96433021062806
2023-02-22,123.50994453841572,80.90109947070601
2023-02-23,123.95078234732627,81.17824730515073
2023-02-24,124.87120754511042,81.7328746150228
2023-02-27,125.10267720360547,81.84176031492309
2023-02-28,124.97297835833248,81.7393265475583
2023-03-01,125.04618671002645,81.7765530337874
2023-03-02,125.62963740854053,82.14275521007161
2023-03-03,126.69559507415154,82.82025522119469
2023-03-06,126.68188419879002,82.81055407808016
2023-03-07,127.12404376422451,83.05651004770688
2023-03-08,127.3573638700613,83.18447897351852
2023-03-09,127.00124780416193,82.90758259244548
2023-03-10,128.4451626850765,83.80690371987502
2023-03-13,128.9885955767857,84.13213723581296
2023-03-14,128.29496324207327,83.65026394150229
2023-03-15,129.73368065294312,84.55907630386973
2023-03-16,129.40831530553726,84.34645769710029
2023-03-17,130.57060154947024,85.08106459274377
2023-03-20,130.06139207975343,84.73189872225092
2023-03-21,129.81629941990485,84.5477446542375
2023-03-22,131.36435734537298,85.52797276115686
2023-03-23,131.94464218841068,85.90507415943162
2023-03-24,132.1444887935225,86.01326320554097
2023-03-27,130.85787067487018,85.14494664500813
2023-03-28,131.06283749955975,85.26658329653868
2023-03-29,131.65832545261296,85.63005000892454
2023-03-30,132.44298695023403,86.11820641708707
2023-03-31,133.45666333837445,86.77694919331596
2023-04-03,134.34018572408473,87.34717965359287
2023-04-04,134.9417236062013,87.73794828750344
2023-04-05,134.95797452629603,87.74675335686273
2023-04-06,135.0537972767299,87.80883521090176
2023-04-10,134.4995616501593,87.44078890280177
2023-04-11,134.90113489770786,87.7009657084036
2023-04-12,135.0621458190443,87.80532751338498
2023-04-13,135.82504360916187,88.30118143198555
2023-04-14,135.08265502282345,87.81756653893531
2023-04-17,134.59527054348973,87.49433068149632
2023-04-18,134.87032621658886,87.66658627938922
2023-04-19,134.32903474678034,87.31460155707948
2023-04-20,134.3835205622485,87.3488806328005
2023-04-21,134.3266840213886,87.30339095447057
2023-04-24,134.89746033473367,87.67356140861983
2023-04-25,134.79433356436985,87.60476156545285
2023-04-26,134.17263241583552,87.19682707478403
2023-04-27,134.4165214363688,87.3547779659685
2023-04-28,135.32072928121667,87.92739418592907
2023-05-01,134.3851146419181,87.30998216663144
2023-05-02,135.2298286249524,87.84411987862339
2023-05-03,135.49956716942978,88.01811600622557
2023-05-04,135.5167118169315,88.02058609717237
2023-05-05,135.93511255098306,88.28694061382906
2023-05-08,135.55903105528049,88.03725282356149
2023-05-09,135.28131443893105,87.84508314987865
2023-05-10,135.75211828269042,88.13871214967585
2023-05-11,135.27150368902983,87.82106107984508
2023-05-12,135.0220202268787,87.64210561028489
2023-05-15,135.3117823725342,87.81961133322086
2023-05-16,134.61544306932356,87.32868300870985
2023-05-17,135.0838956803324,87.60951516161806
2023-05-18,135.44605100240403,87.83506609810617
2023-05-19,135.50519518462707,87.87198347640272
2023-05-22,135.87152491755668,88.10890656477075
2023-05-23,135.13453252642253,87.59236618882389
2023-05-24,135.3319712176865,87.69519982601342
2023-05-25,136.11689794463345,88.19438321481819
2023-05-26,137.12939669293564,88.81598776769985
2023-05-30,137.31157094636407,88.89843431954863
2023-05-31,137.26779675487518,88.83484846113221
2023-06-01,137.07386880379215,88.67544139737905
2023-06-02,138.71279432883034,89.70573594205538
2023-06-05,138.45499059131683,89.5271196477186
2023-06-06,139.0807612949746,89.91980697933312
2023-06-07,138.9797143845898,89.84247918109033
2023-06-08,139.27136430576527,90.01903234215774
2023-06-09,139.39268528725643,90.09665844038848
2023-06-12,139.6629598784033,90.27023017942886
2023-06-13,140.1581332037519,90.58989603075389
2023-06-14,140.26842119469018,90.66067631769779
2023-06-15,141.0493853473314,91.1475679364759
2023-06-16,140.83585399788802,90.99161134034402
2023-06-20,140.24775748568848,90.59449886554088
2023-06-21,139.89500116299544,90.35766712923724
2023-06-22,139.80066448837047,90.26579685540086
2023-06-23,139.87530672334424,90.27344924241663
2023-06-26,140.1921102626071,90.46863850189892
2023-06-27,140.59674384128078,90.7093584970543
2023-06-28,141.0441371048432,90.99729182132164
2023-06-29,141.25485667683293,91.10438771310423
2023-06-30,142.04130149351414,91.58447020086129
2023-07-03,142.1990645130882,91.68559694857473
2023-07-05,142.28879145186482,91.71672565997264
2023-07-06,141.5764406972028,91.21933952047465
2023-07-07,141.5082528079592,91.16094890555536
2023-07-10,141.9292802645435,91.39582803832378
2023-07-11,143.19717523760272,92.19931101731622
2023-07-12,145.04965186476505,93.36846239881571
2023-07-13,146.4102311667222,94.22629631101262
2023-07-14,145.58146237978312,93.67478345166286
2023-07-17,145.58793311720368,93.66076996949097
2023-07-18,146.14220538348678,94.00721550308226
2023-07-19,146.58829932304786,94.28715195191161
2023-07-20,145.77353371234116,93.75604788763151
2023-07-21,145.9426583096563,93.86424921411836
2023-07-24,146.3410203210312,94.09420660327345
2023-07-25,146.61162172711227,94.25449088217641
2023-07-26,147.14664132782303,94.58252272292823
2023-07-27,145.70355299888263,93.61553283776183
2023-07-28,146.89935810514737,94.35720748284736
2023-07-31,147.46133740831118,94.71749257636772
2023-08-01,146.81653093043408,94.27632916357453
2023-08-02,145.69092580895145,93.53796620055248
2023-08-03,145.57494765598508,93.46216163498801
2023-08-04,145.4276296187054,93.36707237901643
2023-08-07,146.04690521184253,93.75393428932365
2023-08-08,145.98444023363433,93.70549165158714
2023-08-09,146.00048578856206,93.70381062446981
2023-08-10,146.01380452032808,93.69082034258928
2023-08-11,146.03142259089321,93.68058978399415
2023-08-14,146.28731509875252,93.84459954080688
2023-08-15,145.7704321085053,93.49051454333713
2023-08-16,145.46509069314288,93.25371200702116
2023-08-17,145.72343320054,93.41882277997655
2023-08-18,146.19076789677268,93.71833430674923
2023-08-21,145.97681208424774,93.58028423949399
2023-08-22,146.23191648646755,93.74373985582832
2023-08-23,146.82286364468055,94.0764634157444
2023-08-24,147.47527455437802,94.45718903711897
2023-08-25,148.08600753997757,94.81447347752251
2023-08-28,148.16956095503005,94.86703920595919
2023-08-29,149.05668944660712,95.40593472062123
2023-08-30,149.11723311141853,95.44324668189945
2023-08-31,149.39303687721292,95.6196557650525
2023-09-01,149.99082801457382,96.00192344118415
2023-09-05,149.99925728178223,95.9840962719273
2023-09-06,149.87692773499063,95.90483056884985
2023-09-07,150.09552871843653,96.02698718440094
2023-09-08,150.23402208600956,96.11507271603656
2023-09-11,150.22236097467683,96.09112099005854
2023-09-12,150.56467845938687,96.29360033294121
2023-09-13,150.77556099811173,96.428341196519
2023-09-14,151.6926556011622,96.9983230891021
2023-09-15,151.4443775977418,96.82292151952306
2023-09-18,151.65021825323174,96.92987833122851
2023-09-19,151.50704704085427,96.81369745693681
2023-09-20,151.30050510234815,96.64010944776524
2023-09-21,151.49184156148368,96.7274661083311
2023-09-22,151.86384511437626,96.96468520887622
2023-09-25,152.19905168242747,97.17815853737731
2023-09-26,152.76705745091505,97.54073530480635
2023-09-27,154.19432361528754,98.45191545987709
2023-09-28,152.98852673191632,97.68183923406319
2023-09-29,152.7422443288629,97.52332542397285
2023-10-02,152.97831337020125,97.67360507325277
2023-10-03,153.34384903332727,97.90695010655153
2023-10-04,152.88367596697353,97.58970879928323
2023-10-05,152.37235636207706,97.26331992205613
2023-10-06,152.06556684191656,97.06748802734423
2023-10-09,153.11442108565194,97.71961294748779
2023-10-10,152.67458356624246,97.43777880486675
2023-10-11,152.67458356624246,97.42144677339282
2023-10-12,153.96145821218707,98.24259975704923
2023-10-13,156.42493754479537,99.77212435758715
2023-10-16,155.66680925234706,99.28184425266915
2023-10-17,155.86714142319195,99.40935383184832
2023-10-18,157.02708916626088,100.14872795232672
2023-10-19,157.6883078151958,100.55801094592691
2023-10-20,157.8887808503975,100.6855951825995
2023-10-23,156.64721087777573,99.89366216006272
2023-10-24,157.17623075866086,100.22088339180347
2023-10-25,157.9672854606017,100.71148200149737
2023-10-26,158.30295711698346,100.9139270217529
2023-10-27,159.18187046073388,101.45178339001295
2023-10-30,158.74225870193848,101.1617879945033
2023-10-31,159.2000069070452,101.43929285100037
2023-11-01,159.09768236401075,101.37346788121381
2023-11-02,159.49204306922542,101.58725395037294
2023-11-03,160.52988771072577,102.19028486489766
2023-11-06,160.31053869374676,102.02174029766495
2023-11-07,160.69820516022799,102.23820646457669
2023-11-08,160.80578121245628,102.30066685430562
2023-11-09,160.23796565787717,101.92409425907944
2023-11-10,160.73145305572467,102.21975334249686
2023-11-13,160.76422856644405,102.24020865258015
2023-11-14,163.97337365844328,104.25934340345732
2023-11-15,163.72891591022486,104.10188438278932
2023-11-16,164.3715620144934,104.51031592121608
2023-11-17,164.82782001991202,104.8000634628013
2023-11-20,165.29811397099127,105.09856149979173
2023-11-21,165.44888765536993,105.19338699101358
2023-11-22,165.6319533687824,105.30945725795473
2023-11-24,165.78942760888083,105.40930625984005
2023-11-27,166.44335969866253,105.82435210267651
2023-11-28,167.40101232929268,106.43020395224111
2023-11-29,167.9860901919969,106.80140437973854
2023-11-30,167.7863573669997,106.67372475496774
2023-12-01,169.62489950626178,107.84154067673487
2023-12-04,168.2276889303208,106.95227844839607
2023-12-05,168.40494246367984,107.06295822854663
2023-12-06,168.60679486471201,107.19091276878123
2023-12-07,168.88538207456304,107.36779261105119
2023-12-08,168.3093828567401,106.99584348658601
2023-12-11,168.32329564543073,107.00329100941433
2023-12-12,168.73932045133606,107.26730524028206
2023-12-13,171.79672837044305,109.20580094160441
2023-12-14,173.54621858720523,110.31612670777693
2023-12-15,172.72658906653402,109.79410740679515
2023-12-18,172.7229702533637,109.79033402260966
2023-12-19,173.58953555341122,110.33983924643263
2023-12-20,172.8517167461956,109.87014888263202
2023-12-21,173.95132291604162,110.56709201999452
2023-12-22,173.81521673891586,110.47970669845459
2023-12-26,174.4808591664039,110.90146173380082
2023-12-27,175.51112218293625,111.55537779929641
2023-12-28,175.18264996325115,111.34618260892387
2023-12-29,174.56785451987898,110.95223542071918
2024-01-02,173.65713670666568,110.37247428993318
2024-01-03,172.79545636982675,109.82031194988532
2024-01-04,172.1800995683381,109.42814728000043
2024-01-05,171.99843809488905,109.3116591811128
2024-01-08,173.15056325316627,110.04336320146967
2024-01-09,172.6614368061459,109.73154157717212
2024-01-10,172.76613481607268,109.79707047172724
2024-01-11,173.21059854947205,110.07920196066621
2024-01-12,173.6726921062246,110.37233964421902
2024-01-16,172.57057709042869,109.65506127519369
2024-01-17,171.83802549396881,109.18106939781687
2024-01-18,172.34520666195027,109.49033233399955
2024-01-19,172.84542542073666,109.80090860627567
2024-01-22,173.19845030342606,110.02142758973511
2024-01-23,173.08648198932013,109.94338635134689
2024-01-24,172.95882468222848,109.85248255237312
2024-01-25,174.05516867471084,110.54831378380707
2024-01-26,174.03362305498263,110.53401743086856
2024-01-29,174.70513736901907,110.9436791041693
2024-01-30,174.8342879741872,111.02207372225219
2024-01-31,174.63426862493915,110.88937339520622
2024-02-01,175.70753964961753,111.56485169221608
2024-02-02,174.9549793574365,111.07753211458783
2024-02-05,174.24618527198555,110.60896395041165
2024-02-06,175.09275159388582,111.12377692866278
2024-02-07,175.18904171869798,111.1833278351803
2024-02-08,175.36533991765046,111.25437196635158
2024-02-09,175.7646514048316,111.5074357471997
2024-02-12,175.94112842698323,111.61838658999643
2024-02-13,175.11888232154126,111.06584436710997
2024-02-14,175.81591708320974,111.47721069980007
2024-02-15,176.47758551770622,111.895131674045
2024-02-16,176.70766442422135,112.03304029156061
2024-02-20,176.57862992375166,111.94325002881239
2024-02-21,176.6234243299022,111.97140846895006
2024-02-22,177.879087465759,112.76634286978036
2024-02-23,177.8706087713764,112.7454645134257
2024-02-26,177.55204542391408,112.54311753280521
2024-02-27,177.9686270707405,112.79189117962555
2024-02-28,177.6578040738133,112.57894325029459
2024-02-29,178.05526542169062,112.82890068844198
2024-03-01,179.5698541724997,113.77590754364327
2024-03-04,180.07673530417654,114.09551495978525
2024-03-05,179.89427362076577,113.95736915011503
2024-03-06,180.73970791505397,114.48086969949563
2024-03-07,181.17360327051006,114.75508026186053
2024-03-08,181.2371479371953,114.79444752227694
2024-03-11,181.21366229585112,114.77822600484241
2024-03-12,181.14863423063298,114.7368248560483
2024-03-13,181.5307942389458,114.95445612838898
2024-03-14,181.3311613026993,114.78667626317836
2024-03-15,181.1876531406111,114.69420169925674
2024-03-18,181.72477554837016,115.03305756693997
2024-03-19,182.07236157964945,115.25055372683877
2024-03-20,182.82836699211424,115.72115351007156
2024-03-21,182.99742160360944,115.81122383539733
2024-03-22,182.9054441168625,115.73569168271814
2024-03-25,182.73600739812187,115.62240509413209
2024-03-26,182.6590826587105,115.5733890148946
2024-03-27,183.74618540508072,116.24852800856402
2024-03-28,184.056393050265,116.44290969340521
2024-04-01,184.06941039832464,116.4124784518823
2024-04-02,184.47545647438,116.66206467388605
2024-04-03,184.95912019254965,116.96674721794581
2024-04-04,184.39745031409637,116.61034512797472
2024-04-05,185.15996204538712,117.0912444073785
2024-04-08,185.73584135789326,117.44779012565864
2024-04-09,186.14710600760216,117.70717035672239
2024-04-10,185.5990596220812,117.32293383082789
2024-04-11,186.6667085072358,117.99490121326421
2024-04-12,185.41259348563446,117.1838827714014
2024-04-15,186.97703838820297,118.13106632406908
2024-04-16,186.56684898947958,117.87111722448476
2024-04-17,185.02439565904155,116.89572602288166
2024-04-18,185.3163170731745,117.07815568086804
2024-04-19,185.73040912313158,117.33922109166474
2024-04-22,183.84352916153472,116.14560667630018
2024-04-23,184.1268004241259,116.2808428310185
2024-04-24,183.96976101804248,116.13789321667274
2024-04-25,184.39535534897848,116.38263298252762
2024-04-26,185.15999747767455,116.86425512602601
2024-04-29,185.24825243410115,116.87174788130542
2024-04-30,183.80594629728265,115.9135949412099
2024-05-01,184.20527847473323,116.14908041608933
2024-05-02,184.83566632490118,116.506273675601
2024-05-03,185.549823479842,116.92646701564162
2024-05-06,186.49693634687077,117.50511007197169
2024-05-07,186.56327140193216,117.52669645315233
2024-05-08,186.40187297576236,117.40480980932693
2024-05-09,187.0667600116597,117.80347603304503
2024-05-10,187.27293032197565,117.89787794603579
2024-05-13,187.28249690086412,117.87519363839698
2024-05-14,187.90551156137946,118.25197642080212
2024-05-15,189.38111170130205,119.17227690542296
2024-05-16,189.16007945783528,119.03237980058394
2024-05-17,189.59559450694408,119.30592949084749
2024-05-20,189.57986050806926,119.29529345645689
2024-05-21,189.6897143053786,119.36428080699815
2024-05-22,188.9889347067809,118.92291177687855
2024-05-23,188.09483950724,118.35270447827381
2024-05-24,188.53419092370905,118.62881023948295
2024-05-28,188.55270515824432,118.60975351447058
2024-05-29,187.61161913474865,117.97273374488059
2024-05-30,187.8630943877836,118.07065699967298
2024-05-31,188.3663547270999,118.3801339527278
2024-06-03,189.45077329135964,119.04176360184928
2024-06-04,189.85387399722364,119.2796209777446
2024-06-05,191.01499984343445,119.99333617643428
2024-06-06,191.35798159637406,120.20821063193102
2024-06-07,190.09992902027827,119.39806095799345
2024-06-10,190.25399723559846,119.49222636302494
2024-06-11,190.4140464254441,119.5922144225042
2024-06-12,191.3743512384799,120.1947642880656
2024-06-13,191.6975074123968,120.39563347516938
2024-06-14,191.9626617126515,120.55326434493492
2024-06-17,191.97136083787586,120.54660885021407
2024-06-18,192.7137513748661,121.01181062399404
2024-06-20,192.8180522313495,121.07221988647457
2024-06-21,192.70012986882156,120.98549956045075
2024-06-24,192.85988991939323,121.07787945655284
2024-06-25,192.80979673333633,121.04432366340423
2024-06-26,192.37982770754908,120.76636477859842
2024-06-27,192.79759066436486,121.02768693566765
2024-06-28,192.1964383938579,120.65017488548143
2024-07-01,192.09812369321904,120.57787964949725
2024-07-02,192.65807818311083,120.92827574060976
2024-07-03,193.69677605390274,121.56942310449766
2024-07-05,194.49128147147206,122.06737002218144
2024-07-08,194.34247649768955,121.97357137094009
2024-07-09,194.2213638567016,121.8971622106488
2024-07-10,195.01322113981462,122.39252394504244
2024-07-11,196.1938476072522,123.11593775574406
2024-07-12,196.80771910990623,123.49841778191295
2024-07-15,196.32488574847306,123.1946370115138
2024-07-16,197.5403935998148,123.95566967498901
2024-07-17,196.8988000489389,123.55187406449132
2024-07-18,195.8250330666388,122.87247631695156
2024-07-19,195.09675311918662,122.39664318960098
2024-07-22,195.81339953417364,122.82744806322373
2024-07-23,195.75743506527039,122.7726124119087
2024-07-24,194.61503476960795,122.04113451602471
2024-07-25,194.97897530504756,122.24970625400937
2024-07-26,195.97278447526048,122.85632121064883
2024-07-29,196.26292835274106,123.03719483301681
2024-07-30,196.54601134236614,123.21389009056243
2024-07-31,198.46205529633133,124.38982069252648
2024-08-01,198.7101186857209,124.52063661451915
2024-08-02,199.8331593811637,125.19157181571077
2024-08-05,198.63260102442098,124.43640718492452
2024-08-06,198.17234062294202,124.14397365716928
2024-08-07,197.7654268922958,123.88808856278499
2024-08-08,198.334323198538,124.24393010913217
2024-08-09,198.95340504836744,124.6305791344206
2024-08-12,199.6923740565362,125.08716337990468
2024-08-13,200.60665071237312,125.65152705266469
2024-08-14,201.00894088018723,125.88964767115549
2024-08-15,201.19941878334782,125.99356647365404
2024-08-16,202.1397437334603,126.58154770281656
2024-08-19,202.96274899061447,127.09242059703028
2024-08-20,203.12506772810042,127.19373780623714
2024-08-21,203.6604012038012,127.5288123186828
2024-08-22,202.7175889521501,126.93395078092712
2024-08-23,204.6343323405392,128.12909531277737
2024-08-26,204.53830618458304,128.06453217352458
2024-08-27,204.68305156176405,128.15072405820507
2024-08-28,204.041816889852,127.74871708646052
2024-08-29,204.05295745869836,127.75522387557336
2024-08-30,203.90250799513817,127.65653161483321
2024-09-03,203.70852996862644,127.5278717079522
2024-09-04,204.48448016774452,128.01298750177082
2024-09-05,205.1003337141979,128.39800788526264
2024-09-06,204.66486626510084,128.11779263903628
2024-09-09,205.4168755079503,128.58784820473895
2024-09-10,205.92180672451696,128.90354327173034
2024-09-11,206.13944273575422,129.03218645951583
2024-09-12,206.95117045838228,129.5356439600412
2024-09-13,207.93069154011368,130.14169734957207
2024-09-16,208.6411867226273,130.585407655646
2024-09-17,208.29795541818828,130.36676089676865
2024-09-18,207.52423571149677,129.8775251226036
2024-09-19,208.70035927997904,130.61154647652805
2024-09-20,208.69505731520988,130.60602800117408
2024-09-23,208.76140661996607,130.64631483714138
2024-09-24,209.81289520894967,131.30324480844862
2024-09-25,208.88985598615216,130.72432846108498
2024-09-26,209.61436671759097,131.17607231470797
2024-09-27,209.8361465042531,131.31322009783452
2024-09-30,209.36710163449024,131.01825044007734
2024-10-01,209.66137991928787,131.20141323967172
2024-10-02,209.65522603121562,131.1825467351514
2024-10-03,209.1368189283739,130.84971347524439
2024-10-04,209.30961656563784,130.93255342370762
2024-10-07,208.75802118079727,130.56462117853312
2024-10-08,208.37514986510857,130.30344426100874
2024-10-09,208.43039586632455,130.31631903065374
2024-10-10,208.8615810723129,130.57211560280723
2024-10-11,209.8642275933848,131.1855114295277
2024-10-14,210.09859647823924,131.3311287408614
2024-10-15,210.11803008459884,131.32936966680285
2024-10-16,210.9168945748876,131.79852093381817
2024-10-17,210.87959807619424,131.7449468849096
2024-10-18,211.9943653746923,132.43163456620982
2024-10-21,211.41026445299872,132.056885583824
2024-10-22,211.9180757033232,132.3696041732126
2024-10-23,211.18559993667972,131.9113217656534
2024-10-24,211.46058119088806,132.07898483973128
2024-10-25,211.48324480571543,132.08851533521602
2024-10-28,211.89799422708361,132.3432618783772
2024-10-29,212.37148266544975,132.62645010159474
2024-10-30,211.99348683878515,132.3779235540102
2024-10-31,210.12546058847954,131.14409244343378
2024-11-01,210.45938982433114,131.344947807545
2024-11-04,210.76925781384298,131.47511622728953
2024-11-05,211.40057706969657,131.86791122463276
2024-11-06,212.15356917851554,132.33231750246964
2024-11-07,213.24418218566805,133.00237377969546
2024-11-08,213.80934893743384,133.33940007699277
2024-11-11,214.0582685991559,133.4630466912399
2024-11-12,213.74011602532227,133.26444974842994
2024-11-13,214.14177477953126,133.51287597706994
2024-11-14,213.91442523551393,133.3709054051561
2024-11-15,213.39556524839006,133.04707270025506
2024-11-18,213.4445058819222,133.07688974141362
2024-11-19,213.73021660434844,133.25279344476803
2024-11-20,214.0030205558722,133.42252786263626
2024-11-21,214.71239470642718,133.84516417653722
2024-11-22,215.54634113269626,134.3526152410183
2024-11-25,216.0357558282098,134.6395682705886
2024-11-26,216.15580688455205,134.7132304396621
2024-11-27,216.10361596394924,134.67990448019776
2024-11-29,216.73579256537172,135.02096294083276
2024-12-02,216.7890909946371,135.0538092841234
2024-12-03,216.6367037840255,134.95406594770733
2024-12-04,217.30242601410197,135.3637295931334
2024-12-05,217.05403261722415,135.20861743963147
2024-12-06,217.51580087814898,135.48691038816605
2024-12-09,217.31170538855253,135.34591673131322
2024-12-10,217.35039182937365,135.36101061243795
2024-12-11,217.78339169128097,135.62215048842333
2024-12-12,217.16893848051987,135.1906199224778
2024-12-13,217.02219308808867,135.08787566195164
2024-12-16,217.22769925904336,135.21308424957243
2024-12-17,216.7880048634183,134.9390711497412
2024-12-18,218.4062023105167,135.84949481649863
2024-12-19,218.83459066169806,136.0820879782773
2024-12-20,219.3770020945997,136.35348530975452
2024-12-23,220.20202585943903,136.8642017624359
2024-12-24,221.55867190853849,137.70655199588884
2024-12-26,221.52672831844424,137.62634264098384
2024-12-27,220.9859992217822,137.23008757332252
2024-12-30,221.8243420418921,137.7098712381927
2024-12-31,223.07465556651653,138.48561568418583
2025-01-02,224.50895108125601,139.30388251788634
2025-01-03,225.2059090857327,139.71343434079188
2025-01-06,224.97446253567193,139.56914726882266
2025-01-07,225.18606673753996,139.67807670238065
2025-01-08,225.46712708118707,139.83325250847483
2025-01-10,228.5189419170295,141.6629454399772
2025-01-13,229.02281343123903,141.97106115228385
2025-01-14,228.288812529095,141.51543230655938
2025-01-15,230.64680742036415,142.90025610887974
2025-01-16,230.71087253907112,142.92259771751822
2025-01-17,231.0685556330076,143.12567422991523
2025-01-21,231.75845271018136,143.52449339325415
2025-01-22,231.82939338030152,143.5639779036841
2025-01-23,231.88329569377416,143.5829649534579
2025-01-24,232.19866964340383,143.77794661167357
2025-01-27,232.27767223332538,143.76836005117212
2025-01-28,232.83909236271512,144.10472184572578
2025-01-29,232.70174521568902,143.99969928444136
2025-01-30,233.99546362981218,144.7810693904785
2025-01-31,233.44053327472716,144.4184063159784
2025-02-03,233.37622384350502,144.36748661207716
2025-02-04,234.28182731225905,144.89861697908316
2025-02-05,235.3342624884987,145.53361348506144
2025-02-06,235.3190245000793,145.51935475270236
2025-02-07,234.58662637540473,145.06159324323653
2025-02-10,235.5379936505318,145.6492249097173
2025-02-11,235.35677016582878,145.50952387096788
2025-02-12,235.1121417857579,145.328344899872
2025-02-13,236.92070461898896,146.39034610881797
2025-02-14,237.1044899912822,146.49894910603902
2025-02-18,237.75829217470246,146.8916641864432
2025-02-19,237.74524241887542,146.88260038562734
2025-02-20,238.2717378053093,147.19772537393877
2025-02-21,237.92118003627155,146.9759023449279
2025-02-24,238.04935008191364,147.04378641124072
2025-02-25,238.92616316969304,147.58490317932498
2025-02-26,239.45466661597823,147.907855045076
2025-02-27,238.03304487229394,147.02891598133291
2025-02-28,238.64698538588843,147.39075043175524
2025-03-03,239.46178729387265,147.8680347705765
2025-03-04,239.18232835632912,147.68674436047257
2025-03-05,240.16634252599601,148.29324454047187
2025-03-06,238.9104808585119,147.5155493912336
2025-03-07,239.1572349814059,147.66565361000082
2025-03-10,238.24384927342155,147.1013571980169
2025-03-11,238.32440626341955,147.09887325403733
2025-03-12,238.40318135318435,147.10381294457164
2025-03-13,239.54493061982657,147.7646321533024
2025-03-14,240.01778027065214,148.0558073349306
2025-03-17,241.20044147647485,148.73814941234303
2025-03-18,241.52059622872494,148.89793468816148
2025-03-19,242.52095706000821,149.47735847967442
2025-03-20,242.0130124579885,149.16196535901432
2025-03-21,241.1314215908664,148.60912151920894
2025-03-24,240.9269609335664,148.47368833320908
2025-03-25,241.40055627583084,148.75613063481006
2025-03-26,240.34960959957198,148.07097710516882
2025-03-27,241.2991844047513,148.6398568116679
2025-03-28,241.91223326030618,149.0008516729655
2025-03-31,243.2290218469693,149.79103538962516
2025-04-01,243.70137393546725,150.07193173327212
2025-04-02,244.13703473366894,150.3074862682804
2025-04-03,244.59211025216405,150.51682839905823
2025-04-04,244.17531464418286,150.25902097087524
2025-04-07,239.7362945103257,147.47844429848186
2025-04-08,241.0413694618017,148.16102534269586
2025-04-09,243.87505654615737,149.79518252873348
2025-04-10,249.831358363882,153.3449032447364
2025-04-11,254.5998057587753,156.27174601253859
2025-04-14,253.14706511980498,155.38006302213458
2025-04-15,254.4716265963924,156.19307045562564
2025-04-16,257.17592731694623,157.7307089451031
2025-04-17,256.0467470060971,156.9147143980185
2025-04-21,261.7177349988455,160.32966102988598
2025-04-22,261.57162767839054,160.17750454427016
2025-04-23,261.90850800612577,160.33721053906436
2025-04-24,264.0012885105992,161.50169193182154
2025-04-25,264.12564620494743,161.54672320711927
2025-04-28,265.08450615901285,162.1328521534055
2025-04-29,265.4258251714434,162.32331934715367
2025-04-30,264.64291289284444,161.8167080969655
2025-05-01,263.83526601265197,161.28977315959614
2025-05-02,265.04194303390824,162.0136957964924
2025-05-05,266.40074795013106,162.7814545016626
2025-05-06,267.3677581932502,163.30243980137018
2025-05-07,266.97892153718266,163.05323252334478
2025-05-08,266.040136210659,162.41666296669266
2025-05-09,267.23415825615535,163.12779842382628
2025-05-12,269.5483412420376,164.4963343651871
2025-05-13,269.96058201667154,164.70342983108318
2025-05-14,268.73470206569544,163.91559104383
2025-05-15,270.73782024413276,165.11360657660666
2025-05-16,271.1310858644678,165.30834370049737
2025-05-19,271.7790759134371,165.70156293939425
2025-05-20,273.03829224966995,166.42523070368668
2025-05-21,272.3883800489439,166.0081259375164
2025-05-22,271.50538846064615,165.46936878068058
2025-05-23,272.4968152126143,166.0625574918289
2025-05-27,274.3937919422866,167.16878226882235
2025-05-28,273.2976785851817,166.49616453804393
2025-05-29,274.4769913680887,167.176812147691
2025-05-30,274.300587886651,167.06875281400332
2025-06-02,276.0276805841341,168.11383696807854
2025-06-03,275.93591749057316,168.02191581780124
2025-06-04,277.1056817047485,168.6978853375742
2025-06-05,277.1233864399326,168.7055824681607
2025-06-06,277.5706620193653,168.94338686997244
2025-06-09,278.5101711719487,169.51232927672507
2025-06-10,279.22297119784315,169.9126735688352
2025-06-11,279.81885848559733,170.27484939397814
2025-06-12,281.12935001115926,171.05934388855192
2025-06-13,280.19770270283635,170.47943948035316
2025-06-16,280.37123723960025,170.5829454574915
2025-06-17,280.33393918828983,170.55724654328873
2025-06-18,280.4195302257179,170.59720424906143
2025-06-20,280.15513783223906,170.4357167178555
2025-06-23,280.8157914133932,170.83667010169378
2025-06-24,282.0170043807869,171.56521226775226
2025-06-25,281.6128563652242,171.31767043617594
2025-06-26,282.80976219441413,172.0382177329825
2025-06-27,282.4563382216616,171.8151362788392
2025-06-30,283.69967771736384,172.56969697188438
2025-07-01,283.9412682949117,172.70845271118333
2025-07-02,284.5197396436485,173.05973704285387
2025-07-03,284.4676390126164,173.02764059848872
2025-07-07,283.01088061126194,172.12985051954044
2025-07-08,282.98764331457136,172.10443398066255
2025-07-09,284.03192708546356,172.7274966718417
2025-07-10,284.3204709835563,172.89418439920163
2025-07-11,284.06014970795275,172.72436745988455
2025-07-14,284.0443773012691,172.71328106696777
2025-07-15,283.147994381268,172.1474005319785
2025-07-16,284.0485422056807,172.67414635130442
2025-07-17,284.7209092875479,173.06163769393626
2025-07-18,284.85250716258344,173.14090490000072
2025-07-21,286.166675364356,173.918020835777
2025-07-22,287.25459554484064,174.5776384525172
2025-07-23,287.67246407459766,174.82869958345992
2025-07-24,287.1009622577646,174.47946595898824
2025-07-25,287.0540647786436,174.4504924898508
2025-07-28,286.6938582203368,174.21120189264832
2025-07-29,287.987627220802,174.9948071604283
2025-07-30,287.10036462884676,174.45182485332964
2025-07-31,286.89427910855653,174.30924395121596
2025-08-01,287.2305936155504,174.50453762735404
2025-08-04,288.53269292365104,175.27859182415656
2025-08-05,288.6212957673896,175.3313245612888
2025-08-06,288.6092859698959,175.32060444884988
2025-08-07,288.97666173324416,175.54119838563824
2025-08-08,289.027778426333,175.56413201784235
2025-08-11,288.686831209157,175.3558932189889
2025-08-12,289.45417677357693,175.81328960294206
2025-08-13,290.7954679559007,176.61078286296706
2025-08-14,289.8687501904518,176.0306735052538
2025-08-15,289.7323983490407,175.93855171275018
2025-08-18,289.72841275362657,175.9154366799287
2025-08-19,290.01143255388405,176.0666450941211
2025-08-20,290.1995839302647,176.17566656667043
2025-08-21,289.60977967613024,175.81605837321845
2025-08-22,292.1302478572951,177.3375950263908
2025-08-25,291.36771372853315,176.86553357671943
2025-08-26,291.62353352254615,177.01997029637033
2025-08-27,291.76450889889634,177.10460574067213
2025-08-28,292.3875799342026,177.48228124603028
2025-08-29,292.00759492561,177.2512684440001
2025-09-02,292.13981543939326,177.31901738697377
2025-09-03,293.28811340879554,178.00342007885348
2025-09-04,294.28180237189974,178.60508361367224
2025-09-05,295.653098695152,179.435189122958
2025-09-08,296.8981508652341,180.17445613446853
2025-09-09,296.5886960607303,179.97023814756156
2025-09-10,297.246912179878,180.36747740445958
2025-09-11,298.96308717150384,181.3913274201138
2025-09-12,298.7914194522118,181.2687547522208
2025-09-15,299.96942359440703,181.96513276883675
2025-09-16,300.0968219507434,182.0333588079116
2025-09-17,299.3556866047698,181.57792620511597
2025-09-18,299.2091264410902,181.48805568964707
2025-09-19,299.6171444888628,181.71691987103446
2025-09-22,300.30876624863515,182.11774002745074
2025-09-23,300.74943890872913,182.37908340420137
2025-09-24,300.16203484969043,182.00480002727033
2025-09-25,300.0858418422404,181.95683523743466
2025-09-26,300.84178683821796,182.41339094168558
2025-09-29,301.99903213249615,183.10975461518885
2025-09-30,302.2614484590515,183.2680662381429
2025-10-01,303.2581486808367,183.87203688597384
2025-10-02,303.3719340162753,183.93924321245916
2025-10-03,303.7451662404392,184.16521140554534
2025-10-06,303.99310690393673,184.31484614391084
2025-10-07,303.8090027176198,184.19558463146356
2025-10-08,304.59202271545547,184.66079253307262
2025-10-09,303.7484674757831,184.14873342325393
2025-10-10,302.31697345261705,183.2360625685429
2025-10-13,304.7389305778341,184.66256188585615
2025-10-14,304.98485191320765,184.80633468070727
2025-10-15,306.17721331231206,185.51765140926156
2025-10-16,306.80108658011795,185.89329705300167
2025-10-17,306.39551920786005,185.64546854292144
2025-10-20,308.12935307282123,186.69210609841682
2025-10-21,306.8252476869889,185.8996610801495
2025-10-22,306.7515640903993,185.85184557817342
2025-10-23,307.1336746768875,186.07897510668678
2025-10-24,307.67089138622094,186.40211736733386
2025-10-27,308.1087440795022,186.66330128887515
2025-10-28,307.79337989639805,186.47123327031525
2025-10-29,306.90913777640355,185.92419813493837
2025-10-30,306.251654278317,185.52217532341183
2025-10-31,305.93505437956145,185.32789066571377
2025-11-03,305.89615142309725,185.2396842633058
2025-11-04,304.8530949129006,184.6072071305483
2025-11-05,305.3927384207648,184.91055462199745
2025-11-06,305.3348276067774,184.81817130740583
2025-11-07,305.44770245954993,184.88411670423363
2025-11-10,307.01996500011353,185.83503438233635
2025-11-11,308.07274743465626,186.43050352870375
2025-11-12,308.5468272639877,186.6754937098819
2025-11-13,306.58242158190967,185.42803693336276
2025-11-14,305.7414951351349,184.84532639232492
2025-11-17,305.020219655516,184.3456734071286
2025-11-18,306.0189381384059,184.92996712247466
2025-11-19,307.83044444461683,185.97842477050966
2025-11-20,307.9221852818105,185.9314992486866
2025-11-21,308.3411814525142,186.12975826169844
2025-11-24,309.3931115255168,186.71212366052686
2025-11-25,310.0832055818984,187.1098547149006
2025-11-26,311.04765241545505,187.6734887663006
2025-11-28,311.3228932768064,187.8379188898441
2025-12-01,310.58105661110767,187.36668117950586
2025-12-02,310.9236113752599,187.57032078108736
2025-12-03,311.10322176383846,187.67774247746206
2025-12-04,310.92628075650197,187.5678170893707
2025-12-05,311.0949667108959,187.6642415915883
2025-12-08,310.605518659503,187.2958140822528
2025-12-09,311.04500154359647,187.56043050216934
2025-12-10,312.6644679641076,188.4542778984722
2025-12-11,313.24750389342574,188.77229818725732
2025-12-12,312.02373184782226,187.9589282422842
2025-12-15,312.86311914397214,188.46359907772654
2025-12-16,312.8850412448162,188.41011500200906
2025-12-17,313.09521412727946,188.5201875446036
2025-12-18,313.97195323717807,188.99912101193044
2025-12-19,314.67872483124154,189.38866466121863
2025-12-22,315.81534669492845,190.07076822514145
2025-12-23,316.8984228700755,190.72160783138935
2025-12-24,317.571169428773,191.0927402358377
2025-12-26,318.53896341870177,191.67413341423187
2025-12-29,317.3242234013851,190.94197212711234
2025-12-30,317.6644142827168,191.13247280343896
2025-12-31,316.427950149772,190.34291652305586
2026-01-02,317.7539804443589,191.13780520226229
2026-01-05,319.5306866433328,192.17347909780833
2026-01-06,320.41987054248375,192.69303807347154
2026-01-07,320.07162131677006,192.45163353358816
2026-01-08,320.71319907943473,192.8100028635906
2026-01-09,321.7890012639238,193.43164757668086
2026-01-12,322.5048357521082,193.85882061189776
2026-01-13,322.8262496636947,194.05101666015176
2026-01-14,323.5342025454969,194.46379425796715
2026-01-15,323.5934577625785,194.49644978886207
2026-01-16,323.5835007088293,194.47711175601754
2026-01-20,322.1609821188747,193.54562376698033
2026-01-21,323.8892377744946,194.50726511668435
2026-01-22,324.32390334213625,194.74327777373284
2026-01-23,325.2288982469075,195.28397032076577
2026-01-26,325.9959144766715,195.72991006251948
2026-01-27,327.1311707493626,196.39687557891125
2026-01-28,327.10340825179054,196.37890588236803
2026-01-29,327.621287175197,196.68621596482177
2026-01-30,325.42611132101604,195.36762255764194
2026-02-02,324.7667742528245,194.96817149325932
2026-02-03,325.1891883411842,195.21934346062994
2026-02-04,325.0926997552875,195.1314886613783
2026-02-05,325.0240017290978,195.05749991436872
2026-02-06,327.0273759630647,196.23369774618638
2026-02-09,327.97016312314275,196.7939689673556
2026-02-10,328.62119941345793,197.18345176900652
2026-02-11,328.64953286165127,197.19860435672902
2026-02-12,328.86427268929793,197.31562578632563
2026-02-13,329.9335600733223,197.9538709241926
2026-02-17,329.8885996008592,197.9259125599995
2026-02-18,330.2730169219912,198.13970216630915
2026-02-19,330.4688547409173,198.25456092728155
2026-02-20,331.2214453886929,198.6952719419243
2026-02-23,331.32868692306687,198.74975968730718
2026-02-24,331.5511186864277,198.87370018842228
2026-02-25,331.9027416249218,199.08356836840332
2026-02-26,332.0019303972927,199.1422005936634
2026-02-27,332.3729746847168,199.35548008114804
2026-03-02,331.7843076400663,199.00114223914656
2026-03-03,331.6305692595584,198.8314557542083
2026-03-04,332.3003832903046,199.15832360671496
2026-03-05,331.64095059833323,198.68825761923375
2026-03-06,332.51234747869665,199.14979077759997
2026-03-09,333.655947467524,199.77147219015868
2026-03-10,332.8293187115434,199.21467380682353
2026-03-11,332.59355358246444,198.9503673385343
2026-03-12,336.08726848871896,200.9764063931194
2026-03-13,337.70212098220645,201.888150019566
2026-03-16,336.5252916209154,201.1813011282121
2026-03-17,337.1272427482069,201.53755488581032
2026-03-18,339.7439742052038,203.02895199923827
2026-03-19,335.63516647108963,200.57323677803328
2026-03-20,337.9033167168312,201.9271405516806
2026-03-23,333.5085158446937,199.30066894302598
2026-03-24,335.6058969573108,200.55215883605896
2026-03-25,335.8723304373423,200.71002298534248
2026-03-26,338.070498644486,202.02354323106488
2026-03-27,340.1189139819345,203.24755513662052
2026-03-30,343.00489130935597,204.97214050324274
2026-03-31,340.17550658413876,203.28120824262777
2026-04-01,338.84833010211497,202.48715789797274
2026-04-02,343.6546182947502,205.3588089682821
2026-04-06,343.8787299237171,205.39441335660536
2026-04-07,343.35379974274264,205.08071239978244
2026-04-08,346.03788802967904,206.57777967887512
2026-04-09,346.42560798549954,206.7593036315461
2026-04-10,345.9435381042776,206.38903530942582
2026-04-13,347.12960875116255,207.01405463404592
2026-04-14,349.1875390634694,208.2058200354385
2026-04-15,349.0538426607037,208.12520018022568
2026-04-16,349.93877452236427,208.548928861129
2026-04-17,352.19944650169805,209.7932931844801
2026-04-20,352.06241369256696,209.7105118578548
2026-04-21,350.83305696845304,208.912917135299
2026-04-22,351.56898071995585,209.30165850722628
2026-04-23,351.4571288765516,209.18549291505937
2026-04-24,352.01200013546514,209.46518029778673
2026-04-27,351.8772024956127,209.26386328222173
2026-04-28,352.21817387113447,209.40323631377032
2026-04-29,352.50749415915845,209.5584596900605
2026-04-30,355.7352829364735,211.40752421427828
2026-05-01,355.5407246406868,211.29059716669965
2026-05-04,354.3302505624661,210.57092952169114
2026-05-05,356.0565545459668,211.5928468956729
2026-05-06,358.4872524315181,212.93237917471646
2026-05-07,356.6926517229567,211.76081469481394
2026-05-08,358.38733871678534,212.66418554844745
2026-05-11,359.04686130381106,212.99471515334355
2026-05-12,358.20949175208875,212.4379751282086
2026-05-13,358.9389812241009,212.8696366302336
2026-05-14,358.83891593894947,212.75484500399995
2026-05-15,356.7891603301358,211.5330457630876
2026-05-18,357.46083745246835,211.92493235604437
2026-05-19,357.36822397687394,211.79212617861847
2026-05-20,359.1885846367977,212.79648017392142
2026-05-21,359.7185590780959,213.10195135555375
2026-05-22,359.9082180401425,213.2089494052035
2026-05-26,361.6030445512227,214.1678966355175
2026-05-27,361.55154509021196,214.09357612429898
2026-05-28,362.0938124085696,214.39589813515883
2026-05-29,362.07454672161026,214.38409866351446
2026-06-01,362.3560056554751,214.5476527842925
2026-06-02,362.88769623899395,214.86042408299494
2026-06-03,362.116925537565,214.40371419418463
2026-06-04,362.85050890720095,214.8364208006985
2026-06-05,359.84056639337103,212.96147430946866
2026-06-08,360.22949847917994,213.18386137350694
2026-06-09,361.1203472557448,213.66605343284672
2026-06-10,359.9405060658186,212.90949308975544
2026-06-11,362.748793038508,214.4677930707847
2026-06-12,362.9616291322692,214.59177291359305
2026-06-15,363.78478253510616,215.07283662823272
2026-06-16,363.8165478299952,215.09068109569645
2026-06-17,363.44388119306103,214.85805164928638
2026-06-18,365.2062886417039,215.895667350346
2026-06-22,364.91226679396516,215.7102170332377
2026-06-23,364.2999294760442,215.3465621140885
2026-06-24,365.4900816333545,216.04813220944445
2026-06-25,365.77922532497024,216.21708717003693
2026-06-26,365.842035479926,216.24198677514568
2026-06-29,366.3851638656629,216.5509131005787
2026-06-30,365.4747522339132,216.01199321064075
2026-07-01,364.8741496577486,215.6550004305406
2026-07-02,365.23519041206544,215.86348901640244
2026-07-06,365.8123323715715,216.198913982913
2026-07-07,365.7326117931774,216.05092188348533
2026-07-08,364.5330803487174,215.34195341573027
2026-07-09,365.34453051288347,215.8135340598928
2026-07-10,365.73252931707736,216.04098569265292
2026-07-13,365.35494513038617,215.8099697396187
2026-07-14,365.4958031587605,215.89238870514657
2026-07-15,365.6426786263111,215.97797390795412
2026-07-16,366.2507104214685,216.33519887629512
2026-07-17,365.3993222210873,215.83127099200266
2026-07-20,365.55194919230206,215.88206565288772
2026-07-21,366.8401429290915,216.59883838047776
2026-07-22,366.56292348544616,216.4312310296249
2026-07-23,368.90421367708575,217.67888325397206
2026-07-24,370.40487710118873,218.52646800898262
2026-07-27,370.7279429498458,218.70452202092676
2026-07-28,370.8150984993226,218.75053466885151
2026-07-29,370.40047077896145,218.49509193236966
2026-07-30,371.9655021761893,219.26345612937823
2026-07-31,372.03373484440493,219.27442504998174
