Date,Gross_Equity,Net_Equity
2007-04-11,1.0,1.0
2007-04-12,1.0,1.0
2007-04-13,1.0,1.0
2007-04-16,1.0,1.0
2007-04-17,1.0,1.0
2007-04-18,1.0,1.0
2007-04-19,1.0,1.0
2007-04-20,1.0,1.0
2007-04-23,1.0,1.0
2007-04-24,1.0,1.0
2007-04-25,1.0,1.0
2007-04-26,1.0,1.0
2007-04-27,1.0,1.0
2007-04-30,1.0,1.0
2007-05-01,1.0,1.0
2007-05-02,1.0,1.0
2007-05-03,1.0,1.0
2007-05-04,1.0,1.0
2007-05-07,1.0,1.0
2007-05-08,1.0,1.0
2007-05-09,1.0,1.0
2007-05-10,1.0,1.0
2007-05-11,1.0,1.0
2007-05-14,1.0,1.0
2007-05-15,1.0,1.0
2007-05-16,1.0,1.0
2007-05-17,1.0,1.0
2007-05-18,1.0,1.0
2007-05-21,1.0,1.0
2007-05-22,1.0,1.0
2007-05-23,1.0,1.0
2007-05-24,1.0,1.0
2007-05-25,1.0,1.0
2007-05-29,1.0,1.0
2007-05-30,1.0,1.0
2007-05-31,1.0,1.0
2007-06-01,1.0,1.0
2007-06-04,1.0,1.0
2007-06-05,1.0,1.0
2007-06-06,1.0,1.0
2007-06-07,1.0,1.0
2007-06-08,1.0,1.0
2007-06-11,1.0,1.0
2007-06-12,1.0,1.0
2007-06-13,1.0,1.0
2007-06-14,1.0,1.0
2007-06-15,1.0,1.0
2007-06-18,1.0,1.0
2007-06-19,1.0,1.0
2007-06-20,1.0,1.0
2007-06-21,1.0,1.0
2007-06-22,1.0,1.0
2007-06-25,1.0,1.0
2007-06-26,1.0,1.0
2007-06-27,1.0,1.0
2007-06-28,1.0,1.0
2007-06-29,1.0,1.0
2007-07-02,1.0,1.0
2007-07-03,1.0,1.0
2007-07-05,1.0,1.0
2007-07-06,1.0,1.0
2007-07-09,1.0,1.0
2007-07-10,1.0,1.0
2007-07-11,1.0,1.0
2007-07-12,1.0,1.0
2007-07-13,1.0,1.0
2007-07-16,1.0,1.0
2007-07-17,1.0,1.0
2007-07-18,1.0,1.0
2007-07-19,1.0,1.0
2007-07-20,1.0,1.0
2007-07-23,1.0,1.0
2007-07-24,1.0,1.0
2007-07-25,1.0,1.0
2007-07-26,1.0,1.0
2007-07-27,1.0,1.0
2007-07-30,1.0,1.0
2007-07-31,1.0,1.0
2007-08-01,1.0,1.0
2007-08-02,1.0,1.0
2007-08-03,1.0,1.0
2007-08-06,1.0,1.0
2007-08-07,1.0,1.0
2007-08-08,1.0,1.0
2007-08-09,1.0,1.0
2007-08-10,1.0,1.0
2007-08-13,1.0,1.0
2007-08-14,1.0,1.0
2007-08-15,1.0,1.0
2007-08-16,1.0,1.0
2007-08-17,1.0006227267743848,1.0001227267743849
2007-08-20,1.0026718289860426,1.0018885091680085
2007-08-21,1.0060659617693193,1.0052743700180806
2007-08-22,1.0063273128472079,1.0054818041382345
2007-08-23,1.0073097347713644,1.00640967823395
2007-08-24,1.008468094996738,1.0073360656342945
2007-08-27,1.0102554931353678,1.00912031556471
2007-08-28,1.0134111741917229,1.0121905467392085
2007-08-29,1.013951564637258,1.0126007418326683
2007-08-30,1.0163927346874242,1.0150374740782389
2007-08-31,1.0211141994051465,1.0196806710881603
2007-09-04,1.0248556396693667,1.0233562917421013
2007-09-05,1.0272747075632176,1.0256754300023194
2007-09-06,1.0289912909121122,1.027288732403207
2007-09-07,1.033396658828286,1.0316069102564425
2007-09-10,1.0379930761847038,1.0361886794710884
2007-09-11,1.040005852781387,1.03810752532061
2007-09-12,1.0395930784004173,1.0376924247887196
2007-09-13,1.0383676406429425,1.0363608067501107
2007-09-14,1.0404986215438516,1.0384854255877847
2007-09-17,1.0440789373423236,1.0419900217508988
2007-09-18,1.0541835282251373,1.051955044995394
2007-09-19,1.0557062892959626,1.0534692199136255
2007-09-20,1.050607641900144,1.0483735060349508
2007-09-21,1.0541721544554283,1.051916295126079
2007-09-24,1.0570516960362812,1.0547879745276454
2007-09-25,1.0552094422086529,1.0529474203402358
2007-09-26,1.0567364315992775,1.054469748872897
2007-09-27,1.062585885752352,1.0603049152302124
2007-09-28,1.0634325224759187,1.061148379941648
2007-10-01,1.0654440045880431,1.0631543555967313
2007-10-02,1.064427602482338,1.0621374051189456
2007-10-03,1.062012809905522,1.0597233315663286
2007-10-04,1.0677135091856313,1.0654100512120444
2007-10-05,1.0674552188225808,1.065148279372966
2007-10-08,1.06589682341266,1.0635825670304087
2007-10-09,1.0687577113324793,1.0664292833649243
2007-10-10,1.0707655812198018,1.0684312898818968
2007-10-11,1.0730688599616427,1.070728969941776
2007-10-12,1.0741673493613955,1.0717147940230465
2007-10-15,1.0751713560196448,1.0727140748003687
2007-10-16,1.0727266856078355,1.0702657757329075
2007-10-17,1.0751441537794615,1.0725653910176745
2007-10-18,1.0801732587371238,1.0775798556204026
2007-10-19,1.0771619850550112,1.0745364313468306
2007-10-22,1.0755906795053638,1.0729304282616101
2007-10-23,1.0785166303230929,1.0758464085200308
2007-10-24,1.0826465622397048,1.0799629290784807
2007-10-25,1.0854362107219224,1.0827423960836584
2007-10-26,1.0922932192035761,1.0895797407289602
2007-10-29,1.0974998390569022,1.0947343657031963
2007-10-30,1.0926967023409808,1.0899040130222462
2007-10-31,1.0984130588579517,1.0956024228418426
2007-11-01,1.0942808329627822,1.0914411087953366
2007-11-02,1.0996867912276138,1.0968263628124861
2007-11-05,1.0970249012953037,1.094101179557579
2007-11-06,1.1044347794560792,1.1014203042052255
2007-11-07,1.1015890440048235,1.0985108558141317
2007-11-08,1.1027638813848766,1.0995546208609144
2007-11-09,1.1059386837075564,1.1026425456606765
2007-11-12,1.094478033136207,1.0911695660939777
2007-11-13,1.097809768489869,1.0943735180386607
2007-11-14,1.1009293952291708,1.0974791352009698
2007-11-15,1.0992223415009887,1.0957022011949384
2007-11-16,1.1007858443651342,1.0972555117285532
2007-11-19,1.103743239475775,1.1001607083641323
2007-11-20,1.1085813688431643,1.1049807795841118
2007-11-21,1.112752463890043,1.1091327637105872
2007-11-23,1.1136819198910421,1.1100513478261695
2007-11-26,1.1254642726219828,1.1217904334751416
2007-11-27,1.1150433487283726,1.111392607788811
2007-11-28,1.1129871540665903,1.1092243389377214
2007-11-29,1.1141827936316242,1.1102973617044305
2007-11-30,1.1134937048890665,1.1094856548387333
2007-12-03,1.1205160368090619,1.116275898231459
2007-12-04,1.1196563055623059,1.115415509800894
2007-12-05,1.1206790254248755,1.1161069237654788
2007-12-06,1.123681450372558,1.1188825921927834
2007-12-07,1.117841234689871,1.1129019287477397
2007-12-10,1.1211058345576486,1.115768556760931
2007-12-11,1.127918362579654,1.1222133405007093
2007-12-12,1.1363020193031885,1.1302395859957495
2007-12-13,1.1309644526165408,1.1246648939226107
2007-12-14,1.1330855459346336,1.1266095692610916
2007-12-17,1.1371708454131804,1.1304643583915548
2007-12-18,1.1386083537256793,1.131719361187623
2007-12-19,1.1447429712188197,1.137625226572817
2007-12-20,1.1433645455907282,1.1360627361736968
2007-12-21,1.144182518832497,1.1368156594091359
2007-12-24,1.1447272683846923,1.137200141658571
2007-12-26,1.1509900394041277,1.1428849582546987
2007-12-27,1.1528216374655473,1.1440901492173507
2007-12-28,1.162623298915786,1.153335457592617
2007-12-31,1.1650710601661627,1.1553098949528686
2008-01-02,1.1816125863359506,1.1714776594965055
2008-01-03,1.1830024679013946,1.1728520058834027
2008-01-04,1.184010813140142,1.173850574857984
2008-01-07,1.182176893628183,1.1720297427487218
2008-01-08,1.1886483550460925,1.1784426010599984
2008-01-09,1.1881950537861836,1.177764728787897
2008-01-10,1.187582053064496,1.1769287775205415
2008-01-11,1.1939466309179518,1.1831600393639818
2008-01-14,1.1972861501915846,1.1863924928093772
2008-01-15,1.1985070612658724,1.1875251899151595
2008-01-16,1.196633953793081,1.1854295824516343
2008-01-17,1.2019202386428347,1.1906591189312183
2008-01-18,1.2034075729535179,1.1921289830203754
2008-01-22,1.2069385001921793,1.1956248503934463
2008-01-23,1.2046988024068177,1.1934046353589332
2008-01-24,1.2019121120374323,1.1904080691685979
2008-01-25,1.2096891405775114,1.1981055825341782
2008-01-28,1.2151616095335465,1.2034608219309888
2008-01-29,1.2105152728713866,1.1988585126115983
2008-01-30,1.2118893307276788,1.2001544232495194
2008-01-31,1.2164027330856817,1.2046166823291014
2008-02-01,1.2174819225923756,1.205621302183012
2008-02-04,1.2129641263134099,1.2011451207629782
2008-02-05,1.2158163349927376,1.2037359497382063
2008-02-06,1.215946681113593,1.2038616489742255
2008-02-07,1.2152236092040487,1.202986522810869
2008-02-08,1.224562044038497,1.2120166079022514
2008-02-11,1.2295792269164008,1.2169800130173123
2008-02-12,1.2230753318065561,1.2105404088215925
2008-02-13,1.2217331262280586,1.2088304940313799
2008-02-14,1.2211397987414583,1.20823710050591
2008-02-15,1.2206804374236655,1.2075186267155094
2008-02-19,1.237652472788584,1.2236092552927957
2008-02-20,1.2470198181949415,1.2328656752685963
2008-02-21,1.2502619928460328,1.235284479515116
2008-02-22,1.2617026753073213,1.2457999946158314
2008-02-25,1.2705731359077677,1.2541688606247237
2008-02-26,1.2902615763228684,1.2736005010806386
2008-02-27,1.2956291248365508,1.2781551887579188
2008-02-28,1.3060011435676173,1.2880709577499083
2008-02-29,1.3119491349803636,1.293746623493101
2008-03-03,1.3160297660065658,1.2977696307531819
2008-03-04,1.3028907862218704,1.2846213260840216
2008-03-05,1.3488847008847615,1.3290351851188094
2008-03-06,1.334066375628037,1.3141767495245282
2008-03-07,1.330304582013792,1.3104660329285538
2008-03-10,1.3366206069987483,1.3157730151945664
2008-03-11,1.3574336350136813,1.3353428593704406
2008-03-12,1.371866369206396,1.3486788385332074
2008-03-13,1.3735691553313074,1.350340469849767
2008-03-14,1.3793849350802012,1.3559667754552114
2008-03-17,1.3780191635021617,1.354531330647308
2008-03-18,1.3753597593545015,1.3519148970867891
2008-03-19,1.3624868301674071,1.3392580128796134
2008-03-20,1.368106362241674,1.3445002242565178
2008-03-24,1.3663033570902263,1.3422535613422153
2008-03-25,1.3785528247319987,1.3540199896587801
2008-03-26,1.3814971985957678,1.3568024503650753
2008-03-27,1.3797276870771,1.3550617545115755
2008-03-28,1.3804714053108211,1.355599035438635
2008-03-31,1.3800984361553983,1.3549660823326355
2008-04-01,1.3984749395368012,1.3723370823951149
2008-04-02,1.403036757741231,1.376483931616772
2008-04-03,1.406586303530216,1.379606803559313
2008-04-04,1.413944739176571,1.3868124603347944
2008-04-07,1.4182478561251408,1.3910285292707274
2008-04-08,1.41648338775884,1.3892900875515557
2008-04-09,1.4141347176498436,1.3869838587944563
2008-04-10,1.414390412452915,1.3872289443493695
2008-04-11,1.4113393879798368,1.3841341135324172
2008-04-14,1.4100534174501846,1.3828703499963997
2008-04-15,1.4090396702002674,1.3818708400909006
2008-04-16,1.4347502431718266,1.4062833766855698
2008-04-17,1.434783516204667,1.4059310518090053
2008-04-18,1.443072995591645,1.4136521227742764
2008-04-21,1.442920818134751,1.4134970989320024
2008-04-22,1.4427715154969012,1.4130728537596366
2008-04-23,1.446714491762129,1.416655955935223
2008-04-24,1.4441965146120566,1.4137823598086363
2008-04-25,1.4534858110211595,1.4228732227916066
2008-04-28,1.4585906680860803,1.427862298554044
2008-04-29,1.4549572078024502,1.4237658283391283
2008-04-30,1.4594183818038946,1.427944100456974
2008-05-01,1.4705148598529867,1.4386130103958863
2008-05-02,1.4703728643394443,1.4384561398637248
2008-05-05,1.471613202276416,1.4396637497844094
2008-05-06,1.4713043617183463,1.438998583889029
2008-05-07,1.4685837788836822,1.4359746090836303
2008-05-08,1.4716408127384817,1.4389600838656627
2008-05-09,1.4703101556020566,1.437655063811471
2008-05-12,1.4717069784060823,1.4390205277358183
2008-05-13,1.472553294229022,1.4394819436319486
2008-05-14,1.4721895863829466,1.439124645585131
2008-05-15,1.481313587085263,1.447685156734264
2008-05-16,1.4838229846608273,1.449944836087295
2008-05-19,1.48694911088701,1.4528059280647745
2008-05-20,1.4862444210691454,1.4519233775461826
2008-05-21,1.4841387366044498,1.449808085410359
2008-05-22,1.4799612675783984,1.4450290497525193
2008-05-23,1.4792730870601156,1.4436979723360375
2008-05-27,1.4748911153139792,1.4386076377369392
2008-05-28,1.4835262267544782,1.4470245390326226
2008-05-29,1.4835357290376348,1.446702168665393
2008-05-30,1.4853672907954414,1.4484826504305985
2008-06-02,1.476515987955348,1.4393000387442094
2008-06-03,1.4693345413898256,1.4322958524812965
2008-06-04,1.4640162420678888,1.4265618639500919
2008-06-05,1.4825731088026712,1.4437513312294927
2008-06-06,1.5480726070801611,1.5062025423516636
2008-06-09,1.5476314985519768,1.5046298979690302
2008-06-10,1.5531835439274735,1.5100257717398338
2008-06-11,1.5592860608468366,1.5159580633977476
2008-06-12,1.5701158569185825,1.526486473396667
2008-06-13,1.5711374427628848,1.526679795946582
2008-06-16,1.5652159017823102,1.5201258362695702
2008-06-17,1.5615486419650413,1.5165624519302692
2008-06-18,1.571574814055859,1.526034301776773
2008-06-19,1.563565129131741,1.5179245469163387
2008-06-20,1.5661137927533162,1.5203956503132119
2008-06-23,1.5790450714176822,1.5324088700886038
2008-06-24,1.5759894678032633,1.5294428382093268
2008-06-25,1.5411884809372516,1.4945063110026866
2008-06-26,1.5752391938706574,1.5262757909662512
2008-06-27,1.5927433315159316,1.5432308684704987
2008-06-30,1.5915048103989573,1.5420270289224571
2008-07-01,1.6055851511965211,1.5556661891394303
2008-07-02,1.6207681076128393,1.5703738145959627
2008-07-03,1.6119092919348303,1.5617869528494903
2008-07-07,1.6025177475733636,1.5526855677974005
2008-07-08,1.595171180382162,1.5455662411460753
2008-07-09,1.6027630174587455,1.552151889287096
2008-07-10,1.61405854230405,1.5630849766437236
2008-07-11,1.622929860234356,1.5709010301226645
2008-07-14,1.6309610222513649,1.577895231437777
2008-07-15,1.6273548560108622,1.5744035076590193
2008-07-16,1.5978253021055315,1.545052392604885
2008-07-17,1.587932650871134,1.5345211651572956
2008-07-18,1.5753592812717383,1.5223684602660355
2008-07-21,1.5939757910385617,1.5403575373980762
2008-07-22,1.5568889028099844,1.5045170790237394
2008-07-23,1.551099977242345,1.4982925045623179
2008-07-24,1.5655800718817192,1.5112462557801638
2008-07-25,1.5717512069975843,1.5161609200441335
2008-07-28,1.5826408849400737,1.525545728713855
2008-07-29,1.5860888844496233,1.527742688674139
2008-07-30,1.5861102487152818,1.527034909796074
2008-07-31,1.5944865554547873,1.5343016418128599
2008-08-01,1.5958494868166995,1.5355002188754028
2008-08-04,1.5930029048725878,1.5327516556337866
2008-08-05,1.602619369383527,1.5412849595518567
2008-08-06,1.6050067987164438,1.5429683439983737
2008-08-07,1.6178545481735078,1.554099435360101
2008-08-08,1.6258745469354905,1.5617254622305587
2008-08-11,1.6279619285017797,1.5632249780953835
2008-08-12,1.6327387268910958,1.5673006623332009
2008-08-13,1.6275108851482627,1.562272900928383
2008-08-14,1.6353853046357698,1.5696934966444973
2008-08-15,1.6426753983240068,1.5766897069673431
2008-08-18,1.6427252777349768,1.5765981209343018
2008-08-19,1.63886731788253,1.5728178888063198
2008-08-20,1.6416060741253993,1.575369446955328
2008-08-21,1.63458029188747,1.5685502000073313
2008-08-22,1.6415762892621195,1.5750557830071745
2008-08-25,1.64896430315728,1.5819357496070727
2008-08-26,1.6519203626934866,1.5846951174812631
2008-08-27,1.6536012694439124,1.586167012274258
2008-08-28,1.6586086700548668,1.5909678198897426
2008-08-29,1.654630965510128,1.5871509494915217
2008-09-02,1.6626244645102064,1.5948166796785643
2008-09-03,1.6656293506536626,1.597428775884957
2008-09-04,1.6708379047087758,1.6023085723438453
2008-09-05,1.6697975200661623,1.6013065306216983
2008-09-08,1.6798442898212858,1.6108286042086783
2008-09-09,1.683708823947533,1.614421093646088
2008-09-10,1.681915881865232,1.6126715211783884
2008-09-11,1.6801827771174123,1.611003689710514
2008-09-12,1.667630906992896,1.598627732669454
2008-09-15,1.6796217457008877,1.60963340933038
2008-09-16,1.6836460260653494,1.6133868680092598
2008-09-17,1.6965637156663986,1.6256060289932495
2008-09-18,1.6999639107597484,1.6287006589194448
2008-09-19,1.696988329314036,1.6257247010603115
2008-09-22,1.7151095084189993,1.6419117809389137
2008-09-23,1.7056930201809608,1.63289128420635
2008-09-24,1.7114561258105192,1.6376593945172517
2008-09-25,1.7079990791863646,1.6343507946837323
2008-09-26,1.7180825086652787,1.6438368707352322
2008-09-29,1.7522459786029918,1.6763604888950119
2008-09-30,1.7575155317983855,1.6812378278650628
2008-10-01,1.7721115846712128,1.6950359194163143
2008-10-02,1.7921028144779378,1.7138882273236848
2008-10-03,1.7951544174135707,1.7168004084998116
2008-10-06,1.8233572948566978,1.743501268396472
2008-10-07,1.8255417354985009,1.7455859972918322
2008-10-08,1.8200792370296348,1.7403592395141272
2008-10-09,1.820371109128556,1.7406333158092513
2008-10-10,1.7954455533585874,1.716798153400574
2008-10-13,1.7844372134208117,1.7059988979130227
2008-10-14,1.7837225250615516,1.704558903726579
2008-10-15,1.803589334465561,1.7226523421146844
2008-10-16,1.804724320391167,1.723476388822717
2008-10-17,1.8075687049361904,1.7254369327711214
2008-10-20,1.821887099396038,1.7383546393353606
2008-10-21,1.8429387988826536,1.758439734305321
2008-10-22,1.8716950130799916,1.7858677596554755
2008-10-23,1.871772988670332,1.785935560599926
2008-10-24,1.890372329160085,1.803681281906287
2008-10-27,1.8909872767610272,1.8042464510793204
2008-10-28,1.866594939674492,1.7809716484848686
2008-10-29,1.8363866507483473,1.7513468162621149
2008-10-30,1.8342792496708549,1.7493370052203336
2008-10-31,1.8616772398955457,1.7754662427272818
2008-11-03,1.870810064778075,1.7841761425596396
2008-11-04,1.8314687894951014,1.7466566925100275
2008-11-05,1.8448817749391344,1.7586440464055115
2008-11-06,1.8709750550950668,1.7827075930446246
2008-11-07,1.8667438306542579,1.7786759861464114
2008-11-10,1.868154238801194,1.7800198551124824
2008-11-11,1.887435193780276,1.797420913960269
2008-11-12,1.8937384952445437,1.8027497082930748
2008-11-13,1.8635341081280685,1.7729807385793865
2008-11-14,1.8801061003140795,1.7875504254641181
2008-11-17,1.8851580447588223,1.7923474087874376
2008-11-18,1.8932563328961982,1.8000441971590315
2008-11-19,1.9103718180072955,1.81631540914551
2008-11-20,1.9380008135292455,1.8425735789425912
2008-11-21,1.942933953594464,1.847073069777175
2008-11-24,1.925587172243557,1.8305752205000698
2008-11-25,1.9445402870434174,1.8485767907696558
2008-11-26,1.9471208662064414,1.8510203078661909
2008-11-28,1.9567438567221418,1.860166565973856
2008-12-01,1.9911045029827783,1.8926400394733132
2008-12-02,1.9921098960235153,1.8935821137047024
2008-12-03,1.996665760500283,1.8979100846231967
2008-12-04,2.0065515688720867,1.9073064817279994
2008-12-05,1.9963646878624048,1.8976204258700937
2008-12-08,1.9865902180095578,1.8883257539939784
2008-12-09,2.0050068193439037,1.9058225794884776
2008-12-10,2.018546804912085,1.9183366756496427
2008-12-11,2.0254198998161477,1.9243548754943458
2008-12-12,2.0285908441568625,1.9273660659617529
2008-12-15,2.045654375130631,1.9434387118767413
2008-12-16,2.107689701988126,2.0021461819631283
2008-12-17,2.1309113168699607,2.024199617640967
2008-12-18,2.149570116032382,2.0416855103417353
2008-12-19,2.141871361951619,2.0342878874505472
2008-12-22,2.15298065043002,2.0447542184485696
2008-12-23,2.1508065254527438,2.0426862047372882
2008-12-24,2.1568062568393835,2.048299491293253
2008-12-26,2.1732817934756476,2.0639456222800696
2008-12-29,2.183147030366891,2.0732288021651604
2008-12-30,2.2028085702911904,2.091681294176514
2008-12-31,2.2116559667624722,2.1000809225473986
2009-01-02,2.203501580082112,2.0923326683967174
2009-01-05,2.202733386273565,2.0915970823604755
2009-01-06,2.211024812812993,2.0994628622535947
2009-01-07,2.175619921072142,2.0658431416277607
2009-01-08,2.177912093328615,2.0680179828132452
2009-01-09,2.1737553031281482,2.0639899743329373
2009-01-12,2.1505236664754928,2.0417855163426117
2009-01-13,2.152475057810317,2.043504349657975
2009-01-14,2.1492854680953903,2.0403803894466823
2009-01-15,2.152292635191383,2.043233266135808
2009-01-16,2.166805808178612,2.0570104853911735
2009-01-20,2.1759853822371586,2.065232419257286
2009-01-21,2.155565183689483,2.045838749710294
2009-01-22,2.1540260440995618,2.044014245040615
2009-01-23,2.1653104415314126,2.0547156689313546
2009-01-26,2.163817510014873,2.052711411424402
2009-01-27,2.1769689584163863,2.0651703378549433
2009-01-28,2.2024678226651306,2.0885683022871224
2009-01-29,2.2034379005377573,2.089194823564247
2009-01-30,2.2231338766394333,2.1078652516515173
2009-02-02,2.2034722944484093,2.089214021182594
2009-02-03,2.192823057763136,2.0791150482619014
2009-02-04,2.205106050174351,2.0902336896550957
2009-02-05,2.21255093980843,2.0971724616524137
2009-02-06,2.2263075698585792,2.110029657168046
2009-02-09,2.2176488598765336,2.1017726966075965
2009-02-10,2.23678111322006,2.119398726366053
2009-02-11,2.250788400867503,2.1325867383572756
2009-02-12,2.256907285562565,2.138377653495826
2009-02-13,2.2521824409211653,2.133900501114521
2009-02-17,2.2835261424557762,2.163286459749318
2009-02-18,2.2929642423202417,2.171672264887449
2009-02-19,2.2713354905954577,2.150470427235098
2009-02-20,2.2742938397738124,2.1532702263516272
2009-02-23,2.288159963634592,2.166346258089214
2009-02-24,2.241982925413793,2.1226179194595574
2009-02-25,2.2440509786762943,2.1245704577149453
2009-02-26,2.2269133504425693,2.1083398765525825
2009-02-27,2.224641520128789,2.1061776558539607
2009-03-02,2.222780159471593,2.1044106982278663
2009-03-03,2.2126747110264215,2.094837803274642
2009-03-04,2.2031467221403473,2.085813691663593
2009-03-05,2.241407255433625,2.1220228912154013
2009-03-06,2.2383799890524037,2.119153417332809
2009-03-09,2.221646625152143,2.103296244463354
2009-03-10,2.198524685481613,2.0808453040055275
2009-03-11,2.196778601145187,2.078643478033502
2009-03-12,2.216303242823507,2.0969144075544444
2009-03-13,2.2273944049394494,2.1074010160768215
2009-03-16,2.2140623736288467,2.0947820404556445
2009-03-17,2.2166017834410567,2.0969939706328025
2009-03-18,2.2570692754762027,2.1340514914650868
2009-03-19,2.281034467571165,2.1567026155575406
2009-03-20,2.2739567438927217,2.1500076979501093
2009-03-23,2.312617869039214,2.1861813844105993
2009-03-24,2.2696217808762444,2.1444907711929737
2009-03-25,2.289890360519338,2.1636388036192553
2009-03-26,2.3183473416141656,2.19003757404608
2009-03-27,2.272851139838896,2.1470437433958063
2009-03-30,2.221344756336987,2.0969144623884803
2009-03-31,2.2421054866030308,2.115055506733351
2009-04-01,2.2575344450098935,2.12960802393506
2009-04-02,2.2922113637514028,2.1620316279924947
2009-04-03,2.327644649347036,2.194181561994547
2009-04-06,2.3011243160083215,2.169161581946997
2009-04-07,2.251685315818314,2.12238897104526
2009-04-08,2.269790249368212,2.1381435779863374
2009-04-09,2.3656613312882246,2.2272036595335765
2009-04-13,2.3779799087771814,2.2373102207866777
2009-04-14,2.3667431584821794,2.2267231344076834
2009-04-15,2.3850481633178,2.2439403535109257
2009-04-16,2.396852747214615,2.254782345817693
2009-04-17,2.3980351829911974,2.255891521743971
2009-04-20,2.3771851782335323,2.2357019138234056
2009-04-21,2.3919555358181843,2.2493585178114905
2009-04-22,2.388051766733761,2.245304806283614
2009-04-23,2.4003942097995123,2.256906496313781
2009-04-24,2.421595527898152,2.276742398478669
2009-04-27,2.407049895938574,2.2629679134551997
2009-04-28,2.403770082925522,2.259883278211443
2009-04-29,2.4283254671152634,2.2828724218418324
2009-04-30,2.4367225143446936,2.290759409199041
2009-05-01,2.4401717875880675,2.293976230875124
2009-05-04,2.4785215780047047,2.3298646132607703
2009-05-05,2.481323144107165,2.3324861573624136
2009-05-06,2.5083771322706685,2.3579036201463195
2009-05-07,2.4841745180357853,2.335148746372469
2009-05-08,2.516670324362489,2.365481798979853
2009-05-11,2.504363660543207,2.3539041103928575
2009-05-12,2.5196392336056963,2.3682591388725696
2009-05-13,2.4970074493864254,2.3469811789424595
2009-05-14,2.502996041193359,2.3526028587396457
2009-05-15,2.4936602820062914,2.343789836470702
2009-05-18,2.5138559138777157,2.3627675039067526
2009-05-19,2.525515306292436,2.3737133117966196
2009-05-20,2.5415070598394096,2.3887337725302866
2009-05-21,2.5310501571004247,2.378899939452893
2009-05-22,2.5338014363145414,2.381476403841317
2009-05-26,2.5414222573379694,2.3886375496237546
2009-05-27,2.5271848227651796,2.375252612745899
2009-05-28,2.545542525552414,2.392501662592024
2009-05-29,2.58655483341382,2.431039128985112
2009-06-01,2.6175562811355277,2.459319199763728
2009-06-02,2.631720913904065,2.4718078716865532
2009-06-03,2.6094463829082,2.4508811259845316
2009-06-04,2.6385391134770706,2.477393877384882
2009-06-05,2.611722481100406,2.452208720391157
2009-06-08,2.600752925074015,2.4418847992637236
2009-06-09,2.6196521493243545,2.4596227605353236
2009-06-10,2.6209266676371974,2.4608159135458165
2009-06-11,2.6350002952143137,2.4740266208744988
2009-06-12,2.634253123917005,2.4725304280254896
2009-06-15,2.6036229139021496,2.4437764262020942
2009-06-16,2.599588503611033,2.4399835742068245
2009-06-17,2.602714055491853,2.442857482914447
2009-06-18,2.5895865148151245,2.4305331687003777
2009-06-19,2.599265968669182,2.439607462980503
2009-06-22,2.5861691439884624,2.426649833356515
2009-06-23,2.6030004872705903,2.44214719047485
2009-06-24,2.6061266001467125,2.4447885196900203
2009-06-25,2.6337384380546887,2.470538175028743
2009-06-26,2.6358443479293427,2.472496795759473
2009-06-29,2.64401405379668,2.479898120358466
2009-06-30,2.637739730576815,2.4737690673015433
2009-07-01,2.6465285510090246,2.4816784308463933
2009-07-02,2.6313181270655774,2.466912497264266
2009-07-06,2.6226388071239333,2.4587728254184675
2009-07-07,2.6264707698424976,2.461701517399009
2009-07-08,2.649857563943992,2.4836186755189753
2009-07-09,2.6468716402216206,2.4805124662544693
2009-07-10,2.6549913179230913,2.4881178770995285
2009-07-13,2.6524754755663116,2.4857566587481057
2009-07-14,2.64201550844933,2.47594914421827
2009-07-15,2.661192026169214,2.493136040161216
2009-07-16,2.672589598265939,2.5035166007597143
2009-07-17,2.6739140547170024,2.5046755691098253
2009-07-20,2.6989168281227562,2.5277426102865146
2009-07-21,2.720073323254054,2.5473066279529744
2009-07-22,2.7169783069879694,2.544155590316363
2009-07-23,2.7335989343038376,2.5595961602110404
2009-07-24,2.740690424622992,2.566233581657983
2009-07-27,2.741630615241804,2.567110551567042
2009-07-28,2.744119551285118,2.569032312483781
2009-07-29,2.7450514262189447,2.5699025134024933
2009-07-30,2.7679189748329986,2.5910349765582446
2009-07-31,2.800630008390122,2.6212990674939136
2009-08-03,2.810958136826106,2.6308346051594262
2009-08-04,2.8119906451847916,2.631792224248867
2009-08-05,2.813833500400044,2.6332937906614844
2009-08-06,2.8043957389781218,2.6244553305820686
2009-08-07,2.805648825714788,2.6256017871450017
2009-08-10,2.8057088942030606,2.6256504582734195
2009-08-11,2.8021668395557056,2.622116918049891
2009-08-12,2.8067427325216228,2.6261802873284075
2009-08-13,2.8278586249689095,2.6457202502612405
2009-08-14,2.816910539121487,2.635373173679072
2009-08-17,2.7948735149573882,2.614352252705224
2009-08-18,2.808023844594609,2.626532287900677
2009-08-19,2.8228273361094733,2.6401110686999076
2009-08-20,2.8351221655954424,2.651484763594734
2009-08-21,2.8466169462810518,2.6622313682418377
2009-08-24,2.8514773088425094,2.666768685550739
2009-08-25,2.8568322040694167,2.671769387670988
2009-08-26,2.8626702972820692,2.6772201867714345
2009-08-27,2.8631264304370734,2.6776181087439666
2009-08-28,2.8737375024521334,2.6875356452620456
2009-08-31,2.8722642537776464,2.6860515102871676
2009-09-01,2.8514154902178626,2.6665477856571846
2009-09-02,2.8689704224262407,2.682958114522733
2009-09-03,2.886633753092243,2.6994647748800498
2009-09-04,2.8943460010200335,2.7066723047505086
2009-09-08,2.9126836707805306,2.7237137855475897
2009-09-09,2.9152838497483677,2.7261370672380076
2009-09-10,2.944040402683307,2.753023378327491
2009-09-11,2.9568050424782273,2.7648524385326367
2009-09-14,2.950617176743295,2.759060562972457
2009-09-15,2.9644386874484074,2.771877064142209
2009-09-16,2.9934580796499386,2.799000163344327
2009-09-17,2.9971600241670897,2.802453621227882
2009-09-18,2.985171477718278,2.7912353354828725
2009-09-21,2.97864101191219,2.7850220327102755
2009-09-22,2.9991673206652103,2.8041091634299735
2009-09-23,2.987662125353977,2.793246599921765
2009-09-24,2.969708900095556,2.7764567329735965
2009-09-25,2.970925150994103,2.777577717447555
2009-09-28,2.992015014682262,2.797292660259792
2009-09-29,2.9866150524065476,2.792238447663418
2009-09-30,2.9949310317236146,2.8000027559930762
2009-10-01,2.9596987258656675,2.7670575922680998
2009-10-02,2.9488154900296895,2.7568625713635924
2009-10-05,2.978320732721372,2.7844392523221715
2009-10-06,2.9951709335247974,2.8000918760964777
2009-10-07,3.009635601715804,2.81351320758694
2009-10-08,3.0213261854602447,2.824336664298384
2009-10-09,3.007621471210315,2.8115132113898493
2009-10-12,3.018324181835688,2.8214916555593366
2009-10-13,3.023499769037043,2.8263103008374713
2009-10-14,3.046998387407887,2.847595796365026
2009-10-15,3.040160085527005,2.8411983720236207
2009-10-16,3.0320302853541765,2.833593383245821
2009-10-19,3.0536074083979328,2.8530767473002983
2009-10-20,3.0496653698619913,2.8493899562069207
2009-10-21,3.045952363230526,2.845913958083623
2009-10-22,3.0594346281369615,2.8582929122676837
2009-10-23,3.043968393038557,2.8438377397129675
2009-10-26,3.0167979178982853,2.8179639478773453
2009-10-27,3.0127439164137213,2.8136830933250514
2009-10-28,2.993969342154264,2.794858815575524
2009-10-29,3.034922821088578,2.831807641507813
2009-10-30,3.0357734601778983,2.8317934084085987
2009-11-02,3.0442906664491733,2.839730658918548
2009-11-03,3.061611092100206,2.8557141635909242
2009-11-04,3.071147173154859,2.864434184855306
2009-11-05,3.0913419641423503,2.8824461442856766
2009-11-06,3.0904333349517263,2.8815688632196124
2009-11-09,3.121810227476384,2.9103913112192665
2009-11-10,3.117132586282068,2.906019399271161
2009-11-11,3.130932586547932,2.9188776302628576
2009-11-12,3.12140860233359,2.909587553688134
2009-11-13,3.137303338106511,2.923993827387059
2009-11-16,3.1728956660013568,2.957158720554961
2009-11-17,3.174533427371728,2.958456909062418
2009-11-18,3.171877353652208,2.9557533070121087
2009-11-19,3.159060687750489,2.9438069104544367
2009-11-20,3.1539577356628032,2.939036934141747
2009-11-23,3.168543739057258,2.9526256329040206
2009-11-24,3.170999937164036,2.954678139690643
2009-11-25,3.1892004238314944,2.9716278194539627
2009-11-27,3.169563010356541,2.9529571620058523
2009-11-30,3.186274866046444,2.9681692186786988
2009-12-01,3.207270268203865,2.9874878081661356
2009-12-02,3.2111051056767357,2.9908149570224176
2009-12-03,3.2031226548532343,2.9830372954211968
2009-12-04,3.190122510188696,2.9709251641016348
2009-12-07,3.1820667476389763,2.963399451513868
2009-12-08,3.1772156584091578,2.958489376081107
2009-12-09,3.173658717561252,2.954785606233889
2009-12-10,3.1770079732865772,2.957512082024557
2009-12-11,3.1753643973772494,2.955974608082599
2009-12-14,3.1891341225063523,2.968622129286017
2009-12-15,3.180629260512282,2.9605337663336635
2009-12-16,3.1919170754132904,2.9708718305054376
2009-12-17,3.197287610262382,2.9753556823851435
2009-12-18,3.201888813687481,2.9794200850272214
2009-12-21,3.208619477647442,2.9843694057402215
2009-12-22,3.22308716475838,2.99681567109364
2009-12-23,3.231649863520169,3.0036550951107186
2009-12-24,3.245887260553927,3.0160366827426532
2009-12-28,3.246311727595431,3.0164120049600047
2009-12-29,3.2392828739839667,3.0098777936426377
2009-12-30,3.244455194923521,3.0144611430277104
2009-12-31,3.237490488235722,3.007977753736517
2010-01-04,3.27525525905062,3.042721656507265
2010-01-05,3.286253584811469,3.0521086267288458
2010-01-06,3.2953281029237216,3.0605331616901355
2010-01-07,3.300401908695882,3.0652409309171995
2010-01-08,3.307218975901892,3.0715670172890146
2010-01-11,3.3103538488565407,3.0744712133355625
2010-01-12,3.2991370960828394,3.0631402067747735
2010-01-13,3.309437376403226,3.0717935298718584
2010-01-14,3.3144391548333734,3.0764302720673613
2010-01-15,3.3048066623574277,3.066564852003916
2010-01-19,3.3282935791496215,3.08743694016682
2010-01-20,3.322081285606533,3.0806572229398244
2010-01-21,3.309169077272863,3.0683446919209674
2010-01-22,3.307617559073352,3.065810219627153
2010-01-25,3.3075918719645356,3.0652567489494755
2010-01-26,3.310212877436391,3.0676831178444095
2010-01-27,3.3113886555877583,3.068034258822132
2010-01-28,3.31077627372408,3.0667504841831286
2010-01-29,3.327453577114448,3.0810292589857626
2010-02-01,3.3203870027684403,3.0733112735955643
2010-02-02,3.3257179367212717,3.0772363165073697
2010-02-03,3.328080974054168,3.0788877545373388
2010-02-04,3.3418170679781447,3.091060013722995
2010-02-05,3.3469189139008266,3.0950051305120234
2010-02-08,3.351283098295893,3.099037810419175
2010-02-09,3.341210177366442,3.0892029396112264
2010-02-10,3.338159898865448,3.0863827006011566
2010-02-11,3.3337764590642673,3.0823260648662028
2010-02-12,3.337234366027276,3.085522965591546
2010-02-16,3.3546656737583582,3.101089296283264
2010-02-17,3.3573371707273436,3.1033426508592483
2010-02-18,3.367983003533337,3.112846666919345
2010-02-19,3.375741143414993,3.1194669255860017
2010-02-22,3.374471265733624,3.116999188345475
2010-02-23,3.3805137259509523,3.1202935354943184
2010-02-24,3.389815489143297,3.1285293648348227
2010-02-25,3.3899842025335523,3.1286789766377097
2010-02-26,3.4022389879729453,3.1394031803979474
2010-03-01,3.407900730607034,3.144424616700091
2010-03-02,3.4154607433526403,3.1513959515334045
2010-03-03,3.41856417119957,3.154162288833831
2010-03-04,3.423844372743168,3.1590304836012835
2010-03-05,3.4349510474782,3.1690419315148164
2010-03-08,3.4356885782503577,3.169476611285363
2010-03-09,3.438865170285174,3.172402053432299
2010-03-10,3.4414056296117783,3.1745916395335576
2010-03-11,3.4438190671857374,3.1767915156333424
2010-03-12,3.444633730225685,3.1772901884013125
2010-03-15,3.442400658753248,3.1752118774762796
2010-03-16,3.4631944188670127,3.1942572692478097
2010-03-17,3.4727088185225177,3.2030264057631546
2010-03-18,3.4702081893683077,3.200715264309885
2010-03-19,3.4591750102452963,3.190402968307988
2010-03-22,3.466739003476831,3.197374579488176
2010-03-23,3.4706472271967357,3.2009584043658035
2010-03-24,3.4571552083947292,3.1881713006266286
2010-03-25,3.4561687874138927,3.1862413321102117
2010-03-26,3.4626427889612987,3.191048859814036
2010-03-29,3.4769799558731083,3.203341499041123
2010-03-30,3.4786778452662226,3.2039505903313086
2010-03-31,3.477687150559262,3.202894690574339
2010-04-01,3.4912654260005773,3.2153942407782425
2010-04-05,3.5014088694197016,3.2238173967041206
2010-04-06,3.513351260274103,3.234794743164953
2010-04-07,3.512169562163219,3.2336944879428597
2010-04-08,3.512558965376059,3.2340488482007297
2010-04-09,3.52232497276934,3.243026935924239
2010-04-12,3.522266151685447,3.2419784277385717
2010-04-13,3.531462861114985,3.2504346086941687
2010-04-14,3.5447605160075546,3.262665314350524
2010-04-15,3.544532992490635,3.262450550723352
2010-04-16,3.5182937470392512,3.2380370122084248
2010-04-19,3.513651333029504,3.233374439717916
2010-04-20,3.53069199084126,3.248823074528919
2010-04-21,3.5405828195535096,3.2579122513535843
2010-04-22,3.5381047137967663,3.2556233323898582
2010-04-23,3.548414902470468,3.2651051011657577
2010-04-26,3.5469049561790924,3.2637062195425024
2010-04-27,3.5407449134154003,3.257784209784821
2010-04-28,3.54222218576882,3.259027309083968
2010-04-29,3.5633628744922707,3.2784734267185085
2010-04-30,3.567151109256108,3.2819391653954826
2010-05-03,3.577963911058392,3.2918729860517395
2010-05-04,3.5730678272190746,3.2871255661957215
2010-05-05,3.573708877897155,3.286990906045753
2010-05-06,3.5991371108391657,3.3095236997802933
2010-05-07,3.5893999499234046,3.3003585007331906
2010-05-10,3.596657154924235,3.3061318160354216
2010-05-11,3.6186561350366167,3.3263322243390956
2010-05-12,3.6246210853415977,3.331594521910472
2010-05-13,3.628984555576268,3.3353840958092387
2010-05-14,3.6386800556815824,3.344284729171168
2010-05-17,3.63273127933668,3.338800101401379
2010-05-18,3.652602008383393,3.356917119078816
2010-05-19,3.6369072518386334,3.3424855208171933
2010-05-20,3.636255542991845,3.3417402030453696
2010-05-21,3.6372166665570638,3.342615920651891
2010-05-24,3.647418176144483,3.351969079122742
2010-05-25,3.6495623027588118,3.353917627640785
2010-05-26,3.655475093805472,3.35921086577842
2010-05-27,3.6377939711032137,3.3421725976400736
2010-05-28,3.6453642831953696,3.3491068470560106
2010-06-01,3.6548357196055155,3.3577945563498903
2010-06-02,3.652242340689092,3.3546296240295552
2010-06-03,3.6461261539344667,3.348081899652087
2010-06-04,3.6747029624067427,3.373509603404494
2010-06-07,3.6990657171751815,3.395725147813923
2010-06-08,3.6935857238392216,3.3906863727767225
2010-06-09,3.6910911650564926,3.3882487597854003
2010-06-10,3.6665333016313446,3.365697969699924
2010-06-11,3.679400886562833,3.3774968090629156
2010-06-14,3.6740263736496983,3.3724294281624503
2010-06-15,3.6764793868804095,3.3745362716209035
2010-06-16,3.6790627872723696,3.376880335212834
2010-06-17,3.694977680880645,3.3911615193367313
2010-06-18,3.6988167711236257,3.394675984468629
2010-06-21,3.698459333754929,3.394227175656735
2010-06-22,3.7083420877240103,3.403062003861808
2010-06-23,3.7119273142605955,3.406227917531035
2010-06-24,3.7068661576629744,3.4011290918283414
2010-06-25,3.717107289288719,3.4101827015916775
2010-06-28,3.7239038126641804,3.4164088149117933
2010-06-29,3.732219650530806,3.4236951594917344
2010-06-30,3.739380497405942,3.430256295551724
2010-07-01,3.7425936997064886,3.432260502866969
2010-07-02,3.7340938954084284,3.42445703973251
2010-07-06,3.7511619685294564,3.440105105003459
2010-07-07,3.7603119649209424,3.448176820686565
2010-07-08,3.760004272038494,3.447879331765346
2010-07-09,3.755555204695625,3.4437957449912933
2010-07-12,3.7560236040995156,3.444220608054182
2010-07-13,3.765947726731482,3.453047265101711
2010-07-14,3.7775262470522724,3.4634664266814092
2010-07-15,3.7847042670657745,3.4700384092200887
2010-07-16,3.779446456138669,3.4648735595742575
2010-07-19,3.7819219988607644,3.466989325172829
2010-07-20,3.792591141597931,3.476769227850107
2010-07-21,3.8018435442478506,3.485248417817067
2010-07-22,3.8245096186295426,3.5057125341481896
2010-07-23,3.827866145387974,3.508780579365565
2010-07-26,3.8355177931759648,3.5157867952410244
2010-07-27,3.8256221422778536,3.5067128175524567
2010-07-28,3.826878116193891,3.507859898183766
2010-07-29,3.8317101872892896,3.5122864883944174
2010-07-30,3.844160886043204,3.523698214296437
2010-08-02,3.8646331815065165,3.542310981733021
2010-08-03,3.8685557046844448,3.5458756018806104
2010-08-04,3.862629422911259,3.5404344577142224
2010-08-05,3.8640752175339452,3.5417553531987576
2010-08-06,3.87263272096583,3.5495952897541287
2010-08-09,3.8772942618636077,3.5538615872843335
2010-08-10,3.871075151969378,3.548159496786052
2010-08-11,3.8454510521794516,3.5245182007523788
2010-08-12,3.8396652069168637,3.5188614004151875
2010-08-13,3.8524396398989182,3.5305625573499917
2010-08-16,3.8815618188503374,3.557100177620372
2010-08-17,3.8874613609601747,3.562337818466216
2010-08-18,3.888374291573883,3.563170899775025
2010-08-19,3.890664514015025,3.565100603549124
2010-08-20,3.888716643803741,3.563025942611802
2010-08-23,3.8905787204177167,3.564605612663077
2010-08-24,3.907980540469146,3.5803749379963796
2010-08-25,3.914949237503205,3.586631280452122
2010-08-26,3.9188280713727863,3.5901784008253665
2010-08-27,3.9041007622190578,3.576415766107672
2010-08-30,3.9253338798861925,3.595597329033265
2010-08-31,3.940360108454265,3.609330841213943
2010-09-01,3.94984850326562,3.6175751919578687
2010-09-02,3.953816495872157,3.621194149512867
2010-09-03,3.950300435847237,3.6179630182908054
2010-09-07,3.957992374856088,3.62499442257111
2010-09-08,3.95919574279765,3.6260845087341957
2010-09-09,3.942009827114681,3.610333256987837
2010-09-10,3.9435965063742797,3.6117676429567465
2010-09-13,3.9629740102640927,3.6295030769904386
2010-09-14,3.985122075182596,3.649775561183146
2010-09-15,3.9801359108852576,3.6451339002570515
2010-09-16,3.9768488481075503,3.641882911546933
2010-09-17,3.981006011097213,3.645647239136451
2010-09-20,3.9973853629129352,3.6604111206130057
2010-09-21,4.014576886282809,3.676146836056076
2010-09-22,4.013385812140781,3.675039292637613
2010-09-23,4.006694296851309,3.668902145910129
2010-09-24,4.018400023535498,3.679617217656949
2010-09-27,4.0284080838777,3.688773976118246
2010-09-28,4.044570722517229,3.703551670655052
2010-09-29,4.043160241171435,3.702188537323016
2010-09-30,4.049940419514421,3.7082522498095067
2010-10-01,4.0586297681167505,3.716201830302904
2010-10-04,4.055081261627525,3.71295012093842
2010-10-05,4.086040313080367,3.7412801685428154
2010-10-06,4.10052869028688,3.754512208480287
2010-10-07,4.086266002418159,3.741445158384466
2010-10-08,4.1050545427845435,3.7586399742786623
2010-10-11,4.105713979667258,3.759233141200532
2010-10-12,4.103230622044069,3.7567350506098474
2010-10-13,4.126504142149975,3.778013485773161
2010-10-14,4.11738995532113,3.769659101569455
2010-10-15,4.106879449555806,3.759324602437685
2010-10-18,4.126198743825364,3.776325670460614
2010-10-19,4.085099762848709,3.73868484530715
2010-10-20,4.113816430488993,3.7649336109229496
2010-10-21,4.095093593532831,3.747792691948387
2010-10-22,4.105649842916319,3.7574303672434293
2010-10-25,4.120491958926677,3.7710102765227522
2010-10-26,4.113909530879957,3.764978749915309
2010-10-27,4.08717188795893,3.7386754949088985
2010-10-28,4.101931775648027,3.7503713948791813
2010-10-29,4.114719250543103,3.762045346663988
2010-11-01,4.116344782611297,3.7635272536055453
2010-11-02,4.1393287300417745,3.784528593589079
2010-11-03,4.142223349124815,3.787166986067896
2010-11-04,4.205667231803287,3.8451691535359274
2010-11-05,4.206006930086961,3.8454378755035235
2010-11-08,4.2085429547311,3.847746891338965
2010-11-09,4.167471182279153,3.810167499490148
2010-11-10,4.18131589650006,3.821708881006622
2010-11-11,4.168729544991402,3.809274948755832
2010-11-12,4.096138731235081,3.7429129941259123
2010-11-15,4.079657129067383,3.7275380336588606
2010-11-16,4.050295608410469,3.6986045951884776
2010-11-17,4.05716481021693,3.703273206399198
2010-11-18,4.135935799413493,3.7743674062585115
2010-11-19,4.143045003905537,3.7805541220659835
2010-11-22,4.140944217802763,3.7778665794891126
2010-11-23,4.148758598639285,3.783182481780448
2010-11-24,4.188381542764544,3.8184045774949915
2010-11-26,4.163530919583389,3.7952238660081603
2010-11-29,4.195863977857059,3.824688703848343
2010-11-30,4.218129839740252,3.8449680385585085
2010-12-01,4.25948663090329,3.881167907032249
2010-12-02,4.284791059623257,3.9035971732296417
2010-12-03,4.303634740139882,3.9207488324977895
2010-12-06,4.3154881330136385,3.9315299333638802
2010-12-07,4.2997158932174875,3.917156774697725
2010-12-08,4.288138924868255,3.906292521752381
2010-12-09,4.293256080156032,3.9109319705718955
2010-12-10,4.297066774414908,3.9144005963092967
2010-12-13,4.31137932816573,3.926404663041813
2010-12-14,4.320091126409472,3.9333049557362867
2010-12-15,4.303711711542517,3.9170042394304696
2010-12-16,4.308217562472337,3.919976426491436
2010-12-17,4.316303742617852,3.927329541702402
2010-12-20,4.3305199255920614,3.940229447622638
2010-12-21,4.351487552405214,3.958659512965955
2010-12-22,4.361113275866366,3.967412102894267
2010-12-23,4.358392825972844,3.9649334573944763
2010-12-27,4.359622174191863,3.9660456892977933
2010-12-28,4.379687086020873,3.984297653821052
2010-12-29,4.390634049424622,3.9942366442401203
2010-12-30,4.381397955154845,3.9858304826140563
2010-12-31,4.406679027055051,4.008159655640864
2011-01-03,4.426482981138352,4.026159278977842
2011-01-04,4.402046522726288,4.003269423043147
2011-01-05,4.414594536189063,4.014270735868021
2011-01-06,4.399679138422863,4.00068887670545
2011-01-07,4.388108252176242,3.9901532948018716
2011-01-10,4.386708520251931,3.988086665248749
2011-01-11,4.405851745153377,4.005175226934718
2011-01-12,4.427546460684881,4.024174913750132
2011-01-13,4.426019228223487,4.021033935977771
2011-01-14,4.433717590368931,4.02695661415583
2011-01-18,4.441376702419091,4.03390875395851
2011-01-19,4.418209548140819,4.012862636430687
2011-01-20,4.402162377948635,3.9969067689740316
2011-01-21,4.416770466057249,4.009649990393913
2011-01-24,4.438630752348124,4.02897202462785
2011-01-25,4.449607103997625,4.037017034382548
2011-01-26,4.466841305962218,4.050731072438266
2011-01-27,4.477579225759933,4.0585508199102165
2011-01-28,4.463445619979774,4.045461907965235
2011-01-31,4.487489628338118,4.066497910297823
2011-02-01,4.526952338600616,4.100764266381278
2011-02-02,4.527718184677676,4.100981118448495
2011-02-03,4.537318914557299,4.10940297305892
2011-02-04,4.544000685768512,4.115090781965196
2011-02-07,4.565934674976166,4.13494965964589
2011-02-08,4.591567487334607,4.158161756795341
2011-02-09,4.576102747132667,4.144150381078442
2011-02-10,4.57632039646576,4.144334121207317
2011-02-11,4.589336874371349,4.156116984994397
2011-02-14,4.603253547358277,4.168687548026995
2011-02-15,4.601758984392565,4.165922511479438
2011-02-16,4.612085452142583,4.175266628013095
2011-02-17,4.632166247633948,4.193440652410397
2011-02-18,4.649021590104209,4.208697212967629
2011-02-22,4.643058988065566,4.202025232609724
2011-02-23,4.650338136964891,4.208579082146403
2011-02-24,4.638604019032895,4.197682910077262
2011-02-25,4.675220540954034,4.230811036746482
2011-02-28,4.697583160391446,4.25103695309215
2011-03-01,4.690584474468719,4.244671777939932
2011-03-02,4.688954845512538,4.24291796174054
2011-03-03,4.69862019462196,4.251425509385491
2011-03-04,4.708390283891605,4.260254470633451
2011-03-07,4.701527232555623,4.253806850604231
2011-03-08,4.710155673413025,4.261376288250544
2011-03-09,4.7137182458637,4.264594935869254
2011-03-10,4.705680241598535,4.2564077332515815
2011-03-11,4.710110444127382,4.260007209868437
2011-03-14,4.707425799146141,4.257171013132374
2011-03-15,4.684681082811263,4.235451467875233
2011-03-16,4.703699132941995,4.252629282136081
2011-03-17,4.709351067066942,4.257713574196543
2011-03-18,4.727762659685795,4.2732265349150165
2011-03-21,4.737085965443563,4.2816503416889535
2011-03-22,4.743453397477953,4.287382212322214
2011-03-23,4.753941042933426,4.296528809036219
2011-03-24,4.75203328444625,4.294195435828513
2011-03-25,4.754565418198004,4.296186807785318
2011-03-28,4.74636947451322,4.288751681330456
2011-03-29,4.746513540123541,4.288844576036647
2011-03-30,4.769439523788169,4.3093398993941365
2011-03-31,4.775335630843491,4.314630567947347
2011-04-01,4.790244124237971,4.328097715154084
2011-04-04,4.80631835226352,4.342608260839827
2011-04-05,4.809060246977677,4.345027965854248
2011-04-06,4.818884935133682,4.352666310344795
2011-04-07,4.817513767092782,4.350404425624591
2011-04-08,4.831257194705952,4.361792438379598
2011-04-11,4.809477064738812,4.342123631137405
2011-04-12,4.79830820749986,4.33080949366375
2011-04-13,4.814816304211021,4.345446320928522
2011-04-14,4.826611058989858,4.355823688546685
2011-04-15,4.852026682040705,4.3787393521992
2011-04-18,4.843799253516475,4.370718489848221
2011-04-19,4.862310841493892,4.387399713525383
2011-04-20,4.892788087674153,4.414329080573102
2011-04-21,4.910152151423699,4.429977750465222
2011-04-25,4.912576716862799,4.432153939925649
2011-04-26,4.928239201908862,4.446260047059623
2011-04-27,4.948727710135395,4.464727261402669
2011-04-28,4.963302779886309,4.477861258890006
2011-04-29,4.974010561716633,4.487490014890811
2011-05-02,4.961655072391556,4.476338285121377
2011-05-03,4.942249483600709,4.458815217924231
2011-05-04,4.9228910093066265,4.44134071135247
2011-05-05,4.909340349517482,4.428667830328856
2011-05-06,4.918587685609601,4.436796844218326
2011-05-09,4.931336394768856,4.4482464826871855
2011-05-10,4.938490628568891,4.45465420611426
2011-05-11,4.927842980256196,4.4448440013521235
2011-05-12,4.925273161400827,4.442508029692485
2011-05-13,4.9257102180256735,4.442405346949034
2011-05-16,4.930618190148037,4.446816988465394
2011-05-17,4.9365081650919445,4.452095721389746
2011-05-18,4.9372916326754135,4.452603844276076
2011-05-19,4.941087079550431,4.45554573344973
2011-05-20,4.942558441777683,4.456370343682342
2011-05-23,4.941952813828461,4.455511033475119
2011-05-24,4.944552890784484,4.457843271493424
2011-05-25,4.941382980883905,4.454970529970979
2011-05-26,4.952818833254731,4.464974465747417
2011-05-27,4.964718628571807,4.475197249008219
2011-05-31,4.984616130255557,4.492732822685973
2011-06-01,4.98847212937461,4.49548656594204
2011-06-02,4.9590793513959355,4.468986994131342
2011-06-03,4.971966849665471,4.4796819579024705
2011-06-06,4.966232221040858,4.474138050410677
2011-06-07,4.982012357586295,4.487989633090101
2011-06-08,4.985702926277196,4.491290471404695
2011-06-09,4.9785782913893035,4.484504824596941
2011-06-10,4.97619555251454,4.482355808151144
2011-06-13,4.966446799087004,4.473562472805705
2011-06-14,4.9502109246972665,4.458931971926454
2011-06-15,4.984682045680402,4.4892792662706285
2011-06-16,4.984945109940085,4.4894724860987365
2011-06-17,4.983262499183485,4.487953984355716
2011-06-20,4.981689817812222,4.486521685881809
2011-06-21,4.9864766297298555,4.490175055922012
2011-06-22,4.989387270838261,4.492186236373969
2011-06-23,4.998863673401088,4.500429501689704
2011-06-24,5.000107503618721,4.501143234445052
2011-06-27,4.980657091419399,4.4836281276911585
2011-06-28,4.96109382832306,4.464248088991781
2011-06-29,4.955929827487785,4.458439821882442
2011-06-30,4.99649062615818,4.491117247467206
2011-07-01,5.049305286999964,4.5385690120402025
2011-07-05,5.062036770400345,4.547295771617974
2011-07-06,5.070917661514263,4.554477202195042
2011-07-07,5.08077396903608,4.563317725777634
2011-07-08,5.0931829147030125,4.574154147366491
2011-07-11,5.098938805222642,4.5789492715573274
2011-07-12,5.107422176799129,4.585646416740858
2011-07-13,5.119960616650752,4.595938650829969
2011-07-14,5.10171641077473,4.579258160119182
2011-07-15,5.116691918391809,4.59219401347432
2011-07-18,5.1144456706069,4.589461816868836
2011-07-19,5.140562617011898,4.611999474612635
2011-07-20,5.140353245958293,4.611795476343836
2011-07-21,5.152481531026924,4.622322853443996
2011-07-22,5.170438000723152,4.638108261294748
2011-07-25,5.152590560129246,4.6217737730384005
2011-07-26,5.166974895920396,4.63465801511665
2011-07-27,5.134153214755086,4.6045168879338485
2011-07-28,5.142464505998835,4.611590077837593
2011-07-29,5.175840237520646,4.641516040612596
2011-08-01,5.18660694162229,4.650877944719453
2011-08-02,5.247107994072008,4.704085268031465
2011-08-03,5.252881414978966,4.7092265051961295
2011-08-04,5.290448177309144,4.742205847931513
2011-08-05,5.242377137364435,4.698412059315947
2011-08-08,5.269720918265634,4.722882756313986
2011-08-09,5.305888542499119,4.755140699841635
2011-08-10,5.38769810672209,4.8283037338521675
2011-08-11,5.280211421516191,4.731937536123409
2011-08-12,5.317363590467695,4.765159221710013
2011-08-15,5.328508602174211,4.775118201002683
2011-08-16,5.3583275885157216,4.801832159121827
2011-08-17,5.379611803805797,4.820901245288646
2011-08-18,5.411006148067893,4.8490282975587515
2011-08-19,5.433761729388301,4.86941130324043
2011-08-22,5.445721137625034,4.880119676149289
2011-08-23,5.380273938875175,4.821456802289143
2011-08-24,5.297103064665165,4.745581008833247
2011-08-25,5.3242394679218075,4.769870946891448
2011-08-26,5.363933086965905,4.8054296793333355
2011-08-29,5.342727286670921,4.785115875238571
2011-08-30,5.388192793771092,4.825826440550027
2011-08-31,5.3776271912513955,4.8163530405170825
2011-09-01,5.399489815537595,4.8359297773311845
2011-09-02,5.460371281294426,4.890451093121207
2011-09-06,5.488250973535044,4.914477177227106
2011-09-07,5.4541320326651235,4.88389835147465
2011-09-08,5.483376269995826,4.910073017210262
2011-09-09,5.498476632478095,4.9235790398931005
2011-09-12,5.47067207654005,4.898666620762126
2011-09-13,5.470221935560976,4.898254628756362
2011-09-14,5.466081276313422,4.894510163760268
2011-09-15,5.43448128329094,4.86602223643607
2011-09-16,5.4520996079436905,4.881599039986515
2011-09-19,5.471000996637714,4.898323371890654
2011-09-20,5.4845947991157376,4.910484550235369
2011-09-21,5.508496218340976,4.9318817314291685
2011-09-22,5.548798721255723,4.967541497474369
2011-09-23,5.515308415136929,4.937540562846963
2011-09-26,5.498479131539113,4.922456911109616
2011-09-27,5.476481039968121,4.902760323196571
2011-09-28,5.479366382646837,4.904080379576605
2011-09-29,5.478923287140889,4.903677864473275
2011-09-30,5.519133975402283,4.938409361081651
2011-10-03,5.5553231897642545,4.970782747952313
2011-10-04,5.530648226228,4.9474246310992225
2011-10-05,5.510021901480211,4.928967339289798
2011-10-06,5.4828932883854185,4.904681921543924
2011-10-07,5.4824089735992825,4.901353042082548
2011-10-10,5.510701595649677,4.924347673716018
2011-10-11,5.504624077244988,4.9172257452405805
2011-10-12,5.52342889523287,4.932365689580647
2011-10-13,5.524287318599616,4.933109956776633
2011-10-14,5.556417026729002,4.960955998119537
2011-10-17,5.54440991473051,4.94982861329798
2011-10-18,5.581296111150104,4.981059459422021
2011-10-19,5.563076067245925,4.964504557061251
2011-10-20,5.570723234476431,4.971323995695236
2011-10-21,5.63977010809626,5.031237417746643
2011-10-24,5.7437581297243305,5.123612247206959
2011-10-25,5.7434927779284575,5.121138887644893
2011-10-26,5.74744651678962,5.1227840916222025
2011-10-27,5.868926761420823,5.2305019120640734
2011-10-28,5.8668934039462854,5.228668610161783
2011-10-31,5.852828517787665,5.213878423285907
2011-11-01,5.846883664335809,5.207801496824732
2011-11-02,5.87262278130568,5.230433843702981
2011-11-03,5.898575683900744,5.252810144906643
2011-11-04,5.890882355244645,5.24594409790218
2011-11-07,5.907000962380123,5.260291748502434
2011-11-08,5.905701196826191,5.259127751433372
2011-11-09,5.878532370717308,5.2341610526402675
2011-11-10,5.869904756799299,5.226444409322858
2011-11-11,5.904606724119525,5.256596524028192
2011-11-14,5.896653789221193,5.248797293748121
2011-11-15,5.905297421218426,5.25634638022222
2011-11-16,5.892073708801566,5.2442467239659845
2011-11-17,5.871126381816955,5.2241324375487235
2011-11-18,5.866525729799562,5.219657486063022
2011-11-21,5.869412727441124,5.220722233796391
2011-11-22,5.880259927083536,5.23036996375776
2011-11-23,5.8984937362743235,5.246587145258539
2011-11-25,5.89429517631188,5.24283651159948
2011-11-28,5.906470957779593,5.25318502623974
2011-11-29,5.906577928041066,5.253271725046777
2011-11-30,6.003121649243651,5.336420737693672
2011-12-01,5.992331371313775,5.326307504191996
2011-12-02,6.012421709020576,5.341807809951322
2011-12-05,6.029790164957058,5.356282178792252
2011-12-06,6.028758259043827,5.354406097637475
2011-12-07,6.044116186847342,5.367093597315217
2011-12-08,6.0229753789064535,5.347962959099085
2011-12-09,6.053885858813073,5.374094417732171
2011-12-12,6.052284079025782,5.37183827649883
2011-12-13,6.07559418187819,5.392264278309437
2011-12-14,6.078668245502597,5.393624941960355
2011-12-15,6.0784342470930985,5.393158856538774
2011-12-16,6.101731150346285,5.413802229454965
2011-12-19,6.114175806224792,5.424803875002404
2011-12-20,6.127237427737026,5.4359019198083045
2011-12-21,6.116626040281985,5.426441591224349
2011-12-22,6.1376470126118905,5.4450671968397675
2011-12-23,6.135036875877238,5.442745294452459
2011-12-27,6.151095871754132,5.456988917266673
2011-12-28,6.157170684648113,5.462350821745617
2011-12-29,6.17028518500474,5.4739779996334015
2011-12-30,6.1680647855055835,5.472001088991287
2012-01-03,6.181956633509428,5.483956072031031
2012-01-04,6.1741381444392145,5.476957126646312
2012-01-05,6.173227120338853,5.475708673525816
2012-01-06,6.1829579339631575,5.4840456660648425
2012-01-09,6.175363693939575,5.477301390536957
2012-01-10,6.1928979327429206,5.492493762289999
2012-01-11,6.205963120257172,5.50407669389332
2012-01-12,6.196696642424269,5.495853758131438
2012-01-13,6.21025906575126,5.507868063359254
2012-01-17,6.227782606097697,5.523394543389998
2012-01-18,6.226964113494376,5.522655863700018
2012-01-19,6.225772468001037,5.52131347839825
2012-01-20,6.228532201235668,5.523541043716702
2012-01-23,6.2370695063222374,5.530414360244253
2012-01-24,6.24542586628598,5.537284855136292
2012-01-25,6.287642122188414,5.574173189395588
2012-01-26,6.306837945995874,5.5911775933259005
2012-01-27,6.318078523767736,5.601120538370935
2012-01-30,6.312725090176219,5.596058515677322
2012-01-31,6.332267793186326,5.613376695410467
2012-02-01,6.3476407393556755,5.626980987562769
2012-02-02,6.3596944870726615,5.637635569529105
2012-02-03,6.363143332962465,5.640359623871371
2012-02-06,6.36348645499598,5.640652243107047
2012-02-07,6.370955283313457,5.647266426930419
2012-02-08,6.370843734531743,5.64715051160063
2012-02-09,6.361819932324972,5.6389077847793985
2012-02-10,6.338853553808656,5.618307519432756
2012-02-13,6.365106698499171,5.641327029009865
2012-02-14,6.360283687266121,5.637025689572438
2012-02-15,6.3574564243930025,5.63450121402324
2012-02-16,6.37061289749997,5.646150726084489
2012-02-17,6.367979781721636,5.6438039148543755
2012-02-21,6.379414874967967,5.65390334876842
2012-02-22,6.397356198815211,5.669793983826271
2012-02-23,6.421323901251098,5.691009491171347
2012-02-24,6.432333201243527,5.70076475161024
2012-02-27,6.438023106824728,5.705500234492314
2012-02-28,6.4555606275931146,5.720734775589596
2012-02-29,6.418665992886173,5.688029730204396
2012-03-01,6.4356439226305175,5.703045165826611
2012-03-02,6.423586870116086,5.6923502349481385
2012-03-05,6.406611138040249,5.6772871618055785
2012-03-06,6.371274552345441,5.645334610385718
2012-03-07,6.386514641565368,5.658203188586658
2012-03-08,6.405130645403291,5.6744045383145
2012-03-09,6.418493434808424,5.685638982736154
2012-03-12,6.409244165464933,5.677410818902193
2012-03-13,6.447851794556265,5.709328457464998
2012-03-14,6.431362257311296,5.69282468404017
2012-03-15,6.43069624741275,5.69221837710833
2012-03-16,6.451011149093813,5.708664848020527
2012-03-19,6.476691428342176,5.731381512160927
2012-03-20,6.431288432656694,5.691199650773386
2012-03-21,6.422487426540336,5.6834012779719805
2012-03-22,6.386131588948126,5.6506292765765105
2012-03-23,6.410624288435868,5.672293611582782
2012-03-26,6.47404660149741,5.727819752641748
2012-03-27,6.484916168370232,5.735473153866798
2012-03-28,6.459293481824242,5.712420285155661
2012-03-29,6.4670619028774095,5.716728859910678
2012-03-30,6.4732965431762866,5.719676599820455
2012-04-02,6.514406975317415,5.755149167859434
2012-04-03,6.482974854242831,5.724571054415321
2012-04-04,6.466076208745919,5.706403438851926
2012-04-05,6.469839390151812,5.709707853278776
2012-04-09,6.487494135587488,5.721317378458778
2012-04-10,6.494548235370373,5.726676067446677
2012-04-11,6.491407723253168,5.72245368925343
2012-04-12,6.5119432484070785,5.737957792926922
2012-04-13,6.542788748092837,5.763626682926166
2012-04-16,6.5455561510219,5.7660361112104725
2012-04-17,6.564992227260877,5.781661351579354
2012-04-18,6.5637467980465285,5.78054640412597
2012-04-19,6.557630321705129,5.775144925399439
2012-04-20,6.566402379735919,5.782841157905166
2012-04-23,6.564707663566925,5.780842459511784
2012-04-24,6.565643619816539,5.781652677623494
2012-04-25,6.589185927424154,5.801863075993672
2012-04-26,6.604141381738378,5.815009982893606
2012-04-27,6.610309221973972,5.820431289808927
2012-04-30,6.607448633080538,5.81789539334376
2012-05-01,6.615065761772773,5.824314080465622
2012-05-02,6.627176799556741,5.834688833905716
2012-05-03,6.623304109770434,5.8312629615127545
2012-05-04,6.62418387531617,5.831489905168271
2012-05-07,6.633897112288698,5.839246893969087
2012-05-08,6.6422202842121045,5.846567394991458
2012-05-09,6.639103057914911,5.843802246542557
2012-05-10,6.632677286541337,5.838131671245243
2012-05-11,6.647516402044398,5.851188670032012
2012-05-14,6.6491627629451004,5.852621102675132
2012-05-15,6.653530328783703,5.855491571677833
2012-05-16,6.651388179904755,5.853588910575388
2012-05-17,6.6490674634352445,5.851031713804615
2012-05-18,6.6366750237082295,5.840080734536912
2012-05-21,6.633020283021019,5.836855859056732
2012-05-22,6.631199537558435,5.83373566110114
2012-05-23,6.647269205247722,5.84636243984201
2012-05-24,6.647725770501185,5.846755356790414
2012-05-25,6.66058789641077,5.858060942069734
2012-05-29,6.658568237051927,5.856261642374679
2012-05-30,6.694910086703896,5.888215622978242
2012-05-31,6.723560421632018,5.913389514012968
2012-06-01,6.751595970354377,5.93801882663104
2012-06-04,6.721054905825351,5.9111446337310065
2012-06-05,6.707964513771409,5.899605772856464
2012-06-06,6.671744109922789,5.867714872200297
2012-06-07,6.682626814707018,5.877270190996327
2012-06-08,6.697744078455261,5.89013385065528
2012-06-11,6.70449366516347,5.895636883628292
2012-06-12,6.687346762300653,5.880555551162275
2012-06-13,6.70400226733735,5.894813866754312
2012-06-14,6.704161697062426,5.8941532155879806
2012-06-15,6.7173227177590915,5.905381370152438
2012-06-18,6.726642665303237,5.913557519744674
2012-06-19,6.720443147313232,5.907704324035409
2012-06-20,6.723083430846729,5.909719652510855
2012-06-21,6.735515297649827,5.919886023648545
2012-06-22,6.727979477373212,5.913232804814841
2012-06-25,6.7494022476132995,5.93205027594964
2012-06-26,6.742798828479335,5.926225287866484
2012-06-27,6.756039527658541,5.937855137708281
2012-06-28,6.768192988580587,5.948164123897113
2012-06-29,6.798459330991138,5.9738741271105456
2012-07-02,6.823343281616514,5.995667002163185
2012-07-03,6.839101278816522,6.009232799643812
2012-07-05,6.845802106993137,6.015114642935694
2012-07-06,6.848034586909388,6.0167971718885855
2012-07-09,6.8527572802372685,6.0209412922274375
2012-07-10,6.843921306161674,6.0129410705716815
2012-07-11,6.851191801201227,6.019314348125405
2012-07-12,6.861054353852539,6.027968979236166
2012-07-13,6.880713285489626,6.045005540494529
2012-07-16,6.8839817144381685,6.047694168835355
2012-07-17,6.895108301002041,6.0574616825744
2012-07-18,6.913191292187515,6.0733326688036815
2012-07-19,6.922535037681551,6.081521703422758
2012-07-20,6.915025220425864,6.074918858564407
2012-07-23,6.900385192587686,6.061559938452915
2012-07-24,6.9036278020887325,6.064300925041608
2012-07-25,6.907562837209922,6.067431227809911
2012-07-26,6.941441394442977,6.096464623130811
2012-07-27,6.9519168135930585,6.10561447304505
2012-07-30,6.96386425891412,6.115262928818718
2012-07-31,6.956737612716207,6.108350874364533
2012-08-01,6.958519332566239,6.109243975315891
2012-08-02,6.948740791501413,6.100354973894423
2012-08-03,6.98298039276865,6.129710750770086
2012-08-06,6.997171546482176,6.142122233034134
2012-08-07,6.986616057402068,6.1324977219754695
2012-08-08,6.978050114499712,6.124961422886059
2012-08-09,6.979486958810318,6.126218689180909
2012-08-10,6.989520433347388,6.135019723920114
2012-08-13,6.977867830778363,6.124556813907901
2012-08-14,6.96788687396555,6.115424309934883
2012-08-15,6.957647641204054,6.104039655996061
2012-08-16,6.987978947573767,6.130640931003817
2012-08-17,6.992525772658348,6.134604893358107
2012-08-20,7.010136364456428,6.15004682859279
2012-08-21,7.0321819753875685,6.169364602133077
2012-08-22,7.061259752922392,6.1925992709989846
2012-08-23,7.062313463703323,6.193472758588264
2012-08-24,7.070171436760282,6.200355979269219
2012-08-27,7.071285823329956,6.201329913092342
2012-08-28,7.0781562465066745,6.207352475566414
2012-08-29,7.065104496449846,6.195902746209506
2012-08-30,7.054020915976461,6.185934739037448
2012-08-31,7.110746061199758,6.235075393768397
2012-09-04,7.110718268417185,6.234815683830874
2012-09-05,7.106536560531649,6.231139991879181
2012-09-06,7.129179688750904,6.250604158048968
2012-09-07,7.16848548100626,6.285050028439896
2012-09-10,7.149696748521381,6.268559295271884
2012-09-11,7.167145381913386,6.28385170200835
2012-09-12,7.172555139725286,6.286335490871629
2012-09-13,7.238682868664981,6.342052301412936
2012-09-14,7.247461582588814,6.347483397418868
2012-09-17,7.218558543005759,6.322132682737578
2012-09-18,7.229002348480943,6.331269457929887
2012-09-19,7.233472028827832,6.332901888370787
2012-09-20,7.220995011530401,6.321584774539617
2012-09-21,7.228147113127957,6.327835009638121
2012-09-24,7.222372469379154,6.322767357910211
2012-09-25,7.204978876227055,6.307518688125655
2012-09-26,7.197864293962729,6.301235501752721
2012-09-27,7.234160439927049,6.332994290633593
2012-09-28,7.222896390920859,6.323121117519405
2012-10-01,7.2344874139845405,6.333245653213529
2012-10-02,7.240229225139832,6.3382694130396136
2012-10-03,7.242134089908812,6.339933973113624
2012-10-04,7.259705268367246,6.355313502343174
2012-10-05,7.244710520004814,6.342158896664488
2012-10-08,7.238777768318952,6.336944791492288
2012-10-09,7.217798346631792,6.3185439423628305
2012-10-10,7.216652352437793,6.317496491170817
2012-10-11,7.239120533412154,6.336768929532959
2012-10-12,7.23569139318525,6.333756301548736
2012-10-15,7.243069982413887,6.340189148170333
2012-10-16,7.261506661253767,6.355924430849458
2012-10-17,7.262607273868995,6.356874270405282
2012-10-18,7.255637265283027,6.350283249812829
2012-10-19,7.231357000805814,6.3283194805594665
2012-10-22,7.23182562106323,6.328699610737821
2012-10-23,7.219986132142987,6.317419565825092
2012-10-24,7.211975611924388,6.3103941485112145
2012-10-25,7.217983024982705,6.312892831393071
2012-10-26,7.229104013507095,6.319871638164218
2012-10-31,7.2425407179240375,6.331152265056787
2012-11-01,7.241343024299841,6.329638363888196
2012-11-02,7.239558866795712,6.327199031433526
2012-11-05,7.246062082951826,6.332846907469382
2012-11-06,7.237559386694252,6.325413016176055
2012-11-07,7.254693398057144,6.339010718486788
2012-11-08,7.266168324494916,6.348663992284038
2012-11-09,7.263192069367269,6.346012061773023
2012-11-12,7.264234444632977,6.346914033648286
2012-11-13,7.274276427089006,6.355685255255972
2012-11-14,7.279135131089215,6.359873636046222
2012-11-15,7.270845115702196,6.352613207628711
2012-11-16,7.274660505349779,6.355936277138105
2012-11-19,7.273326277921137,6.354766781039346
2012-11-20,7.254335746488711,6.338168007278155
2012-11-21,7.252626266711959,6.336364650417267
2012-11-23,7.272357515665592,6.351763128017833
2012-11-26,7.276925332732169,6.355721895454569
2012-11-27,7.284758752789264,6.361853805551175
2012-11-28,7.284749598591152,6.361538998252568
2012-11-29,7.301926294838068,6.376535798683669
2012-11-30,7.293943362257463,6.3687016808153585
2012-12-03,7.30456795116925,6.377954360761912
2012-12-04,7.313673908228113,6.385321281149135
2012-12-05,7.326998650405389,6.39637007865662
2012-12-06,7.343542596242068,6.409448557845182
2012-12-07,7.339640140698564,6.405641237673721
2012-12-10,7.345347988194172,6.4104328582510535
2012-12-11,7.352955687414881,6.415041242435315
2012-12-12,7.371007001791119,6.427659821770522
2012-12-13,7.33525129931066,6.395973784996922
2012-12-14,7.345245692647636,6.401630946952409
2012-12-17,7.38471889025331,6.432973023016534
2012-12-18,7.4330814380268,6.475079862746581
2012-12-19,7.43170246378119,6.473374684338078
2012-12-20,7.47793682755907,6.513639224696702
2012-12-21,7.43484124291031,6.476079382632532
2012-12-24,7.418344830572806,6.461205512546681
2012-12-26,7.43197680764505,6.472572072912891
2012-12-27,7.446868079790799,6.48200324283472
2012-12-28,7.445437253596071,6.480298466505561
2012-12-31,7.524190974410192,6.544864507603046
2013-01-02,7.606045359007722,6.614005011233465
2013-01-03,7.600424966997828,6.607035957360904
2013-01-04,7.617199933838621,6.621595222326075
2013-01-07,7.608532582016281,6.612360747729695
2013-01-08,7.595472275836089,6.599314895484038
2013-01-09,7.616065889625253,6.61720494255227
2013-01-10,7.657117007551903,6.651175795950471
2013-01-11,7.653252314419393,6.647810633347812
2013-01-14,7.662191562236335,6.6555601019079145
2013-01-15,7.659272595844062,6.653018616749697
2013-01-16,7.652677717288921,6.647286391502404
2013-01-17,7.6941473813454255,6.683303268803655
2013-01-18,7.709015616174057,6.6961775955291705
2013-01-22,7.7316532193026966,6.7153341926272585
2013-01-23,7.719158393886237,6.704469763331537
2013-01-24,7.731977051604926,6.715098168426122
2013-01-25,7.753822735563679,6.734068024697674
2013-01-28,7.744980966963372,6.7263603335881355
2013-01-29,7.773973204174053,6.7515334465771994
2013-01-30,7.75212771905927,6.732047220737856
2013-01-31,7.7278972667167505,6.710492790002121
2013-02-01,7.772487202318948,6.749186967394705
2013-02-04,7.702938351008091,6.688765284805778
2013-02-05,7.726989661747811,6.7096277981564585
2013-02-06,7.728855737126171,6.710732105032421
2013-02-07,7.7202802284567404,6.6999608237649735
2013-02-08,7.754762920349107,6.729010371334879
2013-02-11,7.765083690609354,6.737946383968237
2013-02-12,7.78467538631029,6.753224444299809
2013-02-13,7.793125677277762,6.760546350221245
2013-02-14,7.790456683263214,6.7582252598972214
2013-02-15,7.779527905309426,6.748720619487503
2013-02-19,7.810561099024581,6.7756039639036985
2013-02-20,7.784687391370378,6.752498481371288
2013-02-21,7.767941343726423,6.737476579669751
2013-02-22,7.809259030822828,6.77329411396504
2013-02-25,7.818394165630434,6.777308273031992
2013-02-26,7.830316801767369,6.787242797826774
2013-02-27,7.842986087072168,6.797859821524684
2013-02-28,7.849528464100075,6.803508970907563
2013-03-01,7.864102766085144,6.815758881055695
2013-03-04,7.866496087661213,6.817795526369347
2013-03-05,7.875342956830785,6.825081965986427
2013-03-06,7.876735192839069,6.8249377464322185
2013-03-07,7.868742206600887,6.815277611115685
2013-03-08,7.901697889510952,6.843089704948187
2013-03-11,7.9025123667629655,6.843060586560403
2013-03-12,7.8891586883403555,6.831491426344371
2013-03-13,7.899943218151212,6.840817002450891
2013-03-14,7.922452817656895,6.86029750375136
2013-03-15,7.9154975369554,6.8542575218236275
2013-03-18,7.918024597942243,6.852862496290184
2013-03-19,7.923369357041218,6.857093590069239
2013-03-20,7.931599649701098,6.862514402349362
2013-03-21,7.921592726105426,6.852472204767686
2013-03-22,7.926232763511794,6.8560846320004245
2013-03-25,7.9283148481213965,6.857525099903368
2013-03-26,7.950339256742431,6.875960639858848
2013-03-27,7.96585986818555,6.889370908732467
2013-03-28,7.9694604428561435,6.892421356593574
2013-04-01,7.971050091187232,6.893451873731147
2013-04-02,7.97560114655886,6.897050137405252
2013-04-03,7.9794507255882685,6.899765353473397
2013-04-04,8.012828509292437,6.928275017317665
2013-04-05,8.032000830112326,6.944815572784836
2013-04-08,8.03967394773633,6.951378637383732
2013-04-09,8.044197288945332,6.955276435860903
2013-04-10,8.050743017295444,6.960920233036018
2013-04-11,8.058781559664338,6.967855687376855
2013-04-12,8.078265648114037,6.984687351110806
2013-04-15,8.045290833857177,6.956130144016655
2013-04-16,8.07443016916752,6.980476968479931
2013-04-17,8.075308092491149,6.980333500552119
2013-04-18,8.070780852662681,6.9763729671466725
2013-04-19,8.08900933854102,6.991773372280964
2013-04-22,8.09865474558577,7.000094496313035
2013-04-23,8.120285810456464,7.018784445841876
2013-04-24,8.128558541640247,7.025913581380199
2013-04-25,8.131875501459573,7.0284411773554565
2013-04-26,8.144434243527938,7.038162716220281
2013-04-29,8.169306831488399,7.059022749062379
2013-04-30,8.185355728933816,7.072619552233521
2013-05-01,8.180256705971054,7.0681822992923875
2013-05-02,8.211341938002835,7.0947816835216155
2013-05-03,8.19787803258222,7.0831175603713605
2013-05-06,8.198459995694323,7.083511237980563
2013-05-07,8.201255269740734,7.085905933149874
2013-05-08,8.22453489143927,7.1060104463744675
2013-05-09,8.209306352923516,7.0920898530376615
2013-05-10,8.196526566527009,7.078681992767645
2013-05-13,8.18306071529935,7.065306666257166
2013-05-14,8.205942915322822,7.084980450687413
2013-05-15,8.229748797972846,7.105509164358036
2013-05-16,8.238633717376592,7.109881120883732
2013-05-17,8.277389845438622,7.140026125729784
2013-05-20,8.281989704274256,7.14397675780139
2013-05-21,8.29512724284309,7.15361925151654
2013-05-22,8.229239864872161,7.095106638268899
2013-05-23,8.175238350384575,7.048471691700296
2013-05-24,8.155205143813339,7.030082075965763
2013-05-28,8.18683696603087,7.054738980925822
2013-05-29,8.124192474907716,6.99868214843821
2013-05-30,8.11352068925032,6.989458496741962
2013-05-31,8.084406370217888,6.962794023171581
2013-06-03,8.128919453080696,6.996726245089493
2013-06-04,8.089842894844955,6.963092256937211
2013-06-05,7.976580388213141,6.865604914700709
2013-06-06,8.053973197247222,6.929701286564457
2013-06-07,8.166307326913682,7.026349667615797
2013-06-10,8.15218876347556,7.014189388036773
2013-06-11,8.080533828098613,6.952534029105341
2013-06-12,8.059813972705195,6.934687256071929
2013-06-13,8.163277034216387,7.0237038205940046
2013-06-14,8.167636878743481,7.027436159367494
2013-06-17,8.208979675477124,7.062997376096067
2013-06-18,8.267244191382202,7.110755543489863
2013-06-19,8.179882546579675,7.033226145881988
2013-06-20,7.90941542362219,6.796276417331866
2013-06-21,7.90941542362219,6.7928782791232
2013-06-24,8.00700372219205,6.873294030663619
2013-06-25,8.030806299877076,6.893726407217093
2013-06-26,8.066502619101202,6.919232059021503
2013-06-27,8.096440160700658,6.94489235812636
2013-06-28,8.100738869875633,6.948571041001923
2013-07-01,8.117266621267827,6.962743208053875
2013-07-02,8.19005898190054,7.025172809163466
2013-07-03,8.203985607243986,7.037112264736745
2013-07-05,8.322777451398753,7.136921349012028
2013-07-08,8.319775477433792,7.134264194144794
2013-07-09,8.36999490654716,7.177314978850337
2013-07-10,8.37075307195401,7.177956875652574
2013-07-11,8.486386099521205,7.272358498266955
2013-07-12,8.495926537462765,7.27846320939901
2013-07-15,8.525135360584356,7.302651680650285
2013-07-16,8.50562292065935,7.284098921251864
2013-07-17,8.549616384726056,7.3217696931861544
2013-07-18,8.613375412887107,7.376354656220757
2013-07-19,8.615951289249677,7.378552164125894
2013-07-22,8.61846111338607,7.380699765473575
2013-07-23,8.629567885191216,7.38883557999163
2013-07-24,8.550625794099885,7.3198661883705665
2013-07-25,8.563789719697086,7.330284951135775
2013-07-26,8.549534453281133,7.317497592931586
2013-07-29,8.513181020539463,7.285600289663964
2013-07-30,8.501372591745524,7.273827102651966
2013-07-31,8.540918688330581,7.30765089634042
2013-08-01,8.604706993322003,7.361250699632042
2013-08-02,8.627911564444677,7.381081637897375
2013-08-05,8.59672442126183,7.354382894347526
2013-08-06,8.565297407699171,7.326506932268767
2013-08-07,8.515788495197196,7.281377257391662
2013-08-08,8.55957951321647,7.315451189059553
2013-08-09,8.585256316599544,7.33692601740614
2013-08-12,8.626106882069182,7.371207790764536
2013-08-13,8.643538850242345,7.386091518748276
2013-08-14,8.66644681620769,7.4035972742261045
2013-08-15,8.663822360696967,7.4013520167009705
2013-08-16,8.666292888018965,7.4034364766943135
2013-08-19,8.620802283893385,7.361411623575845
2013-08-20,8.573823230204347,7.321290868690156
2013-08-21,8.506128024386342,7.263443066687202
2013-08-22,8.578678325065079,7.323137101414214
2013-08-23,8.679248394399405,7.408973271183338
2013-08-26,8.671063216183265,7.401938300976339
2013-08-27,8.700893577612336,7.4250661678868655
2013-08-28,8.700772490079562,7.4249373565755015
2013-08-29,8.664946253176957,7.390801809239451
2013-08-30,8.623896242549597,7.355777701670354
2013-09-03,8.722288783994182,7.435200887435287
2013-09-04,8.702028126142368,7.414952904934937
2013-09-05,8.717407523464484,7.425460280912616
2013-09-06,8.840037624618258,7.527315205924226
2013-09-09,8.899408759795644,7.575849213634683
2013-09-10,8.893831950173082,7.569147411839131
2013-09-11,8.915601373355502,7.587646213478161
2013-09-12,8.865114160446984,7.5439184638883425
2013-09-13,8.904322359320476,7.5751266702872195
2013-09-16,8.915706838805951,7.582639112105149
2013-09-17,8.93492682374354,7.597923954454607
2013-09-18,9.108946818995195,7.741406246039946
2013-09-19,9.073753825432949,7.711446625805418
2013-09-20,9.0188846834323,7.663907315157387
2013-09-23,9.03269739315143,7.674818765471634
2013-09-24,9.04017852031763,7.68116923754941
2013-09-25,9.041302612675121,7.682120203624008
2013-09-26,9.044189990156047,7.684055794329775
2013-09-27,9.030226981351232,7.6716747924859545
2013-09-30,9.000951763792074,7.646797520888979
2013-10-01,9.03247339932474,7.67305694363253
2013-10-02,9.043567345615816,7.682470560487926
2013-10-03,9.027993272910534,7.668716750240028
2013-10-04,9.043348792738877,7.6817133283767545
2013-10-07,9.041566525549685,7.6792595445325045
2013-10-08,9.026197910327319,7.666200771122158
2013-10-09,9.022278009398264,7.662569588785913
2013-10-10,9.097887410484914,7.725399493617064
2013-10-11,9.121905484996399,7.745750598018361
2013-10-14,9.125084689471311,7.747742837889372
2013-10-15,9.103491065672767,7.729396380164354
2013-10-16,9.178364352224275,7.792252562888514
2013-10-17,9.240505431407946,7.844993886786849
2013-10-18,9.262973311651665,7.864045400771458
2013-10-21,9.24757635076573,7.850961375082966
2013-10-22,9.308636463016388,7.9025472854798835
2013-10-23,9.287194223731566,7.884325049318021
2013-10-24,9.295326180809614,7.890842448311258
2013-10-25,9.31345868813596,7.90599325309339
2013-10-28,9.309937315582848,7.902961191148069
2013-10-29,9.320328443662662,7.911686607780893
2013-10-30,9.290011162671618,7.8857143377249495
2013-10-31,9.27395497049922,7.871467592915943
2013-11-01,9.264379938008645,7.862252534850422
2013-11-04,9.282721283735103,7.876731219438571
2013-11-05,9.240250959720392,7.839539436484412
2013-11-06,9.265673250499951,7.859959314279718
2013-11-07,9.252191419422084,7.846796928438478
2013-11-08,9.246705202215178,7.841064809019163
2013-11-11,9.234196921863376,7.830413897868672
2013-11-12,9.22790831775191,7.8249698369208724
2013-11-13,9.251935587786994,7.845283336681958
2013-11-14,9.282240681882127,7.870969228456599
2013-11-15,9.302058594440934,7.8873696654488965
2013-11-18,9.311524418805462,7.894805686592433
2013-11-19,9.291314589428328,7.877079953609401
2013-11-20,9.274517099630994,7.862425211875851
2013-11-21,9.299025070612231,7.883181180249187
2013-11-22,9.30975376257348,7.892256449805536
2013-11-25,9.315906738297294,7.89745356051649
2013-11-26,9.316077248382646,7.897583642499297
2013-11-27,9.32298745267959,7.9034375334871765
2013-11-29,9.32895888933196,7.908089760523706
2013-12-02,9.31534522262328,7.894055233407253
2013-12-03,9.297678929689777,7.879057737140951
2013-12-04,9.28122060535236,7.864190175921533
2013-12-05,9.262574213162232,7.844182150492222
2013-12-06,9.314943367706602,7.884953748884875
2013-12-09,9.334226012989431,7.901252858023756
2013-12-10,9.351775137976091,7.914887999172864
2013-12-11,9.307963519733638,7.87691314885119
2013-12-12,9.28860489417167,7.860497170851981
2013-12-13,9.303881723180805,7.873418996384149
2013-12-16,9.322121095664798,7.8888417070506955
2013-12-17,9.326117788247936,7.8922180215499615
2013-12-18,9.366718021542997,7.925679848765088
2013-12-19,9.371213175440511,7.927459844591957
2013-12-20,9.395222648386005,7.946956818828101
2013-12-23,9.411148252630664,7.9586011022031915
2013-12-24,9.418251412999723,7.9627743587478115
2013-12-26,9.437665448422496,7.977353648885631
2013-12-27,9.445921383816142,7.984285637707734
2013-12-30,9.453603842394134,7.990695568373317
2013-12-31,9.460539789147798,7.995966164584293
2014-01-02,9.454218228636853,7.988721390244311
2014-01-03,9.46657899821132,7.999101875860672
2014-01-06,9.466963033672423,7.999411887649493
2014-01-07,9.484134508976899,8.013852775606917
2014-01-08,9.476920393400302,8.007740399316246
2014-01-09,9.484284613987251,8.013923499547605
2014-01-10,9.5397747814884,8.057420505399552
2014-01-13,9.532242304843498,8.050481322967196
2014-01-14,9.543337605565752,8.059275234009299
2014-01-15,9.561018768386008,8.072853376740984
2014-01-16,9.571717768946765,8.081685644232616
2014-01-17,9.579969091041171,8.08816304724132
2014-01-21,9.589301797890817,8.095552626444254
2014-01-22,9.588149705060681,8.094232472286809
2014-01-23,9.609386134825805,8.111034090314899
2014-01-24,9.595137535820653,8.097596010294708
2014-01-27,9.567304571081253,8.07365336726187
2014-01-28,9.606016581313717,8.105859172224768
2014-01-29,9.620658992473066,8.118134019083358
2014-01-30,9.634762026500105,8.128835220217415
2014-01-31,9.653838935258683,8.14490628310501
2014-02-03,9.662086602971533,8.151843116594623
2014-02-04,9.653309170842675,8.144418758743088
2014-02-05,9.639114678391065,8.132195022738333
2014-02-06,9.64685127696909,8.138703728616175
2014-02-07,9.690541097835867,8.174404872295817
2014-02-10,9.706749007532794,8.188052510096934
2014-02-11,9.724077441677004,8.201672660588411
2014-02-12,9.711918236237793,8.191395193330907
2014-02-13,9.750048394437135,8.223533227228074
2014-02-14,9.785179864796094,8.253154770220755
2014-02-18,9.820405187176918,8.282844680314632
2014-02-19,9.79204646080823,8.258911281137182
2014-02-20,9.807886044699345,8.272248948892338
2014-02-21,9.816028523481657,8.279068451256522
2014-02-24,9.836905187147122,8.296666853743945
2014-02-25,9.854332320097983,8.311348017900384
2014-02-26,9.861053116299813,8.316995164894225
2014-02-27,9.884309157008827,8.336299087376439
2014-02-28,9.89007475038038,8.340850339807586
2014-03-03,9.909619280191091,8.357324847848421
2014-03-04,9.904443380372074,8.35292319064347
2014-03-05,9.892723322293552,8.342739732735652
2014-03-06,9.893087406352613,8.343029996714023
2014-03-07,9.84655772101753,8.303781749384585
2014-03-10,9.831433686864191,8.29072457898535
2014-03-11,9.824538516859523,8.28490410447401
2014-03-12,9.850723689839255,8.306979360436976
2014-03-13,9.855307750387176,8.310387001542946
2014-03-14,9.860180542745011,8.314469215630131
2014-03-17,9.852337046189875,8.307444686694742
2014-03-18,9.880529673539568,8.33011330179332
2014-03-19,9.812815971548561,8.272295308785447
2014-03-20,9.822668968718732,8.280346840338892
2014-03-21,9.848198886373238,8.301841851483895
2014-03-24,9.849265727273503,8.302421389036764
2014-03-25,9.867513120250589,8.317365564434956
2014-03-26,9.881177816325192,8.328522368354776
2014-03-27,9.899330449288763,8.343794385162669
2014-03-28,9.909751650666976,8.35255013846064
2014-03-31,9.927117947914489,8.367178900741978
2014-04-01,9.92227526300345,8.363076830611844
2014-04-02,9.915936727768452,8.355585880111795
2014-04-03,9.928254805380435,8.364476988897454
2014-04-04,9.944528719321196,8.376325166197573
2014-04-07,9.94386531940599,8.374616841840474
2014-04-08,9.977259063212463,8.40272738351589
2014-04-09,9.998139242101155,8.419943705454967
2014-04-10,9.989270693118149,8.411943917276202
2014-04-11,9.981403536090681,8.405294780605585
2014-04-14,10.001013541828447,8.42172917560765
2014-04-15,10.01589935327326,8.433736558636888
2014-04-16,10.04316227284672,8.456667504780189
2014-04-17,10.019202922758932,8.436471707776343
2014-04-21,10.024557028082555,8.440921648472052
2014-04-22,10.026719958603971,8.442723437099195
2014-04-23,10.029032084543806,8.444655323743113
2014-04-24,10.039763701425352,8.453657789722174
2014-04-25,10.019022167376324,8.43618714950618
2014-04-28,10.023233277188055,8.439722617177697
2014-04-29,10.037575389104239,8.451792839223165
2014-04-30,10.056862494171716,8.46762547962821
2014-05-01,10.079533117956085,8.486675539155565
2014-05-02,10.097189646252064,8.501513851523258
2014-05-05,10.085891545209368,8.491974936959458
2014-05-06,10.087236440330745,8.493100483276724
2014-05-07,10.108372768351373,8.510493318405956
2014-05-08,10.105470474033353,8.50803903498707
2014-05-09,10.100539763978006,8.503486061579878
2014-05-12,10.113590847962318,8.512973635400785
2014-05-13,10.138648285901567,8.534057804796383
2014-05-14,10.16096660914908,8.552781503273817
2014-05-15,10.158031316345872,8.550273944194402
2014-05-16,10.171437656729266,8.561545501549677
2014-05-19,10.167832632329384,8.558498379241637
2014-05-20,10.159080186613238,8.55109331262698
2014-05-21,10.163990358082776,8.55521786191673
2014-05-22,10.169291157238307,8.559627701658572
2014-05-23,10.189711594215382,8.576801457379803
2014-05-27,10.209187828169146,8.593181122070881
2014-05-28,10.226047700256693,8.607344552376404
2014-05-29,10.228845975518377,8.609681506112059
2014-05-30,10.225491148034921,8.60683959101526
2014-06-02,10.207555566947219,8.59173573265924
2014-06-03,10.187704280318911,8.574999163370782
2014-06-04,10.185889393950152,8.573374144991966
2014-06-05,10.212713529459426,8.59583931284048
2014-06-06,10.228132365209996,8.608780827072335
2014-06-09,10.231669121109954,8.611731505373353
2014-06-10,10.22313630781256,8.604499234311971
2014-06-11,10.219602001880942,8.601479319361617
2014-06-12,10.236260220662373,8.615237210556604
2014-06-13,10.2440887910203,8.621768224819691
2014-06-16,10.234568801863682,8.613721410812289
2014-06-17,10.226104575957624,8.606564474751845
2014-06-18,10.267203722013836,8.641103352211177
2014-06-19,10.293120657082516,8.66242580015916
2014-06-20,10.309372140276043,8.675648348091517
2014-06-23,10.30060024194943,8.666652511609229
2014-06-24,10.30849576211977,8.671698515357868
2014-06-25,10.324774619174189,8.684246302078895
2014-06-26,10.32883794946388,8.68763555002199
2014-06-27,10.333756853176027,8.69174911724602
2014-06-30,10.334924539801433,8.692706411595436
2014-07-01,10.33673707406958,8.694212648055032
2014-07-02,10.322538132824322,8.681760528028015
2014-07-03,10.315967836441228,8.674929325424573
2014-07-07,10.307958464481064,8.666890450438347
2014-07-08,10.315742165365165,8.672936130744741
2014-07-09,10.331935687971825,8.686155591591033
2014-07-10,10.332661667442887,8.686250109737932
2014-07-11,10.352311977364222,8.702354705529736
2014-07-14,10.338233164013344,8.689964995479809
2014-07-15,10.324669571613004,8.677334237362603
2014-07-16,10.351340751342942,8.69806635754284
2014-07-17,10.368758024471374,8.712111095210297
2014-07-18,10.380127134223992,8.721082785314557
2014-07-21,10.389442890013177,8.728328072223217
2014-07-22,10.4133155942509,8.74780266994867
2014-07-23,10.422122391016106,8.754776110065546
2014-07-24,10.396365820086682,8.73231669998209
2014-07-25,10.417479574905093,8.749629228103924
2014-07-28,10.422120521085121,8.753511343144897
2014-07-29,10.420132645528728,8.751208408044182
2014-07-30,10.390998708088969,8.726725390615462
2014-07-31,10.349880083212271,8.689657258176343
2014-08-01,10.379499787129037,8.712724081503447
2014-08-04,10.389069383962362,8.719991305254311
2014-08-05,10.388779066623709,8.71898133646589
2014-08-06,10.392463045477381,8.721426509095773
2014-08-07,10.420827644635485,8.745205054188652
2014-08-08,10.42034706289875,8.744201377823966
2014-08-11,10.435193771602098,8.755933424174632
2014-08-12,10.429254706607688,8.750932192999251
2014-08-13,10.463912656021835,8.779999126840519
2014-08-14,10.478069851400516,8.789900079757018
2014-08-15,10.491075495189376,8.800797545782212
2014-08-18,10.50201902381337,8.809571873342616
2014-08-19,10.50984986609971,8.81609710054051
2014-08-20,10.516957066225542,8.822001856584595
2014-08-21,10.526457942349243,8.82991396011456
2014-08-22,10.523251818189376,8.827195450883485
2014-08-25,10.545696729939642,8.846000795125592
2014-08-26,10.553242448968868,8.852311892159666
2014-08-27,10.56129902477769,8.859009505747746
2014-08-28,10.564572931535688,8.86174285493837
2014-08-29,10.575983413263755,8.871300283949248
2014-09-02,10.556827008787709,8.855222119252597
2014-09-03,10.571599705794323,8.867010741341502
2014-09-04,10.558484233361002,8.855406301145019
2014-09-05,10.575543636157056,8.868166822753972
2014-09-08,10.570236365014392,8.863704790409855
2014-09-09,10.534810109022162,8.832415890160107
2014-09-10,10.507451034837606,8.806169957493593
2014-09-11,10.517264047511022,8.812054213056342
2014-09-12,10.49138679181415,8.788490085275392
2014-09-15,10.488910735571581,8.786383502465917
2014-09-16,10.500966737738223,8.796471505320827
2014-09-17,10.550492857305686,8.837946118101534
2014-09-18,10.535977197450743,8.82578369392997
2014-09-19,10.563097038958988,8.84482630115485
2014-09-22,10.530176355440435,8.813577649731714
2014-09-23,10.527398719728318,8.809507697045687
2014-09-24,10.585769935731449,8.856609417928611
2014-09-25,10.633281090276888,8.893469504376109
2014-09-26,10.68480613839479,8.934326184115353
2014-09-29,10.694255174438776,8.938021153768657
2014-09-30,10.69701610788634,8.939123980907205
2014-10-01,10.754663786910257,8.985141102265384
2014-10-02,10.729949478275028,8.964387206721556
2014-10-03,10.776281984050396,9.00306847931033
2014-10-06,10.753991421345702,8.984230900284834
2014-10-07,10.791846092074298,9.015712416848281
2014-10-08,10.80877588458974,9.02980714910096
2014-10-09,10.79052175262612,9.01453324789512
2014-10-10,10.818293397044162,9.037715494180885
2014-10-13,10.832192878935022,9.049308064471093
2014-10-14,10.879162830321167,9.0877239442716
2014-10-15,10.870304097683883,9.080306185176552
2014-10-16,10.85614225374068,9.068393616103117
2014-10-17,10.851315075270298,9.064349171389848
2014-10-20,10.882289073432762,9.088703487066653
2014-10-21,10.902028407710084,9.1051396639091
2014-10-22,10.893499433406971,9.09797942759534
2014-10-23,10.880466725937588,9.087071229495653
2014-10-24,10.890245712731657,9.094608080293217
2014-10-27,10.89058148457524,9.094257671429864
2014-10-28,10.884937495351132,9.088923813803394
2014-10-29,10.88068185832639,9.085355390438778
2014-10-30,10.901121898147677,9.102399338042185
2014-10-31,10.93010415900636,9.126574807018947
2014-11-03,10.937005094846262,9.132304579518065
2014-11-04,10.932770713423299,9.12876142933486
2014-11-05,10.938633723373142,9.133649234001288
2014-11-06,10.939603083733179,9.132607241491128
2014-11-07,10.96660938352333,9.1532914719403
2014-11-10,10.964378185404975,9.149563796856205
2014-11-11,10.961535551133814,9.147164102992912
2014-11-12,10.952725706548721,9.139799476856817
2014-11-13,10.953540869817456,9.140454231087654
2014-11-14,10.953653024458433,9.138413174737003
2014-11-17,10.96185545730244,9.143122130146308
2014-11-18,10.981017462855764,9.158287659450902
2014-11-19,10.95193070325706,9.134009889940907
2014-11-20,10.963389312924166,9.143547431774785
2014-11-21,11.028814088197228,9.194861949377827
2014-11-24,11.034007359837753,9.199140226839864
2014-11-25,11.05345045876526,9.215334963289227
2014-11-26,11.080205651818675,9.237619751253058
2014-11-28,11.112168693389718,9.262610450091307
2014-12-01,11.10275862804563,9.25420995156854
2014-12-02,11.095915103499177,9.247949655505007
2014-12-03,11.110492900666033,9.259590372128162
2014-12-04,11.123120093405813,9.270107278132851
2014-12-05,11.109208207580433,9.256180489819846
2014-12-08,11.13670849154997,9.276743180118622
2014-12-09,11.168128175501955,9.30259080525912
2014-12-10,11.157297942904888,9.292941643903795
2014-12-11,11.166791717838223,9.300825039229034
2014-12-12,11.165926164079798,9.30008786155393
2014-12-15,11.14833001583794,9.283844785632327
2014-12-16,11.158080112841049,9.29193233620493
2014-12-17,11.205199795924951,9.3303614892397
2014-12-18,11.213400603976934,9.337119945470906
2014-12-19,11.242622101359597,9.36140125356716
2014-12-22,11.281651400846279,9.393231736121642
2014-12-23,11.228599325621282,9.348389632217845
2014-12-24,11.24391418751062,9.360456843344634
2014-12-26,11.259721490203711,9.373597804077765
2014-12-29,11.291585260096383,9.399439737782743
2014-12-30,11.299912620579844,9.405829351572375
2014-12-31,11.28454196526429,9.392492425697077
2015-01-02,11.346092022981738,9.443702034002738
2015-01-05,11.402424561814993,9.489802487312216
2015-01-06,11.471143817281641,9.5466428898405
2015-01-07,11.489058717000992,9.561536084598783
2015-01-08,11.479714502107088,9.55304883225501
2015-01-09,11.506796325642014,9.5745293269891
2015-01-12,11.538500556644706,9.599228481476656
2015-01-13,11.552438350746598,9.609700626030236
2015-01-14,11.574279882903333,9.626744781229997
2015-01-15,11.648760603146538,9.688681502459177
2015-01-16,11.650425297041746,9.690020989999205
2015-01-20,11.691706653622417,9.724317656518792
2015-01-21,11.69458321432505,9.725118702567013
2015-01-22,11.753927852603747,9.773370022383448
2015-01-23,11.780961912007259,9.79530814236978
2015-01-26,11.785737267355978,9.798736682523963
2015-01-27,11.782005140967723,9.79507479656217
2015-01-28,11.812795257600158,9.820103775623108
2015-01-29,11.786585603644186,9.79774232312983
2015-01-30,11.833952936305495,9.83607455460471
2015-02-02,11.845458954855713,9.844595286269703
2015-02-03,11.826222836289283,9.828050128417894
2015-02-04,11.827078103107636,9.828702270144731
2015-02-05,11.833589420760173,9.834092445140591
2015-02-06,11.72966593928369,9.747712107941137
2015-02-09,11.720671301531915,9.740123922609977
2015-02-10,11.721025190882878,9.7404099800527
2015-02-11,11.71841230431027,9.737335221139542
2015-02-12,11.750793505974926,9.763752196746939
2015-02-13,11.757685335023996,9.768829583820276
2015-02-17,11.751310906112655,9.7585523701375
2015-02-18,11.788596771327223,9.786877544788886
2015-02-19,11.787231539154142,9.784699230373436
2015-02-20,11.831841987539725,9.820723136126366
2015-02-23,11.84806775828193,9.831298305315494
2015-02-24,11.904511815475011,9.877412063291011
2015-02-25,11.91325703778204,9.884629422203096
2015-02-26,11.90007358197376,9.87299734981886
2015-02-27,11.912623045230418,9.883363883962796
2015-03-02,11.931541815413166,9.894019937812319
2015-03-03,11.889987566070307,9.859543601296547
2015-03-04,11.884507252949295,9.854556606638374
2015-03-05,11.910231791004456,9.875444900821236
2015-03-06,11.868392168671798,9.839561906609232
2015-03-09,11.872902132477005,9.843275604521668
2015-03-10,11.844342985395032,9.817692172850162
2015-03-11,11.913302326139087,9.874821148808241
2015-03-12,11.957621064373,9.90964927338658
2015-03-13,11.970571343813717,9.918467593291156
2015-03-16,11.994941899574625,9.936742458642666
2015-03-17,11.978492527563446,9.919780066697399
2015-03-18,12.088280357931104,10.003349707978076
2015-03-19,12.062621301913035,9.97961182458065
2015-03-20,12.13416301823946,10.036252914627159
2015-03-23,12.136259667519363,10.037675115379642
2015-03-24,12.150139481232259,10.049126426435127
2015-03-25,12.111610640172541,10.015333588932267
2015-03-26,12.111428873025561,10.012376833949487
2015-03-27,12.141394839720919,10.034370426555062
2015-03-30,12.193038792148688,10.075071935935174
2015-03-31,12.180113987096231,10.063742454684556
2015-04-01,12.239077877971495,10.11163582165037
2015-04-02,12.231994601112694,10.105106352880984
2015-04-06,12.28038782001308,10.14367348840711
2015-04-07,12.317577229008464,10.173281172194208
2015-04-08,12.32813150649858,10.181371506789636
2015-04-09,12.333169510964774,10.18425671408806
2015-04-10,12.364289166527886,10.208728387012261
2015-04-13,12.354055844581579,10.199701567042986
2015-04-14,12.375590510297922,10.217450805123539
2015-04-15,12.412778594413654,10.247529278001357
2015-04-16,12.40257812697128,10.238481812254797
2015-04-17,12.381199569216685,10.22020643871338
2015-04-20,12.387559062229066,10.224829966793749
2015-04-21,12.39162081514094,10.227554127085492
2015-04-22,12.377308611715732,10.214475803337855
2015-04-23,12.413729904208477,10.243384499283216
2015-04-24,12.44374800194495,10.267394032655949
2015-04-27,12.479997350537968,10.296254641068792
2015-04-28,12.484834416126851,10.297818139034087
2015-04-29,12.433946135085515,10.252176169945333
2015-04-30,12.384183616171319,10.207365729644987
2015-05-01,12.453666662649413,10.262610546050789
2015-05-04,12.477460048677644,10.281385339607043
2015-05-05,12.431791067594414,10.242522727519754
2015-05-06,12.398847131959341,10.2137815034573
2015-05-07,12.379501485088698,10.19552539331286
2015-05-08,12.528634083535371,10.317513438428564
2015-05-11,12.445869139023332,10.248510540282291
2015-05-12,12.471092107243477,10.26722569484409
2015-05-13,12.53700792306301,10.321475641114754
2015-05-14,12.636502850914809,10.40335551830389
2015-05-15,12.671331957503584,10.431977825054183
2015-05-18,12.655602381491839,10.419017617107464
2015-05-19,12.573742747779832,10.351596404863324
2015-05-20,12.576316432932304,10.353644631498623
2015-05-21,12.605863832507502,10.377951370483215
2015-05-22,12.588377818569258,10.363541327068239
2015-05-26,12.502380616064238,10.291060128873339
2015-05-27,12.537752205210083,10.320139791943813
2015-05-28,12.526877326960813,10.310126281898388
2015-05-29,12.523657144775209,10.30743341341228
2015-06-01,12.555642519006122,10.332372920559001
2015-06-02,12.566794232420017,10.3394408331154
2015-06-03,12.570153958370097,10.336174038986321
2015-06-04,12.420334865712626,10.209027934214486
2015-06-05,12.571956307631119,10.325550924009889
2015-06-08,12.451922214244771,10.22696498292403
2015-06-09,12.767800519486658,10.486400940761815
2015-06-10,12.944750882474846,10.623353968268027
2015-06-11,12.966529897505051,10.637249152673025
2015-06-12,12.827309414054263,10.51376600857024
2015-06-15,12.751370200436563,10.451523250008842
2015-06-16,12.820981045668384,10.508579029580535
2015-06-17,12.830499010736819,10.508121865449723
2015-06-18,12.971450940010621,10.619474642723317
2015-06-19,12.906357131693463,10.566167871886153
2015-06-22,13.042047197319539,10.673159995946518
2015-06-23,13.087196694968002,10.710057935280279
2015-06-24,12.975892469027213,10.618959739424723
2015-06-25,12.975892469027213,10.61365025955501
2015-06-26,12.975892469027213,10.61365025955501
2015-06-29,12.975892469027213,10.61365025955501
2015-06-30,12.975892469027213,10.61365025955501
2015-07-01,13.079573880110518,10.693149796552696
2015-07-02,13.048469575147356,10.66772060479634
2015-07-06,13.07438963201361,10.688911436649622
2015-07-07,13.115862433170587,10.722817348212123
2015-07-08,13.139738423998175,10.734166911679244
2015-07-09,13.181450401607684,10.760063626245893
2015-07-10,13.087596666268889,10.683450496959065
2015-07-13,13.194675534463638,10.764256503165504
2015-07-14,13.214437910767648,10.780350570871423
2015-07-15,13.240428444657544,10.801545395931237
2015-07-16,13.338311404577638,10.879262313588022
2015-07-17,13.347915287100312,10.885336967912659
2015-07-20,13.36161955268706,10.894753271703602
2015-07-21,13.32338881054238,10.861838571913767
2015-07-22,13.343174199228702,10.873193998167054
2015-07-23,13.336450994955927,10.867696122075472
2015-07-24,13.351712555951762,10.878336798071276
2015-07-27,13.351487376719158,10.878148919774036
2015-07-28,13.335662777190478,10.865208501854873
2015-07-29,13.363493848216844,10.886161583298708
2015-07-30,13.376599773850426,10.896786659150152
2015-07-31,13.418989583019,10.92897788150484
2015-08-03,13.448502258361408,10.952987028485236
2015-08-04,13.407324335348534,10.918091819610748
2015-08-05,13.391425372403859,10.90247316224293
2015-08-06,13.40572798937021,10.911696160720588
2015-08-07,13.444231300287734,10.942053380123877
2015-08-10,13.437403982505733,10.934327006119561
2015-08-11,13.497499874334599,10.981060233071101
2015-08-12,13.499848338516706,10.981177004590874
2015-08-13,13.47033469738612,10.956257507834867
2015-08-14,13.492238036467135,10.971098466450995
2015-08-17,13.538044713201197,11.008342853388056
2015-08-18,13.514043428608606,10.9887842456421
2015-08-19,13.555913168069818,11.019838899588688
2015-08-20,13.608929151835332,11.060820626728413
2015-08-21,13.603390734961492,11.055516931884647
2015-08-24,13.5793144954489,11.034611631666339
2015-08-25,13.491623029531068,10.960189745129549
2015-08-26,13.3914166845317,10.876578557587383
2015-08-27,13.407816438434468,10.889891801677846
2015-08-28,13.43027995960147,10.90593475368718
2015-08-31,13.411216584197545,10.890449258299027
2015-09-01,13.47014963278836,10.935139860822993
2015-09-02,13.433542067939209,10.90538688782048
2015-09-03,13.474039612228344,10.936664810676614
2015-09-04,13.51500275288938,10.9698943266657
2015-09-08,13.451391663107145,10.918212359852996
2015-09-09,13.472004084544762,10.934935202874914
2015-09-10,13.452535525161645,10.917765880408977
2015-09-11,13.474879212492791,10.934534403500274
2015-09-14,13.479099490351151,10.937955412296175
2015-09-15,13.479099490351151,10.932486434590027
2015-09-16,14.016872727402797,11.363191659886725
2015-09-17,14.131097483876674,11.445416298629056
2015-09-18,14.187158011413528,11.489683944606533
2015-09-21,14.13655943128379,11.447563202429526
2015-09-22,14.175306106925166,11.477705076059397
2015-09-23,14.176229327602176,11.478445452639642
2015-09-24,14.260788869296883,11.54598423600668
2015-09-25,14.220788878974144,11.51247545347049
2015-09-28,14.242926163707068,11.529179841651061
2015-09-29,14.25432939744119,11.538384896341036
2015-09-30,14.25018939872633,11.533367806300113
2015-10-01,14.268295247369196,11.546842827699043
2015-10-02,14.40330570437945,11.653552294482866
2015-10-05,14.419405454069294,11.665955572080154
2015-10-06,14.489607603012177,11.722719217716067
2015-10-07,14.537973985027566,11.761060371625232
2015-10-08,14.540821105143209,11.762452402789082
2015-10-09,14.570499752641286,11.78642400360263
2015-10-12,14.592206614859421,11.803115953205621
2015-10-13,14.568159607606496,11.782992145794726
2015-10-14,14.637974875578664,11.838794129009417
2015-10-15,14.677274854163938,11.870548502830875
2015-10-16,14.68370469042769,11.873977160259182
2015-10-19,14.67373640617293,11.865893240613355
2015-10-20,14.6605814413294,11.855162270223392
2015-10-21,14.65633607016863,11.851453129138715
2015-10-22,14.727551459405653,11.907746797532326
2015-10-23,14.733193627315078,11.912252401593092
2015-10-26,14.728123741848442,11.908137179843651
2015-10-27,14.72106169142913,11.902410007339304
2015-10-28,14.738197571447419,11.91601736767152
2015-10-29,14.64515021237179,11.836926423084751
2015-10-30,14.655356264652708,11.841064127166321
2015-11-02,14.68073257021816,11.8608334901679
2015-11-03,14.700693406420674,11.873636212797178
2015-11-04,14.668089776735878,11.84349705182222
2015-11-05,14.656972705075436,11.833966693032549
2015-11-06,14.60340046812429,11.786841913320922
2015-11-09,14.479801180181,11.684970862429736
2015-11-10,14.5339238940203,11.72634106046832
2015-11-11,14.523466430787325,11.717876752356618
2015-11-12,14.419467863134386,11.631783609051762
2015-11-13,14.403933430650127,11.616425433383482
2015-11-16,14.54008362947885,11.723487208437138
2015-11-17,14.558757857054156,11.738470525307978
2015-11-18,14.652468119578433,11.811768566666068
2015-11-19,14.648826383655177,11.807377848860561
2015-11-20,14.739302703747153,11.8802862714066
2015-11-23,14.717454483794274,11.862658475461174
2015-11-24,14.712991258319015,11.854412338315754
2015-11-25,14.725794823826247,11.864716485247508
2015-11-27,14.749743936295042,11.883121681749543
2015-11-30,14.740911974004653,11.876002310320551
2015-12-01,14.824346025625676,11.937963572279106
2015-12-02,14.777135780242851,11.899898089006198
2015-12-03,14.52552823887404,11.68850467169594
2015-12-04,14.700468446292001,11.82700749295467
2015-12-07,14.710621750064261,11.832655601890574
2015-12-08,14.66946286819722,11.795840237657684
2015-12-09,14.612852605509792,11.744795186592754
2015-12-10,14.664683066029347,11.781019147914947
2015-12-11,14.740288397851495,11.83234298848034
2015-12-14,14.680682252069312,11.775040398129713
2015-12-15,14.761599831632044,11.835188245983659
2015-12-16,14.885324425639187,11.928584255450227
2015-12-17,14.987090272649517,12.006347422239404
2015-12-18,14.970225443024002,11.990191219677685
2015-12-21,14.957681463312682,11.97751823711995
2015-12-22,14.925471911951949,11.951719607548856
2015-12-23,15.019422801886952,12.023120802075223
2015-12-24,15.048893731540632,12.040516964197367
2015-12-28,15.109192204169563,12.085340855994579
2015-12-29,15.26654750889033,12.203130251425417
2015-12-30,15.186121430410312,12.134642345618504
2015-12-31,15.196659103599442,12.134797845658346
2016-01-04,15.198857007422266,12.132902338509384
2016-01-05,15.355608057933877,12.254383140334268
2016-01-06,15.42265302680338,12.299095912879242
2016-01-07,15.421128046529978,12.295556353237595
2016-01-08,15.444981964347036,12.313117111706621
2016-01-11,15.396518640545159,12.271905344594327
2016-01-12,15.439942278392566,12.30650231312302
2016-01-13,15.484529459153139,12.338871482706061
2016-01-14,15.469110277522391,12.322255339688809
2016-01-15,15.523285669451642,12.363881369342536
2016-01-19,15.513106969481,12.355752717482018
2016-01-20,15.575056182273439,12.404161369746893
2016-01-21,15.548193455190663,12.382746774606016
2016-01-22,15.555593996265555,12.38770760030914
2016-01-25,15.58803372380837,12.412603789423834
2016-01-26,15.633200604008412,12.448484172540669
2016-01-27,15.63743449955827,12.451835878816816
2016-01-28,15.601722765984146,12.420987020020787
2016-01-29,15.681129100190828,12.481795079018665
2016-02-01,15.691651636640728,12.487749321844872
2016-02-02,15.762458369801259,12.544071764179517
2016-02-03,15.798965380806193,12.573090787744135
2016-02-04,15.869231829043928,12.628979223251847
2016-02-05,15.914112627107455,12.664670395213799
2016-02-08,16.0416511895866,12.762557269450442
2016-02-09,16.030479574409135,12.750031281905693
2016-02-10,16.097423046899348,12.803264663613174
2016-02-11,16.221670133809283,12.898437474753502
2016-02-12,16.145059414377133,12.833845902969287
2016-02-16,15.982311995001012,12.704435310581122
2016-02-17,15.977013532226726,12.700144440518937
2016-02-18,16.10732709593956,12.800131738213667
2016-02-19,16.086875230721354,12.780251676345351
2016-02-22,16.080775428508982,12.771311886704948
2016-02-23,16.12717375621133,12.807426644566469
2016-02-24,16.1336432194695,12.8125540782209
2016-02-25,16.209165499869187,12.869586881095682
2016-02-26,16.158293035103704,12.829163849489428
2016-02-29,16.22104863234619,12.877411913927434
2016-03-01,16.252381743150643,12.900443006391775
2016-03-02,16.2799499767764,12.921697234147791
2016-03-03,16.365638539081075,12.988394536519152
2016-03-04,16.402896110500336,13.0177058598356
2016-03-07,16.434709870231018,13.042934980885999
2016-03-08,16.395026527850177,13.011435214288497
2016-03-09,16.406050798185472,13.02016174057572
2016-03-10,16.45129053377216,13.056031501084021
2016-03-11,16.50938111692002,13.102053500798883
2016-03-14,16.48564736191077,13.083166739667822
2016-03-15,16.44145488276974,13.048072284271795
2016-03-16,16.58201243590569,13.159595864078211
2016-03-17,16.679566348883633,13.236958710382307
2016-03-18,16.688149295125392,13.243759312069132
2016-03-21,16.652931528237303,13.215721866020273
2016-03-22,16.639256624756353,13.203876078118283
2016-03-23,16.580047512099977,13.155901352624792
2016-03-24,16.558168315001684,13.138495861205545
2016-03-28,16.57666164693718,13.15315949164189
2016-03-29,16.68848722926234,13.241879928177907
2016-03-30,16.670378775868116,13.227477246115882
2016-03-31,16.717984327811916,13.26524133203717
2016-04-01,16.703545184809695,13.253200819876595
2016-04-04,16.68486894251788,13.238117852009088
2016-04-05,16.688029346831733,13.24004018101362
2016-04-06,16.735388968357945,13.277029331397303
2016-04-07,16.738103865318447,13.27860740331554
2016-04-08,16.78288448862063,13.314120515182184
2016-04-11,16.838306905466332,13.35807204899441
2016-04-12,16.87930977890603,13.390580494130553
2016-04-13,16.926044873520752,13.427617039816603
2016-04-14,16.894955277013093,13.402228703218183
2016-04-15,16.938805042881715,13.436332389888191
2016-04-18,16.962210127429323,13.454215289902766
2016-04-19,17.049273596929684,13.522578218438584
2016-04-20,17.014969948342884,13.494375604899588
2016-04-21,16.971022182021276,13.459482424910037
2016-04-22,16.98467803185798,13.46956396307613
2016-04-25,16.953590621912205,13.444843208088876
2016-04-26,16.986370007006837,13.470115974604889
2016-04-27,17.06077395464602,13.529077613697785
2016-04-28,17.0808230771628,13.5449098512528
2016-04-29,17.09595853187013,13.556870495541258
2016-05-02,17.09165304147932,13.553432727402054
2016-05-03,17.062480385445717,13.529322764418758
2016-05-04,17.050509286587644,13.519324918208694
2016-05-05,17.08336295137773,13.545357565607803
2016-05-06,17.09052283750439,13.551003834495292
2016-05-09,17.052299641681962,13.520664989075836
2016-05-10,17.117065578725406,13.571944808863655
2016-05-11,17.122013850759693,13.575849766488794
2016-05-12,17.09289346206054,13.552723617184306
2016-05-13,17.11483821510448,13.568708501078252
2016-05-16,17.13141903666027,13.580425794576056
2016-05-17,17.113645376827268,13.564906973617289
2016-05-18,17.027192376334558,13.49441937291585
2016-05-19,17.029985161905362,13.49557407959297
2016-05-20,17.042049531093305,13.505086315071917
2016-05-23,17.03622393790997,13.499749703982518
2016-05-24,17.094535853981466,13.54246962318439
2016-05-25,17.120641963165518,13.560346383220399
2016-05-26,17.139495341556856,13.57425911551314
2016-05-27,17.1610885229602,13.590339567883408
2016-05-31,17.16715856560279,13.594122627738061
2016-06-01,17.166392505404996,13.593498775682889
2016-06-02,17.20548841207078,13.62436236873605
2016-06-03,17.32027638692176,13.713653045301221
2016-06-06,17.3245087711481,13.716841871729482
2016-06-07,17.375227458032306,13.756461880248626
2016-06-08,17.462103764548676,13.824076071515622
2016-06-09,17.46222745251959,13.824110937601352
2016-06-10,17.4612329066031,13.821766042122645
2016-06-13,17.45021824007345,13.811491874365384
2016-06-14,17.44021797120666,13.801955768651949
2016-06-15,17.47432869091479,13.828936801552427
2016-06-16,17.473638252291693,13.828098745052625
2016-06-17,17.492847307310043,13.840664181292055
2016-06-20,17.49820371437196,13.843269333310213
2016-06-21,17.48653238986367,13.833362556925632
2016-06-22,17.494592747719803,13.839677042217982
2016-06-23,17.55667919428717,13.888135883028035
2016-06-24,17.715920909832906,14.011431144818914
2016-06-27,17.824178811008156,14.09540826342956
2016-06-28,17.896624465364546,14.150833058211951
2016-06-29,17.962183201724443,14.202131495793859
2016-06-30,18.051206956966247,14.271633474651974
2016-07-01,18.154214102888012,14.353044117878811
2016-07-05,18.20238626079127,14.390804629470049
2016-07-06,18.232908634760207,14.414886298641935
2016-07-07,18.20677415065709,14.394202483924236
2016-07-08,18.339344499721392,14.498980354158414
2016-07-11,18.32328111246316,14.486227249893071
2016-07-12,18.27829281805579,14.45015471553185
2016-07-13,18.32399968753134,14.4862078473018
2016-07-14,18.29485922042142,14.463144495077414
2016-07-15,18.242432634602896,14.421669928821732
2016-07-18,18.26548265092731,14.439821264688101
2016-07-19,18.279867779644302,14.451186473459373
2016-07-20,18.260561430848497,14.435883472207998
2016-07-21,18.28585567566566,14.455817442445245
2016-07-22,18.313176510733552,14.477403965962834
2016-07-25,18.270071007416867,14.44329439711681
2016-07-26,18.269654263660946,14.442903589607987
2016-07-27,18.339280134010448,14.497919936243433
2016-07-28,18.329024699234196,14.48978088939593
2016-07-29,18.414511303604947,14.555903941236956
2016-08-01,18.365258706271423,14.51555575563279
2016-08-02,18.287958618339847,14.453047082805867
2016-08-03,18.293982488669574,14.457737105319353
2016-08-04,18.34597017562781,14.497412169258446
2016-08-05,18.30423425886735,14.46438846328951
2016-08-08,18.328780235887287,14.48372299790676
2016-08-09,18.39958190915476,14.539632788500459
2016-08-10,18.429750382341403,14.562039078885583
2016-08-11,18.399516573737895,14.536717121655588
2016-08-12,18.424551406898264,14.556448409055005
2016-08-15,18.419560881475395,14.551071242759358
2016-08-16,18.379156148864045,14.519115047841598
2016-08-17,18.409782970315064,14.54294990537157
2016-08-18,18.466589634132784,14.58780087517161
2016-08-19,18.392966793202646,14.528676695688107
2016-08-22,18.4001722866286,14.533375503529543
2016-08-23,18.423049265885737,14.551418998600958
2016-08-24,18.386657731277403,14.5208774098244
2016-08-25,18.377444221588988,14.513591977697013
2016-08-26,18.33151443276605,14.476146101278092
2016-08-29,18.41696893820553,14.542452676944498
2016-08-30,18.41028403807954,14.535531489653826
2016-08-31,18.38420559501601,14.514935427092013
2016-09-01,18.410672524732117,14.534189902794035
2016-09-02,18.44374015996948,14.559082382323968
2016-09-06,18.55485661113043,14.643453107567803
2016-09-07,18.538864798034183,14.630806594558994
2016-09-08,18.564245615504703,14.640338541749866
2016-09-09,18.219082414054817,14.364417496631289
2016-09-12,18.312514592142044,14.438054170868348
2016-09-13,17.94322009704641,14.13512011746861
2016-09-14,17.94322009704641,14.128052557409877
2016-09-15,18.101909695585906,14.245936838979732
2016-09-16,18.174822172454736,14.296463777105998
2016-09-19,18.185330861151858,14.302421331331033
2016-09-20,18.203663804672562,14.31490653018972
2016-09-21,18.504425750308087,14.54648365128766
2016-09-22,18.57858368723047,14.595228583562395
2016-09-23,18.53350294963133,14.559387298783143
2016-09-26,18.529015369243893,14.553956451002147
2016-09-27,18.589993910497476,14.599242064340542
2016-09-28,18.657790104300656,14.65079615303044
2016-09-29,18.631419006738373,14.628822597317898
2016-09-30,18.656610313232317,14.647229236196486
2016-10-03,18.667459227356435,14.650914570753208
2016-10-04,18.655242919003346,14.634413678430835
2016-10-05,18.755401274131827,14.71296749198968
2016-10-06,18.799450660595728,14.74749632085652
2016-10-07,18.76913989955857,14.72186793453838
2016-10-10,18.882207574831895,14.8063754953642
2016-10-11,18.8187430617023,14.752407335625035
2016-10-12,18.816292888691155,14.748366661188443
2016-10-13,18.773803291106425,14.715047950194014
2016-10-14,18.829231446775406,14.758478528644524
2016-10-17,18.786511444419,14.724978420159438
2016-10-18,18.879522738779418,14.795808332118188
2016-10-19,18.931485869829633,14.830893617941758
2016-10-20,18.917254950174726,14.814093753121954
2016-10-21,18.941998615154873,14.82784318755813
2016-10-24,18.95957803904586,14.83597186263693
2016-10-25,18.92977900834875,14.81264493921872
2016-10-26,18.84806094126765,14.748669207745317
2016-10-27,18.852439859279453,14.750017779243166
2016-10-28,18.70225140798512,14.625774392337412
2016-10-31,18.709611761419165,14.6289674880741
2016-11-01,18.613930527668526,14.554154730032629
2016-11-02,18.54768902720809,14.502360776798643
2016-11-03,18.54665415922119,14.496687714568113
2016-11-04,18.5168486257291,14.473384744486296
2016-11-07,18.79533763498555,14.682596210195284
2016-11-08,18.86550080192266,14.731050977429266
2016-11-09,19.01667138742302,14.843255293233966
2016-11-10,19.069130654300164,14.882092634952215
2016-11-11,19.069880307262945,14.880563000370897
2016-11-14,19.18870489367525,14.973276931767355
2016-11-15,19.267495507328583,15.034532407341983
2016-11-16,19.28367960351914,15.047129215096641
2016-11-17,19.390106241789525,15.13014436712599
2016-11-18,19.411817481260172,15.147075492108515
2016-11-21,19.513999160291075,15.225243430754972
2016-11-22,19.58638821773751,15.276349563558805
2016-11-23,19.6616103903254,15.329627480700442
2016-11-25,19.66952844805525,15.33578427064358
2016-11-28,19.600674048106725,15.282091646428528
2016-11-29,19.58991235729676,15.273699168821738
2016-11-30,19.79765518400655,15.43414353293938
2016-12-01,19.78243128569134,15.422184513633932
2016-12-02,19.7865207784031,15.425344894421976
2016-12-05,19.773029318655755,15.40973013240331
2016-12-06,19.84218330834392,15.46356917711457
2016-12-07,19.967237760111793,15.557017329820834
2016-12-08,20.053640638726215,15.624247226140177
2016-12-09,20.122727566877717,15.678046076581074
2016-12-12,20.09465308942252,15.65614784864288
2016-12-13,20.178935088764682,15.721762138983653
2016-12-14,20.040734853545455,15.614053877233253
2016-12-15,20.102082740328324,15.661800903638765
2016-12-16,20.130404755754668,15.683766237471605
2016-12-19,20.179748065929374,15.722186312322666
2016-12-20,20.236660164438234,15.766504738436364
2016-12-21,20.17415783586495,15.717798486912445
2016-12-22,20.17601486439159,15.719225477908985
2016-12-23,20.20852041353553,15.74446301952227
2016-12-27,20.225877720042618,15.757982891913015
2016-12-28,20.181428392709538,15.723289110080236
2016-12-29,20.186081153551353,15.726885217921945
2016-12-30,20.193996457678942,15.7330031104939
2017-01-03,20.305274573145578,15.818420550792355
2017-01-04,20.391758059259704,15.882096010466547
2017-01-05,20.43164187470097,15.908904918189066
2017-01-06,20.427966276879488,15.901781213484917
2017-01-09,20.412736123389674,15.884926598584288
2017-01-10,20.39629679587818,15.872115210097833
2017-01-11,20.439067099359722,15.905385843448592
2017-01-12,20.44726388923956,15.910768421568248
2017-01-13,20.43015257671709,15.897424666800083
2017-01-17,20.506725059334197,15.955174891043926
2017-01-18,20.446653187419216,15.90662989012108
2017-01-19,20.377157140860305,15.846302888898684
2017-01-20,20.45475477766208,15.906476162165761
2017-01-23,20.529285610341496,15.959518679512882
2017-01-24,20.521087643021488,15.953008357218327
2017-01-25,20.54466228842061,15.96647460999788
2017-01-26,20.523548807198612,15.945994389418686
2017-01-27,20.52929278017259,15.95042575428844
2017-01-30,20.47572761345781,15.908800311583406
2017-01-31,20.550838172472556,15.966117085893343
2017-02-01,20.54810321107423,15.962947472378788
2017-02-02,20.580705525313515,15.988245827617114
2017-02-03,20.63206021069141,16.028106799698264
2017-02-06,20.663259952427985,16.051309348044875
2017-02-07,20.665021187673574,16.052269282737612
2017-02-08,20.742564006659077,16.112467615616993
2017-02-09,20.72056827494498,16.095287795811107
2017-02-10,20.77292098278881,16.135529234392752
2017-02-13,20.77303569586417,16.13519226725838
2017-02-14,20.75557852620052,16.121501988906523
2017-02-15,20.77944472076251,16.139007132279644
2017-02-16,20.822676276375585,16.171553866411895
2017-02-17,20.839081203898417,16.184270195775508
2017-02-21,20.90170010810308,16.23088915209844
2017-02-22,20.91422157813767,16.23859389940572
2017-02-23,20.97477488918031,16.285183917261733
2017-02-24,21.0188400370932,16.31937653005648
2017-02-27,20.99362918984549,16.299758963336792
2017-02-28,20.975526302194847,16.285689396131808
2017-03-01,21.02733111704808,16.324128687578927
2017-03-02,20.917452166493508,16.238756282253714
2017-03-03,20.953056522353002,16.26461513243536
2017-03-06,20.91139715515341,16.23051250942255
2017-03-07,20.822752577610707,16.155848008746112
2017-03-08,20.77183577477154,16.110763672146394
2017-03-09,20.765470850251265,16.103282713962177
2017-03-10,20.821034593061373,16.146357777447655
2017-03-13,20.90238123407884,16.209407819585348
2017-03-14,20.842937984278738,16.163291487957345
2017-03-15,21.15067257191524,16.394722878948773
2017-03-16,21.171745702270144,16.410923277609545
2017-03-17,21.178937901712427,16.416472415177033
2017-03-20,21.216721164241434,16.4370469891276
2017-03-21,21.206184803493766,16.426803250576587
2017-03-22,21.250266345388514,16.46084668417
2017-03-23,21.2497268360557,16.460092996886548
2017-03-24,21.274617460198556,16.479275722211938
2017-03-27,21.33640250818508,16.526984073375992
2017-03-28,21.351634188609957,16.536303709084706
2017-03-29,21.401547478256703,16.574800056015103
2017-03-30,21.36489814177589,16.546364395528283
2017-03-31,21.373618885410924,16.552166681572192
2017-04-03,21.428592733826594,16.594668070306728
2017-04-04,21.418415758794396,16.586681726081544
2017-04-05,21.409587745476344,16.57976178008153
2017-04-06,21.420770650570336,16.586922924204277
2017-04-07,21.40112697708471,16.571324767106923
2017-04-10,21.426482460156286,16.590923490192964
2017-04-11,21.496812803271997,16.64536342940854
2017-04-12,21.547127238934337,16.681303451211814
2017-04-13,21.54703067841796,16.681179167776737
2017-04-17,21.58812767382108,16.711342759405927
2017-04-18,21.627803728889894,16.74040026823723
2017-04-19,21.558560523884157,16.685239129508176
2017-04-20,21.598875447400495,16.713786675410667
2017-04-21,21.59575294158018,16.709620706888586
2017-04-24,21.658556538467124,16.756496892187236
2017-04-25,21.644418909134995,16.74480972982968
2017-04-26,21.64996199884507,16.74902953992322
2017-04-27,21.65234781125425,16.750781677616157
2017-04-28,21.66742644626184,16.761383403415703
2017-05-01,21.64917606538472,16.746190866632222
2017-05-02,21.691978207158165,16.77926467447553
2017-05-03,21.67178444457957,16.76137403491872
2017-05-04,21.636080489216546,16.733745585190512
2017-05-05,21.69415133826022,16.77859943960929
2017-05-08,21.65478767226524,16.74812519503998
2017-05-09,21.66435534987854,16.755496259235333
2017-05-10,21.70511603724904,16.786974649571484
2017-05-11,21.699639161659505,16.782676677255605
2017-05-12,21.765455864702485,16.833559616004308
2017-05-15,21.809473598652026,16.867506830768313
2017-05-16,21.847519096327193,16.896876640617634
2017-05-17,21.891975322912767,16.929122276811697
2017-05-18,21.870808229754715,16.91093273326414
2017-05-19,21.97188416292172,16.988540883136384
2017-05-22,21.998636684090652,17.00916739726819
2017-05-23,21.969408398930135,16.98654340826391
2017-05-24,22.023590676061346,17.027302252039284
2017-05-25,22.040059798319614,17.039507335967084
2017-05-26,22.05971000358227,17.053533780015464
2017-05-30,22.07483189415703,17.06510190641603
2017-05-31,22.086852657035113,17.07436907303663
2017-06-01,22.140246849016442,17.115631589796862
2017-06-02,22.261976400942196,17.20792682414777
2017-06-05,22.21677557317644,17.17294453057534
2017-06-06,22.25515317748365,17.201504637077498
2017-06-07,22.2296051987611,17.18065774630939
2017-06-08,22.208272895897103,17.163470332605453
2017-06-09,22.177545091892238,17.13968469218089
2017-06-12,22.181305425733985,17.14256165867084
2017-06-13,22.228829704919526,17.17926373049785
2017-06-14,22.298064983900314,17.231569289147853
2017-06-15,22.237453419133523,17.184621943657362
2017-06-16,22.255731294883027,17.198691012192747
2017-06-19,22.294043978688165,17.228282054859648
2017-06-20,22.263815984003415,17.20485603764495
2017-06-21,22.26772966439489,17.204909303649824
2017-06-22,22.294653777218297,17.222834698172505
2017-06-23,22.332332726195027,17.25192016868776
2017-06-26,22.38593215770551,17.29327982976042
2017-06-27,22.26986383318063,17.20359120488457
2017-06-28,22.336887028012953,17.2553326616794
2017-06-29,22.214561409393333,17.16077733105201
2017-06-30,22.220066639734586,17.164990137312632
2017-07-03,22.224874056730915,17.168692518697757
2017-07-05,22.21111274077111,17.158041091786874
2017-07-06,22.101747205696462,17.066495472908283
2017-07-07,22.13489344700558,17.087340655457194
2017-07-10,22.186273589851066,17.122232054924872
2017-07-11,22.207424957732435,17.138449877922664
2017-07-12,22.345631539175084,17.238759911381216
2017-07-13,22.35176536672667,17.24195598593416
2017-07-14,22.43966517646903,17.30847217622992
2017-07-17,22.45049757980396,17.31673038961823
2017-07-18,22.50258416049943,17.355483259965123
2017-07-19,22.560773255299814,17.3999028982699
2017-07-20,22.573302765800868,17.409105409420995
2017-07-21,22.599267964852647,17.42793256142644
2017-07-24,22.582170860343368,17.414710492550856
2017-07-25,22.558928070387054,17.395462314493386
2017-07-26,22.64260904280297,17.45984676108899
2017-07-27,22.61442809410593,17.438092695975374
2017-07-28,22.655889823931968,17.469324249793008
2017-07-31,22.670881947880485,17.480691817955403
2017-08-01,22.718043582840995,17.515885949821463
2017-08-02,22.6998195024164,17.501157132985867
2017-08-03,22.709229642544138,17.50838180052256
2017-08-04,22.68353808168417,17.488540654804954
2017-08-07,22.691859060712588,17.49486471139494
2017-08-08,22.62881314615223,17.446232504833397
2017-08-09,22.69141549381097,17.49021740226992
2017-08-10,22.656402282340824,17.461217110621217
2017-08-11,22.687357535800317,17.48489912497107
2017-08-14,22.718791003197524,17.506092462013772
2017-08-15,22.647700676681357,17.446832380101277
2017-08-16,22.73971371204739,17.51325537071744
2017-08-17,22.7390052714856,17.509720170768166
2017-08-18,22.771278209438922,17.534520673197424
2017-08-21,22.782152573613153,17.542838576865655
2017-08-22,22.81962514619951,17.567229226719107
2017-08-23,22.89706869147319,17.625370087329284
2017-08-24,22.85849562282063,17.594577615424342
2017-08-25,22.922005816212963,17.64237270859274
2017-08-28,22.970060085133014,17.67786829657085
2017-08-29,22.96828811047406,17.67498646018085
2017-08-30,22.997276458739492,17.69627687886603
2017-08-31,23.09726234977667,17.77275003293019
2017-09-01,23.086991700956222,17.764736562305764
2017-09-05,23.1434876219028,17.808145934380146
2017-09-06,23.136773494357115,17.8028684512378
2017-09-07,23.23687312708508,17.879848491468486
2017-09-08,23.17615080568378,17.833094689880753
2017-09-11,23.176167068077334,17.833078402743297
2017-09-12,23.16730808567203,17.82619627326692
2017-09-13,23.12823208102021,17.796026664265064
2017-09-14,23.17796875045676,17.83425871830246
2017-09-15,23.186006508826924,17.840402621322493
2017-09-18,23.13995716024612,17.80495608636013
2017-09-19,23.147246670289963,17.81051132456853
2017-09-20,23.113598687518394,17.78461382094879
2017-09-21,23.085102911572807,17.76206036918262
2017-09-22,23.109350623141317,17.779644023805318
2017-09-25,23.154526166899565,17.81373955120298
2017-09-26,23.140525104192715,17.80043447662207
2017-09-27,23.155862617730687,17.80430313640426
2017-09-28,23.158957137392274,17.806596161272022
2017-09-29,23.21700275552505,17.848511547012343
2017-10-02,23.23437499762459,17.860440007263744
2017-10-03,23.286056771179847,17.89526724490073
2017-10-04,23.274131139794942,17.88119194197714
2017-10-05,23.337175128496398,17.92961186424492
2017-10-06,23.299175628339434,17.89985367825141
2017-10-09,23.298420280796066,17.899261205344086
2017-10-10,23.36376238933694,17.948902376497365
2017-10-11,23.383085960353704,17.96290589513023
2017-10-12,23.388989463372205,17.962895132456037
2017-10-13,23.47190764771179,18.024575408312543
2017-10-16,23.459062551716016,18.012703088573225
2017-10-17,23.463144899962295,18.01468174158335
2017-10-18,23.468657341692353,18.01336049916678
2017-10-19,23.452274461520965,17.999937626185506
2017-10-20,23.473064978579963,18.015047062572936
2017-10-23,23.438438875465977,17.98833426447759
2017-10-24,23.449224908219097,17.99514713244568
2017-10-25,23.37041146667633,17.93028852837402
2017-10-26,23.40583067673056,17.957424025723487
2017-10-27,23.52492676415819,18.04449655002422
2017-10-30,23.513882985828587,18.03586539967249
2017-10-31,23.54816798908382,18.062109263088118
2017-11-01,23.57065342321118,18.079280219412635
2017-11-02,23.593331154082886,18.095080845944448
2017-11-03,23.620597054792352,18.111545470789697
2017-11-06,23.684295436281634,18.158879938637476
2017-11-07,23.686424094649205,18.156819051379642
2017-11-08,23.693158168638117,18.161947557092343
2017-11-09,23.63606789335788,18.114856332028456
2017-11-10,23.602332310091608,18.081109922254466
2017-11-13,23.5978922752041,18.07754848928968
2017-11-14,23.52290935051281,18.017678782343935
2017-11-15,23.484621812521855,17.983184942061335
2017-11-16,23.612013751446565,18.075542410102585
2017-11-17,23.658627988533844,18.10372737776701
2017-11-20,23.69342225533853,18.122841162255792
2017-11-21,23.789017264912584,18.18770188500829
2017-11-22,23.856728745454514,18.234960505310127
2017-11-24,23.8723121905998,18.246839946368606
2017-11-27,23.819983976327247,18.203971013883738
2017-11-28,23.8748458848716,18.24294736260028
2017-11-29,23.754335569104978,18.143461788908343
2017-11-30,23.809229548650038,18.17729705019541
2017-12-01,23.879065127327777,18.22052763291942
2017-12-04,23.85047606717786,18.198639061602606
2017-12-05,23.867756785158747,18.21017222320134
2017-12-06,23.86293742867252,18.206462569464655
2017-12-07,23.858374018487247,18.200680147953342
2017-12-08,23.900825304221712,18.231636094764966
2017-12-11,23.918258961458825,18.244906808839136
2017-12-12,23.92198184186585,18.247702997231194
2017-12-13,23.997825150786227,18.303451569475893
2017-12-14,23.998664642557397,18.303043061216925
2017-12-15,24.058964183558757,18.346906709281484
2017-12-18,24.082885100940153,18.36421188594387
2017-12-19,23.960682330372382,18.26241268085097
2017-12-20,23.969318997698313,18.260226887385176
2017-12-21,24.045533860606774,18.31118984979202
2017-12-22,24.08332077025732,18.33437004758771
2017-12-26,24.133914397990562,18.37122224201163
2017-12-27,24.20862545300808,18.422345004457053
2017-12-28,24.237550402250076,18.442626193753473
2017-12-29,24.27105045985787,18.468090958510537
2018-01-02,24.307091862013205,18.49543037460703
2018-01-03,24.389815825359868,18.557267302527322
2018-01-04,24.444868840262863,18.5990665671939
2018-01-05,24.48602562951624,18.625871050865886
2018-01-08,24.48444132373547,18.624577268442966
2018-01-09,24.464568423410523,18.604301983284284
2018-01-10,24.435097827394706,18.581856951761466
2018-01-11,24.534435919497295,18.653442159946508
2018-01-12,24.65516583727428,18.745144547501866
2018-01-16,24.628085601678553,18.724422870354783
2018-01-17,24.654500409925014,18.744452130023728
2018-01-18,24.618415224750763,18.712813045648332
2018-01-19,24.70281839258013,18.77688958499651
2018-01-22,24.78985211338066,18.842965076119437
2018-01-23,24.88511104788755,18.915319173265353
2018-01-24,25.00723834012487,19.008073672024235
2018-01-25,24.972326628110046,18.977344351407634
2018-01-26,25.128193321379165,19.091606852937623
2018-01-29,24.948683788240622,18.955066615533756
2018-01-30,24.724408472510248,18.77819685451921
2018-01-31,24.80359594331249,18.831909280235894
2018-02-01,24.810991771697193,18.8310756175809
2018-02-02,24.326496905930057,18.461362797433665
2018-02-05,24.205317001758807,18.35641744111828
2018-02-06,24.28679210476109,18.41276617599663
2018-02-07,24.00952740519886,18.197105305504767
2018-02-08,24.046083770216327,18.21907300072663
2018-02-09,24.005678594201598,18.18845908211709
2018-02-12,24.12111943785859,18.27592551440397
2018-02-13,24.257722870435305,18.379426272949427
2018-02-14,24.729385804780968,18.727345574849462
2018-02-15,24.931824437142815,18.873894670059762
2018-02-16,24.93587553494179,18.872838652773634
2018-02-20,24.682392198067927,18.67298175212677
2018-02-21,24.572236798119437,18.58947011516463
2018-02-22,24.784190523966913,18.749807728418205
2018-02-23,25.024750169225698,18.92683065637946
2018-02-26,25.212265825294708,19.064502864232406
2018-02-27,24.819911663932135,18.76363974516984
2018-02-28,24.819911663932135,18.754257925297257
2018-03-01,24.819911663932135,18.754257925297257
2018-03-02,24.953244691557686,18.845629019128815
2018-03-05,25.397037783406187,19.16195262656007
2018-03-06,25.57139158195799,19.280409653632546
2018-03-07,25.57139158195799,19.27076944880573
2018-03-08,25.69512942514712,19.3543837192887
2018-03-09,26.185402651446104,19.715447925627554
2018-03-12,26.193491874502165,19.721508622557586
2018-03-13,25.995587996697644,19.572499609757166
2018-03-14,25.93717258280441,19.528506164120238
2018-03-15,25.972194983370407,19.543413712095006
2018-03-16,26.007303894066503,19.569799120873952
2018-03-19,26.007303894066503,19.560014221313516
2018-03-20,26.25751390124513,19.73841640020198
2018-03-21,26.710687859449347,20.06670170551354
2018-03-22,26.736735420132053,20.070935118909535
2018-03-23,27.002624390413352,20.262228627701784
2018-03-26,27.05476107212015,20.293358558064735
2018-03-27,27.053931147970086,20.284522500258884
2018-03-28,27.17626964089533,20.359834644418267
2018-03-29,27.24865031644716,20.409306463760178
2018-04-02,27.235339956362466,20.397388911731213
2018-04-03,27.206966150581327,20.371560421287782
2018-04-04,27.228717319502444,20.387790115213477
2018-04-05,27.214571305379753,20.372807824350097
2018-04-06,27.267786341552632,20.406179892222063
2018-04-09,27.311544339152487,20.434912981178446
2018-04-10,27.363494905204565,20.472739604443845
2018-04-11,27.408925496284162,20.505839786725705
2018-04-12,27.371186118711606,20.475808405543987
2018-04-13,27.415823416742313,20.507402614274522
2018-04-16,27.430062623891207,20.515687863101192
2018-04-17,27.485015826981442,20.555917768681724
2018-04-18,27.517943535436466,20.576898431335298
2018-04-19,27.432065360723364,20.505304573636643
2018-04-20,27.384680055087653,20.46466873714898
2018-04-23,27.34356723645425,20.430732523916657
2018-04-24,27.276166023997487,20.38027508382448
2018-04-25,27.31677554178876,20.40835507768721
2018-04-26,27.456636224442065,20.510524965610426
2018-04-27,27.49512783112141,20.53925071494715
2018-04-30,27.51057027172782,20.55074961768002
2018-05-01,27.556051724021522,20.58469074104893
2018-05-02,27.586499030277007,20.60735988521722
2018-05-03,27.586635181203864,20.60742922428705
2018-05-04,27.69672071063295,20.68963758461099
2018-05-07,27.74670390239655,20.726956762509097
2018-05-08,27.738651607246823,20.720918758106443
2018-05-09,27.853377615978783,20.80468487402127
2018-05-10,27.951049184483992,20.875686744211794
2018-05-11,27.930110681525107,20.85709391772711
2018-05-14,27.943333287184075,20.86234251247764
2018-05-15,27.856805690662068,20.797686733084376
2018-05-16,27.90297885538462,20.832104813647877
2018-05-17,27.910606733620764,20.83778941495541
2018-05-18,27.892086198459378,20.823938360291645
2018-05-21,28.00961284683342,20.91165582574615
2018-05-22,27.99860126897099,20.901498170503228
2018-05-23,28.029037596558627,20.922283881787987
2018-05-24,28.009071755258695,20.9054470276917
2018-05-25,28.011976141387056,20.897765106947976
2018-05-29,28.203853766160737,21.035734911326482
2018-05-30,28.193180220939013,21.023445659100627
2018-05-31,28.158341464278244,20.996715531008945
2018-06-01,28.17630020298696,21.00598793065895
2018-06-04,28.163171635270324,20.996165234298495
2018-06-05,28.175334202532156,21.00509973045231
2018-06-06,28.28831871997954,21.079357118145328
2018-06-07,28.33156143362525,21.102173751715622
2018-06-08,28.34413675026323,21.104237536654733
2018-06-11,28.399293365463127,21.14331565148571
2018-06-12,28.429701767542074,21.16396113576534
2018-06-13,28.39322887571698,21.136711605248863
2018-06-14,28.55194817784386,21.24762259910098
2018-06-15,28.547706104939813,21.24302635938772
2018-06-18,28.543000907566913,21.239454094476077
2018-06-19,28.56759522969425,21.257718817863207
2018-06-20,28.558304178785416,21.250518313170698
2018-06-21,28.54790484353508,21.24270114609205
2018-06-22,28.622363644417085,21.297246021175255
2018-06-25,28.56826235906572,21.256127829250634
2018-06-26,28.660784194247277,21.324166236712763
2018-06-27,28.74648291861695,21.38389344465336
2018-06-28,28.781502817192052,21.40563205440622
2018-06-29,28.768000781955028,21.395538656616083
2018-07-02,28.76435834585006,21.39267283663337
2018-07-03,28.816382015637743,21.43134413294985
2018-07-05,28.881276385679133,21.475361104599852
2018-07-06,28.939452095279748,21.518576763098718
2018-07-09,28.934108612531436,21.514531669161457
2018-07-10,28.935152538323113,21.515256125017736
2018-07-11,28.914358491031937,21.49963674818957
2018-07-12,28.979803029241562,21.548193025810697
2018-07-13,28.993382142905197,21.558249580066274
2018-07-16,28.944596967967804,21.521390488420142
2018-07-17,28.946099167256147,21.52247439486559
2018-07-18,28.94464080985403,21.520816580815083
2018-07-19,28.999144196702762,21.561296514052792
2018-07-20,28.898013045277963,21.486077250233144
2018-07-23,28.844985940636153,21.444949015858914
2018-07-24,28.905488188016758,21.48850748448768
2018-07-25,28.975249030374982,21.53954083065554
2018-07-26,28.99657869670031,21.554567586132926
2018-07-27,28.974621354973234,21.53743048619429
2018-07-30,28.952752641440053,21.521139481314297
2018-07-31,29.023258805788217,21.573488495392127
2018-08-01,28.99564604941114,21.552147273239154
2018-08-02,29.049349295645833,21.59061958500811
2018-08-03,29.111374968982677,21.635245672217547
2018-08-06,29.148513711496133,21.661369886518933
2018-08-07,29.13922040236718,21.652989483107024
2018-08-08,29.110327098397523,21.630951082703973
2018-08-09,29.133552231378186,21.64804163043321
2018-08-10,29.170249156641745,21.673193724380265
2018-08-13,29.154363960752953,21.6608424416155
2018-08-14,29.20447279487714,21.69646662639534
2018-08-15,29.223692707118577,21.709116612443776
2018-08-16,29.27155820450118,21.74459638039096
2018-08-17,29.297079818568186,21.763455162382378
2018-08-20,29.340720401339528,21.795837631594246
2018-08-21,29.300723780668935,21.766034655533577
2018-08-22,29.321544203535908,21.78094893866402
2018-08-23,29.335027705729072,21.790934163726185
2018-08-24,29.385625098537542,21.82848120292199
2018-08-27,29.413431944552272,21.846746222715264
2018-08-28,29.37926390013667,21.821275610440924
2018-08-29,29.411194409026002,21.844935433729745
2018-08-30,29.385312433123357,21.824900857951576
2018-08-31,29.40032069425113,21.83375410862332
2018-09-04,29.347769878980916,21.793178577642895
2018-09-05,29.319740820576232,21.772312067471518
2018-09-06,29.35338904685517,21.796726628948694
2018-09-07,29.309072149544185,21.753759306504232
2018-09-10,29.356358866585406,21.778979315589098
2018-09-11,29.416554100739475,21.81374857140064
2018-09-12,29.454447756743853,21.836644017162293
2018-09-13,29.509509407626595,21.87400848391213
2018-09-14,29.513153911215767,21.873266558307794
2018-09-17,29.484897045031946,21.848881064506166
2018-09-18,29.552782207237257,21.893022388209786
2018-09-19,29.568494081747613,21.901970122240005
2018-09-20,29.69396265568757,21.992257234040338
2018-09-21,29.718394608452396,22.008833786314945
2018-09-24,29.706633640052143,21.99610831652151
2018-09-25,29.707470230135716,21.99671047410969
2018-09-26,29.694738170059484,21.98727191780435
2018-09-27,29.775147935889496,22.037505192671166
2018-09-28,29.797633699895403,22.047963129631793
2018-10-01,29.906824955939715,22.128736468222137
2018-10-02,29.92222734987145,22.137544745274436
2018-10-03,29.91565321237954,22.130091627880308
2018-10-04,29.783569012604705,22.030063367998185
2018-10-05,29.734280803600942,21.981394658142747
2018-10-08,29.7497237113031,21.987423375279846
2018-10-09,29.757210796980782,21.992894697585427
2018-10-10,29.57352899698221,21.848596626821355
2018-10-11,29.639202184849097,21.889769878912286
2018-10-12,29.70563074592509,21.935299079827452
2018-10-15,29.748570256964197,21.966986429359192
2018-10-16,29.746021901158812,21.965075296579638
2018-10-17,29.72604564738455,21.950319477064053
2018-10-18,29.786943935828717,21.992962224579326
2018-10-19,29.77958676868337,21.98749899988102
2018-10-22,29.78694983818809,21.992902254861733
2018-10-23,29.87119936545874,22.05476351866408
2018-10-24,29.954792195081357,22.1162658042974
2018-10-25,29.957441721014728,22.11816521675674
2018-10-26,29.97157236075511,22.128585917448927
2018-10-29,29.98129119088953,22.13159714817464
2018-10-30,30.017794611237477,22.154420327775053
2018-10-31,29.949762841505223,22.100082786563288
2018-11-01,30.133783941308934,22.231760434198755
2018-11-02,30.18425139050202,22.268853512133234
2018-11-05,30.117860841145447,22.219833566165253
2018-11-06,30.012599438475966,22.142169817901614
2018-11-07,30.1391943528661,22.223226572815232
2018-11-08,30.217637569672988,22.268956601955562
2018-11-09,30.15049093367128,22.21936752371254
2018-11-12,30.361583521257607,22.368592414212053
2018-11-13,30.27771362332459,22.30667427626053
2018-11-14,30.279904639265297,22.30193879529387
2018-11-15,30.30218854171479,22.306061491513628
2018-11-16,30.337531489908255,22.330843939878083
2018-11-19,30.347384422693043,22.335150788190493
2018-11-20,30.34899069683045,22.336320950335388
2018-11-21,30.385651207498153,22.36187377412917
2018-11-23,30.389828859384956,22.363517956943312
2018-11-26,30.39023118528528,22.363807369037442
2018-11-27,30.404746900307256,22.374460886518598
2018-11-28,30.44995841639005,22.406682427472212
2018-11-29,30.461936737029173,22.415328768218473
2018-11-30,30.508959994208368,22.44989968997936
2018-12-03,30.6453317928466,22.548790751908463
2018-12-04,30.70830764363562,22.593652073116303
2018-12-06,30.788527715835503,22.652557287043372
2018-12-07,30.81435836417569,22.670582259306954
2018-12-10,30.85633758405169,22.696339231195896
2018-12-11,30.882386586375496,22.71544166874313
2018-12-12,30.866196902404877,22.702766229182597
2018-12-13,30.888409628320765,22.719027542216406
2018-12-14,30.879275912768627,22.71154918918706
2018-12-17,30.93853275067887,22.753896605221648
2018-12-18,31.01948704978568,22.81340259960604
2018-12-19,31.044376397940066,22.831586753628077
2018-12-20,31.020016541443564,22.81357371204458
2018-12-21,31.014004226253327,22.80905440674941
2018-12-24,31.043463344586122,22.830675739631815
2018-12-26,31.02933090151353,22.82013190784663
2018-12-27,31.073068908103725,22.85223615491816
2018-12-28,31.22471378065657,22.960324783530922
2018-12-31,31.31660375782708,23.027806520236258
2019-01-02,31.407668575260427,23.091187747135915
2019-01-03,31.567518399821267,23.205120064179315
2019-01-04,31.499008797047843,23.15373267335726
2019-01-07,31.51873985190217,23.165155551679916
2019-01-08,31.544858909905724,23.184271737125577
2019-01-09,31.648805448605533,23.259465983028004
2019-01-10,31.59049652075,23.21655965464764
2019-01-11,31.610128982889588,23.230959336797387
2019-01-14,31.550463397767306,23.185900037717424
2019-01-15,31.575258593995756,23.20198000427031
2019-01-16,31.645160486568447,23.25333122783206
2019-01-17,31.67591192010927,23.275082640517073
2019-01-18,31.694784142075186,23.285922658816933
2019-01-22,31.65511092396928,23.25672722129528
2019-01-23,31.702939856878928,23.28924607273657
2019-01-24,31.782621132835757,23.34515093427879
2019-01-25,31.92208483875303,23.444954619765802
2019-01-28,31.89037763424195,23.421575052584128
2019-01-29,31.990904436986348,23.495394381731344
2019-01-30,32.18098871684742,23.634926459993043
2019-01-31,32.31889094094011,23.7361159885852
2019-02-01,32.24470266078354,23.68149221018131
2019-02-04,32.22556433021386,23.667378340549984
2019-02-05,32.329806564186114,23.743909913745945
2019-02-06,32.264905890511585,23.693534543965356
2019-02-07,32.25697729055097,23.68765726126282
2019-02-08,32.3114457136846,23.7275932769444
2019-02-11,32.26924746317466,23.69655468400908
2019-02-12,32.316862393633386,23.73148406952589
2019-02-13,32.28156934842975,23.70551641385448
2019-02-14,32.34142656114898,23.749210180545575
2019-02-15,32.43925448019167,23.82093466180476
2019-02-19,32.51306891716449,23.87502084823969
2019-02-20,32.51838295287527,23.878887853748363
2019-02-21,32.40007579417603,23.791982583200994
2019-02-22,32.51913824552215,23.87925913717774
2019-02-25,32.48830712241746,23.85643695596563
2019-02-26,32.51931956132788,23.879172289575603
2019-02-27,32.43786473390583,23.81748821063247
2019-02-28,32.37455635416738,23.77090067991159
2019-03-01,32.36893406356459,23.763692433875924
2019-03-04,32.40366945403956,23.789124645436395
2019-03-05,32.44060922659663,23.816229311933913
2019-03-06,32.428175977243235,23.80708403652562
2019-03-07,32.47900689470194,23.84239749756824
2019-03-08,32.48114266739864,23.84384886534799
2019-03-11,32.56364187301244,23.904385408272006
2019-03-12,32.635441172732385,23.957046259638833
2019-03-13,32.666923936688185,23.97843349974819
2019-03-14,32.625324343883726,23.94617305124611
2019-03-15,32.724625116388445,24.018997738300158
2019-03-18,32.73425487511934,24.025990481637113
2019-03-19,32.72673428295954,24.01877496077288
2019-03-20,32.893821754123685,24.138741966907467
2019-03-21,32.96046583188971,24.18495186771598
2019-03-22,32.97972649834684,24.199026906849454
2019-03-25,33.036962828745374,24.240860439202972
2019-03-26,33.088477861169885,24.27859750409465
2019-03-27,33.118768252389394,24.299946004638173
2019-03-28,33.182927505342974,24.345165972967198
2019-03-29,33.22341562548469,24.37481989235615
2019-04-01,33.18584071991351,24.34722119589775
2019-04-02,33.234340775778485,24.382533684267226
2019-04-03,33.19613299716499,24.354471930642156
2019-04-04,33.23366297228909,24.381892317569935
2019-04-05,33.31109856604086,24.438669323864325
2019-04-08,33.27866814320474,24.41482683680584
2019-04-09,33.272532541367,24.41027760751368
2019-04-10,33.37510134131165,24.483770502479384
2019-04-11,33.33304546122951,24.45115692995544
2019-04-12,33.329318951327345,24.448365264737486
2019-04-15,33.300735842871504,24.427336083467626
2019-04-16,33.245085054711915,24.386454440239156
2019-04-17,33.232055981970476,24.375809465022876
2019-04-18,33.3021052482062,24.426107500890463
2019-04-22,33.258649571163694,24.393148509861096
2019-04-23,33.38136215561519,24.482066808229753
2019-04-24,33.42921013431797,24.517122002317805
2019-04-25,33.41517665650602,24.506781009365362
2019-04-26,33.47634384798065,24.551625772276147
2019-04-29,33.41467701851968,24.506318959948494
2019-04-30,33.443211083850024,24.527063507190856
2019-05-01,33.41219923849962,24.504233830176403
2019-05-02,33.3428976171943,24.45329629803007
2019-05-03,33.457494659560794,24.53715425327367
2019-05-06,33.46820194994503,24.54389961021656
2019-05-07,33.383967197854304,24.480553803421277
2019-05-08,33.36020630515506,24.46165760437587
2019-05-09,33.35841107417357,24.458845277813985
2019-05-10,33.406674163438794,24.49412472573459
2019-05-13,33.48598395447696,24.54631537734835
2019-05-14,33.53003743957463,24.577739450604724
2019-05-15,33.6142400071432,24.6393320839978
2019-05-16,33.65382427808847,24.662827914419324
2019-05-17,33.66417922659566,24.668852919778143
2019-05-20,33.593109268714095,24.616636049045187
2019-05-21,33.652955911088604,24.658984549233555
2019-05-22,33.71069907860227,24.699043441146046
2019-05-23,33.79868200887737,24.758883415628198
2019-05-24,33.80868628120712,24.766130036969255
2019-05-28,33.85912830753551,24.803054433440046
2019-05-29,33.89533961976469,24.827529518875412
2019-05-30,34.03016098896456,24.923834971383126
2019-05-31,34.17188306041643,25.025799133631757
2019-06-03,34.2615568209878,25.091311703398183
2019-06-04,34.2055778640436,25.04843522915535
2019-06-05,34.26409659117686,25.08552938280943
2019-06-06,34.31619050716014,25.119743825051177
2019-06-07,34.49549324376864,25.24658613250936
2019-06-10,34.41059453812891,25.18314882531423
2019-06-11,34.438875635056796,25.203625007085645
2019-06-12,34.4493288819293,25.211147631426226
2019-06-13,34.557621692852344,25.28914115595667
2019-06-14,34.57925219084152,25.30134461932743
2019-06-17,34.59660270632963,25.313969447926237
2019-06-18,34.77786646925838,25.445242295788727
2019-06-19,34.90400163750888,25.53659602755162
2019-06-20,35.15306503172518,25.71547124176862
2019-06-21,35.018972871054295,25.617222066112028
2019-06-24,35.10796541297826,25.682176854143414
2019-06-25,34.99057332411404,25.596241250870666
2019-06-26,34.9217228427365,25.54436382670037
2019-06-27,35.057359978830114,25.64214121958673
2019-06-28,35.10993521516381,25.680487201885548
2019-07-01,35.123329266214945,25.689678028553985
2019-07-02,35.29320742132024,25.81330106049015
2019-07-03,35.42486860106937,25.909487054583185
2019-07-05,35.23720226208602,25.768839132410342
2019-07-08,35.190796655427974,25.734636050275054
2019-07-09,35.18727897379041,25.731981510260244
2019-07-10,35.2942354348381,25.80966919996839
2019-07-11,35.15105084360175,25.704866881340372
2019-07-12,35.21236034305534,25.746395142661935
2019-07-15,35.26682761830597,25.782855620933777
2019-07-16,35.216709175253456,25.746191850565236
2019-07-17,35.322554513638515,25.823049866880208
2019-07-18,35.45362166262792,25.915321132803257
2019-07-19,35.379138865880854,25.8571537377223
2019-07-22,35.46388854305287,25.919034938740353
2019-07-23,35.51379738884261,25.954267936809586
2019-07-24,35.595792141905214,26.01412327692093
2019-07-25,35.480268046024854,25.92846192560239
2019-07-26,35.538154322635215,25.96953212376365
2019-07-29,35.55978591778328,25.985324134852817
2019-07-30,35.57062217075893,25.992727798368445
2019-07-31,35.53266530455856,25.96246279441158
2019-08-01,35.722753005964854,26.10070716179427
2019-08-02,35.70223493917908,26.085298903131054
2019-08-05,35.84245460259139,26.180544478351404
2019-08-06,36.01686347693278,26.302223940483668
2019-08-07,36.13531102164242,26.388585585723888
2019-08-08,36.26929079545175,26.48485083342289
2019-08-09,36.20863794411098,26.438978319440867
2019-08-12,36.390027508385174,26.567300846960514
2019-08-13,36.43069864263428,26.59232077880799
2019-08-14,36.58677448312508,26.701569910467
2019-08-15,36.76447492626316,26.83114416113356
2019-08-16,36.74238798837792,26.81489493217236
2019-08-19,36.67252945799097,26.75931554432308
2019-08-20,36.78479637774671,26.840616957638723
2019-08-21,36.80663415463896,26.85649270349016
2019-08-22,36.741251891795315,26.808731973153066
2019-08-23,36.84202259923117,26.882185184756363
2019-08-26,36.92663483121368,26.943809318393956
2019-08-27,37.09645881396135,27.067654184401047
2019-08-28,37.14495970912798,27.102912905680988
2019-08-29,37.14036703203768,27.09892879060269
2019-08-30,37.17238226309289,27.121655274771417
2019-09-03,37.29785990660889,27.213182650647898
2019-09-04,37.39366467255585,27.28168585418276
2019-09-05,37.189241228325116,27.13099154880805
2019-09-06,37.20094228867192,27.138947883227807
2019-09-09,37.0955128298604,27.060936230577727
2019-09-10,36.944085980436114,26.950240363093826
2019-09-11,37.01163283575989,26.99896876034604
2019-09-12,37.005796906036494,26.994681601475676
2019-09-13,36.864535365571356,26.88052780566758
2019-09-16,37.1385076133563,27.079376291326025
2019-09-17,37.16920372370423,27.091159173729558
2019-09-18,37.1567555634442,27.0820327530262
2019-09-19,37.194804257816905,27.109722727732162
2019-09-20,37.32715277290846,27.205899811951905
2019-09-23,37.39391810630813,27.254470561580934
2019-09-24,37.36598103752704,27.234072133004855
2019-09-25,37.23417644141294,27.137964058846137
2019-09-26,37.29903668324388,27.1850613527595
2019-09-27,37.22671321110507,27.13101797216899
2019-09-30,37.3147679556377,27.19237281653413
2019-10-01,37.25223639335148,27.143747424642942
2019-10-02,37.305951174862514,27.175643791377674
2019-10-03,37.46901557772176,27.29256404042574
2019-10-04,37.596018121368765,27.377741454130707
2019-10-07,37.51203165025954,27.313008705702774
2019-10-08,37.56902924329174,27.346081140179887
2019-10-09,37.60754356426523,27.366396141419955
2019-10-10,37.58564585544656,27.346579840588937
2019-10-11,37.762692418399894,27.46487235610492
2019-10-14,37.79897286576274,27.480925736930015
2019-10-15,37.91418526119585,27.55434892524137
2019-10-16,37.916500089658335,27.548168274141005
2019-10-17,38.012063248136094,27.610738185748936
2019-10-18,38.02351737584693,27.619038104140692
2019-10-21,38.18635480849347,27.730443126248968
2019-10-22,38.171103328025964,27.712485328292892
2019-10-23,38.27115694144256,27.78408934843638
2019-10-24,38.34717713981478,27.837805908369937
2019-10-25,38.389530295703835,27.86841018873916
2019-10-28,38.37364678876391,27.850615004354335
2019-10-29,38.33998847227851,27.824334154846856
2019-10-30,38.4109495553605,27.87391507648067
2019-10-31,38.45911579622888,27.895818576724047
2019-11-01,38.620884564251845,28.01247026732277
2019-11-04,38.610541921457184,28.004831858003342
2019-11-05,38.62558802881252,27.999818250253426
2019-11-06,38.63703089876408,28.000726363799753
2019-11-07,38.72291667226521,28.054238402462314
2019-11-08,38.74862279189442,28.072820627694433
2019-11-11,38.67030499193108,28.01601012472708
2019-11-12,38.67498268766574,28.019323331471654
2019-11-13,38.62525019174159,27.983272875357173
2019-11-14,38.663511707970976,28.000450349397557
2019-11-15,38.823815642695244,28.10481328938981
2019-11-18,38.84016731503374,28.106996696435388
2019-11-19,38.87590391079043,28.12547811568368
2019-11-20,38.93219079739395,28.163002592893204
2019-11-21,38.92785379639246,28.15288442837543
2019-11-22,39.00702001841476,28.20313344739174
2019-11-25,39.127382359543766,28.290074508665604
2019-11-26,39.20211762017789,28.342181178000065
2019-11-27,39.23305875877653,28.36451135821263
2019-11-29,39.113323099613226,28.27733527087678
2019-12-02,39.02193427307338,28.20261800530763
2019-12-03,39.12767967853485,28.27713564417598
2019-12-04,39.21350375961498,28.339021859386737
2019-12-05,39.21918393382849,28.341236960971425
2019-12-06,39.304903816502765,28.40313777213362
2019-12-09,39.27959497164927,28.382368008558995
2019-12-10,39.31361814156438,28.4044733590295
2019-12-11,39.46585063039198,28.51257439575228
2019-12-12,39.60941749103552,28.606762812181067
2019-12-13,39.74730632709097,28.69856577742164
2019-12-16,39.82859549838023,28.75715094699617
2019-12-17,39.87688493069772,28.791912483722598
2019-12-18,39.91605800606282,28.812484731196644
2019-12-19,39.95331633309097,28.83000248885086
2019-12-20,39.9754861956524,28.840718190213007
2019-12-23,40.01386336968533,28.867257235714998
2019-12-24,40.075093638249456,28.91134261152646
2019-12-26,40.209541926241634,29.00346686624048
2019-12-27,40.23839506171827,29.02424438249576
2019-12-30,40.2017892192392,28.99778327371018
2019-12-31,40.21209471875533,29.005114242193834
2020-01-02,40.3987012153596,29.139670774704207
2020-01-03,40.43262028124532,29.16258268483823
2020-01-06,40.44146638586622,29.168740390228276
2020-01-07,40.41343393481456,29.14509421505347
2020-01-08,40.38388190650902,29.121758057727916
2020-01-09,40.44901809378676,29.164264103966946
2020-01-10,40.51568307811021,29.21106489679846
2020-01-13,40.56533082994211,29.24631713063483
2020-01-14,40.55323933086033,29.237439704662382
2020-01-15,40.6363671575993,29.29285014858758
2020-01-16,40.70775839516763,29.339877883377522
2020-01-17,40.738046079293724,29.361161254158084
2020-01-21,40.71204891684997,29.341875394082702
2020-01-22,40.7431148296114,29.364152177053306
2020-01-23,40.760789281114626,29.37684448078731
2020-01-24,40.751588337586455,29.369869368134264
2020-01-27,40.7967593584896,29.393589050116955
2020-01-28,40.83438575969722,29.413279912965063
2020-01-29,40.90521084818674,29.463913560840407
2020-01-30,40.92936171975709,29.479419644918753
2020-01-31,40.87079774767243,29.43709638067371
2020-02-03,40.879688378816574,29.443339461676032
2020-02-04,40.93397654609992,29.48061265937852
2020-02-05,41.015711374910886,29.538249329305447
2020-02-06,41.09638459381332,29.596266154477647
2020-02-07,41.13439785140965,29.622481650880673
2020-02-10,41.24609620807716,29.70277901608113
2020-02-11,41.25397211732214,29.70729174828697
2020-02-12,41.32980560521441,29.760847516897307
2020-02-13,41.348243573328276,29.77308013849458
2020-02-14,41.41813068738901,29.823326711716305
2020-02-18,41.53849364870846,29.907112700700495
2020-02-19,41.56335703488654,29.92485154974183
2020-02-20,41.67400867841681,30.00444385669981
2020-02-21,41.70469601682475,30.026419268457524
2020-02-24,41.795749207194405,30.08435782154426
2020-02-25,41.57393255277297,29.92455717903944
2020-02-26,41.50394885079337,29.87383867571006
2020-02-27,41.42574587336372,29.81404995816482
2020-02-28,41.513318162751816,29.87690589402568
2020-03-02,41.48910156530976,29.85150561821989
2020-03-03,41.99680564049793,30.21671665199489
2020-03-04,42.090300944883495,30.281515517085293
2020-03-05,42.37571955866487,30.484381216361374
2020-03-06,42.85695063213,30.830401949039526
2020-03-09,42.6315140445316,30.667805732619094
2020-03-10,41.83298477728527,30.083797265805387
2020-03-11,41.19251488532971,29.622753702627215
2020-03-12,41.59522798557349,29.886887774005476
2020-03-13,42.627066306851056,30.627991704838696
2020-03-16,42.460644556391934,30.50610432125178
2020-03-17,42.123682717089444,30.26361834046344
2020-03-18,42.76263028411468,30.71347489395929
2020-03-19,43.81813695379822,31.46293361805449
2020-03-20,44.694298545262185,32.09168908858807
2020-03-23,45.15301918350686,32.42046936171655
2020-03-24,45.425703342397064,32.606092834661396
2020-03-25,45.27580133474616,32.488447100941784
2020-03-26,45.21070043456929,32.441700447515956
2020-03-27,45.24419253573296,32.465541513915724
2020-03-30,45.31952335103147,32.51955015248342
2020-03-31,45.19482498369909,32.42331942010822
2020-04-01,45.36622171272951,32.54627517981641
2020-04-02,45.65822591882033,32.74919436332116
2020-04-03,45.816120952212806,32.86241528402722
2020-04-06,46.13151453035313,33.08862311700473
2020-04-07,45.889672859037304,32.915053411713835
2020-04-08,45.83608561816684,32.876560301526666
2020-04-09,46.73452929178783,33.51254250832938
2020-04-13,46.67629892045874,33.46630892114261
2020-04-14,46.751509557746104,33.510167597317185
2020-04-15,47.05973488807018,33.72102018586835
2020-04-16,47.16339853401725,33.79526555315104
2020-04-17,47.05770084740709,33.713481688918876
2020-04-20,47.150255999812316,33.77376003286553
2020-04-21,47.17122551000811,33.78877802738446
2020-04-22,47.31515820729439,33.89186494997425
2020-04-23,47.48737956271141,34.015183911547965
2020-04-24,47.47520131530129,34.004065810171724
2020-04-27,47.237356125486265,33.833695414768854
2020-04-28,47.29929328359335,33.878044491042395
2020-04-29,47.606926724778305,34.09099201149189
2020-04-30,47.17675704248783,33.775484481440174
2020-05-01,47.14589124739471,33.74398468411525
2020-05-04,47.249447420046444,33.808655262594556
2020-05-05,47.315475525741576,33.85010417953131
2020-05-06,47.060038966783864,33.66518475525812
2020-05-07,47.38955135600779,33.895094481958836
2020-05-08,47.519590867424064,33.986743120776026
2020-05-11,47.409275136379875,33.90385227409533
2020-05-12,47.41530940965962,33.90544018293495
2020-05-13,47.470683989958815,33.94502726382842
2020-05-14,47.68213704245238,34.09621880605503
2020-05-15,47.86034281432095,34.22363843852371
2020-05-18,48.53068128290764,34.693172408573936
2020-05-19,48.57725179296382,34.72639466364572
2020-05-20,49.003798811184375,35.0313088312298
2020-05-21,48.7412189803699,34.84021695331025
2020-05-22,48.81224291996992,34.89095708523908
2020-05-26,49.02740342853908,35.041381614276105
2020-05-27,49.3003112369669,35.236398901714814
2020-05-28,49.355310853959644,35.27570153746816
2020-05-29,49.65932424971053,35.492986695694704
2020-06-01,50.07524188532788,35.79023798035635
2020-06-02,50.22459936637195,35.896964187177566
2020-06-03,50.29568551038897,35.94775603630683
2020-06-04,50.21083583503035,35.88706691285449
2020-06-05,50.708636275302474,36.23759572592871
2020-06-08,51.07313425543798,36.492969879962295
2020-06-09,50.917322378221186,36.381619286386886
2020-06-10,51.16821463369754,36.56087469395794
2020-06-11,49.95451332550597,35.692531637158496
2020-06-12,50.30336133952941,35.94167113860587
2020-06-15,50.52616301708855,36.10083482882471
2020-06-16,50.73272356156574,36.24730651194809
2020-06-17,50.68589729132032,36.213841624318974
2020-06-18,50.656711408775614,36.19298544430657
2020-06-19,50.7374303952644,36.25065430551259
2020-06-22,50.9174416247494,36.37925574329881
2020-06-23,51.07999017119417,36.49538750123885
2020-06-24,50.476209602874164,36.06399503102789
2020-06-25,50.74494868058383,36.2559762929532
2020-06-26,50.56959381121446,36.127259099672585
2020-06-29,50.74343393927433,36.25143821148082
2020-06-30,50.99144920947771,36.42519412520171
2020-07-01,51.11629101476046,36.514350855650136
2020-07-02,51.3169173253644,36.65421060194989
2020-07-06,51.772478634723356,36.97613640338428
2020-07-07,51.67441286158684,36.90260143008387
2020-07-08,51.951167751865775,37.10020229755277
2020-07-09,51.9283726305385,37.08374474375845
2020-07-10,51.978239420393855,37.119321383816654
2020-07-13,51.89812791125073,37.06200876695822
2020-07-14,52.221660795920236,37.29301537140129
2020-07-15,52.411472624253136,37.428500172889116
2020-07-16,52.20541735510673,37.28123138617862
2020-07-17,52.41813574769895,37.4328449155487
2020-07-20,52.68781834960575,37.625308733404545
2020-07-21,53.11848662411275,37.93271452993241
2020-07-22,53.63952019158336,38.303924314625355
2020-07-23,53.58917757990543,38.26776679892951
2020-07-24,53.598976168835236,38.273871888623766
2020-07-27,54.11771411696538,38.64358928435398
2020-07-28,54.14709927930967,38.66248252798821
2020-07-29,54.40729941504567,38.84703330238015
2020-07-30,54.19057399400938,38.69159898328732
2020-07-31,54.296973644139385,38.765041382162245
2020-08-03,54.37832919507391,38.82273980431722
2020-08-04,54.83965609974468,39.15112381154663
2020-08-05,54.92548242442462,39.21202149598679
2020-08-06,55.26812337091538,39.45642471430207
2020-08-07,55.00582133623295,39.26905792684725
2020-08-10,55.03297917741054,39.28830168664442
2020-08-11,54.25735049252532,38.734325843704
2020-08-12,54.32794354472443,38.784147835215215
2020-08-13,54.36845307642431,38.80941960179405
2020-08-14,54.19945733742866,38.688358684050314
2020-08-17,54.55451556533395,38.94177740120903
2020-08-18,54.657235850054796,39.01478663783888
2020-08-19,54.31452783154471,38.76807025825046
2020-08-20,54.47900764310788,38.88515609642848
2020-08-21,54.480603140065455,38.883352787329656
2020-08-24,54.54891285446028,38.93191616887562
2020-08-25,54.74607005310997,39.04831632704434
2020-08-26,55.041259574067624,39.25873253499907
2020-08-27,54.81624797882471,39.09800825328941
2020-08-28,55.24580182462216,39.40381748811321
2020-08-31,55.033515722688435,39.252264782006215
2020-09-01,55.252463203364435,39.385966665940295
2020-09-02,55.35266579930704,39.457289032103915
2020-09-03,54.96663695186062,39.18174501478227
2020-09-04,54.911318397659045,39.11871751612904
2020-09-08,54.32953622314721,38.69957429967841
2020-09-09,55.02695361131729,39.1917009369667
2020-09-10,54.540830225368495,38.8407593550067
2020-09-11,54.73710186915866,38.97530415599921
2020-09-14,55.20985680578121,39.30811662756475
2020-09-15,55.446283966251805,39.4763671481957
2020-09-16,55.46080773685263,39.48665715871697
2020-09-17,55.20816069873249,39.306716437432335
2020-09-18,54.97644928056475,39.132627970065904
2020-09-21,54.97644928056475,39.11306165608087
2020-09-22,55.1720852687344,39.2326905868016
2020-09-23,55.47642555182772,39.44910597334249
2020-09-24,55.38947462058601,39.38727544863014
2020-09-25,55.541637547884264,39.49547801187198
2020-09-28,55.6186716212424,39.54121740123071
2020-09-29,55.356626935976514,39.345871106810385
2020-09-30,55.452994239231856,39.40533201232921
2020-10-01,55.678432926351874,39.55468749364369
2020-10-02,55.96075958249314,39.74271712428284
2020-10-05,56.27311582758889,39.942391990570144
2020-10-06,56.28074810894803,39.939185010702005
2020-10-07,56.527983869713445,40.10608321874784
2020-10-08,56.767894333753254,40.276218553233385
2020-10-09,57.00646121743437,40.43081954285281
2020-10-12,57.399248095522374,40.69547015501883
2020-10-13,57.27160948930661,40.593955109544936
2020-10-14,57.114340604201466,40.4822680149839
2020-10-15,57.14896800117368,40.50344826504631
2020-10-16,57.103312216215414,40.46771109614926
2020-10-19,56.8303799343404,40.258185821261385
2020-10-20,57.18358161449577,40.49074339565514
2020-10-21,57.19075029283119,40.48486066232867
2020-10-22,57.314255528272994,40.57206821812361
2020-10-23,57.509638833066965,40.70251617204821
2020-10-26,56.764695254846096,40.141557874533156
2020-10-27,56.999891128215154,40.276703533376846
2020-10-28,57.36352549812465,40.4933745787163
2020-10-29,57.67291274612154,40.702254713471184
2020-10-30,57.741193293707,40.74087531561947
2020-11-02,57.96603631125283,40.88996880775281
2020-11-03,58.04781412719717,40.93169108879559
2020-11-04,58.591105736635356,41.287890113777394
2020-11-05,59.0398899165054,41.59759329244079
2020-11-06,58.956155515253,41.53655056740111
2020-11-09,59.60685813326717,41.974826817116515
2020-11-10,59.68865061407657,42.032104607664465
2020-11-11,59.88206226199425,42.168048272266034
2020-11-12,59.5446077548318,41.93027223112342
2020-11-13,59.80250109119115,42.095734813289454
2020-11-16,60.100883011469385,42.30494543347389
2020-11-17,60.167030921635494,42.35067860158892
2020-11-18,60.060038424094216,42.27524313779881
2020-11-19,60.262590658816535,42.417690128412204
2020-11-20,60.30492956522127,42.44400076848061
2020-11-23,60.34839520628144,42.47453720895466
2020-11-24,60.58802542270267,42.63971894751913
2020-11-25,60.586583267995444,42.638622763793336
2020-11-27,60.7309245803068,42.740171261459814
2020-11-30,60.54349512346169,42.608225131254734
2020-12-01,60.67352441527636,42.69961746195061
2020-12-02,60.65125723153946,42.68379076422345
2020-12-03,60.833463288813235,42.81111716587371
2020-12-04,60.924976640212975,42.875437876866755
2020-12-07,60.90973542571678,42.864596228408736
2020-12-08,60.90501011485844,42.86121238476811
2020-12-09,60.73087463213277,42.7377515948332
2020-12-10,60.94788880428357,42.89040958154622
2020-12-11,60.91637178135693,42.86817987989856
2020-12-14,60.86305206934948,42.83062610608567
2020-12-15,61.18348272829546,43.05514151060404
2020-12-16,61.25367192849779,43.10447900104711
2020-12-17,61.465154402197804,43.25107187106562
2020-12-18,61.35973571032331,43.17649200072879
2020-12-21,61.14787668079982,43.027330893222754
2020-12-22,61.106621273008614,42.99587535403145
2020-12-23,61.278416329838315,43.11430824348962
2020-12-24,61.41151662428887,43.20788386361823
2020-12-28,61.51781866830239,43.2826441186339
2020-12-29,61.577828000061636,43.32473627825634
2020-12-30,61.754368741232064,43.44888755272282
2020-12-31,61.803485772421865,43.48341882457129
2021-01-04,61.70724205944656,43.41565927556402
2021-01-05,61.91321477742502,43.560427184137964
2021-01-06,61.79933244680072,43.45774470098357
2021-01-07,62.07326927948868,43.64633473910071
2021-01-08,62.34752955469621,43.833252709472916
2021-01-11,61.826357612083406,43.46215325354203
2021-01-12,62.16231514086082,43.69826936666821
2021-01-13,62.39142813409711,43.84329656810836
2021-01-14,62.629418807257984,43.99780732851125
2021-01-15,62.24026484130906,43.72186442434262
2021-01-19,62.66042193680938,44.01452692461135
2021-01-20,63.289627791075446,44.4514689623067
2021-01-21,63.28601717617991,44.4487734476308
2021-01-22,62.981979329621765,44.23024700529696
2021-01-25,63.146074385131335,44.34538585636284
2021-01-26,63.0954955504632,44.309848319023224
2021-01-27,62.263283974968566,43.72535049051135
2021-01-28,62.71010048087137,44.03880148273064
2021-01-29,62.168229880170635,43.652554455615224
2021-02-01,62.991718315892605,44.21471907574071
2021-02-02,63.151574466960795,44.32678909657625
2021-02-03,63.28047939416351,44.41682941468436
2021-02-04,63.49214132208938,44.56538576227908
2021-02-05,63.62226136837881,44.656625274308524
2021-02-08,63.89447256300615,44.8474816198401
2021-02-09,63.99704301490925,44.907567537738814
2021-02-10,64.00746068838495,44.91483905165048
2021-02-11,64.14824058955767,45.0135515573543
2021-02-12,64.418619569949,45.20315425126113
2021-02-16,64.4343013806306,45.202347953785996
2021-02-17,64.50842177140048,45.25427075269628
2021-02-18,64.19342231182223,45.03316797655774
2021-02-19,64.25230759829014,45.062819829791295
2021-02-22,64.25174358139579,45.06236537483327
2021-02-23,64.37179818986958,45.14633029773407
2021-02-24,64.64999548595458,45.34135125545125
2021-02-25,63.45266041910937,44.482963063185636
2021-02-26,63.191285044668,44.27740511175883
2021-03-01,63.76526759700469,44.65895529184575
2021-03-02,63.49777408436128,44.471161656340755
2021-03-03,63.4662416473821,44.43454520115192
2021-03-04,64.29093181578715,44.98878020485444
2021-03-05,64.96801352012683,45.44646927754008
2021-03-08,65.06048179493168,45.51106883070845
2021-03-09,65.19442013413116,45.59756517090304
2021-03-10,65.43381498855274,45.764845967860325
2021-03-11,65.88177811105662,46.07315698798971
2021-03-12,66.14349266475838,46.251151000206015
2021-03-15,66.40547136129774,46.43421550745318
2021-03-16,66.3117411504355,46.368539670724864
2021-03-17,66.28202038728135,46.3476049500271
2021-03-18,65.63606270636213,45.89568507429577
2021-03-19,65.69940055843936,45.93947014488544
2021-03-22,65.79979334909915,46.009582138223124
2021-03-23,65.70618742804872,45.94042183296262
2021-03-24,65.98744930466272,46.12840679811806
2021-03-25,66.12484862679612,46.216424825550945
2021-03-26,66.66468812082478,46.57798622627854
2021-03-29,66.68076337862743,46.58914901406221
2021-03-30,66.62040135281943,46.54681226165582
2021-03-31,66.62261289845608,46.548296387439976
2021-04-01,66.99960474990006,46.81152385399684
2021-04-05,67.0790233585895,46.86687751361706
2021-04-06,67.03756201849266,46.83778256848141
2021-04-07,67.09428943213352,46.877372103375194
2021-04-08,67.07175806863934,46.861527102143455
2021-04-09,67.14615862188185,46.91126808343385
2021-04-12,67.13509301652044,46.901284311982785
2021-04-13,67.26380250237104,46.982517267333904
2021-04-14,67.30115381156197,46.99990657175925
2021-04-15,67.74083532551873,47.28511623369473
2021-04-16,67.84691527601701,47.33262588823503
2021-04-19,67.74450018012092,47.26109941723679
2021-04-20,67.65436543203194,47.17739574821342
2021-04-21,67.93689423980976,47.36972943868784
2021-04-22,67.81461004206436,47.28439678631683
2021-04-23,68.00210610391365,47.413054731893666
2021-04-26,68.01543724409265,47.42229590323472
2021-04-27,67.94718757957615,47.359465541535535
2021-04-28,68.04159660228285,47.41015048149716
2021-04-29,68.10307739311347,47.44972670711851
2021-04-30,68.0100208211705,47.38131384673651
2021-05-03,68.26897233982024,47.56039971963297
2021-05-04,68.16965527931394,47.49109860874977
2021-05-05,68.2329504113278,47.53511317742158
2021-05-06,68.49746593887832,47.71731880970399
2021-05-07,68.69748875170117,47.856580498689034
2021-05-10,68.50431677709965,47.7166340952913
2021-05-11,68.28219024552861,47.56185415221227
2021-05-12,67.48592760694424,46.98688412656544
2021-05-13,67.73478917943955,47.1399446429013
2021-05-14,68.20717463381632,47.468406451132786
2021-05-17,68.28144784969136,47.52004357382687
2021-05-18,68.13793876675717,47.41995026782874
2021-05-19,67.75929717386022,47.132367856093175
2021-05-20,68.16643357183432,47.38997944801002
2021-05-21,68.25338406962022,47.44561877294785
2021-05-24,68.54410388218393,47.647683592524714
2021-05-25,68.73979145983489,47.78162860451833
2021-05-26,68.75228115942296,47.79025866758449
2021-05-27,68.7100585959903,47.760818888036695
2021-05-28,68.78444068766935,47.81247451917491
2021-06-01,68.99122100799188,47.95608274761226
2021-06-02,69.2022828459883,48.102690686807655
2021-06-03,68.85271856240787,47.85965220395461
2021-06-04,69.27424307838609,48.15252764063185
2021-06-07,69.31964204429241,48.183895867719556
2021-06-08,69.43511702799258,48.263874523885654
2021-06-09,69.52484632997043,48.32613368371352
2021-06-10,69.78932276918464,48.50971044523032
2021-06-11,69.72708038533416,48.46618383264041
2021-06-14,69.63192198280765,48.39979927139896
2021-06-15,69.55482336139006,48.34616031545796
2021-06-16,69.3271476411964,48.18130575899381
2021-06-17,69.52783922677678,48.31651216449761
2021-06-18,69.6574156892794,48.400153403497725
2021-06-21,69.73436556012301,48.44729250208799
2021-06-22,69.75827220073414,48.46378519309981
2021-06-23,69.71711075592654,48.43516023259239
2021-06-24,69.87327118991918,48.54359016634959
2021-06-25,69.88611764915919,48.552288935367606
2021-06-28,69.96008525335962,48.60361200111099
2021-06-29,70.03004592215284,48.65210924272563
2021-06-30,70.06442755130307,48.67284636452187
2021-07-01,70.1655792731037,48.740016776693196
2021-07-02,70.29989029583427,48.83329307540795
2021-07-06,70.46493002339184,48.9426026206002
2021-07-07,70.59755739819353,49.031550055632
2021-07-08,70.54897478314273,48.99463146269647
2021-07-09,70.61309516769043,49.03592726061972
2021-07-12,70.66508294682677,49.07183601434601
2021-07-13,70.50629490533133,48.96142021886937
2021-07-14,70.6315834136546,49.048274720234566
2021-07-15,70.72614082032952,49.110953909085445
2021-07-16,70.63717796424332,49.04863198568933
2021-07-19,70.82184489409714,49.16370790085979
2021-07-20,71.01739467346204,49.287632300498494
2021-07-21,70.98537196767397,49.264186795319446
2021-07-22,71.14881629543972,49.377156796905076
2021-07-23,71.23164145367414,49.434571419756246
2021-07-26,71.14169393763268,49.37208998721345
2021-07-27,71.23362702451571,49.43582100214071
2021-07-28,71.24744875332091,49.44484086280887
2021-07-29,71.24693782456252,49.44174487729488
2021-07-30,71.28821249673663,49.467646161198324
2021-08-02,71.2887730203479,49.465280846116954
2021-08-03,71.38870834314068,49.534502088146894
2021-08-04,71.3364002138674,49.49693700938933
2021-08-05,71.36920884190944,49.51957698197204
2021-08-06,71.15879717055849,49.37350756523148
2021-08-09,71.03310924429351,49.27481574780446
2021-08-10,70.9428183386062,49.20324474927022
2021-08-11,71.03487420695016,49.26703942211421
2021-08-12,71.10414020704457,49.29657173325058
2021-08-13,71.34662710924394,49.464503604345985
2021-08-16,71.37077184602275,49.481125092642195
2021-08-17,71.30641102022614,49.42480886811634
2021-08-18,71.17782683587498,49.33553830793195
2021-08-19,71.40313849463408,49.48788932756616
2021-08-20,71.48638991351409,49.54548963448069
2021-08-23,71.6026516380318,49.60970751372427
2021-08-24,71.5345812258103,49.562304309618206
2021-08-25,71.45598368990524,49.50512547469937
2021-08-26,71.44164717480713,49.4880324792726
2021-08-27,71.74863449176651,49.69394393861389
2021-08-30,71.85271630624165,49.76589402732734
2021-08-31,71.79809187617604,49.727988101606215
2021-09-01,71.99162697205753,49.85570507699928
2021-09-02,72.13690767926246,49.95503997778182
2021-09-03,72.0994808766919,49.92900461497334
2021-09-07,71.91623879328681,49.77554472997967
2021-09-08,71.9653565241459,49.78280314320994
2021-09-09,72.04779293237051,49.83187241617014
2021-09-10,71.83772223726506,49.685199375417525
2021-09-13,72.07852351245974,49.85163640003816
2021-09-14,72.16257599133068,49.906765368233614
2021-09-15,72.27966677850293,49.98475806794872
2021-09-16,72.24790602739522,49.95555955295732
2021-09-17,72.07775298487594,49.835308456666425
2021-09-20,72.11928253838325,49.85703917338017
2021-09-21,72.14633626864554,49.87563416654414
2021-09-22,72.36044732486852,50.02054550677436
2021-09-23,72.42242314529624,50.04401577942897
2021-09-24,72.39568362206262,50.01536569573921
2021-09-27,72.43538558645446,50.03705008531015
2021-09-28,72.55674249007059,50.08850936485943
2021-09-29,72.81395314460804,50.2370847566592
2021-09-30,72.74540461302767,50.18953483472406
2021-10-01,72.85643875034975,50.26606840857976
2021-10-04,72.91265665246105,50.275646127514335
2021-10-05,73.26341538664366,50.517465636059775
2021-10-06,73.1489943759651,50.438534182108086
2021-10-07,73.36273264565513,50.585841994930604
2021-10-08,73.33458872910892,50.56641238904672
2021-10-11,73.64582186138101,50.78099992816044
2021-10-12,73.70713299954578,50.823156962574586
2021-10-13,73.75710297795284,50.84563500976787
2021-10-14,74.26268187153862,51.162284851910684
2021-10-15,74.29666312262283,51.18108978015183
2021-10-18,74.3384809540687,51.187947280287624
2021-10-19,74.57240464964562,51.324407188161295
2021-10-20,74.86972398258438,51.5251656007888
2021-10-21,74.7819479023707,51.448438189423015
2021-10-22,74.93799005576176,51.55573212562121
2021-10-25,75.15823638137489,51.706898973724506
2021-10-26,75.11964526225438,51.679736498731216
2021-10-27,74.97393742330306,51.574499324223765
2021-10-28,75.36486761023687,51.82840829559073
2021-10-29,75.3258323522603,51.785323679240385
2021-11-01,75.5199824677947,51.91339243197518
2021-11-02,75.5604157971365,51.93569844344236
2021-11-03,75.51832378919559,51.89529503498872
2021-11-04,75.79354226761683,52.05649845009727
2021-11-05,76.21239123943336,52.33340286662357
2021-11-08,76.17748070259246,52.309190215187414
2021-11-09,76.31059478547077,52.400539847939825
2021-11-10,76.24148439861463,52.32562568476694
2021-11-11,76.56906605845909,52.546085968204565
2021-11-12,76.65656379822434,52.60602856911402
2021-11-15,76.76061197107684,52.672356403467205
2021-11-16,76.70551551372056,52.634228824832334
2021-11-17,76.65639715901744,52.600445046592945
2021-11-18,76.63896529618712,52.58301952405947
2021-11-19,76.56952561165882,52.53277713820889
2021-11-22,76.16396011948274,52.247367291765855
2021-11-23,76.32815326987729,52.34615163881892
2021-11-24,76.72061311510177,52.60807800321274
2021-11-26,76.4877164192996,52.42813505597474
2021-11-29,76.6697626304154,52.55263340897517
2021-11-30,76.58936902498303,52.48704226192861
2021-12-01,76.70283406118376,52.55864814371726
2021-12-02,77.06939280818064,52.79979066469545
2021-12-03,77.26819471809092,52.93562588434664
2021-12-06,77.25665607077717,52.92748586078687
2021-12-07,77.48840630755049,53.07374356096173
2021-12-08,77.29086464672069,52.925461397742716
2021-12-09,77.12457473687637,52.80671626985471
2021-12-10,77.22014175388713,52.859009936401506
2021-12-13,77.44428141294108,53.012417472937955
2021-12-14,77.2399218824721,52.872410058994355
2021-12-15,77.39575872017512,52.97885307597556
2021-12-16,77.37260676871745,52.95929784821216
2021-12-17,77.4906918346019,53.03641772665441
2021-12-20,77.27702016064305,52.886335732035455
2021-12-21,77.49801013122689,53.03379367860469
2021-12-22,77.6938700446311,53.16402132683479
2021-12-23,77.72211353043315,53.17991692631193
2021-12-27,78.01923368639284,53.38200763622723
2021-12-28,77.98577420988018,53.35905405977883
2021-12-29,77.9632430083169,53.32266047329335
2021-12-30,78.10762503822767,53.409498402114245
2021-12-31,78.04448887244726,53.358004719279506
2022-01-03,78.24804242865005,53.487703689467466
2022-01-04,78.33923449064898,53.54439302639361
2022-01-05,77.65662925883629,53.06063040737838
2022-01-06,77.75067985234185,53.11668354803424
2022-01-07,77.46187852391176,52.919335631309785
2022-01-10,77.40118674380867,52.868188036642536
2022-01-11,78.18136679042894,53.36214376034707
2022-01-12,78.57196287972702,53.628575589846136
2022-01-13,78.02379328989376,53.22824000623614
2022-01-14,78.18396856370428,53.32695162950336
2022-01-18,78.89068127727023,53.779325397312974
2022-01-19,79.9857841098303,54.510587540444476
2022-01-20,80.16170418152026,54.63017521760099
2022-01-21,79.80981334906905,54.37467949164146
2022-01-24,79.59508288634471,54.22832845218521
2022-01-25,79.85253728898407,54.40366055078662
2022-01-26,79.6907191199377,54.26475583842886
2022-01-27,80.30582452529691,54.662627823323845
2022-01-28,80.3003868633661,54.6587045547225
2022-01-31,79.92319631128389,54.401957437862734
2022-02-01,79.90285603935378,54.375509016845385
2022-02-02,79.99474760305414,54.4024910336198
2022-02-03,80.24507396220018,54.55383612984652
2022-02-04,80.80337088635274,54.93336557982642
2022-02-07,81.59820096353914,55.45803529087372
2022-02-08,81.87735003630391,55.632475189326904
2022-02-09,82.67523993890082,56.160199268274525
2022-02-10,82.28098034389365,55.87783614670194
2022-02-11,83.98147476491972,57.0176923599268
2022-02-14,84.40483826312085,57.27573762863514
2022-02-15,83.8779143620251,56.88865304476318
2022-02-16,84.45628853595193,57.28084792468034
2022-02-17,84.87605797897642,57.56546371205744
2022-02-18,85.093380156353,57.68292446077718
2022-02-22,85.35424940370596,57.859722806940255
2022-02-23,85.81190265749174,58.16977080185147
2022-02-24,85.82103844168854,58.175929927216885
2022-02-25,85.5152892373508,57.96816389686962
2022-02-28,86.1297155441701,58.38450442129244
2022-03-01,87.87462801173704,59.567167104403694
2022-03-02,87.89955584014416,59.58394190883575
2022-03-03,88.07296290954274,59.70127922607254
2022-03-04,89.47119622978377,60.64904712320038
2022-03-07,90.45088022744865,61.31300425136741
2022-03-08,91.7109264207498,62.166964187857076
2022-03-09,89.29214774152074,60.52670419782359
2022-03-10,89.58149201116969,60.7219995111077
2022-03-11,89.82612448400013,60.88767510065442
2022-03-14,88.7532390223459,60.16040708944427
2022-03-15,87.8199111200505,59.52749887039438
2022-03-16,87.63681597338037,59.403137541726515
2022-03-17,88.39755053057782,59.90964357096598
2022-03-18,88.35649717502774,59.874101125932555
2022-03-21,88.9629244309123,60.28496577073929
2022-03-22,88.76958340247795,60.153882658668856
2022-03-23,89.30435230283128,60.50822518222616
2022-03-24,89.73345384516642,60.791011428875976
2022-03-25,89.89028180549725,60.8971795478653
2022-03-28,89.3312422227933,60.5182886701741
2022-03-29,89.87033008220772,60.87666263109114
2022-03-30,89.73355467786249,60.78373961246093
2022-03-31,89.32783269968378,60.50210229219038
2022-04-01,89.5580391738754,60.65126270377498
2022-04-04,90.09056317533923,60.995275666626405
2022-04-05,89.83791216806465,60.79815262408238
2022-04-06,89.91635334379644,60.84430108870008
2022-04-07,90.04946122773063,60.93405277617573
2022-04-08,90.25561539210983,61.07350927245104
2022-04-11,90.32963455979116,61.11603305416965
2022-04-12,91.03077965069932,61.59031237107882
2022-04-13,91.44458543029191,61.86264712886929
2022-04-14,91.54252113536393,61.92122608609842
2022-04-18,91.88859202526974,62.15514927064501
2022-04-19,91.6978873414047,62.01831497533696
2022-04-20,91.7473502288911,62.051390824577
2022-04-21,91.78078605507726,62.059326269914
2022-04-22,91.59485833660628,61.919631927633176
2022-04-25,91.65951111997194,61.9633122387389
2022-04-26,91.90960148737904,62.13224968920772
2022-04-27,92.1484753146931,62.29363678255545
2022-04-28,93.09146031094848,62.93109620658599
2022-04-29,92.6345681396838,62.60780975148448
2022-05-02,93.22470715249636,63.00660806761216
2022-05-03,92.8327907711718,62.74166396332689
2022-05-04,92.66900302450739,62.63090950722892
2022-05-05,93.38774362394541,63.116565715995456
2022-05-06,93.77407597458838,63.37752422181775
2022-05-09,93.01357774615417,62.863530294911065
2022-05-10,93.21491811306956,62.9917826252069
2022-05-11,93.85158286994196,63.41445822514721
2022-05-12,94.71474351699186,63.997563984335486
2022-05-13,94.76874632284553,64.03398918626799
2022-05-16,94.69526237227618,63.98432116677589
2022-05-17,93.73407551022592,63.33482996162299
2022-05-18,93.89378069578191,63.44258720805196
2022-05-19,93.21725869023271,62.985404135209535
2022-05-20,93.55016459935977,63.21009883055349
2022-05-23,92.85284553098339,62.73892306487557
2022-05-24,92.61929587022604,62.58103417890455
2022-05-25,92.98526305398372,62.82827914919133
2022-05-26,93.49959973670023,63.15187930355595
2022-05-27,93.77549494051543,63.33779118303017
2022-05-31,93.57164279987376,63.19993324399781
2022-06-01,94.21212774197409,63.609066242828675
2022-06-02,94.53345329414844,63.79269229712935
2022-06-03,95.2095126299094,64.21548894217102
2022-06-06,95.24172420312466,64.23720247913559
2022-06-07,95.41288862283746,64.33873431330449
2022-06-08,95.9215258608566,64.66778357048496
2022-06-09,96.4109588954663,64.98543434262035
2022-06-10,96.95365832862598,65.35120512030585
2022-06-13,97.80543978774902,65.92527787118185
2022-06-14,97.71896690401496,65.8668871739541
2022-06-15,96.83798135258365,65.27297357669046
2022-06-16,96.1303274593274,64.79584847998996
2022-06-17,96.34022375399198,64.93712290372764
2022-06-21,96.15206484271759,64.81025022982813
2022-06-22,96.01396161592339,64.70845870389404
2022-06-23,96.11753139756622,64.7782593956436
2022-06-24,95.91039183428053,64.63865801214448
2022-06-27,96.02178396095707,64.70511800018525
2022-06-28,96.77838191555234,65.21494869950855
2022-06-29,96.98892990315322,65.35680567719191
2022-06-30,96.67773563929279,65.13836436946738
2022-07-01,97.30452733914103,65.52308252333832
2022-07-05,98.0937772209611,66.05430359463956
2022-07-06,98.5420044060669,66.31821028482945
2022-07-07,98.57648459389968,66.34141525575669
2022-07-08,98.50753184659426,66.29501044774534
2022-07-11,99.64534753163527,67.06075395297164
2022-07-12,99.78590208725934,67.1161335591696
2022-07-13,100.15290225986756,67.34825636071835
2022-07-14,100.15070709911156,67.33200728477696
2022-07-15,100.3431038245372,67.44671054500226
2022-07-18,99.76851788993511,67.06043366436214
2022-07-19,100.06277208083225,67.24132252281409
2022-07-20,100.32002174156415,67.39489812826658
2022-07-21,101.12742837415308,67.90990768956591
2022-07-22,101.51589439697665,68.17050445799867
2022-07-25,101.18511190972467,67.94823497890326
2022-07-26,101.18849162181573,67.95042516616242
2022-07-27,101.68486461867484,68.2783102189483
2022-07-28,102.50663087093506,68.82986303199355
2022-07-29,102.7256223887435,68.9767133912664
2022-08-01,102.90769814263255,69.09864108217445
2022-08-02,102.11433805704212,68.5658083652444
2022-08-03,102.86789631387374,69.07156947970692
2022-08-04,103.06380902618257,69.19516850132499
2022-08-05,102.45714697278716,68.77990407779829
2022-08-08,103.04517202314555,69.17025108035813
2022-08-09,102.79290791421043,68.99348028299733
2022-08-10,103.59688717014738,69.52120161864657
2022-08-11,103.18313890878089,69.22527481615813
2022-08-12,104.17668091360557,69.86544718808383
2022-08-15,104.30915361905096,69.94353318460013
2022-08-16,104.18444348789284,69.85955704905058
2022-08-17,103.59794661327507,69.46070730513009
2022-08-18,103.76142375307587,69.5647634168162
2022-08-19,103.06934841713544,69.08983999179439
2022-08-22,102.46140432725038,68.64866808748663
2022-08-23,102.17626284323298,68.44740783326925
2022-08-24,102.4698007104833,68.63898716007076
2022-08-25,103.40590222697188,69.24560553695375
2022-08-26,102.29272169145074,68.46832165360912
2022-08-29,102.71752097144142,68.72772393209438
2022-08-30,102.6822626602373,68.67954183761032
2022-08-31,102.61177723297281,68.63239730918508
2022-09-01,103.52826715948774,69.24539615261828
2022-09-02,103.56350987311998,69.2689684168309
2022-09-06,104.16275298665721,69.66977515229658
2022-09-07,103.42251562223319,69.17466371121019
2022-09-08,103.63401089795636,69.31612337776963
2022-09-09,103.84650656385793,69.41845350154858
2022-09-12,104.61823120460295,69.92603341323746
2022-09-13,105.25962271135862,70.31925692051797
2022-09-14,105.3360657820102,70.37007247568019
2022-09-15,105.407773477114,70.40116782727746
2022-09-16,105.91847519440881,70.72555807008439
2022-09-19,105.86360161539956,70.68883359809519
2022-09-20,106.36806135516424,71.00882328017721
2022-09-21,107.63830084227777,71.83969179092865
2022-09-22,107.79115360529632,71.94142919001041
2022-09-23,109.48836868593864,73.05655797650631
2022-09-26,110.71613823772054,73.87579218848762
2022-09-27,110.75225803615105,73.89989327045467
2022-09-28,109.3078176298159,72.93608455218134
2022-09-29,108.8744839100477,72.64694087051566
2022-09-30,108.8744839100477,72.64694087051566
2022-10-03,110.94033641844851,74.00752999694711
2022-10-04,110.92291579705373,73.97087757494836
2022-10-05,111.24655213830273,74.16168125430117
2022-10-06,112.280309041677,74.8395332610692
2022-10-07,112.44419065025654,74.94860322151324
2022-10-10,111.96903544656305,74.63183475904354
2022-10-11,112.04262843378424,74.65488896159597
2022-10-12,112.04262843378424,74.65488896159597
2022-10-13,111.91261490240386,74.55433111451678
2022-10-14,112.68953130434336,75.05798991634695
2022-10-17,111.54266328590474,74.29410699690465
2022-10-18,111.46866968855193,74.24482282099498
2022-10-19,112.28258288916784,74.78693785242254
2022-10-20,112.35657648652065,74.8362220283322
2022-10-21,112.50386467605405,74.91711316772596
2022-10-24,112.47396886191667,74.89716306839199
2022-10-25,111.78848594319244,74.44067210139467
2022-10-26,113.3889404716049,75.44908625547886
2022-10-27,114.1528751777969,75.89970571787289
2022-10-28,114.71240158444867,76.2506457760719
2022-10-31,114.19788507488191,75.8977823609673
2022-11-01,114.87189364545675,76.33489134670394
2022-11-02,115.02969544007084,76.40070963085
2022-11-03,115.72074386549716,76.85964750229975
2022-11-04,119.456271373532,79.28091608290475
2022-11-07,119.62253570613619,79.36831837588038
2022-11-08,120.60814480325203,79.99464979659871
2022-11-09,118.85978057733264,78.79490131817315
2022-11-10,123.0674724785849,81.5279268335435
2022-11-11,123.96531442123754,82.12168586914812
2022-11-14,123.1720427695677,81.59598574569382
2022-11-15,124.2525099221948,82.31166719340854
2022-11-16,124.25700428447011,82.3078589423635
2022-11-17,123.56960210741558,81.84895548147317
2022-11-18,123.55796454682064,81.83427517782275
2022-11-21,123.27750923651594,81.64155486135085
2022-11-22,124.21662322222173,82.26336409788225
2022-11-23,125.2583941230039,82.95318672501523
2022-11-25,125.24661044458803,82.94502728781966
2022-11-28,124.15566221967109,82.22249731284684
2022-11-29,124.45688596702071,82.42171859258562
2022-11-30,126.54142486654396,83.80200468224534
2022-12-01,127.8399158055885,84.66171574976639
2022-12-02,128.21098969430858,84.90706259524912
2022-12-05,126.49010524575378,83.76721055910797
2022-12-06,126.46358397162618,83.74949625899515
2022-12-07,127.42931901324039,84.38898583288255
2022-12-08,127.6900328780263,84.56144539552594
2022-12-09,127.14759839948303,84.20197737707191
2022-12-12,127.27701907053044,84.28755028473432
2022-12-13,128.6541457605409,85.19943388088323
2022-12-14,128.57291829811032,85.14532787045975
2022-12-15,127.32876369633972,84.32129033593806
2022-12-16,126.84092034685341,83.99213764234423
2022-12-19,126.0080781681554,83.43474218900383
2022-12-20,126.00555350064158,83.43300757780698
2022-12-21,126.68277347765408,83.8699580618966
2022-12-22,126.03527949760102,83.42976425728816
2022-12-23,125.95698147484369,83.37208841642341
2022-12-27,125.69052893860633,83.18820494649417
2022-12-28,124.84879106268245,82.6119075340773
2022-12-29,126.15223038882198,83.4497542222453
2022-12-30,125.87802657296481,83.25507657178736
2023-01-03,126.7915188570887,83.85127347434283
2023-01-04,128.18443880782127,84.76656711293292
2023-01-05,127.63627000629641,84.39811778176781
2023-01-06,129.88766061774712,85.88095888505802
2023-01-09,130.26624991073479,86.13114605467946
2023-01-10,130.14659969819962,86.04563229602168
2023-01-11,131.21743122405525,86.75350702403345
2023-01-12,132.52263285026837,87.61626823436367
2023-01-13,132.8115637432057,87.80314869429685
2023-01-17,132.45193755441005,87.56509857028074
2023-01-18,132.5245810214944,87.61292744860575
2023-01-19,132.73162189331623,87.7436170227868
2023-01-20,132.97232941839758,87.8965156488428
2023-01-23,132.96074497843333,87.88872405090713
2023-01-24,133.307093185017,88.11699934357979
2023-01-25,133.60125389845675,88.31137040426144
2023-01-26,133.76713417048552,88.42081324102517
2023-01-27,133.4092703483648,88.18419602197648
2023-01-30,132.48739296590074,87.57479231006222
2023-01-31,133.483209145705,88.23287800063945
2023-02-01,134.80769800562987,89.1041197507284
2023-02-02,134.7879676813941,89.09075496662679
2023-02-03,132.9704045039069,87.88490413585497
2023-02-06,132.32813509757162,87.44784580920789
2023-02-07,132.60843938704068,87.62924539638051
2023-02-08,132.56885383229059,87.60257785030065
2023-02-09,131.99312532467772,87.20568019518683
2023-02-10,132.30896349022,87.38289717715281
2023-02-13,132.6691210101832,87.62040620705652
2023-02-14,132.53451462894492,87.5311153481288
2023-02-15,132.60694260307676,87.56405750065107
2023-02-16,132.01936013626167,87.17586157319325
2023-02-17,131.90311283945076,87.07748118410791
2023-02-21,130.78245946544754,86.33764637360633
2023-02-22,130.751095890816,86.30250312627874
2023-02-23,131.22255100184523,86.5992923484658
2023-02-24,132.19697439936095,87.19135946209445
2023-02-27,132.38615784059928,87.2715914521067
2023-02-28,132.2839255647571,87.18295856441827
2023-03-01,132.4093863427205,87.25065408307188
2023-03-02,133.04537807805553,87.65126076393837
2023-03-03,134.21718748122666,88.39977259263179
2023-03-06,134.2338975915608,88.41057634415169
2023-03-07,134.63924019916487,88.63023613256645
2023-03-08,134.86908245908185,88.7576821584728
2023-03-09,134.4919621607551,88.46360029358756
2023-03-10,136.05122681483144,89.44199837026757
2023-03-13,136.71208482113565,89.84378358174001
2023-03-14,135.9594152435705,89.31632890130257
2023-03-15,137.47412613304226,90.27896209618154
2023-03-16,137.1309262091873,90.05333892195374
2023-03-17,138.45074825949735,90.8966582047499
2023-03-20,137.93504986680767,90.54095797928234
2023-03-21,137.61413445118336,90.30597305339222
2023-03-22,139.30724504758265,91.38905328214572
2023-03-23,139.9518056213398,91.81166461236172
2023-03-24,140.1202096009365,91.90055547553145
2023-03-27,138.76681657118658,90.98175278066651
2023-03-28,139.00252978829644,91.12397069349008
2023-03-29,139.6095078912334,91.49625520318615
2023-03-30,140.45399380020248,92.02650402464893
2023-03-31,141.49619645890314,92.70923032828843
2023-04-03,142.44948307048494,93.32916183064239
2023-04-04,143.1089773919007,93.76105882624255
2023-04-05,143.1081320585482,93.76020444546818
2023-04-06,143.1978407400825,93.81881519391082
2023-04-10,142.5998697905391,93.41889052236726
2023-04-11,143.0543575276227,93.7162609590143
2023-04-12,143.2850752596717,93.86726137373988
2023-04-13,144.10885859381713,94.406384523763
2023-04-14,143.2834762914494,93.8651474819084
2023-04-17,142.74587803387874,93.50596686284709
2023-04-18,143.05009085052413,93.69829709072964
2023-04-19,142.48152301559227,93.32572317653116
2023-04-20,142.5398576183576,93.36356329355685
2023-04-21,142.4529611352497,93.29852325514427
2023-04-24,143.07618995855157,93.7064189019907
2023-04-25,142.9450779030443,93.6203966331822
2023-04-26,142.29542380283783,93.1904144603733
2023-04-27,142.55788713176509,93.36221167259765
2023-04-28,143.52002071322298,93.97541280124751
2023-05-01,142.54291383402548,93.3251470384959
2023-05-02,143.51582750809564,93.94731003155697
2023-05-03,143.83704712360606,94.15720334484601
2023-05-04,143.8308858190317,94.14464127259865
2023-05-05,144.18299656909608,94.36923270822285
2023-05-08,143.7643185464244,94.0885202617714
2023-05-09,143.49511835153132,93.89847593715358
2023-05-10,144.01278723506357,94.223365324683
2023-05-11,143.5587033480525,93.91959909012635
2023-05-12,143.26247409523575,93.70987970447301
2023-05-15,143.54763435395165,93.88379630313008
2023-05-16,142.80068539676222,93.35291002309226
2023-05-17,143.28766835424022,93.65031323568809
2023-05-18,143.67396717549877,93.89114705137645
2023-05-19,143.71721213685092,93.91927274872396
2023-05-22,144.09778488942462,94.16789173652012
2023-05-23,143.34029919246385,93.63493952438444
2023-05-24,143.57180296729803,93.76084580364753
2023-05-25,144.41540506294976,94.29986226963257
2023-05-26,145.54685159072827,95.00029507178382
2023-05-30,145.72276722703785,95.07645725760831
2023-05-31,145.63563116321745,94.98480121221289
2023-06-01,145.49909488138448,94.86113015899281
2023-06-02,147.29891059307846,95.99970771351602
2023-06-05,147.0218390026748,95.80552232534032
2023-06-06,147.719154701919,96.24628790151465
2023-06-07,147.64348027570668,96.18328534075343
2023-06-08,147.93790394780385,96.36151008279676
2023-06-09,148.07570714093964,96.45084633063583
2023-06-12,148.36849356034944,96.64125305804677
2023-06-13,148.90043835789524,96.98728932930453
2023-06-14,149.01910339224835,97.06431886865289
2023-06-15,149.7960972523802,97.55314526299843
2023-06-16,149.5870953297351,97.39967561516642
2023-06-20,148.94122849884815,96.96188559504927
2023-06-21,148.55056183692085,96.69946443000815
2023-06-22,148.45843644030433,96.6086751273138
2023-06-23,148.5005493522432,96.59569007064552
2023-06-26,148.83644800200398,96.80444397519625
2023-06-27,149.28295927968483,97.0748993837786
2023-06-28,149.72258985892682,97.36054367247534
2023-06-29,149.961147744615,97.48871174824404
2023-06-30,150.757778441536,97.97840647079757
2023-07-03,150.94785511572465,98.10098904187836
2023-07-05,151.06208672619445,98.14692333785656
2023-07-06,150.33995124522085,97.63716857225849
2023-07-07,150.30294231208563,97.59519272948826
2023-07-10,150.7322274663594,97.83537814922299
2023-07-11,152.09805036323996,98.7061118561783
2023-07-12,154.14935613357235,100.01108624147919
2023-07-13,155.64258208510375,100.9608797297122
2023-07-14,154.74107647064204,100.35691676587683
2023-07-17,154.751406674882,100.34456005059434
2023-07-18,155.29634939588183,100.68914830113052
2023-07-19,155.7570135858901,100.98073006589021
2023-07-20,154.8700515795573,100.39857429917566
2023-07-21,155.0534010918355,100.51670033915146
2023-07-24,155.42450200902337,100.73121753748026
2023-07-25,155.72606109559692,100.91580250086166
2023-07-26,156.31159886025807,101.27758829242532
2023-07-27,154.74566701762475,100.22183073333127
2023-07-28,156.05111353683083,101.03942023445383
2023-07-31,156.63224836290834,101.4153189310071
2023-08-01,155.89407285085807,100.90920841604513
2023-08-02,154.759865161738,100.1562586343215
2023-08-03,154.61211307342703,100.06012083447554
2023-08-04,154.45802381148565,99.96003755478719
2023-08-07,155.08184808436388,100.35111892949938
2023-08-08,155.0398735223148,100.31351592716463
2023-08-09,155.0276536924944,100.29151181850959
2023-08-10,155.10981009871682,100.31930465135409
2023-08-11,155.12343337763036,100.30275232784058
2023-08-14,155.4086630963791,100.48683637935395
2023-08-15,154.95308702824468,100.17121843423142
2023-08-16,154.81776857329004,100.03627696061659
2023-08-17,155.01545462206542,100.1639665532271
2023-08-18,155.42003240280613,100.42525212302934
2023-08-21,155.20610946708643,100.2870025057372
2023-08-22,155.53301726385467,100.49816435599828
2023-08-23,156.33717667337007,100.96449199493169
2023-08-24,156.9658084071264,101.32779907826652
2023-08-25,157.60395823259742,101.69747264489453
2023-08-28,157.73543349874518,101.78206860318897
2023-08-29,158.7545039155039,102.40732146959976
2023-08-30,158.80089871684154,102.4371257560071
2023-08-31,158.9872977796659,102.55721418071467
2023-09-01,159.51651407647657,102.89851429671975
2023-09-05,159.4117758148143,102.80624397712704
2023-09-06,159.19575875272653,102.66665504081537
2023-09-07,159.49318703582077,102.83755717000224
2023-09-08,159.60712664396968,102.91091825577506
2023-09-11,159.6778259773657,102.93505310191524
2023-09-12,159.96581300791772,103.0992462229241
2023-09-13,160.20528926427053,103.25314323004868
2023-09-14,161.1523682774985,103.84181289734818
2023-09-15,160.8652727492456,103.63496547919425
2023-09-18,161.05769495372698,103.73524514521621
2023-09-19,160.88656917310573,103.60131688865268
2023-09-20,160.70521972244364,103.43670840941567
2023-09-21,160.90413788525325,103.52804334052158
2023-09-22,161.29848594636007,103.78175725234355
2023-09-25,161.67497834090275,104.02399030743888
2023-09-26,162.26881901202248,104.40601535408055
2023-09-27,163.72956567176126,105.34549336592939
2023-09-28,162.4872464007123,104.54584817611371
2023-09-29,162.27850106662504,104.41153697018451
2023-10-02,162.65782174500737,104.65554616719363
2023-10-03,163.01861564177045,104.88753331400365
2023-10-04,162.52939746124463,104.55076501054437
2023-10-05,161.98581773130735,104.2010948739605
2023-10-06,161.65967227762349,103.99129432575204
2023-10-09,162.9476480901661,104.79843289624334
2023-10-10,162.46141321630458,104.48550816700826
2023-10-11,162.46141321630458,104.46423129442891
2023-10-12,163.83077980456633,105.34474701302962
2023-10-13,166.70355302567765,107.14208980613401
2023-10-16,165.8814848051135,106.61053788359749
2023-10-17,166.12339703440975,106.76552279086683
2023-10-18,167.51003423194115,107.65646532312893
2023-10-19,168.42470051436814,108.23129410813945
2023-10-20,168.61773306012293,108.35480821841149
2023-10-23,167.26441920933271,107.48506739099955
2023-10-24,167.75790257080172,107.78933513702769
2023-10-25,168.67167990240705,108.36172551171576
2023-10-26,169.02030935432379,108.57125120362306
2023-10-27,170.15338652481208,109.27306941296892
2023-10-30,169.66491358895846,108.94679228751467
2023-10-31,169.99165078169145,109.14122523618329
2023-11-01,169.83675784703112,109.0417599836915
2023-11-02,170.33771202005173,109.32252836198722
2023-11-03,171.49263611288643,110.00020944209201
2023-11-06,171.2094295327961,109.784896632676
2023-11-07,171.6132805541824,110.01032019596865
2023-11-08,171.74186750544047,110.08578492326524
2023-11-09,171.10633482169558,109.66303685525432
2023-11-10,171.61294151076353,109.9698003833223
2023-11-13,171.6615129376992,110.00042770737234
2023-11-14,175.03541046912105,112.14174648737509
2023-11-15,174.7232628609352,111.94093541415238
2023-11-16,175.42093858904565,112.38770529407704
2023-11-17,175.90004990399703,112.69412296615847
2023-11-20,176.42048951110166,113.02736576862169
2023-11-21,176.56224615228217,113.11785072346102
2023-11-22,176.77111095222148,113.25151286246737
2023-11-24,176.89864205223873,113.33307579586392
2023-11-27,177.59407943077093,113.7784540800296
2023-11-28,178.56660677520367,114.40133048418154
2023-11-29,179.21411717527198,114.81599004183909
2023-11-30,179.00871617854023,114.68412469074723
2023-12-01,180.9833815943143,115.94913025099922
2023-12-04,179.58386998232132,115.052142417864
2023-12-05,179.7740092197425,115.17333401957958
2023-12-06,179.98703619006193,115.30932935699347
2023-12-07,180.28159441418717,115.49795966197335
2023-12-08,179.6388110716424,115.08020663268914
2023-12-11,179.62356294157428,115.06976059884019
2023-12-12,180.05352023444465,115.34484518413558
2023-12-13,183.36102698590057,117.45790592077996
2023-12-14,185.24873294056334,118.66619843055415
2023-12-15,184.3425956369714,118.08537394599394
2023-12-18,184.3095933633473,118.06408320349885
2023-12-19,185.22090979782706,118.64764776473505
2023-12-20,184.52006414368813,118.19854423695061
2023-12-21,185.67362328287533,118.93714757301075
2023-12-22,185.52547010741975,118.84200643490294
2023-12-26,186.25711834361277,119.31058699340572
2023-12-27,187.35498186240594,120.01367016138009
2023-12-28,186.99563820796786,119.78330197721438
2023-12-29,186.33751830431748,119.361496108817
2024-01-02,185.3760590191656,118.74550414373117
2024-01-03,184.48479550700972,118.16861299491902
2024-01-04,183.83743424216826,117.75360723472627
2024-01-05,183.63347780706007,117.6228089769899
2024-01-08,184.770927016785,118.35121753698829
2024-01-09,184.28657560390857,118.0408307900809
2024-01-10,184.37059851670776,118.09446506171705
2024-01-11,184.8569401216523,118.40586794996779
2024-01-12,185.37085536843045,118.73488255392027
2024-01-16,184.26091402013517,118.00325242327806
2024-01-17,183.50557085580311,117.50898836266657
2024-01-18,184.0516521568862,117.8435363128701
2024-01-19,184.5487389098643,118.1549629934684
2024-01-22,184.9165608637187,118.3862596584589
2024-01-23,184.8124518618954,118.31297066926402
2024-01-24,184.67629916120518,118.21507066439351
2024-01-25,185.83932320890398,118.95931927681531
2024-01-26,185.82722082859186,118.95132063136953
2024-01-29,186.52204599738815,119.3792675726094
2024-01-30,186.63908505571536,119.45407206803847
2024-01-31,186.33619836061027,119.25413929465321
2024-02-01,187.44258722683958,119.95604258539156
2024-02-02,186.76107630138912,119.50953841525063
2024-02-05,186.04156635575262,119.03070954807247
2024-02-06,186.9801386240255,119.60687957958291
2024-02-07,187.1022158791161,119.68466129460792
2024-02-08,187.28385401955518,119.75881681693416
2024-02-09,187.72936569405147,120.04359161996153
2024-02-12,187.94528811907423,120.18121729510814
2024-02-13,186.8885793681861,119.47367150332745
2024-02-14,187.71193846555968,119.96785295849766
2024-02-15,188.49403739462326,120.4675036905218
2024-02-16,188.73954202770196,120.61584325745501
2024-02-20,188.6138462700375,120.5269419136524
2024-02-21,188.6712987028008,120.56335264595208
2024-02-22,190.098928380412,121.47556132309752
2024-02-23,190.1110668393426,121.4685639233194
2024-02-26,189.74161276700062,121.23128831897814
2024-02-27,190.17457885773382,121.49205344415962
2024-02-28,189.7892941131617,121.23003282075621
2024-02-29,190.2175638419908,121.50309960921427
2024-03-01,191.8909477237123,122.55734884534398
2024-03-04,192.48029370005946,122.93324186617647
2024-03-05,192.26330989702498,122.76960190465017
2024-03-06,193.22227046327197,123.36948471871221
2024-03-07,193.7517836853709,123.70694074148072
2024-03-08,193.79306402202187,123.73296641455381
2024-03-11,193.76272333513785,123.7134798250682
2024-03-12,193.733156510712,123.6944450930497
2024-03-13,194.148217503667,123.93520754473872
2024-03-14,193.87819337822046,123.71977612443855
2024-03-15,193.69928698941175,123.60472306262831
2024-03-18,194.23470198689964,123.94551743470775
2024-03-19,194.5759906580422,124.1630460922966
2024-03-20,195.59666941173137,124.8063140727732
2024-03-21,195.69281603890332,124.85173617973805
2024-03-22,195.53130674971268,124.73107355592754
2024-03-25,195.35055911483488,124.60967147117923
2024-03-26,195.2571620098679,124.5500368190856
2024-03-27,196.43823041571653,125.29053916343196
2024-03-28,196.80991145679357,125.52720460063611
2024-04-01,196.80987558942968,125.49044716331237
2024-04-02,197.29965207834206,125.79421809820994
2024-04-03,197.92977135219135,126.1955008663686
2024-04-04,197.21873571851788,125.74179649624053
2024-04-05,198.18348705241715,126.35645280210821
2024-04-08,198.8478887327888,126.77157279647017
2024-04-09,199.35286926235773,127.09342926201073
2024-04-10,198.64013471427708,126.60288362659276
2024-04-11,199.8923282476843,127.40015301435619
2024-04-12,198.5746848625382,126.54024352736133
2024-04-15,200.41566583186605,127.67033450148796
2024-04-16,199.95656887072997,127.37745312628473
2024-04-17,198.5943357689292,126.50952338185925
2024-04-18,198.93784127226826,126.72794697542247
2024-04-19,199.4246361540433,127.03763853953045
2024-04-22,197.06388590736225,125.5333004048548
2024-04-23,197.2780239048592,125.62558089043516
2024-04-24,197.10464263394667,125.47101085680494
2024-04-25,197.56671889549554,125.74323320880993
2024-04-26,198.33160149601588,126.22903722403984
2024-04-29,198.42135603619923,126.2349105589581
2024-04-30,196.83828321773444,125.17651193529734
2024-05-01,197.3394635664809,125.48214080015664
2024-05-02,197.88651579771133,125.78777938856207
2024-05-03,198.58943030187532,126.20418486371028
2024-05-06,199.63639186378532,126.85025804275168
2024-05-07,199.69123470882474,126.86454281407754
2024-05-08,199.5121902440593,126.73023019306278
2024-05-09,200.27310317824322,127.19292773793605
2024-05-10,200.5115938369164,127.30719897480871
2024-05-13,200.49172072515302,127.2648786328513
2024-05-14,201.17775680027583,127.68469964705773
2024-05-15,202.75890627092045,128.6803762607503
2024-05-16,202.51787463772536,128.52713767939267
2024-05-17,203.04344048156136,128.86039211662302
2024-05-20,203.0464860322611,128.86187519576282
2024-05-21,203.15145817783403,128.92844163551638
2024-05-22,202.35073662574925,128.4199984066664
2024-05-23,201.31575070191408,127.7569452247137
2024-05-24,201.8014029449332,128.06436516810567
2024-05-28,201.93735344956957,128.12266583033934
2024-05-29,200.86309936400332,127.39253574967165
2024-05-30,201.07862394596563,127.46805007405801
2024-05-31,201.53613130021932,127.75156986094596
2024-06-03,202.6688704885598,128.44794529504105
2024-06-04,202.97984454821412,128.62591181719495
2024-06-05,204.2634751249477,129.42039964381092
2024-06-06,204.70880043152997,129.70232707931646
2024-06-07,203.3146462269639,128.79708005992492
2024-06-10,203.51406061672972,128.92267782853426
2024-06-11,203.63992182807144,129.00208105722407
2024-06-12,204.6706007899434,129.65464166060403
2024-06-13,204.96611513051715,129.84116273858191
2024-06-14,205.31469886562476,130.05156283147298
2024-06-17,205.3000706213837,130.0275103924123
2024-06-18,206.1095929401772,130.54007570789832
2024-06-20,206.31941501420738,130.6663055313069
2024-06-21,206.12737310315686,130.52888942892363
2024-06-24,206.34632709486723,130.65796200391608
2024-06-25,206.29234593095526,130.62055592517314
2024-06-26,205.8006864918695,130.2994990287976
2024-06-27,206.25157959581816,130.5845604094117
2024-06-28,205.55569758315886,130.14380143651124
2024-07-01,205.48792383345915,130.08733791955567
2024-07-02,206.05437200899468,130.44562444263778
2024-07-03,207.2335559020933,131.1784330359341
2024-07-05,208.11982008118764,131.7391249082075
2024-07-08,207.90710028028207,131.60420612321363
2024-07-09,207.74569992980145,131.5019357601135
2024-07-10,208.5545178588555,132.01374009096997
2024-07-11,209.85485779825376,132.81731035013976
2024-07-12,210.4808718301189,133.2131439287179
2024-07-15,209.87036556577596,132.82655244850244
2024-07-16,211.1935350517149,133.66366972164832
2024-07-17,210.58376746894544,133.27736224885768
2024-07-18,209.40736232728727,132.5292365449832
2024-07-19,208.58469668851922,131.9872075844618
2024-07-22,209.28130278790618,132.4067077718881
2024-07-23,209.2138566929447,132.34170687101425
2024-07-24,207.99312092687737,131.55024900667294
2024-07-25,208.42852821539418,131.80345886760048
2024-07-26,209.51684074703263,132.47194021906145
2024-07-29,209.8460753271045,132.67991765150404
2024-07-30,210.14103469935546,132.866237340416
2024-07-31,212.32313000786556,134.2185162491464
2024-08-01,212.56635329628705,134.34459093653007
2024-08-02,213.944931208109,135.17850809055417
2024-08-05,212.7563972206809,134.42625292305672
2024-08-06,212.16813812418337,134.0537248429056
2024-08-07,211.67757745125846,133.74312155816014
2024-08-08,212.2186320743368,134.08475533750004
2024-08-09,212.92652251643204,134.53135230699363
2024-08-12,213.75091909891776,135.0444021348021
2024-08-13,214.72902557779742,135.65134088381316
2024-08-14,215.17573482809144,135.91539979381008
2024-08-15,215.53441989819206,136.1215358838764
2024-08-16,216.55620773452787,136.76650978011915
2024-08-19,217.52153917326575,137.3720633885411
2024-08-20,217.6546474979777,137.45431200433464
2024-08-21,218.26292788026677,137.83828105155564
2024-08-22,217.20299911889546,137.16494143863267
2024-08-23,219.30085749919024,138.48585775507817
2024-08-26,219.18646128781663,138.40823453874592
2024-08-27,219.35769422914873,138.51098151385426
2024-08-28,218.66807270042185,138.07540993647342
2024-08-29,218.67551974327841,138.080022505365
2024-08-30,218.58900360185956,138.021503129706
2024-09-03,218.24248630250722,137.79327675977697
2024-09-04,219.02449067856588,138.2864744484361
2024-09-05,219.63247578143182,138.67020943998634
2024-09-06,219.11082205930794,138.32972071287
2024-09-09,219.94622427574225,138.8568127921282
2024-09-10,220.45168343153176,139.17493144525082
2024-09-11,220.74958860085783,139.35213206408548
2024-09-12,221.56840202858803,139.86491268089242
2024-09-13,222.57930054851252,140.49390016020274
2024-09-16,223.3471911954587,140.97845059433268
2024-09-17,222.98814349291087,140.75166659852246
2024-09-18,222.16634884292645,140.23275670080506
2024-09-19,223.58450366307594,141.12749528681428
2024-09-20,223.56411253750724,141.11400140614344
2024-09-23,223.66016243220997,141.17452334002536
2024-09-24,224.90746979307582,141.96165482399743
2024-09-25,223.9183409581805,141.33641305148248
2024-09-26,224.89471218780184,141.95227957742645
2024-09-27,225.06112201364817,142.0565040012175
2024-09-30,224.49649110235563,141.69999836680182
2024-10-01,224.76891653604721,141.8718135129379
2024-10-02,224.893452222362,141.92985318632068
2024-10-03,224.4415302766526,141.63657139370017
2024-10-04,224.74295840538892,141.8039263580683
2024-10-07,224.30259734109057,141.50417334026503
2024-10-08,223.7164608311121,141.1125848770398
2024-10-09,223.76246677925508,141.11984748710398
2024-10-10,224.29461721928362,141.44289043863174
2024-10-11,225.33087665732893,142.08367532432212
2024-10-14,225.50557569839773,142.19364340294027
2024-10-15,225.39175092513773,142.10505349241797
2024-10-16,226.25826363550405,142.61873983801038
2024-10-17,226.22083986488195,142.56239949620726
2024-10-18,227.52146921686062,143.37055143320714
2024-10-21,226.9023538803441,142.96886313928044
2024-10-22,227.5370821066786,143.36297085002806
2024-10-23,226.7466156926319,142.864702584927
2024-10-24,227.00841463342005,143.02387605064544
2024-10-25,227.0622130745692,143.05194592070873
2024-10-28,227.5096667841446,143.32802085701942
2024-10-29,228.02293132204215,143.63775007133924
2024-10-30,227.55717810881742,143.3308355353996
2024-10-31,225.82490383767748,142.16407628667108
2024-11-01,226.11529876665085,142.33566803784788
2024-11-04,226.55747729138864,142.5426786946925
2024-11-05,227.21645820246394,142.95705815966005
2024-11-06,227.93270609242026,143.4012886137349
2024-11-07,229.0809560734628,144.11718059407926
2024-11-08,229.6844051140619,144.47885643600407
2024-11-11,229.99033252140273,144.6351625383243
2024-11-12,229.70279619314454,144.4540752069638
2024-11-13,230.16522378743971,144.7442812165296
2024-11-14,229.98320288701953,144.62945504928908
2024-11-15,229.4920622055773,144.32049712169476
2024-11-18,229.49686963924017,144.32325191509977
2024-11-19,229.7773278151353,144.4994027342483
2024-11-20,230.1178720825741,144.71351480967644
2024-11-21,230.9013331885384,145.18270863252854
2024-11-22,231.8639902294279,145.77277987342043
2024-11-25,232.34387363631376,146.05338960375894
2024-11-26,232.47485693997635,146.13547237812367
2024-11-27,232.37636139966924,146.07341133206847
2024-11-29,233.04488031439328,146.4323333303837
2024-12-02,233.11907410253295,146.478365072667
2024-12-03,232.8839083097803,146.32626014484075
2024-12-04,233.58559244133482,146.7628082379366
2024-12-05,233.3032412146379,146.58527249378847
2024-12-06,233.80880983871558,146.89232269954448
2024-12-09,233.572698144703,146.72907287938142
2024-12-10,233.6522680794704,146.76880442642874
2024-12-11,234.06618267819783,147.0188362703951
2024-12-12,233.41717667140352,146.55375635982784
2024-12-13,233.24332947446678,146.42947928922445
2024-12-16,233.43046639479687,146.54640559578243
2024-12-17,233.01565857984824,146.28526837070373
2024-12-18,235.07137193488134,147.4764400234339
2024-12-19,235.53244784008825,147.74108672264921
2024-12-20,235.93696962252255,147.93155443309556
2024-12-23,236.8509561879443,148.50443472520786
2024-12-24,238.271205483053,149.3942409955175
2024-12-26,238.33419176794158,149.35940670567285
2024-12-27,237.60884431937833,148.83053667179956
2024-12-30,238.34991448303958,149.24876892647018
2024-12-31,239.6262693977998,150.04791054937897
2025-01-02,240.98244634049968,150.80973549937897
2025-01-03,241.59779776031132,151.1718260880203
2025-01-06,241.45272858735288,151.08062319699258
2025-01-07,241.49045982654783,151.0814321091083
2025-01-08,241.91033378693663,151.32456381177258
2025-01-10,244.6175148107719,152.94107008930723
2025-01-13,245.04460702837827,153.20796270750768
2025-01-14,244.21710991790948,152.69011248943187
2025-01-15,246.5743820329222,154.07240277525295
2025-01-16,246.70723746621468,154.13539708460956
2025-01-17,247.16842823280484,154.40179876399304
2025-01-21,247.91788285511586,154.84419101758098
2025-01-22,248.00752823198033,154.89858711309168
2025-01-23,248.1926144108947,155.0018953490283
2025-01-24,248.43877700774675,155.1552278705828
2025-01-27,248.58307392809132,155.1856163260723
2025-01-28,249.109026577227,155.5045421186816
2025-01-29,248.95723101895527,155.3889580373518
2025-01-30,250.1636742368988,156.12179337173976
2025-01-31,249.58524458514566,155.74053529346799
2025-02-03,249.43869744861314,155.63954010910058
2025-02-04,250.32393890439508,156.16353892220175
2025-02-05,251.4395412509738,156.84233309639575
2025-02-06,251.43120664011192,156.83278526992495
2025-02-07,250.6595034341287,156.34661456765483
2025-02-10,251.62815909049945,156.9505834516325
2025-02-11,251.45854531940296,156.81752917068198
2025-02-12,251.17272104855624,156.6084350931367
2025-02-13,253.09959465817917,157.7505200245759
2025-02-14,253.36827100125794,157.91290763114688
2025-02-18,253.9612996581611,158.271594644828
2025-02-19,253.9541631643561,158.26656589607356
2025-02-20,254.51524461061578,158.60576877541084
2025-02-21,254.16109471312166,158.37955763251534
2025-02-24,254.28446747124636,158.44415866995234
2025-02-25,255.32799812111574,159.09410990258922
2025-02-26,255.90141132737998,159.4508864155628
2025-02-27,254.40735776158476,158.519479713906
2025-02-28,255.05824743510726,158.9053690426708
2025-03-03,256.00309614932667,159.46414154977487
2025-03-04,255.72101894972567,159.27693250371746
2025-03-05,256.8655558813106,159.9892591822095
2025-03-06,255.53098033737277,159.1570190803662
2025-03-07,255.82201759733476,159.33785481266582
2025-03-10,254.7664629017853,158.6802390884226
2025-03-11,254.8222060820309,158.66461037319223
2025-03-12,254.93394826574527,158.69085658661686
2025-03-13,256.0198200502441,159.32345120043033
2025-03-14,256.68849196329694,159.7393321745339
2025-03-17,258.0043695764845,160.5082853772573
2025-03-18,258.2944592934681,160.64838672019036
2025-03-19,259.3607464866363,161.2714805974736
2025-03-20,258.8027852181688,160.9237535674124
2025-03-21,257.8661521780743,160.3314904148488
2025-03-24,257.65827722177085,160.19263490918104
2025-03-25,258.13544205386836,160.4797019493543
2025-03-26,256.9676447933571,159.71358782926822
2025-03-27,257.9367514981645,160.29810983941533
2025-03-28,258.43646682207856,160.59070620088391
2025-03-31,259.78254947554854,161.40478342965113
2025-04-01,260.2781300319886,161.69930461367292
2025-04-02,260.7558986726365,161.96005380781696
2025-04-03,261.2600186224004,162.1910237798207
2025-04-04,260.83170214585954,161.92461385648366
2025-04-07,256.06498599122716,158.9161076639352
2025-04-08,257.4589509719982,159.65388993102079
2025-04-09,260.49352611139415,161.41983714090787
2025-04-10,266.85571044076664,165.24517089224446
2025-04-11,271.9490959372754,168.3991500797256
2025-04-14,270.39736064736854,167.43826840049655
2025-04-15,271.8121822140927,168.3143689388332
2025-04-16,274.77456966818517,170.0179604367745
2025-04-17,273.56811913749857,169.13933104284294
2025-04-21,279.6058822937715,172.8065812593442
2025-04-22,279.832649361735,172.87242607016594
2025-04-23,280.21865027095447,173.06278240370202
2025-04-24,282.5359399896385,174.36974694012255
2025-04-25,282.65043962185143,174.4067613448422
2025-04-28,283.67142601638375,175.03660867266902
2025-04-29,284.0141181294934,175.23008329984353
2025-04-30,283.13855761683755,174.6617858014177
2025-05-01,282.3205890281707,174.1211553963241
2025-05-02,283.78593278088863,175.01034390735379
2025-05-05,285.1766755535072,175.80809092539678
2025-05-06,286.17011410797704,176.35244411624504
2025-05-07,285.71510189086314,176.0598147961422
2025-05-08,284.7501450795848,175.40481027098443
2025-05-09,285.974120100386,176.14124007603354
2025-05-12,288.4264989133939,177.6092614197641
2025-05-13,288.8895214974501,177.85154796787674
2025-05-14,287.57320655511944,177.00202885483364
2025-05-15,289.6593647419704,178.26271802459203
2025-05-16,290.05312049072137,178.45905033145993
2025-05-19,290.7674120850343,178.8984083040428
2025-05-20,291.9541174288173,179.58233618926502
2025-05-21,291.1099158044599,179.04179048176448
2025-05-22,290.3089283753131,178.5488134612296
2025-05-23,291.6618422809531,179.38077195071213
2025-05-27,293.30208947095764,180.33102172847165
2025-05-28,292.27379492487626,179.69816378702487
2025-05-29,293.5573388007846,180.43950626405862
2025-05-30,293.42626036466584,180.35870892717978
2025-06-02,295.34711089595845,181.53142149512038
2025-06-03,295.1986453892841,181.39421350435177
2025-06-04,296.43469733697395,182.10760921969091
2025-06-05,296.53563322691195,182.16911741651145
2025-06-06,296.782077308445,182.27456586642936
2025-06-09,297.9988463073608,183.02157812471185
2025-06-10,298.65083959288444,183.37597198535266
2025-06-11,299.5097587943736,183.90314431208887
2025-06-12,300.9949406552427,184.79897567634143
2025-06-13,300.4630310260489,184.45623495389032
2025-06-16,300.290392181799,184.3498097358073
2025-06-17,300.87558238102963,184.7086278048496
2025-06-18,300.86756451350976,184.6875745936345
2025-06-20,300.6476326484753,184.55241486480205
2025-06-23,301.04136521243134,184.79398439982214
2025-06-24,301.83057694908587,185.27798605012035
2025-06-25,301.54593868014155,185.10278671515587
2025-06-26,302.74301255760713,185.8369862055659
2025-06-27,302.08449064752966,185.4217183069851
2025-06-30,303.4702676383547,186.2721195984035
2025-07-01,303.8359398629518,186.48550031781713
2025-07-02,304.43997602271514,186.85618898230277
2025-07-03,304.171898731287,186.69142164307252
2025-07-07,302.81677868154,185.84290937811846
2025-07-08,302.78449263856334,185.81103619388924
2025-07-09,303.91035669172425,186.48400939664728
2025-07-10,304.2135048987341,186.6589433134883
2025-07-11,304.2717979679416,186.6778269154876
2025-07-14,303.98677351339234,186.50254776741448
2025-07-15,303.096401714558,185.93049738713933
2025-07-16,303.99401863664184,186.45542000033888
2025-07-17,304.73737579167357,186.88532450412117
2025-07-18,304.88901770888066,186.97823588357588
2025-07-21,306.42075366925104,187.89156141811392
2025-07-22,307.63871643900444,188.63817937514793
2025-07-23,307.8110644948507,188.74369389071683
2025-07-24,307.2210634429875,188.38157847133562
2025-07-25,307.0214974052572,188.2589739619327
2025-07-28,306.7533796565489,188.0695325893831
2025-07-29,308.49961802249527,189.1395554795522
2025-07-30,307.5282293422215,188.54340978371505
2025-07-31,307.2935340448967,188.37896508533922
2025-08-01,308.03231709448056,188.8211330586068
2025-08-04,309.1767665424869,189.50289978218345
2025-08-05,309.35323940465355,189.61094891401845
2025-08-06,309.11095676701706,189.45701495487742
2025-08-07,309.51069549713696,189.70186228394914
2025-08-08,309.44254613632523,189.64960737991123
2025-08-11,309.08766363502855,189.43195258503272
2025-08-12,309.58580981116677,189.72671996313835
2025-08-13,311.04716191464325,190.6019888400528
2025-08-14,310.0625287303518,189.97822949040213
2025-08-15,309.84190552346394,189.83082568738317
2025-08-18,309.8593515831381,189.81461562510236
2025-08-19,310.41041314545646,190.12360527481633
2025-08-20,310.72994378618813,190.30308999078298
2025-08-21,310.12447975638185,189.92761483352683
2025-08-22,312.7898454895419,191.55190403992262
2025-08-25,311.9651437296906,191.0458750360855
2025-08-26,312.15284334662374,191.1605098270272
2025-08-27,312.28524033651195,191.24074983358207
2025-08-28,312.90791364974837,191.62148649482162
2025-08-29,312.4904415072392,191.36467360729537
2025-09-02,312.4637307550387,191.3350278035347
2025-09-03,313.6350768444683,192.03913198865123
2025-09-04,314.732384598483,192.709217415914
2025-09-05,316.16568807004717,193.58659944927228
2025-09-08,317.4782319986664,194.37068076440448
2025-09-09,317.16056158497673,194.1563462152491
2025-09-10,317.8546155278083,194.58018002955137
2025-09-11,319.72458252888305,195.70520933393195
2025-09-12,319.4936847907302,195.54417616302175
2025-09-15,320.7105215927424,196.2692506016143
2025-09-16,320.80426736308897,196.32150689653662
2025-09-17,320.0626392216907,195.86256889690992
2025-09-18,319.9062113352678,195.7660247080626
2025-09-19,320.27640065302813,195.972634694565
2025-09-22,320.97537235604153,196.38037794574586
2025-09-23,321.3981027834821,196.634030524417
2025-09-24,320.76687741145537,196.2279453780074
2025-09-25,320.65820406320887,196.16075579059716
2025-09-26,321.44033013991583,196.63863792863447
2025-09-29,322.62645996734693,197.35980981102583
2025-09-30,322.88315343702715,197.5166759721417
2025-10-01,323.92131698880115,198.14952523529604
2025-10-02,324.04171452902943,198.22299435262565
2025-10-03,324.3845795407297,198.43217565270646
2025-10-06,324.6118503202731,198.56966230364523
2025-10-07,324.46074091032415,198.47673205763243
2025-10-08,325.2890036778725,198.97285963658143
2025-10-09,324.4123608965542,198.43622174905448
2025-10-10,323.1624757547979,197.62396025622394
2025-10-13,325.8926425619644,199.24760923673102
2025-10-14,326.11459255082906,199.38056194005915
2025-10-15,327.4883561460975,200.20972692154936
2025-10-16,328.1357868790023,200.60404526257807
2025-10-17,327.6879005903878,200.3295448896033
2025-10-20,329.7089119598758,201.56452583758713
2025-10-21,327.84889194634167,200.42672396080422
2025-10-22,327.72884009016576,200.35108028235257
2025-10-23,328.3107971198137,200.7022276302855
2025-10-24,328.9205278922709,201.07471940019198
2025-10-27,329.2675242326296,201.28229259468316
2025-10-28,328.95395633690873,201.09017363866909
2025-10-29,328.16677396676033,200.59827290392815
2025-10-30,327.57250341888835,200.23413732865643
2025-10-31,327.2372170160342,200.02849561614832
2025-11-03,327.2833330993503,199.98415037698166
2025-11-04,325.65766870577477,198.99052563946705
2025-11-05,326.5925170458812,199.53913161996965
2025-11-06,326.3854407458957,199.3447226650759
2025-11-07,326.56825983489597,199.45576632560753
2025-11-10,328.68313722210377,200.74732909046233
2025-11-11,329.8461955431922,201.41527944515923
2025-11-12,330.4869189029111,201.76398375110153
2025-11-13,328.0530837382597,200.20873699423433
2025-11-14,326.7727082040867,199.35585357205002
2025-11-17,325.321541256336,198.39682608791324
2025-11-18,326.5350835993369,199.11406345119067
2025-11-19,328.3594928526966,200.162908742309
2025-11-20,328.3303557780429,200.03567112001747
2025-11-21,328.79681272377513,200.246346694322
2025-11-24,330.1144995333486,200.99403058185868
2025-11-25,330.9814321662318,201.49700931664
2025-11-26,332.2207690366567,202.23018732590418
2025-11-28,332.76611614797343,202.56176645597463
2025-12-01,332.0420115207945,202.09580202133202
2025-12-02,332.44097492283936,202.33765311898563
2025-12-03,332.75269908279046,202.52719426923636
2025-12-04,332.5134378866429,202.38056149951785
2025-12-05,332.7481934502834,202.51715688123113
2025-12-08,332.139130489877,202.06460094959027
2025-12-09,332.69392302203755,202.4015350845311
2025-12-10,334.4526880320868,203.37866983188783
2025-12-11,335.1068612082318,203.7383500266787
2025-12-12,333.5804319159884,202.72747403778905
2025-12-15,334.60573216687146,203.3503163960803
2025-12-16,334.569229028659,203.2558133262813
2025-12-17,334.80166562054313,203.3758373795513
2025-12-18,335.7824475029854,203.91478145883383
2025-12-19,336.647586366999,204.4001138876461
2025-12-22,337.8024890588203,205.10085005907774
2025-12-23,339.01326973872426,205.835424815976
2025-12-24,339.7803637228721,206.2631803658541
2025-12-26,340.8885736185941,206.9357790524439
2025-12-29,339.66779714849196,206.1943568958132
2025-12-30,340.11288779391816,206.45060349916707
2025-12-31,338.5525218344314,205.45390664576408
2026-01-02,339.9418888324529,206.29451211741033
2026-01-05,341.93118952793577,207.46382479223593
2026-01-06,342.98503488804516,208.08928418664192
2026-01-07,342.5490767532262,207.79448035098736
2026-01-08,343.1875763450443,208.149175342663
2026-01-09,344.42575054763597,208.87004155107877
2026-01-12,345.33320951674676,209.4197042800359
2026-01-13,345.7582869090644,209.67663730647803
2026-01-14,346.6564913154584,210.2066745550465
2026-01-15,346.619924665235,210.18309936522218
2026-01-16,346.483310671946,210.08522212944328
2026-01-20,345.21338879028514,209.22446667821671
2026-01-21,347.10576808353426,210.28115128352258
2026-01-22,347.6329199498189,210.5727608182914
2026-01-23,348.8225421984663,211.2931084561619
2026-01-26,349.76519936227953,211.84650975664456
2026-01-27,351.203438826122,212.6999828574236
2026-01-28,351.3477029726196,212.78668967730968
2026-01-29,352.0398418643136,213.20519134421758
2026-01-30,348.79572903982677,211.24019988885865
2026-02-02,347.75488650869096,210.6074977518738
2026-02-03,348.65047593101576,211.14940807484615
2026-02-04,348.7005176343881,211.14244870299896
2026-02-05,348.48496559835064,210.97133649223105
2026-02-06,350.9068238618088,212.40534810962708
2026-02-09,352.18773268423587,213.17911900322588
2026-02-10,352.94423786321346,213.63681733031035
2026-02-11,353.10497521409127,213.73344698595187
2026-02-12,353.22775692976666,213.7935229057988
2026-02-13,354.5445294511519,214.58929801020795
2026-02-17,354.4418672183383,214.52686185218062
2026-02-18,354.9879441300686,214.83133466252013
2026-02-19,355.2425709286275,214.9848603184431
2026-02-20,356.19068511109515,215.54609292965296
2026-02-23,356.460028444397,215.69818565244003
2026-02-24,356.74431366712776,215.85899973571605
2026-02-25,357.13068657059483,216.09246583135103
2026-02-26,357.27392462165415,216.17842640952807
2026-02-27,357.81901057813633,216.4971905702223
2026-03-02,357.2683493867537,216.16367713399103
2026-03-03,357.09756290789744,215.98398939361908
2026-03-04,357.8375474600461,216.35709917739
2026-03-05,357.33585780851996,215.9791805870123
2026-03-06,358.65711062267593,216.72699256772185
2026-03-09,359.6639084104269,217.28258270798213
2026-03-10,358.96100127127585,216.80759107658517
2026-03-11,358.86226605741285,216.6226349362843
2026-03-12,363.03993573648495,219.08248969699204
2026-03-13,364.6372811090371,219.98728925147532
2026-03-16,363.14304678796304,219.0846981495843
2026-03-17,364.05345292724223,219.63339434880692
2026-03-18,367.06978228723096,221.37134595813512
2026-03-19,362.3501506297395,218.52468661126272
2026-03-20,365.0638217229581,220.1609135790126
2026-03-23,359.6193578170419,216.87744478619663
2026-03-24,362.1830634474791,218.42221525759834
2026-03-25,362.3328956890985,218.51250538740734
2026-03-26,365.0735028991133,220.16497663764162
2026-03-27,367.9864253445981,221.92159140087435
2026-03-30,371.57149330708194,224.08324080440457
2026-03-31,368.3638433710723,222.14874506239386
2026-04-01,366.6970503914828,221.14319427407722
2026-04-02,372.9931721285403,224.93987407708562
2026-04-06,373.3429797995625,225.02351910408686
2026-04-07,372.87220971445737,224.73944540275315
2026-04-08,375.9424655148439,226.47437938132148
2026-04-09,376.36926392216907,226.6773823016336
2026-04-10,375.7758645924599,226.229077987022
2026-04-13,377.1503684089291,226.96551374132866
2026-04-14,379.0601258056862,228.0824644597143
2026-04-15,378.9054279803604,227.9892397731262
2026-04-16,379.73956900580066,228.38186771043775
2026-04-17,381.89610147617435,229.569241465213
2026-04-20,381.8820464306167,229.56048656552227
2026-04-21,380.475157607324,228.64755948743652
2026-04-22,381.29509069068695,229.084902461574
2026-04-23,381.1097089965582,228.91801981423527
2026-04-24,381.7488354719004,229.24636804925422
2026-04-27,381.6275471110928,229.04712374197322
2026-04-28,381.9120206059716,229.16174970774372
2026-04-29,382.1211509170136,229.26784001614803
2026-04-30,385.4880367068973,231.22660650260238
2026-05-01,385.281869364179,231.1023610690631
2026-05-04,383.98499014280776,230.32428140223368
2026-05-05,385.8019252648041,231.41372782334088
2026-05-06,388.4020429996803,232.86317876134342
2026-05-07,386.2703165953542,231.47426483022159
2026-05-08,388.069797097498,232.4436816162782
2026-05-11,388.4647153479657,232.61537711753235
2026-05-12,387.5641156923047,232.01438327976186
2026-05-13,388.3046523514351,232.45725085807038
2026-05-14,388.33522926735526,232.41944298071425
2026-05-15,386.0057579699599,231.0208781267176
2026-05-18,386.80313968056663,231.49373890013112
2026-05-19,386.66100566153887,231.3245942198105
2026-05-20,388.719922227348,232.47531158885653
2026-05-21,389.2860421081268,232.80942474272626
2026-05-22,389.43082954662344,232.89155049014067
2026-05-26,391.3059319994945,233.95982529253206
2026-05-27,391.2603077631405,233.87698840154272
2026-05-28,391.86675907998114,234.21790932539764
2026-05-29,391.833046417613,234.19762331571854
2026-06-01,392.0839082437181,234.34407603969873
2026-06-02,392.6834327367068,234.70170618512918
2026-06-03,391.82337615172133,234.1874132464754
2026-06-04,392.62734260246253,234.6671391583664
2026-06-05,389.3217465182506,232.58138893084194
2026-06-08,389.7751644597859,232.84481146304512
2026-06-09,390.82648053753195,233.42173802345087
2026-06-10,389.512836817806,232.57082567981308
2026-06-11,392.62991896552285,234.31545001825975
2026-06-12,392.8785410907982,234.46270111550604
2026-06-15,393.82615620241313,235.02803517462226
2026-06-16,393.8650121220972,235.05090499037868
2026-06-17,393.29354497030704,234.69500116367888
2026-06-18,395.2747274445171,235.87625885959795
2026-06-22,394.96414559475255,235.67639710918348
2026-06-23,394.23052078815766,235.23838024103625
2026-06-24,395.5546377331527,236.02785671675102
2026-06-25,395.90837988731494,236.2386641509514
2026-06-26,396.049174000761,236.30776360342563
2026-06-29,396.6594732630408,236.65708554784908
2026-06-30,395.5920815588815,236.01981494351563
2026-07-01,394.86544772018897,235.58549902298165
2026-07-02,395.33018109896756,235.85611215436427
2026-07-06,395.99036553905586,236.24333787655436
2026-07-07,396.05412008616105,236.16724039017734
2026-07-08,394.5344823498231,235.26090733084249
2026-07-09,395.54711548893005,235.85269144036468
2026-07-10,396.07010969555046,236.16444872378858
2026-07-13,395.7456648262507,235.95890687716545
2026-07-14,395.82644375036625,236.0065369428103
2026-07-15,395.98427485545693,236.100159242429
2026-07-16,396.8431238776861,236.61128978337476
2026-07-17,395.8643969806362,236.02657467433318
2026-07-20,395.9658985274194,236.03712944808638
2026-07-21,397.4973052906414,236.8951962792362
2026-07-22,397.1782664551652,236.70474822497454
2026-07-23,399.4661238245539,237.93596844601382
2026-07-24,401.25017322316825,238.96012139878874
2026-07-27,401.53418782478906,239.11639463928017
2026-07-28,401.6855867812118,239.2064124434711
2026-07-29,401.3171647837883,238.97471961874027
2026-07-30,402.59329968410276,239.58488389867622
2026-07-31,402.6451114357279,239.5779558759545
