Date,Gross_Returns,Net_Returns
2010-04-12,-0.002363400562807229,-0.002863400562807229
2010-04-13,0.0028839413552136104,0.002638184309469246
2010-04-14,0.003440827493848874,0.0031154979355654143
2010-04-15,-0.00012661233908036355,-0.00020021322053027446
2010-04-16,-0.009755283846633692,-0.00976510270243626
2010-04-19,-0.0017124824411154816,-0.0017864137305108304
2010-04-20,0.005575107067877579,0.005539599253234908
2010-04-21,0.002637121585712989,0.002508424464867288
2010-04-22,-0.0009322622941350938,-0.0009657821691658453
2010-04-23,0.0026282287481630326,0.0025743213830114746
2010-04-26,-0.0005351133131183297,-0.0006205146928777396
2010-04-27,-0.004708971726453252,-0.004742554274472392
2010-04-28,-0.0011499654448840775,-0.0013293343403422823
2010-04-29,0.004982408745289349,0.004902836641305737
2010-04-30,0.001165780567315543,0.0010892838662882344
2010-05-03,0.002020789197031817,0.0019075055868239717
2010-05-04,-0.0037469284286648446,-0.0038178992291967853
2010-05-05,-0.0011764768745924634,-0.0014204593222282545
2010-05-06,0.0013014564790064269,0.0012535825655722022
2010-05-07,-0.005210511147712154,-0.005517017974841466
2010-05-10,-0.0034245472270728466,-0.0034913923736880196
2010-05-11,0.006874733694598676,0.006628136453360831
2010-05-12,0.0008640716669793532,0.0008542090902462018
2010-05-13,0.0011004902979225783,0.0010954870705638365
2010-05-14,0.0027535440823613154,0.002752110664025021
2010-05-17,-0.002031619782073196,-0.002072086646832219
2010-05-18,0.005418142921771174,0.005414059903092592
2010-05-19,-0.005087874775594399,-0.005092886331131271
2010-05-20,-0.0003282438689300354,-0.0003803688509833921
2010-05-21,0.0002001608795572811,0.00019385295265300065
2010-05-24,0.0019433925084997685,0.0018533361175474745
2010-05-25,0.0006550792157743359,0.0005644074442123271
2010-05-26,0.0016691612444890514,0.0014248498487327704
2010-05-27,-0.005970286539689398,-0.006210438269406906
2010-05-28,0.002053422554173586,0.0018132708244560781
2010-06-01,0.002667396989893558,0.0026642559945746803
2010-06-02,-0.0019077471811197076,-0.0019333689748204134
2010-06-03,-0.001800242933394202,-0.0018601652854609442
2010-06-04,0.008077439045219494,0.00806725425095813
2010-06-07,0.005185110080854654,0.005176453606969585
2010-06-08,-0.0017394731630718209,-0.0019766944696587006
2010-06-09,-0.0006872949006424385,-0.0006888279658231221
2010-06-10,-0.0065488620811352295,-0.006551481577161062
2010-06-11,0.0033135041079087203,0.0030735187666909645
2010-06-14,-0.0014173161515208092,-0.0017082559366784484
2010-06-15,0.0009771706360989453,0.0009714621658304874
2010-06-16,0.00040370360395677456,0.000175598589179419
2010-06-17,0.004595844155243873,0.004594344385617636
2010-06-18,0.0014020273862254526,0.0013984909683896762
2010-06-21,-0.0008300237303537641,-0.0008315778234657282
2010-06-22,-0.0005083524798057117,-0.0005117934283081117
2010-06-23,0.0009788059754712183,0.0009061783743482014
2010-06-24,-0.0028396086798030047,-0.0028438924424119775
2010-06-25,0.0054783730685672135,0.005474669925179149
2010-06-28,-0.00024360537892751928,-0.0002745091191369368
2010-06-29,-0.0030007473389598847,-0.0030316510791693024
2010-06-30,0.001503744757729832,0.0014356466812833848
2010-07-01,-0.004565075280116351,-0.004604160910814802
2010-07-02,-0.0021940509078029005,-0.002323631281428247
2010-07-06,0.004424913935807956,0.004371847893165326
2010-07-07,0.0017315494231099936,0.0016588954773138513
2010-07-08,-0.00027393373295222606,-0.0002888559487548227
2010-07-09,-0.0010596188397695903,-0.0010963964333264085
2010-07-12,-0.00030460410609111185,-0.000378809619725303
2010-07-13,0.0012299609151447013,0.0011964217924165087
2010-07-14,0.002181823541464818,0.002095430834974038
2010-07-15,0.0016086562849413845,0.0014990081936709532
2010-07-16,-0.004847618226721619,-0.0048516728564012325
2010-07-19,-0.0002429610066859958,-0.00042863580243958984
2010-07-20,0.002905696253527966,0.0028211012042277913
2010-07-21,0.0010493847368929794,0.0009704007348840053
2010-07-22,0.002428686416456135,0.0023133368339303493
2010-07-23,0.0009152699276788038,0.0007989995741263114
2010-07-26,0.0019019778438868883,0.0018947488886731157
2010-07-27,-0.00257344736968565,-0.0025784030972438032
2010-07-28,0.00013998057712309923,5.818863974702878e-05
2010-07-29,0.0006242370277005286,0.0005850831415719144
2010-07-30,0.002083083043135516,0.002043895353277183
2010-08-02,0.004417386653688033,0.004340637758791572
2010-08-03,0.0006235866588842265,0.00054606096638927
2010-08-04,-0.0010923431009637707,-0.001096013432612167
2010-08-05,2.893414052054132e-05,1.7722707439886772e-05
2010-08-06,0.0016135301765795192,0.0016087999890106626
2010-08-09,0.0009152783149607258,0.0007979901144253052
2010-08-10,-0.001395198824114683,-0.0014177586703312793
2010-08-11,-0.007397607188166055,-0.007399555582170826
2010-08-12,-0.00196113100100259,-0.002070637695096999
2010-08-13,0.003552589138008417,0.0033350511172859612
2010-08-16,0.0067947717761047246,0.0067508746816118195
2010-08-17,2.3745097978568553e-06,-2.296906400007852e-05
2010-08-18,0.00016103558731577473,-6.910221366455548e-06
2010-08-19,0.0001980418947716798,0.00019100246284255607
2010-08-20,-0.0003307647675901988,-0.0004349594148190305
2010-08-23,0.000556281886316219,0.0005107484077756454
2010-08-24,0.002594738555783106,0.002549570174111362
2010-08-25,0.001835857217647604,0.0016932538992993895
2010-08-26,0.0006066030917017902,0.0006023519490753657
2010-08-27,-0.006319661528763872,-0.006322481572538788
2010-08-30,0.0056149166333553996,0.005557006548568233
2010-08-31,0.00391444318746262,0.003894071067951171
2010-09-01,-0.005569949142038218,-0.005576259731512956
2010-09-02,0.001034609805574789,0.0007718892044005985
2010-09-03,-0.0005575606766462447,-0.0006054396449932295
2010-09-07,0.0010534140786693164,0.0009477518601100333
2010-09-08,0.00031563524466929577,0.00021220023566384224
2010-09-09,-0.0033601048121501146,-0.0034045357624450743
2010-09-10,0.002776710513490121,0.0023644133385450905
2010-09-13,0.004778006168538207,0.004774585169693515
2010-09-14,0.006477888908191965,0.006225039834983707
2010-09-15,-0.0010477512166025757,-0.0013372184334661296
2010-09-16,-0.00022727244207498192,-0.0003157856904461306
2010-09-17,-0.00015960040926331842,-0.0005781480045007948
2010-09-20,0.0064922394917782044,0.006279558744630676
2010-09-21,0.0025643081301921157,0.0025561802919261013
2010-09-22,-0.0012612597798289384,-0.0015185162640295252
2010-09-23,-0.002488795835628654,-0.002540077076738121
2010-09-24,0.005434837428257231,0.005392058309087715
2010-09-27,0.0004534401393280575,0.00039594028220643986
2010-09-28,0.004145288084238875,0.00410001104736242
2010-09-29,0.0008734423367832396,0.0008605676674610268
2010-09-30,0.0018757920770615672,0.0018728091946099707
2010-10-01,0.0033244719652249033,0.0033190717543419134
2010-10-04,-0.0016768356589256979,-0.001686615503864018
2010-10-05,0.009857227219858902,0.009850518833250388
2010-10-06,0.0029245998614279706,0.0028674328026051265
2010-10-07,-0.003971667569905699,-0.004020174967118815
2010-10-08,0.005391161616340169,0.0053805671737501195
2010-10-11,0.00039423995891494187,0.0003893700176614987
2010-10-12,-0.0010144539890612663,-0.0010329488886032488
2010-10-13,0.006254109493239904,0.006201449670153557
2010-10-14,-0.0020565241778409257,-0.0020630508211971787
2010-10-15,-0.002725456704935132,-0.0027604534531968004
2010-10-18,0.00399892095750372,0.003603176428539275
2010-10-19,-0.010580927639401777,-0.010971064022291838
2010-10-20,0.007217201487802059,0.007180987089470496
2010-10-21,-0.003961445290328276,-0.003965776809381269
2010-10-22,0.0026068832102117342,0.0025908334848585273
2010-10-25,0.0035159034346168056,0.0035089191626562076
2010-10-26,-0.0014998714861024025,-0.001506069837327934
2010-10-27,-0.005897750499930882,-0.006335251065282101
2010-10-28,0.0031817412828343255,0.0031754815507834
2010-10-29,0.0029607467620118458,0.002958253172419834
2010-11-01,0.00042804621461393596,-9.760445820769124e-06
2010-11-02,0.0058701925138079465,0.0057186746729747
2010-11-03,0.0010396313809931418,0.0008853330543144543
2010-11-04,0.014669520714938065,0.014659303312066104
2010-11-05,5.391005174610754e-05,2.595762488268446e-05
2010-11-08,-0.0002587664972228194,-0.0002738168091381679
2010-11-09,-0.009863628073867033,-0.009875781943353003
2010-11-10,0.003407558444950836,0.002953595672378129
2010-11-11,-0.002291388833205834,-0.0023123857321014807
2010-11-12,-0.013584159290028952,-0.013587876896118605
2010-11-15,-0.0013761569578415683,-0.001548124327583269
2010-11-16,-0.007850852069666715,-0.008373920292439671
2010-11-17,-0.00011231442227104674,-0.0006321321031841728
2010-11-18,0.005541516210317466,0.005540366565232582
2010-11-19,0.0006821674758160961,-1.5802894109544956e-05
2010-11-22,-0.0022975797648765194,-0.0022984577144681386
2010-11-23,0.00011939224921519039,-0.0003534918145952579
2010-11-24,0.0006042806850377491,0.0002578991852687799
2010-11-26,-0.005814977417744675,-0.006222685191013785
2010-11-29,0.006600957900264562,0.0061932501269954515
2010-11-30,0.007240257204433664,0.007072712074369383
2010-12-01,-0.0025013421336901867,-0.0027214517731560463
2010-12-02,0.003286254775974007,0.0030303799124016023
2010-12-03,0.003614914867468191,0.003377736975596885
2010-12-06,0.002461518053102151,0.0021718128772384468
2010-12-07,-0.005419822720501857,-0.005621739384638535
2010-12-08,-0.0032769376069537075,-0.0034967568774511267
2010-12-09,0.0016686318334718018,0.0014932363663087093
2010-12-10,0.0008345727789977684,0.0005686495913879432
2010-12-13,0.00046530472115801665,0.00019951348848947414
2010-12-14,0.0010098459598587226,0.00074405472719018
2010-12-15,-0.004713760108160715,-0.004953561282531343
2010-12-16,0.0015503301167551292,0.0011174454164977288
2010-12-17,0.0015790556681767307,0.0012993117152999725
2010-12-20,0.0028413834154340707,0.0028375716173526734
2010-12-21,0.004271712107127517,0.004066127201164439
2010-12-22,0.0023659710187326974,0.0022856369513688996
2010-12-23,-0.0006451676087251811,-0.0006469325891664432
2010-12-27,0.00022301269328184252,0.00022084839311988788
2010-12-28,0.004382868050282168,0.004376240494384704
2010-12-29,0.0021931217638829718,0.002191701959533195
2010-12-30,-0.002150099577808373,-0.0023345114693915474
2010-12-31,0.00592109827906629,0.0059178964513439455
2011-01-03,0.0026842573479021223,0.002252016025190418
2011-01-04,-0.004342327168784975,-0.004405018487083364
2011-01-05,-0.0016524491626934788,-0.001729444045433619
2011-01-06,-0.0034762164602737886,-0.0039007462452500374
2011-01-07,-0.000538112190096834,-0.0007512881969065756
2011-01-10,-0.0005758430143797475,-0.0008104260566706718
2011-01-11,0.002202060159023121,0.002153742936175396
2011-01-12,0.002983664802461661,0.0029476556780487625
2011-01-13,-0.0005618479090003686,-0.0006821174682579607
2011-01-14,0.0014756927230973147,0.0014298752217806346
2011-01-18,0.0008199200773068338,0.0008156459941079731
2011-01-19,-0.00434262085302961,-0.004360125885634601
2011-01-20,-0.004951754768429169,-0.004958301297769927
2011-01-21,0.0028588695450194614,0.002735017663887803
2011-01-24,0.0024695230812168097,0.002426298450639327
2011-01-25,0.0030711983020950888,0.003066065347667528
2011-01-26,-0.0009248854093817028,-0.0009914038071345771
2011-01-27,0.003060452584993687,0.002993934187240813
2011-01-28,-0.007204382360841446,-0.007210923454966465
2011-01-31,0.0036091363501724334,0.0035989479365502366
2011-02-01,0.004819786545384974,0.004651724638579254
2011-02-02,-7.334941174950495e-05,-0.00039118574239342354
2011-02-03,0.000692981083240002,0.0006127287298934659
2011-02-04,0.0017783063809279508,0.0016980540275814146
2011-02-07,0.004555603829787366,0.004552471374762214
2011-02-08,0.0049663497782474805,0.004931103532592786
2011-02-09,-0.0036586562819205886,-0.0036622494393233752
2011-02-10,-5.757202480824246e-05,-0.00016859357813501865
2011-02-11,0.0028081770308206696,0.0026971554774938935
2011-02-14,0.0027892210914762547,0.0027875646792539094
2011-02-15,-0.001242089886807426,-0.001355931706768022
2011-02-16,0.0030895603205030996,0.0030783705912929642
2011-02-17,0.004787599655852423,0.00476785038643313
2011-02-18,0.004168410236128129,0.004165328239065386
2011-02-22,-0.00679536723825838,-0.0070380558397899
2011-02-23,0.0012736859254906781,0.0009428567368649841
2011-02-24,-0.002160615042611911,-0.002166684826462686
2011-02-25,0.007227054769357821,0.007171352930502815
2011-02-28,0.0049402510729390225,0.0048812002325962734
2011-03-01,-0.001612721195640569,-0.0016277151318053549
2011-03-02,-0.0021836768176976295,-0.0022670141747791533
2011-03-03,-0.00021104110647217808,-0.0002852171739011552
2011-03-04,0.0018497861866493069,0.001779804014385648
2011-03-07,-0.002136600161217377,-0.0022052414561570307
2011-03-08,-0.0007825769312982654,-0.0009563143977752997
2011-03-09,0.0008964782720578795,0.0007146620117398932
2011-03-10,-0.006181636153788102,-0.006283931154329493
2011-03-11,-0.0004547759813767195,-0.0008884631033537225
2011-03-14,0.001704674729972167,0.0016256751162086126
2011-03-15,-0.005988968228504596,-0.005992162344981259
2011-03-16,0.004043825495437652,0.003961631765197434
2011-03-17,0.0011729347074561209,0.0011697188185283368
2011-03-18,0.0031612850804899847,0.0031609226878673295
2011-03-21,7.684545449268848e-05,7.541008533224325e-05
2011-03-22,0.0020327762949453867,0.0017402110816474936
2011-03-23,0.0021622893917294835,0.0021608128039751033
2011-03-24,-0.0021198161028219043,-0.0021221145036272185
2011-03-25,-0.0006047039876472091,-0.0007468916135096527
2011-03-28,-0.00167781858793708,-0.0017350720258615053
2011-03-29,-0.0002450022007558579,-0.0002494552606630314
2011-03-30,0.004651477797969659,0.004215216894062393
2011-03-31,0.0011068622941199718,0.0006085075508410742
2011-04-01,0.003226896978734219,0.002838379764979919
2011-04-04,0.00392530305632931,0.00371757133611567
2011-04-05,0.0005254937559775632,0.0002940792655430228
2011-04-06,0.0005361184020406362,0.00030470391160609565
2011-04-07,-0.0008342398486814064,-0.0009186488564223179
2011-04-08,0.004092139890279855,0.0038530246023368484
2011-04-11,-0.005911266698448938,-0.005924471319201642
2011-04-12,-0.007736876860833047,-0.007740514358486024
2011-04-13,0.002744000974224366,0.0022763585586160315
2011-04-14,0.0022810568450826285,0.0022135134168138775
2011-04-15,0.004778322969319742,0.004710779541050991
2011-04-18,-0.0026631073366427563,-0.0027301619643448445
2011-04-19,0.0035859626545109214,0.003474796937561827
2011-04-20,0.005352308740772629,0.005244187839960113
2011-04-21,0.0032277520858257297,0.0032192132293302578
2011-04-25,0.0005850473862060459,0.000577694760156506
2011-04-26,0.003146741213637474,0.003138579197020117
2011-04-27,0.0036087947464543946,0.0036056762895896447
2011-04-28,0.002964853111766523,0.002959119864547625
2011-04-29,0.002277421557736425,0.0022748731779756266
2011-05-02,-0.002269669062676557,-0.002272416911909438
2011-05-03,-0.0033689422514187354,-0.00337456029178984
2011-05-04,-0.002694583469138718,-0.002736348159329944
2011-05-05,-0.0021045797739879957,-0.0021560612790598563
2011-05-06,0.0004033526852367933,0.0003360642735102297
2011-05-09,0.002450167128011757,0.0023890543865559806
2011-05-10,0.0005453444021395183,0.0005416096947237557
2011-05-11,-0.001747087419712776,-0.0017530634916687227
2011-05-12,-0.0009256676773743196,-0.001034831324429038
2011-05-13,0.000273498831550818,0.00026692619355149987
2011-05-16,0.001123364591344092,0.0011129489192462367
2011-05-17,0.0016909940483207067,0.0015681856243370954
2011-05-18,-0.001357224455478629,-0.0013603312812036045
2011-05-19,5.317019789034047e-06,-6.684243872071343e-05
2011-05-20,-0.0005324701249921277,-0.0005366544652024341
2011-05-23,-0.00011573686120565566,-0.00018780054920020936
2011-05-24,0.00043758180557060603,0.00037417960032264683
2011-05-25,-0.0012247151684130486,-0.0014000595696578861
2011-05-26,0.0030248821428023446,0.0029480287509449843
2011-05-27,0.000673280093195095,0.0006695602377229353
2011-05-31,0.0012621646051870009,0.0010667858993697401
2011-06-01,-0.002852943566383534,-0.0030089160959543724
2011-06-02,-0.0072081033857325305,-0.007608052417417701
2011-06-03,0.0024507365150841557,0.0023105720229428775
2011-06-06,-0.0011693325383650857,-0.0011703483501991848
2011-06-07,0.002525828168384169,0.0025196909708311466
2011-06-08,0.0011100568149888042,0.0011091087040592548
2011-06-09,-0.0015711009585732427,-0.0016051541849081564
2011-06-10,-0.0010460082730315444,-0.0010711592818993417
2011-06-13,-0.0022108495860832687,-0.002338135766952674
2011-06-14,-0.004305783912438075,-0.004509436581569101
2011-06-15,0.0026059187322348787,0.002164443041811367
2011-06-16,6.792283146746892e-05,-0.000401931169574496
2011-06-17,-0.00010234843243310738,-0.00010777644720017352
2011-06-20,-0.0003360926337249975,-0.0003619638047158881
2011-06-21,-0.000278256718940639,-0.0002878232425480755
2011-06-22,0.0001314098546980634,5.455933054843344e-06
2011-06-23,-0.001767162439611874,-0.0017709158197810899
2011-06-24,0.00017032766278806327,-5.5782808695736585e-05
2011-06-27,-0.003772278583579208,-0.0037758184018955926
2011-06-28,-0.004892883401850438,-0.004991887722350697
2011-06-29,-0.0011414860419779016,-0.0019815958983702155
2011-06-30,0.008384419081376084,0.007543697082464248
2011-07-01,0.011022335701695328,0.011015288518977366
2011-07-05,0.0006237923276138197,0.0006180326374735726
2011-07-06,-0.00037547830446441413,-0.0003782289355837226
2011-07-07,0.005485557209148559,0.005111570466467817
2011-07-08,-0.0005457689196070155,-0.00088222944447574
2011-07-11,-0.002844871575544523,-0.0031228225574836603
2011-07-12,0.000885875254670532,0.0007681951690968911
2011-07-13,0.002944397171272497,0.002918497904240836
2011-07-14,-0.004532128564080968,-0.004609648578419114
2011-07-15,0.0026413632471713713,0.002563843232833226
2011-07-18,-0.0020513899677542602,-0.002130095326868341
2011-07-19,0.0018356928174817328,0.0016879496545177653
2011-07-20,8.239439237545873e-07,-0.0001431291767631598
2011-07-21,0.0015029766806898509,0.0014035662264858541
2011-07-22,0.0034392288893821533,0.003371920634396066
2011-07-25,-0.0036825728633241425,-0.003749916513183606
2011-07-26,0.002947685924649066,0.0028803422747896022
2011-07-27,-0.008905615453066555,-0.008910104524762262
2011-07-28,0.0011339088201253351,0.001017083748871694
2011-07-29,0.005653691009796095,0.0055776140797236294
2011-08-01,0.0006582424498434471,0.0006146420455685183
2011-08-02,0.006063630258945677,0.005999056740472768
2011-08-03,0.0013332264523238419,0.0011290138141526107
2011-08-04,0.004232317706306305,0.004231203222970686
2011-08-05,-0.008653081303734846,-0.008801018608499902
2011-08-08,0.0060304933948785895,0.005882556090113534
2011-08-09,0.0044829946429176875,0.004461849946759289
2011-08-10,0.014456716406020871,0.014408565056415868
2011-08-11,-0.019877077374080523,-0.01992676264549805
2011-08-12,0.005139435922907514,0.004861490463711253
2011-08-15,0.0025211050955552083,0.0022562862550469047
2011-08-16,0.005821978171788741,0.005821269532797567
2011-08-17,0.004040770729737873,0.004039169698623563
2011-08-18,0.006163593284048924,0.0061629626550914664
2011-08-19,0.005421073980835036,0.005417808720345059
2011-08-22,0.0032168717204040112,0.0032123052627311905
2011-08-23,-0.013485007013908068,-0.013486528639585188
2011-08-24,-0.016699464443923732,-0.01696220513981498
2011-08-25,0.003686840016239572,0.003606624157154668
2011-08-26,0.007750692443567626,0.007671186735396332
2011-08-29,-0.007080585606841152,-0.007084297373181374
2011-08-30,0.010111205822983685,0.010107588545052193
2011-08-31,-0.0025513988853628896,-0.002628248094153393
2011-09-01,0.0017031651195478755,0.0013271243041232793
2011-09-02,0.007147706261095762,0.006949809351594512
2011-09-06,0.003382251475249142,0.003341239255224093
2011-09-07,-0.0063631350325246295,-0.006462697389664125
2011-09-08,0.0027606229684953468,0.002584999353490585
2011-09-09,-0.00048404556238456037,-0.0005779201298968485
2011-09-12,-0.004029164435739503,-0.004160165751156353
2011-09-13,-0.00013118375327054926,-0.0001776031214955123
2011-09-14,-0.0012945017301495992,-0.0013815730545118034
2011-09-15,-0.0020178701273122503,-0.002156240209747653
2011-09-16,0.0016186557946186214,0.0015568363370060592
2011-09-19,0.00019590354609175297,0.0001348064553708082
2011-09-20,0.00113259436724928,0.0010246076990409337
2011-09-21,0.00012644053344931338,0.00012420522657996552
2011-09-22,0.005087855470197466,0.004992324903117951
2011-09-23,-0.00583902245125356,-0.005949834573498757
2011-09-26,-0.002917094742987945,-0.002922526855835506
2011-09-27,-0.004026094602291288,-0.004028959350462348
2011-09-28,-0.0009295014403154385,-0.001169796931587256
2011-09-29,-7.391035722343885e-05,-0.0006742304364557682
2011-09-30,0.013896482399573848,0.013895102831268682
2011-10-03,0.008109262880331146,0.007547192791436702
2011-10-04,-0.005421224547776528,-0.005664376207818198
2011-10-05,-0.003680336770961922,-0.003923488431003593
2011-10-06,-0.009093703952756327,-0.009659043509253453
2011-10-07,7.69565524990758e-05,4.8900861246522025e-05
2011-10-10,-0.015303502744572161,-0.015304364182440763
2011-10-11,-0.004043511352682819,-0.004587958745353956
2011-10-12,-0.0022108481317153765,-0.002448088170832438
2011-10-13,-0.004270273314490937,-0.004862273501660614
2011-10-14,0.012268427300738282,0.012112340434115923
2011-10-17,-0.016760555946871338,-0.01701820919151363
2011-10-18,0.014873725718814602,0.01474638865381877
2011-10-19,-0.012466227203670445,-0.012589151333153895
2011-10-20,0.00236927015169534,0.001887770284184538
2011-10-21,0.010970149616158843,0.01091160608689592
2011-10-24,0.01611896754392493,0.01605972308380144
2011-10-25,-0.004877710607705375,-0.004893079746132798
2011-10-26,0.0010317628760659438,0.0005864571454863561
2011-10-27,0.019368227284147485,0.01899828510235463
2011-10-28,0.000545031069633239,0.0005297335714039357
2011-10-31,-0.010599081778564714,-0.010602819119858652
2011-11-01,-0.00430656455895329,-0.004654283001141857
2011-11-02,0.005558182412418871,0.0055096619610078374
2011-11-03,0.004014907482882237,0.004008876501011401
2011-11-04,-0.0014455619333363908,-0.0014956724260315937
2011-11-07,0.0035044086156706443,0.0034106477190622157
2011-11-08,-0.00027708854937334276,-0.0002781813122018845
2011-11-09,-0.0128834427778817,-0.01294369259217225
2011-11-10,-0.0014068511594888206,-0.0015938152943388642
2011-11-11,0.0035059454044652242,0.0035046855062590932
2011-11-14,-0.0042105336752766625,-0.004397914969587846
2011-11-15,0.0016047392219940705,0.0014187072200958582
2011-11-16,-0.0030290106183653914,-0.0030294585424865145
2011-11-17,-0.007883683987869879,-0.008186631298305018
2011-11-18,-0.0011635287994076298,-0.0013249454317348192
2011-11-21,-0.0019532540849521948,-0.0019550901720872048
2011-11-22,0.0019103061500486628,0.0018124875190480365
2011-11-23,0.0030576026824837444,0.0030564853538752853
2011-11-25,-0.0008226584637718898,-0.0008247360526785623
2011-11-28,0.00029729947801354433,0.0002968436064266308
2011-11-29,-0.0001254119247706283,-0.00012549769700577126
2011-11-30,-0.004734999834458851,-0.004735678900644613
2011-12-01,-0.0031962395110823856,-0.0037702076123271536
2011-12-02,0.004252341904813379,0.004085910471183528
2011-12-05,0.0011708601183943734,0.0006560969729668617
2011-12-06,-0.0016233663476991286,-0.0016983511681371282
2011-12-07,0.0007026219545135122,0.0006283338550073317
2011-12-08,-0.006021453918891884,-0.006192289032475717
2011-12-09,0.0007006978120362508,0.000512685368468153
2011-12-12,-0.002593734765022341,-0.0026943593591660263
2011-12-13,0.0033862935336152564,0.0032856689394715716
2011-12-14,-0.00012418054359985796,-0.00020811361315149996
2011-12-15,-0.0015734545547460626,-0.0016376564749518146
2011-12-16,0.003832562784522844,0.0035608058733071143
2011-12-19,0.0020394083648273146,0.002032027900353298
2011-12-20,-0.0009950485179988208,-0.0010228788176699043
2011-12-21,-0.002420869040625367,-0.0024706859374911787
2011-12-22,0.0034368553326910743,0.003396192130556279
2011-12-23,-2.8568010413809116e-05,-9.515479603676005e-05
2011-12-27,0.0018394611677136558,0.0017884275593980533
2011-12-28,-0.0012721674700888253,-0.0012778510642893822
2011-12-29,0.002130652577473518,0.00205940058745859
2011-12-30,-0.0001636153657221518,-0.00020126947829861216
2012-01-03,0.0022522730284111293,0.002221261952162204
2012-01-04,-0.002163894983907787,-0.0022870051802041476
2012-01-05,-0.0002816124339504215,-0.0004063061188867953
2012-01-06,0.00021880729587673363,0.00021665515832293745
2012-01-09,-0.0006522327436792093,-0.0006565321603898683
2012-01-10,0.0030745988205694496,0.0030718499294608978
2012-01-11,0.0015382484621688066,0.0015342711825332039
2012-01-12,-0.0012023816505731125,-0.0013043931553274302
2012-01-13,0.0012364073061325836,0.0012001293301200828
2012-01-17,0.0026045558023867063,0.0025794408869565864
2012-01-18,0.0006517679855449619,0.0005903421707522098
2012-01-19,-0.0008778772639941518,-0.0008793101934557321
2012-01-20,-0.00012663760558027058,-0.0002810732638089347
2012-01-23,0.0007968498075737185,0.0007527813290423329
2012-01-24,0.0001407582662673524,-0.0002693838965780459
2012-01-25,0.01080939048390185,0.01073919661055354
2012-01-26,0.003022801290833417,0.0025852405743736033
2012-01-27,0.0018822346543709663,0.00187698780268083
2012-01-30,-0.0019271866201707483,-0.0019331297121980978
2012-01-31,0.00307120940458999,0.003014257276421821
2012-02-01,0.002439305137507471,0.0024357950741272136
2012-02-02,0.001963349335850713,0.0019616611143759826
2012-02-03,-0.0006457934167410058,-0.0006474387003079196
2012-02-06,3.267147260486241e-05,-2.4508297502271716e-05
2012-02-07,0.0011320215039257425,0.0011304838436800306
2012-02-08,0.0001301982351135551,8.606368753461712e-05
2012-02-09,-0.0017313843984567384,-0.0017347340209609814
2012-02-10,-0.004117882023034296,-0.004143204405133139
2012-02-13,0.0036477243035616764,0.003642179458644887
2012-02-14,-0.0009990637958740508,-0.001049626546067928
2012-02-15,-0.0008011399530098072,-0.0008020391324155575
2012-02-16,0.002701329285452274,0.0026943323138687316
2012-02-17,-0.0002765493683092039,-0.0002820306754665304
2012-02-21,0.001302350353107653,0.0012964739534348654
2012-02-22,0.0023686397881572223,0.0020121248978419524
2012-02-23,0.003286498909133723,0.002923092223259133
2012-02-24,0.0019296856342587928,0.0018730224172613767
2012-02-27,0.0003095706539412972,0.0002983453455017759
2012-02-28,0.0024510874064980707,0.0024014298071829148
2012-02-29,-0.005458462053927331,-0.005514749692716373
2012-03-01,0.001453704304310978,0.0013999876334381662
2012-03-02,-0.0021851330634764807,-0.0022411155046947874
2012-03-05,-0.00358076783661468,-0.003733495482609291
2012-03-06,-0.006778704982579829,-0.006865721325017261
2012-03-07,-0.0005569431457395133,-0.0009431217741040954
2012-03-08,-0.0005224113148862223,-0.0006341817823173335
2012-03-09,0.0024551072425162152,0.0020202966783879495
2012-03-12,-0.002834351265213805,-0.002892443914414144
2012-03-13,0.004885485027531011,0.0047921828284793345
2012-03-14,-0.0027518007902566856,-0.0031020486226205793
2012-03-15,0.0002115811311948732,0.0002080845786744742
2012-03-16,0.0006380052265441927,0.0006320386209989314
2012-03-19,0.0013198774579357274,0.0010809383805904158
2012-03-20,-0.00645928253953756,-0.00676047247811928
2012-03-21,-0.0013742880684977528,-0.0016065290136852706
2012-03-22,-0.006275349137755122,-0.006532457803821291
2012-03-23,-0.0005432800084059898,-0.0008586816769955199
2012-03-26,0.011078953041973361,0.010464820821939651
2012-03-27,-0.0010921889718024812,-0.0014405465151082048
2012-03-28,-0.004031610512062485,-0.004334289238187896
2012-03-29,-0.001357594619326656,-0.0017412690224775937
2012-03-30,-0.00021405163076230986,-0.0008192865879837504
2012-04-02,0.008294994353548813,0.0075089354842790175
2012-04-03,-0.006320889766533932,-0.006906634011271958
2012-04-04,-0.010395334966001899,-0.011082041095601208
2012-04-05,0.00015008722935202883,-0.0002709245927866212
2012-04-09,-0.007623795762709939,-0.00763083133920259
2012-04-10,-0.0011600598299665698,-0.0018784823624047146
2012-04-11,-0.001520827981272461,-0.0016218740683651592
2012-04-12,-0.0020691711515581856,-0.0020739193937433426
2012-04-13,0.0017926931814787764,0.0014698828088422437
2012-04-16,-0.0008422188709265242,-0.0011650292435630568
2012-04-17,0.0013543048158041692,0.00115685406367382
2012-04-18,-0.00030159015233156437,-0.0005707408064008459
2012-04-19,-0.0004108966459151129,-0.0005090588325516669
2012-04-20,0.0014065532683016492,0.0014053298731140497
2012-04-23,-0.00027300484937646367,-0.0002745311040286197
2012-04-24,0.0001549967703208826,0.0001526151324690793
2012-04-25,0.0025795172333595994,0.0025719835481321477
2012-04-26,0.001834937004099963,0.0018306498528904256
2012-04-27,0.0010339485720749241,0.0008892670872759755
2012-04-30,-0.0005394337287998281,-0.000592123609428285
2012-05-01,0.0010070797416347212,0.0009533213715615337
2012-05-02,0.0005304458858643022,0.00043691063345742593
2012-05-03,-0.0020337601016716697,-0.002175569316889279
2012-05-04,-0.0013380597132215896,-0.001393134253306824
2012-05-07,0.0014843927297102939,0.0013318250286142314
2012-05-08,0.0012916086442972968,0.0012898550526262164
2012-05-09,-0.0002977045447881825,-0.00033001462267927164
2012-05-10,-0.0009368941980721723,-0.0009521080897985521
2012-05-11,0.002219629168349264,0.002216200958059115
2012-05-14,0.00048663853084267094,0.00047704791224527403
2012-05-15,3.40331515067334e-05,2.0828503945842055e-05
2012-05-16,-0.00010992353030281618,-0.00026118777036100206
2012-05-17,-0.0006993089448095331,-0.0007844787254328234
2012-05-18,-0.0010942845146042232,-0.00139213455061372
2012-05-21,-0.0010502869601002347,-0.0010594222394612232
2012-05-22,-0.0008559669068357271,-0.0008956403250539063
2012-05-23,0.0022521762105821392,0.0022439132200616947
2012-05-24,-0.00024446011845772437,-0.00025183453091207167
2012-05-25,0.0017430091448183574,0.001734317130803418
2012-05-29,-0.0008938536205011793,-0.0009000916741697295
2012-05-30,0.006737378272974157,0.0067306448593052425
2012-05-31,0.004277185730800283,0.004021851913995081
2012-06-01,0.004154493141678617,0.004138262764549939
2012-06-04,-0.004172286028871553,-0.00422642500721428
2012-06-05,-0.001866997078698682,-0.0018867211325376753
2012-06-06,-0.005006571705483062,-0.005017280683172367
2012-06-07,-0.0014847712895782825,-0.0016956217589552797
2012-06-08,0.0012317019311878983,0.0009968181929351147
2012-06-11,0.0010172444153801802,0.0010130425958380608
2012-06-12,-0.0018905763464638196,-0.0019516173083324807
2012-06-13,0.0016173950015974702,0.0014775335306041197
2012-06-14,-0.0014244315215814819,-0.0015239138338560235
2012-06-15,0.0022426958398405424,0.0020555147072788124
2012-06-18,0.0007414850712616038,0.0006015079370896664
2012-06-19,0.0009071869973138711,0.0009041089882779676
2012-06-20,-0.00022162938835666157,-0.00026239445304839263
2012-06-21,-0.006230296255786628,-0.006236600081909088
2012-06-22,-0.00029456735535411313,-0.00042662796677336824
2012-06-25,-0.000598021630247385,-0.0007300822416666401
2012-06-26,-0.0007193921736784013,-0.0008834798284029846
2012-06-27,0.0025891909094781893,0.002439290392533182
2012-06-28,0.0012380287291293298,0.0010657824426011004
2012-06-29,0.0020179516537820364,0.0019787529687066035
2012-07-02,0.003146951132573708,0.0029489931966255275
2012-07-03,0.002537904749647703,0.0024764742850100037
2012-07-05,-0.0019097340453728413,-0.001979650554664691
2012-07-06,-0.0008686032018256509,-0.0010263313079715412
2012-07-09,0.0007781212457038686,0.0007084131163467892
2012-07-10,-0.0019396656710768262,-0.0019627689202682624
2012-07-11,0.001761545582168801,0.0017588592431944598
2012-07-12,0.0008155681294388754,0.0008094674152817819
2012-07-13,0.0023475116389147566,0.002308246875293836
2012-07-16,0.0005271700774940028,0.0004914566603200843
2012-07-17,0.00138535949701828,0.001373707001055073
2012-07-18,0.00280098001571111,0.0027674653456626294
2012-07-19,0.0010090714314384343,0.0009996096628890445
2012-07-20,-0.0006100050782945291,-0.000617456303045028
2012-07-23,-0.003092101776493356,-0.003099956439138245
2012-07-24,0.0005201145712495843,0.0004557419475368418
2012-07-25,2.4306044908321525e-05,-2.5173884217785153e-05
2012-07-26,0.0007666601973185958,0.0007174083860953049
2012-07-27,0.000707315979730866,0.000573388159464501
2012-07-30,0.0019551384360612712,0.0019312587801339244
2012-07-31,-0.0003982867963199787,-0.0004029746418420444
2012-08-01,-0.00140193636076105,-0.0014091600251031693
2012-08-02,-0.001477266179075144,-0.0015601012724668266
2012-08-03,0.0012688929923982178,0.0011972211496846343
2012-08-06,0.001918202324730038,0.0017704186609003583
2012-08-07,-0.0020208604510569424,-0.0020246513648792494
2012-08-08,-0.001339169823709835,-0.0013527376423714869
2012-08-09,0.0007192519559564095,0.00029900436145241163
2012-08-10,0.001368014504704246,0.0013662737637595802
2012-08-13,-0.0032383492063037464,-0.0032426957740630522
2012-08-14,-0.001354062230626901,-0.0013562545519792929
2012-08-15,-0.0008943438139201109,-0.0012630396133485999
2012-08-16,0.007475067528886356,0.0074733908402927745
2012-08-17,0.00026558647841379827,0.00011260586933096274
2012-08-20,0.0022645415753143774,0.002254901363109358
2012-08-21,0.003986697368896523,0.003835304177186721
2012-08-22,0.002929544257608251,0.002780520186797098
2012-08-23,-4.8126353421755647e-05,-0.00019715042423290864
2012-08-24,0.00272573271142085,0.0027180465228907806
2012-08-27,-0.00046031786791132746,-0.0008425348050609521
2012-08-28,0.0009889762822828504,0.0006814890029642491
2012-08-29,-0.00167139125563117,-0.00171227608890429
2012-08-30,-0.0017441272476396142,-0.0017517186337035302
2012-08-31,0.008013676461359314,0.008006558501268815
2012-09-04,0.0002909028475683932,0.0002306941111892242
2012-09-05,-0.0006490030807514471,-0.0006539022338205822
2012-09-06,0.0010714296353293302,0.0010289561829770347
2012-09-07,0.005381930433799172,0.00531783380705463
2012-09-10,-0.003031698890424052,-0.003072910075500281
2012-09-11,0.0028614889313428814,0.0028567161456141943
2012-09-12,0.00010691303301092132,0.00010393894707222864
2012-09-13,0.01322886721705108,0.012924229585886099
2012-09-14,-7.235112003775986e-05,-0.0003765055588308686
2012-09-17,-0.004388558461501977,-0.004692712900295086
2012-09-18,0.0006679988066745347,0.0006560739060232995
2012-09-19,0.0002088455673406634,-8.938770618800823e-05
2012-09-20,-0.00324817645106047,-0.0032582777432440604
2012-09-21,0.0008349921457153931,0.0007365992902665105
2012-09-24,-0.001046314025758099,-0.0010680299848643399
2012-09-25,-0.0034587103635897853,-0.0034663512736759997
2012-09-26,-5.092150981615364e-05,-0.00024905965743969555
2012-09-27,0.004025535394372857,0.004020845502801228
2012-09-28,-0.0019290947287815311,-0.0020816532540081766
2012-10-01,0.002100364827625818,0.0018921603830709824
2012-10-02,0.00046632113627405303,0.0003938252548443545
2012-10-03,-8.016556710892686e-05,-8.164485323618646e-05
2012-10-04,0.002114957543264479,0.0019708603538768203
2012-10-05,-0.0019124499835638915,-0.0019716813874184926
2012-10-08,-0.0009025252243416056,-0.0009417815885368834
2012-10-09,-0.003179772839013105,-0.00318274864215495
2012-10-10,-0.00014577158571901555,-0.0003427568527035283
2012-10-11,0.00242646547764454,0.002192625735416617
2012-10-12,-0.00024369549636093653,-0.0004579692432616554
2012-10-15,0.002003609019768891,0.001890762783492414
2012-10-16,0.00037848622910440535,0.0003162959236675787
2012-10-17,-1.8639182328713626e-05,-0.00010934811230211056
2012-10-18,-0.0019409558389086687,-0.0023365087181441173
2012-10-19,-0.006159490601403802,-0.006286765970387024
2012-10-22,-0.0007710658286852144,-0.00121420533643747
2012-10-23,-0.002911792706936454,-0.0033549322146887097
2012-10-24,-0.001694063398511619,-0.002120426742954154
2012-10-25,-0.0017220600464084518,-0.0019310310421235622
2012-10-26,0.0015413700999378373,0.0010737030567876794
2012-10-31,0.0016190001505173722,0.0011206700461394805
2012-11-01,-0.0020054076274170557,-0.0021436774102909706
2012-11-02,-0.0001178095853455727,-0.00022973049469050924
2012-11-05,0.0009313629424245245,0.0007412773691359538
2012-11-06,-0.0028760698198290703,-0.0029665944096077183
2012-11-07,-0.005059606464870789,-0.005807072994226387
2012-11-08,0.002308417649498337,0.0016057597593991
2012-11-09,0.0004653281891850113,0.00046265553653378763
2012-11-12,0.00014711902590851622,0.00014528284623280545
2012-11-13,0.0016826846990363297,0.0016793625439791026
2012-11-14,0.00011821475208633923,0.00011069514146796515
2012-11-15,-0.0007806307901329427,-0.0007829766360898431
2012-11-16,0.0006774206575685429,0.0006759429124168004
2012-11-19,-0.0015659283758628756,-0.0015671960372196018
2012-11-20,-0.0030200478453399197,-0.00321043620033584
2012-11-21,-0.0005131652036268285,-0.0006538115189596516
2012-11-23,-0.0006178810440541713,-0.0011605144575692727
2012-11-26,0.00021311413666126014,-0.0005837410874571749
2012-11-27,-0.0006523353504378606,-0.0006550604367888291
2012-11-28,-0.0012562236991437183,-0.001448173383727574
2012-11-29,0.003657477165342718,0.003390244928938763
2012-11-30,-0.0011130454959158665,-0.001230653447265331
2012-12-03,0.0012740800199553459,0.0010007201797841824
2012-12-04,0.0002458754730303949,0.00022720384755443341
2012-12-05,0.0011119654917504083,0.001108942561518291
2012-12-06,0.0011519001914586644,0.0011436882503873416
2012-12-07,-0.000919512719520074,-0.000950340617177026
2012-12-10,0.001096849287706178,0.0010870586653034884
2012-12-11,-0.00034591964720900826,-0.00034993719489529536
2012-12-12,6.462821669172514e-05,-0.00020290039451726995
2012-12-13,-0.006430097279597408,-0.006906577578592881
2012-12-14,0.0003377623616065754,0.0002579162013996753
2012-12-17,0.005153613194459828,0.005145576434252181
2012-12-18,0.006428751582386952,0.0063471004947601726
2012-12-19,0.00013434986102016898,0.00012810541422048137
2012-12-20,0.006121198567451222,0.006115118288976673
2012-12-21,-0.006147177132650172,-0.006174993771751522
2012-12-24,-0.002418352389690572,-0.002427028655792505
2012-12-26,0.0026439359419239716,0.002638875858198178
2012-12-27,0.0026478498514844627,0.0026389226295454103
2012-12-28,-0.0024982766240526843,-0.002833689204922882
2012-12-31,0.002259599698828011,0.0019009530637661073
2013-01-02,0.014854963696308178,0.014270108694682523
2013-01-03,-0.0044186242660133185,-0.0047382222131475684
2013-01-04,0.00225649874655182,0.0019369007994175704
2013-01-07,-0.0016421936818576698,-0.0016492071336872895
2013-01-08,-0.0018531733229023,-0.0018585662735552903
2013-01-09,0.002679345786548111,0.0026494078296007547
2013-01-10,0.0018260270450640246,0.0018221287369718745
2013-01-11,-0.0006763247628235496,-0.0009198868134266748
2013-01-14,0.0004369430048891949,0.000155926100517442
2013-01-15,-0.0006744769797013948,-0.0009554938840731477
2013-01-16,-0.0005584573863957746,-0.0006849493349247314
2013-01-17,0.0027242401122275365,0.0023261176238080603
2013-01-18,0.0016338750182658538,0.001271264032863134
2013-01-22,0.0022322162351135436,0.002052899918939835
2013-01-23,-0.0017603037161780665,-0.001771855738518693
2013-01-24,-0.0008839478091521651,-0.0011875788563609191
2013-01-25,0.0008264290384592708,0.00045379050349400845
2013-01-28,-0.0016090158835292275,-0.0018160485486457638
2013-01-29,0.002812897666439997,0.0026276028045159536
2013-01-30,-0.0029704385190031336,-0.0031478670927098133
2013-01-31,-0.005869512383173893,-0.0062914066290273634
2013-02-01,0.007100511010055886,0.006913816294768795
2013-02-04,-0.00824253193595721,-0.00855329036858666
2013-02-05,0.0030068788017521032,0.002866051053960468
2013-02-06,0.001718142373264593,0.0016930071165017864
2013-02-07,-0.005760537082144458,-0.005767452995408449
2013-02-08,0.002881927115940035,0.002623240812679186
2013-02-11,0.0008892177867035965,0.0007346222188826623
2013-02-12,0.0025970812182021705,0.0025103193809706955
2013-02-13,0.00011724317372800532,0.0001061345603351237
2013-02-14,-0.00045221262861276445,-0.0004669745082507398
2013-02-15,-0.002414889672986403,-0.002461450225197735
2013-02-19,0.0060592178276468135,0.0060359283556131365
2013-02-20,-0.0060250935401861645,-0.006032217528653615
2013-02-21,-0.004429628106750977,-0.004554038527002431
2013-02-22,0.005897625268620476,0.005728129845454062
2013-02-25,-0.0026351456786156864,-0.0032163914208298673
2013-02-26,-0.0007322139066884233,-0.0012702234585945534
2013-02-27,-0.000581662091452958,-0.0007752240164041261
2013-02-28,0.000999263521118011,0.0008702157378189973
2013-03-01,0.0021077862690599973,0.0021034190194509487
2013-03-04,0.00012658310543002286,0.0001232475394733097
2013-03-05,0.00048576815201185257,0.0004789331883267054
2013-03-06,-0.0008906545020876425,-0.0009354500809756813
2013-03-07,-0.0017321975003266204,-0.0017887813993165136
2013-03-08,0.004137969242256348,0.003639271686278623
2013-03-11,-0.0005314327538666362,-0.0005458007722398517
2013-03-12,-0.0026260969752013304,-0.002628781083806363
2013-03-13,0.0013271671895590826,0.0012201226270649778
2013-03-14,0.0028243285816878776,0.0028228204305054253
2013-03-15,-0.000861359117783645,-0.0008950414509705274
2013-03-18,-0.00018592483363034294,-0.0005423255028846287
2013-03-19,0.0001507733650485226,-4.4532833309001975e-05
2013-03-20,-0.00032946527021922366,-0.00042867236718459995
2013-03-21,-0.0009721866808927891,-0.0010255729972226694
2013-03-22,0.00025530318029968406,0.00020353645430442558
2013-03-25,-0.0005646680393703979,-0.0005699867107067336
2013-03-26,0.0022315882851107927,0.002184354337767737
2013-03-27,0.0018305993967467668,0.0017913759996474017
2013-03-28,3.4459426569978955e-05,-4.763970529385992e-06
2013-04-01,-0.0001548253727808985,-0.000194122748285343
2013-04-02,-0.0007449898865865163,-0.0007842872620909609
2013-04-03,-0.000545641344983152,-0.0005933458125015323
2013-04-04,0.0031529472198263066,0.0031123516904898317
2013-04-05,0.002353347269090824,0.002293220194410531
2013-04-08,0.0005249979538745045,0.0003774960163093811
2013-04-09,0.0009330822012349386,0.0007452697189084809
2013-04-10,0.0013428685586583324,0.0012400686290870663
2013-04-11,0.0009403516616997096,0.0009198548330332337
2013-04-12,0.002591640798830365,0.0025516888402269257
2013-04-15,-0.005838015773295625,-0.005855946044032418
2013-04-16,0.0030189635955521345,0.0029154334309273214
2013-04-17,-0.0025785426522434347,-0.002645101341420158
2013-04-18,-0.00018438240296999266,-0.0003086048188155068
2013-04-19,0.0013193926364901383,0.0013123673321533628
2013-04-22,0.0008800496931498682,0.0007692438792633038
2013-04-23,0.0022727578677210515,0.0021451867645371366
2013-04-24,0.0009330651277676143,0.0008326965380283228
2013-04-25,0.00032628810369177087,0.00028743232279810753
2013-04-26,0.0005202331154530391,0.0004944656124252782
2013-04-29,0.002251686826242311,0.0021315991872631265
2013-04-30,0.001197360066769459,0.0011688371285706444
2013-05-01,-0.00095061296642076,-0.0009553002274173933
2013-05-02,0.0024652593670450164,0.002435141036193093
2013-05-03,-0.0023307723321171247,-0.0023613239342808014
2013-05-06,-1.5472886647376965e-05,-6.810676845081016e-05
2013-05-07,0.0011091053986828966,0.0007167201298573021
2013-05-08,0.0038899981638599265,0.0038861630126303666
2013-05-09,-0.004152231316846842,-0.004156934565844283
2013-05-10,-0.00043010405412650737,-0.000715227771109104
2013-05-13,-0.0015889270075957296,-0.0016045339191399792
2013-05-14,0.002884577028196084,0.002873260832580679
2013-05-15,0.0029088556499957618,0.0029054248799124664
2013-05-16,-0.0010578626728826315,-0.0010642042777329048
2013-05-17,0.004768019780068681,0.004763786065167343
2013-05-20,0.000500666360258721,0.0004967281903344508
2013-05-21,0.0009756578077962089,0.0009696194238436867
2013-05-22,-0.007892681897486391,-0.0078962497625405
2013-05-23,-0.006666087217173253,-0.006687075844447948
2013-05-24,-0.0032374018190696363,-0.0037358315113420948
2013-05-28,0.007623427112031608,0.007410435743116827
2013-05-29,-0.00925849084942925,-0.009304844242093708
2013-05-30,-0.002225579863072875,-0.002391345421949859
2013-05-31,-0.014351780343565546,-0.014926307479653452
2013-06-03,-0.0017592267816937811,-0.0023366534176944816
2013-06-04,-0.004807334738338831,-0.005384761374339532
2013-06-05,-0.014001164863233884,-0.014001164863233884
2013-06-06,0.0,-0.0005
2013-06-07,0.016061895677671023,0.015561895677671023
2013-06-10,-0.0016392325577689185,-0.0022892560744849633
2013-06-11,-0.008869968507170036,-0.008870775116102564
2013-06-12,0.007102629691236428,0.006451799565587856
2013-06-13,0.008815840802801622,0.008815840802801622
2013-06-14,0.000878455244443313,0.0002710277542775241
2013-06-17,0.0005756085808943379,-3.1818909271451074e-05
2013-06-18,0.006984780079324753,0.0064126897797173055
2013-06-19,-0.01008282467415393,-0.010085665145016673
2013-06-20,-0.03306491522553434,-0.03363416505427905
2013-06-21,0.0,-0.0005
2013-06-24,0.0,0.0
2013-06-25,0.0,0.0
2013-06-26,0.0,0.0
2013-06-27,-0.0004440593226756606,-0.0009440593226756606
2013-06-28,0.00024245520958138416,-5.7769470269268644e-05
2013-07-01,0.0027782989226348893,0.0027767795470147573
2013-07-02,0.00928320045019094,0.009275406439969706
2013-07-03,0.0024110006723018235,0.002408971120727127
2013-07-05,0.01620793095460787,0.016206203216739597
2013-07-08,-0.0005247538464835469,-0.0008164277797890021
2013-07-09,0.006198648087510392,0.0061926280086902884
2013-07-10,0.0011722639958971649,0.0008794750087653495
2013-07-11,0.00490529161061166,0.004699438473546016
2013-07-12,1.5227580033207896e-05,-6.555354459989301e-05
2013-07-15,0.003900106415382199,0.0038968265561388836
2013-07-16,-0.002780076095639426,-0.002960845590075207
2013-07-17,0.0052129493591485014,0.0050181394411700185
2013-07-18,0.0022467012048432034,0.00186124135974826
2013-07-19,0.0005695857472346882,0.0003322294848948561
2013-07-22,0.00022095623236444983,-9.781617251522511e-06
2013-07-23,0.0004845091225709613,0.0003282389434984756
2013-07-24,-0.007820879559844389,-0.007822193701003408
2013-07-25,0.001404305835393465,0.0013976388526028124
2013-07-26,-0.0013605075958034428,-0.0013634668412870067
2013-07-29,-0.0034230767127910824,-0.0034305370894902923
2013-07-30,-0.0013224863601662348,-0.0013551186607203983
2013-07-31,0.0007704718535025965,0.0007671453904658273
2013-08-01,0.0007268437247253547,0.0006572034245079556
2013-08-02,0.00233999218931816,0.0019188339553623803
2013-08-05,-0.0026242874131364733,-0.003016858834238189
2013-08-06,-0.004627685389894716,-0.004781643121314161
2013-08-07,-0.0029656751621057213,-0.0031512721587270017
2013-08-08,0.003969359047169881,0.0037729877344451343
2013-08-09,0.00033965378658033335,0.0002247624384152872
2013-08-12,0.0031847235489809262,0.003070077650873563
2013-08-13,-0.0014501994392901833,-0.0014514044510894402
2013-08-14,0.0028673079892374514,0.0023470947229209662
2013-08-15,0.0005359727635828798,0.0005339981785628569
2013-08-16,0.0019112583151708253,0.0016403744884120966
2013-08-19,-0.005155046236701051,-0.005355774611924917
2013-08-20,-0.005643405929831246,-0.005653287133899083
2013-08-21,-0.007123566022967705,-0.007415500298663862
2013-08-22,0.005708545452111728,0.005216778614322776
2013-08-23,0.02505539458555577,0.025054634046583063
2013-08-26,0.0003199109490357859,-0.0003176611046665903
2013-08-27,0.015118115454028044,0.01477023248976128
2013-08-28,-0.002217739841852772,-0.002556465870005941
2013-08-29,-0.011711395507780714,-0.012050121535933883
2013-08-30,-0.00287396361013802,-0.003478953351600194
2013-09-03,0.004518865123079116,0.004516914122227334
2013-09-04,-0.009588955638528568,-0.009791357225155051
2013-09-05,0.0007665584370352456,0.0007637524508184545
2013-09-06,0.007494533317960656,0.007345221647097396
2013-09-09,0.001661086395269854,0.0014841371470645118
2013-09-10,-0.0016716284696243501,-0.0018637511481599182
2013-09-11,0.0012089923494739598,0.0010107177462513376
2013-09-12,-0.008203889182996266,-0.008407105906660932
2013-09-13,0.002084240462069138,0.0019338244673036116
2013-09-16,0.004250867732626555,0.004248753099233905
2013-09-17,0.0019388911621181894,0.0018232521404959764
2013-09-18,0.015927459736797343,0.015573660824380602
2013-09-19,-0.003908421797854819,-0.004252388945608779
2013-09-20,-0.004923516912297926,-0.005026640409018055
2013-09-23,0.0008630665664588104,0.0008318811690988135
2013-09-24,0.0001638583752402899,0.00016074575074266523
2013-09-25,0.00027356097840922593,0.0002706561107835527
2013-09-26,0.0003744797653947434,0.0003736020577132637
2013-09-27,-0.0017496891197352875,-0.0017536643941503175
2013-09-30,-0.003747177294819573,-0.003750573481063935
2013-10-01,0.0035254535250307507,0.0035199881613735325
2013-10-02,0.0011842024289893851,0.0011800747395063794
2013-10-03,-0.0027232961559329263,-0.002724448428696314
2013-10-04,0.0014999418143758212,0.0014931509794624612
2013-10-07,-0.001896588280017295,-0.0018983195846532046
2013-10-08,-0.002295343587965046,-0.002410838178477933
2013-10-09,-0.0009424305856090457,-0.0011076186777860568
2013-10-10,0.004920314095779062,0.0048260893694189845
2013-10-11,0.00242484677595748,0.0022750512505282034
2013-10-14,-0.0005631069884980052,-0.0005671119829584225
2013-10-15,-0.0020921347883693627,-0.0021938074978509747
2013-10-16,0.007380577044248475,0.007369698284462881
2013-10-17,0.0065992877857669035,0.006498318154368301
2013-10-18,0.00229837923753801,0.002271268911804343
2013-10-21,-0.001716099107376865,-0.0017215040828709321
2013-10-22,0.006235791601502015,0.006207959881705943
2013-10-23,-0.0019257406030488808,-0.0019618537110341213
2013-10-24,0.0005410613569621613,0.0005336631995481579
2013-10-25,0.0014101423741681442,0.001405387438003706
2013-10-28,-0.00045522788293489436,-0.0004566758642707121
2013-10-29,0.001140459749901572,0.0011341323382585036
2013-10-30,-0.003203465071536496,-0.00320667377294415
2013-10-31,-0.002678781337037505,-0.002718927543393543
2013-11-01,-0.001620035206938441,-0.001736577957461822
2013-11-04,0.001254897686073601,0.0011494656184904669
2013-11-05,-0.004846689943247936,-0.004920982719523423
2013-11-06,0.001730021125261854,0.0016137525127532279
2013-11-07,-0.0015149949610322802,-0.00155584543945532
2013-11-08,-0.002597702435022534,-0.002751023615569227
2013-11-11,-0.0021311124120994905,-0.002672823815849403
2013-11-12,-0.0012467479337196661,-0.001253375872648834
2013-11-13,0.002517141647765016,0.002376247291178632
2013-11-14,0.0026111589025654774,0.002470709634856377
2013-11-15,0.0011241508445004218,0.0006747770683465082
2013-11-18,0.00012318389267498782,0.00012084306341903473
2013-11-19,-0.00210320349064081,-0.0021551328182892442
2013-11-20,-0.0014266860734723705,-0.001740963417861743
2013-11-21,0.003129058693826171,0.002792150385080569
2013-11-22,0.0004588384323952142,0.00030892152412725227
2013-11-25,0.0006563711527750224,0.0004444477932213063
2013-11-26,2.8652606658241515e-05,2.640330999389872e-05
2013-11-27,0.0007459327768565664,0.0007407343805767758
2013-11-29,0.00012940143504006893,0.00011485736567466121
2013-12-02,-0.002891173899103198,-0.0031781366170121994
2013-12-03,-0.0023517926830301217,-0.0028710742354839257
2013-12-04,-0.0009990203446491963,-0.0012850114016653591
2013-12-05,-0.0024952831392288308,-0.0027129643400880922
2013-12-06,0.004978340144432685,0.004679618617559743
2013-12-09,0.002290589715930292,0.0021810123821324797
2013-12-10,0.0006247224756727182,0.000611415186751245
2013-12-11,-0.006420221741516074,-0.006688000616178166
2013-12-12,-0.0015937173165357045,-0.0018387574957706406
2013-12-13,-0.0003596714425405492,-0.0007180524087119879
2013-12-16,0.0017430550471141562,0.0013954015517928314
2013-12-17,0.00018614109148207148,2.1417651394108658e-05
2013-12-18,0.0007966678307602045,0.0004476250940531049
2013-12-19,-0.0028284917194784788,-0.003177534456185578
2013-12-20,0.002944559699895761,0.002778396099578455
2013-12-23,0.001020360505626352,0.0008063800185898856
2013-12-24,-0.0003193370975765667,-0.00035638862993561535
2013-12-26,0.001867499727551399,0.001763643419439469
2013-12-27,0.0009034105342288887,0.0008203363101246877
2013-12-30,0.0001878259506660893,0.00010285406523290277
2013-12-31,0.00010390865561775035,6.819127648688522e-05
2014-01-02,-0.006485766451133565,-0.006562332736844353
2014-01-03,0.0017205167889442628,0.0014313012793380482
2014-01-06,0.000712814406992232,0.0006715939930982476
2014-01-07,0.0007857276731924344,0.0005286081832498014
2014-01-08,-0.0021129390220719292,-0.002170952106920757
2014-01-09,0.0008486634134317872,0.0005025758479093563
2014-01-10,0.004480582334322894,0.004360706940793323
2014-01-13,-0.0010475144521395704,-0.0012758891214162884
2014-01-14,0.0003550304529343549,0.00021441277299055547
2014-01-15,0.0017602990550103239,0.0016232911366621597
2014-01-16,0.0009505965587899717,0.0009468163805453829
2014-01-17,0.0008065192596288677,0.0007962473777878461
2014-01-21,0.0002025340533589042,0.0001948975822230726
2014-01-22,-0.001185144607938431,-0.001193599272120979
2014-01-23,0.0002574364081381323,0.00022047382034941037
2014-01-24,-0.004842977158561143,-0.004968171422361806
2014-01-27,-0.004569813741063875,-0.004965171798896732
2014-01-28,0.0032494076606106536,0.003147290053294548
2014-01-29,0.001409209331452707,0.0010932882993038517
2014-01-30,0.0003838845681926529,0.00011773624312844518
2014-01-31,0.002028164809498932,0.0016724227597507888
2014-02-03,0.0009118056604898316,0.000907807703945381
2014-02-04,-0.0016012572602807414,-0.0018202725512133108
2014-02-05,-0.0026557980215733625,-0.0026665913855293327
2014-02-06,2.7702666826692073e-05,-8.440705540167146e-06
2014-02-07,0.00344366863586467,0.003221526538700674
2014-02-10,0.0016598597917438177,0.0015202819438214928
2014-02-11,0.00023370893049426056,0.0002086907927964161
2014-02-12,-0.0013301711192725192,-0.0014300066960571882
2014-02-13,0.0040675607579153525,0.004061023548191701
2014-02-14,0.004177223419454813,0.0041448155832247485
2014-02-18,0.003295983424407752,0.0032828442569990458
2014-02-19,-0.0029791178931725323,-0.002981428192780609
2014-02-20,0.0015222355566803538,0.00148662341326855
2014-02-21,0.0010582238376145195,0.001022100492433595
2014-02-24,0.0019395237030557719,0.0019286451573042917
2014-02-25,0.0014155792870327191,0.0014130567397064274
2014-02-26,0.0007324250931712355,0.0007200212821966276
2014-02-27,0.0022008892552356596,0.002192498503486753
2014-02-28,0.0002670387332024125,0.0002611887428402061
2014-03-03,0.0021726763225391097,0.0021677439061242704
2014-03-04,-0.0014096974920172652,-0.0014466806224703057
2014-03-05,-0.0013277304428625934,-0.0013623852960843316
2014-03-06,-0.00013952171205775074,-0.00014710279701256294
2014-03-07,-0.004686423598035364,-0.004756596230349941
2014-03-10,-0.0031139939952482512,-0.003557869588438103
2014-03-11,-0.0021771707239368245,-0.0022074752981338258
2014-03-12,0.0038981037313392582,0.003741382269501033
2014-03-13,-0.00024181027115415007,-0.0007479903434270303
2014-03-14,0.000302698626542082,0.00025486219828011917
2014-03-17,-0.001015240523707296,-0.0010292162671943581
2014-03-18,0.0015656490700541464,0.0015602761122737688
2014-03-19,-0.008325139147599034,-0.008418991675496562
2014-03-20,0.0011084213359838174,0.0003066158798924937
2014-03-21,0.0003557950670900967,-0.00034403103713590455
2014-03-24,-0.0015929070198557112,-0.0019504980935940723
2014-03-25,0.0009882783117714168,0.0006235642594654388
2014-03-26,-0.00010966730511515386,-0.0004157384499140657
2014-03-27,0.0011233911646101563,0.0007887358460109857
2014-03-28,-5.496584198057636e-05,-0.00027139196342002264
2014-03-31,0.0015000084000591773,0.001326157656155957
2014-04-01,-0.0002682324264015245,-0.0002707322493279375
2014-04-02,-3.550052007605538e-05,-0.00029053895267457976
2014-04-03,0.000407662622404327,0.00032838185260591283
2014-04-04,0.0005090223614445188,0.00043166613897590477
2014-04-07,-0.0005448347173222034,-0.0007906143693523201
2014-04-08,0.0018430130300500487,0.0017754610285921138
2014-04-09,0.0015789900762554065,0.0014217205820096397
2014-04-10,-0.002764771701089735,-0.002836797568166139
2014-04-11,-0.000500285443718382,-0.0006261924186051794
2014-04-14,0.0008909601172455148,0.0006430066677493569
2014-04-15,1.7881581056878665e-05,-0.00030006983195452765
2014-04-16,0.001744228858790155,0.0016363662614588214
2014-04-17,-0.002290811997805038,-0.002406823445990822
2014-04-21,0.0005342830873616576,0.000520160178666355
2014-04-22,0.0002001206010489715,0.00019919663260351808
2014-04-23,0.00012589491136684992,0.00012314538729104026
2014-04-24,0.0010704535958101676,0.001066311007418546
2014-04-25,-0.002167922940673239,-0.002170575819540982
2014-04-28,0.0004644052045083644,0.0004618863305445397
2014-04-29,0.0015101021425183326,0.0015088466465416688
2014-04-30,0.0012791418166081773,0.0012708082952806268
2014-05-01,0.0022613144693064673,0.002212403797166905
2014-05-02,0.0017518580508537965,0.0017466568727746567
2014-05-05,-0.0011535131752479198,-0.0011599292819518725
2014-05-06,6.651229292689552e-05,1.5418589265692645e-05
2014-05-07,0.000817384505619417,0.0008150391835542546
2014-05-08,-0.0001465023306569472,-0.00019750320797296355
2014-05-09,-0.0005070532310170362,-0.0005107878714432123
2014-05-12,0.0013462015396384314,0.0013379534231147561
2014-05-13,0.0020621736167867233,0.0019184951203753862
2014-05-14,0.0021344804789554007,0.002093288973717733
2014-05-15,-0.0009294678750289054,-0.0009921058102662268
2014-05-16,0.0012547206605635964,0.0011920827253262746
2014-05-19,-0.0003329138567579176,-0.0003347126718098965
2014-05-20,-0.0008729957494790985,-0.0008742697111519777
2014-05-21,0.0004733425350961229,0.0004727142932300955
2014-05-22,0.0005280294652243468,0.0005269452291290893
2014-05-23,0.001987055656169816,0.0019862959780839583
2014-05-27,0.0019359059263388363,0.0019352665808406919
2014-05-28,0.0016883264592513323,0.0016843071001566784
2014-05-29,0.00027434882079223496,0.00027143907384670425
2014-05-30,-0.00027928308834731245,-0.00028176893970126955
2014-06-02,-0.0018059105142489516,-0.001807927930645781
2014-06-03,-0.0019685829913494253,-0.0019721329067229573
2014-06-04,-0.00010529814000938322,-0.00030971806939829706
2014-06-05,0.00286826644925942,0.0028675580545092804
2014-06-06,0.0015049895059700495,0.0015018427497344618
2014-06-09,0.0003669320961774784,0.00021481991160533263
2014-06-10,-0.0005028359198960041,-0.0006549481044681499
2014-06-11,-0.0012319478099061252,-0.0015151527435637662
2014-06-12,-0.00035001554297793834,-0.00035018074183158825
2014-06-13,0.0006491338860062508,0.00018051650682248164
2014-06-16,-0.0011126500572463645,-0.0011739417131751747
2014-06-17,-0.0002593789814934807,-0.0006958009610461115
2014-06-18,0.003406507855184016,0.003306749821552909
2014-06-19,0.00023172556122031185,-0.00023834062417416884
2014-06-20,0.0011046657776710182,0.0005566857349131589
2014-06-23,-0.0008231070435013309,-0.0012404396360946313
2014-06-24,-0.00026260382455719225,-0.0005187187648373513
2014-06-25,0.0015754188428252437,0.0012722596684009298
2014-06-26,0.00040322399162786746,0.00039740703416834086
2014-06-27,0.00046102783492153184,0.00045995698641509476
2014-06-30,0.00013873379268520858,0.0001381672540774333
2014-07-01,1.6021318887178007e-05,1.5490025235136316e-05
2014-07-02,-0.0020846285202937406,-0.00208730505762029
2014-07-03,-0.00046296262878325173,-0.0009618120874729832
2014-07-07,-0.0017294441656646017,-0.001731688953380878
2014-07-08,-0.001612500551897917,-0.0016144991672210729
2014-07-09,0.0014599139043332682,0.0009603952601971824
2014-07-10,-0.00014563407099756564,-0.00014622789811709108
2014-07-11,0.0020225000880660267,0.0017912210960884518
2014-07-14,-0.0024714513046610654,-0.002491677362716599
2014-07-15,-0.0021819424330130873,-0.002185795042844027
2014-07-16,0.002253192113091275,0.0020522492439803146
2014-07-17,0.0008492294525616627,0.0008439730972873137
2014-07-18,-0.00025027900641512067,-0.000310324205595394
2014-07-21,0.0003901650882188082,0.0003358649543378659
2014-07-22,0.002145504097776323,0.0021433519630149984
2014-07-23,0.0005761049020407055,0.0005243242463125863
2014-07-24,-0.0028522984931692434,-0.002853431376750713
2014-07-25,0.0009699751877342227,0.0008910613521908343
2014-07-28,0.0007566845914121486,0.0006777707558687602
2014-07-29,2.8315371258169175e-05,2.1947475895582522e-05
2014-07-30,-0.00291507752223405,-0.002916648307111752
2014-07-31,-0.004731003911874172,-0.004737415239389427
2014-08-01,0.0008866375384044604,0.00017564820818536514
2014-08-04,0.00034019618900919953,-0.0003076151539675783
2014-08-05,-2.8103746055962693e-05,-3.2185525223465866e-05
2014-08-06,-0.0007129612846274448,-0.0007871318390977239
2014-08-07,0.0026317409404260123,0.002629323789043753
2014-08-08,-0.0007134587613597604,-0.000782738005570817
2014-08-11,0.00011153634217358668,0.00010844528024976595
2014-08-12,-0.0005006510763234536,-0.000581786010184721
2014-08-13,0.0023168001711124935,0.002252725314721942
2014-08-14,0.0011223703034574364,0.0008813911135185421
2014-08-15,0.0012771570550788927,0.0012764558544490674
2014-08-18,0.0006041711990173103,0.000555320822069038
2014-08-19,0.0007779940218969522,0.0007071408152954743
2014-08-20,0.0006582420323236245,0.0006551258592847283
2014-08-21,0.0009114330281759028,0.0009074543745698656
2014-08-22,-0.00028884033849726224,-0.0002957257781863021
2014-08-25,0.0021438836150229185,0.002142190458392344
2014-08-26,0.0006810432982670799,0.000614970929872645
2014-08-27,0.0008066245675835201,0.0007987368218000083
2014-08-28,-2.993236376113584e-05,-3.3676611158711964e-05
2014-08-29,0.0010047067343241433,0.001001991715325265
2014-09-02,-0.0015419877750583737,-0.0015470615566964298
2014-09-03,0.0014113621000108778,0.0014051377599793816
2014-09-04,-0.0013563589205754013,-0.001358113868620385
2014-09-05,0.0012203945823394053,0.001080538855602072
2014-09-08,-0.0012930695289973362,-0.0013560997654960534
2014-09-09,-0.004987433867772752,-0.005358639166464444
2014-09-10,-0.0019394900820520625,-0.002254584600248091
2014-09-11,-0.00046286611024913657,-0.0007964168738660506
2014-09-12,-0.002429720208947072,-0.0026492183508689494
2014-09-15,-0.00023143241767215202,-0.00023521744734700012
2014-09-16,0.0010592544732719923,0.0010571148817553977
2014-09-17,0.0031160041826013758,0.0029737665716737765
2014-09-18,-0.0013981895181593438,-0.0015404271290869432
2014-09-19,0.0033438102985249387,0.0033341303085448063
2014-09-22,-0.003121311824277224,-0.0031272534592839832
2014-09-23,-0.0018508461216840718,-0.001854331229529415
2014-09-24,0.004438419988151532,0.004115050393957237
2014-09-25,-0.003938613056365954,-0.004347897673756428
2014-09-26,0.0038220240437667713,0.0034127394263762973
2014-09-29,0.0029029580913544576,0.0027497808803731622
2014-09-30,-0.002091080933368853,-0.0026038715677568127
2014-10-01,0.004714852825682808,0.004128167806256719
2014-10-02,-0.00226568011756029,-0.0029189118498759025
2014-10-03,0.004282850687602282,0.004280604637786032
2014-10-06,-0.00197784298965129,-0.0020054164172301327
2014-10-07,0.0035872827002747854,0.003564995455120388
2014-10-08,0.0017054046364335439,0.0016983471665664087
2014-10-09,-0.0017722740059254235,-0.0017753766758951124
2014-10-10,0.0024432454957167924,0.0024202150244489206
2014-10-13,0.0015662388090498238,0.0015648007734063033
2014-10-14,0.0028263863659200405,0.002723291820007404
2014-10-15,2.980267675906451e-06,-7.171588770872692e-05
2014-10-16,-0.0012441582737389967,-0.0013913285484297546
2014-10-17,-0.001362130046442915,-0.0013635762344616496
2014-10-20,0.0025023777279092815,0.002364660681696776
2014-10-21,0.0009786458149306655,0.0008206091975198659
2014-10-22,-0.0012575502548576908,-0.001375790416279736
2014-10-23,-0.0018586787789024366,-0.0018617353463215836
2014-10-24,0.0007095062927073729,0.0006499887959023638
2014-10-27,-0.00015541977801939705,-0.00015888972878035201
2014-10-28,-0.000591641470390012,-0.0005930652552712561
2014-10-29,-0.0031779014581102207,-0.0032892369660180707
2014-10-30,0.0021745350642326045,0.002013691314215006
2014-10-31,0.0031948792658049617,0.0031393566287270776
2014-11-03,-0.0005053417531199766,-0.000510526317942526
2014-11-04,-0.000917120964925546,-0.0011255135154026495
2014-11-05,0.0005588309631173731,0.0001951555951710801
2014-11-06,-0.0010273063905206759,-0.0010328512618134245
2014-11-07,-0.0013100093048724693,-0.001549488947606182
2014-11-10,-0.000893656415572818,-0.0014975803371835546
2014-11-11,-0.00024222797019145286,-0.0007977126281895268
2014-11-12,-0.0026905754013704045,-0.002695899644796845
2014-11-13,0.0003216859810074579,0.00020817347729234955
2014-11-14,-0.0034472552322317375,-0.0034515083801767393
2014-11-17,0.00038614275447229867,8.913987449579318e-05
2014-11-18,0.002140656446800588,0.001980117863307465
2014-11-19,-0.002083910969079348,-0.0022400390666119266
2014-11-20,-0.0005193137596745777,-0.0005281288737347334
2014-11-21,0.007182083051003821,0.007025807745588769
2014-11-24,0.00011809674049314899,-0.0003856499199604157
2014-11-25,0.0008423262189099903,0.0005684806620215608
2014-11-26,0.0021545307818241015,0.0015505959659918157
2014-11-28,-0.002204712955956018,-0.002217064525134889
2014-12-01,-0.004191504831513072,-0.004362135546577259
2014-12-02,-0.001064449181030684,-0.0011267004808961022
2014-12-03,0.0011206767467330488,0.0009407096288996745
2014-12-04,0.0013570482070771142,0.0011922166529268533
2014-12-05,-0.002390073982335608,-0.002404793842888159
2014-12-08,0.001030883357353241,0.000567730624675089
2014-12-09,0.0026895872501479785,0.0022084546865772632
2014-12-10,-0.0008534490273806973,-0.0009165456182925373
2014-12-11,0.0005635954110616546,0.0004851493001995728
2014-12-12,0.0014561496398112664,0.001440678999038372
2014-12-15,-0.004703184524383203,-0.004706766547494576
2014-12-16,0.001583458193023264,0.001450119025001921
2014-12-17,-0.0022266407230728887,-0.0023815019840386265
2014-12-18,-0.0016978073233491508,-0.001940073742203524
2014-12-19,0.0023122780840124585,0.002192078628062826
2014-12-22,0.002410399495165535,0.0024032925448113605
2014-12-23,-0.004874193703592479,-0.0049230933029394556
2014-12-24,0.001331767919555097,0.0012246855739628448
2014-12-26,0.000885105410532268,0.0008811905330399854
2014-12-29,0.0026264447259545668,0.002620317095685086
2014-12-30,-0.0002877473685747065,-0.0002903342189840731
2014-12-31,-0.0022276427599307105,-0.0022700788426783494
2015-01-02,0.004970174831089144,0.004927738748341504
2015-01-05,0.000966291588510596,0.00095737155612264
2015-01-06,0.005466389296084014,0.005270501700684845
2015-01-07,0.0017963114288981374,0.0017652919595510504
2015-01-08,-0.0021467785716779925,-0.0021492302475857564
2015-01-09,0.0018641527528322432,0.0016486544094405436
2015-01-12,0.0017673016802371923,0.001697559982206211
2015-01-13,0.0011223995918552194,0.0010718827541493208
2015-01-14,0.0011787471206854666,0.0011289120098297056
2015-01-15,0.004855854015691359,0.0048510975737867034
2015-01-16,0.0009543418431988661,0.0009466842859796817
2015-01-20,0.002529816384980644,0.002516995765448105
2015-01-21,0.000665506251535521,0.0006006391002047951
2015-01-22,0.004783442230415931,0.004779136158050966
2015-01-23,0.0018274876695048069,0.0017688645815760189
2015-01-26,0.0005700740143722746,0.0005653557033064797
2015-01-27,-0.001208796117539476,-0.001212711145417329
2015-01-28,0.001454694264655097,0.0013956903226881722
2015-01-29,-0.002140987245343532,-0.0021540693238403393
2015-01-30,0.0011385686879982768,0.001132687023863192
2015-02-02,0.00012560267134333685,6.979295590581189e-05
2015-02-03,-0.0026327748729544397,-0.002682147184591948
2015-02-04,-0.001077099621793206,-0.0011499932381609352
2015-02-05,0.00045240699988033026,0.0004327473360942566
2015-02-06,-0.008176548520110316,-0.008193373970018831
2015-02-09,-0.0010100790717203828,-0.0014629398568029672
2015-02-10,0.00019736896631043804,0.00014862790354636893
2015-02-11,-0.0016849843539821496,-0.0020087171084695174
2015-02-12,0.002905667835743524,0.0027814819249410198
2015-02-13,0.004239866270990987,0.004118313303975282
2015-02-17,-0.002857024165379015,-0.002927107253827266
2015-02-18,0.0009770735617217533,0.0009053233508247777
2015-02-19,-0.0005952088076453916,-0.0006052739101723379
2015-02-20,0.0026747731003810673,0.002660804181839139
2015-02-23,-0.0017637286405931406,-0.001766228333751697
2015-02-24,0.002747427125880936,0.0027093645196574786
2015-02-25,0.0005677215422476435,0.0003134060485394177
2015-02-26,-0.0016507863911232365,-0.00195770035047768
2015-02-27,-0.00035494052598051,-0.0008378946362027756
2015-03-02,-0.0011112291142636045,-0.0013594488152798329
2015-03-03,-0.003440236710206267,-0.0036884564112224954
2015-03-04,-0.0007167208204495419,-0.0007539236786627332
2015-03-05,0.00179900472720735,0.0016906510998209521
2015-03-06,-0.005069554763849259,-0.0050753914799118
2015-03-09,5.4905777580304436e-05,1.4827773633978472e-05
2015-03-10,-0.006680540250480407,-0.0071080239822203985
2015-03-11,0.011123876069632166,0.010539389013989268
2015-03-12,-0.005311019625169444,-0.005311019625169444
2015-03-13,0.010297444878406337,0.010297444878406337
2015-03-16,-0.007549924291317067,-0.007549924291317067
2015-03-17,-0.001372965348270477,-0.0019329464016834162
2015-03-18,-0.006159651159936674,-0.006719632213349613
2015-03-19,-0.0031007742121137378,-0.0039015966979670446
2015-03-20,0.005180981976259173,0.005111811150524031
2015-03-23,0.0003176088620963397,0.0002065021499807422
2015-03-24,0.0009951130354715855,0.0009895833681780597
2015-03-25,-0.005681242883568742,-0.005751483337198988
2015-03-26,-0.003603643503194584,-0.0037577582619268525
2015-03-27,0.000462583043577052,0.00043556889609386746
2015-03-30,0.000435567861522032,0.0004087870979570962
2015-03-31,-0.0011405777084248195,-0.0014030310764772257
2015-04-01,0.004959585059940058,0.004683106125140465
2015-04-02,-0.0006518861569427037,-0.000975078464139526
2015-04-06,0.003151492542277801,0.0031474186819309474
2015-04-07,0.0008985222291980956,0.000811107613699824
2015-04-08,-0.0006236173942777925,-0.0007106360752774567
2015-04-09,-0.0025254092341983106,-0.002599030657982326
2015-04-10,0.0027152827774433244,0.0026306202379989
2015-04-13,-0.0017402645660879743,-0.0017765041710687264
2015-04-14,0.0012445138596579423,0.00120827425467719
2015-04-15,0.0033013793577024554,0.0032934986503729445
2015-04-16,-0.00034374457602848223,-0.00042733142012065564
2015-04-17,-0.0020161792324744237,-0.002020072627526652
2015-04-20,-0.0003377981044089602,-0.0003429966132520415
2015-04-21,0.0003306188017009656,0.0003259708473848949
2015-04-22,-0.002080358384407956,-0.002147324700236215
2015-04-23,0.002971705728283697,0.0024433282664268465
2015-04-24,0.0007948203464545843,0.0002753851880934841
2015-04-27,7.863820003403011e-05,-2.8080762990754062e-06
2015-04-28,-0.001087185067823932,-0.0011633548465846445
2015-04-29,-0.0038907202972618894,-0.004327756323741723
2015-04-30,-0.008202463196115754,-0.008212349593660382
2015-05-01,0.004190669479276415,0.003818557026605776
2015-05-04,0.0007371987929323266,0.0005378030408416331
2015-05-05,-0.005473341411922609,-0.005474251464768757
2015-05-06,-0.004125733388214516,-0.004289653785148982
2015-05-07,-0.007629394205160305,-0.008327939847486473
2015-05-08,0.010891054705211678,0.010011246285288777
2015-05-11,-0.007077189641087974,-0.008025760201217098
2015-05-12,0.0007808618542925168,0.000154254930060433
2015-05-13,0.007689799284237151,0.007512242827832085
2015-05-14,0.009517656715144233,0.009315588106755016
2015-05-15,0.0020756263364722903,0.0016603330273684486
2015-05-18,-0.0013022151758701128,-0.0014135643646918806
2015-05-19,-0.0076167846193257605,-0.007728133808147528
2015-05-20,0.0005754559156916592,0.00010857921907927954
2015-05-21,0.0018860366138184876,0.0018826007858442665
2015-05-22,-0.004170771172941568,-0.0042774895104932455
2015-05-26,-0.006910479167817257,-0.007421739895401356
2015-05-27,-0.0008144473583727083,-0.0015942489595889098
2015-05-28,-0.0010873400869294988,-0.0018257324421466425
2015-05-29,-0.0019070225955449963,-0.0019154768855877947
2015-06-01,0.00256073923673074,0.0024305947643229477
2015-06-02,-0.0026588704358939045,-0.0026675403640923907
2015-06-03,-0.006087908531812366,-0.006101712053675424
2015-06-04,-0.00844644068829159,-0.009248347269874821
2015-06-05,0.0,-0.0005
2015-06-08,-0.011462337877983897,-0.011962337877983897
2015-06-09,0.0,-0.0005
2015-06-10,0.021276611808763057,0.020776611808763057
2015-06-11,-0.007267423593311895,-0.007267423593311895
2015-06-12,-0.008318059433665604,-0.009102905750946796
2015-06-15,-0.005920120203422918,-0.006704966520704111
2015-06-16,0.0,-0.0005
2015-06-17,-0.0024679735362440613,-0.0029679735362440614
2015-06-18,0.0,-0.0005
2015-06-19,-0.006014312206762019,-0.006514312206762019
2015-06-22,-0.0026304298357400654,-0.0029937961636036852
2015-06-23,0.0015195226597667392,0.0010882798756849798
2015-06-24,-0.006500768379825647,-0.0069356946987575545
2015-06-25,-0.0035542665300468406,-0.0038754599865372585
2015-06-26,-0.0004561826173578032,-0.0011113274906684068
2015-06-29,-0.03072689260819328,-0.03072689260819328
2015-06-30,0.0,-0.0005
2015-07-01,0.0,0.0
2015-07-02,-0.0023780824397086064,-0.0028780824397086065
2015-07-06,0.0019864442122485837,0.0019864442122485837
2015-07-07,0.003299300638294046,0.0024933263146960987
2015-07-08,0.0009537850690283169,0.0008464061147037753
2015-07-09,-0.0047737743361726225,-0.004775508152863035
2015-07-10,-0.004959781923735085,-0.004961886825434968
2015-07-13,0.006663343916554081,0.0059465939315961605
2015-07-14,0.001352120270004362,0.0010264377162938875
2015-07-15,0.0011619489284318595,0.0010004594140869837
2015-07-16,0.004829873837743568,0.004371229125407362
2015-07-17,-0.000316506427359131,-0.000564426745641145
2015-07-20,-0.0008917391996678393,-0.0011396595179498535
2015-07-21,-0.00136049390310633,-0.001561011044842694
2015-07-22,0.000961051102825051,0.0007645600251135292
2015-07-23,-0.00032517270295763533,-0.0003299373553273754
2015-07-24,-0.0004518570209669873,-0.000515388115700561
2015-07-27,-0.0003123629095251367,-0.00042755295976682677
2015-07-28,-0.000971982157448785,-0.0009793183138461531
2015-07-29,0.0015224014311357185,0.0014174142753697592
2015-07-30,0.0008629391558865377,0.0008599798762810405
2015-07-31,0.003147030190833698,0.003139610792353044
2015-08-03,0.002014703567490994,0.0019516374388860482
2015-08-04,-0.00259102823580969,-0.002596073854862864
2015-08-05,-0.0019825255592517475,-0.001993366962775705
2015-08-06,-0.00027498279763388933,-0.00048656035968358297
2015-08-07,0.0024062373245791473,0.0021781420428943253
2015-08-10,-0.002624077133723948,-0.002628465782741422
2015-08-11,0.0022011258984575882,0.0020583422194521248
2015-08-12,-0.0019549707776570172,-0.0020408997442603106
2015-08-13,-0.0032648291317760986,-0.0034933091805296095
2015-08-14,-0.0002693456287021319,-0.0006260009095234103
2015-08-17,0.004101820475988377,0.003944606476571512
2015-08-18,-0.0038897625944078825,-0.0042100764318696625
2015-08-19,0.0024159989518598994,0.002135508991398508
2015-08-20,0.0036234820400143663,0.0033162013032301514
2015-08-21,-0.0014087704379121646,-0.0014163552053279686
2015-08-24,-0.0040820236145374025,-0.004204799536254579
2015-08-25,-0.005918299288999937,-0.005993516768552101
2015-08-26,-0.008387085151990183,-0.008688957401037747
2015-08-27,0.0005573064828525709,-0.0002708097828398058
2015-08-28,0.0011257910336503244,0.0003316510475250235
2015-08-31,0.016519556362035157,0.015725416375909854
2015-09-01,-0.012667517607635714,-0.012672249312663565
2015-09-02,-0.00116509897975298,-0.002002224054294345
2015-09-03,0.0025295006664510376,0.002029985837409337
2015-09-04,0.0008563471850982519,0.0003495516191983495
2015-09-08,-0.002891116462820254,-0.00289831932407578
2015-09-09,-0.0016363099563823436,-0.0018496604813999337
2015-09-10,0.0003111752838710419,0.00021695017617330467
2015-09-11,-0.0007241256540674235,-0.0011705289280822579
2015-09-14,-0.0007933914750965709,-0.0012431384552875901
2015-09-15,-0.0039091966521418555,-0.003909766078227624
2015-09-16,0.0023858025189541225,0.0016467978916586167
2015-09-17,0.0019380434291749544,0.001648511042851852
2015-09-18,-0.0005068114541988209,-0.0011888773654224233
2015-09-21,-0.0017917302490685356,-0.002036649830549182
2015-09-22,-0.0023952045053888113,-0.0028271646751467138
2015-09-23,-0.0010647260566297133,-0.0015091306330063464
2015-09-24,0.0021887746560006077,0.002072111812993306
2015-09-25,-0.001974814831616467,-0.002105620622603844
2015-09-28,-0.0035490715271746056,-0.0036279735480048013
2015-09-29,0.0005193223731237144,0.00037590244877444177
2015-09-30,0.0010305894549903541,0.0009248492680120578
2015-10-01,0.0006961043493984677,0.0006912757145234594
2015-10-02,0.003351263230978737,0.0033487132499590982
2015-10-05,0.0008808519128269469,0.000680404336196053
2015-10-06,0.0026455257835345546,0.0026009597482485143
2015-10-07,0.0033024447736512974,0.00318203808304475
2015-10-08,-0.0009752078769799754,-0.0009808616149364698
2015-10-09,0.0016687483680805006,0.0015382191730470272
2015-10-12,0.0013106490612453715,0.001281710828898545
2015-10-13,-0.002172952715849326,-0.0021771716812763013
2015-10-14,0.003954823799590485,0.003948367930965792
2015-10-15,0.002857550552112425,0.002734670179646507
2015-10-16,0.0004977619434434872,0.00037573751421626463
2015-10-19,-0.0006437677875868784,-0.0006485427145623804
2015-10-20,-0.0009324662716875534,-0.0009590550014840995
2015-10-21,-0.0001889368165597498,-0.00019927485429106626
2015-10-22,0.004142501935659082,0.004134270519960001
2015-10-23,0.000308053518395517,0.0001985947273380675
2015-10-26,-0.00035930257845727956,-0.00036353082332582997
2015-10-27,-0.0005155744069595467,-0.0005171604467400317
2015-10-28,-0.00022640636857596712,-0.00024944875102143904
2015-10-29,-0.006382610172717472,-0.006394613904811743
2015-10-30,-0.0029380618529717896,-0.0034910240762149308
2015-11-02,0.004502737898819167,0.004206828984396826
2015-11-03,0.00109555296447329,0.000799644050050949
2015-11-04,-0.0023499507463791373,-0.002404461494987363
2015-11-05,-0.0004295878597729957,-0.00048097600598072935
2015-11-06,-0.0044673133802854755,-0.0044700392887411225
2015-11-09,-0.007475012186416173,-0.007616047799677699
2015-11-10,0.002567417262521695,0.0020113336008960674
2015-11-11,-0.003155091433789654,-0.003158492915487436
2015-11-12,-0.007817466947642192,-0.00781836788676118
2015-11-13,-0.0016200532979372645,-0.001638435702120235
2015-11-16,0.005434811992056865,0.005086901152461456
2015-11-17,0.0007778805983619764,0.00044083355017712663
2015-11-18,0.005427325374526519,0.005422298183023974
2015-11-19,-0.004897767221014413,-0.0049039210933531025
2015-11-20,0.0037245481957572856,0.0034640356332504858
2015-11-23,-0.001197259135345847,-0.0012028527558108721
2015-11-24,-0.0007061966162870623,-0.0009701933798334302
2015-11-25,0.001154248062960587,0.0011539287633701213
2015-11-27,0.0013886186988971837,0.0013780180175401637
2015-11-30,-0.0008048323583994512,-0.0013902034077646673
2015-12-01,0.006095866738693927,0.005910472947037928
2015-12-02,-0.003623254952856118,-0.004102197925276945
2015-12-03,-0.014199827000638269,-0.0143478997031031
2015-12-04,0.0,-0.0005
2015-12-07,-0.006058737836924233,-0.006558737836924233
2015-12-08,-0.0020817728647295917,-0.0028558285328610746
2015-12-09,-0.0002460096091994835,-0.0007702013035292227
2015-12-10,-0.0006673476037870808,-0.000672422747192558
2015-12-11,0.005492531731359868,0.0051633042823350656
2015-12-14,-0.0068011982743430375,-0.007132809028997721
2015-12-15,-0.005894045532388481,-0.006746099997855812
2015-12-16,0.007111478053114128,0.006684448608767556
2015-12-17,-0.0021704747251614907,-0.002508191255265661
2015-12-18,-0.003465868158404047,-0.003887032106306358
2015-12-21,-0.00012402591889838877,-0.0007960285787902803
2015-12-22,-0.0027071781037182525,-0.003379180763610144
2015-12-23,-0.0003324197987050854,-0.0003329461013561324
2015-12-24,0.0008362367910061477,0.0003399292911319525
2015-12-28,-0.004632297688045696,-0.004809934157490574
2015-12-29,-0.005010445818819488,-0.0056651981413246
2015-12-30,-0.005617751042133314,-0.006322428817608342
2015-12-31,-0.010890082515232125,-0.010894465648939729
2016-01-04,-0.012040517014286767,-0.01274081165605419
2016-01-05,0.005245297970181206,0.004436200335092266
2016-01-06,0.0023738775038135026,0.002122681260255819
2016-01-07,-0.0019445976734265345,-0.002552907151831407
2016-01-08,-0.0010021889446530014,-0.0012811809187754097
2016-01-11,-0.004619695427656329,-0.004921088805811604
2016-01-12,0.0028773257040769695,0.002575932325921695
2016-01-13,0.0029071053872328383,0.0026513052660811173
2016-01-14,-0.004538030394746784,-0.004596353565465903
2016-01-15,0.003464818445257651,0.003166289662545326
2016-01-19,-0.0006757160222186425,-0.0006806597247738848
2016-01-20,0.003148695407302514,0.0031202015832914767
2016-01-21,-0.0016849235100994259,-0.0017470073040990308
2016-01-22,0.0002901179266412874,0.0002852990310499706
2016-01-25,0.001609011242888127,0.0016069216469341997
2016-01-26,0.0024343513130342443,0.0024160159081517423
2016-01-27,0.00019142692716710253,0.00018642333956304835
2016-01-28,-0.0025123178882004928,-0.0025166284645538736
2016-01-29,0.0036656183846024188,0.0034341925946257765
2016-02-01,-0.0016029761300015936,-0.002006357988753312
2016-02-02,0.003343082023850587,0.0030895656036946744
2016-02-03,-0.0017793852907435081,-0.0018092750118166546
2016-02-04,0.004110662804485681,0.003904302884747669
2016-02-05,0.0017347124839520972,0.0016808068975557608
2016-02-08,0.008370532027277331,0.008316626440880995
2016-02-09,-0.0014508930261930729,-0.0017360387551513712
2016-02-10,0.003963914396569101,0.003678768667610803
2016-02-11,0.007812315785774329,0.007530805628007493
2016-02-12,-0.004941334198076565,-0.004952034739412571
2016-02-16,-0.010015977272993522,-0.01029993776686587
2016-02-17,0.0012335718450893068,0.0011553740152935206
2016-02-18,0.005044588167242122,0.004877107224112932
2016-02-19,-0.001217276724575629,-0.001461861986805849
2016-02-22,0.0007036607110073786,0.0007016402314088214
2016-02-23,-0.0017094916419133413,-0.0019243645542331503
2016-02-24,0.0005631186144523831,0.0004918143783523987
2016-02-25,0.004587752868157116,0.004587098089948352
2016-02-26,-0.00336963548812804,-0.0034404037490855955
2016-02-29,0.0025077877389716383,0.002402638287480164
2016-03-01,0.0019307672445946463,0.001882313749150845
2016-03-02,0.001749775688318623,0.0016800334711280012
2016-03-03,0.003799553458085906,0.0037339363038365516
2016-03-04,0.00213686896821166,0.002033901270925728
2016-03-07,0.002061439065569082,0.0019880337733733855
2016-03-08,-0.003285274159628374,-0.0032867710972154214
2016-03-09,0.000627541594836881,0.0005545177167983697
2016-03-10,0.003230528478374882,0.0031575046003363707
2016-03-11,0.004555340530797726,0.004553913754754637
2016-03-14,-0.0027163130256384633,-0.0030758489081988095
2016-03-15,-0.003888096052602026,-0.0038936477097011386
2016-03-16,0.01116649404173205,0.011162421210972804
2016-03-17,0.005689588339659559,0.005311280172249826
2016-03-18,0.00045373038017346964,0.0004516764864455671
2016-03-21,-0.0016801342736396053,-0.001681350501483192
2016-03-22,-0.0008299828341561773,-0.0008343830799932357
2016-03-23,-0.0042694250617673355,-0.0042715573166159215
2016-03-24,-0.0011148485656328575,-0.001218439403081541
2016-03-28,0.0008813829314441639,0.0008808164394770754
2016-03-29,0.005723702002184822,0.005641404567406233
2016-03-30,-0.0008356545498918091,-0.0008878610744920369
2016-03-31,0.0023915799573666716,0.002339373432766444
2016-04-01,-0.0013924046974032446,-0.001437048621926196
2016-04-04,-0.0006679283066601724,-0.0007299814539695175
2016-04-05,-0.0009679131523190243,-0.0009733146797527517
2016-04-06,0.0013596595580921622,0.001308474007972168
2016-04-07,-0.0006887646230930741,-0.0007396213581857042
2016-04-08,-0.0005931194456546517,-0.0006854064305412856
2016-04-11,0.0025206243896589734,0.0023763594744274884
2016-04-12,0.0020273180833465885,0.0019795099110331885
2016-04-13,0.0029465591605617792,0.002899571903074867
2016-04-14,-0.0018106788956445997,-0.0018554522587581042
2016-04-15,0.0022082741928514844,0.0022013898555202586
2016-04-18,0.0015865729672235303,0.0015766612685106881
2016-04-19,0.0044541025816386606,0.0044521493562539325
2016-04-20,-0.0026756105913803624,-0.0027237734591515875
2016-04-21,-0.002875640454743026,-0.0029514339560725296
2016-04-22,-0.0005403893704835482,-0.000601484651581038
2016-04-25,-0.002665240301692692,-0.002793313439235515
2016-04-26,0.001998949768872711,0.0018708766313298877
2016-04-27,0.005075361844324582,0.004719525512240695
2016-04-28,0.0004226469492436468,9.899253616903582e-05
2016-04-29,0.0010888885093833722,0.0010259758521787168
2016-05-02,-0.0015871670291754774,-0.0016821078915753983
2016-05-03,-0.003407389784016098,-0.0035537893387005194
2016-05-04,-0.0008329569291910854,-0.0009648864623251905
2016-05-05,0.002286368479412081,0.0021996262931939055
2016-05-06,0.00012165814164944737,0.00011610980211128636
2016-05-09,-0.002227179996820545,-0.002232882269031539
2016-05-10,0.0029248499765529797,0.0029134691404400287
2016-05-11,-0.000277971714524143,-0.0004132866426108186
2016-05-12,-0.0015720376444418533,-0.0017073525725285288
2016-05-13,0.0010092612625568864,0.0009964054710231121
2016-05-16,5.55318181676606e-05,-6.487288423845313e-05
2016-05-17,-0.0009659372609715578,-0.0009730436194881347
2016-05-18,-0.006130120129939004,-0.006138212089967595
2016-05-19,5.218689841980114e-05,-0.0006858250353810502
2016-05-20,0.0013942530865113428,0.0013886193507834706
2016-05-23,-0.0001313155408914829,-0.0003404981988208769
2016-05-24,0.0034360620731360187,0.0034338502937922466
2016-05-25,0.0023985665317006453,0.0021813360326641104
2016-05-26,-0.0014074534909724956,-0.0015406270458401955
2016-05-27,0.0023804345052882716,0.002231994106727617
2016-05-31,-0.0006877584580206902,-0.0007735789459865066
2016-06-01,-7.102767219746915e-05,-0.00044408682975672655
2016-06-02,0.0019118690535191018,0.0015388098959598444
2016-06-03,0.0032518611038070675,0.0029217446508581365
2016-06-06,0.000737332624615052,0.0006254874423255243
2016-06-07,0.0032817940476421144,0.003280089724304084
2016-06-08,0.003385297877002726,0.0033829819387846713
2016-06-09,-0.0005582062276134671,-0.0006366734234404287
2016-06-10,-0.004163588752847024,-0.004176088235118496
2016-06-13,-0.0017233363820218241,-0.0018246036829317194
2016-06-14,-0.0015378355387666474,-0.0016775813594389517
2016-06-15,0.0019560506840936905,0.0018133203319537926
2016-06-16,-0.0006497108233393886,-0.0007729789326984703
2016-06-17,-0.00030662580566938487,-0.0004345600057223351
2016-06-20,-0.0004700450810776145,-0.0006267573531649904
2016-06-21,-0.0005885127171131832,-0.0007407226564106116
2016-06-22,0.00039034904109018595,0.00038635252978568734
2016-06-23,0.003021301958835696,0.002995938823002172
2016-06-24,-0.005250429694964157,-0.005282494216776376
2016-06-27,0.00596094430531366,0.00564508007154326
2016-06-28,0.002718899769789286,0.002705350571368917
2016-06-29,0.00223418040290876,0.0021922180433926585
2016-06-30,0.005061069877396351,0.0049552241186485105
2016-07-01,0.005578718417312942,0.005519919522217384
2016-07-05,0.0027255915311770636,0.002717451142143477
2016-07-06,0.0016592961848334704,0.0016562070337459405
2016-07-07,-0.001571060735415988,-0.0015755806956127718
2016-07-08,0.007398765978310257,0.007394659536252673
2016-07-11,-0.0008595664839838921,-0.0008690309464628101
2016-07-12,-0.002643865560201082,-0.0026743976460405364
2016-07-13,0.0025214551328244118,0.0025048422602944142
2016-07-14,-0.0016124755105460823,-0.001614275322507304
2016-07-15,-0.0028828850490374438,-0.00288674472737418
2016-07-18,0.00126428121001741,0.0012593229091190828
2016-07-19,0.000793531243167322,0.0007908342776325092
2016-07-20,-0.0011501541612767396,-0.0011519395513327681
2016-07-21,0.001477660814808751,0.001475488912953976
2016-07-22,0.0014729528062829317,0.0014717390584029874
2016-07-25,-0.00233765613242922,-0.0023433362643574167
2016-07-26,-0.0002384718783360038,-0.00028399802478982843
2016-07-27,0.003269475580319109,0.0032672531724522507
2016-07-28,-0.0005239682126915085,-0.0005706313987660905
2016-07-29,0.0029114493496150825,0.0029088556303843065
2016-08-01,-0.003226603628278242,-0.003325138434376697
2016-08-02,-0.0042641333920592946,-0.0042692163480722856
2016-08-03,-0.0027216827632296475,-0.003409874130176846
2016-08-04,0.002128527815204136,0.0015577806115278181
2016-08-05,-0.0031683329621564485,-0.003429868470629697
2016-08-08,0.002738225069070024,0.0020781038184800003
2016-08-09,0.004215087864286683,0.004214221030998919
2016-08-10,0.000887378024132483,0.0002810706859859868
2016-08-11,-0.002349233376235936,-0.0024520691615710164
2016-08-12,0.0014482705866570602,0.0009034709504266404
2016-08-15,1.1186880772023126e-06,-0.0004594684985672136
2016-08-16,-0.0017072151972896037,-0.0021387517572929644
2016-08-17,0.001304411271637449,0.0012009836405651676
2016-08-18,0.0036670361640157743,0.0033081950690535345
2016-08-19,-0.0032794169294374075,-0.0033525403294128496
2016-08-22,-0.000656849784940377,-0.000729973184915819
2016-08-23,0.0013781714913851228,0.0012499979345933065
2016-08-24,-0.0019880590567041214,-0.002008558744886394
2016-08-25,-0.0006041630890582773,-0.0006222003395664398
2016-08-26,-0.0029440191341564854,-0.0029674520228786115
2016-08-29,0.004591959564933046,0.004091972735635276
2016-08-30,-0.0013510864592546688,-0.001854172508296237
2016-08-31,-0.0025013434188783275,-0.0026146721729398774
2016-09-01,0.0008667066536563223,0.00066291243074312
2016-09-02,0.0018490576471167513,0.001706522238387746
2016-09-06,0.0023416219412048475,0.0020757436118626587
2016-09-07,-0.0005721987638409681,-0.0007970780757563926
2016-09-08,-0.0039500688662050315,-0.003960127539659094
2016-09-09,-0.02059901214583195,-0.02115250876064822
2016-09-12,0.00472145325915263,0.003764944904013269
2016-09-13,-0.013466657482067644,-0.014375344295715062
2016-09-14,-0.0024292023397988194,-0.0034292023397988194
2016-09-15,0.0,-0.0005
2016-09-16,0.0,0.0
2016-09-19,-0.002416392222231223,-0.002916392222231223
2016-09-20,0.0016148916607714447,0.0016148916607714447
2016-09-21,-0.004433699947867464,-0.004433699947867464
2016-09-22,0.0034450421776419443,0.0026798092392307914
2016-09-23,-0.00206516906924657,-0.0026039050455499355
2016-09-26,-0.002110289493366251,-0.0021907532958473698
2016-09-27,0.00018145904963537686,6.362891301279607e-05
2016-09-28,0.002504370783502033,0.0023788321167232244
2016-09-29,-0.0026789321098990245,-0.00277499447332921
2016-09-30,-0.0004878882663875437,-0.0006745473116661335
2016-10-03,-0.001013164272350855,-0.001194793372435046
2016-10-04,-0.002002841020957239,-0.002212387635861031
2016-10-05,0.004805503705263467,0.004318627280225878
2016-10-06,0.0017221165739454737,0.001561175346974581
2016-10-07,-0.0021361667759015692,-0.0021377387034232764
2016-10-10,0.006182450856509092,0.0058872457181299905
2016-10-11,-0.004570850851442364,-0.00475608643254024
2016-10-12,5.873721361782593e-07,-0.00028531069303570087
2016-10-13,-0.0023852398444096728,-0.0024021795069041818
2016-10-14,0.00307601392652447,0.0030732234789774297
2016-10-17,-0.0022184907538140954,-0.0022270818449214237
2016-10-18,0.0027674949406320897,0.0027650015332074855
2016-10-19,0.0026544037632272345,0.002233942916960859
2016-10-20,-0.0003754997162589061,-0.0007548929289927968
2016-10-21,0.0011046445021823852,0.0011032656370191195
2016-10-24,-0.0008208685262122414,-0.0008218660540159986
2016-10-25,-0.0014689022383368375,-0.0018484170034523428
2016-10-26,-0.003925672305731834,-0.004345182164579453
2016-10-27,0.00014622502406074964,3.131699888800207e-05
2016-10-28,-0.007632647291277339,-0.008078701113296137
2016-10-31,0.000393554405482055,0.00024621275469157843
2016-11-01,-0.005114014922957488,-0.005114014922957488
2016-11-02,0.0009116724426640006,0.00051865739259503
2016-11-03,-0.0013463093855485403,-0.001349390932649247
2016-11-04,0.0012572866157377356,0.0006533832129074126
2016-11-07,-0.01513719579602492,-0.015145057006252955
2016-11-08,0.0014844920011695998,0.0008942551364365227
2016-11-09,0.0014312480807352397,0.0010258241543471026
2016-11-10,0.0027579027886743953,0.0026141501389373737
2016-11-11,-0.008820727779105385,-0.008828060166536401
2016-11-14,0.006461917008127573,0.006317654570854941
2016-11-15,0.003980138651852451,0.003959451224786728
2016-11-16,0.000946354724197828,0.0009412129788979627
2016-11-17,0.005533853030415063,0.005532344000212931
2016-11-18,0.0012643349459852695,0.0012632377143260215
2016-11-21,0.0005398410213687245,0.0005390442420744311
2016-11-22,0.00010148355039888014,-6.995432682426519e-06
2016-11-23,0.0017750844575924283,0.0014947942202202004
2016-11-25,0.00035346924504410504,7.317900767187717e-05
2016-11-28,-0.0025364199198236424,-0.002816457239935984
2016-11-29,-0.0008042657870987504,-0.0008082199844204178
2016-11-30,4.1363853724252e-05,-0.00024059108501212103
2016-12-01,-0.002287223395362274,-0.002613296786012129
2016-12-02,-2.804437906915306e-06,-0.00027118075273024
2016-12-05,-0.0008576821185270626,-0.0011274140897182133
2016-12-06,0.004387080977997828,0.004096744482727767
2016-12-07,0.006791445232891689,0.00678803293493872
2016-12-08,0.004331921701318488,0.004250627396725061
2016-12-09,0.002899349185945196,0.0028864910006296293
2016-12-12,-0.0019297893873361463,-0.001930881184710704
2016-12-13,0.0050486652811471714,0.005045718259646391
2016-12-14,-0.008883220761782478,-0.008888069969058146
2016-12-15,0.0030225013675172865,0.0029405915122631262
2016-12-16,0.0013416479524294316,0.0013302471431225309
2016-12-19,0.0023291248217217034,0.0023261716574736204
2016-12-20,0.002903997097625295,0.0029028084908437053
2016-12-21,-0.0030995574585551615,-0.0031000777968995135
2016-12-22,-9.272970194888103e-05,-9.530784877462704e-05
2016-12-23,0.0016552187028219681,0.001653886501180142
2016-12-27,0.00027025163803102715,3.683216845114389e-05
2016-12-28,-0.0025512468000616056,-0.0027846662696414887
2016-12-29,0.0012202585943113153,0.0009908171686123346
2016-12-30,0.0006885974228292499,0.00040410150470003315
2017-01-03,0.0037668249649845565,0.0037051192657523166
2017-01-04,0.003649326678393116,0.0036462568535243502
2017-01-05,0.0040010679825405624,0.0039027043426007315
2017-01-06,-0.0029385606035555304,-0.0030493097570255803
2017-01-09,-0.0003935481960279065,-0.0004965011959418687
2017-01-10,0.00039633627620816345,0.00027045459768185816
2017-01-11,0.001991121045174663,0.001963047053003935
2017-01-12,0.0006752183443133529,0.0006728596683169083
2017-01-13,-0.0005292731352203089,-0.0005549357306674101
2017-01-17,0.0035658825538178876,0.0035402199583707866
2017-01-18,-0.0037072920681086607,-0.0037141759675937388
2017-01-19,-0.003615766666564064,-0.003621556490480028
2017-01-20,0.0023436904863870928,0.0023405275179665687
2017-01-23,0.0037300972839095056,0.003706025452625692
2017-01-24,-0.0001374169525741816,-0.00014040334814026867
2017-01-25,-0.00016773861228012895,-0.0001979569377589778
2017-01-26,-0.0016429385550196947,-0.0017141366757860014
2017-01-27,0.00031399078444181673,0.0002801030347014954
2017-01-30,-0.002309369135224756,-0.0023925297111662704
2017-01-31,0.0031010378148227163,0.0030295016995319462
2017-02-01,-7.2622390778562e-05,-0.00014258576721523904
2017-02-02,0.001127076444687154,0.0009038938799094372
2017-02-03,0.0026847088307642712,0.0026787846562418005
2017-02-06,0.0010310511810914498,0.0008225364406822702
2017-02-07,-0.0005901534556010952,-0.0006156773997224519
2017-02-08,0.00337830622866025,0.003309395359465915
2017-02-09,-0.0008337746140484296,-0.0008854589000971807
2017-02-10,0.00243227603654229,0.002386548376630414
2017-02-13,-0.00015972063591447594,-0.0001905250321521118
2017-02-14,-0.0003700795217442573,-0.00044559385999973916
2017-02-15,0.0020964899520233347,0.0017457913229631898
2017-02-16,0.00012724280828946546,0.00011458133734421763
2017-02-17,-0.00012323949020670843,-0.000310361126470092
2017-02-21,0.003378701436188376,0.0031028610762160545
2017-02-22,-6.170634430418313e-05,-0.0001114293903217428
2017-02-23,0.0019843436212345173,0.0019364330787394481
2017-02-24,0.0015982374741146433,0.0015728793942960397
2017-02-27,-0.0007768942358413332,-0.0007899025788950683
2017-02-28,-0.0010621837536680181,-0.0010672064889662109
2017-03-01,0.0018602104060569582,0.0018532059671485868
2017-03-02,-0.006008541346744204,-0.0060596898956646215
2017-03-03,0.0004675724136735481,0.00027128580667121443
2017-03-06,-0.0025252990716054962,-0.0025460498028951704
2017-03-07,-0.004362498310019728,-0.004433148122446572
2017-03-08,-0.0019315589076129881,-0.002522779322870263
2017-03-09,0.0008856235213569987,0.0007204614048587436
2017-03-10,0.0013867516579140426,0.0013744908441708102
2017-03-13,0.002335168933504388,0.002328259726783565
2017-03-14,-0.0031016839231278936,-0.0032616206769475074
2017-03-15,0.007117795509882643,0.00711299647594411
2017-03-16,0.0003598338753398317,-3.1758480029760085e-06
2017-03-17,-0.00020823409304099959,-0.0005712438163838072
2017-03-20,0.0012835667776628485,0.0012820070599946407
2017-03-21,-0.002520572645181299,-0.003049312114346317
2017-03-22,0.002154139868563093,0.0018151606659805193
2017-03-23,-2.187563331456924e-05,-2.276347815217083e-05
2017-03-24,0.001094893360607044,0.0010905766245163243
2017-03-27,0.0035131082042785962,0.0034566111911799565
2017-03-28,-0.0013011269882390838,-0.0013033551385084018
2017-03-29,0.0025094185467766576,0.0023530937123466857
2017-03-30,-0.0025834764886305153,-0.0025900001203040335
2017-03-31,0.00011750418456860639,8.393256643669694e-06
2017-04-03,0.003150819979202969,0.0030417090512780322
2017-04-04,-0.0005870580225632425,-0.0005943718606518472
2017-04-05,-0.00020690737927340987,-0.0002425466643954722
2017-04-06,0.0006181608048730332,0.0006157150393731726
2017-04-07,-0.0007873574655821036,-0.0008933096832565039
2017-04-10,0.0013388682763644478,0.001334311529899149
2017-04-11,0.004042961418000769,0.004040990685919446
2017-04-12,0.0016012645922788172,0.001595615733208918
2017-04-13,5.184944348803025e-05,-5.3884351265716026e-05
2017-04-17,-0.00013232897491601052,-0.0002960398410627406
2017-04-18,0.001969390090046961,0.0018095599886832452
2017-04-19,-0.004753952149146112,-0.0049137822505098275
2017-04-20,-0.0009714397084419811,-0.000978456344168263
2017-04-21,-0.0004677519059651417,-0.000672986908805373
2017-04-24,0.0008496895595613669,0.0007435043518846224
2017-04-25,-0.0017064849728509154,-0.0018558332108555735
2017-04-26,0.0003302888136117188,0.00028649988722433405
2017-04-27,2.456383483287179e-05,2.2781427699300612e-05
2017-04-28,7.1440778917755394e-06,-7.351234285051295e-06
2017-05-01,-0.001576957553588222,-0.0016475534402030439
2017-05-02,0.0022353608275526866,0.00206532433827331
2017-05-03,-0.0009819845072966257,-0.0010736830081692727
2017-05-04,-0.001656161518082557,-0.001665801950008937
2017-05-05,0.00271506867304023,0.0026244573658219996
2017-05-08,-0.0015122196959439407,-0.0015244629508951184
2017-05-09,0.0007329615633037666,0.0004314300251484584
2017-05-10,0.0027963447172618815,0.0027905485526435554
2017-05-11,-0.0003032841834402327,-0.0003070086373545407
2017-05-12,0.0023010477512156527,0.0022666939992939585
2017-05-15,0.0022919241687156984,0.002007611380262842
2017-05-16,0.0015204676319075126,0.0015158298267586856
2017-05-17,-0.0026573845913286888,-0.002660513041293411
2017-05-18,-0.0015393489258935114,-0.001716479307061116
2017-05-19,0.0034068274824801937,0.0033270573940255422
2017-05-22,0.0009490227950055681,0.0008184894089959943
2017-05-23,-0.001419520121408798,-0.0014883508789006277
2017-05-24,0.0019489797564479308,0.001880148998956101
2017-05-25,-0.0008496787241939309,-0.0010162397001741007
2017-05-26,0.0007311956363188036,0.0007060535736921441
2017-05-30,0.000849852512805907,0.0007817452096797122
2017-05-31,-0.0003612293195017537,-0.0003633468124446338
2017-06-01,0.002144513435766858,0.0021207303648387984
2017-06-02,0.004881733151970258,0.004874897964624803
2017-06-05,-0.0019819540020775002,-0.0020452193440442202
2017-06-06,0.0012196209507550565,0.0012155460397478366
2017-06-07,-0.0012090597686874665,-0.0012143807415779808
2017-06-08,-0.0012213563805772833,-0.0012235377423268708
2017-06-09,-0.0016356109838025136,-0.001639369732905784
2017-06-12,-0.0002729893802766012,-0.00027733633418348534
2017-06-13,0.0016827559023433166,0.0016783862072095338
2017-06-14,0.002604705578170781,0.0025649985531982816
2017-06-15,-0.002715913437379643,-0.002723055225665721
2017-06-16,-6.490015383389433e-05,-0.00023940926980850662
2017-06-19,0.0011164148943243184,0.0010486140459098727
2017-06-20,-0.0009113747955161325,-0.0010619040309680244
2017-06-21,-0.00024361662678266377,-0.0004806479187858667
2017-06-22,0.0006348837404424103,0.0005481284236427845
2017-06-23,0.00043695048881575255,0.00037473511995735466
2017-06-26,0.002334200670395983,0.0020808782289053534
2017-06-27,-0.005733613500832447,-0.00583866333840611
2017-06-28,0.00259415981996646,0.0023302242519245638
2017-06-29,-0.0052552589650883014,-0.005428052015274984
2017-06-30,-0.001112711805024336,-0.0015064302051936483
2017-07-03,0.0016320753545477802,0.0010616241778775163
2017-07-05,-0.00469027504232532,-0.005059935134909592
2017-07-06,-0.004703607580456303,-0.005062814420482525
2017-07-07,0.0,-0.0005
2017-07-10,0.0,0.0
2017-07-11,0.002710819492495178,0.002210819492495178
2017-07-12,0.01935033773232675,0.018737005989319582
2017-07-13,0.0007728572795034223,-0.00013858086084106772
2017-07-14,0.004689520264210352,0.004653216103607158
2017-07-17,-0.0008211397340107901,-0.0008221862157655185
2017-07-18,0.001846175236968434,0.0017537123413664435
2017-07-19,0.002601885456867566,0.002319631305805871
2017-07-20,0.00019419966179779193,0.00018945047233723074
2017-07-21,0.0005111908273490244,0.00037408465584550676
2017-07-24,-0.0004008056670962454,-0.00043740749287698896
2017-07-25,-0.0018691681660407244,-0.001870978219221715
2017-07-26,0.0045750401382593465,0.004271933659836727
2017-07-27,-0.0013914535820555433,-0.0016411010019698395
2017-07-28,0.0017506921877015666,0.0015010447677872704
2017-07-31,0.0005988497134282388,0.00034532164406870266
2017-08-01,0.0018267868483771337,0.001822168729926857
2017-08-02,-0.0010115953639222926,-0.001076732212797566
2017-08-03,0.0005572111918727526,0.0005533173134105061
2017-08-04,-0.0019318595473904936,-0.001935965244382871
2017-08-07,0.0004053908926314968,0.00036733902785891174
2017-08-08,-0.002720883571453465,-0.002723237661212105
2017-08-09,0.0013044544351123745,0.0011552857681494826
2017-08-10,-0.003915456742359496,-0.004165964122766184
2017-08-11,0.0016450568551572146,0.0012925515124472425
2017-08-14,-0.0029391668479871475,-0.0031947258546841544
2017-08-15,-0.003031053853853868,-0.0034262777017212325
2017-08-16,0.0041739076080671515,0.004102638108048485
2017-08-17,-0.0023133681864666244,-0.0025556368272091822
2017-08-18,-0.0007390819669415694,-0.001065024173971133
2017-08-21,0.0005193102302543845,0.00041224611946309996
2017-08-22,-0.0007373836647233707,-0.000773796778710197
2017-08-23,0.0036498517253254303,0.003647401214559798
2017-08-24,-0.0024584558206395594,-0.0025724945126729716
2017-08-25,0.0024238534480034934,0.002309814755970081
2017-08-28,0.00154735194410932,0.0012310801642285167
2017-08-29,-0.00023688441461363862,-0.0003041626187279701
2017-08-30,0.00029632729446063506,2.405031303636529e-05
2017-08-31,0.0035448827281229413,0.003234894190887095
2017-09-01,-0.0005233949720013272,-0.0006007735926886502
2017-09-05,0.001937819017042218,0.0019291968929202909
2017-09-06,-0.0007209013812161285,-0.0008001821598862954
2017-09-07,0.00436568713521416,0.0042903554147174575
2017-09-08,-0.0026845548535039945,-0.002689224503615217
2017-09-11,-0.00022696972992952176,-0.0002512584688913407
2017-09-12,-0.0005100077393462503,-0.0005419140604412795
2017-09-13,-0.0016819083582735688,-0.0017049722850217607
2017-09-14,0.001956816243199152,0.001750581605136017
2017-09-15,0.00039791852415036486,0.00018931160325864633
2017-09-18,-0.0019329387714033255,-0.0019344166781913605
2017-09-19,0.0005896303029232502,0.00025582917601011746
2017-09-20,-0.001380161310210823,-0.0013815010960388666
2017-09-21,-0.0010801138040065189,-0.0011684273141467005
2017-09-22,-0.0001970382147646984,-0.00020128869683165094
2017-09-25,-8.990343692515393e-05,-0.00018904577842917042
2017-09-26,-0.0006342667476282645,-0.0011201185317752215
2017-09-27,-0.0004759447755223999,-0.000601734775552329
2017-09-28,0.00010042353159209067,-0.00020291003482683181
2017-09-29,0.0017528345314018578,0.0017518201029561565
2017-10-02,0.0005649189097225506,0.0005623733815301264
2017-10-03,0.001623701495127491,0.0016146449333075254
2017-10-04,-0.0010580585828378016,-0.0011302129309635634
2017-10-05,0.002567605015715467,0.0024852051010283865
2017-10-06,-0.002454937938911778,-0.0024646022900541883
2017-10-09,-0.00019771528487906852,-0.0003128376227919278
2017-10-10,0.002052545155552267,0.0019719553388850507
2017-10-11,0.0005368288742418978,0.00045155129986697913
2017-10-12,-0.000231363868666422,-0.0002345443514540885
2017-10-13,0.0026949563816592885,0.002687266093570723
2017-10-16,-0.00046113843501996324,-0.0007368013010195186
2017-10-17,0.0002937911102950358,0.0002611689350516716
2017-10-18,-0.0004194654026530755,-0.0004448819898154084
2017-10-19,-0.0010742559054357937,-0.0013436385874988027
2017-10-20,-0.0003469678203928471,-0.0006001357694305491
2017-10-23,-0.0014838045740722585,-0.0017369725231099606
2017-10-24,0.00012044937718212719,5.092842768714503e-05
2017-10-25,-0.0033845013816562555,-0.0036155032785058563
2017-10-26,0.0009630821588724114,0.0009247151142543259
2017-10-27,0.006360663916221303,0.0058650048357442525
2017-10-30,-0.0013853545174785584,-0.0018781866497519682
2017-10-31,0.0008756552121237823,0.0004948380852719792
2017-11-01,0.0007165092813398482,0.0004994771428362057
2017-11-02,0.0011205850889389139,0.0007470122775553006
2017-11-03,0.0005205592604965098,0.00044725205342484634
2017-11-06,0.002167351801393434,0.0020558138385496313
2017-11-07,-0.000466478498323955,-0.0005720523086089515
2017-11-08,0.0005039797050160274,0.0004989252646179315
2017-11-09,-0.0019946170924796183,-0.002058829107444463
2017-11-10,-0.003990140949966301,-0.004167579404657464
2017-11-13,-0.00015017855209328791,-0.0006327590040362922
2017-11-14,-0.005127397377272264,-0.005354720821659516
2017-11-15,-0.0027574683385542527,-0.003127808393684647
2017-11-16,-0.0005902077805541525,-0.0011776679899096652
2017-11-17,0.0033151862106832164,0.0027277260013277038
2017-11-20,-0.002569568949511473,-0.003029742630959976
2017-11-21,0.005416617629481103,0.004901927654403247
2017-11-22,0.002374204759302586,0.0017592016327876731
2017-11-24,0.000899035814393393,0.0006742300919563238
2017-11-27,-0.002398851653544236,-0.0024058874155579147
2017-11-28,0.001697005558352958,0.0015644521881795583
2017-11-29,-0.0038234165911194516,-0.003954925201448287
2017-11-30,-0.0003877106493169258,-0.0006354287433228957
2017-12-01,0.00022837715399094092,-0.00020695446240104884
2017-12-04,-0.0013842658930482323,-0.0019315536874381428
2017-12-05,-0.00027160136813241285,-0.000342783245008528
2017-12-06,-0.0003065391988517246,-0.0004919020588566037
2017-12-07,-0.001462328096154123,-0.001692834434946031
2017-12-08,0.0010246534660960582,0.0007988347183399738
2017-12-11,0.0008016510246346516,0.0005876130935109955
2017-12-12,-0.0002695853733199011,-0.0002772919240065274
2017-12-13,0.0007560677255558226,0.0004958043387350332
2017-12-14,-0.0007327483812635388,-0.0010038369965023265
2017-12-15,0.0024176673827045452,0.0022444369559036777
2017-12-18,0.0007840978949034678,0.0005322285625125336
2017-12-19,-0.004997512252661753,-0.005037808532883085
2017-12-20,-0.0007355945175042882,-0.0013485393793211836
2017-12-21,0.0025211407594127235,0.00213893971448655
2017-12-22,0.001547780689205309,0.001273053948673448
2017-12-26,0.00230301022789016,0.0021960716046579994
2017-12-27,0.002607186625427907,0.002555490687496924
2017-12-28,0.0009746998460990385,0.0006612001294435928
2017-12-29,0.0014111897971324809,0.0013533270328632853
2018-01-02,0.001530255354481067,0.001526634871941364
2018-01-03,0.0031987066434647376,0.003085696561809987
2018-01-04,0.0023875151113891494,0.0023797720056939796
2018-01-05,0.001959831413175825,0.0016806574179535432
2018-01-08,5.330351743049793e-07,-4.81561537085796e-06
2018-01-09,-0.0013868714624228114,-0.0013952639080425724
2018-01-10,-0.001042089123430768,-0.0012562859014551711
2018-01-11,0.004415162441119514,0.004410665764004937
2018-01-12,0.006665666919826921,0.006660084812936744
2018-01-16,-0.0016791696649522123,-0.0016953667919900313
2018-01-17,0.0008314309090131133,0.0006076954449647084
2018-01-18,-0.0014443736908246354,-0.0016681091548730405
2018-01-19,0.0031881754188681413,0.0031819304357123142
2018-01-22,0.003195422928798298,0.0031854007671821435
2018-01-23,0.0038827896011127973,0.003878293196942667
2018-01-24,0.004985286507828901,0.004976908859512039
2018-01-25,-0.003253694429495251,-0.0032645632063235254
2018-01-26,0.00575724512284329,0.005744924253322661
2018-01-29,-0.006838105596626378,-0.006851307712163922
2018-01-30,-0.006810595645024495,-0.0068240800457873875
2018-01-31,0.004324354632834657,0.003929441772557605
2018-02-01,0.0003894218783239892,0.0003845938717463265
2018-02-02,-0.021196850199282986,-0.021203977978363115
2018-02-05,-0.005339663087889401,-0.006046634346026828
2018-02-06,-0.008745023922550643,-0.008755527737466622
2018-02-07,-0.02598424635135088,-0.026634998473141394
2018-02-08,0.0,-0.0005
2018-02-09,0.0,0.0
2018-02-12,0.0,0.0
2018-02-13,0.0,0.0
2018-02-14,0.0,0.0
2018-02-15,0.001169844500285011,0.0006698445002850111
2018-02-16,-0.003254790329849917,-0.0035754771139613417
2018-02-20,-0.01353074309418768,-0.013538695212142307
2018-02-21,0.0,-0.0005
2018-02-22,-0.0033997930130865717,-0.0038997930130865717
2018-02-23,0.0,-0.0005
2018-02-26,0.0022449052033667286,0.0017449052033667286
2018-02-27,-0.004643961815577594,-0.005152441950334796
2018-02-28,0.0029636647115884873,0.0022726170577484
2018-03-01,-0.00337711950982178,-0.00337711950982178
2018-03-02,-0.0042353657240573606,-0.0042353657240573606
2018-03-05,0.0,0.0
2018-03-06,-0.0025520864208802285,-0.0025520864208802285
2018-03-07,-0.002998135607945874,-0.0033847457224638667
2018-03-08,0.006402001287409753,0.00601539117289176
2018-03-09,0.0038526086744668175,0.0035781755047341562
2018-03-12,-0.00043840771449469624,-0.001017000213710017
2018-03-13,-0.0037703391000182885,-0.003881186477054295
2018-03-14,0.0017056236282428031,0.0012611091691731547
2018-03-15,0.0005078624808116649,4.7143056107801e-05
2018-03-16,0.00024626559761542813,0.00016754664784309178
2018-03-19,-0.004157859499706187,-0.004383137841122905
2018-03-20,0.0016790060062723477,0.0014349725118148102
2018-03-21,-6.844987492595742e-05,-0.0005033368481496402
2018-03-22,-0.006882135406418991,-0.007210217183732654
2018-03-23,0.0023698061002734284,0.0016823338916153526
2018-03-26,0.00042461970308542527,0.00022233357997699038
2018-03-27,0.000789351590624998,0.0007886934188630355
2018-03-28,-0.0005238952353591494,-0.0007892561366258802
2018-03-29,0.002681665270426492,0.0024611553786993584
2018-04-02,-0.0025628855079116043,-0.002567929423860011
2018-04-03,-0.0020064427944578556,-0.0021492915597259325
2018-04-04,0.0006084139674656921,0.0005538863040368769
2018-04-05,-0.0007400707155787886,-0.0008937172501692503
2018-04-06,-3.4291896510515565e-05,-0.0001123553277016956
2018-04-09,0.0003348282686542524,0.00012657783663285347
2018-04-10,0.001980489484763314,0.0017154378761317138
2018-04-11,0.0020225468661874183,0.0019082733568648712
2018-04-12,-0.002872622007028866,-0.002875080899183769
2018-04-13,0.0010433588062054,0.0009123925843417692
2018-04-16,-0.0002300257254139655,-0.00027602756088380357
2018-04-17,0.0019479893038380843,0.001824809286692326
2018-04-18,-8.271162838883508e-05,-8.510775567348731e-05
2018-04-19,-0.004609503116530542,-0.005097187791885632
2018-04-20,-0.0021252295477462942,-0.0023775591353123876
2018-04-23,-0.00250103978660649,-0.002576202077705452
2018-04-24,-0.003316783361635529,-0.0034761385798010814
2018-04-25,0.00043741551523127607,2.5597976028475197e-05
2018-04-26,0.004533039895171652,0.004351799097636746
2018-04-27,0.0013769923433018909,0.0008584751277415477
2018-04-30,-6.853810798004746e-05,-6.890394527676131e-05
2018-05-01,0.0019014506021971438,0.001814009471293633
2018-05-02,0.0005089850746418609,0.0004217253317816038
2018-05-03,-5.962441080318688e-05,-0.00014688415366344407
2018-05-04,0.003967490282249553,0.003958227372203563
2018-05-07,0.0019524412149078236,0.0018622046093453141
2018-05-08,-0.0002513155545492722,-0.00026707121619562945
2018-05-09,0.00408542591244871,0.004079782323452921
2018-05-10,0.0026421552447774893,0.0026340327245088163
2018-05-11,-0.0011987322184002303,-0.0013512353003689644
2018-05-14,-0.0003170250461174803,-0.00035063042528995933
2018-05-15,-0.004122077189306151,-0.004211313131551122
2018-05-16,0.0018598981222946653,0.0014798432686422742
2018-05-17,-0.0014246640904792176,-0.0015262205946452534
2018-05-18,-0.0006667962192458675,-0.0009066749965342848
2018-05-21,0.004284531342776621,0.004284140972539023
2018-05-22,-0.0013667118664899495,-0.0015243329692468366
2018-05-23,0.001186932779519754,0.0008543463962222104
2018-05-24,-0.0018882939716558158,-0.0020040847288308374
2018-05-25,0.00018234174248681946,-0.00041551190198134294
2018-05-29,0.0050197505912460225,0.0049374952715152565
2018-05-30,-0.0020047346231650835,-0.002171859493405047
2018-05-31,-0.0013513850857971535,-0.0013563729206980616
2018-06-01,-0.00021617418376119072,-0.00021766855217758335
2018-06-04,-0.0006814834101253573,-0.0008673597801469833
2018-06-05,0.00014159745316939915,0.00010019531977282068
2018-06-06,-0.0006908000013182763,-0.0007479064020591912
2018-06-07,0.0006803716221315737,0.0005019551862800093
2018-06-08,-0.00041162160070177086,-0.0005895738160369278
2018-06-11,0.000364073404879406,0.0003604560804018986
2018-06-12,0.00031473548609223104,0.00013562917324507346
2018-06-13,-0.001236442939907361,-0.001310442285917874
2018-06-14,0.006816344045207982,0.006502751514362066
2018-06-15,-0.0032524741372025583,-0.003729697319032273
2018-06-18,-0.0003294369241494279,-0.00045114027486018615
2018-06-19,0.0006312616055953663,0.0006193917359788414
2018-06-20,-0.001094298598264836,-0.0010988668641725649
2018-06-21,-0.0006123181140206273,-0.0007930945459592065
2018-06-22,0.00042000553300094073,0.00041294328625270094
2018-06-25,-0.0026134128226338368,-0.0026487187014940855
2018-06-26,0.003047307983633674,0.0029767702479182655
2018-06-27,0.0024545797452610514,0.00244451664841797
2018-06-28,0.0009841481785810764,0.0006801053849711462
2018-06-29,-0.0006499362588997669,-0.0006504832007529959
2018-07-02,-0.00028402652860064404,-0.0002909540125546121
2018-07-03,0.0021929180589673834,0.0021909002269124536
2018-07-05,0.0015034830509755273,0.0015010442294719972
2018-07-06,0.0014365429002238816,0.0014335710769488048
2018-07-09,7.024711732896049e-05,-0.0002781647676708478
2018-07-10,7.461762398850944e-05,1.9299229781055395e-06
2018-07-11,-0.0030669762492752193,-0.003067495711499004
2018-07-12,0.0024724219810460094,0.0023547335898762398
2018-07-13,0.0003897845200931297,0.00037046022331274056
2018-07-16,-0.0024438513255415546,-0.0024452070406389957
2018-07-17,7.462870649093301e-05,5.2373329442077996e-05
2018-07-18,-0.0002742471337968854,-0.0003264609989226214
2018-07-19,0.0015569571024237358,0.0015368280427924157
2018-07-20,-0.0033183282304229556,-0.0033698568927936793
2018-07-23,-0.001797587915579653,-0.0018906184287264946
2018-07-24,0.002065010854134349,0.0017637144144724633
2018-07-25,0.002272160302864541,0.001952743262477513
2018-07-26,-0.0005672041553180818,-0.0006816968595565814
2018-07-27,-0.0014338143095454967,-0.0017328589383919291
2018-07-30,-0.0009345376127350509,-0.0012217679297442793
2018-07-31,0.0021413442790647317,0.0017542416906153723
2018-08-01,-0.0011714091833202724,-0.0012558828063290522
2018-08-02,0.0002783063783410933,0.00014618501704206823
2018-08-03,0.002741238725677476,0.0027350166328453714
2018-08-06,0.0006164534530567523,0.00032712213551181927
2018-08-07,-8.275397016249992e-05,-8.757853784205142e-05
2018-08-08,-0.001297716367977827,-0.0015909910538827738
2018-08-09,0.00022184999396425862,0.00022018141000217813
2018-08-10,-0.0016952327997039997,-0.001984345198579034
2018-08-13,-0.0004898798653148637,-0.0006383487796717722
2018-08-14,0.0014622073311715872,0.0013889253993284167
2018-08-15,0.00013145959027833584,7.687717504322791e-05
2018-08-16,0.001603545786596567,0.0015354156568602097
2018-08-17,0.0009023490751469651,0.0008858176936553265
2018-08-20,0.0014999733126242895,0.0014900566201776655
2018-08-21,-0.0011226098952093887,-0.0011321962181594586
2018-08-22,-6.3742225343038516e-06,-1.1686417238930573e-05
2018-08-23,-0.00026030473310083513,-0.0003507911446589462
2018-08-24,0.0018129991816463323,0.0017298190272486734
2018-08-27,-0.0006289770134680068,-0.0006337830932630716
2018-08-28,-0.0014779028168699737,-0.0015949169110215712
2018-08-29,0.0009217598095972811,0.0008776228116651546
2018-08-30,-0.0014847291550124165,-0.0014884376173632476
2018-08-31,-0.00026257406531680205,-0.0002903322668153987
2018-09-04,-0.0028900599297834355,-0.0030997381077748276
2018-09-05,-0.0011592292154932514,-0.0012607226682322015
2018-09-06,0.00047637421119117897,0.00028968013590218973
2018-09-07,-0.0033290353916617748,-0.0034239580896928694
2018-09-10,0.0008375247510428799,0.00032581852930363355
2018-09-11,0.0007829794537932145,0.0005399667902302972
2018-09-12,0.0022858212045947417,0.0022289131095408112
2018-09-13,0.0011526349467485314,0.0010365045505321276
2018-09-14,-0.0009652210814878408,-0.001225418232856635
2018-09-17,-0.0016978876807868773,-0.002126435600497593
2018-09-18,0.0008044363810467646,0.0005888497966271432
2018-09-19,0.0006394819178004365,0.0005344820891667082
2018-09-20,0.0037736720858033415,0.003717807496278475
2018-09-21,7.197943242531835e-05,6.68678707372668e-05
2018-09-24,-0.0009373612676567653,-0.0009484838024487419
2018-09-25,0.00032040660208235416,0.000318842012124678
2018-09-26,-0.0011307797762034203,-0.0011871698394846143
2018-09-27,0.0022177519009517308,0.002065331879413639
2018-09-28,0.00045433277410132536,0.0002947935574246195
2018-10-01,0.0030031897576466545,0.0029521989982172303
2018-10-02,-0.0008386300328262534,-0.0008544187724867703
2018-10-03,-0.0006438965366605732,-0.000731981372323731
2018-10-04,-0.005210509080720854,-0.005298593916384012
2018-10-05,-0.0014007291553003284,-0.001978965232794552
2018-10-08,-0.0047865215955320665,-0.005069786937559548
2018-10-09,0.0011416903086227787,0.000879904282464886
2018-10-10,-0.00626073792782083,-0.00626309702054203
2018-10-11,-0.009779686916496931,-0.009976246101168738
2018-10-12,0.0013947024286186036,0.0009566470110588937
2018-10-15,0.0011049821109271147,0.000988711369822517
2018-10-16,4.232914553735366e-05,4.101104752664331e-05
2018-10-17,-0.0007305920969683189,-0.0007311871006823902
2018-10-18,0.00222389155904809,0.002107215229355135
2018-10-19,-0.0003744314613357956,-0.00037784684563441567
2018-10-22,0.0005528120098529323,0.0005469312825772263
2018-10-23,0.0024857260988783323,0.0024775540959846754
2018-10-24,0.0029897527582236,0.0029805029822220636
2018-10-25,0.00030417291611413064,0.00030172464213410485
2018-10-26,0.0004264485363725151,0.00039724758600158904
2018-10-29,-0.001887298360914022,-0.002417357625585592
2018-10-30,0.001327927963768266,0.0007037331991345163
2018-10-31,-0.0038771464249534758,-0.004055276000866672
2018-11-01,-0.00013020571778147178,-0.00030833529369466795
2018-11-02,-0.0013639051067812762,-0.002011153395284791
2018-11-05,-0.0016394916565841218,-0.002210074640371781
2018-11-06,-0.002230663162899087,-0.0023583905160763125
2018-11-07,0.0027626829497809976,0.0026237721910845687
2018-11-08,-0.0018872046909885623,-0.0025397768598879405
2018-11-09,-0.004599132615375909,-0.004990337915119613
2018-11-12,0.0024587336959860963,0.0019204374200627507
2018-11-13,-0.0008990638470992953,-0.0010409741561806
2018-11-14,-0.0009667317526429836,-0.000973456548636254
2018-11-15,0.0006529471137698854,0.0006219310721174621
2018-11-16,0.0009084366863903902,0.0008654754371519866
2018-11-19,-0.00020768815208567734,-0.00030677933604703224
2018-11-20,-0.0006695285700299905,-0.0006746971820260052
2018-11-21,0.0005144152614970791,0.00047651867214675757
2018-11-23,-0.0002938608871274414,-0.00033152301685807973
2018-11-26,-0.0001223831051062682,-0.000164178539535113
2018-11-27,0.001442407132791963,0.001309822464437253
2018-11-28,0.0008855098451716743,0.0008844097502431196
2018-11-29,-0.0001630037963145304,-0.0002713516064492742
2018-11-30,0.0013148230824212433,0.0012001347878954367
2018-12-03,0.00440167657734865,0.0042869882828228435
2018-12-04,-0.0013997046177283816,-0.0016229965635090556
2018-12-06,0.0026598546314428946,0.0024509461865607983
2018-12-07,0.0003661122390053277,0.0001444806833610992
2018-12-10,0.0004878288864407891,0.0003317726268289848
2018-12-11,0.0007731360707571047,0.0006453386277303594
2018-12-12,-0.0010514204363932715,-0.0010608337766227576
2018-12-13,0.00039228171536378933,0.0003395244342306087
2018-12-14,-0.0007582795424108538,-0.0009110574208643327
2018-12-17,0.0020769755344472,0.001924197655993721
2018-12-18,0.0026511654227913965,0.0026392192775415765
2018-12-19,0.0008379303074156778,0.0008139297345422062
2018-12-20,-0.00036898942188838253,-0.00037882389869195606
2018-12-21,-0.0013931574487637067,-0.0015145621874081694
2018-12-24,0.0011551575134501218,0.001039212392935825
2018-12-26,-0.0015541406252204356,-0.0016700857457347324
2018-12-27,0.0016024169912232788,0.001487247815208211
2018-12-28,0.004769269380050259,0.004654325096290776
2018-12-31,0.002919644536093096,0.002901592058250814
2019-01-02,0.0019876579781512274,0.001977249106142157
2019-01-03,0.0037715233594596428,0.0036468444822869094
2019-01-04,-0.0037260437635993253,-0.0038507226407720587
2019-01-07,0.00018501872478938572,5.844278220100082e-05
2019-01-08,0.0008810728634800459,0.0008378335217660248
2019-01-09,0.004289118266138177,0.004270769704502303
2019-01-10,-0.001939920190781849,-0.0019709701514414083
2019-01-11,0.000555820112093865,0.0005232435579481163
2019-01-14,-0.002380045161329862,-0.0023850497050399485
2019-01-15,0.0013843461203195421,0.00137506131250998
2019-01-16,0.002299722094806409,0.002290878545618984
2019-01-17,0.0007432227314060628,0.0007412313432034018
2019-01-18,-0.00013740952899536768,-0.0001431303952692052
2019-01-22,-0.001648188082225136,-0.0017605618932193907
2019-01-23,0.0012012400757009918,0.001126744303984748
2019-01-24,0.001692168813077077,0.0015165448781620568
2019-01-25,0.0032973724042057707,0.0031226134753107875
2019-01-28,-0.0010013898578987697,-0.0011038892004446006
2019-01-29,0.003011351073400591,0.0029294345864973935
2019-01-30,0.005972485527915058,0.005889640210804884
2019-01-31,0.0043732964690068815,0.004365259430387239
2019-02-01,-0.0024551495234596036,-0.0024760557969214867
2019-02-04,-0.0006992697728367132,-0.0007034689309447846
2019-02-05,0.0032058085750761673,0.0031213668031191354
2019-02-06,-0.002309844811761749,-0.0024917073323569186
2019-02-07,-0.0003689891829419321,-0.00037815861816341344
2019-02-08,0.0016403274990227854,0.0016257907331045963
2019-02-11,-0.001368304125120245,-0.0013951147825557685
2019-02-12,0.001726865096384948,0.0017207194615343738
2019-02-13,-0.0009708373190585375,-0.0010245415194586943
2019-02-14,0.00174835636982129,0.001705608790964959
2019-02-15,0.0032103356386711745,0.0031912417033353353
2019-02-19,0.0022800797930025707,0.002239500785629707
2019-02-20,0.00018442493578308335,0.00017050196472322786
2019-02-21,-0.0033385339357132147,-0.0033478130503183027
2019-02-22,0.003596055769777376,0.003519619470181177
2019-02-25,-0.001133008136990762,-0.0012059249018720223
2019-02-26,0.0007856738468384624,0.0007786593776897931
2019-02-27,-0.0028378463211952147,-0.0028455574398580053
2019-02-28,-0.0014707247875064096,-0.0015824295275088344
2019-03-01,-0.0007834529091011929,-0.0007900974978384269
2019-03-04,0.0005572671344675148,0.0002547951435847553
2019-03-05,0.0012001600600554416,0.0009544391023829999
2019-03-06,-0.0011126574241627646,-0.0011203581824429502
2019-03-07,0.00011906954319440804,0.00011095152944547877
2019-03-08,-0.00017930055946742548,-0.0002765670640817408
2019-03-11,0.0031957032749578194,0.003172236831354157
2019-03-12,0.0020672988573957377,0.0020444624393519805
2019-03-13,0.001333211362023114,0.0012958001136905326
2019-03-14,-0.0010446753223513135,-0.0010555574655762277
2019-03-15,0.0020528166981429894,0.0019504596356966176
2019-03-18,0.0004121595926977538,0.00031268584392136865
2019-03-19,-0.000354658417264327,-0.00036187364413517724
2019-03-20,0.004571855082302886,0.004466288934739147
2019-03-21,0.0022195071353259387,0.002154466358236079
2019-03-22,-0.0026283721878742968,-0.002690089861062228
2019-03-25,0.0012872959945699673,0.0011185452044456413
2019-03-26,0.0021326000319652426,0.0020965060038727243
2019-03-27,0.0004112671770286082,0.00037739533960128165
2019-03-28,0.0020215663298954693,0.0019639406149548288
2019-03-29,0.0014237451074319445,0.00140849957386439
2019-04-01,0.00010951563074511755,7.415434075102667e-05
2019-04-02,0.0016480402752174818,0.0016203893581516326
2019-04-03,-0.0006348211436596198,-0.0006388735575022108
2019-04-04,0.00099817676080199,0.0009933551134002029
2019-04-05,0.002743167071860551,0.0027373369389510844
2019-04-08,-0.0006978228511111323,-0.0007037117672737717
2019-04-09,-0.0006826145784968219,-0.0006903237169274808
2019-04-10,0.0034045846773230397,0.0033435200384186103
2019-04-11,-0.0017544200590296885,-0.0017657062074296534
2019-04-12,0.0005416665486096317,0.00047949699520054154
2019-04-15,-0.0011081912401391012,-0.001289711373835423
2019-04-16,-0.0014311683691453382,-0.001431743596362265
2019-04-17,-0.0004838837335617464,-0.0005335066952701299
2019-04-18,0.0015639949310420208,0.0015632233176947848
2019-04-22,-0.0010207267058721184,-0.001024863688861682
2019-04-23,0.0040394956328190235,0.003715624307843374
2019-04-24,0.0007383716326773814,0.00041425226261775555
2019-04-25,-0.0003900438025638992,-0.0005164136924216172
2019-04-26,0.0014742722210614985,0.0013479023312037805
2019-04-29,-0.001987430675658077,-0.002114267130609407
2019-04-30,-4.178059930680127e-06,-0.00013101451488201036
2019-05-01,-0.0011824602924988075,-0.0012317878068045687
2019-05-02,-0.002178707042234865,-0.0022631087177504196
2019-05-03,0.0029196948685623714,0.002813868077364615
2019-05-06,-0.0007698019036407609,-0.0008936008814380499
2019-05-07,-0.002241427275248735,-0.0022822622660071913
2019-05-08,-0.0014585982720503015,-0.0017308784492546308
2019-05-09,0.0006028435557286647,0.0005982750361302237
2019-05-10,6.11062662712126e-06,5.301272508350414e-06
2019-05-13,0.002437779815204731,0.0022845434498274617
2019-05-14,0.0007508798448422429,0.0007489709543166384
2019-05-15,0.0022484497099337763,0.0022459954840558247
2019-05-16,-0.0011488901678731302,-0.0011493724169430715
2019-05-17,-7.409595446365532e-05,-7.626756896304101e-05
2019-05-20,-0.002398555881311788,-0.0024947204884463673
2019-05-21,0.00031323312064202355,0.0002515745462390137
2019-05-22,0.0019087748594500717,0.0018476061245173007
2019-05-23,0.0026992446996634903,0.002698061454073727
2019-05-24,0.00040157227217128675,0.0003056192075179791
2019-05-28,0.0011487136642090972,0.0011470212898562135
2019-05-29,0.00014882089841329726,5.2934142556279896e-05
2019-05-30,0.0037616907816782736,0.0037004371977347357
2019-05-31,0.004217936482433531,0.004116118224485264
2019-06-03,0.0028143090417678744,0.002756932859092718
2019-06-04,-0.0016696042142220235,-0.001838655003377682
2019-06-05,-0.0008355785410541026,-0.0009005420930871708
2019-06-06,0.0015588431584207185,0.001363981159031721
2019-06-07,0.00446203889201125,0.004461064878795764
2019-06-10,-0.0037955611599934155,-0.0039032727323147255
2019-06-11,0.0012873147827872063,0.001242587001149244
2019-06-12,0.00010976272481499208,0.00010523502833911747
2019-06-13,0.002960890516417783,0.0029589590891106786
2019-06-14,-0.0010619380386669573,-0.0011173497185640402
2019-06-17,0.0005061215548207354,0.00037068633062847843
2019-06-18,0.00592708840095228,0.00589051626679048
2019-06-19,0.0036314455410984985,0.003620331272532273
2019-06-20,0.007279396482044333,0.007147772222151795
2019-06-21,-0.0037857404120572122,-0.003794131754968774
2019-06-24,0.0026818336742092715,0.002658758055500581
2019-06-25,-0.003209536202152521,-0.003213062839584237
2019-06-26,-0.0024156008847537346,-0.0024210415034425247
2019-06-27,0.0032212844861626323,0.003166817319067214
2019-06-28,0.0008516070033196707,0.0008485610472111322
2019-07-01,0.00028390820625451356,0.000282932562699726
2019-07-02,0.00293711753833595,0.0029322984776706577
2019-07-03,0.0037505503049384075,0.003698832032232011
2019-07-05,-0.006521020595270137,-0.006522651054315729
2019-07-08,-0.0013082003983574855,-0.0014446640943734323
2019-07-09,0.00012477482744887095,0.00011919735890261275
2019-07-10,0.0029424740111924424,0.0029373603473631794
2019-07-11,-0.004006175891686447,-0.004017867647877496
2019-07-12,0.0012462633238659823,0.0011807030012715137
2019-07-15,0.0013035517236785596,0.0013026232361204107
2019-07-16,-0.0012022953075002377,-0.0012035679152990499
2019-07-17,0.00193316191450848,0.001930241194468346
2019-07-18,0.0020974246423705514,0.002033490631100085
2019-07-19,-0.0032540205602967554,-0.0034588361468952875
2019-07-22,0.002236571678499965,0.001993492350805961
2019-07-23,0.0008604002592016434,0.0006516863425362395
2019-07-24,0.0017736325725897493,0.0017017869482413364
2019-07-25,-0.003122675553449045,-0.0031440412825696953
2019-07-26,0.0013244111995258795,0.001209101343219161
2019-07-29,0.00039462909153506384,0.00034271174628860426
2019-07-30,-0.00044625993195838005,-0.0005157127837661633
2019-07-31,-0.0017825554041170622,-0.001859966227317026
2019-08-01,0.004107716294206387,0.004032839629440142
2019-08-02,0.00020724430510123663,-1.714593127301046e-05
2019-08-05,0.0023497514671666645,0.00234581219421705
2019-08-06,0.004095669389910345,0.004024741375727743
2019-08-07,0.0033952305604114004,0.0033902280367186727
2019-08-08,0.0024896666847438456,0.002419167641201504
2019-08-09,-0.0017211458431755137,-0.0017229320862462067
2019-08-12,0.0049648495941966245,0.004961458508967888
2019-08-13,-0.0006746145580940427,-0.0006801251761736268
2019-08-14,0.0031211538066045737,0.0030938235100877493
2019-08-15,0.004864241274509919,0.004835970699434091
2019-08-16,-0.0005041331635935339,-0.0005088447168222713
2019-08-19,-0.0033581332346274665,-0.0033598439327693617
2019-08-20,0.002993254210080046,0.0028359811393546086
2019-08-21,0.000659669443979612,0.0006565195520077012
2019-08-22,-0.0017046619182701376,-0.001708218902680017
2019-08-23,0.0024742381237013423,0.0024686965642532538
2019-08-26,0.002396698698247811,0.00239175926337129
2019-08-27,0.00448363600127618,0.0044772147619268725
2019-08-28,0.0013484558477438687,0.0013427327679201896
2019-08-29,-2.816699258026794e-05,-5.702677212198523e-05
2019-08-30,0.0001235967632328422,7.087169514585136e-05
2019-09-03,0.002784988360029186,0.0027614500001551284
2019-09-04,0.0020354832132511934,0.0019799883862522127
2019-09-05,-0.004356540925188297,-0.004524609571638629
2019-09-06,0.0005614014735110921,0.0005490635375359052
2019-09-09,-0.0025961317253662677,-0.0025988537593040063
2019-09-10,-0.0038960973399724454,-0.00390494201784184
2019-09-11,0.0020335441526061517,0.001595371611622262
2019-09-12,0.0005600594053999418,0.0005577517153537602
2019-09-13,-0.003068284071839547,-0.003123061704319751
2019-09-16,0.0016233988820446275,0.0015700457639222995
2019-09-17,-0.000490990008293428,-0.0005693941764801399
2019-09-18,-0.0011187802632507773,-0.0011270163770835432
2019-09-19,-0.0003753554226610397,-0.0004240476137921482
2019-09-20,0.0011425804152239843,0.0010945585470170547
2019-09-23,0.0020765085101003477,0.0018421239760946632
2019-09-24,-0.003627109775211665,-0.0037911613280665777
2019-09-25,-0.0030591580061533666,-0.0034166855756776558
2019-09-26,0.001766496638471135,0.0013274973060643839
2019-09-27,-0.003638585960703428,-0.003644776327169586
2019-09-30,0.0019464569925125195,0.0016654833406436458
2019-10-01,-0.002908705760426709,-0.0031096581535431274
2019-10-02,-0.002353234413980735,-0.0026420833587078108
2019-10-03,0.0030440620296541335,0.0028435216008865717
2019-10-04,0.002438014688027662,0.0023251619655370436
2019-10-07,-0.00280298072041809,-0.0028849166949657615
2019-10-08,-7.225993952796483e-05,-0.00015419591407563645
2019-10-09,-0.0005197798386490163,-0.0005261438215833903
2019-10-10,-0.0044513905330445126,-0.0044551912600903345
2019-10-11,-0.00294163387695477,-0.003229406825935968
2019-10-14,-0.0008690365820855777,-0.0017049396421490494
2019-10-15,0.0012332906064081185,0.0007534136624815896
2019-10-16,8.45059839419472e-06,-0.0004714263455323341
2019-10-17,0.002638341411852229,0.002454628013522238
2019-10-18,0.00030035050959280145,0.00029318011620247167
2019-10-21,0.0016696748353476904,0.0014474364952057864
2019-10-22,-0.0004658301002443454,-0.0006880684403862495
2019-10-23,0.0015961370359727398,0.001578261530779183
2019-10-24,0.0010270686862216434,0.00100096294750675
2019-10-25,0.0009218265576927574,0.0008013686021057263
2019-10-28,-0.0015069319959726468,-0.0015271516080862396
2019-10-29,-0.0008656987728844223,-0.0011474102153990265
2019-10-30,0.0010589445126063832,0.0010462721690439986
2019-10-31,-0.0033684782107771477,-0.0033713834535966953
2019-11-01,0.0032404487848169115,0.0026742275861539404
2019-11-04,-0.0003100778236358084,-0.000553378371765996
2019-11-05,-0.005339384910969523,-0.005556758511485223
2019-11-06,-0.0017876395820937132,-0.0022342758959067056
2019-11-07,-0.0002859209029949344,-0.0005378243275158322
2019-11-08,0.0007692553146366228,0.0004592713668211238
2019-11-11,-0.0021186873344672488,-0.0021233964151644354
2019-11-12,8.436546718376525e-05,7.52890806428919e-05
2019-11-13,-0.001126289664040104,-0.0011322262629220037
2019-11-14,-0.0007337116625096201,-0.000773997471321175
2019-11-15,0.0029194869772527837,0.002764679132280315
2019-11-18,-0.0011685893149225308,-0.0011766357730783673
2019-11-19,-0.0016153841878868696,-0.0018601829332833418
2019-11-20,-9.256256098255492e-05,-0.00045613329284112424
2019-11-21,-0.0003613583113149194,-0.00044208631288104763
2019-11-22,0.0016129904500113608,0.0016064587050892431
2019-11-25,0.003757302552752111,0.0037328026982959258
2019-11-26,0.001034723369866367,0.0008345681933649238
2019-11-27,0.0008286739770074339,0.0008159176326510763
2019-11-29,-0.00425851961276392,-0.004306827346178642
2019-12-02,-0.003881565406190463,-0.004008388339764167
2019-12-03,0.0018533736273283106,0.0017513714088608363
2019-12-04,-0.0006938337672167823,-0.0011639938040386186
2019-12-05,-0.0003375705277405168,-0.0007543264768520813
2019-12-06,0.0022632327437669586,0.002260000487083304
2019-12-09,-0.0009574269275807042,-0.0010939836535081649
2019-12-10,0.0001850859235539034,0.00011351822279540561
2019-12-11,0.003018598746639352,0.002949791402568347
2019-12-12,0.0002649912179559679,0.00012770105583826495
2019-12-13,0.0032489409457882095,0.002893042750327354
2019-12-16,0.0014287558068096866,0.0010785422419258904
2019-12-17,0.0010666578801708246,0.0010092112071979134
2019-12-18,0.0002590660935329749,0.00025433908841189794
2019-12-19,0.001029228941787346,0.0008025276531473857
2019-12-20,0.0005122379848214191,0.00023364769051750583
2019-12-23,0.0007557314169567295,0.0005849559976045604
2019-12-24,0.0019320473061120518,0.0017544407831826536
2019-12-26,0.002639202264050468,0.0024641795345693614
2019-12-27,0.0005824394712025253,0.0004097757818605093
2019-12-30,-0.0008236606885459167,-0.0008464797720050519
2019-12-31,0.0001472554645232211,0.00014130924427304038
2020-01-02,0.005288969981023097,0.005083356928253498
2020-01-03,0.0004370807251412323,0.00023222439900435934
2020-01-06,0.0004114087210354499,0.00036161581891707394
2020-01-07,-0.0013634632840956592,-0.0013675310721968168
2020-01-08,-0.001161701727761149,-0.001209118650993047
2020-01-09,0.001377805674861034,0.001367983336567641
2020-01-10,0.0014161528412294977,0.0012577222312402697
2020-01-13,0.0010669706722562752,0.001025204474798165
2020-01-14,-0.0002966163529548429,-0.0003233533129519549
2020-01-15,0.0016156801019270653,0.0016097103037592357
2020-01-16,0.0016244859815277182,0.0016190766697111903
2020-01-17,0.0006833380127426769,0.0006793813422197848
2020-01-21,-0.0006040975626515846,-0.0006170736056030059
2020-01-22,0.0007750439870057318,0.000768215214658658
2020-01-23,0.00041915324024037465,0.0004154672992846846
2020-01-24,-0.00010627352231319151,-0.00011023588156881623
2020-01-27,-0.0007118451557449628,-0.0009500479483199656
2020-01-28,-0.0032702155760340143,-0.003441288176940095
2020-01-29,0.0023385445486040156,0.0022501181939861225
2020-01-30,-0.0002047850559769285,-0.00020639382273039577
2020-01-31,-0.0007209428856239765,-0.0007626422393100473
2020-02-03,-0.0004592374168790739,-0.0005456826396922285
2020-02-04,-0.0027024767177920533,-0.0027477792400760724
2020-02-05,0.0011735005585170677,0.0009470915020864326
2020-02-06,0.001668476432269562,0.001612388487084926
2020-02-07,0.0013816727871604668,0.0013808361742841994
2020-02-10,0.002668773215663605,0.0026122513223156116
2020-02-11,-0.0006004898281647998,-0.0006052060433837487
2020-02-12,0.0011047250025693683,0.0010513699963245974
2020-02-13,0.0003538906019096304,0.00031859875494872323
2020-02-14,0.0018806557303589861,0.001799375812635006
2020-02-18,0.002090769491582906,0.0020879253686866633
2020-02-19,0.0003284465817043222,0.0002956334821827635
2020-02-20,0.0028533180223142603,0.0028491706818414386
2020-02-21,0.0010555030493223298,0.0010513669376598857
2020-02-24,-0.0017552675082916289,-0.001769742623571091
2020-02-25,-0.0045938458598759205,-0.0047983246296231736
2020-02-26,-0.001209860159628478,-0.0013237022080566994
2020-02-27,-0.0018997163048063402,-0.001915487342462267
2020-02-28,0.003154928013411003,0.0031361339091234767
2020-03-02,-0.0014353773647512304,-0.0017537191819895987
2020-03-03,0.00945576485726029,0.00945277121388661
2020-03-04,-0.0010514072126393869,-0.0011499178879394
2020-03-05,0.0064281973375820345,0.006422511394369525
2020-03-06,0.011535620779145304,0.011525028470396577
2020-03-09,-0.005892739536899966,-0.005916711848300217
2020-03-10,-0.019254675183966563,-0.019343049797967856
2020-03-11,-0.015319860433314207,-0.01555993900926845
2020-03-12,-0.02149835865323357,-0.02217499424233115
2020-03-13,-0.022603505502960752,-0.023204463350989152
2020-03-16,-0.0022946163403174285,-0.002987132619668059
2020-03-17,-0.06668306255155865,-0.06737557883090928
2020-03-18,-0.006208046145990463,-0.0069094117432050035
2020-03-19,0.023688051407360078,0.023389417004574618
2020-03-20,-0.002847978261511619,-0.002847978261511619
2020-03-23,0.010416626869625151,0.01013883099165852
2020-03-24,-0.013402016363719106,-0.013406432896504927
2020-03-25,-0.009313137955143392,-0.00961333257044361
2020-03-26,-0.001363641748271872,-0.0016666620647968272
2020-03-27,0.0007909133135497262,0.0007844729106090736
2020-03-30,0.0001494104287966747,-0.0001956134046645771
2020-03-31,-0.008929716343638627,-0.009274104041372551
2020-04-01,0.0038707166402510143,0.0036590378833491516
2020-04-02,0.003942446081964403,0.003941385624617566
2020-04-03,0.0034725613401990177,0.0032677280977432494
2020-04-06,0.006957387542790813,0.006956873268445853
2020-04-07,-0.004337629849633671,-0.004477274153933109
2020-04-08,0.0014659501372974665,0.001464207215367748
2020-04-09,0.01500293193986387,0.014882573252540636
2020-04-13,-0.004713034422996316,-0.004932318136670716
2020-04-14,0.00836686440138706,0.008160651287986117
2020-04-15,-0.005388721025895644,-0.005392996665810695
2020-04-16,0.00152890705040551,0.0013331063173402846
2020-04-17,0.0004724404836931099,0.0004721598286870974
2020-04-20,-0.0034035023645041518,-0.003405075573415307
2020-04-21,-0.007694271772645713,-0.007694680501783622
2020-04-22,0.007731490198066583,0.0077307988784275665
2020-04-23,0.002175921120052121,0.0021749836431779177
2020-04-24,-0.00030320686233985744,-0.0003038062688515205
2020-04-27,0.0005598531948241634,0.00036338489702650225
2020-04-28,0.0021967005292075664,0.0021960162817022616
2020-04-29,0.009997940882163903,0.009997628876127236
2020-04-30,-0.010144467910131709,-0.010145646395196294
2020-05-01,-0.00806459054164504,-0.00806546900724181
2020-05-04,-4.098614599262385e-05,-4.192065096215129e-05
2020-05-05,0.0020404328256221987,0.0019625499711750124
2020-05-06,-0.0072340359946302035,-0.0073401323981955825
2020-05-07,0.004806201918377446,0.004565928802825159
2020-05-08,0.004080353479917037,0.003969484647017885
2020-05-11,-0.002208630515233479,-0.0023060487923403095
2020-05-12,-0.005855236577360104,-0.006071738044876136
2020-05-13,0.0005066971332111572,0.0002794250916678928
2020-05-14,0.0035207902584932613,0.003474653599684577
2020-05-15,0.0038159789337405916,0.003617302387481416
2020-05-18,0.002341784987514668,0.002191903294051939
2020-05-19,0.001503036833225418,0.0011984641962999004
2020-05-20,0.007552894696924383,0.007481482554194988
2020-05-21,-0.004428965411651124,-0.00446467101882396
2020-05-22,-0.0005007025474035306,-0.0005312031141580635
2020-05-26,0.003278941167009048,0.003235612974518921
2020-05-27,0.004635416591053238,0.004534475699588677
2020-05-28,0.00038519814442895253,0.0003817060922578315
2020-05-29,0.0061449685191039775,0.006038191178519114
2020-06-01,0.006768863912934769,0.0067573745989894535
2020-06-02,0.0031550347462067046,0.003149845171189176
2020-06-03,0.0010794482223274251,0.001074153939889093
2020-06-04,-0.0033675099823620817,-0.003471705787622078
2020-06-05,0.00805092583032586,0.008047531139243839
2020-06-08,0.0059548267609765655,0.0059454547804498525
2020-06-09,-0.003500370174784224,-0.0035772600355180205
2020-06-10,0.003516655870065167,0.00350593011501383
2020-06-11,-0.019382057691090904,-0.019464434582414748
2020-06-12,0.004398341841470246,0.004322484024163726
2020-06-15,0.005358158509340289,0.005282300692033769
2020-06-16,0.002187984608181149,0.0021746777142036323
2020-06-17,-0.001012814388388212,-0.0010181614662734255
2020-06-18,-5.182330274152239e-05,-6.411134573722219e-05
2020-06-19,0.00094964607622539,0.0009432524914702338
2020-06-22,0.0021667876996220555,0.0020906610472724526
2020-06-23,0.0013522446694168666,0.0013501450071789238
2020-06-24,-0.008608334955045588,-0.008684364189075904
2020-06-25,0.0038896342324468295,0.0037533679238162723
2020-06-26,-0.0010039378746468826,-0.001008405951729331
2020-06-29,0.0025211307261409476,0.0024672890747840263
2020-06-30,0.0014995791321191602,0.001495134290949533
2020-07-01,0.0011250976606826913,0.0010726884591782692
2020-07-02,0.0030657396223889312,0.0030314611234038297
2020-07-06,0.005123234916244431,0.005108590635921673
2020-07-07,-0.0007285522614774463,-0.000818620907297766
2020-07-08,0.0032674725247335045,0.003148972478187903
2020-07-09,0.001489735338132166,0.001475821222552104
2020-07-10,-0.00013419376529783214,-0.00013937048578901369
2020-07-13,-0.001249666034999872,-0.0013388702909247622
2020-07-14,0.004422977460990508,0.004333773205065617
2020-07-15,0.002472734342741022,0.0023672558530465496
2020-07-16,-0.0017781169248961425,-0.0017787851985132217
2020-07-17,0.0027347983484943884,0.0027312045585222234
2020-07-20,0.004260769886188389,0.0042466868954679155
2020-07-21,0.005350912831789766,0.005344247004583078
2020-07-22,0.005808529968039239,0.005799567831898418
2020-07-23,2.4050346438850482e-05,-4.829491676055207e-06
2020-07-24,-0.00023924019791297143,-0.0002451620884412194
2020-07-27,0.004493037078030005,0.004463994212702545
2020-07-28,0.000411242622233575,0.0003821528799581632
2020-07-29,0.004237344684001085,0.0042359729525011155
2020-07-30,-0.002503386394547521,-0.002514545689584987
2020-07-31,0.0013742532444602747,0.001372329210670004
2020-08-03,0.0005948937970678647,0.0005539712096161481
2020-08-04,0.0067173457674994585,0.006678094032397028
2020-08-05,0.0009183741461290415,0.0009133026274552273
2020-08-06,0.004803116208130626,0.004796816801659978
2020-08-07,-0.003988672306227766,-0.00399082324128613
2020-08-10,0.00010409608843582685,0.00010053502562620871
2020-08-11,-0.011094519480181439,-0.011098018409367019
2020-08-12,0.001954005283013793,0.0018696896250832563
2020-08-13,0.0002490917826163587,-0.00020881834986736326
2020-08-14,-0.0038243083076845035,-0.004122891357794415
2020-08-17,0.011367580604191655,0.011366213341861381
2020-08-18,0.0012760371391691862,0.0012696998482926802
2020-08-19,-0.010947669763787483,-0.010950360463910914
2020-08-20,0.002594695518585504,0.0024962036295286994
2020-08-21,-0.002687773135785585,-0.0027884521256419407
2020-08-24,0.005808341711778513,0.005774415711107522
2020-08-25,0.0045309541229219125,0.0044230162703576366
2020-08-26,0.002935776195852698,0.002928190354528656
2020-08-27,-0.003178331895026162,-0.003280642185049537
2020-08-28,0.005515811294916227,0.005413501004892852
2020-08-31,-0.0047046785275696515,-0.004804350460923637
2020-09-01,0.005077761359514569,0.005073060490425087
2020-09-02,0.0016990064921521878,0.001694842421163355
2020-09-03,-0.007053399227893263,-0.00766079251207742
2020-09-04,-0.004396733476384206,-0.004684395146632037
2020-09-08,-0.017172672452248662,-0.01798202300844174
2020-09-09,-0.001586168533191934,-0.002586168533191934
2020-09-10,-0.005918482863502949,-0.006589546614388162
2020-09-11,-0.0019818153533865956,-0.002652879104271808
2020-09-14,-0.00036877193599241725,-0.0006275017014674381
2020-09-15,0.00847099126942659,0.0077297210349016095
2020-09-16,0.00031665305361137274,-0.0003638719915061424
2020-09-17,-0.003960832428550362,-0.004093518649259474
2020-09-18,-0.007355784741321638,-0.008018473194128219
2020-09-21,-0.025333893219570913,-0.02615044746156196
2020-09-22,0.0020369725452636903,0.0010369725452636903
2020-09-23,-0.0012478397437845385,-0.0019356690710605551
2020-09-24,0.00036819521597152027,-0.0003196341113044962
2020-09-25,0.0017631992296970077,0.0017627817482020033
2020-09-28,-0.0030291101070540833,-0.0030294983341372585
2020-09-29,-0.0026159743176169914,-0.0026173283137588257
2020-09-30,-0.003453522550057186,-0.003456601107228541
2020-10-01,-0.0015780344172264815,-0.001938337837335595
2020-10-02,0.0020270662214113087,0.0016467361417686229
2020-10-05,-0.0021738575007425537,-0.0023829810272575076
2020-10-06,-0.0028012031554758413,-0.0034084797367488354
2020-10-07,0.002411567331239408,0.0021988987241507853
2020-10-08,0.0044220125681587044,0.004214555715574688
2020-10-09,3.905993236089083e-05,-1.0672731303964633e-05
2020-10-12,0.0043770516103948465,0.004075408714885249
2020-10-13,-0.006378974386273818,-0.006690704018118021
2020-10-14,-0.0018182754931733746,-0.0021161958373041405
2020-10-15,-0.0016127257974321272,-0.002066327861486108
2020-10-16,-0.0015966893622555759,-0.002108672000459845
2020-10-19,-0.0046517830726319044,-0.004731000236261589
2020-10-20,0.0034384297214405625,0.0031256910498534025
2020-10-21,-0.0037242827758654355,-0.00405928011999119
2020-10-22,-0.0007813626837852716,-0.0010503264879012627
2020-10-23,0.001045353349289287,0.0007935435950858578
2020-10-26,-0.013094846175747478,-0.013179009022820173
2020-10-27,0.0004099645263790542,-0.00026065577606726274
2020-10-28,-0.006485397107885023,-0.007424505974538701
2020-10-29,0.0,-0.0005
2020-10-30,-0.0017543578214593283,-0.0022543578214593283
2020-11-02,0.0011825274763224147,0.000946754663978634
2020-11-03,-0.0028504700942848173,-0.0031420347906551227
2020-11-04,0.009142133446031,0.008365998427988078
2020-11-05,0.006214085955695147,0.005501535805578424
2020-11-06,-0.002523679036197061,-0.0025413637321258253
2020-11-09,-0.0027699952682333855,-0.002895981003711334
2020-11-10,0.0013720227654196312,0.0008885253262782316
2020-11-11,0.003197394037460808,0.0031806649133924495
2020-11-12,-0.005505821971713522,-0.005506592647469818
2020-11-13,0.00434896686843471,0.003968111544907016
2020-11-16,0.004942066157053838,0.004913939913239391
2020-11-17,0.000750826408931074,0.0007485117619447292
2020-11-18,-0.0019231282927560849,-0.0019262448625956073
2020-11-19,0.0035282037042599352,0.0034453102371798014
2020-11-20,0.0007359999404157466,0.0007337820605639655
2020-11-23,0.0006620722801620805,0.00065529080354097
2020-11-24,0.002587044737077562,0.00258597912694884
2020-11-25,-0.0003280265620928717,-0.00033133930178214614
2020-11-27,0.002452427072203409,0.002369859251911807
2020-11-30,-0.0028654579089689145,-0.0029482910305640006
2020-12-01,0.0007249527036415083,0.0007195902741724712
2020-12-02,-0.0004952889776509981,-0.0005780145653787416
2020-12-03,0.0029802855542874172,0.0029738526507653335
2020-12-04,0.0012734154667132197,0.0012472281788219787
2020-12-07,-9.139659719715663e-05,-9.901150140867569e-05
2020-12-08,-7.430234062621035e-05,-7.499272033655407e-05
2020-12-09,-0.004284145039198468,-0.004342617743130805
2020-12-10,0.0036114215420557493,0.0035281221048699017
2020-12-11,-0.00026848517696467317,-0.00035621815719232973
2020-12-14,-0.0010427702718165922,-0.0010437203902623913
2020-12-15,0.0043026524830615765,0.004301684661612255
2020-12-16,0.0015101944473268297,0.0014356318761553565
2020-12-17,0.003761340903644127,0.0037046913754458888
2020-12-18,-0.0018031184468093777,-0.0018050384191306325
2020-12-21,-0.0034306105696745304,-0.003433852225159786
2020-12-22,-0.0017765156073582537,-0.0018262414554295703
2020-12-23,0.0023144584171325947,0.0021987578660280535
2020-12-24,0.001915364026919864,0.0017996634758153229
2020-12-28,0.0019633753058708628,0.0019068785964533918
2020-12-29,0.0008726473351119866,0.000870045125609094
2020-12-30,0.0027836245773359986,0.0027332107510239264
2020-12-31,0.0008977668513250077,0.0008467310838907829
2021-01-04,-0.0022628164841287444,-0.0022755411005535623
2021-01-05,0.0035511163751463363,0.0034858398807850618
2021-01-06,-0.002816133556193673,-0.002995348510052481
2021-01-07,0.004972996321660364,0.004570112183163573
2021-01-08,-0.0006563006939694817,-0.0006794114242055458
2021-01-11,-0.007838865336038168,-0.007949025056915776
2021-01-12,0.0013483275974328851,0.0010692548726212745
2021-01-13,0.0012168274979259275,0.0009377547731143168
2021-01-14,0.0013471736126253629,0.0011174618691187773
2021-01-15,-0.007295755328322254,-0.00752546707182884
2021-01-19,0.0037651713430258984,0.003548613134004046
2021-01-20,0.005710523253613387,0.005702484903430735
2021-01-21,-0.001039116872513788,-0.0010721104931558072
2021-01-22,-0.004340862195274944,-0.004555630078151375
2021-01-25,0.0022864873188725176,0.00206743153285729
2021-01-26,-0.0014006979294075121,-0.0014059222582956717
2021-01-27,-0.01228796767001849,-0.01250431430265226
2021-01-28,-0.00014161494982423739,-0.0008930118340551521
2021-01-29,-0.005487148191991882,-0.006032337699039758
2021-02-01,0.018668102813765415,0.018159705694435292
2021-02-02,0.0023172524248816708,0.0018088757887680467
2021-02-03,0.0019233778594397982,0.0019122331857986026
2021-02-04,0.0035176114311914965,0.0034274921260912614
2021-02-05,0.002077757569412969,0.0020647650401467003
2021-02-08,0.004442745448853135,0.004439062084397851
2021-02-09,-0.0003013882008316391,-0.0003080231161811545
2021-02-10,3.853264434403081e-05,3.297526706033323e-05
2021-02-11,0.0012393683886134078,0.0012378017201440988
2021-02-12,0.00423910725968818,0.004021495960022951
2021-02-16,0.0002639567602843058,4.153751944854911e-05
2021-02-17,0.0009502041336655505,0.000949439966057851
2021-02-18,-0.0045748162742684,-0.0045769581326762935
2021-02-19,-8.893630766165145e-05,-9.668224573600298e-05
2021-02-22,-8.128890557929993e-05,-0.0003021009773482239
2021-02-23,0.0019031359343676282,0.0018198730642494778
2021-02-24,0.004225928869215194,0.004146051809511403
2021-02-25,-0.013358340624855731,-0.013438217684559522
2021-02-26,-0.02145753605247353,-0.022236008191937915
2021-03-01,-0.0010228737336117494,-0.0016597824892294482
2021-03-02,-0.004265400838118585,-0.004822955875787314
2021-03-03,-0.0008249036228058309,-0.0009233611946564405
2021-03-04,0.013671684156353642,0.01305121527680931
2021-03-05,0.0085005966708458,0.00849600585793034
2021-03-08,0.0009736906345689884,0.000971509402290262
2021-03-09,-0.006201678516254514,-0.006202392598776338
2021-03-10,0.0038977642309639578,0.0034111489940185967
2021-03-11,0.004033545741407186,0.004033315129824359
2021-03-12,0.004131810295519813,0.0041275104951578505
2021-03-15,0.004030652005326858,0.004028391224057499
2021-03-16,-0.0012578745300329914,-0.0012828390089200592
2021-03-17,-0.0003081484292203076,-0.0003121491139605057
2021-03-18,-0.008915586140226422,-0.008922305071544151
2021-03-19,-0.001919101526999373,-0.00199664106544331
2021-03-22,0.0014972613762441718,0.001435912105743431
2021-03-23,-0.005096856668041178,-0.005099818677559214
2021-03-24,-0.0008426786775531848,-0.00110754729852203
2021-03-25,0.004829787202884783,0.004632043003105064
2021-03-26,0.0076722327004957475,0.00745741269681124
2021-03-29,-0.00041189258256244367,-0.0008539220019323282
2021-03-30,8.189427244906575e-06,-3.550612674822959e-05
2021-03-31,0.0004450289400368134,0.0004365997534312749
2021-04-01,0.0047626311401636765,0.004753020417614423
2021-04-05,0.002111676089929484,0.0019259892845096772
2021-04-06,0.0003177684575617304,0.0002644952434503208
2021-04-07,-0.0012935883400061045,-0.0016277707690545414
2021-04-08,0.0017291140526818724,0.0016373902839238558
2021-04-09,-0.0008373038256385889,-0.0009277000904485836
2021-04-12,-0.0007864948640531206,-0.0008222400999718228
2021-04-13,0.0036411398572846754,0.0034831375701563382
2021-04-14,-0.0016064386813500618,-0.0016151172836509507
2021-04-15,0.008440781094001188,0.00831756600478911
2021-04-16,-0.000732055753005966,-0.0007420225780078981
2021-04-19,-0.0017795515382607093,-0.0017815304637933478
2021-04-20,-0.0013894733300290245,-0.0013928183712285222
2021-04-21,0.005004676227222788,0.005000285772853754
2021-04-22,-0.0026612621485187908,-0.002686491003623444
2021-04-23,0.0029325971700367636,0.002907395699905535
2021-04-26,0.000414757442951853,0.0004122805399675255
2021-04-27,-0.001783187280802916,-0.0017841118516823365
2021-04-28,0.001389806231931861,0.0013890704331997582
2021-04-29,0.0006186680192577837,0.0006136028444697768
2021-04-30,-0.002586281973355111,-0.002588668088783098
2021-05-03,0.004277348419718291,0.004275495005086653
2021-05-04,-0.002395592879040359,-0.002400793409730928
2021-05-05,0.0008566561596742129,0.0008105570163770596
2021-05-06,0.004354824572163265,0.004350840834867677
2021-05-07,0.003252107923777831,0.003204433471823521
2021-05-10,-0.0039854804451486085,-0.004005356758607004
2021-05-11,-0.003176670164054382,-0.0032859778356051483
2021-05-12,-0.012016314288455853,-0.012459251343453137
2021-05-13,-0.0027683117072129933,-0.0035345709659699402
2021-05-14,0.011955770297603625,0.011951455424644281
2021-05-17,0.001298256476288973,0.0004371815286979525
2021-05-18,-0.002200265856721102,-0.0026332479855057872
2021-05-19,-0.008016464681434313,-0.008543066120066932
2021-05-20,0.005533800612738245,0.005521494653074423
2021-05-21,-0.0005883000081599941,-0.0010686285224409172
2021-05-24,0.003543756019461975,0.0029641096772273974
2021-05-25,0.002136786344555069,0.0020685939108203407
2021-05-26,5.524477373874056e-05,-5.982172517744264e-05
2021-05-27,-0.0007041818324088773,-0.0007061710436567978
2021-05-28,0.001029136368170957,0.00102678210542588
2021-06-01,0.0026737285555790647,0.0026573627501797884
2021-06-02,0.002862552779698996,0.0028599505259021673
2021-06-03,-0.0049286971114995744,-0.004932730027689518
2021-06-04,0.005950079832582306,0.005622821161515886
2021-06-07,0.00046299462200315443,0.00014305660848290335
2021-06-08,0.0016285376608230083,0.0016262167952097938
2021-06-09,0.0013756511143685028,0.0013677306333669936
2021-06-10,0.003748231716900786,0.0037460440384248527
2021-06-11,-0.0008552388464916056,-0.0008622103895525964
2021-06-14,-0.0014152523610277527,-0.0015283010152383173
2021-06-15,-0.0007378163795541991,-0.0007420541068384791
2021-06-16,-0.0025592337796196147,-0.0026128066087090277
2021-06-17,0.0028831239995598884,0.0028510946744015756
2021-06-18,-0.00012094988276167132,-0.00012742715972054316
2021-06-21,-0.0008208030058873089,-0.0009374703103667194
2021-06-22,0.0004707959507498753,0.0003590632561936111
2021-06-23,-0.0008779873495040608,-0.0009246816713255473
2021-06-24,0.0018773562628861128,0.0018215698351666313
2021-06-25,0.00011197130805427644,6.047533066421371e-05
2021-06-28,0.0011546656809236177,0.0011490150187900845
2021-06-29,0.001076113003535636,0.001025839117031959
2021-06-30,0.0004588741889420834,0.00045658615711164296
2021-07-01,0.0013227599716789896,0.0013202983706542995
2021-07-02,0.0020054868254146875,0.0020014516429889594
2021-07-06,0.001990802274637652,0.0019442272222467316
2021-07-07,0.0013845786532817646,0.001375814219324075
2021-07-08,-0.0005984977485708872,-0.0006006146700005658
2021-07-09,-8.191547226253832e-05,-9.02738653752622e-05
2021-07-12,0.00036710332204679106,0.00035850069006714106
2021-07-13,-0.0021673934844024406,-0.0022192768376000397
2021-07-14,0.0015241106369323074,0.0014722272837347085
2021-07-15,0.0009632474337994179,0.0008959532673435624
2021-07-16,-0.0018887098342346218,-0.0019179275750918778
2021-07-19,-0.0005552118617153529,-0.0006075667570797852
2021-07-20,-0.0013746926911049708,-0.0018145519021897979
2021-07-21,-0.002426410170850025,-0.0026069918871923156
2021-07-22,0.0017895540060503601,0.0015281364587939547
2021-07-23,0.001002245523716394,0.0009440992353373228
2021-07-26,-0.0012306390311520182,-0.0012887853195310893
2021-07-27,0.0007116589811612453,0.00065331887277957
2021-07-28,0.0004561084238710102,0.0003970115395113614
2021-07-29,0.0014635052271539937,0.0013177845962655578
2021-07-30,-0.0007606422316471937,-0.000762774141834724
2021-08-02,-0.00012094042009677725,-0.00012652824676909576
2021-08-03,0.0019396091061658022,0.0016481536914682445
2021-08-04,-0.0008417406447013198,-0.0008444805247289831
2021-08-05,-0.00036697601919424155,-0.00036927017426614795
2021-08-06,-0.007196143481874375,-0.007199184566761188
2021-08-09,-0.0010998154507294747,-0.0014120292237010052
2021-08-10,-0.0005261977548630389,-0.0009692236594949622
2021-08-11,0.0017825357108985826,0.001780424083071683
2021-08-12,0.0013950759733034777,0.0013911180373751626
2021-08-13,0.00031118434678243734,0.0002987189381011824
2021-08-16,0.00016113791930099053,-0.0005580062737976035
2021-08-17,-0.001229166323395382,-0.0015185599574024616
2021-08-18,-0.0035999398973134244,-0.004196416325926095
2021-08-19,0.0017800076327648046,0.0013862950437231831
2021-08-20,0.001237939138700729,0.0009550523766912529
2021-08-23,-0.0003665932658340371,-0.00036971060693268167
2021-08-24,-0.0008757880083071614,-0.0012064614130517695
2021-08-25,-0.0008570722983348131,-0.0012648190148322038
2021-08-26,-0.0009460634842532755,-0.0011220496127839427
2021-08-27,0.0035235217873374413,0.003425659354361292
2021-08-30,0.0017399551361752807,0.0011927261659089336
2021-08-31,-0.00031492288376852215,-0.00035988457155969653
2021-09-01,0.0027669850428733034,0.0027095054105085044
2021-09-02,0.001990742411355721,0.001932104135038603
2021-09-03,-0.000388830303791862,-0.00038963525305480226
2021-09-07,-0.005399809635789771,-0.0056925774733402705
2021-09-08,-0.00173467440766741,-0.0020165317448955535
2021-09-09,-0.003921307213126731,-0.003982235889924248
2021-09-10,-0.003231141564611654,-0.003728849498009091
2021-09-13,0.002966787712302785,0.0027081381531085962
2021-09-14,0.0008468235207152048,0.0006338154657834823
2021-09-15,0.00024667830574604416,0.00016102528334606333
2021-09-16,-0.003018228258011764,-0.0031538483975281657
2021-09-17,-0.00268814945810965,-0.002842624960023185
2021-09-20,0.0006424809903357954,0.00044961822443533733
2021-09-21,0.0003322667700613069,0.00032479582147284283
2021-09-22,0.0024785664601996563,0.0024773540786283948
2021-09-23,-0.0042826946889276555,-0.004286330850955678
2021-09-24,-0.000901902520693707,-0.0012504415289108827
2021-09-27,0.0011467529929868273,0.0008182258132248347
2021-09-28,-0.0014970420962079516,-0.001497994053978408
2021-09-29,0.006012080532607992,0.005475018649483245
2021-09-30,-0.0007234691426839528,-0.0007307883018460155
2021-10-01,0.00021067311569451496,0.0002063383926760397
2021-10-04,0.0006190427219848289,0.0006178183517536551
2021-10-05,0.004713168436486417,0.004713035941379057
2021-10-06,-0.001356132063967529,-0.0013587063325021958
2021-10-07,0.002736660745633324,0.0027340745086195297
2021-10-08,-0.00041259299850701203,-0.00041532960483382087
2021-10-11,0.004123451848580084,0.004122250870948265
2021-10-12,0.000857011385012798,0.0008565791000144194
2021-10-13,-0.004635347614280126,-0.004638598170941249
2021-10-14,0.004086422101993662,0.003780679831683642
2021-10-15,-0.00033485607298033794,-0.0007160943338409399
2021-10-18,-0.00046406203852374496,-0.0006074247544759693
2021-10-19,0.00422150146993433,0.00421318359784605
2021-10-20,0.005638037945623496,0.005526261876532249
2021-10-21,-0.002923712075074979,-0.0032454385945277476
2021-10-22,0.0021441279258958943,0.0018226000114264689
2021-10-25,0.0034714020518300677,0.0031498741373606424
2021-10-26,-0.0003815544895949855,-0.0007069266369804206
2021-10-27,-0.004238725117142227,-0.0042405557172432206
2021-10-28,0.0012145220368912364,0.0009574685965138602
2021-10-29,-0.004385909863982004,-0.004633854884622559
2021-11-01,0.0008981819521149564,0.0006509744157923878
2021-11-02,-7.99943362778135e-05,-0.00032720187260038214
2021-11-03,-0.002801057018134371,-0.003249158338987951
2021-11-04,0.003602149984383532,0.003348558582042551
2021-11-05,0.0048895269479828475,0.004741327570775786
2021-11-08,-0.0003946621855390992,-0.00042525353331149116
2021-11-09,0.0015651930846031588,0.001520486137615357
2021-11-10,-0.006688006012689837,-0.006829550350559847
2021-11-11,0.0005366443399868515,0.00039123255457560054
2021-11-12,0.0009832944129679279,0.0005668823006879049
2021-11-15,-0.0013378682650654697,-0.0015878957432393977
2021-11-16,-0.0009597456820857689,-0.0014032144732534714
2021-11-17,0.0005384298364079945,0.0005328318434112109
2021-11-18,-0.001997849996170727,-0.0020934249460001267
2021-11-19,-0.001111261001689093,-0.0012116237546884396
2021-11-22,-0.005887286863317057,-0.006319915044952519
2021-11-23,-0.0005753865492282689,-0.0011364575494924789
2021-11-24,0.005521666546475185,0.005362882700034965
2021-11-26,-0.009589709050414624,-0.009744561833299406
2021-11-29,-5.426452297023248e-05,-0.0005532427550978165
2021-11-30,-0.0019096134330523534,-0.0020535653051963476
2021-12-01,0.0014986688594914852,0.0012732961305767514
2021-12-02,0.0006926985227938157,0.0006921007134066674
2021-12-03,0.0045174955877828596,0.004516837324421462
2021-12-06,-0.0034311929391467886,-0.003436028463294272
2021-12-07,0.001474693427136184,0.0011584351300243222
2021-12-08,-0.0029559301689151616,-0.0030301768447526505
2021-12-09,-0.002413984417776341,-0.002801531695570063
2021-12-10,0.001622429814101709,0.0016131788838241311
2021-12-13,0.0023244426120329676,0.002319684298290937
2021-12-14,-0.0026619465262151757,-0.003051912460866526
2021-12-15,0.0008533033987916239,0.0006302097840354873
2021-12-16,-0.0021856276444751762,-0.0024988256990768993
2021-12-17,0.0015315758762885782,0.0012854401706456284
2021-12-20,-0.0027862190221602644,-0.0028637784071304778
2021-12-21,0.00162365953947371,0.0014641973017570835
2021-12-22,0.0020252662765738176,0.0018033208814339293
2021-12-23,0.0007612338555000399,0.000581363058488914
2021-12-27,0.0046305045228448635,0.004535563777888439
2021-12-28,-0.0005457849788631622,-0.0005509393777561205
2021-12-29,-0.0013549573020496767,-0.0013587165580548368
2021-12-30,0.0007980274883497169,0.0003748144417933803
2021-12-31,1.3943965506974486e-05,-0.0003170732375041863
2022-01-03,-0.0018085099910721927,-0.001989585117570535
2022-01-04,0.0013733490016242043,0.0013669380237571963
2022-01-05,-0.00956227787815974,-0.009764846985523403
2022-01-06,-0.005668245237548759,-0.00621450141512142
2022-01-07,-0.0036092358125602584,-0.004035948295633492
2022-01-10,-0.0028801588943616866,-0.00330687137743492
2022-01-11,0.01690569208711439,0.016578074872937745
2022-01-12,0.009613377531191248,0.009289938137940629
2022-01-13,-0.006850105095181047,-0.007202530241603754
2022-01-14,3.63289440899858e-05,-0.0004295508872405702
2022-01-18,-0.0021001824048296376,-0.0021042585523112912
2022-01-19,0.01487223669062004,0.014630702128010067
2022-01-20,0.0023718169441979678,0.0023571394049393944
2022-01-21,-0.007158571655875297,-0.007188119085169438
2022-01-24,-0.0048931568605760116,-0.004900826015780215
2022-01-25,0.0026897364700287003,0.0024404896630586003
2022-01-26,-0.010357636725502571,-0.010400354412053165
2022-01-27,-0.0029267025704271706,-0.0034483044040137345
2022-01-28,-1.7783702233818467e-05,-0.00040448747324336163
2022-01-31,-0.00430333423225071,-0.0043062256253231885
2022-02-01,-0.0003602467620854091,-0.0005682671806178494
2022-02-02,-0.002861919551596501,-0.002866326999816635
2022-02-03,0.0008094793939533711,0.00016593880026330682
2022-02-04,0.02204385730713354,0.021475444838397
2022-02-07,-0.0035434192567740386,-0.0035434192567740386
2022-02-08,-0.003511262320196657,-0.00417348688368088
2022-02-09,0.0073910195210325925,0.0069538696494157995
2022-02-10,-0.008313353684248508,-0.008670270225910229
2022-02-11,0.012234230957835903,0.011877314416174184
2022-02-14,0.005119700251282189,0.0046147110669419455
2022-02-15,-0.010547201807350078,-0.010550305889632253
2022-02-16,0.0027139454158943256,0.002575904851131746
2022-02-17,0.005644378795376666,0.005209141760853638
2022-02-18,-0.00037367866758932996,-0.0003814751178695744
2022-02-22,0.0033142785035607143,0.0028063728501816375
2022-02-23,0.005523181891850349,0.0055182267276085994
2022-02-24,0.0002815427335468057,0.00027982285045120435
2022-02-25,-0.0037793303053893198,-0.003788337375178881
2022-02-28,0.007919588870488057,0.007912355257946336
2022-03-01,0.020309473775921138,0.020149839477120002
2022-03-02,-0.006624018127107537,-0.006945966195901907
2022-03-03,0.0016513158173983096,0.0012184244864547513
2022-03-04,0.015482688730241348,0.015348639299507234
2022-03-07,0.0052183511952634725,0.005085416164262734
2022-03-08,0.010409083267121812,0.01028836505325364
2022-03-09,-0.02810403822705023,-0.02825690612230481
2022-03-10,0.002977773268157028,0.0028226527257132613
2022-03-11,0.0013828190050245376,0.001379685685629235
2022-03-14,-0.012123306931336375,-0.012279320728747876
2022-03-15,-0.010708020493042694,-0.01071587104163849
2022-03-16,-0.002059426706262653,-0.0021436162033665043
2022-03-17,0.003772501995732378,0.0036028060560509226
2022-03-18,-0.000393123354707015,-0.000573060385893491
2022-03-21,0.0015914861753718792,0.0012829323881348369
2022-03-22,-0.0009535276420583942,-0.00118106309717019
2022-03-23,0.0019015378696575385,0.0018958877821691946
2022-03-24,0.005183465705591013,0.005181171069833116
2022-03-25,0.0017508986101336897,0.0017473300150108416
2022-03-28,-0.005705735798222605,-0.005713305573816187
2022-03-29,0.007859913657908318,0.007616579918012331
2022-03-30,-0.0035757799470117215,-0.0038919179178444796
2022-03-31,-0.007046149802280718,-0.007047892385347492
2022-04-01,0.0041390411783984215,0.004061918870411008
2022-04-04,0.005653729017253864,0.0055739723618903145
2022-04-05,-0.008732839257362344,-0.008941987788175093
2022-04-06,-0.0022168577011545685,-0.00262088428140958
2022-04-07,-0.00044778168052781326,-0.00044904084338233066
2022-04-08,-8.488213317372265e-05,-0.00019055142690000473
2022-04-11,-0.005520625783698133,-0.005623855455864796
2022-04-12,0.0019738864607355,0.0017325901776394188
2022-04-13,0.003147095666558513,0.0029624548444056927
2022-04-14,-0.0018982436322602927,-0.0021609702814952025
2022-04-18,0.0036976871402570216,0.0034349604910221118
2022-04-19,-0.0038812093097961692,-0.003884131882898758
2022-04-20,-0.0006354302183002741,-0.0008275288268053862
2022-04-21,-0.004463703203841343,-0.004653799288385233
2022-04-22,-0.003143115732583652,-0.0033968129442273165
2022-04-25,0.0012638060328766464,0.0010202887713410833
2022-04-26,0.0010538486601024397,0.0009783530815179985
2022-04-27,0.005433011114323852,0.005203859983718413
2022-04-28,0.0076139752285927734,0.007611262600056421
2022-04-29,-0.013514380745064895,-0.013725217283474587
2022-05-02,0.00636348261706022,0.0061526460786505265
2022-05-03,-0.004187787122388244,-0.004188655022238639
2022-05-04,-0.008315296248126325,-0.008435935407912867
2022-05-05,0.007669043638377298,0.00752985438117069
2022-05-06,0.004412041774318546,0.0044119112907257015
2022-05-09,-0.009716494609651502,-0.009725244493182652
2022-05-10,0.0021646341512082667,0.002016564526877665
2022-05-11,0.0010797802116060407,0.0010797802116060407
2022-05-12,0.00923235059990848,0.009106868608056465
2022-05-13,0.00010257295492979856,7.99458998212783e-05
2022-05-16,-0.0012030046058358708,-0.0012033596281465465
2022-05-17,-0.0099141331736336,-0.009915834468960223
2022-05-18,0.0021082517844206307,0.0021055970003914935
2022-05-19,-0.0075401163519756495,-0.0075412199427778775
2022-05-20,0.003520159889709293,0.0035083546099580567
2022-05-23,-0.005571116470332603,-0.006032221204136765
2022-05-24,0.00036597265890114805,-0.0005693524823568865
2022-05-25,0.006016470084102892,0.0050842366212908545
2022-05-26,0.004548721260989446,0.004235769814135238
2022-05-27,0.005528294015203259,0.005521544302874079
2022-05-31,-0.006234096797156795,-0.006395178378901086
2022-06-01,-0.005421157069679691,-0.005520648012126055
2022-06-02,0.006549182384444784,0.006466086211454466
2022-06-03,-0.006992709466284926,-0.007255500244393217
2022-06-06,-0.003989339886341265,-0.00418742005616192
2022-06-07,0.005334469684316591,0.004845881499303275
2022-06-08,-0.006886380964952404,-0.00729707908456274
2022-06-09,-0.0202023867325294,-0.020725109842942156
2022-06-10,0.0013657977904494975,0.0007170320885264453
2022-06-13,-0.0032489571762856313,-0.0035857073309727965
2022-06-14,-0.0024830908882182514,-0.0028198410429054166
2022-06-15,-0.010015534339870463,-0.010052157868387115
2022-06-16,-0.0051843812102810105,-0.005197320259548064
2022-06-17,-0.008017789518910658,-0.008427835309742261
2022-06-21,-0.00357782446994781,-0.004155267379378092
2022-06-22,-0.0014363002811351722,-0.0014363002811351722
2022-06-23,0.0010787746551919053,0.0010787746551919053
2022-06-24,-0.0021550653691770894,-0.0021550653691770894
2022-06-27,-0.0017998991578622725,-0.0017998991578622725
2022-06-28,0.005769903266077403,0.005769903266077403
2022-06-29,0.005736723143315192,0.005736723143315192
2022-06-30,-0.0032085547156422978,-0.0032085547156422978
2022-07-01,0.005285670916531619,0.004992418146370791
2022-07-05,0.006334913293334714,0.005804615446286968
2022-07-06,-0.0041711240138018095,-0.004189712456397984
2022-07-07,-0.002343326656463508,-0.002573057273241719
2022-07-08,-0.0022178505858617245,-0.0023962658400795067
2022-07-11,0.011550623390761627,0.01105114967874271
2022-07-12,0.0014459118740432814,0.0007697482986151965
2022-07-13,0.0037317491695116308,0.00373121536462899
2022-07-14,-0.0014726181202489401,-0.0014788161426795591
2022-07-15,0.002258252860460106,0.0022312526487718483
2022-07-18,-0.0063582432968809005,-0.006508593392548015
2022-07-19,-4.8253880224494123e-05,-5.2204550764304095e-05
2022-07-20,0.0007158930445042374,0.0004909453504559223
2022-07-21,0.008440376283338939,0.008438812947873452
2022-07-22,0.0034340703970568917,0.0034232317743848094
2022-07-25,-0.0024366120016042513,-0.0024395926636884583
2022-07-26,-0.0011280465765900038,-0.001131280911126267
2022-07-27,0.0050775163806529725,0.005074441689465533
2022-07-28,0.008047879016352845,0.007970916556668315
2022-07-29,0.002449922310105866,0.0023928768035308087
2022-08-01,0.0023684263900053707,0.002196463600243342
2022-08-02,-0.011372398369375532,-0.011503865665056383
2022-08-03,0.007521191834672447,0.007510892753856266
2022-08-04,0.0026114518700467142,0.002383849327574019
2022-08-05,-0.009313064597124143,-0.009472081127458577
2022-08-08,0.005739987825557218,0.005583798844678094
2022-08-09,-0.0024799457713268846,-0.002488004301015986
2022-08-10,0.008239435847760684,0.008082147426825646
2022-08-11,-0.005743988383917694,-0.0057600880945282715
2022-08-12,0.009908787240293569,0.009834075423989595
2022-08-15,-0.0034101728952098224,-0.0034449714253848174
2022-08-16,-0.0021361883512738223,-0.00215708164906624
2022-08-17,-0.007789200378407537,-0.007791574962053678
2022-08-18,-0.00020847291004487138,-0.00040979823039654777
2022-08-19,-0.008669940216332004,-0.008841513241520497
2022-08-22,-0.00911327240195506,-0.009551427148160634
2022-08-23,-0.002787286132055109,-0.003257954433706305
2022-08-24,0.003248895543177235,0.0030089906643634107
2022-08-25,0.0014948509376599955,0.001204599443246891
2022-08-26,-0.012882210987856555,-0.013195944944512225
2022-08-29,0.0025977780024574,0.002106111336108577
2022-08-30,-0.007175639560994292,-0.007492578990378238
2022-08-31,-0.005925456869131639,-0.005928369505630288
2022-09-01,0.008931701116724922,0.008760405478913841
2022-09-02,0.00034034098279445146,0.00034034098279445146
2022-09-06,0.00578623797389044,0.00578623797389044
2022-09-07,-0.007106545700830691,-0.007106545700830691
2022-09-08,0.002044963559924229,0.002044963559924229
2022-09-09,-0.007142803390606023,-0.007142803390606023
2022-09-12,-0.005138718024842892,-0.005138718024842892
2022-09-13,0.006693122313856594,0.006475155102176062
2022-09-14,-0.002038092489719312,-0.0022560597013998444
2022-09-15,-0.0042327502479235024,-0.004464122445681247
2022-09-16,0.0,-0.00023137219775774443
2022-09-19,-0.0005264390234219805,-0.0007525922940013254
2022-09-20,0.00041884931298547646,0.000418836024240583
2022-09-21,0.011752864294918166,0.011746192420343964
2022-09-22,0.0014132162246891984,0.001409248600179547
2022-09-23,0.0031820700336823173,0.003181584727211246
2022-09-26,0.011213698464205724,0.010989750848474965
2022-09-27,0.0003262378818971179,0.0003262378818971179
2022-09-28,-0.013042085389028069,-0.013042085389028069
2022-09-29,-0.004109833693635313,-0.0043444276976336346
2022-09-30,0.0,-0.0002345940039983222
2022-10-03,0.017986065508211316,0.017750518438020044
2022-10-04,-0.00023937054254835824,-0.0005873694389825526
2022-10-05,0.0001782487756213277,0.00016912196682302406
2022-10-06,0.0061430402329809225,0.006029917294365073
2022-10-07,-0.0018894463555503822,-0.0018922012985401223
2022-10-10,-0.007668121383316263,-0.007671637211550148
2022-10-11,-0.008240496903300282,-0.008555709380715454
2022-10-12,-0.0028029527154966876,-0.002805391162115009
2022-10-13,-0.00013513325220861563,-0.00031663403960863787
2022-10-14,-0.0018687254371278917,-0.001870704990813091
2022-10-17,-0.008016805173629595,-0.008017753949941421
2022-10-18,-0.005253373507498474,-0.005261169121777178
2022-10-19,-9.895458228329069e-05,-0.0005367640451288138
2022-10-20,0.0009552344123028158,0.0005174249494572927
2022-10-21,-0.00530967563237719,-0.005318874966797208
2022-10-24,0.003159842882574869,0.002909262402295688
2022-10-25,0.004859639408042122,0.004444860723028859
2022-10-26,0.006814778112963691,0.006479101298537524
2022-10-27,0.0009718285687323901,0.0008298190532611198
2022-10-28,0.008404918500480831,0.008403513063530689
2022-10-31,-0.01077240596852777,-0.010880813827618288
2022-11-01,0.005839552135160996,0.005829197705343208
2022-11-02,-0.011260859306876717,-0.011586660741145652
2022-11-03,-0.002700364757157066,-0.0030291344802078264
2022-11-04,0.014546097459502243,0.014468436942871008
2022-11-07,0.00010827109273728247,-0.00018789096832166012
2022-11-08,0.006823236146123412,0.006802005251179297
2022-11-09,-0.01510300472283679,-0.015134218652161233
2022-11-10,0.04632486083919273,0.04600405587662087
2022-11-11,0.006400000070711874,0.005834792594285984
2022-11-14,-0.006076459144946008,-0.006078618102456311
2022-11-15,0.008960699235000213,0.008917240689503576
2022-11-16,3.6162942982109577e-05,-7.1883201428595824e-06
2022-11-17,-0.005532176071639557,-0.005575527334764526
2022-11-18,-0.0006733594496196355,-0.0006740273085450929
2022-11-21,-0.002269744284176793,-0.002271352103209289
2022-11-22,0.007617897052100861,0.007616343760570679
2022-11-23,0.008386749608099148,0.00838556134231497
2022-11-25,-9.427217759922773e-05,-9.855904369856719e-05
2022-11-28,-0.008710215045649066,-0.008710763687453976
2022-11-29,0.0024260571933696112,0.002422832519129739
2022-11-30,0.016749145281016065,0.0167466917001313
2022-12-01,0.010261416536915006,0.010258862690035042
2022-12-02,0.002902562288322197,0.0028978840543329456
2022-12-05,-0.013422186855260537,-0.013424604026479811
2022-12-06,-0.00020974091275228896,-0.000211540898861706
2022-12-07,0.0076365237996166655,0.007635798704230218
2022-12-08,0.002045740802161954,0.002043418327658478
2022-12-09,-0.004248043174022468,-0.0042509546289775406
2022-12-12,0.0010180836818030363,0.0010164877735595484
2022-12-13,0.010789517692695295,0.010782655202296241
2022-12-14,-0.0006568154915209726,-0.0006614575391315622
2022-12-15,-0.009641526400027032,-0.009642398998529053
2022-12-16,-0.0038582023195877523,-0.003931462407081645
2022-12-19,-0.006585089309632493,-0.006654861945607049
2022-12-20,-0.00039341853400696563,-0.0004794288524091332
2022-12-21,0.0028011832858581766,0.002633975522789617
2022-12-22,-0.0050704633375803655,-0.005308886018960127
2022-12-23,-0.0028824038438796744,-0.0032099611169757614
2022-12-27,0.0008082198027565718,7.732170436356887e-05
2022-12-28,-0.011755585155630573,-0.012177057251439184
2022-12-29,0.006756422002781048,0.006334949906972438
2022-12-30,-0.00014230653740319644,-0.0005676760932266841
2023-01-03,-0.004014607347593231,-0.004439976903416719
2023-01-04,0.004025210592337018,0.003603684861689965
2023-01-05,-0.010828476822279814,-0.011213924015517398
2023-01-06,0.011189440283598742,0.010931649455928323
2023-01-09,0.00291082236859984,0.002394122797744523
2023-01-10,-0.0015307490486332201,-0.0015321864448564427
2023-01-11,0.007547572950775518,0.007458840586295712
2023-01-12,0.009848305056677683,0.009722870707402
2023-01-13,0.0021954174650274856,0.002186899446648684
2023-01-17,-0.002674479959001684,-0.0026764005430239793
2023-01-18,0.00021885959263617406,0.00021414073506270282
2023-01-19,-4.720259745316035e-05,-9.603006054480719e-05
2023-01-20,0.0022176379477926735,0.0021639646295803483
2023-01-23,9.180131587503447e-06,7.600342810368706e-06
2023-01-24,0.0021858450368483088,0.0021325987053302346
2023-01-25,0.0018854253895036407,0.0018793297186192107
2023-01-26,0.001419557924106957,0.001366972061105822
2023-01-27,-0.0025241093394106984,-0.0025303661812393
2023-01-30,-0.007342008907889474,-0.007389023328722655
2023-01-31,0.007012346279750721,0.006966628395725905
2023-02-01,0.008258647330008684,0.008168744641454711
2023-02-02,-3.0161662959389947e-06,-4.616059745028128e-05
2023-02-03,-0.01335868579262847,-0.01340866287285437
2023-02-06,-0.0056325519706616105,-0.005791479969222832
2023-02-07,0.0007150254191194988,0.0006332769271472083
2023-02-08,-0.002309113128736984,-0.002505891168466758
2023-02-09,-0.005456248996229768,-0.005690592838204276
2023-02-10,0.0012281838708613935,0.000645574587316517
2023-02-13,0.003999607501064778,0.0039023787323390286
2023-02-14,-0.0010443226026005882,-0.0010839499629558026
2023-02-15,0.0018587711435555045,0.0018505852875777943
2023-02-16,-0.005149277280792119,-0.005156673966900721
2023-02-17,-0.0006604090821303507,-0.0007494635867344861
2023-02-21,-0.008423607829154755,-0.008444889520391588
2023-02-22,0.003193827456425158,0.002582085838582052
2023-02-23,0.00035367959437082597,0.00035367959437082597
2023-02-24,0.0074257312487548965,0.0074257312487548965
2023-02-27,-0.005264997294178619,-0.005264997294178619
2023-02-28,0.002822835116387701,0.002822835116387701
2023-03-01,-0.005277888215015958,-0.005277888215015958
2023-03-02,0.005305892120508915,0.005305892120508915
2023-03-03,0.0016135338138823063,0.0014082211318679077
2023-03-06,-0.00035046502182721554,-0.0006783496822693185
2023-03-07,0.0019956882257307464,0.0016678035652886434
2023-03-08,-0.000349431017489521,-0.0005578260137052364
2023-03-09,-0.0027961953284673102,-0.0027961953284673102
2023-03-10,-0.006309138565130268,-0.006309138565130268
2023-03-13,0.004256975614055047,0.0035916211793219103
2023-03-14,-0.007716778681104826,-0.008051424246371688
2023-03-15,0.010558461567185267,0.010554637720459272
2023-03-16,-0.0023567818746080913,-0.002802848070060162
2023-03-17,0.00904996486032024,0.009038912135277523
2023-03-20,-0.0037057804757325286,-0.0037130816249051394
2023-03-21,-0.004644442495000393,-0.004889205780032012
2023-03-22,0.007932043961051837,0.007794661736000896
2023-03-23,0.0025582135427388284,0.0023457227703998
2023-03-24,6.0781292787023684e-05,-0.00015170947955200475
2023-03-27,-0.011763672681743689,-0.011764694883051376
2023-03-28,0.0015542730491142904,0.0015461589657528416
2023-03-29,0.0024079889338270597,0.0021510375706354705
2023-03-30,0.006361432335888793,0.006114566152927671
2023-03-31,0.007326157021437473,0.007281847083107398
2023-04-03,0.0053460440538206505,0.0052851778515660445
2023-04-04,0.0039166695916694975,0.003908021339753924
2023-04-05,-0.000940508912117809,-0.0009473509984830735
2023-04-06,0.0009731021252540224,0.0009132463820762248
2023-04-10,-0.0035912858522569387,-0.0036507486260154627
2023-04-11,0.003177964005739163,0.0031731818505004094
2023-04-12,0.0010315187523078212,0.00102784966093952
2023-04-13,0.005169076643475647,0.005167401280163243
2023-04-14,-0.006229866515246922,-0.006235051079747465
2023-04-17,-0.003447169641097988,-0.003582230125580535
2023-04-18,0.001694065950183006,0.0015231310876598985
2023-04-19,-0.0035697874916369434,-0.0037375142216390625
2023-04-20,-0.0019039471839739116,-0.0020703931557617163
2023-04-21,-0.0008976992248595052,-0.0010738908851050915
2023-04-24,0.0024866608277633448,0.0023158486593843107
2023-04-25,-0.0032901904605685214,-0.0034750576358576215
2023-04-26,-0.00563606825208612,-0.005720352164140201
2023-04-27,0.0002837690345824587,0.00014247358805029932
2023-04-28,0.00562790252707309,0.005420763249948752
2023-05-01,-0.008723510625097021,-0.008918816125216533
2023-05-02,-0.003976410269534994,-0.004491902003832471
2023-05-03,0.0006884621248231385,0.000272861220237565
2023-05-04,-0.0007022704377924176,-0.0008864242110221043
2023-05-05,-0.000725641057227094,-0.0010926543372680813
2023-05-08,-0.0021255760359700985,-0.0025617995792390886
2023-05-09,-0.0023847422951094456,-0.002573664381159947
2023-05-10,-2.861156508598616e-05,-0.0004614631427784883
2023-05-11,-0.006689854683433644,-0.007145568198804982
2023-05-12,-0.0016616906162549724,-0.0019890241763550628
2023-05-15,0.0017601595266993455,0.0012529657508949525
2023-05-16,-0.005097330842376129,-0.005241473263156899
2023-05-17,0.0017799641680518175,0.0011199171366788319
2023-05-18,0.005510191612693926,0.005023634235948414
2023-05-19,-3.655550170416922e-05,-5.363806962517336e-05
2023-05-22,0.0005188939274727228,0.000514672865448779
2023-05-23,-0.006827412103056683,-0.00699719929360924
2023-05-24,0.0004735270106751349,7.243770770134681e-05
2023-05-25,0.004566228688435592,0.004282900363114398
2023-05-26,0.003424178619643147,0.0031404341144709797
2023-05-30,-0.0029156504823731728,-0.0031232974763907187
2023-05-31,-0.00021836023804392606,-0.0004260072320614719
2023-06-01,-0.005938304115325131,-0.00594645201662995
2023-06-02,0.009122049496109593,0.00871647587681114
2023-06-05,-0.00187246193893694,-0.0021140924479709777
2023-06-06,0.0039729666216086045,0.0039675070486535876
2023-06-07,-0.0007022532537910009,-0.0007077678162587897
2023-06-08,-0.00027135126344950947,-0.00032814230715160994
2023-06-09,0.0006988861411931249,0.0005124263887548379
2023-06-12,0.0012961263730291,0.0012905526672234112
2023-06-13,0.003643927358988747,0.003577410861217817
2023-06-14,0.0008374552487024185,0.0008319155944234828
2023-06-15,0.00498574184745259,0.004979846608164713
2023-06-16,-0.0020674730937318025,-0.002554725729508869
2023-06-20,-0.006547489874899561,-0.006746558681467366
2023-06-21,-0.0005937556716713028,-0.00079939492519502
2023-06-22,-0.0063132347684800505,-0.006322710200361507
2023-06-23,-0.002842160276617443,-0.00314575385013749
2023-06-26,-6.733668292281312e-05,-0.0005555723724714216
2023-06-27,0.0027381954377184215,0.00237591099344723
2023-06-28,0.0027046374416237412,0.0026255797472932154
2023-06-29,-0.0034140407271063965,-0.003550613299816426
2023-06-30,0.005403971399555078,0.005073956716003556
2023-07-03,0.0002842208342634687,4.7267086113011666e-05
2023-07-05,-0.002631418019750683,-0.0027903190224682155
2023-07-06,-0.008677774161290732,-0.008925587983330758
2023-07-07,-0.002497992838729736,-0.0029938069347274837
2023-07-10,0.0018751922264803485,0.001465592073229472
2023-07-11,0.008686928236974093,0.008214157560267065
2023-07-12,0.011346327501023346,0.0110743025009457
2023-07-13,0.008443081386136808,0.007993938971229455
2023-07-14,-0.005260480783987406,-0.005333199422286887
2023-07-17,9.856875295739315e-05,2.5850114657911805e-05
2023-07-18,0.00392872602634984,0.003916857039295647
2023-07-19,0.0030961889543926705,0.003020291634855339
2023-07-20,-0.005997994678410321,-0.006005621862353746
2023-07-21,0.0011774853184884602,0.0011040946006090344
2023-07-24,0.001213483097150656,0.0012117787338742944
2023-07-25,0.0013850154572222894,0.0013732159414051063
2023-07-26,0.0035963038785549882,0.0034239880058030726
2023-07-27,-0.010687803719776017,-0.010855506873321631
2023-07-28,0.0068995129706189776,0.006607435630735857
2023-07-31,0.0036551417060119652,0.003531105214999076
2023-08-01,-0.005850523598656031,-0.005864399876180788
2023-08-02,-0.00940236364419839,-0.009521010178917492
2023-08-03,-0.0007377436674818372,-0.0010085700960800565
2023-08-04,-0.0023287870029385185,-0.002718266356629676
2023-08-07,0.0007795991518488364,0.00041341942765559653
2023-08-08,-0.00011618140357856769,-0.000341537220674369
2023-08-09,0.00012702207344510402,1.5340816541965118e-05
2023-08-10,-0.0011406660862792988,-0.001392909349297208
2023-08-11,0.0003001256490893451,0.0002826576016478213
2023-08-14,0.0006182441553284511,0.0006008788108723453
2023-08-15,-0.003469568471515348,-0.003474740870688102
2023-08-16,-0.002027211943415973,-0.002464800967789008
2023-08-17,0.0013972883342626505,0.0013526716862635282
2023-08-18,0.002585346269433844,0.002568148825344474
2023-08-21,-0.001392609173777175,-0.0014035295044588934
2023-08-22,0.001997830756683899,0.001993114027532843
2023-08-23,-0.005331841348684016,-0.005338539176299267
2023-08-24,0.005376704256517544,0.005175381535005442
2023-08-25,0.0020021788375767235,0.001992619500201787
2023-08-28,-0.0012679980888933658,-0.0014495080205263848
2023-08-29,0.0034422164031490702,0.0030865111305204847
2023-08-30,6.57578433462414e-05,-0.0004344355519063553
2023-08-31,0.0018432982573167518,0.0018414141107860945
2023-09-01,0.00025861093037630236,0.0001970768397841929
2023-09-05,-0.003306109091639012,-0.0036214339890724783
2023-09-06,-0.0008343359032071249,-0.0011017106773013989
2023-09-07,0.0016002017191299402,0.0014266852928807854
2023-09-08,0.0008841082029847331,0.0008782478872444717
2023-09-11,-0.0013143929471774063,-0.0013204245306790662
2023-09-12,-0.0003389200180242659,-0.0006905807524489765
2023-09-13,0.0013699359305369828,0.0011498580852661888
2023-09-14,0.003328469027770766,0.0029644241489109628
2023-09-15,-0.003333484923896405,-0.0036975298027562085
2023-09-18,0.0007420736964120156,0.0004978125018705182
2023-09-19,-0.0008615533394040992,-0.0009772257060363364
2023-09-20,-0.001595676894674951,-0.0019566862603598205
2023-09-21,-0.0046278343650860265,-0.004635940650735621
2023-09-22,0.0031260589238415754,0.0029387540023903605
2023-09-25,-0.0023395964105577555,-0.0023406197777185605
2023-09-26,0.0038177590177417287,0.0033910028063802574
2023-09-27,0.00990783180441955,0.00990672483508476
2023-09-28,-0.007993038292065244,-0.008002863694441522
2023-09-29,-0.0016625976632691493,-0.00166499132420688
2023-10-02,0.001810822988161755,0.0017903715936797013
2023-10-03,0.0023404401740885986,0.0023382302128742536
2023-10-04,-0.01471541414049269,-0.014717897856301246
2023-10-05,-0.003344427881391221,-0.0035727933119669496
2023-10-06,-0.002013346210545608,-0.002013346210545608
2023-10-09,-0.0003362715304116026,-0.0003362715304116026
2023-10-10,-0.0023545449918154215,-0.0023545449918154215
2023-10-11,0.0,0.0
2023-10-12,0.008428798242412494,0.008428798242412494
2023-10-13,0.0006687939118270592,0.0006687939118270592
2023-10-16,-0.004832902557751939,-0.005264363909389951
2023-10-17,0.0017046975273770104,0.0014862058495087732
2023-10-18,0.0016923581461771751,0.0016905654800845452
2023-10-19,0.004046252724902748,0.003826647644474597
2023-10-20,0.001217323224883975,0.0012074108680723507
2023-10-23,-0.007773225092736852,-0.0077745846178745755
2023-10-24,0.0034201513323878384,0.0033227627003522392
2023-10-25,0.0021244309521641306,0.002114632683936125
2023-10-26,0.0012241088769386237,0.001223368844413761
2023-10-27,0.004159492817592463,0.004156277488251089
2023-10-30,-0.0027693393656915677,-0.0027734414155836593
2023-10-31,4.7193023182019144e-05,4.271717582558524e-05
2023-11-01,-0.0006274929845308333,-0.0006358693520282518
2023-11-02,0.004026485495483903,0.00347450113268072
2023-11-03,0.006396134494072376,0.006072254804570349
2023-11-06,-0.004193288646969358,-0.004384962559381991
2023-11-07,0.00013713387461896626,0.0001242789131014341
2023-11-08,0.0005223648561244666,0.0005098603376257846
2023-11-09,-0.006889861707049841,-0.006896253885186269
2023-11-10,0.0024057105906437073,0.002225040383414808
2023-11-13,-0.0003585946582652866,-0.0004116538464539519
2023-11-14,0.018597206043119215,0.018405386827564364
2023-11-15,-0.0015107178480779967,-0.0015742367683000008
2023-11-16,0.003984967042800154,0.003981362316755956
2023-11-17,0.002789513634123165,0.0027823282231227596
2023-11-20,0.0025654848332348663,0.0025312528246255526
2023-11-21,0.0012894748592057338,0.0012836398456580694
2023-11-22,0.0009564528774247348,0.0009440942446676259
2023-11-24,0.0010857964841934009,0.0010775839949464484
2023-11-27,0.004099449427339386,0.004089377664342807
2023-11-28,0.005672507890339993,0.00566300047881124
2023-11-29,0.0034917287914846204,0.0034848980965653804
2023-11-30,-0.0011713913072122957,-0.0011730936150125312
2023-12-01,0.01093108729887481,0.010921513255919274
2023-12-04,-0.008064992569537592,-0.00808284541103282
2023-12-05,0.0011117270272077307,0.001095391793373461
2023-12-06,0.001155363577706691,0.0011509772201525777
2023-12-07,0.0017396624182620874,0.0017354853657815692
2023-12-08,-0.004722984677854941,-0.004734557602022768
2023-12-11,0.00018742196093390846,0.0001306616554982236
2023-12-12,0.00194923030466426,0.0018003619912717807
2023-12-13,0.016145649335584336,0.015996781022191858
2023-12-14,0.010098533227932279,0.009979680764570635
2023-12-15,-0.004736500929936087,-0.004744538246043194
2023-12-18,-9.899914917836202e-05,-0.00011900890380330781
2023-12-19,0.004965755330093859,0.004952240588080807
2023-12-20,-0.004393211261070762,-0.004425334135075276
2023-12-21,0.006528777828026961,0.006487490739726856
2023-12-22,-0.0007486006967973056,-0.0007695966119114536
2023-12-26,0.0038622926793862576,0.0038587274789371948
2023-12-27,0.005050828569468366,0.005014938301443585
2023-12-28,-0.001664721595203142,-0.0016990867055328915
2023-12-29,-0.003216788891158647,-0.0032567491635941683
2024-01-02,-0.005255284607315812,-0.005261681128939691
2024-01-03,-0.004970430611719619,-0.004979824072512324
2024-01-04,-0.0031024254468816096,-0.003237483021174045
2024-01-05,-0.0009337201217264695,-0.0009418931179437695
2024-01-08,0.004126962486876367,0.004096179983460866
2024-01-09,-0.0030415790472297704,-0.0032737884388053516
2024-01-10,0.0006088744467125258,0.0004455189930093466
2024-01-11,0.0020357427995536487,0.0019687952412605256
2024-01-12,0.0016877603987867785,0.0016180801825500303
2024-01-16,-0.007245597362312028,-0.007435839620973858
2024-01-17,-0.004410818515802058,-0.004601060774463888
2024-01-18,0.004527745013969575,0.004034639196284646
2024-01-19,0.002786166019772602,0.002781279482740023
2024-01-22,0.0019630170601445942,0.0019517473008720276
2024-01-23,0.00035010973187411316,0.0002089645515592024
2024-01-24,-2.6470424801230012e-05,-0.000167542554696768
2024-01-25,0.005504579457665361,0.005103214934826387
2024-01-26,0.0009118164992075008,0.0005896276586721809
2024-01-29,0.0019851124531490576,0.001978698735915785
2024-01-30,-0.00031643436560044926,-0.0003321368783849608
2024-01-31,-0.0022097257842541166,-0.0025448443431368203
2024-02-01,0.0036886732858341298,0.003671720170084516
2024-02-02,-0.00450601713795544,-0.004666928435433379
2024-02-05,-0.003856860631962549,-0.004049606422467025
2024-02-06,0.0007795633785424047,0.0002140654152411113
2024-02-07,0.0014845247674587787,0.0010792082663071236
2024-02-08,0.0010613024879143865,0.0010075412870531977
2024-02-09,0.0021936055082826715,0.0021883952765697733
2024-02-12,0.000972988780563816,0.0009670047357799969
2024-02-13,-0.005423755815964159,-0.005427221364648189
2024-02-14,0.001888623976514839,0.0014718670430675096
2024-02-15,0.0042258415410294,0.00403532216775023
2024-02-16,0.0004172660472538292,4.6613196428238024e-05
2024-02-20,-0.0030642000167054183,-0.003372163566793627
2024-02-21,-3.226455318746892e-05,-0.000287662742504654
2024-02-22,0.006590020714400083,0.006334622525082898
2024-02-23,0.00044923613669185905,5.749668253638584e-05
2024-02-26,-0.003223899003685806,-0.0032281882182763535
2024-02-27,0.0018066344075651649,0.001692949817314368
2024-02-28,-0.0019377542404589727,-0.0019416483284134909
2024-02-29,0.0026834039361615515,0.0026168583912633127
2024-03-01,0.007879215647203251,0.007811342776182684
2024-03-04,0.0017682346626718747,0.001590890957327378
2024-03-05,-0.0020635501482110332,-0.00219943563410559
2024-03-06,0.004683791104424774,0.004455688403803026
2024-03-07,0.003813812405958124,0.0036478208388057557
2024-03-08,0.000252679309440428,0.0002445375535833791
2024-03-11,-0.00035903038766737296,-0.000369036865101249
2024-03-12,-0.0006689203766234754,-0.0006834143887807273
2024-03-13,0.0014651120489130602,0.001439650870835977
2024-03-14,-0.005830684130483408,-0.005842987381729839
2024-03-15,-0.0014413785916549443,-0.0018217116339304274
2024-03-18,0.0027891461332195107,0.002756828109700374
2024-03-19,0.0016695045675790556,0.0014369448900951184
2024-03-20,0.0041105596515573755,0.003968254738302091
2024-03-21,-0.0005471473435700552,-0.000777111726312457
2024-03-22,-0.0006556913070595522,-0.0008192967857567264
2024-03-25,-0.0011260945446307951,-0.0011848874126405284
2024-03-26,-0.00044702976822974137,-0.0005053369286364502
2024-03-27,0.004961955434591905,0.004903930423891251
2024-03-28,0.0019474924217328538,0.0019026435619012674
2024-04-01,-0.0029052384242706573,-0.002910635121331613
2024-04-02,0.0015902887458844408,0.0012915222554499086
2024-04-03,0.002956588603212181,0.002893321491901478
2024-04-04,-0.003260910337962,-0.0032664909145160457
2024-04-05,0.0062889443576301,0.0058228552288477845
2024-04-08,0.0028562458969530018,0.002565210585715541
2024-04-09,0.001641068887104821,0.0013899134017275922
2024-04-10,-0.006836716636287514,-0.006900724054623035
2024-04-11,0.006511529883204667,0.0060085932906518025
2024-04-12,-0.0062978550472556,-0.00646199897978032
2024-04-15,0.008834792527399759,0.0085106354917557
2024-04-16,-0.002124060024228922,-0.002137636021016841
2024-04-17,-0.00828875633133416,-0.008318209424398953
2024-04-18,0.0015954435639239303,0.0015729723533364813
2024-04-19,0.00221996926927457,0.0022107519650576895
2024-04-22,-0.01025482058305686,-0.010257638542495342
2024-04-23,-0.003011862636367988,-0.0031798594001318007
2024-04-24,-0.0009396255967392112,-0.0011257531394954238
2024-04-25,0.00250628650290942,0.002505421925227159
2024-04-26,0.002240750007046437,0.002236814919148312
2024-04-29,-0.0016135702266848633,-0.0018060572407693736
2024-04-30,-0.00663402188494788,-0.00698171218981487
2024-05-01,-0.00043857911166957146,-0.0009600635782168708
2024-05-02,0.0013646506213715157,0.0011812125761851478
2024-05-03,0.002122351963024102,0.0016967314042027459
2024-05-06,0.0026869333920349985,0.0021623719377124448
2024-05-07,0.0008129692759753417,0.0006496372152679713
2024-05-08,-0.0017507526670276592,-0.0018098523447329067
2024-05-09,0.0029901286894172406,0.0029378730382400575
2024-05-10,-0.0005481313620299928,-0.0006497796879830732
2024-05-13,0.00022915757797967515,0.00022189083541332316
2024-05-14,0.0035601879499114093,0.0035579902008432084
2024-05-15,0.010513032991602524,0.010359571848297429
2024-05-16,-0.001789020961882122,-0.0018207546597656186
2024-05-17,0.0022024305610935354,0.0021967445863980833
2024-05-20,-0.00048800232490908577,-0.0005133405927000063
2024-05-21,0.0007060455563275057,0.0006900899653747416
2024-05-22,-0.0046258144220268915,-0.004633315791213052
2024-05-23,-0.007073038591190942,-0.0070880301477102454
2024-05-24,0.0033602794596609784,0.0033028938154773726
2024-05-28,-0.003231324625487238,-0.0032364818351192925
2024-05-29,-0.007598550199356281,-0.007705071697986052
2024-05-30,-0.0029636232548891036,-0.0036815141062952776
2024-05-31,0.0028270596757857024,0.002169651927297819
2024-06-03,0.005111921116480024,0.004946858154917129
2024-06-04,0.0013318355663028956,0.001267058242466736
2024-06-05,0.004916661053171476,0.0048518837293353165
2024-06-06,0.0014380946644159506,0.001375039970042657
2024-06-07,-0.010763914200132072,-0.010828355224206925
2024-06-10,0.00023768009629531522,4.4107393731036615e-05
2024-06-11,0.0010832141695552098,0.0010314559059377906
2024-06-12,0.003980490276535056,0.0038821613233745987
2024-06-13,0.0017186589853519412,0.0016245442633119858
2024-06-14,0.0010030656772009542,0.0009089509551609989
2024-06-17,-0.0006357772775160951,-0.0006462816839767811
2024-06-18,0.0038921917744135664,0.003820751602932718
2024-06-20,-0.0007933194875692142,-0.0007967659508572741
2024-06-21,-0.0012601186797231646,-0.0013233691425407808
2024-06-24,0.0002987196395015812,0.00023517384329722833
2024-06-25,-0.00040142194695889753,-0.00040751537563716406
2024-06-26,-0.0021866892119208657,-0.002191814486733719
2024-06-27,0.00159730037182257,0.001533926925213521
2024-06-28,-0.003112310391492178,-0.003175839169453874
2024-07-01,-0.00013553280215612034,-0.00031999221528535384
2024-07-02,0.0022955995199745575,0.0021140176298013154
2024-07-03,0.002493295845403003,0.0024889800238602016
2024-07-05,0.0039498656201047335,0.0035845758401101485
2024-07-08,-0.0007590071537085193,-0.0008036454550939526
2024-07-09,-0.0006137164849419884,-0.0006250237585436122
2024-07-10,0.004240377171819737,0.004226185912124377
2024-07-11,0.004499912881020154,0.004480602220476964
2024-07-12,0.003118734841441477,0.0029706957609978686
2024-07-15,-0.0025099210428140705,-0.002526132727602945
2024-07-16,0.006012697120501224,0.005998398399067386
2024-07-17,-0.003522051918004652,-0.0035491666417809555
2024-07-18,-0.0057829560208987165,-0.005817331689420729
2024-07-19,-0.005479527618962897,-0.0055069744976717055
2024-07-22,0.003506179699622088,0.003375614205210823
2024-07-23,-0.0013263048270738132,-0.0014183761693009776
2024-07-24,-0.0074288173532354425,-0.007515752351274054
2024-07-25,-0.0010741856610166985,-0.001421452097919221
2024-07-26,0.00518626255052214,0.004980927005402908
2024-07-29,0.000701628128009526,0.0004689186334758908
2024-07-30,0.0022998413040320777,0.0022115697382126486
2024-07-31,0.0030254296991563574,0.0028012240542615134
2024-08-01,-0.0014708501032022628,-0.001695055748097107
2024-08-02,0.005657435811325755,0.005499041277319192
2024-08-05,-0.006116255345971839,-0.006142229391240006
2024-08-06,-0.005509069510075246,-0.005858967813302049
2024-08-07,-0.002313430799085565,-0.0026625319369560263
2024-08-08,0.001436031966782235,0.0014305814017795855
2024-08-09,0.0032154131815562825,0.0031327092309648983
2024-08-12,0.0022172618962067363,0.002213185112586221
2024-08-13,0.004146379300447961,0.004101455897836357
2024-08-14,0.0019105732734343553,0.0018656498708227512
2024-08-15,-0.0018088479098594837,-0.0018114598077652608
2024-08-16,0.004715856649253263,0.00454118497323967
2024-08-19,0.004075971921668974,0.004040544644057352
2024-08-20,0.0008198120136572319,0.0008101719550782786
2024-08-21,0.002627717813760855,0.002622847471235722
2024-08-22,-0.005192136928480848,-0.005196330820417113
2024-08-23,0.009443842590290605,0.009438057105916426
2024-08-26,-0.0015302420352947166,-0.0015437391281555098
2024-08-27,0.00013020831125029335,9.788679824296258e-05
2024-08-28,-0.0034953971357877095,-0.003496212245391194
2024-08-29,3.743317726559199e-05,3.562073004290517e-06
2024-08-30,-0.0022620766870826503,-0.002296232234915425
2024-09-03,-0.003061127993055444,-0.003091476760785664
2024-09-04,0.0037955225306908823,0.0037059889187015683
2024-09-05,0.0030035271488203677,0.0029976547401653524
2024-09-06,-0.004036751970244194,-0.004074052619995749
2024-09-09,0.003250190487771963,0.003092248933969663
2024-09-10,0.0024163382971207985,0.0023362595229240862
2024-09-11,0.001119980864752593,0.0010467049141386707
2024-09-12,0.0025115730237975013,0.0023549107963564335
2024-09-13,0.004561730508211253,0.00443187321843344
2024-09-16,0.003480268412301028,0.0034708031971799748
2024-09-17,-0.001674627786542248,-0.0016777448988102514
2024-09-18,-0.0038099011657486094,-0.0038142480794416756
2024-09-19,0.005683466574355916,0.005666978666860552
2024-09-20,2.7129716204157374e-06,-9.458246644188935e-06
2024-09-23,0.00028434662967598875,0.0002696934897951809
2024-09-24,0.005017600256813913,0.005009577937531761
2024-09-25,-0.00458352093398753,-0.004659904721183287
2024-09-26,0.0025506051419914594,0.0024274119827372917
2024-09-27,0.0007203628890660322,0.0005966621699575943
2024-09-30,-0.0021025405877176393,-0.0021105698976076385
2024-10-01,0.0013274275539108956,0.0012005965319596774
2024-10-02,0.0006483770157717285,0.0006230105762136502
2024-10-03,-0.0024761073554200245,-0.002480822090791227
2024-10-04,0.0025712755690750246,0.0021171896101007653
2024-10-07,-0.0019552433080918356,-0.002034630934895783
2024-10-08,-0.003364347978757903,-0.003443735605561851
2024-10-09,0.0002530613098019677,0.00023297696370894804
2024-10-10,0.0023182673574451895,0.0023078501982179206
2024-10-11,0.0038816232950882796,0.003870122865185461
2024-10-14,0.0007430787786101592,0.0006497239059610794
2024-10-15,-0.004130774872320561,-0.00413598842521341
2024-10-16,0.003739112673477392,0.0036329549821978555
2024-10-17,-0.0001767909509993012,-0.00018169895614695192
2024-10-18,0.004667848815380409,0.004652017961475289
2024-10-21,-0.0028444687072072513,-0.0028777426616200447
2024-10-22,0.004007419164483996,0.003519659643152692
2024-10-23,-0.005466745896198087,-0.005520865022857011
2024-10-24,0.00015767768339192137,6.4196714188567315e-06
2024-10-25,7.233115997549856e-05,2.042652375481034e-05
2024-10-28,-0.0020047142764967212,-0.0021564984194592553
2024-10-29,0.004358668533608533,0.0043000686506573385
2024-10-30,-0.0021069360849216667,-0.0021318651007787392
2024-10-31,-0.010499040126455831,-0.010507367584009348
2024-11-01,0.0011229871310286027,0.0008764023919043422
2024-11-04,-0.001969290340535248,-0.0019741869499069783
2024-11-05,-0.00128030715493285,-0.001346928474685752
2024-11-06,0.002822166183172975,0.0023172056160058623
2024-11-07,0.0010780408339074602,0.0009043636951611198
2024-11-08,-0.0012370542940940061,-0.0014341725936860032
2024-11-11,0.0005029369631101698,0.0002631428954875043
2024-11-12,-0.0016172885978089132,-0.0017252794454100792
2024-11-13,0.0017951172479216465,0.001780816537675023
2024-11-14,-0.0010438102918332755,-0.0010554449937576391
2024-11-15,-0.00233520328627941,-0.0023383170629672797
2024-11-18,0.00028435792596258005,0.0002814983781761187
2024-11-19,0.0013386957653611746,0.0013337758802739474
2024-11-20,0.001306484423642577,0.0013046907600760993
2024-11-21,0.001994604260783506,0.001991765557426789
2024-11-22,0.0030192430720281716,0.0028648116088956658
2024-11-25,-0.001832858833130071,-0.0019224706001522227
2024-11-26,-0.000546012298841989,-0.0009417956063102399
2024-11-27,0.0013230399931183972,0.0013209647267068444
2024-11-29,0.0029378443042986425,0.0029311992917206704
2024-12-02,0.0004792120700337541,0.00040589904698997743
2024-12-03,-0.0012291077889398422,-0.001231788305472726
2024-12-04,0.002404655047618079,0.0023784466484659665
2024-12-05,-0.0007584022252718726,-0.0007846106244239852
2024-12-06,0.0017460534001809986,0.0017432938432757467
2024-12-09,-0.0018256424575227364,-0.0018333202362509913
2024-12-10,-0.0028088791445534493,-0.0028892617272309965
2024-12-11,0.001076229488197032,0.001017423656668216
2024-12-12,-0.005098394428310417,-0.005123333980831342
2024-12-13,-0.0025257832350316562,-0.002608905766182829
2024-12-16,3.985370153889162e-06,-0.0003437505675570424
2024-12-17,-0.0021312268198976727,-0.002329223824593279
2024-12-18,-0.008462385550061282,-0.008539120133830892
2024-12-19,0.0004957128412165806,-0.0001960389172095331
2024-12-20,-0.0023152144989817144,-0.002319709384498676
2024-12-23,0.00271633409206194,0.0027123229213177934
2024-12-24,0.003989925169249054,0.0039799273812364845
2024-12-26,-0.0023110672976923486,-0.0026029465263676965
2024-12-27,-0.002267049705509932,-0.002269082391944666
2024-12-30,0.003997904209378541,0.003703992294268459
2024-12-31,0.005746527554537435,0.005746031017839201
2025-01-02,0.010907677909753126,0.010906932915413666
2025-01-03,-0.0012433804530213148,-0.0015091005227554444
2025-01-06,-0.0025195127727240317,-0.0030207039573087995
2025-01-07,0.0012095856633676089,0.0012008477546642188
2025-01-08,0.001363163446031026,0.000865771752358404
2025-01-10,0.013211268821346432,0.013206705405407608
2025-01-13,-0.0013506763164127273,-0.0014946642820094155
2025-01-14,-0.003429813254262457,-0.0035738012198591454
2025-01-15,0.006695982443646087,0.006690219341379091
2025-01-16,6.380819373518878e-05,-0.0003763081450850735
2025-01-17,-0.0007921983186896593,-0.0008833377570580416
2025-01-21,0.0032368490760084313,0.0029944005786372027
2025-01-22,-0.0015074914056068395,-0.001921785457597492
2025-01-23,0.0005998428674045128,0.0002502284362494282
2025-01-24,0.001434550328001127,0.0013634289953849542
2025-01-27,-0.0015109396946456847,-0.0018479618720242947
2025-01-28,0.0007505623659196424,0.0006716484822759677
2025-01-29,-0.001782147125698119,-0.0018480798230711645
2025-01-30,0.006106625366359789,0.0061052628704900145
2025-01-31,-0.0036599602988305426,-0.0036647655563333873
2025-02-03,-0.0003007289824069825,-0.0004100290491560464
2025-02-04,0.003612574843260709,0.0036082717837269424
2025-02-05,0.005975829481542459,0.0058308091515244884
2025-02-06,0.00010648417762819346,9.634587952185842e-05
2025-02-07,-0.004414953690784966,-0.004423149468854344
2025-02-10,0.003453208631729353,0.0034463776347920818
2025-02-11,-0.0016593817963598545,-0.0017764935981707639
2025-02-12,-0.0027315177577705496,-0.002848629559581459
2025-02-13,0.007594469228853757,0.0073247423226581515
2025-02-14,0.0010795625774294682,0.0008176968856819318
2025-02-18,0.0010885651890149555,0.0010849902723682272
2025-02-19,-0.00021414629286481356,-0.00024263577795106053
2025-02-20,0.0022234045676042423,0.002204715141952904
2025-02-21,-0.0012996953610621472,-0.0013053502841182455
2025-02-24,0.0004893335941790833,0.0004177292856059277
2025-02-25,0.0037275103902141573,0.003722074813027471
2025-02-26,0.0022697388247479608,0.002259022331474915
2025-02-27,-0.0060217745882387985,-0.006023693346972978
2025-02-28,0.0025919584311497024,0.002542364475138898
2025-03-03,0.0015876891040054117,0.0014609515291111527
2025-03-04,-0.0023126217437939097,-0.0024393593186881686
2025-03-05,0.002671306104478164,0.002616927328664375
2025-03-06,-0.0051593914812806995,-0.005218657572341177
2025-03-07,0.0006837581167421789,0.0006213635648031659
2025-03-10,-0.0038877991296799386,-0.003947099762993615
2025-03-11,-0.00026025316054272826,-0.00063836662871639
2025-03-12,7.162674728813477e-05,-1.428083651227761e-05
2025-03-13,0.005261709624014874,0.005034128825134204
2025-03-14,0.0006137214149867681,0.0003634925370290998
2025-03-17,0.004695126133108154,0.00461295561817666
2025-03-18,0.0018930310385487958,0.0018906388156708187
2025-03-19,0.0035296237787042543,0.0035277997709064627
2025-03-20,-0.0021920738900998837,-0.0024446142008658026
2025-03-21,-0.0036428182677397726,-0.003653336865350898
2025-03-24,-0.003572364545219623,-0.0038220752322850405
2025-03-25,0.0020093468030003866,0.001700008251696106
2025-03-26,-0.003475044686949173,-0.0034806374465919067
2025-03-27,0.009501634939086479,0.008827296302556251
2025-03-28,-0.006980986059934283,-0.006993694535308691
2025-03-31,0.006050005148053817,0.005348989643400096
2025-04-01,0.0020222679601975,0.0018984459044528905
2025-04-02,0.00128924163287791,0.0012856624204474175
2025-04-03,-0.009720881404547556,-0.009804877257259401
2025-04-04,-0.0017039659801678646,-0.0019152328056273918
2025-04-07,-0.018611645324344606,-0.018628951428796347
2025-04-08,0.0,-0.0005
2025-04-09,0.0,0.0
2025-04-10,0.0244235794430141,0.023923579443014098
2025-04-11,0.019086664805096243,0.019086664805096243
2025-04-14,-0.005705977012200658,-0.005705977012200658
2025-04-15,0.005232379352138938,0.005232379352138938
2025-04-16,0.0325408102664011,0.0325408102664011
2025-04-17,-0.004390692094044635,-0.004390692094044635
2025-04-21,0.03093558529908469,0.03093558529908469
2025-04-22,-0.01237183888378679,-0.012780693418947608
2025-04-23,-0.012418959162188214,-0.012831996754493442
2025-04-24,0.009792412234038667,0.00911673343893877
2025-04-25,0.0007692366190718387,0.00023553411775752804
2025-04-28,0.0034340309401173375,0.003430803795043125
2025-04-29,0.0017277246114865152,0.001572718548739767
2025-04-30,-0.003229188032998514,-0.00323072712866197
2025-05-01,-0.0029047089382950894,-0.0029562237481244673
2025-05-02,0.0033886921773186294,0.003287360925852058
2025-05-05,0.0018107425755364236,0.0018069231667764175
2025-05-06,0.0016679695837438272,0.001181097473846766
2025-05-07,-0.002153577697713641,-0.0026732640514212664
2025-05-08,-0.00431320022075154,-0.004370325866255057
2025-05-09,0.0018997138687537028,0.001403938107631596
2025-05-12,0.00525141125633937,0.00499296090662122
2025-05-13,-0.0013748102858094685,-0.0016350982087311018
2025-05-14,-0.00547250702229511,-0.0056286748502431426
2025-05-15,0.00201946754573553,0.0018455077469408654
2025-05-16,0.0022900744493697307,0.002014847332632413
2025-05-19,-0.00021785697195272135,-0.0002852886222502411
2025-05-20,0.0008167716540902405,0.0007246314425518278
2025-05-21,-0.0068341376544878915,-0.006900753237284745
2025-05-22,-0.003554871881713127,-0.003984770874697591
2025-05-23,0.0008049318358123695,0.0005916418118324759
2025-05-27,0.0038701428969536884,0.003675721015359392
2025-05-28,-0.002450158197780484,-0.002817884119055401
2025-05-29,0.0023616168681691394,0.0023147990466028867
2025-05-30,-0.0006408513415699154,-0.0008973169956738103
2025-06-02,0.005388263921567059,0.005347288426454419
2025-06-03,-0.00041539945660969374,-0.0004568022151366386
2025-06-04,0.004239352206011263,0.004224152453321268
2025-06-05,0.00011157647946953558,3.4421238529340785e-05
2025-06-06,-0.0007462003760270446,-0.0007508654244179628
2025-06-09,0.003384746580941333,0.0031210167978825633
2025-06-10,0.002633273903811742,0.002630703747109022
2025-06-11,0.0021342774778569293,0.0019359995079787958
2025-06-12,0.004683284159299999,0.004607152829029307
2025-06-13,-0.0037760068102354076,-0.003791215663403365
2025-06-16,-0.00017492385943012102,-0.00018653518782502405
2025-06-17,-0.00013296767007292426,-0.00020722452708048748
2025-06-18,0.0003052454054482402,0.00023420512546717351
2025-06-20,-0.0009238289285269295,-0.001045799398142856
2025-06-23,0.0010309459851486425,0.0009681891408239253
2025-06-24,0.0037718397375865837,0.0036550195147906682
2025-06-25,-0.0014204425679679546,-0.001454664108389737
2025-06-26,0.004652555486328989,0.004583546491305579
2025-06-27,-0.0024904649681897527,-0.002494035811263335
2025-06-30,0.004279413166342154,0.004235284000758225
2025-07-01,0.0005929297778785247,0.0005243019932645233
2025-07-02,0.0020412339489886393,0.001999483178972628
2025-07-03,-0.0003201366996372435,-0.00032980795208610564
2025-07-07,-0.0058183122770396065,-0.005860091217760727
2025-07-08,3.3190066159720544e-05,2.756808338049299e-05
2025-07-09,0.003177376022638407,0.0030993503440555135
2025-07-10,0.000980066926380765,0.0009040933303616506
2025-07-11,-0.00224693204603939,-0.0022490273745939655
2025-07-14,2.335928519836326e-06,-0.0001526274836240161
2025-07-15,-0.0031747854832624017,-0.0032157766600032
2025-07-16,0.001541889504223678,0.001076188269541666
2025-07-17,0.002655026435856095,0.002385219682635593
2025-07-18,-4.029324545272811e-05,-0.0002369377649022955
2025-07-21,0.0029067840505411784,0.0026664771093220336
2025-07-22,0.002785127085609947,0.0026523276724285875
2025-07-23,0.0006671337276526461,0.0005298510352219476
2025-07-24,-0.002427708867069332,-0.002516413585587055
2025-07-25,-0.0008050494510260562,-0.0008058945485133519
2025-07-28,-0.0018973965340977892,-0.0021133476855436607
2025-07-29,0.004663888837738773,0.004582078593476833
2025-07-30,-0.003165340077499938,-0.0032439506098203117
2025-07-31,-0.0013906901497656885,-0.0014876173782564848
2025-08-01,0.0008799943665745118,0.0008178067011898625
2025-08-04,0.0011281719485854295,0.0010125963022983887
2025-08-05,0.00033830632293057445,0.00018909097936125008
2025-08-06,-0.0011540352531227284,-0.001211992978916316
2025-08-07,0.0007504739776909619,0.0006925162518973745
2025-08-08,-0.000201057363054813,-0.00025662112333448933
2025-08-11,-0.0011700349072629249,-0.0011706907156442353
2025-08-12,0.0012545440364133045,0.0012111951416168573
2025-08-13,0.004515782149988526,0.004456274519017776
2025-08-14,-0.004386786577053572,-0.00452422298537956
2025-08-15,-0.0012022595917071503,-0.001340648931122574
2025-08-18,-0.0004382639108923637,-0.0006656487594090671
2025-08-19,-0.000691405672863425,-0.0008423331960984848
2025-08-20,0.000389049686087594,0.0002149135024443834
2025-08-21,-0.002217873469419899,-0.002241864073096736
2025-08-22,0.00858874963158461,0.008513596310722566
2025-08-25,-0.0038742498294777003,-0.0039999466271329375
2025-08-26,3.4332874377417634e-05,-9.100744252751824e-05
2025-08-27,0.0004241573415312278,0.0003995387561845121
2025-08-28,0.0016517023029344916,0.0015823117479069372
2025-08-29,-0.001506002210603088,-0.0016201902919735695
2025-09-02,-0.0016545401302231562,-0.0017561929545659928
2025-09-03,0.0019981567859321606,0.0017619807824187479
2025-09-04,0.003498698831458328,0.0032371198549381256
2025-09-05,0.004554071612559038,0.004552913432390097
2025-09-08,0.004151419106132933,0.004050262548880173
2025-09-09,-0.0015724580616131025,-0.001574305366676395
2025-09-10,0.0023528317013005668,0.0023471609696320817
2025-09-11,0.005139843146297336,0.005114012731330562
2025-09-12,-0.0009666261957622941,-0.0009924566107290676
2025-09-15,0.003808590640623354,0.003806573769863964
2025-09-16,0.00029237643173161374,0.00026631780839371397
2025-09-17,-0.0024913191326194147,-0.0024933741615042774
2025-09-18,-0.0005732374213612586,-0.0005773818625034073
2025-09-19,0.0007036519402287522,0.0006693087981322517
2025-09-22,0.001647588729853254,0.0015468058256015841
2025-09-23,0.000793732348986159,0.0006929494447344891
2025-09-24,-0.0030563728701800854,-0.0030791123152945194
2025-09-25,-0.00017893521448798544,-0.00028006023393607857
2025-09-26,0.0017183673246813432,0.0016595129396960607
2025-09-29,0.0029921068076858887,0.0028867419126576495
2025-09-30,0.0005111447354167098,0.0005089939026961357
2025-10-01,0.003208905929212837,0.0031882359722089537
2025-10-02,0.0003830737647752509,0.0003798501052240072
2025-10-03,0.0010395408415016089,0.0010368657087530299
2025-10-06,0.0007266352217865894,0.0007224061510934255
2025-10-07,-0.00025743289881477135,-0.00030691300842716415
2025-10-08,0.002632687932554626,0.002630453252790651
2025-10-09,-0.0026985606651847615,-0.0027007193655025686
2025-10-10,-0.0040540386635785535,-0.004286684273629295
2025-10-13,0.0063981737043789415,0.006125748820729278
2025-10-14,0.00021458736692632466,3.642517770661115e-05
2025-10-15,0.003753781981779224,0.003674115375080853
2025-10-16,0.0020178189230355553,0.0017579288074236143
2025-10-17,-0.0039092179338005755,-0.0042378445265916715
2025-10-20,0.006044852756916578,0.005741594194880034
2025-10-21,-0.0051597819380576285,-0.005164985920498843
2025-10-22,-0.00033109984841978246,-0.0003451632795026864
2025-10-23,0.0004172878153174974,0.00023261010390665407
2025-10-24,0.0018007358640291854,0.0015965094197756583
2025-10-27,0.0011685980042105432,0.0011641809498864563
2025-10-28,-0.0017181003287936977,-0.0017399245774036031
2025-10-29,-0.0029176558212376013,-0.0029993509436659137
2025-10-30,-0.003330001209844124,-0.0033608913921904645
2025-10-31,-0.00048158168213228276,-0.0006440026060743373
2025-11-03,-0.0005916985289550292,-0.000624057381627751
2025-11-04,-0.007765502374834703,-0.008348863239250931
2025-11-05,0.002862797558808169,0.0025121479544001984
2025-11-06,-0.0072029364345148165,-0.007205109615063877
2025-11-07,-0.0007995326639726899,-0.0013557322136552071
2025-11-10,0.0051736665549372484,0.004617467005254731
2025-11-11,0.0026926457862887156,0.0019837945652165486
2025-11-12,-0.00024676792054177584,-0.0005597713397759655
2025-11-13,-0.006541863321556174,-0.006574585228891662
2025-11-14,-0.0038713096920427992,-0.004518944898280027
2025-11-17,-0.005196371864597467,-0.005280735980263887
2025-11-18,0.00436100339102752,0.0039176252956593625
2025-11-19,0.0027353534237413196,0.002725432229971297
2025-11-20,-0.0008783447297417629,-0.00100884569211462
2025-11-21,-0.0016565767972202955,-0.0016638129651304445
2025-11-24,0.001673912879850359,0.0009531800017893859
2025-11-25,0.0013149490161807511,0.0010725887104347282
2025-11-26,0.0024405253125879046,0.0022494157381868756
2025-11-28,0.0008560591312569971,0.0008016289278387904
2025-12-01,-0.003636164575051455,-0.0036607124969505926
2025-12-02,0.0007903736144494795,0.00046328329162706005
2025-12-03,0.0005684551396231586,0.00032336236822014925
2025-12-04,-0.0012763052577099954,-0.0014672563600567118
2025-12-05,0.0003964163864343818,0.0003357813487814404
2025-12-08,-0.003421045407890812,-0.003699305865081338
2025-12-09,0.0018465162066051137,0.0014749131144034732
2025-12-10,0.005644046942590181,0.005634294998682967
2025-12-11,0.0012838232006684906,0.0007767377809936654
2025-12-12,-0.004582159180743357,-0.00459506229510747
2025-12-15,0.002690140940785163,0.0021730550214092603
2025-12-16,-0.001800262955311941,-0.001935300492295344
2025-12-17,-0.00033134963720268134,-0.0006765057645501569
2025-12-18,0.002158545156357563,0.0020726253000296
2025-12-19,0.0008648870034347522,0.0006033693012891929
2025-12-22,0.0034789290035791083,0.003289755496745698
2025-12-23,0.003436465389817486,0.003431297348765454
2025-12-24,0.0020348709312518866,0.001834485885846065
2025-12-26,0.002176609528064444,0.002114203561465671
2025-12-29,-0.003215510969945286,-0.0032532212823758334
2025-12-30,0.001144694291670522,0.0011331499017603573
2025-12-31,-0.00439265974396409,-0.004396153336821245
2026-01-02,0.003992575512508866,0.003751854218570618
2026-01-05,0.006270489434636541,0.006264403360568473
2026-01-06,0.0016330161875469792,0.0014277600491196256
2026-01-07,-0.0015261038742467239,-0.0017431600023728809
2026-01-08,-0.00024981835723550757,-0.0003082218954962979
2026-01-09,0.00330309854177242,0.0031493504947950565
2026-01-12,0.0019125474440402901,0.00171216027852452
2026-01-13,0.0012032230161171998,0.0011307436992655548
2026-01-14,0.0023078069266455822,0.0022368540710500256
2026-01-15,6.278683663034815e-05,6.0136570643566845e-05
2026-01-16,-0.0005958325761328361,-0.0006051067469671355
2026-01-20,-0.005608727374458089,-0.005616082792240889
2026-01-21,0.0055144240806180205,0.005080614114944973
2026-01-22,0.0003844228570996773,1.8071920913008486e-05
2026-01-23,0.0015391668181798366,0.0014194738701504275
2026-01-26,0.002569875543530523,0.0024363551472373762
2026-01-27,0.003143601332549742,0.0031388124590708225
2026-01-28,0.00023186522561756702,0.00022506392681016305
2026-01-29,0.0009799916427195312,0.0008401805946844301
2026-01-30,-0.008389473765058487,-0.008450602598268433
2026-02-02,-0.0022490342777788026,-0.0022741190856168858
2026-02-03,0.002369812447071212,0.0019578716126906074
2026-02-04,-0.002008256697810131,-0.0021136251359634415
2026-02-05,-0.006965093091938087,-0.00710072138341778
2026-02-06,0.005379173645639117,0.0046481670696393975
2026-02-09,0.00276853691120064,0.002422296606182386
2026-02-10,0.002243510414391371,0.0022352344823447167
2026-02-11,5.274408104036361e-05,4.6639167715411924e-05
2026-02-12,-0.0006351909673489737,-0.0006377482578356713
2026-02-13,0.0034642549564383577,0.0034024987479269043
2026-02-17,-0.00017496511351993351,-0.00018196101113978852
2026-02-18,0.0007201010877445573,0.0007179381904591762
2026-02-19,0.0006120452530821873,0.0005160582490580021
2026-02-20,0.0017441482575510784,0.0017427108408165446
2026-02-23,-0.00037430666719221476,-0.0004261894727526458
2026-02-24,0.0003709567664700085,0.00031907396090957756
2026-02-25,0.0006447762949724293,0.0006334917618732992
2026-02-26,0.0003040429516978004,0.00025500923740263254
2026-02-27,0.0005760828751714496,0.0005674636664167632
2026-03-02,-0.0022320566218074047,-0.002568332988777116
2026-03-03,-0.00578618706059238,-0.005796007467951604
2026-03-04,0.0001952783182610583,6.887404416730682e-05
2026-03-05,-0.002460735025451421,-0.0027823208827191673
2026-03-06,0.002988493937621983,0.0024866248885695706
2026-03-09,0.0004384648621144841,-2.3463082416131254e-05
2026-03-10,-0.0036883509578447787,-0.004285532334594269
2026-03-11,-0.0005771176901109345,-0.0012905667850265105
2026-03-12,0.01049529474118282,0.010214983925653577
2026-03-13,0.002969105796990649,0.0029619162121758374
2026-03-16,-0.009954035235385534,-0.010120293942563054
2026-03-17,0.002418597862220208,0.0024182934072997154
2026-03-18,0.008271273638931346,0.008270905385057009
2026-03-19,-0.012832776194194376,-0.012834228613121074
2026-03-20,0.007540609067492655,0.007536507495899231
2026-03-23,-0.013006089773958758,-0.013030361999086153
2026-03-24,0.00628883825441444,0.006279406384685902
2026-03-25,0.0007938879574141076,0.0007871475939212783
2026-03-26,0.006544654048404281,0.0065443679701949736
2026-03-27,0.006059136616953309,0.006058758726727479
2026-03-30,0.008485200936442918,0.008485146920773467
2026-03-31,-0.00824881742769495,-0.008249571168371604
2026-04-01,-0.0039014463308971255,-0.003906166986705855
2026-04-02,0.014184187335929424,0.014181892324037127
2026-04-06,0.0006521864808973021,0.000173421934774078
2026-04-07,-0.001526548195917181,-0.0015273603922699112
2026-04-08,-0.002581445677170771,-0.0028736277040298246
2026-04-09,0.0017305271758176859,0.001157118916536001
2026-04-10,-0.0017099030084352495,-0.0017112039645430753
2026-04-13,0.004590741010335285,0.004587846039122394
2026-04-14,0.004608145909217887,0.004605761446322277
2026-04-15,-0.0012023940866153437,-0.0013739005434040474
2026-04-16,-0.0009044452082604053,-0.000914282986160234
2026-04-17,0.0067628166417101855,0.0066517228547668
2026-04-20,-0.0014003555935600672,-0.0015101545636503166
2026-04-21,-0.008555972510311345,-0.0085605967711817
2026-04-22,0.0024134054494896516,0.002348831170068616
2026-04-23,-0.0021999986316193617,-0.002260375637415942
2026-04-24,0.002331697837236869,0.0022937580606664626
2026-04-27,-0.001971338819273383,-0.002007834796992936
2026-04-28,-0.0007751438935740985,-0.0009251864190862295
2026-04-29,-0.003095930706261309,-0.0031219280558896735
2026-04-30,0.0035992935120607037,0.0031107633365890335
2026-05-01,-0.0005469637251008278,-0.0008521232972819475
2026-05-04,-0.004092782110972758,-0.004593166977947314
2026-05-05,0.004872024659375202,0.004371639792400646
2026-05-06,0.007876761121615273,0.007586314307829419
2026-05-07,-0.004005907320784063,-0.004411430217629609
2026-05-08,0.0047547854378836045,0.004642172710266188
2026-05-11,0.0006028864567367122,0.0005951052887827073
2026-05-12,-0.002707672448888667,-0.0029867323807309084
2026-05-13,0.0014044219319791214,0.0011444419108351776
2026-05-14,-0.00027878090240619383,-0.0005392579270463646
2026-05-15,-0.009697636651333162,-0.010037988058838305
2026-05-18,-0.0014495195169060037,-0.0017544942585677866
2026-05-19,-0.0008521215280608937,-0.0009842059220620555
2026-05-20,0.002831253882616926,0.002649042724866539
2026-05-21,0.0016020776944370512,0.0014871266278035395
2026-05-22,0.0007211353716635836,0.0007194980956498381
2026-05-26,0.005135416817588567,0.005134391107569338
2026-05-27,-0.00038748306450504566,-0.0008611733025942592
2026-05-28,0.0009228417338449133,0.0009199737785745083
2026-05-29,-5.319621080660116e-05,-0.0003268730104417656
2026-06-01,0.0011683331598208535,0.0011088106445459615
2026-06-02,0.0011043345879185819,0.0010954717851180832
2026-06-03,-0.0026153807991472983,-0.002616840867851377
2026-06-04,0.0010222874507747801,0.001005480437340577
2026-06-05,-0.007087684131771148,-0.007144720477904323
2026-06-08,-0.0028741192126691562,-0.0034812274465447165
2026-06-09,-0.001373691082017949,-0.00177584232051343
2026-06-10,-0.0010062477692346584,-0.0018122275559876917
2026-06-11,0.001801933336475449,0.0011681640629588957
2026-06-12,0.00025509176030788776,-0.00039908721185185963
2026-06-15,0.002267879339990564,0.002191556138957292
2026-06-16,8.732024132243431e-05,8.29707420507913e-05
2026-06-17,-0.0023884953092931267,-0.002393526065407269
2026-06-18,0.004480716010339007,0.004365710244299992
2026-06-22,-0.0014602860210604642,-0.0015220572893342372
2026-06-23,-0.0017588591504332537,-0.001814883498803299
2026-06-24,0.003884914041671193,0.003750937026565629
2026-06-25,0.00011245969361491542,0.00010381752387882739
2026-06-26,0.0002620272612852782,0.00018842391041201206
2026-06-29,0.00012107052992876759,4.74671790555015e-05
2026-06-30,-0.0031301047643741333,-0.0032046184198535354
2026-07-01,-0.001610750361469454,-0.001668551940594742
2026-07-02,0.0010181584791187403,0.0009946917240116183
2026-07-06,0.0009927894139494982,0.0009839612583152743
2026-07-07,-0.0030238610357745587,-0.0030303850023194745
2026-07-08,-0.0034483840725206875,-0.0038912272369194157
2026-07-09,0.0020767699636482432,0.0020722033010503738
2026-07-10,0.0011424219123833202,0.0011398374915721908
2026-07-13,-0.0009502950414830422,-0.0009522456021906321
2026-07-14,-0.0008266677396420742,-0.0012251630666084807
2026-07-15,0.0006307796456690183,0.00021566782028818596
2026-07-16,0.001118892387832644,0.0011063910807550398
2026-07-17,-0.001135773880657511,-0.0011391979704200217
2026-07-20,7.005193123128831e-05,-3.01530935082789e-05
2026-07-21,0.0018867848143562197,0.0017902482459149713
2026-07-22,-0.0007357004237845267,-0.0009138241180990817
2026-07-23,-0.0013169442256258468,-0.00174226579325173
2026-07-24,0.0038805483547189453,0.003506867695924765
2026-07-27,-0.006169581784175993,-0.0061811798269643566
2026-07-28,-0.0014840854685296229,-0.0016892394094411322
2026-07-29,-0.0011181522058814532,-0.0011199651175970433
2026-07-30,-0.010511598497717819,-0.01071711847928001
2026-07-31,-0.0062133688487489465,-0.006930069184470583
