Date,Gross_Equity,Net_Equity
2007-04-11,1.0,1.0
2007-04-12,1.0,1.0
2007-04-13,1.0,1.0
2007-04-16,1.0,1.0
2007-04-17,1.0,1.0
2007-04-18,1.0,1.0
2007-04-19,1.0,1.0
2007-04-20,1.0,1.0
2007-04-23,1.0,1.0
2007-04-24,1.0,1.0
2007-04-25,1.0,1.0
2007-04-26,1.0,1.0
2007-04-27,1.0,1.0
2007-04-30,1.0,1.0
2007-05-01,1.0,1.0
2007-05-02,1.0,1.0
2007-05-03,1.0,1.0
2007-05-04,1.0,1.0
2007-05-07,1.0,1.0
2007-05-08,1.0,1.0
2007-05-09,1.0,1.0
2007-05-10,1.0,1.0
2007-05-11,1.0,1.0
2007-05-14,1.0,1.0
2007-05-15,1.0,1.0
2007-05-16,1.0,1.0
2007-05-17,1.0,1.0
2007-05-18,1.0,1.0
2007-05-21,1.0,1.0
2007-05-22,1.0,1.0
2007-05-23,1.0,1.0
2007-05-24,1.0,1.0
2007-05-25,1.0,1.0
2007-05-29,1.0,1.0
2007-05-30,1.0,1.0
2007-05-31,1.0,1.0
2007-06-01,1.0,1.0
2007-06-04,1.0,1.0
2007-06-05,1.0,1.0
2007-06-06,1.0,1.0
2007-06-07,1.0,1.0
2007-06-08,1.0,1.0
2007-06-11,1.0,1.0
2007-06-12,1.0,1.0
2007-06-13,1.0,1.0
2007-06-14,1.0,1.0
2007-06-15,1.0,1.0
2007-06-18,1.0,1.0
2007-06-19,1.0,1.0
2007-06-20,1.0,1.0
2007-06-21,6.161171692615521,5.999009839238794
2007-06-22,-1.8308941588981031,-2.1404358721559396
2007-06-25,-1.6904402004824106,-1.8818539562243692
2007-06-26,-0.03873282165557244,-0.03996334501330089
2007-06-27,-0.15337148816245477,-0.15481375060819713
2007-06-28,-0.22772832788029063,-0.22239760641161185
2007-06-29,-0.3859170756592195,-0.3766601978376153
2007-07-02,-1.5710414919598383,-1.5065341335533642
2007-07-03,-3.047316513318846,-2.916228755743485
2007-07-05,-3.931666598194073,-3.760816333025511
2007-07-06,-12.076755555217511,-11.547671460632108
2007-07-09,-16.40568062012531,-15.66695271985996
2007-07-10,3.2060530695156277,4.337792701111267
2007-07-11,7.8385383081592535,10.268931260854298
2007-07-12,39.034306249320096,50.64299833694768
2007-07-13,100.50857263364756,130.07144257654937
2007-07-16,36.70953589064676,47.12004970995704
2007-07-17,17.44564771745263,22.09363375121812
2007-07-18,89.5417746784089,106.97284934542436
2007-07-19,357.84438635630437,426.6667528807731
2007-07-20,479.93742209078874,567.8792268574327
2007-07-23,1192.6360530169413,1369.4504863140344
2007-07-24,-5191.6420339611905,-6100.853680842857
2007-07-25,-15175.600748255976,-17676.100300517137
2007-07-26,78460.37032437291,95251.02674990291
2007-07-27,240259.36635361158,284220.006485975
2007-07-30,684977.006225058,778268.4816579844
2007-07-31,2871800.9149616077,3250755.5404243087
2007-08-01,-4946058.920724841,-5901523.473085379
2007-08-02,-8312679.228382433,-9301670.83370654
2007-08-03,-69456548.4455927,-74027866.0989856
2007-08-06,390221913.5622212,436829717.54966587
2007-08-07,1019806547.9799567,1023651648.7633927
2007-08-08,1176251945.5031247,1067690881.7089639
2007-08-09,1049863112.1709888,587445841.9242297
2007-08-10,1211154954.5800385,437370117.1748429
2007-08-13,5542796866.292778,1831935907.0143852
2007-08-14,48513663196.31729,15984301481.460503
2007-08-15,116857224241.31035,38148501110.0972
2007-08-16,258054988498.64587,65844461786.75684
2007-08-17,359239858626.28076,83149092933.2615
2007-08-20,1752295917711.1865,369326822625.5202
2007-08-21,12971804741297.768,2723148475000.64
2007-08-22,8487574778104.108,1390725214575.2788
2007-08-23,24483457081342.254,3634806891025.803
2007-08-24,64477934161309.87,8151854990785.652
2007-08-27,277264069352709.34,34765176520939.074
2007-08-28,2213094452789626.8,271022715143083.34
2007-08-29,2531322585315000.5,211695494386075.06
2007-08-30,1.5438036057263286e+16,1287314979318003.5
2007-08-31,1.068787936699786e+17,8624998129598365.0
2007-09-04,6.215826672431156e+17,4.947346735227143e+16
2007-09-05,3.1304324820080466e+18,2.408230882991547e+17
2007-09-06,9.027141300535647e+18,6.318963858484091e+17
2007-09-07,8.052589200864476e+19,5.514142899730237e+18
2007-09-10,6.03971444390105e+20,4.108906930331054e+19
2007-09-11,1.995846147528386e+21,1.292809970736905e+20
2007-09-12,8.513461767109204e+20,5.305210745025259e+19
2007-09-13,-8.779769236072145e+20,-6.17458285251319e+19
2007-09-14,-2.956689964999057e+21,-2.0704656901163457e+20
2007-09-17,-1.56147611520336e+22,-1.0787011592793323e+21
2007-09-18,-1.9267369365246433e+23,-1.320958520698837e+22
2007-09-19,-4.4199897367735325e+23,-3.011584928575094e+22
2007-09-20,2.1862165924094928e+24,1.4977137393131572e+23
2007-09-21,9.664906710610373e+24,6.49103604088251e+23
2007-09-24,3.5585316545572527e+25,2.3790529523250934e+24
2007-09-25,-4.106216737834635e+25,-2.792292159649346e+24
2007-09-26,-1.1110198986748726e+26,-7.544634171587998e+24
2007-09-27,-8.556165486524472e+26,-5.799622660888082e+25
2007-09-28,-1.554894423177651e+27,-1.0471812890850237e+26
2007-10-01,-5.342404459263753e+27,-3.525058698764925e+26
2007-10-02,5.214149885683887e+27,3.5213098303311104e+26
2007-10-03,-9.620915230833448e+27,-6.590809314405568e+26
2007-10-04,-7.661107421733635e+28,-5.237967922020291e+27
2007-10-05,-7.0826788847710345e+28,-4.771890321868166e+27
2007-10-08,9.531972421216746e+28,6.685702133588866e+27
2007-10-09,4.159824808367444e+29,2.8999374574818653e+28
2007-10-10,1.3065572065610334e+30,9.09011671655727e+28
2007-10-11,4.603396447713227e+30,3.1651416017496094e+29
2007-10-12,1.1582939422092788e+31,7.716639815149038e+29
2007-10-15,1.790747796222771e+31,1.1877433171986276e+30
2007-10-16,-4.0025016164906853e+31,-2.664845495411759e+30
2007-10-17,-1.6304939617072146e+32,-1.0670207039431958e+31
2007-10-18,-1.075283918590016e+33,-7.024038940843977e+31
2007-10-19,4.7781018605224283e+33,3.157787439250306e+32
2007-10-22,-2.1277375782228755e+33,-1.6361975933733134e+32
2007-10-23,-9.704567711796603e+33,-7.45042558090343e+32
2007-10-24,-4.922318264363076e+34,-3.775056445405673e+33
2007-10-25,-2.162466533814642e+35,-1.6541691485845018e+34
2007-10-26,-1.9481687252758425e+36,-1.4891998978750108e+35
2007-10-29,-1.3141978712025602e+37,-9.982812765579466e+35
2007-10-30,5.633851141572584e+37,4.326056660352041e+36
2007-10-31,4.4794252156124514e+38,3.4242188403058565e+37
2007-11-01,-2.3200137565044467e+39,-1.793283476494847e+38
2007-11-02,-1.5954978832107217e+40,-1.2194113096655447e+39
2007-11-05,3.469590194009572e+40,2.733571633461489e+39
2007-11-06,3.362442633379745e+41,2.631206205908958e+40
2007-11-07,-7.281625551162137e+41,-5.870506521010251e+40
2007-11-08,-1.4033564414001116e+42,-1.0521609555160208e+41
2007-11-09,-5.0488219568411796e+42,-3.7210723867906455e+41
2007-11-12,3.9421831198622663e+43,2.9261053503436334e+42
2007-11-13,1.4692193486163023e+44,1.0530170113913139e+43
2007-11-14,4.4024192572726615e+44,3.1404515304640163e+43
2007-11-15,1.5722644537359767e+44,9.55695935049061e+42
2007-11-16,3.288770053226627e+44,1.9832551411564897e+43
2007-11-19,1.3621277161446381e+45,7.927557411673202e+43
2007-11-20,5.732108670975882e+45,3.2829641816382746e+44
2007-11-21,3.571765624076216e+46,2.041744458864109e+45
2007-11-23,3.400038088987992e+46,1.7727680133936756e+45
2007-11-26,3.681149047658066e+47,1.9121076663834596e+46
2007-11-27,-1.965404942963034e+48,-1.0375938897357132e+47
2007-11-28,1.6872067631983798e+47,2.078084596039949e+46
2007-11-29,3.271402460407419e+47,3.8803874009785157e+46
2007-11-30,2.3022455238502623e+47,2.44346524754628e+46
2007-12-03,1.3719299785783545e+48,1.4202191775052761e+47
2007-12-04,1.9805614735020993e+47,1.935093973870631e+46
2007-12-05,3.060881643787142e+47,2.5787247982568204e+46
2007-12-06,9.879628855163576e+47,7.946090044344896e+46
2007-12-07,-2.675071153303429e+48,-2.2209584506476904e+47
2007-12-10,-5.4039365109403316e+48,-4.150583018194811e+47
2007-12-11,-2.5281293682429944e+49,-1.8704136729245073e+48
2007-12-12,-1.0968376954126323e+50,-7.760403567814686e+48
2007-12-13,2.3834409400235554e+50,1.8370665617946309e+49
2007-12-14,4.809570081227131e+50,3.5940181450275267e+49
2007-12-17,1.4345373322173187e+51,1.0235775488848336e+50
2007-12-18,2.7431269552731983e+51,1.8837161246338455e+50
2007-12-19,1.4996844710784444e+52,1.015989343267094e+51
2007-12-20,2.525720841359108e+51,9.682623826717577e+49
2007-12-21,3.899362490889846e+51,1.4489335469651805e+50
2007-12-24,4.8358693161281704e+51,1.6301170682913888e+50
2007-12-26,9.88310115101201e+51,3.0311506426286364e+50
2007-12-27,2.0747197254506153e+52,5.601340720823929e+50
2007-12-28,8.229713802591353e+52,2.1143264482096343e+51
2007-12-31,1.8424376085217294e+53,4.44670693142974e+51
2008-01-02,1.5587571643143366e+54,3.731655510987047e+52
2008-01-03,2.589753304108016e+54,6.135962573059296e+52
2008-01-04,3.0548715344005076e+54,7.221137291583757e+52
2008-01-07,-5.02334278340089e+52,-1.8381830703145695e+51
2008-01-08,-2.247265648875384e+53,-8.200466359854505e+51
2008-01-09,-1.216320491809134e+53,-3.825968993711754e+51
2008-01-10,-1.4874631834723666e+53,-4.3529067247787214e+51
2008-01-11,-6.40330932045619e+53,-1.8476695384754583e+52
2008-01-14,-1.8339526220086993e+54,-5.188818653912393e+52
2008-01-15,-2.100232259226635e+54,-5.630768134430154e+52
2008-01-16,1.338800855685416e+54,3.9970563179832084e+52
2008-01-17,5.880166148050703e+54,1.7523417475834873e+53
2008-01-18,1.2917966640886132e+55,3.8369177826340335e+53
2008-01-22,4.0160350652840875e+55,1.1882688740506584e+54
2008-01-23,-1.7921365405953786e+55,-5.376076541086009e+53
2008-01-24,7.21065915710684e+53,7.011623650545488e+52
2008-01-25,3.5069519574181776e+54,3.396929035100853e+53
2008-01-28,1.3781806648558836e+55,1.3193740246648238e+54
2008-01-29,-1.8414400850220028e+55,-1.7683046970825494e+54
2008-01-30,-3.958846742636373e+55,-3.6615527352719616e+54
2008-01-31,-1.5134125177940471e+56,-1.389412066514006e+55
2008-02-01,-1.5369565624090214e+56,-1.3225841898787351e+55
2008-02-04,2.2518393051678146e+56,1.9483549676439365e+55
2008-02-05,5.9429979329125635e+56,4.841365408462301e+55
2008-02-06,7.132498716961633e+56,5.745395233299615e+55
2008-02-07,-1.0437109766476e+56,-1.3346024813374625e+55
2008-02-08,-8.181786382413337e+56,-1.0254898813457345e+56
2008-02-11,-3.799823121987286e+57,-4.7570455502783025e+56
2008-02-12,1.3248884993904753e+58,1.6642888017249944e+57
2008-02-13,4.592434666312095e+57,3.5819758041228736e+56
2008-02-14,4.069079501692776e+57,3.1188192306010522e+56
2008-02-15,2.68736400826603e+57,1.666695484702479e+56
2008-02-19,1.151656287614251e+58,6.668883968309011e+56
2008-02-20,3.0898421912510295e+58,1.785420229126114e+57
2008-02-21,5.377736606255019e+58,2.784918385705691e+57
2008-02-22,9.443742171500938e+58,4.487565044303092e+57
2008-02-25,1.53634843248164e+59,7.208943219668454e+57
2008-02-26,4.160652827893595e+59,1.950523337885084e+58
2008-02-27,1.063210091595434e+60,4.770387664948788e+58
2008-02-28,5.325064491471389e+60,2.3399635378874423e+59
2008-02-29,1.7641984512706654e+61,7.520663025966203e+59
2008-03-03,5.744025517471111e+61,2.4445626482625737e+60
2008-03-04,-2.696102992985056e+62,-1.1609629360568142e+61
2008-03-05,-1.08045321809957e+63,-4.3821967918971926e+61
2008-03-06,-2.389388195042359e+62,-9.363950418874821e+60
2008-03-07,-1.951908062717346e+62,-7.636503844592673e+60
2008-03-10,-4.838731031421438e+62,-1.7851412236316728e+61
2008-03-11,-1.0690004418496091e+63,-3.6746010755956176e+61
2008-03-12,-4.652946278977173e+63,-1.5549962427243875e+62
2008-03-13,-7.557694547066999e+63,-2.503906540656962e+62
2008-03-14,-1.6645324273162705e+64,-5.456729074083119e+62
2008-03-17,-1.0162754606688577e+64,-3.192672641412599e+62
2008-03-18,-3.298836158720493e+63,-1.025339505143762e+62
2008-03-19,6.419178432254232e+63,2.0021126437310944e+62
2008-03-20,1.3429809761227367e+64,4.098322013196537e+62
2008-03-24,1.3117090113006842e+64,3.5543253713161588e+62
2008-03-25,6.502288312501906e+64,1.731363399822546e+63
2008-03-26,1.0914992955158386e+65,2.8491902346731996e+63
2008-03-27,2.741019956324656e+64,7.006151294403537e+62
2008-03-28,3.2471216708245517e+64,7.84664800065201e+62
2008-03-31,3.7888948046063184e+64,8.494784698307484e+62
2008-04-01,1.8294460086172313e+65,3.906261054069103e+63
2008-04-02,3.953207829584088e+65,8.220960492417162e+63
2008-04-03,9.721087101662403e+65,1.9282050993309584e+64
2008-04-04,4.189915447939705e+66,8.30898067266301e+64
2008-04-07,1.268010808528332e+67,2.509601864378106e+65
2008-04-08,3.741398249635681e+66,7.250426069199568e+64
2008-04-09,-1.3557140863644733e+66,-2.6743748547938055e+64
2008-04-10,-1.642283059362441e+66,-3.2240698865289077e+64
2008-04-11,7.801637836601235e+65,1.639703802492019e+64
2008-04-14,3.0358411018458275e+65,6.216348487865304e+63
2008-04-15,1.4430475527342544e+65,2.9056639236202874e+63
2008-04-16,7.218382269963089e+65,1.3739044040073963e+64
2008-04-17,7.422584319181145e+65,1.2804000331596327e+64
2008-04-18,3.2597121259697677e+66,5.462162129839096e+64
2008-04-21,2.8985715074575125e+66,4.836259562223125e+64
2008-04-22,2.8202864466564926e+66,4.157742648010266e+64
2008-04-23,7.696165130383702e+66,1.0839845174674822e+65
2008-04-24,3.095861784372411e+66,3.21045937308344e+64
2008-04-25,1.1040185450435029e+67,1.1411108741876736e+65
2008-04-28,2.959194928801267e+67,3.035265006311393e+65
2008-04-29,-3.3558384489730806e+67,-4.1470479236180465e+65
2008-04-30,-1.3190351861896716e+68,-1.5991269592056552e+66
2008-05-01,-1.2466591541387848e+69,-1.4977872834994033e+67
2008-05-02,-1.0054319812440993e+69,-1.1342169493659011e+67
2008-05-05,-1.8925752377161867e+69,-2.118252285359399e+67
2008-05-06,-2.48977351165932e+69,-2.421881168136889e+67
2008-05-07,5.6840999941135746e+69,6.064039122112077e+67
2008-05-08,2.0183762234944915e+70,2.1448846367724005e+68
2008-05-09,-6.061432596318937e+69,-6.559305418309724e+67
2008-05-12,-1.5758911028894968e+70,-1.6996617274338259e+68
2008-05-13,-2.11570691533353e+70,-1.9158386918709528e+68
2008-05-14,-2.19223305292691e+70,-1.8983500274319986e+68
2008-05-15,-2.0988624514979952e+71,-1.7718112646948276e+69
2008-05-16,-6.126881179185249e+71,-4.9658319118655e+69
2008-05-19,-2.0979513714778713e+72,-1.632971243719476e+70
2008-05-20,4.9341520433424435e+71,6.3405884600488354e+69
2008-05-21,-7.153397776514334e+71,-9.572489367024125e+69
2008-05-22,-1.579529772494072e+71,1.240504122296972e+69
2008-05-23,-4.078616317396835e+70,-7.181373806729745e+67
2008-05-27,-1.5028154694509346e+70,-6.932947023369557e+65
2008-05-28,-4.551744137713004e+70,-2.0968084589034814e+66
2008-05-29,-5.936190869364895e+70,-2.5892207049381736e+66
2008-05-30,-1.0307078401755783e+71,-4.4020538401561295e+66
2008-06-02,1.4824719509923202e+71,6.787129058996347e+66
2008-06-03,-1.1758244633132293e+71,-5.3971540902343925e+66
2008-06-04,-4.1023848419043617e+70,-1.4212706914251588e+66
2008-06-05,-3.64661568727961e+71,-1.2361533100277202e+67
2008-06-06,-1.1847880481131553e+72,-3.6495398410985833e+67
2008-06-09,-1.4877716511951005e+72,-4.2839083452706284e+67
2008-06-10,-2.5076410021066797e+72,-7.203070411221275e+67
2008-06-11,-3.0492361462026695e+72,-8.720471964311491e+67
2008-06-12,-5.674926469854699e+72,-1.621870414617908e+68
2008-06-13,-7.120093738992547e+72,-1.8878393231628484e+68
2008-06-16,-3.687440731179163e+72,-8.110477963985496e+67
2008-06-17,-2.618290469985442e+72,-5.75329685828988e+67
2008-06-18,-4.624042629556491e+72,-1.0032297875352156e+68
2008-06-19,-1.719204433617364e+72,-3.533839364483563e+67
2008-06-20,-1.9055806999674564e+72,-3.9101765948406756e+67
2008-06-23,-3.7755164595380056e+72,-7.587129126993763e+67
2008-06-24,-2.766292196233831e+72,-5.556029601719304e+67
2008-06-25,-2.2069757050087315e+72,-4.102434007148578e+67
2008-06-26,-8.881077853303353e+72,-1.6221573339473741e+68
2008-06-27,-2.3084003950967708e+73,-4.208509809254747e+68
2008-06-30,-2.0681042227394728e+73,-3.764471685095101e+68
2008-07-01,-4.561678452920989e+73,-8.296726955800804e+68
2008-07-02,-1.0189007755932012e+74,-1.851968406251102e+69
2008-07-03,-2.2217847288671225e+73,-4.0124525102378375e+68
2008-07-07,-5.879074143542615e+72,-1.0598613981441318e+68
2008-07-08,-3.755050109440859e+72,-6.729206406393772e+67
2008-07-09,-1.1823811069042965e+73,-2.0232767455985927e+68
2008-07-10,-4.575972308227903e+73,-7.808568981558106e+68
2008-07-11,-7.151393759108532e+73,-1.1048845878386177e+69
2008-07-14,-2.4549668367696315e+74,-3.629786255326788e+69
2008-07-15,-6.385542308737291e+73,-9.342864145789336e+68
2008-07-16,1.0656861416233231e+74,1.7020761808231159e+69
2008-07-17,7.4380336579375e+73,1.0975344648640088e+69
2008-07-18,4.543434185815681e+73,6.701751323980047e+68
2008-07-21,7.009271294884119e+73,1.0338075735060577e+69
2008-07-22,-1.0896956417872935e+73,-1.6283192094060244e+68
2008-07-23,-7.569746465027169e+72,-1.1006536659617725e+68
2008-07-24,-1.8417730042999308e+73,-2.5999567169906484e+68
2008-07-25,-2.0828600579671523e+73,-2.783514288382171e+68
2008-07-28,-4.2817904461006155e+73,-5.549804019842349e+68
2008-07-29,-8.630873529498263e+73,-1.0154487466853065e+69
2008-07-30,-8.083110288076511e+73,-8.208773667324479e+68
2008-07-31,-3.6551752084483937e+74,-3.5621013373951076e+69
2008-08-01,-6.921290601205251e+74,-6.387628154308025e+69
2008-08-04,2.297424878845476e+74,2.1960906635186567e+69
2008-08-05,6.311020819013259e+74,5.4318711934574184e+69
2008-08-06,9.030591514943137e+74,7.408046278653635e+69
2008-08-07,9.2607583371206e+75,7.216842996941415e+70
2008-08-08,5.659733150464067e+76,4.3010090222159307e+71
2008-08-11,8.442701710528506e+76,5.28152092920043e+71
2008-08-12,3.100698657811094e+77,1.8165006138432585e+72
2008-08-13,-4.696512224077749e+77,-2.779985910367144e+72
2008-08-14,-2.333630146091919e+78,-1.3604163736138856e+73
2008-08-15,-1.1477485704989728e+79,-6.686303508961958e+73
2008-08-18,-1.1385106654735067e+79,-6.13733223911145e+73
2008-08-19,1.6612412798178475e+79,9.590045631681687e+73
2008-08-20,4.147487554855193e+79,2.301754747051452e+74
2008-08-21,-1.6298819851946357e+80,-9.324535631663154e+74
2008-08-22,-7.766858183566713e+80,-4.256565396808156e+75
2008-08-25,-4.358654117172827e+81,-2.2995273206635943e+76
2008-08-26,-1.1742860377610201e+82,-5.926923178196268e+76
2008-08-27,-2.0302202644559725e+82,-9.802594646937136e+76
2008-08-28,-8.031518138878548e+82,-3.8168928664508066e+77
2008-08-29,1.1335152449353157e+83,5.453907767407073e+77
2008-09-02,7.321710690743519e+83,3.50953788923032e+78
2008-09-03,2.7903460970942813e+84,1.257912693225018e+79
2008-09-04,1.8438598630813684e+85,8.124447895946452e+79
2008-09-05,-4.057999143034515e+84,-1.9313329933654112e+79
2008-09-08,-4.2378202355512575e+85,-2.003464601876633e+80
2008-09-09,-2.3791704129625444e+86,-1.0924900578169793e+81
2008-09-10,3.279959363745601e+86,1.5240578748258709e+81
2008-09-11,-3.7477826468270375e+86,-1.7658030063838184e+81
2008-09-12,3.2769607514199496e+87,1.586117009262373e+82
2008-09-15,2.6748464666825312e+88,1.2551847492126808e+83
2008-09-16,3.656321837522943e+88,1.4975786870783098e+83
2008-09-17,1.8918062960436218e+89,7.583519517609899e+83
2008-09-18,3.719402769049517e+89,1.442993967489935e+84
2008-09-19,1.328928016817249e+89,4.226492348550939e+83
2008-09-22,1.9998437685464636e+89,5.52583809556458e+83
2008-09-23,1.449478628473483e+89,4.0039217006073724e+83
2008-09-24,2.082416307325166e+89,5.614017335848276e+83
2008-09-25,1.583145766722148e+89,4.263180467247431e+83
2008-09-26,2.71113870298195e+89,7.234512367803532e+83
2008-09-29,9.282617312148964e+89,2.4652742233680106e+84
2008-09-30,1.2635716588793623e+90,3.3083081042407235e+84
2008-10-01,2.239928598607403e+90,5.84324032541488e+84
2008-10-02,4.700123242332247e+90,1.2160617795676226e+85
2008-10-03,5.521306141319799e+90,1.42673114934854e+85
2008-10-06,1.3361435024362793e+91,3.429421713409432e+85
2008-10-07,1.4624363025847884e+91,3.749621188960041e+85
2008-10-08,1.0650755775815366e+91,2.7284915011929563e+85
2008-10-09,1.0786750938246249e+91,2.760734826847936e+85
2008-10-10,-1.4619182900342195e+90,-3.748807666312142e+84
2008-10-13,-6.646611346999719e+89,-1.645007612052248e+84
2008-10-14,-6.496406627922955e+89,-1.5704317747036988e+84
2008-10-15,-1.2438663299602307e+90,-2.960460210303711e+84
2008-10-16,-1.315373941437095e+90,-3.0868105535594925e+84
2008-10-17,-1.4320757611532252e+90,-3.291131009894654e+84
2008-10-20,-2.4324116574280676e+90,-5.516405233082308e+84
2008-10-21,-4.892706247461627e+90,-1.1094006579203089e+85
2008-10-22,-1.1383765996106942e+91,-2.5798059225189004e+85
2008-10-23,-1.1436822889702972e+91,-2.5874075629361606e+85
2008-10-24,-2.051610135331965e+91,-4.640134899312381e+85
2008-10-27,-2.104156389907588e+91,-4.757401716416083e+85
2008-10-28,3.232928576737772e+90,7.531625458269545e+84
2008-10-29,6.063095045475277e+89,1.2485389966296635e+84
2008-10-30,5.689152665799079e+89,1.1693267232998155e+84
2008-10-31,1.0235864943024543e+90,2.1037032729332143e+84
2008-11-03,1.291152765689949e+90,2.6533829808681743e+84
2008-11-04,-5.349504421416369e+89,-1.1178841346063773e+84
2008-11-05,-9.142742251929132e+89,-1.876549031747143e+84
2008-11-06,-1.6302421063858984e+90,-3.3001438027055895e+84
2008-11-07,-1.4310524659983693e+90,-2.8947087324514973e+84
2008-11-10,-1.4890803206621176e+90,-3.0115668422887662e+84
2008-11-11,-2.6145837090429385e+90,-5.207409682731486e+84
2008-11-12,-3.735154002837823e+90,-7.183422718442113e+84
2008-11-13,-1.4587329190985823e+89,3.231136271182624e+82
2008-11-14,-3.2951032656495896e+89,7.124577302186195e+82
2008-11-17,-4.5588471095103686e+89,9.844542209473006e+82
2008-11-18,-7.616676117186297e+89,1.642236408854955e+83
2008-11-19,-1.7681423627944414e+90,3.809973641353697e+83
2008-11-20,-5.351160963887195e+90,1.152428804043636e+84
2008-11-21,-8.379506082805645e+90,1.78182974112656e+84
2008-11-24,1.9312414655794237e+90,-4.3738416276587937e+83
2008-11-25,5.339167665648997e+90,-1.2026123678982187e+84
2008-11-26,5.14004254152276e+90,-1.1539789227570303e+84
2008-11-28,8.0422240039660195e+90,-1.8042877539050384e+84
2008-12-01,3.42190646608382e+91,-7.637288143823902e+84
2008-12-02,4.586411188467176e+91,-1.0205171859855961e+85
2008-12-03,7.630226125840845e+91,-1.684931470064101e+85
2008-12-04,1.3797741438792683e+92,-3.0422994549838534e+85
2008-12-05,-3.012749452448058e+91,6.816731473356687e+84
2008-12-08,-2.1953363744912e+91,4.9460417533474575e+84
2008-12-09,-6.614501703817773e+91,1.4884011089180491e+85
2008-12-10,-1.4750882642208717e+92,3.2414640436030904e+85
2008-12-11,-2.3003519876068493e+92,4.977907017252032e+85
2008-12-12,-3.1543134971557635e+92,6.79014660092875e+85
2008-12-15,-6.336347242239894e+92,1.3574916130670352e+86
2008-12-16,-3.0511429784981968e+93,6.513508823353019e+86
2008-12-17,-7.863001767266309e+93,1.675469789348232e+87
2008-12-18,-2.7745682504360736e+94,5.852348129679512e+87
2008-12-19,2.6576836607485913e+93,-6.436917322406296e+86
2008-12-22,6.420266613414358e+93,-1.5498938396193165e+87
2008-12-23,7.514954958237574e+93,-1.8122305207376015e+87
2008-12-24,1.096612559026807e+94,-2.625996722003757e+87
2008-12-26,2.236282549792543e+94,-5.352817750069751e+87
2008-12-29,4.401191796891076e+94,-1.0462228213296596e+88
2008-12-30,1.0537064390002119e+95,-2.4876509424378717e+88
2008-12-31,1.843647162242635e+95,-4.3494754335069574e+88
2009-01-02,7.488805494046583e+94,-1.762424684558551e+88
2009-01-05,1.3158293913621895e+95,-3.0898924102958654e+88
2009-01-06,2.0637387857167858e+95,-4.8345180376185375e+88
2009-01-07,-3.9954285405279193e+95,9.395171386716641e+88
2009-01-08,-5.04899534617605e+95,1.1838623132093403e+89
2009-01-09,-3.5786803741161793e+95,8.234397151992501e+88
2009-01-12,5.010626107171903e+95,-1.1722138090955216e+89
2009-01-13,5.730697576872763e+95,-1.325363377814364e+89
2009-01-14,1.906769402388902e+95,-4.171826838486475e+88
2009-01-15,2.5995597715986847e+95,-5.6113193595542915e+88
2009-01-16,8.049653174770592e+95,-1.7371724971833779e+89
2009-01-20,9.279022633542968e+95,-1.955426972541459e+89
2009-01-21,-1.2444476083419278e+96,2.643928065597167e+89
2009-01-22,-8.356923560147607e+95,1.71689738762764e+89
2009-01-23,-1.883877321904911e+96,3.866269264798673e+89
2009-01-26,-1.255473405704137e+96,2.4736792714271678e+89
2009-01-27,-3.1894634068927427e+96,6.277931126095954e+89
2009-01-28,-1.282868938468383e+97,2.4849249488074706e+90
2009-01-29,-7.307811226640989e+96,1.298497567858478e+90
2009-01-30,-2.41650061303177e+97,4.286459567923442e+90
2009-02-02,3.1859079036493988e+97,-5.689610893512769e+90
2009-02-03,-7.521980638128149e+96,1.3671004563332739e+90
2009-02-04,-1.3863254659296474e+97,2.4473614762286156e+90
2009-02-05,-2.0112861383592835e+97,3.524155904200004e+90
2009-02-06,-5.56285206414697e+97,9.702482705688614e+90
2009-02-09,-1.9722607027254123e+97,3.4150854590978493e+90
2009-02-10,-7.546471636037075e+97,1.269847390225194e+91
2009-02-11,-2.281011077358862e+98,3.8034193052927675e+91
2009-02-12,-4.3181415015796425e+98,7.186785424522242e+91
2009-02-13,-1.4260672865023552e+98,2.357366049856518e+91
2009-02-17,-7.077962425052502e+98,1.157960470157003e+92
2009-02-18,-1.1236887156780583e+99,1.7413095083824076e+92
2009-02-19,-1.500186535084116e+98,1.5733845846407278e+91
2009-02-20,-1.965214406905542e+98,2.059621918857531e+91
2009-02-23,-2.9351316048117496e+98,3.0724348324851853e+91
2009-02-24,2.7179383606027148e+98,-2.8476371905873932e+91
2009-02-25,2.7819657788632343e+98,-2.90861512184156e+91
2009-02-26,5.3333344834930295e+97,-5.497661907269963e+90
2009-02-27,4.714093295657009e+97,-4.853413569624786e+90
2009-03-02,4.054533587939555e+97,-4.171923010355786e+90
2009-03-03,2.4033860147704464e+97,-2.467176491536623e+90
2009-03-04,1.6110275668581064e+97,-1.6461625300165336e+90
2009-03-05,4.577743217718293e+97,-4.663809437491214e+90
2009-03-06,3.867730204509236e+97,-3.9339896256457688e+90
2009-03-09,7.430848446405054e+96,-7.540648252241476e+89
2009-03-10,2.592330387792827e+94,1.115879102000128e+88
2009-03-11,2.3300993891399507e+94,9.841286269336197e+87
2009-03-12,4.460838176078111e+94,1.867922430154238e+88
2009-03-13,6.795701598470203e+94,2.844306046548662e+88
2009-03-16,2.4654481172708244e+94,1.0260290605565347e+88
2009-03-17,2.614835653198851e+94,1.0779432612891235e+88
2009-03-18,1.4604474475271944e+95,5.887452759007828e+88
2009-03-19,4.2848711021446497e+95,1.704956785757901e+89
2009-03-20,1.8515399210297834e+95,7.333313367753547e+88
2009-03-23,7.10999772837989e+95,2.7948594487235037e+89
2009-03-24,8.64485049220701e+94,1.5917856443658196e+88
2009-03-25,1.2297697465127089e+95,2.264067454581707e+88
2009-03-26,2.226162396077879e+95,4.075660771658891e+88
2009-03-27,-7.259526401542464e+94,-1.331437409792195e+88
2009-03-30,-6.7066893676016685e+93,-8.198537894523392e+86
2009-03-31,-1.6805080497231293e+94,-1.9921724402008804e+87
2009-04-01,-3.588024190888828e+94,-4.246873693395088e+87
2009-04-02,-1.2531719999011759e+95,-1.477495364044618e+88
2009-04-03,-1.8973740653373683e+95,-2.1170131414782696e+88
2009-04-06,-1.1675237002024735e+95,-1.3024302564923852e+88
2009-04-07,-2.8005721278839343e+94,-3.076985090207561e+87
2009-04-08,-6.762661403308408e+94,-7.204686139519359e+87
2009-04-09,-1.7021976052474646e+95,-1.760903251811627e+88
2009-04-13,-3.984390795862214e+95,-3.932323774597028e+88
2009-04-14,2.196277583796352e+94,2.3121841881548825e+87
2009-04-15,6.269546529422634e+94,6.588407719572937e+87
2009-04-16,1.2454698344742187e+95,1.2964774165897146e+88
2009-04-17,1.2741256021195863e+95,1.3217380783240215e+88
2009-04-20,-2.2803309796003805e+95,-2.4631428372573744e+88
2009-04-21,-6.023810912972777e+95,-6.431057690420255e+88
2009-04-22,-3.7439010767205335e+95,-3.7595040393823494e+88
2009-04-23,-8.727356231367446e+95,-8.721608132131999e+88
2009-04-24,-2.9083042540279144e+96,-2.890843727444177e+89
2009-04-27,1.7486727023553897e+96,1.7939303859783906e+89
2009-04-28,9.698278200831746e+95,9.923500584454776e+88
2009-04-29,3.661835272981055e+96,3.7292670500275755e+89
2009-04-30,7.025573596087148e+96,7.150463593504598e+89
2009-05-01,1.1079380872346317e+97,1.0933670709199638e+90
2009-05-04,6.880577872750065e+97,6.765227050112072e+90
2009-05-05,1.0930725293331989e+98,1.065950081551584e+91
2009-05-06,5.741879626391009e+98,5.58930767891072e+91
2009-05-07,-1.9204276203138697e+99,-1.883334590831298e+92
2009-05-08,-1.2985376737868602e+100,-1.2667283172172075e+93
2009-05-11,1.215441795320235e+100,1.189319852989207e+93
2009-05-12,4.6451362810809346e+100,4.54281747862819e+93
2009-05-13,-1.4476215480331278e+101,-1.421259877387738e+94
2009-05-14,-3.1343436736426955e+101,-3.066066541541932e+94
2009-05-15,2.2011938870720607e+101,2.1605456239947674e+94
2009-05-18,1.1447637318055296e+102,1.1203710500625571e+95
2009-05-19,3.901546852310255e+102,3.8110039070993044e+95
2009-05-20,1.8463009951664105e+103,1.7997729968710544e+96
2009-05-21,-2.762423098367013e+103,-2.6992949957533196e+96
2009-05-22,-4.288615689509202e+103,-4.1522110413188714e+96
2009-05-26,-1.1774183431072745e+104,-1.1362579305043032e+97
2009-05-27,2.972019318959101e+104,2.8967500091961777e+97
2009-05-28,1.5314720493011975e+105,1.487654705671429e+98
2009-05-29,1.6212697722502393e+106,1.5737571144477945e+99
2009-06-01,6.715464867105941e+106,6.265353494482168e+99
2009-06-02,2.3927275605877466e+107,2.1711759341169723e+100
2009-06-03,-9.376589972995092e+107,-8.559656483524548e+100
2009-06-04,-3.929161924143482e+108,-3.492003582632044e+101
2009-06-05,6.77414944645916e+108,6.03123945120029e+101
2009-06-08,-2.9238529305076134e+107,-2.9953887915576044e+100
2009-06-09,-8.749231489370513e+107,-8.958533471479334e+100
2009-06-10,-1.0557642470502959e+108,-1.07813408049098e+101
2009-06-11,-2.683900368111339e+108,-2.737786128556131e+101
2009-06-12,-2.419347683884935e+108,-2.21834693255478e+101
2009-06-15,1.2310099914722154e+109,1.129656057031669e+102
2009-06-16,-2.1381506141614685e+107,-3.1579704967830005e+100
2009-06-17,-3.0456739783781536e+107,-4.396466380206315e+100
2009-06-18,3.2446509554268793e+107,4.6905339965290965e+100
2009-06-19,8.134455040893361e+107,1.1713427831465026e+101
2009-06-22,-1.7148590282986114e+108,-2.609360624409543e+101
2009-06-23,-7.484763812768964e+108,-1.1289317053432585e+102
2009-06-24,-1.4136379143892738e+109,-2.0572758741684602e+102
2009-06-25,-9.307976504249186e+109,-1.3493048212111797e+103
2009-06-26,-1.0666834720452759e+110,-1.5405574690682393e+103
2009-06-29,-3.3956207889832097e+110,-4.839973491292455e+103
2009-06-30,1.1607592207652097e+110,1.8090536790294268e+103
2009-07-01,3.623659518253377e+110,5.528045787058508e+103
2009-07-02,-1.1165981692819982e+111,-1.758950658525935e+104
2009-07-06,1.2135795565071556e+111,1.9207602296449776e+104
2009-07-07,1.7548884372861647e+111,2.4500847880066267e+104
2009-07-08,9.009470467047803e+111,1.257392615793826e+105
2009-07-09,1.0184571605486306e+112,1.32999270071444e+105
2009-07-10,2.276016868719443e+112,2.958855208176695e+105
2009-07-13,1.4050592416109914e+112,1.8209037306241252e+105
2009-07-14,-1.4975763724184637e+112,-2.0171910556486122e+105
2009-07-15,-1.093904685092287e+113,-1.4359737883436364e+106
2009-07-16,-3.740558546113839e+113,-4.764948235279562e+106
2009-07-17,-5.569132095902312e+113,-6.877140589953938e+106
2009-07-20,-4.356418367961254e+114,-5.332345111542851e+107
2009-07-21,-2.7637583328068277e+115,-3.3595651759367766e+108
2009-07-22,-9.573481124790018e+114,-1.0257464740677093e+108
2009-07-23,-5.2204379742261225e+115,-5.554460176182266e+108
2009-07-24,-1.3949526173704817e+116,-1.4817556462671733e+109
2009-07-27,-1.9620391141134475e+116,-2.079248665494805e+109
2009-07-28,-2.7231107685705764e+116,-2.7241199498758627e+109
2009-07-29,-1.9688467000776913e+116,-1.9198291222572724e+109
2009-07-30,-1.386746202082439e+117,-1.3444531673632241e+110
2009-07-31,-1.2718276372132944e+118,-1.222800873298241e+111
2009-08-03,-5.481515874793405e+118,-5.230121892386246e+111
2009-08-04,-1.0529301428860938e+119,-9.981617633095878e+111
2009-08-05,-1.8108393896981804e+119,-1.6669833129078031e+112
2009-08-06,2.855261585104051e+119,2.6360894368016434e+112
2009-08-07,5.3841258808589396e+119,4.9605749079021395e+112
2009-08-10,3.715532323689821e+119,3.3806926545554243e+112
2009-08-11,-1.5626736309534052e+119,-1.5961432373086744e+112
2009-08-12,-3.794018567632239e+119,-3.8271050061874786e+112
2009-08-13,-2.3599338562941555e+120,-2.367134697968369e+113
2009-08-14,4.853321396413875e+120,4.92541431168137e+113
2009-08-17,-2.7888288238208014e+121,-2.875753637724251e+114
2009-08-18,-1.1415008431670135e+122,-1.1588704122905367e+115
2009-08-19,-5.0887652354886e+122,-5.111242612881142e+115
2009-08-20,-2.198250120833279e+123,-2.1968212256032686e+116
2009-08-21,-1.0424300893428708e+124,-1.041025727439339e+117
2009-08-24,-1.878377725899886e+124,-1.861078601821956e+117
2009-08-25,-4.563775714467103e+124,-4.5066635339398537e+117
2009-08-26,-1.0120988552491519e+125,-9.976634391158155e+117
2009-08-27,-1.3200070307169827e+125,-1.2509437277812964e+118
2009-08-28,-4.958419475733837e+125,-4.696573202299551e+118
2009-08-31,-3.990958875598301e+124,-1.948190359418532e+117
2009-09-01,2.279578315616877e+125,1.1143508915474403e+118
2009-09-02,1.3629584205781303e+126,6.638469987077385e+118
2009-09-03,8.029526622868298e+126,3.9010077442946455e+119
2009-09-04,2.797672049584595e+127,1.3543815207016273e+120
2009-09-08,1.6652709829538765e+128,7.999087357578269e+120
2009-09-09,3.2738564140881195e+128,1.5672548304904595e+121
2009-09-10,2.819895888970412e+129,1.3490497203563027e+122
2009-09-11,1.1932247745580064e+130,5.6674730013778155e+122
2009-09-14,-6.05574890471451e+129,-2.905407310674963e+122
2009-09-15,-2.824478542600216e+130,-1.3487105556947358e+123
2009-09-16,-2.678833480761331e+131,-1.2762750687481664e+124
2009-09-17,-5.758421875015738e+131,-2.730705694508873e+124
2009-09-18,1.3570882543987215e+132,6.453931441617313e+124
2009-09-21,-1.2482308171655684e+132,-6.139414006823125e+124
2009-09-22,-8.617308024926782e+132,-4.220522692340382e+125
2009-09-23,2.1030971151856234e+133,1.0591227034662092e+126
2009-09-24,-9.338375589621166e+133,-4.7107745230626144e+126
2009-09-25,-1.7829115103071337e+134,-8.914739088790717e+126
2009-09-28,-1.3789758021441898e+135,-6.879027593907144e+127
2009-09-29,1.1501305344516542e+135,5.7688148768704e+127
2009-09-30,4.580412207959275e+135,2.2571375490530976e+128
2009-10-01,-5.780798307676291e+136,-2.8542620256313736e+129
2009-10-02,1.6452235709754333e+137,8.359269125757903e+129
2009-10-05,1.760587278698859e+138,8.937451245726624e+130
2009-10-06,1.0966229147047312e+139,5.529455487657752e+131
2009-10-07,7.141388094807472e+139,3.5705503282443566e+132
2009-10-08,3.2259961398572852e+140,1.587980239789346e+133
2009-10-09,-1.3545773399715019e+141,-6.679793145328602e+133
2009-10-12,-5.773449128207429e+141,-2.807497247990089e+134
2009-10-13,-1.487546489163891e+142,-7.227071788222681e+134
2009-10-14,-9.514915814497961e+142,-4.530817418950392e+135
2009-10-15,2.910296014288732e+142,1.4269135013144999e+135
2009-10-16,-3.504047800487731e+142,-1.7441953040799742e+135
2009-10-19,-2.881200330415152e+143,-1.4084058243626192e+136
2009-10-20,6.14601041124461e+142,3.095802552009577e+135
2009-10-21,-2.712153768154521e+142,-1.3905091898148576e+135
2009-10-22,-1.430304706279296e+143,-7.264220942325228e+135
2009-10-23,5.8297102981219604e+143,2.9799627812045184e+136
2009-10-26,-3.268450510085209e+144,-1.7036449542646419e+137
2009-10-27,6.365216923684687e+143,5.025118633699571e+136
2009-10-28,-2.3222470341898788e+144,-1.9939211182710904e+137
2009-10-29,-3.05728781169791e+145,-2.5612604633106487e+138
2009-10-30,-4.099269725756018e+145,-2.7017495718411544e+138
2009-11-02,-1.3583614143428918e+146,-8.900576799658611e+138
2009-11-03,-6.972210948062549e+146,-4.492844577082294e+139
2009-11-04,-2.1972485073841512e+147,-1.3831992724330408e+140
2009-11-05,-1.6751736807581022e+148,-1.0327374439213274e+141
2009-11-06,-9.06062194500123e+147,-5.301507922585011e+140
2009-11-09,-8.258862389117993e+148,-4.7698625278224595e+141
2009-11-10,1.0184106453212321e+148,6.164164893775695e+140
2009-11-11,4.508510596456414e+148,2.727750522620231e+141
2009-11-12,-9.367679557134566e+148,-5.882350256041833e+141
2009-11-13,-4.803283128305868e+149,-2.960847324253531e+142
2009-11-16,-5.3259004711616106e+150,-3.2806906699885476e+143
2009-11-17,-8.360593170853975e+150,-4.97528078194681e+143
2009-11-18,-1.077613969015687e+150,-3.3339595274801397e+142
2009-11-19,2.718858109942191e+150,8.460641038327964e+142
2009-11-20,-1.54552139540777e+150,-4.880415413180253e+142
2009-11-23,-8.125997819250621e+150,-2.5196845796170583e+143
2009-11-24,-2.0093809426056615e+151,-6.069937728975944e+143
2009-11-25,-1.5283657623284915e+152,-4.612296307031732e+144
2009-11-27,9.431356749718224e+152,2.9603902709961016e+145
2009-11-30,7.34369454037875e+153,2.2407215077394126e+146
2009-12-01,5.2275265820639893e+154,1.579787969132898e+147
2009-12-02,1.0195519918703975e+155,2.941527514966867e+147
2009-12-03,-1.4319763844502455e+155,-4.5109370794973415e+147
2009-12-04,4.847950736931215e+155,1.5304831107627223e+148
2009-12-07,-5.930445100601182e+155,-1.906318737083151e+148
2009-12-08,-4.083331907606985e+154,2.5775481579588855e+147
2009-12-09,3.651195389072947e+154,-2.6217587383864317e+147
2009-12-10,8.971019216891019e+154,-6.206965571574556e+147
2009-12-11,-6.173023486316602e+154,4.8781399787902865e+147
2009-12-14,-5.769864159676313e+155,4.508116678089375e+148
2009-12-15,3.3873427378606266e+156,-2.7739327529800814e+149
2009-12-16,2.7052164747247255e+157,-2.1733159402283425e+150
2009-12-17,9.552967095280569e+157,-6.724196854949973e+150
2009-12-18,2.8260884168079596e+158,-1.8677899807349965e+151
2009-12-21,9.47184813835529e+158,-5.0933687866772303e+151
2009-12-22,3.3168912471005898e+159,-1.6389361253051801e+152
2009-12-23,1.407517057157852e+160,-6.592884843864205e+152
2009-12-24,6.056964928142284e+160,-2.718658843921173e+153
2009-12-28,4.6445250363149535e+160,-2.0740157396262524e+153
2009-12-29,-6.007606060129211e+160,2.7109632299729833e+153
2009-12-30,-1.4958326483594866e+161,6.587417283808722e+153
2009-12-31,6.594437116398856e+160,-3.034141276291402e+153
2010-01-04,6.273566087636234e+161,-2.871063422142612e+154
2010-01-05,2.8688048065750606e+162,-1.2731570732299964e+155
2010-01-06,9.918925209865628e+162,-4.386049087115838e+155
2010-01-07,3.032737673120351e+163,-1.3388858994538937e+156
2010-01-08,9.006614897104786e+163,-3.960557043752808e+156
2010-01-11,1.3817608466318652e+164,-6.053989664149517e+156
2010-01-12,-7.637765653025186e+164,3.571406564124442e+157
2010-01-13,-3.5415684523138394e+165,1.5463775221884374e+158
2010-01-14,-8.982970483315302e+165,3.9055039062095076e+158
2010-01-15,5.093915113302524e+166,-2.3759319211265113e+159
2010-01-19,4.902655710500635e+167,-2.1905603678099916e+160
2010-01-20,-2.072499249216718e+168,1.0417823743887723e+161
2010-01-21,2.1970667804000007e+169,-1.1345624075159597e+162
2010-01-22,3.239777131088352e+167,6.97658408523914e+161
2010-01-25,3.12098575745263e+167,5.222335693539763e+161
2010-01-26,7.801832699809535e+167,1.290567733728223e+162
2010-01-27,1.4315069030767097e+168,2.0276650371881025e+162
2010-01-28,1.532493142432986e+168,1.6619712840939723e+162
2010-01-29,1.5366116860377996e+169,1.5955250152244445e+163
2010-02-01,-2.6971420837309828e+169,-3.490175206980753e+163
2010-02-02,-1.0023593732994213e+170,-1.155243386822815e+164
2010-02-03,-3.3080275932613606e+170,-3.381859286475974e+164
2010-02-04,-2.639698866797401e+171,-2.5761983755770154e+165
2010-02-05,-8.150206890317747e+171,-7.236681538188023e+165
2010-02-08,-1.9296598007041358e+172,-1.6998213352779095e+166
2010-02-09,6.33946682983584e+172,5.978359122197589e+166
2010-02-10,2.5187574265171313e+172,2.2652604008114696e+166
2010-02-11,-1.9572982032511534e+172,-1.9907727838846516e+166
2010-02-12,-5.313639499944201e+172,-5.3808908370796416e+166
2010-02-16,-2.7843067953500296e+173,-2.627751147784515e+167
2010-02-17,-5.914550088056087e+173,-5.247825993739134e+167
2010-02-18,-2.193909595758143e+174,-1.8984531084918524e+168
2010-02-19,-7.299374562319014e+174,-6.122478342602167e+168
2010-02-22,-5.721995176686649e+174,-2.7556135126241507e+168
2010-02-23,-2.312160845397176e+175,-8.984149498792537e+168
2010-02-24,-1.1921660526536045e+176,-4.496492127749429e+169
2010-02-25,-1.0182810141180845e+176,-3.7872747265224175e+169
2010-02-26,-7.051863605040099e+176,-2.553246160430298e+170
2010-03-01,-3.0379426392525433e+177,-1.0745249336215258e+171
2010-03-02,-1.37397142801937e+178,-4.82714311273249e+171
2010-03-03,-2.8102974890746853e+178,-9.437528139601738e+171
2010-03-04,-1.2017241542902862e+179,-4.020227799960171e+172
2010-03-05,-6.895640382882637e+179,-2.2584967145951528e+173
2010-03-08,-1.0174576061422722e+180,-3.115466582561454e+173
2010-03-09,-2.7501858893108732e+180,-8.332546562435024e+173
2010-03-10,-5.988717083402408e+180,-1.7452132855365487e+174
2010-03-11,-1.2720216526243024e+181,-3.6857999083100553e+174
2010-03-12,-1.468341836908948e+181,-3.9502643598804793e+174
2010-03-15,-6.425163360272878e+180,-1.66804631558736e+174
2010-03-16,-8.096744274445527e+181,-2.0924064891053136e+175
2010-03-17,-5.431326725634987e+182,-1.3997534860423267e+176
2010-03-18,1.1440086286929322e+182,3.0542136518154097e+175
2010-03-19,-5.684633296539932e+182,-1.552549669924148e+176
2010-03-22,-3.712081646638881e+183,-9.845436174539209e+176
2010-03-23,-1.5722143390597218e+184,-4.14259214671622e+177
2010-03-24,1.4538635778330444e+185,3.9586038061786035e+178
2010-03-25,9.256137880183069e+184,-3.3048431688645073e+177
2010-03-26,5.394513459054699e+185,-1.7252608086540895e+178
2010-03-29,4.075757870617475e+186,-1.2148944820931644e+179
2010-03-30,8.147001172334038e+186,-1.7023026454451945e+179
2010-03-31,6.940966552855417e+185,1.1756525607060041e+178
2010-04-01,9.571655067945186e+186,1.6131217510309522e+179
2010-04-05,6.118586781563904e+187,9.332165481410268e+179
2010-04-06,4.07621647876319e+188,6.158901426542174e+180
2010-04-07,-8.779928661115734e+187,-1.4816073437180497e+180
2010-04-08,-1.4807431821041735e+188,-2.3968091355555005e+180
2010-04-09,-1.0367287543587864e+189,-1.673374037577929e+181
2010-04-12,-5.2929583681713436e+188,6.560711020573698e+179
2010-04-13,-3.7021995476638935e+189,4.560718230146325e+180
2010-04-14,-4.459813663112014e+190,5.486004015753996e+181
2010-04-15,-5.7667371039770855e+190,6.892158996122473e+181
2010-04-16,1.2410955091720142e+192,-1.4925726264203464e+183
2010-04-19,-2.638890363853642e+192,3.701390859193007e+183
2010-04-20,-3.8850722432299e+193,5.4031085157776444e+184
2010-04-21,-2.7576390242775954e+194,3.793670883625696e+185
2010-04-22,3.1419164358601284e+194,-4.387722733189955e+185
2010-04-23,2.8470694956069615e+195,-3.967218816491102e+186
2010-04-26,-7.721931670756879e+194,1.1775608615185794e+186
2010-04-27,4.348065344253079e+195,-6.876322587294939e+186
2010-04-28,8.384104434413915e+195,-1.1457452805627477e+187
2010-04-29,1.1361756109205151e+197,-1.548936547912959e+188
2010-04-30,3.753079598999005e+197,-5.075613009525487e+188
2010-05-03,2.416507653742448e+198,-3.2417981415879563e+189
2010-05-04,-8.118284533382807e+198,1.1512470834768444e+190
2010-05-05,-1.098285961193523e+199,1.2392777070230647e+190
2010-05-06,-9.363451844874694e+199,1.0125121364719365e+191
2010-05-07,1.1932412929790106e+200,-1.4084432694563668e+191
2010-05-10,3.185777959910434e+200,-3.467013567389064e+191
2010-05-11,2.9952759482018624e+201,-3.2535668018146457e+192
2010-05-12,8.661747144619683e+201,-9.097373406788514e+192
2010-05-13,1.983698238848469e+202,-2.0183245732610426e+193
2010-05-14,8.62910917770174e+202,-8.771145563910087e+193
2010-05-17,-1.0188195846678637e+203,1.046316243492968e+194
2010-05-18,-8.747964649063046e+203,8.790787401524136e+194
2010-05-19,4.792841353347707e+204,-4.841074338842777e+195
2010-05-20,2.0645390811186382e+204,-1.4488789332228915e+195
2010-05-21,3.238398344871537e+204,-2.2545671388664723e+195
2010-05-24,1.6739608943983996e+205,-1.1597442629344533e+196
2010-05-25,3.160815536635037e+205,-2.185160830847194e+196
2010-05-26,1.0297690630189243e+206,-6.853536814599356e+196
2010-05-27,-3.2994622409451975e+206,2.315626458306383e+197
2010-05-28,-8.995982982995618e+206,6.229056728691022e+197
2010-06-01,-2.9581101020486815e+207,2.0416717661437122e+198
2010-06-02,-6.232765088886636e+206,6.241745246137909e+196
2010-06-03,4.655866105473396e+206,-5.931512875962848e+196
2010-06-04,5.110421918936721e+207,-6.40582102140357e+197
2010-06-07,4.546594979231003e+208,-5.617014355069243e+198
2010-06-08,-3.1351432838207404e+208,3.9312493965817214e+198
2010-06-09,-4.772102283406718e+207,2.1108418163248043e+197
2010-06-10,3.5469053235826567e+208,-1.5733150601355143e+198
2010-06-11,1.8054999116319113e+209,-7.948127033994032e+198
2010-06-14,-1.0002717253458361e+209,5.215206134728993e+198
2010-06-15,-1.7760547558255342e+209,8.941864090849118e+198
2010-06-16,-3.1281767869260506e+209,1.567488420883233e+199
2010-06-17,-1.8018853899208542e+210,8.94330445973106e+199
2010-06-18,-3.690473938944972e+210,1.8241222347241656e+200
2010-06-21,-3.4264690157962645e+210,1.543155155680146e+200
2010-06-22,-1.8586548622546053e+211,8.023382969004971e+200
2010-06-23,-5.413383947366354e+211,2.273155507080858e+201
2010-06-24,7.292995196728276e+211,-3.6115495433792683e+201
2010-06-25,4.119403449029903e+212,-1.9912338470108554e+202
2010-06-28,1.6905987360352702e+213,-8.164841833541695e+202
2010-06-29,7.938703972388742e+213,-3.717594989408168e+203
2010-06-30,3.2469013622855887e+214,-1.5151177666021217e+204
2010-07-01,7.241488963667199e+214,-2.614277170279758e+204
2010-07-02,-2.2696915647276316e+215,8.212242902849686e+204
2010-07-06,-2.2214793259817956e+216,7.994341757110642e+205
2010-07-07,-1.0240439628996419e+217,3.460111186297256e+206
2010-07-08,-9.281869324482743e+216,3.051824244206842e+206
2010-07-09,9.580809550912719e+216,-3.1865506384043727e+206
2010-07-12,1.3223647376611187e+217,-4.363337813170994e+206
2010-07-13,6.200920195339077e+217,-1.9941721146641073e+207
2010-07-14,3.582500316142722e+218,-1.134046564743483e+208
2010-07-15,1.3779810089393455e+219,-4.335113522941617e+208
2010-07-16,-2.1420616842798706e+219,7.788014975453522e+208
2010-07-19,-4.4103304194116133e+219,1.4950163336621474e+209
2010-07-20,-2.669673949372906e+220,8.950085219721145e+209
2010-07-21,-1.4821477761604248e+221,4.940265638682977e+210
2010-07-22,-1.4713428667410427e+222,4.778754884802956e+211
2010-07-23,-3.464359287142131e+222,1.1093532368210122e+212
2010-07-26,-1.4243134251789327e+223,4.4742924545253076e+212
2010-07-27,4.6181580755114663e+223,-1.4540584945716634e+213
2010-07-28,7.533366167572164e+223,-2.3475943672308765e+213
2010-07-29,2.340703193503258e+224,-7.250717561175015e+213
2010-07-30,1.4623528440399697e+225,-4.527913134384736e+214
2010-08-02,1.3782292212772628e+226,-4.237434424447078e+215
2010-08-03,3.558194795729133e+226,-1.0821657223302939e+216
2010-08-04,-5.392597021240959e+226,1.6510757340935803e+216
2010-08-05,-8.545051713443972e+226,2.5870752154345377e+216
2010-08-06,-4.083414929221709e+227,1.2304982457731584e+217
2010-08-09,-1.2183066059391281e+228,3.64871432129074e+217
2010-08-10,2.23120380664664e+228,-6.711187660805442e+217
2010-08-11,-2.499758096725162e+229,7.589001139066684e+218
2010-08-12,5.861575753392412e+229,-1.9460546444382597e+219
2010-08-13,4.303309433488562e+230,-1.4228429348564356e+220
2010-08-16,6.448848307138421e+231,-2.1148778613001656e+221
2010-08-17,2.7501865821589936e+232,-8.655716074632029e+221
2010-08-18,4.1691592821674217e+232,-1.286386616525235e+222
2010-08-19,3.524056232281056e+232,-9.095898661558237e+221
2010-08-20,7.172645157439497e+231,2.690907261299913e+219
2010-08-23,1.1128690596587261e+232,3.7318614575541097e+219
2010-08-24,1.060372769736547e+233,3.509917797595459e+220
2010-08-25,5.625454745198862e+233,1.809315984385463e+221
2010-08-26,1.2892053234701029e+234,4.117371090215203e+221
2010-08-27,-5.28074393663975e+234,-1.7790218322682076e+222
2010-08-30,-4.6207708342510404e+235,-1.530061317435269e+223
2010-08-31,-3.3926842568141553e+236,-1.112342154716444e+224
2010-09-01,-2.9536346953661216e+237,-9.418168789295047e+224
2010-09-02,-1.0674417077411536e+238,-3.34977732836972e+225
2010-09-03,-1.5810842420882233e+238,-4.826072407075007e+225
2010-09-07,-3.253475202457682e+238,-9.845635033390348e+225
2010-09-08,-7.421807228251364e+238,-2.2267740568916686e+226
2010-09-09,3.569796510330557e+239,1.0829212761225743e+227
2010-09-10,9.095543788372056e+239,2.6959980714199914e+227
2010-09-13,8.062051059883667e+240,2.3886892065931085e+228
2010-09-14,8.132306829497502e+241,2.4062693919606176e+229
2010-09-15,1.0359142187936531e+241,2.1660106956717627e+228
2010-09-16,7.064956023591999e+240,1.3305157778331149e+228
2010-09-17,1.4551670790879623e+241,2.7384085600646045e+228
2010-09-20,1.148279179597422e+242,2.1409029623955718e+229
2010-09-21,6.872422209243583e+242,1.2792768971418642e+230
2010-09-22,4.584536367375401e+240,-2.0523471057278012e+228
2010-09-23,-1.0786186022788761e+241,4.838323624120251e+228
2010-09-24,-1.02844326747119e+242,4.5592749333304513e+229
2010-09-27,-3.3596616021565207e+242,1.4789378045331377e+230
2010-09-28,-2.5970555741369175e+243,1.1420072824360014e+231
2010-09-29,-2.732667728666122e+243,1.1675943136901466e+231
2010-09-30,-1.0858801726713402e+244,4.564090963146647e+231
2010-10-01,-6.718852214204501e+244,2.8183725450098843e+232
2010-10-04,1.1200306424394531e+245,-4.7559015309477224e+232
2010-10-05,1.8583148090571227e+246,-7.885348719945764e+233
2010-10-06,1.1276024493809177e+247,-4.7490600672376996e+234
2010-10-07,-5.881665304773518e+247,2.4954012627928577e+235
2010-10-08,-5.487412447135704e+248,2.32440958340732e+236
2010-10-11,-8.818245824869744e+248,3.717626422258514e+236
2010-10-12,-1.0259669588832824e+248,-7.770160551562202e+234
2010-10-13,-1.2749287022928762e+249,-9.591751069175044e+235
2010-10-14,3.495375508960118e+249,2.640838418614474e+236
2010-10-15,-8.517371074475379e+249,-6.967023548468334e+236
2010-10-18,-7.963283900476508e+250,-6.401356447833292e+237
2010-10-19,1.5639720954308494e+252,1.258068813636143e+239
2010-10-20,2.2423061863145252e+253,1.7962352279818493e+240
2010-10-21,-1.387246632691037e+254,-1.1143177446796278e+241
2010-10-22,-8.281876739355724e+254,-6.598479016043142e+241
2010-10-25,-6.404651638797719e+255,-5.093642426808554e+242
2010-10-26,1.2555047756320597e+256,1.013312853780786e+243
2010-10-27,-4.604713454124037e+256,-4.315244024142506e+243
2010-10-28,-3.286028560210168e+257,-2.8246238028795157e+244
2010-10-29,-1.9837237295399304e+258,-1.7031828131406632e+245
2010-11-01,-3.639217382808476e+258,-3.112980573035585e+245
2010-11-02,-4.4442933035702386e+259,-3.796702939346683e+246
2010-11-03,-1.394154848350765e+260,-1.1745003117343483e+247
2010-11-04,-4.428249257659767e+261,-3.7278617769450545e+248
2010-11-05,-4.830165860324949e+261,-3.328844445301219e+248
2010-11-08,-2.5781213270020403e+261,-1.6032487753386934e+248
2010-11-09,4.4624229706551725e+262,2.7800257140092068e+249
2010-11-10,1.5421148810779677e+263,8.252068835152627e+249
2010-11-11,-1.906999043229151e+263,-1.1483915414797948e+250
2010-11-12,1.5041192435580687e+264,9.06101718005853e+250
2010-11-15,-7.732839915819961e+263,-5.056716681835375e+250
2010-11-16,8.99224606730875e+263,6.85695947926274e+250
2010-11-17,1.8645374628414774e+264,1.2969412138825709e+251
2010-11-18,1.7928989993657215e+265,1.2293682856780586e+252
2010-11-19,2.9135395523987472e+265,1.959865409560872e+252
2010-11-22,1.1146878149996688e+265,6.222746650635805e+251
2010-11-23,1.1476167116816748e+265,5.554782870351051e+251
2010-11-24,4.422062013494562e+265,2.1092097603676e+252
2010-11-26,-1.5624617074451225e+265,-7.905082847799849e+251
2010-11-29,-4.268408003678985e+265,-2.157856657331464e+252
2010-11-30,-7.837661741244706e+265,-3.961475408115966e+252
2010-12-01,-3.988079011744678e+266,-1.983625690543548e+253
2010-12-02,-1.6148274793948688e+267,-7.928207746991613e+253
2010-12-03,-4.533658698882241e+267,-2.2198995593986726e+254
2010-12-06,-9.781816842531678e+267,-4.775703735051488e+254
2010-12-07,5.252290798843899e+267,2.570106489043549e+254
2010-12-08,6.227362932885841e+266,2.3953649223494634e+253
2010-12-09,9.553726687841278e+266,3.671098901955787e+253
2010-12-10,1.3528714302421888e+267,5.187694717616044e+253
2010-12-13,2.38450063940723e+267,8.822438042008749e+253
2010-12-14,4.330961800826307e+267,1.548172069025368e+254
2010-12-15,7.309095637456902e+266,1.406172492055715e+253
2010-12-16,1.0169136132451038e+267,1.8639157544103754e+253
2010-12-17,1.7603743770898507e+267,3.2248912632389726e+253
2010-12-20,4.516202740122855e+267,8.174584162246948e+253
2010-12-21,1.6621690203087778e+268,2.961230058078416e+254
2010-12-22,3.6556478841613654e+268,6.505888381720464e+254
2010-12-23,2.0073299593287325e+268,3.4574189753604887e+254
2010-12-27,2.5384489695056246e+268,4.343303764796032e+254
2010-12-28,9.429911295371626e+268,1.6119071756075955e+255
2010-12-29,2.2846627563704208e+269,3.865896362781683e+255
2010-12-30,-1.3415293712137563e+269,-2.2829437891001655e+255
2010-12-31,-5.971617769358937e+269,-9.961588657471014e+255
2011-01-03,-2.4671811971931187e+270,-4.113318344570053e+256
2011-01-04,1.0748919183209496e+271,1.8370380362913126e+257
2011-01-05,3.3380749656477438e+271,5.596145287947359e+257
2011-01-06,-5.6089481327515866e+271,-9.455565730944405e+257
2011-01-07,8.068047461607597e+271,1.4571396230583113e+258
2011-01-10,4.175372568957867e+271,5.365418213166841e+257
2011-01-11,2.973449550841799e+272,3.7799257302055565e+258
2011-01-12,2.0516661085255801e+273,2.5613448082442067e+259
2011-01-13,-6.710121249844706e+272,-1.9953089599100377e+259
2011-01-14,-3.166092140635741e+273,-8.936479228503026e+259
2011-01-18,-1.169575608924873e+274,-3.249073974430932e+260
2011-01-19,9.409811867146748e+274,2.6159959930576572e+261
2011-01-20,-3.268601294425005e+275,-9.715597402230818e+261
2011-01-21,-1.648637985724549e+276,-4.769230332373694e+262
2011-01-24,-1.1832710020958315e+277,-3.367596424587395e+263
2011-01-25,-6.87112978142726e+277,-1.796663009068317e+264
2011-01-26,-4.013056508354141e+278,-9.658717915386862e+264
2011-01-27,-2.6779837054745795e+279,-5.949143385042879e+265
2011-01-28,2.768251303878728e+280,6.25724201869962e+266
2011-01-31,2.9670323458775525e+281,6.4886481396898975e+267
2011-02-01,2.9035604261295914e+282,6.084329616767337e+268
2011-02-02,3.5782807756467107e+282,7.053397320955307e+268
2011-02-03,9.53412964030635e+282,1.8243983176882838e+269
2011-02-04,2.607770718348848e+283,4.8397428939721494e+269
2011-02-07,1.3060215535723098e+284,2.4182433430919175e+270
2011-02-08,7.165958511477156e+284,1.3262191094963277e+271
2011-02-09,-1.6506451120102438e+285,-3.0591244672575516e+271
2011-02-10,-1.841820928350627e+285,-3.2807687005720324e+271
2011-02-11,-6.111089712562376e+285,-1.0870128818798644e+272
2011-02-14,-2.009802511967803e+286,-3.5715515252256745e+272
2011-02-15,-9.223021730151031e+285,-8.164234997035784e+271
2011-02-16,-3.4047704748180816e+286,-3.002374601123392e+272
2011-02-17,-2.285875364428949e+287,-2.0024624953934907e+273
2011-02-18,-1.3836642406045144e+288,-1.2069790802426973e+274
2011-02-22,4.400752634468502e+288,4.2669188079457336e+274
2011-02-23,1.3663519454498603e+289,1.2742339022889556e+275
2011-02-24,-4.485350856762894e+289,-4.310539776515366e+275
2011-02-25,-7.120712524706129e+290,-6.837821903198534e+276
2011-02-28,-7.445676939591844e+291,-7.12217418693095e+277
2011-03-01,1.5502579404375015e+292,1.5031659442509305e+278
2011-03-02,-6.836413101522317e+291,-8.19085942341115e+277
2011-03-03,-2.3801280110531577e+292,-2.7602547215566542e+278
2011-03-04,-9.684313975326723e+292,-1.1132171255121947e+279
2011-03-07,1.0576111173114681e+293,1.3344622709851998e+279
2011-03-08,3.452107516170833e+293,4.2551358992908094e+279
2011-03-09,8.781398565098917e+293,1.0799062349453749e+280
2011-03-10,-8.044754188479317e+293,-1.3242010873829098e+280
2011-03-11,-1.8385577765122866e+294,-2.870140371079018e+280
2011-03-14,-2.7214319882127884e+293,-4.111973324126089e+278
2011-03-15,1.276852237181591e+294,2.0303064616579597e+279
2011-03-16,7.947450465633226e+294,1.259692989956723e+280
2011-03-17,1.539966867165247e+295,2.4193006658974934e+280
2011-03-18,1.0573495574063233e+296,1.611972305148685e+281
2011-03-21,3.5479495538561495e+296,5.348049197416061e+281
2011-03-22,1.098475404479758e+297,1.6467394178866343e+282
2011-03-23,4.6027927267273377e+297,6.735760757287654e+282
2011-03-24,-5.344169532728379e+297,-8.792400409580166e+282
2011-03-25,-7.166172316597177e+297,-1.0840374389997275e+283
2011-03-28,1.2109227724829008e+298,1.884447558049272e+283
2011-03-29,-4.822858883316405e+297,-8.715756151537077e+282
2011-03-30,-4.482789973102219e+298,-7.99184482165428e+283
2011-03-31,-1.0907972649488192e+299,-1.9356209931595065e+284
2011-04-01,-6.937992474892434e+299,-1.228330016851644e+285
2011-04-04,-4.829407240180072e+300,-8.534760242505772e+285
2011-04-05,-9.117781038279669e+300,-1.600646616624833e+286
2011-04-06,-2.407196894399978e+301,-3.517499302922835e+286
2011-04-07,-2.747136088571474e+301,-2.4535897377384976e+286
2011-04-08,-1.162311259932939e+302,-9.312613835714915e+286
2011-04-11,4.350013799405925e+302,3.502207245134003e+287
2011-04-12,-6.712992702445424e+302,-7.222627721875512e+287
2011-04-13,-4.89032226125212e+303,-5.202314651397096e+288
2011-04-14,-2.887456823549702e+304,-3.0276820792366797e+289
2011-04-15,-3.738160119590991e+305,-3.900916713747286e+290
2011-04-18,4.8220065574323956e+305,5.728314674427711e+290
2011-04-19,4.0841737150643665e+306,4.841962701006767e+291
2011-04-20,4.964365040589436e+307,5.788545537471538e+292
2011-04-21,inf,4.517100350895068e+293
2011-04-25,inf,1.1201461959126013e+294
2011-04-26,inf,9.393142871030473e+294
2011-04-27,inf,8.818419503764491e+295
2011-04-28,inf,7.185676156010149e+296
2011-04-29,inf,4.766801999918456e+297
2011-05-02,-inf,-2.4718447513763817e+298
2011-05-03,inf,2.096980031310853e+299
2011-05-04,-inf,-1.8434888251749705e+300
2011-05-05,inf,1.4612907973805167e+301
2011-05-06,inf,8.297546413555216e+301
2011-05-09,inf,7.034875585461665e+302
2011-05-10,inf,3.8984058381218485e+303
2011-05-11,-inf,-2.2852454027914974e+304
2011-05-12,inf,1.766842255748982e+304
2011-05-13,inf,1.2017266966421898e+304
2011-05-16,inf,5.800126638009806e+304
2011-05-17,inf,3.1762036135457436e+305
2011-05-18,inf,3.943569253339683e+305
2011-05-19,inf,1.288293644171299e+306
2011-05-20,inf,4.27894467231876e+305
2011-05-23,-inf,-2.628647104315011e+305
2011-05-24,-inf,-7.924642044354536e+305
2011-05-25,inf,1.2062917597152102e+306
2011-05-26,inf,1.310655178850979e+307
2011-05-27,inf,1.1801949583972785e+308
2011-05-31,inf,inf
2011-06-01,inf,inf
2011-06-02,-inf,-inf
2011-06-03,-inf,-inf
2011-06-06,inf,inf
2011-06-07,inf,inf
2011-06-08,inf,inf
2011-06-09,-inf,-inf
2011-06-10,-inf,-inf
2011-06-13,inf,inf
2011-06-14,-inf,-inf
2011-06-15,-inf,-inf
2011-06-16,-inf,-inf
2011-06-17,-inf,-inf
2011-06-20,-inf,-inf
2011-06-21,-inf,-inf
2011-06-22,-inf,-inf
2011-06-23,-inf,-inf
2011-06-24,-inf,-inf
2011-06-27,inf,inf
2011-06-28,-inf,-inf
2011-06-29,inf,inf
2011-06-30,inf,inf
2011-07-01,inf,inf
2011-07-05,inf,inf
2011-07-06,inf,inf
2011-07-07,inf,inf
2011-07-08,inf,inf
2011-07-11,inf,inf
2011-07-12,inf,inf
2011-07-13,inf,inf
2011-07-14,-inf,-inf
2011-07-15,-inf,-inf
2011-07-18,-inf,-inf
2011-07-19,-inf,-inf
2011-07-20,-inf,-inf
2011-07-21,-inf,-inf
2011-07-22,-inf,-inf
2011-07-25,inf,inf
2011-07-26,inf,inf
2011-07-27,-inf,-inf
2011-07-28,-inf,-inf
2011-07-29,-inf,-inf
2011-08-01,-inf,-inf
2011-08-02,-inf,-inf
2011-08-03,-inf,-inf
2011-08-04,-inf,-inf
2011-08-05,inf,inf
2011-08-08,inf,inf
2011-08-09,inf,inf
2011-08-10,inf,inf
2011-08-11,-inf,-inf
2011-08-12,-inf,-inf
2011-08-15,-inf,-inf
2011-08-16,-inf,-inf
2011-08-17,-inf,-inf
2011-08-18,-inf,-inf
2011-08-19,-inf,-inf
2011-08-22,-inf,-inf
2011-08-23,inf,inf
2011-08-24,-inf,-inf
2011-08-25,-inf,-inf
2011-08-26,-inf,-inf
2011-08-29,inf,inf
2011-08-30,inf,inf
2011-08-31,inf,inf
2011-09-01,inf,inf
2011-09-02,inf,inf
2011-09-06,inf,inf
2011-09-07,-inf,-inf
2011-09-08,-inf,-inf
2011-09-09,-inf,-inf
2011-09-12,inf,inf
2011-09-13,inf,inf
2011-09-14,inf,inf
2011-09-15,-inf,-inf
2011-09-16,-inf,-inf
2011-09-19,-inf,-inf
2011-09-20,-inf,-inf
2011-09-21,-inf,-inf
2011-09-22,-inf,-inf
2011-09-23,inf,inf
2011-09-26,-inf,-inf
2011-09-27,inf,inf
2011-09-28,inf,inf
2011-09-29,inf,inf
2011-09-30,inf,inf
2011-10-03,inf,inf
2011-10-04,-inf,-inf
2011-10-05,inf,inf
2011-10-06,-inf,-inf
2011-10-07,-inf,-inf
2011-10-10,-inf,-inf
2011-10-11,-inf,-inf
2011-10-12,-inf,-inf
2011-10-13,-inf,-inf
2011-10-14,-inf,-inf
2011-10-17,-inf,-inf
2011-10-18,-inf,-inf
2011-10-19,inf,inf
2011-10-20,inf,inf
2011-10-21,inf,inf
2011-10-24,inf,inf
2011-10-25,inf,inf
2011-10-26,inf,inf
2011-10-27,inf,inf
2011-10-28,inf,inf
2011-10-31,-inf,-inf
2011-11-01,-inf,-inf
2011-11-02,-inf,-inf
2011-11-03,-inf,-inf
2011-11-04,-inf,-inf
2011-11-07,-inf,-inf
2011-11-08,-inf,-inf
2011-11-09,inf,inf
2011-11-10,-inf,-inf
2011-11-11,-inf,-inf
2011-11-14,inf,inf
2011-11-15,inf,inf
2011-11-16,-inf,-inf
2011-11-17,inf,inf
2011-11-18,inf,inf
2011-11-21,inf,inf
2011-11-22,inf,inf
2011-11-23,inf,inf
2011-11-25,inf,inf
2011-11-28,inf,inf
2011-11-29,inf,inf
2011-11-30,inf,inf
2011-12-01,inf,inf
2011-12-02,inf,inf
2011-12-05,inf,inf
2011-12-06,inf,inf
2011-12-07,inf,inf
2011-12-08,-inf,-inf
2011-12-09,-inf,-inf
2011-12-12,-inf,inf
2011-12-13,-inf,inf
2011-12-14,-inf,inf
2011-12-15,inf,-inf
2011-12-16,inf,-inf
2011-12-19,inf,-inf
2011-12-20,inf,-inf
2011-12-21,-inf,inf
2011-12-22,-inf,inf
2011-12-23,-inf,inf
2011-12-27,-inf,inf
2011-12-28,-inf,inf
2011-12-29,-inf,inf
2011-12-30,-inf,inf
2012-01-03,-inf,inf
2012-01-04,inf,-inf
2012-01-05,inf,-inf
2012-01-06,inf,-inf
2012-01-09,-inf,inf
2012-01-10,-inf,inf
2012-01-11,-inf,inf
2012-01-12,inf,-inf
2012-01-13,inf,-inf
2012-01-17,inf,-inf
2012-01-18,inf,-inf
2012-01-19,inf,-inf
2012-01-20,inf,-inf
2012-01-23,inf,-inf
2012-01-24,inf,-inf
2012-01-25,inf,-inf
2012-01-26,inf,-inf
2012-01-27,inf,-inf
2012-01-30,-inf,inf
2012-01-31,-inf,inf
2012-02-01,-inf,inf
2012-02-02,-inf,inf
2012-02-03,-inf,inf
2012-02-06,-inf,inf
2012-02-07,-inf,inf
2012-02-08,-inf,inf
2012-02-09,inf,-inf
2012-02-10,-inf,inf
2012-02-13,-inf,inf
2012-02-14,inf,-inf
2012-02-15,-inf,inf
2012-02-16,-inf,inf
2012-02-17,-inf,inf
2012-02-21,-inf,inf
2012-02-22,-inf,inf
2012-02-23,-inf,inf
2012-02-24,-inf,inf
2012-02-27,-inf,inf
2012-02-28,-inf,inf
2012-02-29,inf,-inf
2012-03-01,inf,-inf
2012-03-02,-inf,inf
2012-03-05,inf,-inf
2012-03-06,-inf,inf
2012-03-07,-inf,inf
2012-03-08,-inf,inf
2012-03-09,-inf,inf
2012-03-12,inf,-inf
2012-03-13,inf,-inf
2012-03-14,-inf,inf
2012-03-15,-inf,inf
2012-03-16,-inf,inf
2012-03-19,-inf,inf
2012-03-20,inf,-inf
2012-03-21,inf,-inf
2012-03-22,-inf,inf
2012-03-23,-inf,inf
2012-03-26,-inf,inf
2012-03-27,-inf,inf
2012-03-28,inf,-inf
2012-03-29,inf,-inf
2012-03-30,inf,-inf
2012-04-02,inf,-inf
2012-04-03,-inf,inf
2012-04-04,inf,-inf
2012-04-05,inf,-inf
2012-04-09,inf,-inf
2012-04-10,inf,-inf
2012-04-11,inf,-inf
2012-04-12,inf,-inf
2012-04-13,inf,-inf
2012-04-16,inf,-inf
2012-04-17,inf,-inf
2012-04-18,inf,-inf
2012-04-19,-inf,inf
2012-04-20,-inf,inf
2012-04-23,-inf,inf
2012-04-24,-inf,inf
2012-04-25,-inf,inf
2012-04-26,-inf,inf
2012-04-27,-inf,inf
2012-04-30,-inf,inf
2012-05-01,-inf,inf
2012-05-02,-inf,inf
2012-05-03,inf,-inf
2012-05-04,inf,-inf
2012-05-07,inf,-inf
2012-05-08,inf,-inf
2012-05-09,inf,inf
2012-05-10,-inf,-inf
2012-05-11,-inf,-inf
2012-05-14,-inf,-inf
2012-05-15,-inf,-inf
2012-05-16,-inf,-inf
2012-05-17,inf,inf
2012-05-18,-inf,-inf
2012-05-21,inf,inf
2012-05-22,-inf,-inf
2012-05-23,-inf,-inf
2012-05-24,-inf,-inf
2012-05-25,-inf,-inf
2012-05-29,inf,inf
2012-05-30,inf,inf
2012-05-31,inf,inf
2012-06-01,inf,inf
2012-06-04,-inf,-inf
2012-06-05,inf,inf
2012-06-06,-inf,-inf
2012-06-07,-inf,-inf
2012-06-08,-inf,-inf
2012-06-11,-inf,-inf
2012-06-12,inf,inf
2012-06-13,inf,inf
2012-06-14,inf,inf
2012-06-15,inf,inf
2012-06-18,inf,inf
2012-06-19,-inf,-inf
2012-06-20,-inf,-inf
2012-06-21,-inf,-inf
2012-06-22,inf,inf
2012-06-25,inf,inf
2012-06-26,-inf,-inf
2012-06-27,-inf,-inf
2012-06-28,-inf,-inf
2012-06-29,-inf,-inf
2012-07-02,-inf,-inf
2012-07-03,-inf,-inf
2012-07-05,-inf,-inf
2012-07-06,-inf,-inf
2012-07-09,-inf,-inf
2012-07-10,inf,inf
2012-07-11,inf,inf
2012-07-12,inf,inf
2012-07-13,inf,inf
2012-07-16,inf,inf
2012-07-17,inf,inf
2012-07-18,inf,inf
2012-07-19,inf,inf
2012-07-20,-inf,-inf
2012-07-23,inf,inf
2012-07-24,inf,inf
2012-07-25,inf,inf
2012-07-26,inf,inf
2012-07-27,inf,inf
2012-07-30,inf,inf
2012-07-31,inf,-inf
2012-08-01,inf,-inf
2012-08-02,-inf,inf
2012-08-03,-inf,inf
2012-08-06,-inf,inf
2012-08-07,inf,-inf
2012-08-08,-inf,inf
2012-08-09,-inf,inf
2012-08-10,-inf,inf
2012-08-13,inf,-inf
2012-08-14,-inf,inf
2012-08-15,inf,-inf
2012-08-16,inf,-inf
2012-08-17,inf,-inf
2012-08-20,inf,-inf
2012-08-21,inf,-inf
2012-08-22,inf,-inf
2012-08-23,inf,-inf
2012-08-24,inf,-inf
2012-08-27,inf,-inf
2012-08-28,inf,-inf
2012-08-29,-inf,inf
2012-08-30,inf,-inf
2012-08-31,inf,-inf
2012-09-04,inf,-inf
2012-09-05,-inf,inf
2012-09-06,-inf,inf
2012-09-07,-inf,inf
2012-09-10,inf,-inf
2012-09-11,inf,-inf
2012-09-12,inf,-inf
2012-09-13,inf,-inf
2012-09-14,inf,-inf
2012-09-17,-inf,inf
2012-09-18,-inf,inf
2012-09-19,-inf,inf
2012-09-20,inf,-inf
2012-09-21,inf,-inf
2012-09-24,-inf,inf
2012-09-25,inf,-inf
2012-09-26,-inf,inf
2012-09-27,-inf,inf
2012-09-28,inf,-inf
2012-10-01,inf,-inf
2012-10-02,inf,-inf
2012-10-03,inf,-inf
2012-10-04,inf,-inf
2012-10-05,-inf,inf
2012-10-08,inf,-inf
2012-10-09,-inf,inf
2012-10-10,-inf,inf
2012-10-11,-inf,inf
2012-10-12,inf,-inf
2012-10-15,inf,-inf
2012-10-16,inf,-inf
2012-10-17,inf,-inf
2012-10-18,-inf,inf
2012-10-19,inf,-inf
2012-10-22,inf,-inf
2012-10-23,-inf,inf
2012-10-24,inf,-inf
2012-10-25,inf,-inf
2012-10-26,inf,-inf
2012-10-31,inf,-inf
2012-11-01,inf,-inf
2012-11-02,inf,-inf
2012-11-05,inf,-inf
2012-11-06,-inf,inf
2012-11-07,-inf,inf
2012-11-08,-inf,inf
2012-11-09,inf,-inf
2012-11-12,inf,-inf
2012-11-13,inf,-inf
2012-11-14,inf,-inf
2012-11-15,-inf,inf
2012-11-16,-inf,inf
2012-11-19,-inf,inf
2012-11-20,inf,-inf
2012-11-21,inf,-inf
2012-11-23,inf,-inf
2012-11-26,inf,-inf
2012-11-27,inf,-inf
2012-11-28,inf,-inf
2012-11-29,inf,-inf
2012-11-30,-inf,inf
2012-12-03,-inf,inf
2012-12-04,-inf,inf
2012-12-05,-inf,inf
2012-12-06,-inf,inf
2012-12-07,inf,-inf
2012-12-10,inf,-inf
2012-12-11,inf,-inf
2012-12-12,inf,-inf
2012-12-13,-inf,inf
2012-12-14,-inf,inf
2012-12-17,-inf,inf
2012-12-18,-inf,inf
2012-12-19,-inf,inf
2012-12-20,-inf,inf
2012-12-21,inf,-inf
2012-12-24,-inf,inf
2012-12-26,-inf,inf
2012-12-27,-inf,inf
2012-12-28,-inf,inf
2012-12-31,-inf,inf
2013-01-02,-inf,inf
2013-01-03,inf,-inf
2013-01-04,inf,-inf
2013-01-07,-inf,inf
2013-01-08,inf,-inf
2013-01-09,inf,-inf
2013-01-10,inf,-inf
2013-01-11,inf,-inf
2013-01-14,inf,-inf
2013-01-15,inf,-inf
2013-01-16,inf,-inf
2013-01-17,inf,-inf
2013-01-18,inf,-inf
2013-01-22,inf,-inf
2013-01-23,-inf,inf
2013-01-24,-inf,inf
2013-01-25,-inf,inf
2013-01-28,inf,-inf
2013-01-29,inf,-inf
2013-01-30,-inf,inf
2013-01-31,inf,-inf
2013-02-01,inf,-inf
2013-02-04,-inf,inf
2013-02-05,-inf,inf
2013-02-06,-inf,inf
2013-02-07,inf,-inf
2013-02-08,inf,-inf
2013-02-11,inf,-inf
2013-02-12,inf,-inf
2013-02-13,inf,-inf
2013-02-14,inf,-inf
2013-02-15,-inf,inf
2013-02-19,-inf,inf
2013-02-20,inf,-inf
2013-02-21,-inf,inf
2013-02-22,-inf,inf
2013-02-25,-inf,inf
2013-02-26,-inf,inf
2013-02-27,-inf,inf
2013-02-28,-inf,inf
2013-03-01,-inf,inf
2013-03-04,-inf,inf
2013-03-05,-inf,inf
2013-03-06,-inf,inf
2013-03-07,inf,-inf
2013-03-08,inf,-inf
2013-03-11,inf,-inf
2013-03-12,-inf,inf
2013-03-13,-inf,inf
2013-03-14,-inf,inf
2013-03-15,inf,-inf
2013-03-18,inf,-inf
2013-03-19,inf,-inf
2013-03-20,inf,-inf
2013-03-21,-inf,inf
2013-03-22,-inf,inf
2013-03-25,-inf,inf
2013-03-26,-inf,inf
2013-03-27,-inf,inf
2013-03-28,-inf,inf
2013-04-01,-inf,inf
2013-04-02,-inf,inf
2013-04-03,-inf,inf
2013-04-04,-inf,inf
2013-04-05,-inf,inf
2013-04-08,-inf,inf
2013-04-09,-inf,inf
2013-04-10,-inf,inf
2013-04-11,-inf,inf
2013-04-12,-inf,inf
2013-04-15,inf,-inf
2013-04-16,inf,-inf
2013-04-17,inf,-inf
2013-04-18,-inf,inf
2013-04-19,-inf,inf
2013-04-22,-inf,inf
2013-04-23,-inf,inf
2013-04-24,-inf,inf
2013-04-25,-inf,inf
2013-04-26,-inf,inf
2013-04-29,-inf,inf
2013-04-30,-inf,inf
2013-05-01,inf,-inf
2013-05-02,inf,-inf
2013-05-03,-inf,inf
2013-05-06,-inf,inf
2013-05-07,-inf,inf
2013-05-08,-inf,inf
2013-05-09,inf,-inf
2013-05-10,-inf,inf
2013-05-13,inf,-inf
2013-05-14,inf,-inf
2013-05-15,inf,-inf
2013-05-16,inf,-inf
2013-05-17,inf,-inf
2013-05-20,inf,-inf
2013-05-21,inf,-inf
2013-05-22,-inf,inf
2013-05-23,inf,-inf
2013-05-24,-inf,inf
2013-05-28,-inf,inf
2013-05-29,inf,-inf
2013-05-30,inf,-inf
2013-05-31,-inf,inf
2013-06-03,-inf,inf
2013-06-04,-inf,inf
2013-06-05,inf,-inf
2013-06-06,inf,-inf
2013-06-07,inf,-inf
2013-06-10,inf,-inf
2013-06-11,-inf,inf
2013-06-12,-inf,inf
2013-06-13,-inf,inf
2013-06-14,-inf,inf
2013-06-17,-inf,inf
2013-06-18,-inf,inf
2013-06-19,inf,-inf
2013-06-20,-inf,inf
2013-06-21,-inf,inf
2013-06-24,-inf,inf
2013-06-25,-inf,inf
2013-06-26,-inf,inf
2013-06-27,-inf,inf
2013-06-28,-inf,inf
2013-07-01,-inf,inf
2013-07-02,-inf,inf
2013-07-03,-inf,inf
2013-07-05,-inf,inf
2013-07-08,-inf,inf
2013-07-09,-inf,inf
2013-07-10,-inf,inf
2013-07-11,-inf,inf
2013-07-12,-inf,inf
2013-07-15,-inf,inf
2013-07-16,-inf,inf
2013-07-17,-inf,inf
2013-07-18,-inf,inf
2013-07-19,-inf,inf
2013-07-22,-inf,inf
2013-07-23,-inf,inf
2013-07-24,inf,-inf
2013-07-25,inf,-inf
2013-07-26,inf,-inf
2013-07-29,-inf,inf
2013-07-30,-inf,inf
2013-07-31,-inf,inf
2013-08-01,-inf,inf
2013-08-02,-inf,inf
2013-08-05,inf,-inf
2013-08-06,-inf,inf
2013-08-07,inf,-inf
2013-08-08,inf,-inf
2013-08-09,inf,-inf
2013-08-12,inf,-inf
2013-08-13,inf,-inf
2013-08-14,inf,-inf
2013-08-15,inf,-inf
2013-08-16,inf,-inf
2013-08-19,-inf,inf
2013-08-20,-inf,inf
2013-08-21,inf,-inf
2013-08-22,inf,-inf
2013-08-23,inf,-inf
2013-08-26,inf,-inf
2013-08-27,inf,-inf
2013-08-28,inf,-inf
2013-08-29,-inf,inf
2013-08-30,inf,-inf
2013-09-03,inf,-inf
2013-09-04,inf,-inf
2013-09-05,inf,-inf
2013-09-06,inf,-inf
2013-09-09,inf,-inf
2013-09-10,inf,-inf
2013-09-11,inf,-inf
2013-09-12,-inf,inf
2013-09-13,-inf,inf
2013-09-16,-inf,inf
2013-09-17,-inf,inf
2013-09-18,-inf,inf
2013-09-19,inf,-inf
2013-09-20,-inf,inf
2013-09-23,-inf,inf
2013-09-24,-inf,inf
2013-09-25,-inf,inf
2013-09-26,-inf,inf
2013-09-27,inf,-inf
2013-09-30,-inf,inf
2013-10-01,-inf,inf
2013-10-02,-inf,inf
2013-10-03,inf,-inf
2013-10-04,inf,-inf
2013-10-07,inf,-inf
2013-10-08,-inf,inf
2013-10-09,-inf,-inf
2013-10-10,-inf,-inf
2013-10-11,-inf,-inf
2013-10-14,-inf,-inf
2013-10-15,inf,inf
2013-10-16,inf,inf
2013-10-17,inf,inf
2013-10-18,inf,inf
2013-10-21,-inf,-inf
2013-10-22,-inf,-inf
2013-10-23,inf,inf
2013-10-24,inf,inf
2013-10-25,inf,inf
2013-10-28,inf,inf
2013-10-29,inf,inf
2013-10-30,-inf,-inf
2013-10-31,inf,inf
2013-11-01,-inf,-inf
2013-11-04,-inf,-inf
2013-11-05,inf,inf
2013-11-06,inf,inf
2013-11-07,-inf,-inf
2013-11-08,inf,inf
2013-11-11,-inf,-inf
2013-11-12,inf,inf
2013-11-13,inf,inf
2013-11-14,inf,inf
2013-11-15,inf,inf
2013-11-18,inf,inf
2013-11-19,-inf,-inf
2013-11-20,inf,inf
2013-11-21,inf,inf
2013-11-22,inf,inf
2013-11-25,inf,inf
2013-11-26,inf,inf
2013-11-27,inf,inf
2013-11-29,inf,inf
2013-12-02,-inf,-inf
2013-12-03,inf,inf
2013-12-04,-inf,-inf
2013-12-05,inf,inf
2013-12-06,inf,inf
2013-12-09,inf,inf
2013-12-10,inf,inf
2013-12-11,-inf,-inf
2013-12-12,inf,inf
2013-12-13,inf,inf
2013-12-16,inf,inf
2013-12-17,inf,inf
2013-12-18,inf,inf
2013-12-19,inf,inf
2013-12-20,inf,inf
2013-12-23,inf,inf
2013-12-24,inf,inf
2013-12-26,inf,inf
2013-12-27,inf,inf
2013-12-30,inf,inf
2013-12-31,inf,inf
2014-01-02,inf,-inf
2014-01-03,inf,-inf
2014-01-06,inf,-inf
2014-01-07,inf,-inf
2014-01-08,-inf,inf
2014-01-09,-inf,inf
2014-01-10,-inf,inf
2014-01-13,inf,-inf
2014-01-14,inf,-inf
2014-01-15,inf,-inf
2014-01-16,inf,-inf
2014-01-17,inf,-inf
2014-01-21,inf,-inf
2014-01-22,-inf,inf
2014-01-23,-inf,inf
2014-01-24,inf,-inf
2014-01-27,-inf,inf
2014-01-28,-inf,inf
2014-01-29,-inf,inf
2014-01-30,-inf,inf
2014-01-31,-inf,inf
2014-02-03,-inf,inf
2014-02-04,inf,-inf
2014-02-05,-inf,inf
2014-02-06,-inf,inf
2014-02-07,-inf,inf
2014-02-10,-inf,inf
2014-02-11,-inf,inf
2014-02-12,inf,-inf
2014-02-13,inf,-inf
2014-02-14,inf,-inf
2014-02-18,inf,-inf
2014-02-19,-inf,inf
2014-02-20,-inf,inf
2014-02-21,-inf,inf
2014-02-24,-inf,inf
2014-02-25,-inf,inf
2014-02-26,-inf,inf
2014-02-27,-inf,inf
2014-02-28,-inf,inf
2014-03-03,-inf,inf
2014-03-04,inf,-inf
2014-03-05,-inf,inf
2014-03-06,-inf,inf
2014-03-07,inf,-inf
2014-03-10,-inf,inf
2014-03-11,inf,-inf
2014-03-12,inf,-inf
2014-03-13,inf,-inf
2014-03-14,inf,-inf
2014-03-17,-inf,inf
2014-03-18,-inf,inf
2014-03-19,inf,-inf
2014-03-20,inf,-inf
2014-03-21,inf,-inf
2014-03-24,inf,-inf
2014-03-25,inf,-inf
2014-03-26,inf,-inf
2014-03-27,inf,-inf
2014-03-28,inf,-inf
2014-03-31,inf,-inf
2014-04-01,inf,inf
2014-04-02,-inf,-inf
2014-04-03,-inf,-inf
2014-04-04,-inf,-inf
2014-04-07,-inf,inf
2014-04-08,-inf,inf
2014-04-09,-inf,inf
2014-04-10,inf,-inf
2014-04-11,-inf,inf
2014-04-14,-inf,inf
2014-04-15,-inf,inf
2014-04-16,-inf,inf
2014-04-17,inf,-inf
2014-04-21,inf,-inf
2014-04-22,inf,-inf
2014-04-23,inf,-inf
2014-04-24,inf,-inf
2014-04-25,-inf,inf
2014-04-28,-inf,inf
2014-04-29,-inf,inf
2014-04-30,-inf,inf
2014-05-01,-inf,inf
2014-05-02,-inf,inf
2014-05-05,inf,-inf
2014-05-06,inf,-inf
2014-05-07,inf,-inf
2014-05-08,-inf,inf
2014-05-09,inf,-inf
2014-05-12,inf,-inf
2014-05-13,inf,-inf
2014-05-14,inf,-inf
2014-05-15,-inf,inf
2014-05-16,-inf,inf
2014-05-19,inf,-inf
2014-05-20,-inf,inf
2014-05-21,-inf,inf
2014-05-22,-inf,inf
2014-05-23,-inf,inf
2014-05-27,-inf,inf
2014-05-28,-inf,inf
2014-05-29,-inf,inf
2014-05-30,inf,-inf
2014-06-02,-inf,inf
2014-06-03,inf,-inf
2014-06-04,-inf,inf
2014-06-05,-inf,inf
2014-06-06,-inf,inf
2014-06-09,-inf,inf
2014-06-10,inf,-inf
2014-06-11,-inf,inf
2014-06-12,-inf,inf
2014-06-13,-inf,inf
2014-06-16,inf,-inf
2014-06-17,-inf,inf
2014-06-18,-inf,inf
2014-06-19,-inf,inf
2014-06-20,-inf,inf
2014-06-23,inf,-inf
2014-06-24,inf,-inf
2014-06-25,inf,-inf
2014-06-26,inf,-inf
2014-06-27,inf,-inf
2014-06-30,inf,-inf
2014-07-01,inf,-inf
2014-07-02,-inf,inf
2014-07-03,inf,-inf
2014-07-07,-inf,inf
2014-07-08,-inf,inf
2014-07-09,-inf,inf
2014-07-10,-inf,-inf
2014-07-11,-inf,-inf
2014-07-14,inf,inf
2014-07-15,-inf,-inf
2014-07-16,-inf,-inf
2014-07-17,-inf,-inf
2014-07-18,-inf,-inf
2014-07-21,-inf,-inf
2014-07-22,-inf,-inf
2014-07-23,-inf,-inf
2014-07-24,inf,inf
2014-07-25,inf,inf
2014-07-28,inf,inf
2014-07-29,-inf,-inf
2014-07-30,inf,inf
2014-07-31,-inf,-inf
2014-08-01,-inf,-inf
2014-08-04,-inf,-inf
2014-08-05,-inf,-inf
2014-08-06,-inf,-inf
2014-08-07,-inf,-inf
2014-08-08,-inf,inf
2014-08-11,-inf,inf
2014-08-12,inf,-inf
2014-08-13,inf,-inf
2014-08-14,inf,-inf
2014-08-15,inf,-inf
2014-08-18,inf,-inf
2014-08-19,inf,-inf
2014-08-20,inf,-inf
2014-08-21,inf,-inf
2014-08-22,inf,-inf
2014-08-25,inf,-inf
2014-08-26,inf,-inf
2014-08-27,inf,-inf
2014-08-28,inf,-inf
2014-08-29,inf,-inf
2014-09-02,-inf,inf
2014-09-03,-inf,inf
2014-09-04,inf,-inf
2014-09-05,inf,-inf
2014-09-08,-inf,inf
2014-09-09,inf,-inf
2014-09-10,-inf,inf
2014-09-11,-inf,inf
2014-09-12,inf,-inf
2014-09-15,inf,-inf
2014-09-16,inf,-inf
2014-09-17,inf,-inf
2014-09-18,inf,-inf
2014-09-19,inf,-inf
2014-09-22,-inf,inf
2014-09-23,-inf,-inf
2014-09-24,-inf,-inf
2014-09-25,-inf,-inf
2014-09-26,-inf,-inf
2014-09-29,-inf,-inf
2014-09-30,-inf,-inf
2014-10-01,-inf,-inf
2014-10-02,inf,inf
2014-10-03,inf,inf
2014-10-06,-inf,-inf
2014-10-07,-inf,-inf
2014-10-08,-inf,-inf
2014-10-09,inf,inf
2014-10-10,inf,inf
2014-10-13,inf,inf
2014-10-14,inf,inf
2014-10-15,inf,inf
2014-10-16,-inf,-inf
2014-10-17,inf,inf
2014-10-20,inf,inf
2014-10-21,inf,inf
2014-10-22,-inf,-inf
2014-10-23,inf,inf
2014-10-24,inf,inf
2014-10-27,inf,inf
2014-10-28,-inf,-inf
2014-10-29,inf,inf
2014-10-30,inf,inf
2014-10-31,inf,inf
2014-11-03,inf,inf
2014-11-04,inf,inf
2014-11-05,inf,inf
2014-11-06,inf,-inf
2014-11-07,inf,-inf
2014-11-10,inf,-inf
2014-11-11,inf,-inf
2014-11-12,-inf,inf
2014-11-13,-inf,inf
2014-11-14,-inf,inf
2014-11-17,-inf,inf
2014-11-18,-inf,inf
2014-11-19,inf,-inf
2014-11-20,inf,-inf
2014-11-21,inf,-inf
2014-11-24,inf,-inf
2014-11-25,inf,-inf
2014-11-26,inf,-inf
2014-11-28,inf,-inf
2014-12-01,-inf,inf
2014-12-02,inf,-inf
2014-12-03,inf,-inf
2014-12-04,inf,-inf
2014-12-05,-inf,inf
2014-12-08,-inf,inf
2014-12-09,-inf,inf
2014-12-10,inf,-inf
2014-12-11,inf,-inf
2014-12-12,-inf,inf
2014-12-15,inf,-inf
2014-12-16,inf,-inf
2014-12-17,inf,-inf
2014-12-18,inf,-inf
2014-12-19,inf,-inf
2014-12-22,inf,-inf
2014-12-23,-inf,inf
2014-12-24,-inf,inf
2014-12-26,-inf,inf
2014-12-29,-inf,inf
2014-12-30,-inf,inf
2014-12-31,inf,-inf
2015-01-02,inf,-inf
2015-01-05,inf,-inf
2015-01-06,inf,-inf
2015-01-07,inf,-inf
2015-01-08,inf,inf
2015-01-09,inf,inf
2015-01-12,inf,inf
2015-01-13,inf,inf
2015-01-14,inf,inf
2015-01-15,inf,inf
2015-01-16,inf,inf
2015-01-20,inf,inf
2015-01-21,inf,inf
2015-01-22,inf,inf
2015-01-23,inf,inf
2015-01-26,inf,inf
2015-01-27,inf,inf
2015-01-28,inf,inf
2015-01-29,-inf,-inf
2015-01-30,-inf,-inf
2015-02-02,-inf,-inf
2015-02-03,inf,inf
2015-02-04,inf,inf
2015-02-05,inf,inf
2015-02-06,-inf,-inf
2015-02-09,inf,inf
2015-02-10,inf,inf
2015-02-11,inf,inf
2015-02-12,inf,inf
2015-02-13,inf,inf
2015-02-17,inf,inf
2015-02-18,inf,inf
2015-02-19,inf,inf
2015-02-20,inf,inf
2015-02-23,inf,inf
2015-02-24,inf,inf
2015-02-25,inf,inf
2015-02-26,-inf,-inf
2015-02-27,-inf,-inf
2015-03-02,-inf,-inf
2015-03-03,inf,inf
2015-03-04,inf,inf
2015-03-05,inf,inf
2015-03-06,-inf,-inf
2015-03-09,-inf,-inf
2015-03-10,inf,inf
2015-03-11,inf,inf
2015-03-12,inf,inf
2015-03-13,inf,inf
2015-03-16,inf,inf
2015-03-17,inf,inf
2015-03-18,inf,inf
2015-03-19,-inf,-inf
2015-03-20,-inf,-inf
2015-03-23,-inf,-inf
2015-03-24,-inf,-inf
2015-03-25,inf,inf
2015-03-26,inf,inf
2015-03-27,inf,inf
2015-03-30,inf,inf
2015-03-31,-inf,-inf
2015-04-01,-inf,-inf
2015-04-02,-inf,-inf
2015-04-06,-inf,-inf
2015-04-07,-inf,-inf
2015-04-08,-inf,-inf
2015-04-09,-inf,-inf
2015-04-10,-inf,-inf
2015-04-13,inf,inf
2015-04-14,inf,inf
2015-04-15,inf,inf
2015-04-16,-inf,-inf
2015-04-17,inf,inf
2015-04-20,inf,inf
2015-04-21,inf,inf
2015-04-22,-inf,-inf
2015-04-23,-inf,-inf
2015-04-24,-inf,-inf
2015-04-27,-inf,-inf
2015-04-28,-inf,-inf
2015-04-29,inf,inf
2015-04-30,-inf,-inf
2015-05-01,-inf,-inf
2015-05-04,-inf,-inf
2015-05-05,inf,inf
2015-05-06,-inf,-inf
2015-05-07,inf,inf
2015-05-08,inf,inf
2015-05-11,-inf,-inf
2015-05-12,-inf,-inf
2015-05-13,-inf,-inf
2015-05-14,-inf,-inf
2015-05-15,-inf,-inf
2015-05-18,inf,inf
2015-05-19,-inf,-inf
2015-05-20,-inf,-inf
2015-05-21,-inf,-inf
2015-05-22,inf,inf
2015-05-26,-inf,-inf
2015-05-27,-inf,-inf
2015-05-28,-inf,-inf
2015-05-29,-inf,-inf
2015-06-01,-inf,-inf
2015-06-02,-inf,-inf
2015-06-03,-inf,-inf
2015-06-04,inf,inf
2015-06-05,inf,inf
2015-06-08,inf,inf
2015-06-09,inf,inf
2015-06-10,inf,inf
2015-06-11,inf,inf
2015-06-12,inf,inf
2015-06-15,inf,inf
2015-06-16,inf,inf
2015-06-17,inf,inf
2015-06-18,inf,inf
2015-06-19,-inf,-inf
2015-06-22,-inf,-inf
2015-06-23,-inf,-inf
2015-06-24,inf,inf
2015-06-25,inf,inf
2015-06-26,inf,inf
2015-06-29,inf,inf
2015-06-30,inf,inf
2015-07-01,inf,inf
2015-07-02,inf,inf
2015-07-06,inf,inf
2015-07-07,inf,inf
2015-07-08,inf,inf
2015-07-09,inf,inf
2015-07-10,-inf,-inf
2015-07-13,-inf,-inf
2015-07-14,-inf,-inf
2015-07-15,-inf,-inf
2015-07-16,-inf,-inf
2015-07-17,-inf,-inf
2015-07-20,-inf,-inf
2015-07-21,inf,inf
2015-07-22,inf,inf
2015-07-23,-inf,-inf
2015-07-24,-inf,-inf
2015-07-27,-inf,-inf
2015-07-28,inf,inf
2015-07-29,inf,inf
2015-07-30,inf,inf
2015-07-31,inf,inf
2015-08-03,inf,inf
2015-08-04,-inf,-inf
2015-08-05,inf,inf
2015-08-06,inf,inf
2015-08-07,inf,inf
2015-08-10,-inf,-inf
2015-08-11,-inf,-inf
2015-08-12,-inf,-inf
2015-08-13,inf,inf
2015-08-14,inf,inf
2015-08-17,inf,inf
2015-08-18,-inf,-inf
2015-08-19,-inf,-inf
2015-08-20,-inf,-inf
2015-08-21,inf,inf
2015-08-24,-inf,-inf
2015-08-25,inf,inf
2015-08-26,-inf,-inf
2015-08-27,-inf,-inf
2015-08-28,-inf,-inf
2015-08-31,inf,inf
2015-09-01,inf,inf
2015-09-02,-inf,-inf
2015-09-03,-inf,-inf
2015-09-04,-inf,-inf
2015-09-08,inf,inf
2015-09-09,inf,inf
2015-09-10,-inf,-inf
2015-09-11,-inf,-inf
2015-09-14,-inf,-inf
2015-09-15,-inf,-inf
2015-09-16,-inf,-inf
2015-09-17,-inf,-inf
2015-09-18,-inf,-inf
2015-09-21,inf,inf
2015-09-22,inf,inf
2015-09-23,inf,inf
2015-09-24,inf,inf
2015-09-25,-inf,-inf
2015-09-28,-inf,-inf
2015-09-29,-inf,-inf
2015-09-30,-inf,-inf
2015-10-01,-inf,-inf
2015-10-02,-inf,-inf
2015-10-05,-inf,-inf
2015-10-06,-inf,-inf
2015-10-07,-inf,-inf
2015-10-08,-inf,-inf
2015-10-09,-inf,-inf
2015-10-12,-inf,-inf
2015-10-13,inf,inf
2015-10-14,inf,inf
2015-10-15,inf,inf
2015-10-16,inf,inf
2015-10-19,inf,inf
2015-10-20,-inf,-inf
2015-10-21,-inf,-inf
2015-10-22,-inf,-inf
2015-10-23,-inf,-inf
2015-10-26,-inf,-inf
2015-10-27,-inf,-inf
2015-10-28,-inf,-inf
2015-10-29,inf,inf
2015-10-30,inf,inf
2015-11-02,inf,inf
2015-11-03,inf,inf
2015-11-04,-inf,-inf
2015-11-05,-inf,-inf
2015-11-06,inf,inf
2015-11-09,-inf,-inf
2015-11-10,-inf,-inf
2015-11-11,-inf,-inf
2015-11-12,inf,inf
2015-11-13,inf,inf
2015-11-16,inf,inf
2015-11-17,inf,inf
2015-11-18,inf,inf
2015-11-19,inf,inf
2015-11-20,inf,inf
2015-11-23,inf,inf
2015-11-24,inf,inf
2015-11-25,inf,inf
2015-11-27,inf,inf
2015-11-30,inf,inf
2015-12-01,inf,inf
2015-12-02,-inf,-inf
2015-12-03,inf,inf
2015-12-04,inf,inf
2015-12-07,inf,inf
2015-12-08,-inf,-inf
2015-12-09,-inf,-inf
2015-12-10,-inf,-inf
2015-12-11,-inf,-inf
2015-12-14,inf,inf
2015-12-15,inf,inf
2015-12-16,inf,inf
2015-12-17,inf,inf
2015-12-18,inf,inf
2015-12-21,inf,inf
2015-12-22,inf,inf
2015-12-23,inf,inf
2015-12-24,inf,inf
2015-12-28,inf,inf
2015-12-29,inf,inf
2015-12-30,inf,inf
2015-12-31,inf,inf
2016-01-04,inf,inf
2016-01-05,inf,inf
2016-01-06,inf,inf
2016-01-07,inf,inf
2016-01-08,inf,inf
2016-01-11,-inf,-inf
2016-01-12,-inf,-inf
2016-01-13,-inf,-inf
2016-01-14,-inf,inf
2016-01-15,-inf,inf
2016-01-19,-inf,inf
2016-01-20,-inf,inf
2016-01-21,inf,-inf
2016-01-22,inf,-inf
2016-01-25,inf,-inf
2016-01-26,inf,-inf
2016-01-27,inf,-inf
2016-01-28,-inf,inf
2016-01-29,-inf,inf
2016-02-01,-inf,inf
2016-02-02,-inf,inf
2016-02-03,-inf,inf
2016-02-04,-inf,inf
2016-02-05,-inf,inf
2016-02-08,-inf,inf
2016-02-09,-inf,-inf
2016-02-10,-inf,-inf
2016-02-11,-inf,-inf
2016-02-12,inf,inf
2016-02-16,-inf,-inf
2016-02-17,-inf,-inf
2016-02-18,-inf,-inf
2016-02-19,inf,inf
2016-02-22,inf,inf
2016-02-23,inf,inf
2016-02-24,inf,inf
2016-02-25,inf,inf
2016-02-26,-inf,-inf
2016-02-29,-inf,-inf
2016-03-01,-inf,-inf
2016-03-02,-inf,-inf
2016-03-03,-inf,-inf
2016-03-04,-inf,-inf
2016-03-07,-inf,-inf
2016-03-08,inf,inf
2016-03-09,inf,inf
2016-03-10,inf,inf
2016-03-11,inf,inf
2016-03-14,-inf,-inf
2016-03-15,inf,inf
2016-03-16,inf,inf
2016-03-17,inf,inf
2016-03-18,inf,inf
2016-03-21,-inf,-inf
2016-03-22,inf,inf
2016-03-23,-inf,-inf
2016-03-24,inf,inf
2016-03-28,inf,inf
2016-03-29,inf,inf
2016-03-30,-inf,-inf
2016-03-31,-inf,-inf
2016-04-01,inf,inf
2016-04-04,-inf,-inf
2016-04-05,-inf,-inf
2016-04-06,-inf,-inf
2016-04-07,-inf,-inf
2016-04-08,-inf,-inf
2016-04-11,-inf,-inf
2016-04-12,-inf,-inf
2016-04-13,-inf,-inf
2016-04-14,inf,inf
2016-04-15,inf,inf
2016-04-18,inf,inf
2016-04-19,inf,inf
2016-04-20,-inf,-inf
2016-04-21,inf,inf
2016-04-22,inf,inf
2016-04-25,-inf,-inf
2016-04-26,-inf,-inf
2016-04-27,-inf,-inf
2016-04-28,-inf,-inf
2016-04-29,-inf,-inf
2016-05-02,-inf,-inf
2016-05-03,inf,inf
2016-05-04,-inf,-inf
2016-05-05,-inf,-inf
2016-05-06,-inf,-inf
2016-05-09,inf,inf
2016-05-10,inf,inf
2016-05-11,inf,inf
2016-05-12,-inf,-inf
2016-05-13,-inf,-inf
2016-05-16,-inf,-inf
2016-05-17,inf,inf
2016-05-18,-inf,-inf
2016-05-19,-inf,-inf
2016-05-20,-inf,-inf
2016-05-23,-inf,inf
2016-05-24,-inf,inf
2016-05-25,-inf,inf
2016-05-26,-inf,inf
2016-05-27,-inf,inf
2016-05-31,-inf,inf
2016-06-01,-inf,inf
2016-06-02,-inf,inf
2016-06-03,-inf,inf
2016-06-06,-inf,inf
2016-06-07,-inf,inf
2016-06-08,-inf,inf
2016-06-09,inf,-inf
2016-06-10,-inf,inf
2016-06-13,inf,-inf
2016-06-14,-inf,inf
2016-06-15,-inf,inf
2016-06-16,-inf,inf
2016-06-17,-inf,inf
2016-06-20,-inf,inf
2016-06-21,inf,-inf
2016-06-22,inf,-inf
2016-06-23,inf,-inf
2016-06-24,inf,-inf
2016-06-27,inf,-inf
2016-06-28,inf,-inf
2016-06-29,inf,-inf
2016-06-30,inf,-inf
2016-07-01,inf,-inf
2016-07-05,inf,-inf
2016-07-06,inf,-inf
2016-07-07,-inf,inf
2016-07-08,-inf,inf
2016-07-11,inf,-inf
2016-07-12,-inf,inf
2016-07-13,-inf,inf
2016-07-14,inf,-inf
2016-07-15,-inf,inf
2016-07-18,-inf,inf
2016-07-19,-inf,inf
2016-07-20,inf,-inf
2016-07-21,inf,-inf
2016-07-22,inf,-inf
2016-07-25,-inf,inf
2016-07-26,-inf,inf
2016-07-27,-inf,inf
2016-07-28,-inf,inf
2016-07-29,-inf,inf
2016-08-01,inf,-inf
2016-08-02,-inf,inf
2016-08-03,-inf,inf
2016-08-04,-inf,inf
2016-08-05,inf,-inf
2016-08-08,inf,-inf
2016-08-09,inf,-inf
2016-08-10,inf,-inf
2016-08-11,-inf,inf
2016-08-12,-inf,inf
2016-08-15,-inf,inf
2016-08-16,inf,-inf
2016-08-17,inf,-inf
2016-08-18,inf,-inf
2016-08-19,-inf,inf
2016-08-22,-inf,inf
2016-08-23,-inf,inf
2016-08-24,inf,-inf
2016-08-25,-inf,inf
2016-08-26,inf,-inf
2016-08-29,inf,-inf
2016-08-30,-inf,inf
2016-08-31,inf,-inf
2016-09-01,inf,-inf
2016-09-02,inf,-inf
2016-09-06,inf,-inf
2016-09-07,-inf,inf
2016-09-08,-inf,-inf
2016-09-09,inf,inf
2016-09-12,inf,inf
2016-09-13,-inf,-inf
2016-09-14,-inf,-inf
2016-09-15,-inf,-inf
2016-09-16,-inf,-inf
2016-09-19,-inf,-inf
2016-09-20,-inf,-inf
2016-09-21,-inf,-inf
2016-09-22,-inf,-inf
2016-09-23,inf,inf
2016-09-26,-inf,-inf
2016-09-27,-inf,-inf
2016-09-28,-inf,-inf
2016-09-29,inf,inf
2016-09-30,inf,inf
2016-10-03,inf,inf
2016-10-04,inf,inf
2016-10-05,inf,inf
2016-10-06,inf,inf
2016-10-07,inf,inf
2016-10-10,inf,inf
2016-10-11,-inf,-inf
2016-10-12,-inf,-inf
2016-10-13,inf,inf
2016-10-14,inf,inf
2016-10-17,-inf,-inf
2016-10-18,-inf,-inf
2016-10-19,-inf,-inf
2016-10-20,-inf,-inf
2016-10-21,-inf,-inf
2016-10-24,-inf,-inf
2016-10-25,inf,inf
2016-10-26,-inf,-inf
2016-10-27,-inf,-inf
2016-10-28,inf,inf
2016-10-31,inf,inf
2016-11-01,-inf,-inf
2016-11-02,inf,inf
2016-11-03,inf,inf
2016-11-04,-inf,-inf
2016-11-07,-inf,-inf
2016-11-08,-inf,-inf
2016-11-09,-inf,-inf
2016-11-10,-inf,-inf
2016-11-11,-inf,-inf
2016-11-14,-inf,-inf
2016-11-15,-inf,-inf
2016-11-16,-inf,-inf
2016-11-17,-inf,-inf
2016-11-18,-inf,-inf
2016-11-21,-inf,-inf
2016-11-22,-inf,-inf
2016-11-23,-inf,-inf
2016-11-25,-inf,-inf
2016-11-28,inf,inf
2016-11-29,inf,inf
2016-11-30,inf,inf
2016-12-01,inf,inf
2016-12-02,inf,inf
2016-12-05,inf,inf
2016-12-06,inf,inf
2016-12-07,inf,inf
2016-12-08,inf,inf
2016-12-09,inf,inf
2016-12-12,-inf,-inf
2016-12-13,-inf,-inf
2016-12-14,inf,inf
2016-12-15,inf,inf
2016-12-16,inf,inf
2016-12-19,inf,inf
2016-12-20,inf,inf
2016-12-21,-inf,-inf
2016-12-22,-inf,-inf
2016-12-23,-inf,-inf
2016-12-27,-inf,-inf
2016-12-28,inf,inf
2016-12-29,inf,inf
2016-12-30,inf,inf
2017-01-03,inf,inf
2017-01-04,inf,inf
2017-01-05,inf,inf
2017-01-06,inf,-inf
2017-01-09,-inf,inf
2017-01-10,inf,-inf
2017-01-11,inf,-inf
2017-01-12,inf,-inf
2017-01-13,-inf,inf
2017-01-17,-inf,inf
2017-01-18,inf,-inf
2017-01-19,-inf,inf
2017-01-20,-inf,inf
2017-01-23,-inf,inf
2017-01-24,-inf,inf
2017-01-25,-inf,inf
2017-01-26,inf,-inf
2017-01-27,inf,-inf
2017-01-30,-inf,inf
2017-01-31,-inf,inf
2017-02-01,-inf,inf
2017-02-02,-inf,inf
2017-02-03,-inf,inf
2017-02-06,-inf,inf
2017-02-07,-inf,inf
2017-02-08,-inf,inf
2017-02-09,inf,-inf
2017-02-10,inf,-inf
2017-02-13,inf,-inf
2017-02-14,-inf,inf
2017-02-15,-inf,inf
2017-02-16,-inf,inf
2017-02-17,-inf,inf
2017-02-21,-inf,inf
2017-02-22,-inf,inf
2017-02-23,-inf,inf
2017-02-24,-inf,inf
2017-02-27,inf,-inf
2017-02-28,-inf,inf
2017-03-01,-inf,inf
2017-03-02,inf,-inf
2017-03-03,inf,-inf
2017-03-06,-inf,inf
2017-03-07,inf,-inf
2017-03-08,-inf,inf
2017-03-09,-inf,inf
2017-03-10,-inf,inf
2017-03-13,-inf,inf
2017-03-14,inf,-inf
2017-03-15,inf,-inf
2017-03-16,inf,-inf
2017-03-17,inf,-inf
2017-03-20,inf,-inf
2017-03-21,inf,-inf
2017-03-22,inf,-inf
2017-03-23,inf,-inf
2017-03-24,inf,-inf
2017-03-27,inf,-inf
2017-03-28,inf,-inf
2017-03-29,inf,-inf
2017-03-30,-inf,inf
2017-03-31,-inf,inf
2017-04-03,-inf,inf
2017-04-04,inf,-inf
2017-04-05,inf,-inf
2017-04-06,inf,-inf
2017-04-07,-inf,inf
2017-04-10,-inf,inf
2017-04-11,-inf,inf
2017-04-12,-inf,inf
2017-04-13,-inf,inf
2017-04-17,-inf,inf
2017-04-18,-inf,inf
2017-04-19,inf,-inf
2017-04-20,inf,-inf
2017-04-21,inf,-inf
2017-04-24,inf,-inf
2017-04-25,-inf,inf
2017-04-26,-inf,inf
2017-04-27,-inf,inf
2017-04-28,-inf,inf
2017-05-01,inf,-inf
2017-05-02,inf,-inf
2017-05-03,-inf,inf
2017-05-04,inf,-inf
2017-05-05,inf,-inf
2017-05-08,-inf,inf
2017-05-09,-inf,inf
2017-05-10,-inf,inf
2017-05-11,-inf,inf
2017-05-12,-inf,inf
2017-05-15,-inf,inf
2017-05-16,-inf,inf
2017-05-17,-inf,inf
2017-05-18,inf,-inf
2017-05-19,inf,-inf
2017-05-22,inf,-inf
2017-05-23,-inf,inf
2017-05-24,-inf,inf
2017-05-25,-inf,inf
2017-05-26,-inf,inf
2017-05-30,-inf,inf
2017-05-31,-inf,inf
2017-06-01,-inf,inf
2017-06-02,-inf,inf
2017-06-05,inf,-inf
2017-06-06,inf,-inf
2017-06-07,-inf,inf
2017-06-08,inf,-inf
2017-06-09,-inf,inf
2017-06-12,-inf,inf
2017-06-13,-inf,inf
2017-06-14,-inf,inf
2017-06-15,inf,-inf
2017-06-16,inf,-inf
2017-06-19,inf,-inf
2017-06-20,-inf,inf
2017-06-21,-inf,inf
2017-06-22,-inf,inf
2017-06-23,-inf,inf
2017-06-26,-inf,inf
2017-06-27,inf,-inf
2017-06-28,inf,-inf
2017-06-29,-inf,inf
2017-06-30,-inf,inf
2017-07-03,-inf,inf
2017-07-05,inf,-inf
2017-07-06,-inf,inf
2017-07-07,-inf,inf
2017-07-10,-inf,inf
2017-07-11,-inf,inf
2017-07-12,-inf,inf
2017-07-13,-inf,inf
2017-07-14,-inf,inf
2017-07-17,-inf,inf
2017-07-18,-inf,inf
2017-07-19,-inf,inf
2017-07-20,-inf,inf
2017-07-21,-inf,inf
2017-07-24,inf,-inf
2017-07-25,-inf,inf
2017-07-26,-inf,inf
2017-07-27,inf,-inf
2017-07-28,inf,-inf
2017-07-31,inf,-inf
2017-08-01,inf,-inf
2017-08-02,-inf,inf
2017-08-03,-inf,inf
2017-08-04,inf,-inf
2017-08-07,inf,-inf
2017-08-08,-inf,inf
2017-08-09,-inf,inf
2017-08-10,inf,-inf
2017-08-11,inf,-inf
2017-08-14,inf,-inf
2017-08-15,-inf,inf
2017-08-16,-inf,inf
2017-08-17,-inf,inf
2017-08-18,-inf,inf
2017-08-21,-inf,inf
2017-08-22,-inf,inf
2017-08-23,-inf,inf
2017-08-24,inf,-inf
2017-08-25,inf,-inf
2017-08-28,inf,-inf
2017-08-29,inf,-inf
2017-08-30,inf,-inf
2017-08-31,inf,-inf
2017-09-01,-inf,inf
2017-09-05,-inf,inf
2017-09-06,-inf,inf
2017-09-07,-inf,inf
2017-09-08,inf,-inf
2017-09-11,inf,-inf
2017-09-12,-inf,inf
2017-09-13,inf,-inf
2017-09-14,inf,-inf
2017-09-15,inf,-inf
2017-09-18,-inf,inf
2017-09-19,-inf,inf
2017-09-20,inf,-inf
2017-09-21,-inf,inf
2017-09-22,-inf,inf
2017-09-25,-inf,inf
2017-09-26,inf,-inf
2017-09-27,inf,-inf
2017-09-28,inf,-inf
2017-09-29,inf,-inf
2017-10-02,inf,-inf
2017-10-03,inf,-inf
2017-10-04,-inf,inf
2017-10-05,-inf,inf
2017-10-06,inf,-inf
2017-10-09,inf,-inf
2017-10-10,inf,-inf
2017-10-11,inf,-inf
2017-10-12,inf,-inf
2017-10-13,inf,-inf
2017-10-16,-inf,inf
2017-10-17,-inf,inf
2017-10-18,-inf,inf
2017-10-19,inf,-inf
2017-10-20,inf,-inf
2017-10-23,-inf,inf
2017-10-24,-inf,inf
2017-10-25,inf,-inf
2017-10-26,inf,-inf
2017-10-27,inf,-inf
2017-10-30,-inf,inf
2017-10-31,-inf,inf
2017-11-01,-inf,inf
2017-11-02,-inf,inf
2017-11-03,-inf,inf
2017-11-06,-inf,inf
2017-11-07,-inf,inf
2017-11-08,-inf,inf
2017-11-09,inf,-inf
2017-11-10,-inf,inf
2017-11-13,-inf,inf
2017-11-14,inf,-inf
2017-11-15,-inf,inf
2017-11-16,-inf,inf
2017-11-17,-inf,inf
2017-11-20,-inf,inf
2017-11-21,-inf,inf
2017-11-22,-inf,inf
2017-11-24,-inf,inf
2017-11-27,inf,-inf
2017-11-28,inf,-inf
2017-11-29,-inf,inf
2017-11-30,-inf,inf
2017-12-01,-inf,inf
2017-12-04,inf,-inf
2017-12-05,inf,-inf
2017-12-06,-inf,inf
2017-12-07,-inf,inf
2017-12-08,-inf,inf
2017-12-11,-inf,inf
2017-12-12,-inf,inf
2017-12-13,-inf,inf
2017-12-14,-inf,inf
2017-12-15,-inf,inf
2017-12-18,-inf,inf
2017-12-19,inf,-inf
2017-12-20,inf,-inf
2017-12-21,inf,-inf
2017-12-22,inf,-inf
2017-12-26,inf,-inf
2017-12-27,inf,-inf
2017-12-28,inf,-inf
2017-12-29,inf,-inf
2018-01-02,inf,-inf
2018-01-03,inf,-inf
2018-01-04,inf,-inf
2018-01-05,inf,-inf
2018-01-08,inf,-inf
2018-01-09,-inf,inf
2018-01-10,inf,-inf
2018-01-11,inf,-inf
2018-01-12,inf,-inf
2018-01-16,-inf,inf
2018-01-17,-inf,inf
2018-01-18,inf,-inf
2018-01-19,inf,-inf
2018-01-22,inf,-inf
2018-01-23,inf,-inf
2018-01-24,inf,-inf
2018-01-25,-inf,inf
2018-01-26,-inf,inf
2018-01-29,inf,-inf
2018-01-30,-inf,inf
2018-01-31,-inf,inf
2018-02-01,-inf,inf
2018-02-02,inf,-inf
2018-02-05,-inf,inf
2018-02-06,-inf,inf
2018-02-07,inf,-inf
2018-02-08,inf,-inf
2018-02-09,inf,-inf
2018-02-12,inf,-inf
2018-02-13,inf,-inf
2018-02-14,inf,-inf
2018-02-15,inf,-inf
2018-02-16,inf,-inf
2018-02-20,-inf,inf
2018-02-21,-inf,inf
2018-02-22,-inf,inf
2018-02-23,-inf,inf
2018-02-26,-inf,inf
2018-02-27,inf,-inf
2018-02-28,inf,-inf
2018-03-01,inf,-inf
2018-03-02,inf,-inf
2018-03-05,inf,-inf
2018-03-06,inf,-inf
2018-03-07,inf,-inf
2018-03-08,inf,-inf
2018-03-09,inf,-inf
2018-03-12,inf,-inf
2018-03-13,inf,-inf
2018-03-14,inf,-inf
2018-03-15,inf,-inf
2018-03-16,inf,-inf
2018-03-19,inf,-inf
2018-03-20,inf,-inf
2018-03-21,inf,-inf
2018-03-22,inf,-inf
2018-03-23,inf,-inf
2018-03-26,inf,-inf
2018-03-27,inf,-inf
2018-03-28,inf,-inf
2018-03-29,inf,-inf
2018-04-02,-inf,inf
2018-04-03,inf,-inf
2018-04-04,inf,-inf
2018-04-05,-inf,inf
2018-04-06,-inf,inf
2018-04-09,-inf,inf
2018-04-10,-inf,inf
2018-04-11,-inf,inf
2018-04-12,inf,-inf
2018-04-13,inf,-inf
2018-04-16,inf,-inf
2018-04-17,inf,-inf
2018-04-18,inf,-inf
2018-04-19,-inf,inf
2018-04-20,inf,-inf
2018-04-23,-inf,inf
2018-04-24,inf,-inf
2018-04-25,inf,-inf
2018-04-26,inf,-inf
2018-04-27,inf,-inf
2018-04-30,inf,-inf
2018-05-01,inf,-inf
2018-05-02,inf,-inf
2018-05-03,inf,-inf
2018-05-04,inf,-inf
2018-05-07,inf,-inf
2018-05-08,inf,-inf
2018-05-09,inf,-inf
2018-05-10,inf,-inf
2018-05-11,inf,inf
2018-05-14,inf,inf
2018-05-15,-inf,-inf
2018-05-16,-inf,-inf
2018-05-17,-inf,-inf
2018-05-18,inf,inf
2018-05-21,inf,inf
2018-05-22,inf,inf
2018-05-23,inf,inf
2018-05-24,-inf,-inf
2018-05-25,inf,inf
2018-05-29,inf,inf
2018-05-30,inf,inf
2018-05-31,-inf,-inf
2018-06-01,-inf,-inf
2018-06-04,-inf,-inf
2018-06-05,-inf,-inf
2018-06-06,-inf,-inf
2018-06-07,-inf,-inf
2018-06-08,-inf,-inf
2018-06-11,-inf,-inf
2018-06-12,-inf,-inf
2018-06-13,inf,inf
2018-06-14,inf,inf
2018-06-15,inf,-inf
2018-06-18,inf,-inf
2018-06-19,inf,-inf
2018-06-20,inf,-inf
2018-06-21,-inf,inf
2018-06-22,-inf,inf
2018-06-25,inf,-inf
2018-06-26,inf,-inf
2018-06-27,inf,-inf
2018-06-28,inf,-inf
2018-06-29,-inf,inf
2018-07-02,-inf,inf
2018-07-03,-inf,inf
2018-07-05,-inf,inf
2018-07-06,-inf,inf
2018-07-09,-inf,inf
2018-07-10,-inf,inf
2018-07-11,inf,-inf
2018-07-12,inf,-inf
2018-07-13,inf,-inf
2018-07-16,-inf,inf
2018-07-17,-inf,inf
2018-07-18,-inf,inf
2018-07-19,-inf,inf
2018-07-20,inf,-inf
2018-07-23,-inf,inf
2018-07-24,-inf,inf
2018-07-25,-inf,inf
2018-07-26,-inf,inf
2018-07-27,inf,-inf
2018-07-30,-inf,inf
2018-07-31,-inf,inf
2018-08-01,inf,-inf
2018-08-02,inf,-inf
2018-08-03,inf,-inf
2018-08-06,inf,-inf
2018-08-07,-inf,inf
2018-08-08,inf,-inf
2018-08-09,inf,-inf
2018-08-10,inf,-inf
2018-08-13,-inf,inf
2018-08-14,-inf,inf
2018-08-15,-inf,inf
2018-08-16,-inf,inf
2018-08-17,-inf,inf
2018-08-20,-inf,inf
2018-08-21,inf,-inf
2018-08-22,inf,-inf
2018-08-23,inf,-inf
2018-08-24,inf,-inf
2018-08-27,inf,-inf
2018-08-28,-inf,inf
2018-08-29,-inf,inf
2018-08-30,inf,-inf
2018-08-31,inf,-inf
2018-09-04,-inf,inf
2018-09-05,inf,-inf
2018-09-06,inf,-inf
2018-09-07,-inf,inf
2018-09-10,-inf,inf
2018-09-11,-inf,inf
2018-09-12,-inf,inf
2018-09-13,-inf,inf
2018-09-14,-inf,inf
2018-09-17,inf,-inf
2018-09-18,inf,-inf
2018-09-19,inf,-inf
2018-09-20,inf,-inf
2018-09-21,inf,-inf
2018-09-24,inf,-inf
2018-09-25,inf,-inf
2018-09-26,-inf,inf
2018-09-27,-inf,inf
2018-09-28,-inf,inf
2018-10-01,-inf,inf
2018-10-02,-inf,inf
2018-10-03,-inf,inf
2018-10-04,inf,-inf
2018-10-05,-inf,inf
2018-10-08,-inf,inf
2018-10-09,-inf,inf
2018-10-10,inf,-inf
2018-10-11,inf,-inf
2018-10-12,inf,-inf
2018-10-15,inf,-inf
2018-10-16,inf,-inf
2018-10-17,inf,-inf
2018-10-18,inf,-inf
2018-10-19,inf,-inf
2018-10-22,inf,-inf
2018-10-23,inf,-inf
2018-10-24,inf,-inf
2018-10-25,inf,-inf
2018-10-26,inf,-inf
2018-10-29,inf,-inf
2018-10-30,inf,-inf
2018-10-31,-inf,inf
2018-11-01,-inf,inf
2018-11-02,-inf,inf
2018-11-05,inf,-inf
2018-11-06,-inf,inf
2018-11-07,-inf,inf
2018-11-08,-inf,inf
2018-11-09,inf,-inf
2018-11-12,inf,-inf
2018-11-13,-inf,inf
2018-11-14,-inf,inf
2018-11-15,-inf,inf
2018-11-16,-inf,inf
2018-11-19,-inf,inf
2018-11-20,-inf,inf
2018-11-21,-inf,inf
2018-11-23,-inf,inf
2018-11-26,-inf,inf
2018-11-27,-inf,inf
2018-11-28,-inf,inf
2018-11-29,-inf,inf
2018-11-30,-inf,inf
2018-12-03,-inf,inf
2018-12-04,-inf,inf
2018-12-06,-inf,inf
2018-12-07,-inf,inf
2018-12-10,-inf,inf
2018-12-11,-inf,inf
2018-12-12,inf,-inf
2018-12-13,inf,-inf
2018-12-14,-inf,inf
2018-12-17,-inf,inf
2018-12-18,-inf,inf
2018-12-19,-inf,inf
2018-12-20,inf,-inf
2018-12-21,-inf,inf
2018-12-24,-inf,inf
2018-12-26,inf,-inf
2018-12-27,inf,-inf
2018-12-28,inf,-inf
2018-12-31,inf,-inf
2019-01-02,inf,-inf
2019-01-03,inf,-inf
2019-01-04,-inf,inf
2019-01-07,-inf,inf
2019-01-08,-inf,inf
2019-01-09,-inf,inf
2019-01-10,inf,-inf
2019-01-11,inf,-inf
2019-01-14,-inf,inf
2019-01-15,-inf,inf
2019-01-16,-inf,inf
2019-01-17,-inf,inf
2019-01-18,-inf,inf
2019-01-22,inf,-inf
2019-01-23,inf,-inf
2019-01-24,inf,-inf
2019-01-25,inf,-inf
2019-01-28,-inf,inf
2019-01-29,-inf,inf
2019-01-30,-inf,inf
2019-01-31,-inf,inf
2019-02-01,inf,-inf
2019-02-04,-inf,inf
2019-02-05,-inf,inf
2019-02-06,inf,-inf
2019-02-07,inf,inf
2019-02-08,inf,inf
2019-02-11,-inf,-inf
2019-02-12,-inf,-inf
2019-02-13,inf,inf
2019-02-14,inf,inf
2019-02-15,inf,inf
2019-02-19,inf,inf
2019-02-20,inf,inf
2019-02-21,-inf,-inf
2019-02-22,-inf,-inf
2019-02-25,inf,inf
2019-02-26,inf,inf
2019-02-27,-inf,-inf
2019-02-28,inf,inf
2019-03-01,inf,inf
2019-03-04,inf,inf
2019-03-05,inf,inf
2019-03-06,-inf,-inf
2019-03-07,-inf,-inf
2019-03-08,inf,inf
2019-03-11,inf,inf
2019-03-12,inf,inf
2019-03-13,inf,inf
2019-03-14,-inf,-inf
2019-03-15,-inf,-inf
2019-03-18,-inf,-inf
2019-03-19,inf,inf
2019-03-20,inf,inf
2019-03-21,inf,inf
2019-03-22,-inf,-inf
2019-03-25,-inf,-inf
2019-03-26,-inf,-inf
2019-03-27,-inf,-inf
2019-03-28,-inf,-inf
2019-03-29,-inf,-inf
2019-04-01,-inf,-inf
2019-04-02,-inf,-inf
2019-04-03,inf,inf
2019-04-04,inf,inf
2019-04-05,inf,inf
2019-04-08,-inf,-inf
2019-04-09,inf,inf
2019-04-10,inf,inf
2019-04-11,-inf,-inf
2019-04-12,-inf,-inf
2019-04-15,inf,inf
2019-04-16,-inf,-inf
2019-04-17,inf,inf
2019-04-18,inf,inf
2019-04-22,-inf,-inf
2019-04-23,-inf,-inf
2019-04-24,-inf,-inf
2019-04-25,inf,inf
2019-04-26,inf,inf
2019-04-29,-inf,-inf
2019-04-30,-inf,-inf
2019-05-01,inf,inf
2019-05-02,-inf,-inf
2019-05-03,-inf,-inf
2019-05-06,-inf,-inf
2019-05-07,inf,inf
2019-05-08,-inf,-inf
2019-05-09,inf,inf
2019-05-10,inf,inf
2019-05-13,inf,inf
2019-05-14,inf,inf
2019-05-15,inf,inf
2019-05-16,inf,inf
2019-05-17,inf,inf
2019-05-20,-inf,-inf
2019-05-21,-inf,-inf
2019-05-22,-inf,-inf
2019-05-23,-inf,-inf
2019-05-24,-inf,-inf
2019-05-28,-inf,-inf
2019-05-29,-inf,-inf
2019-05-30,-inf,-inf
2019-05-31,-inf,-inf
2019-06-03,-inf,-inf
2019-06-04,inf,inf
2019-06-05,inf,inf
2019-06-06,inf,inf
2019-06-07,inf,inf
2019-06-10,-inf,-inf
2019-06-11,-inf,-inf
2019-06-12,-inf,-inf
2019-06-13,-inf,-inf
2019-06-14,-inf,-inf
2019-06-17,-inf,-inf
2019-06-18,-inf,-inf
2019-06-19,-inf,-inf
2019-06-20,-inf,-inf
2019-06-21,inf,inf
2019-06-24,inf,inf
2019-06-25,-inf,-inf
2019-06-26,inf,inf
2019-06-27,inf,inf
2019-06-28,inf,inf
2019-07-01,inf,inf
2019-07-02,inf,inf
2019-07-03,inf,inf
2019-07-05,-inf,-inf
2019-07-08,inf,inf
2019-07-09,inf,inf
2019-07-10,inf,inf
2019-07-11,-inf,-inf
2019-07-12,-inf,-inf
2019-07-15,-inf,-inf
2019-07-16,inf,inf
2019-07-17,inf,inf
2019-07-18,inf,inf
2019-07-19,-inf,-inf
2019-07-22,-inf,-inf
2019-07-23,-inf,-inf
2019-07-24,-inf,-inf
2019-07-25,inf,inf
2019-07-26,inf,inf
2019-07-29,inf,inf
2019-07-30,inf,inf
2019-07-31,-inf,-inf
2019-08-01,-inf,-inf
2019-08-02,inf,inf
2019-08-05,inf,inf
2019-08-06,inf,inf
2019-08-07,inf,inf
2019-08-08,inf,inf
2019-08-09,-inf,-inf
2019-08-12,-inf,-inf
2019-08-13,-inf,-inf
2019-08-14,-inf,-inf
2019-08-15,-inf,-inf
2019-08-16,-inf,-inf
2019-08-19,inf,inf
2019-08-20,inf,inf
2019-08-21,inf,inf
2019-08-22,-inf,-inf
2019-08-23,-inf,-inf
2019-08-26,-inf,-inf
2019-08-27,-inf,-inf
2019-08-28,-inf,-inf
2019-08-29,-inf,-inf
2019-08-30,-inf,-inf
2019-09-03,-inf,-inf
2019-09-04,-inf,-inf
2019-09-05,inf,inf
2019-09-06,inf,inf
2019-09-09,-inf,-inf
2019-09-10,inf,inf
2019-09-11,inf,inf
2019-09-12,inf,inf
2019-09-13,-inf,-inf
2019-09-16,-inf,-inf
2019-09-17,-inf,-inf
2019-09-18,-inf,-inf
2019-09-19,-inf,-inf
2019-09-20,-inf,-inf
2019-09-23,-inf,-inf
2019-09-24,inf,inf
2019-09-25,-inf,-inf
2019-09-26,-inf,-inf
2019-09-27,inf,inf
2019-09-30,inf,inf
2019-10-01,-inf,-inf
2019-10-02,-inf,-inf
2019-10-03,-inf,-inf
2019-10-04,-inf,-inf
2019-10-07,inf,inf
2019-10-08,inf,inf
2019-10-09,inf,inf
2019-10-10,inf,inf
2019-10-11,inf,inf
2019-10-14,inf,inf
2019-10-15,inf,inf
2019-10-16,inf,inf
2019-10-17,inf,inf
2019-10-18,inf,inf
2019-10-21,inf,inf
2019-10-22,inf,-inf
2019-10-23,inf,-inf
2019-10-24,inf,-inf
2019-10-25,inf,-inf
2019-10-28,inf,-inf
2019-10-29,-inf,inf
2019-10-30,-inf,inf
2019-10-31,-inf,inf
2019-11-01,-inf,inf
2019-11-04,-inf,inf
2019-11-05,-inf,inf
2019-11-06,-inf,inf
2019-11-07,-inf,inf
2019-11-08,-inf,inf
2019-11-11,inf,-inf
2019-11-12,inf,-inf
2019-11-13,-inf,inf
2019-11-14,-inf,inf
2019-11-15,-inf,inf
2019-11-18,-inf,inf
2019-11-19,-inf,inf
2019-11-20,-inf,inf
2019-11-21,-inf,inf
2019-11-22,-inf,inf
2019-11-25,-inf,inf
2019-11-26,-inf,inf
2019-11-27,-inf,inf
2019-11-29,inf,-inf
2019-12-02,-inf,inf
2019-12-03,-inf,inf
2019-12-04,-inf,inf
2019-12-05,-inf,inf
2019-12-06,-inf,inf
2019-12-09,inf,-inf
2019-12-10,inf,-inf
2019-12-11,inf,-inf
2019-12-12,inf,-inf
2019-12-13,inf,-inf
2019-12-16,inf,-inf
2019-12-17,inf,-inf
2019-12-18,inf,-inf
2019-12-19,inf,-inf
2019-12-20,inf,-inf
2019-12-23,inf,-inf
2019-12-24,inf,-inf
2019-12-26,inf,-inf
2019-12-27,inf,-inf
2019-12-30,-inf,inf
2019-12-31,-inf,inf
2020-01-02,-inf,inf
2020-01-03,-inf,inf
2020-01-06,-inf,inf
2020-01-07,inf,-inf
2020-01-08,-inf,inf
2020-01-09,-inf,inf
2020-01-10,-inf,inf
2020-01-13,-inf,inf
2020-01-14,inf,-inf
2020-01-15,inf,-inf
2020-01-16,inf,-inf
2020-01-17,inf,-inf
2020-01-21,-inf,inf
2020-01-22,-inf,inf
2020-01-23,-inf,inf
2020-01-24,-inf,inf
2020-01-27,-inf,inf
2020-01-28,-inf,inf
2020-01-29,-inf,inf
2020-01-30,-inf,inf
2020-01-31,inf,-inf
2020-02-03,inf,-inf
2020-02-04,inf,-inf
2020-02-05,inf,-inf
2020-02-06,inf,-inf
2020-02-07,inf,-inf
2020-02-10,inf,-inf
2020-02-11,inf,-inf
2020-02-12,inf,-inf
2020-02-13,inf,-inf
2020-02-14,inf,-inf
2020-02-18,inf,-inf
2020-02-19,inf,-inf
2020-02-20,inf,-inf
2020-02-21,inf,-inf
2020-02-24,inf,-inf
2020-02-25,-inf,inf
2020-02-26,inf,-inf
2020-02-27,-inf,inf
2020-02-28,-inf,inf
2020-03-02,inf,-inf
2020-03-03,inf,-inf
2020-03-04,inf,-inf
2020-03-05,inf,-inf
2020-03-06,inf,-inf
2020-03-09,-inf,inf
2020-03-10,inf,-inf
2020-03-11,-inf,inf
2020-03-12,-inf,inf
2020-03-13,-inf,inf
2020-03-16,-inf,inf
2020-03-17,-inf,inf
2020-03-18,-inf,inf
2020-03-19,-inf,inf
2020-03-20,-inf,inf
2020-03-23,-inf,inf
2020-03-24,-inf,inf
2020-03-25,-inf,inf
2020-03-26,-inf,inf
2020-03-27,-inf,inf
2020-03-30,-inf,inf
2020-03-31,-inf,inf
2020-04-01,-inf,inf
2020-04-02,-inf,inf
2020-04-03,-inf,inf
2020-04-06,-inf,inf
2020-04-07,-inf,inf
2020-04-08,-inf,inf
2020-04-09,-inf,inf
2020-04-13,-inf,inf
2020-04-14,-inf,inf
2020-04-15,-inf,inf
2020-04-16,-inf,inf
2020-04-17,-inf,inf
2020-04-20,-inf,inf
2020-04-21,-inf,inf
2020-04-22,-inf,inf
2020-04-23,-inf,inf
2020-04-24,-inf,inf
2020-04-27,-inf,inf
2020-04-28,-inf,inf
2020-04-29,-inf,inf
2020-04-30,inf,-inf
2020-05-01,inf,-inf
2020-05-04,inf,-inf
2020-05-05,inf,-inf
2020-05-06,-inf,inf
2020-05-07,-inf,inf
2020-05-08,-inf,inf
2020-05-11,inf,-inf
2020-05-12,inf,-inf
2020-05-13,inf,-inf
2020-05-14,inf,-inf
2020-05-15,inf,-inf
2020-05-18,inf,-inf
2020-05-19,inf,-inf
2020-05-20,inf,-inf
2020-05-21,-inf,inf
2020-05-22,-inf,inf
2020-05-26,-inf,inf
2020-05-27,-inf,inf
2020-05-28,-inf,inf
2020-05-29,-inf,inf
2020-06-01,-inf,inf
2020-06-02,-inf,inf
2020-06-03,-inf,inf
2020-06-04,inf,-inf
2020-06-05,inf,-inf
2020-06-08,inf,-inf
2020-06-09,-inf,inf
2020-06-10,-inf,inf
2020-06-11,inf,-inf
2020-06-12,inf,-inf
2020-06-15,inf,-inf
2020-06-16,inf,-inf
2020-06-17,inf,-inf
2020-06-18,inf,-inf
2020-06-19,inf,-inf
2020-06-22,inf,-inf
2020-06-23,inf,-inf
2020-06-24,-inf,inf
2020-06-25,-inf,inf
2020-06-26,inf,-inf
2020-06-29,inf,-inf
2020-06-30,inf,-inf
2020-07-01,inf,-inf
2020-07-02,inf,-inf
2020-07-06,inf,-inf
2020-07-07,inf,-inf
2020-07-08,inf,-inf
2020-07-09,inf,-inf
2020-07-10,inf,-inf
2020-07-13,-inf,inf
2020-07-14,-inf,inf
2020-07-15,-inf,inf
2020-07-16,inf,-inf
2020-07-17,inf,-inf
2020-07-20,inf,-inf
2020-07-21,inf,-inf
2020-07-22,inf,-inf
2020-07-23,inf,-inf
2020-07-24,inf,-inf
2020-07-27,inf,-inf
2020-07-28,inf,-inf
2020-07-29,inf,-inf
2020-07-30,-inf,inf
2020-07-31,-inf,inf
2020-08-03,-inf,inf
2020-08-04,-inf,inf
2020-08-05,-inf,inf
2020-08-06,-inf,inf
2020-08-07,inf,-inf
2020-08-10,inf,-inf
2020-08-11,-inf,inf
2020-08-12,-inf,inf
2020-08-13,inf,-inf
2020-08-14,-inf,inf
2020-08-17,-inf,inf
2020-08-18,-inf,inf
2020-08-19,inf,-inf
2020-08-20,inf,-inf
2020-08-21,inf,-inf
2020-08-24,inf,-inf
2020-08-25,inf,-inf
2020-08-26,inf,-inf
2020-08-27,-inf,inf
2020-08-28,-inf,inf
2020-08-31,inf,-inf
2020-09-01,inf,-inf
2020-09-02,inf,-inf
2020-09-03,-inf,inf
2020-09-04,inf,-inf
2020-09-08,-inf,inf
2020-09-09,-inf,inf
2020-09-10,inf,-inf
2020-09-11,inf,-inf
2020-09-14,inf,-inf
2020-09-15,inf,-inf
2020-09-16,inf,-inf
2020-09-17,-inf,inf
2020-09-18,inf,-inf
2020-09-21,inf,-inf
2020-09-22,inf,-inf
2020-09-23,inf,-inf
2020-09-24,inf,-inf
2020-09-25,inf,-inf
2020-09-28,inf,-inf
2020-09-29,-inf,inf
2020-09-30,-inf,inf
2020-10-01,-inf,inf
2020-10-02,-inf,inf
2020-10-05,-inf,inf
2020-10-06,-inf,inf
2020-10-07,-inf,inf
2020-10-08,-inf,inf
2020-10-09,-inf,inf
2020-10-12,-inf,inf
2020-10-13,inf,-inf
2020-10-14,-inf,inf
2020-10-15,-inf,inf
2020-10-16,-inf,-inf
2020-10-19,inf,inf
2020-10-20,inf,inf
2020-10-21,inf,inf
2020-10-22,inf,inf
2020-10-23,inf,inf
2020-10-26,-inf,-inf
2020-10-27,-inf,-inf
2020-10-28,-inf,-inf
2020-10-29,-inf,-inf
2020-10-30,-inf,-inf
2020-11-02,-inf,-inf
2020-11-03,-inf,-inf
2020-11-04,-inf,-inf
2020-11-05,-inf,-inf
2020-11-06,inf,inf
2020-11-09,inf,inf
2020-11-10,inf,inf
2020-11-11,inf,inf
2020-11-12,-inf,-inf
2020-11-13,-inf,-inf
2020-11-16,-inf,-inf
2020-11-17,-inf,-inf
2020-11-18,inf,inf
2020-11-19,inf,inf
2020-11-20,inf,inf
2020-11-23,inf,inf
2020-11-24,inf,inf
2020-11-25,inf,inf
2020-11-27,inf,inf
2020-11-30,-inf,-inf
2020-12-01,-inf,-inf
2020-12-02,-inf,-inf
2020-12-03,-inf,-inf
2020-12-04,-inf,-inf
2020-12-07,-inf,-inf
2020-12-08,-inf,-inf
2020-12-09,inf,inf
2020-12-10,inf,inf
2020-12-11,-inf,-inf
2020-12-14,inf,inf
2020-12-15,inf,inf
2020-12-16,inf,inf
2020-12-17,inf,inf
2020-12-18,-inf,-inf
2020-12-21,inf,inf
2020-12-22,-inf,-inf
2020-12-23,-inf,-inf
2020-12-24,-inf,-inf
2020-12-28,-inf,-inf
2020-12-29,-inf,-inf
2020-12-30,-inf,-inf
2020-12-31,-inf,-inf
2021-01-04,inf,inf
2021-01-05,inf,inf
2021-01-06,-inf,-inf
2021-01-07,-inf,-inf
2021-01-08,-inf,-inf
2021-01-11,inf,inf
2021-01-12,inf,inf
2021-01-13,inf,inf
2021-01-14,inf,inf
2021-01-15,-inf,-inf
2021-01-19,-inf,-inf
2021-01-20,-inf,-inf
2021-01-21,-inf,-inf
2021-01-22,inf,inf
2021-01-25,inf,inf
2021-01-26,inf,inf
2021-01-27,-inf,-inf
2021-01-28,-inf,-inf
2021-01-29,inf,inf
2021-02-01,inf,inf
2021-02-02,inf,inf
2021-02-03,inf,inf
2021-02-04,inf,inf
2021-02-05,inf,inf
2021-02-08,inf,inf
2021-02-09,inf,inf
2021-02-10,inf,inf
2021-02-11,inf,inf
2021-02-12,inf,inf
2021-02-16,inf,inf
2021-02-17,inf,inf
2021-02-18,-inf,-inf
2021-02-19,-inf,-inf
2021-02-22,-inf,-inf
2021-02-23,-inf,-inf
2021-02-24,-inf,-inf
2021-02-25,inf,inf
2021-02-26,-inf,-inf
2021-03-01,-inf,-inf
2021-03-02,inf,inf
2021-03-03,inf,inf
2021-03-04,inf,inf
2021-03-05,inf,inf
2021-03-08,inf,inf
2021-03-09,inf,inf
2021-03-10,inf,inf
2021-03-11,inf,inf
2021-03-12,inf,inf
2021-03-15,inf,inf
2021-03-16,inf,inf
2021-03-17,inf,inf
2021-03-18,-inf,-inf
2021-03-19,-inf,-inf
2021-03-22,-inf,-inf
2021-03-23,inf,inf
2021-03-24,inf,inf
2021-03-25,inf,inf
2021-03-26,inf,inf
2021-03-29,inf,inf
2021-03-30,inf,inf
2021-03-31,inf,inf
2021-04-01,inf,inf
2021-04-05,inf,inf
2021-04-06,inf,inf
2021-04-07,inf,inf
2021-04-08,inf,inf
2021-04-09,inf,inf
2021-04-12,inf,inf
2021-04-13,inf,inf
2021-04-14,inf,inf
2021-04-15,inf,inf
2021-04-16,inf,inf
2021-04-19,-inf,-inf
2021-04-20,inf,inf
2021-04-21,inf,inf
2021-04-22,-inf,-inf
2021-04-23,-inf,-inf
2021-04-26,-inf,-inf
2021-04-27,inf,inf
2021-04-28,inf,inf
2021-04-29,inf,inf
2021-04-30,-inf,-inf
2021-05-03,-inf,-inf
2021-05-04,inf,inf
2021-05-05,inf,inf
2021-05-06,inf,inf
2021-05-07,inf,inf
2021-05-10,-inf,-inf
2021-05-11,inf,inf
2021-05-12,-inf,-inf
2021-05-13,-inf,-inf
2021-05-14,-inf,-inf
2021-05-17,-inf,-inf
2021-05-18,inf,inf
2021-05-19,-inf,-inf
2021-05-20,-inf,-inf
2021-05-21,-inf,-inf
2021-05-24,-inf,-inf
2021-05-25,-inf,-inf
2021-05-26,-inf,-inf
2021-05-27,inf,inf
2021-05-28,inf,inf
2021-06-01,inf,inf
2021-06-02,inf,inf
2021-06-03,-inf,-inf
2021-06-04,-inf,-inf
2021-06-07,-inf,-inf
2021-06-08,-inf,-inf
2021-06-09,-inf,-inf
2021-06-10,-inf,-inf
2021-06-11,inf,inf
2021-06-14,-inf,-inf
2021-06-15,inf,inf
2021-06-16,-inf,-inf
2021-06-17,-inf,-inf
2021-06-18,-inf,-inf
2021-06-21,-inf,-inf
2021-06-22,-inf,-inf
2021-06-23,inf,inf
2021-06-24,inf,inf
2021-06-25,inf,inf
2021-06-28,inf,inf
2021-06-29,inf,inf
2021-06-30,inf,inf
2021-07-01,inf,inf
2021-07-02,inf,inf
2021-07-06,inf,inf
2021-07-07,inf,inf
2021-07-08,-inf,-inf
2021-07-09,-inf,-inf
2021-07-12,-inf,-inf
2021-07-13,inf,inf
2021-07-14,inf,inf
2021-07-15,inf,inf
2021-07-16,-inf,-inf
2021-07-19,-inf,-inf
2021-07-20,-inf,-inf
2021-07-21,-inf,-inf
2021-07-22,-inf,-inf
2021-07-23,-inf,-inf
2021-07-26,inf,inf
2021-07-27,inf,inf
2021-07-28,inf,inf
2021-07-29,inf,inf
2021-07-30,inf,inf
2021-08-02,inf,inf
2021-08-03,inf,inf
2021-08-04,-inf,-inf
2021-08-05,-inf,-inf
2021-08-06,inf,inf
2021-08-09,-inf,-inf
2021-08-10,inf,inf
2021-08-11,inf,inf
2021-08-12,inf,inf
2021-08-13,inf,inf
2021-08-16,inf,inf
2021-08-17,-inf,-inf
2021-08-18,inf,inf
2021-08-19,inf,inf
2021-08-20,inf,inf
2021-08-23,inf,inf
2021-08-24,-inf,-inf
2021-08-25,inf,inf
2021-08-26,inf,inf
2021-08-27,inf,inf
2021-08-30,inf,inf
2021-08-31,-inf,-inf
2021-09-01,-inf,-inf
2021-09-02,-inf,-inf
2021-09-03,inf,inf
2021-09-07,-inf,-inf
2021-09-08,-inf,-inf
2021-09-09,-inf,-inf
2021-09-10,inf,inf
2021-09-13,inf,inf
2021-09-14,inf,inf
2021-09-15,inf,inf
2021-09-16,-inf,-inf
2021-09-17,inf,inf
2021-09-20,inf,inf
2021-09-21,inf,inf
2021-09-22,inf,inf
2021-09-23,inf,inf
2021-09-24,inf,-inf
2021-09-27,inf,-inf
2021-09-28,inf,-inf
2021-09-29,inf,-inf
2021-09-30,-inf,inf
2021-10-01,-inf,inf
2021-10-04,-inf,inf
2021-10-05,-inf,inf
2021-10-06,inf,-inf
2021-10-07,inf,-inf
2021-10-08,inf,-inf
2021-10-11,inf,-inf
2021-10-12,inf,-inf
2021-10-13,inf,-inf
2021-10-14,inf,-inf
2021-10-15,inf,-inf
2021-10-18,inf,-inf
2021-10-19,inf,-inf
2021-10-20,inf,-inf
2021-10-21,-inf,inf
2021-10-22,-inf,inf
2021-10-25,-inf,inf
2021-10-26,-inf,inf
2021-10-27,inf,-inf
2021-10-28,inf,-inf
2021-10-29,inf,-inf
2021-11-01,inf,-inf
2021-11-02,inf,-inf
2021-11-03,-inf,inf
2021-11-04,-inf,inf
2021-11-05,-inf,inf
2021-11-08,-inf,inf
2021-11-09,-inf,inf
2021-11-10,inf,-inf
2021-11-11,inf,-inf
2021-11-12,inf,-inf
2021-11-15,inf,-inf
2021-11-16,-inf,inf
2021-11-17,-inf,inf
2021-11-18,-inf,inf
2021-11-19,inf,-inf
2021-11-22,-inf,inf
2021-11-23,-inf,inf
2021-11-24,-inf,inf
2021-11-26,inf,-inf
2021-11-29,inf,-inf
2021-11-30,-inf,inf
2021-12-01,-inf,inf
2021-12-02,-inf,inf
2021-12-03,-inf,inf
2021-12-06,-inf,inf
2021-12-07,-inf,inf
2021-12-08,inf,-inf
2021-12-09,-inf,inf
2021-12-10,-inf,inf
2021-12-13,-inf,inf
2021-12-14,inf,-inf
2021-12-15,inf,-inf
2021-12-16,inf,-inf
2021-12-17,inf,-inf
2021-12-20,-inf,inf
2021-12-21,-inf,inf
2021-12-22,-inf,inf
2021-12-23,-inf,inf
2021-12-27,-inf,inf
2021-12-28,inf,-inf
2021-12-29,inf,-inf
2021-12-30,inf,-inf
2021-12-31,inf,-inf
2022-01-03,inf,-inf
2022-01-04,inf,-inf
2022-01-05,-inf,inf
2022-01-06,-inf,inf
2022-01-07,inf,-inf
2022-01-10,inf,-inf
2022-01-11,inf,-inf
2022-01-12,inf,-inf
2022-01-13,-inf,inf
2022-01-14,-inf,inf
2022-01-18,-inf,inf
2022-01-19,-inf,inf
2022-01-20,-inf,inf
2022-01-21,-inf,inf
2022-01-24,-inf,inf
2022-01-25,-inf,inf
2022-01-26,-inf,-inf
2022-01-27,-inf,-inf
2022-01-28,-inf,-inf
2022-01-31,inf,inf
2022-02-01,inf,inf
2022-02-02,inf,inf
2022-02-03,inf,inf
2022-02-04,inf,inf
2022-02-07,inf,inf
2022-02-08,inf,inf
2022-02-09,inf,inf
2022-02-10,inf,inf
2022-02-11,inf,inf
2022-02-14,inf,inf
2022-02-15,-inf,-inf
2022-02-16,-inf,-inf
2022-02-17,-inf,-inf
2022-02-18,-inf,-inf
2022-02-22,-inf,-inf
2022-02-23,-inf,-inf
2022-02-24,-inf,-inf
2022-02-25,inf,inf
2022-02-28,inf,inf
2022-03-01,inf,inf
2022-03-02,inf,inf
2022-03-03,inf,inf
2022-03-04,inf,inf
2022-03-07,inf,inf
2022-03-08,inf,inf
2022-03-09,-inf,-inf
2022-03-10,-inf,-inf
2022-03-11,-inf,-inf
2022-03-14,inf,inf
2022-03-15,-inf,-inf
2022-03-16,-inf,-inf
2022-03-17,-inf,-inf
2022-03-18,-inf,-inf
2022-03-21,-inf,-inf
2022-03-22,-inf,-inf
2022-03-23,-inf,-inf
2022-03-24,-inf,-inf
2022-03-25,-inf,-inf
2022-03-28,inf,inf
2022-03-29,inf,inf
2022-03-30,inf,inf
2022-03-31,-inf,-inf
2022-04-01,-inf,-inf
2022-04-04,-inf,-inf
2022-04-05,-inf,-inf
2022-04-06,-inf,-inf
2022-04-07,-inf,-inf
2022-04-08,-inf,-inf
2022-04-11,-inf,-inf
2022-04-12,-inf,-inf
2022-04-13,-inf,-inf
2022-04-14,-inf,-inf
2022-04-18,-inf,-inf
2022-04-19,-inf,-inf
2022-04-20,-inf,-inf
2022-04-21,-inf,-inf
2022-04-22,-inf,-inf
2022-04-25,-inf,-inf
2022-04-26,-inf,-inf
2022-04-27,-inf,-inf
2022-04-28,-inf,-inf
2022-04-29,inf,inf
2022-05-02,inf,inf
2022-05-03,-inf,-inf
2022-05-04,-inf,-inf
2022-05-05,-inf,-inf
2022-05-06,-inf,-inf
2022-05-09,inf,inf
2022-05-10,inf,inf
2022-05-11,inf,inf
2022-05-12,inf,inf
2022-05-13,inf,inf
2022-05-16,inf,inf
2022-05-17,-inf,-inf
2022-05-18,-inf,-inf
2022-05-19,inf,inf
2022-05-20,inf,inf
2022-05-23,-inf,-inf
2022-05-24,-inf,-inf
2022-05-25,-inf,-inf
2022-05-26,-inf,-inf
2022-05-27,-inf,-inf
2022-05-31,-inf,-inf
2022-06-01,-inf,-inf
2022-06-02,-inf,-inf
2022-06-03,-inf,-inf
2022-06-06,-inf,-inf
2022-06-07,-inf,-inf
2022-06-08,-inf,-inf
2022-06-09,-inf,-inf
2022-06-10,-inf,-inf
2022-06-13,-inf,-inf
2022-06-14,-inf,-inf
2022-06-15,inf,inf
2022-06-16,inf,inf
2022-06-17,inf,inf
2022-06-21,inf,inf
2022-06-22,inf,inf
2022-06-23,inf,inf
2022-06-24,inf,inf
2022-06-27,inf,inf
2022-06-28,inf,inf
2022-06-29,inf,inf
2022-06-30,inf,inf
2022-07-01,inf,inf
2022-07-05,inf,inf
2022-07-06,inf,inf
2022-07-07,inf,inf
2022-07-08,inf,inf
2022-07-11,inf,inf
2022-07-12,inf,inf
2022-07-13,inf,inf
2022-07-14,inf,inf
2022-07-15,inf,inf
2022-07-18,-inf,-inf
2022-07-19,-inf,-inf
2022-07-20,-inf,-inf
2022-07-21,-inf,-inf
2022-07-22,-inf,-inf
2022-07-25,inf,inf
2022-07-26,inf,inf
2022-07-27,inf,inf
2022-07-28,inf,inf
2022-07-29,inf,inf
2022-08-01,inf,inf
2022-08-02,-inf,-inf
2022-08-03,-inf,-inf
2022-08-04,-inf,-inf
2022-08-05,inf,inf
2022-08-08,inf,inf
2022-08-09,-inf,-inf
2022-08-10,-inf,-inf
2022-08-11,inf,inf
2022-08-12,inf,inf
2022-08-15,inf,inf
2022-08-16,-inf,-inf
2022-08-17,inf,inf
2022-08-18,inf,inf
2022-08-19,-inf,-inf
2022-08-22,inf,inf
2022-08-23,-inf,-inf
2022-08-24,-inf,-inf
2022-08-25,-inf,-inf
2022-08-26,inf,inf
2022-08-29,inf,inf
2022-08-30,inf,inf
2022-08-31,inf,inf
2022-09-01,inf,inf
2022-09-02,inf,inf
2022-09-06,inf,inf
2022-09-07,-inf,-inf
2022-09-08,-inf,-inf
2022-09-09,-inf,-inf
2022-09-12,-inf,-inf
2022-09-13,-inf,-inf
2022-09-14,-inf,-inf
2022-09-15,-inf,-inf
2022-09-16,-inf,-inf
2022-09-19,-inf,-inf
2022-09-20,-inf,-inf
2022-09-21,-inf,-inf
2022-09-22,-inf,-inf
2022-09-23,-inf,-inf
2022-09-26,-inf,-inf
2022-09-27,-inf,-inf
2022-09-28,inf,inf
2022-09-29,inf,inf
2022-09-30,inf,inf
2022-10-03,inf,inf
2022-10-04,inf,inf
2022-10-05,inf,inf
2022-10-06,inf,inf
2022-10-07,inf,inf
2022-10-10,inf,inf
2022-10-11,inf,inf
2022-10-12,inf,inf
2022-10-13,inf,inf
2022-10-14,inf,inf
2022-10-17,-inf,-inf
2022-10-18,-inf,-inf
2022-10-19,-inf,-inf
2022-10-20,-inf,-inf
2022-10-21,-inf,-inf
2022-10-24,-inf,-inf
2022-10-25,-inf,-inf
2022-10-26,-inf,-inf
2022-10-27,-inf,-inf
2022-10-28,-inf,-inf
2022-10-31,-inf,-inf
2022-11-01,-inf,-inf
2022-11-02,-inf,-inf
2022-11-03,-inf,-inf
2022-11-04,-inf,-inf
2022-11-07,-inf,-inf
2022-11-08,-inf,-inf
2022-11-09,inf,inf
2022-11-10,inf,inf
2022-11-11,inf,inf
2022-11-14,-inf,-inf
2022-11-15,-inf,-inf
2022-11-16,-inf,-inf
2022-11-17,inf,inf
2022-11-18,inf,inf
2022-11-21,inf,inf
2022-11-22,inf,inf
2022-11-23,inf,inf
2022-11-25,inf,inf
2022-11-28,-inf,-inf
2022-11-29,-inf,-inf
2022-11-30,-inf,-inf
2022-12-01,-inf,-inf
2022-12-02,-inf,-inf
2022-12-05,inf,inf
2022-12-06,inf,inf
2022-12-07,inf,inf
2022-12-08,inf,inf
2022-12-09,-inf,-inf
2022-12-12,-inf,-inf
2022-12-13,-inf,-inf
2022-12-14,-inf,-inf
2022-12-15,inf,inf
2022-12-16,-inf,-inf
2022-12-19,inf,inf
2022-12-20,inf,inf
2022-12-21,inf,inf
2022-12-22,-inf,-inf
2022-12-23,-inf,-inf
2022-12-27,inf,inf
2022-12-28,-inf,-inf
2022-12-29,-inf,-inf
2022-12-30,inf,inf
2023-01-03,inf,inf
2023-01-04,inf,inf
2023-01-05,-inf,-inf
2023-01-06,-inf,-inf
2023-01-09,-inf,-inf
2023-01-10,-inf,-inf
2023-01-11,-inf,-inf
2023-01-12,-inf,-inf
2023-01-13,-inf,-inf
2023-01-17,inf,inf
2023-01-18,inf,inf
2023-01-19,inf,inf
2023-01-20,inf,inf
2023-01-23,inf,inf
2023-01-24,inf,inf
2023-01-25,inf,inf
2023-01-26,inf,inf
2023-01-27,-inf,-inf
2023-01-30,inf,inf
2023-01-31,inf,inf
2023-02-01,inf,inf
2023-02-02,inf,inf
2023-02-03,-inf,-inf
2023-02-06,inf,inf
2023-02-07,inf,inf
2023-02-08,inf,inf
2023-02-09,-inf,-inf
2023-02-10,-inf,-inf
2023-02-13,-inf,-inf
2023-02-14,-inf,-inf
2023-02-15,-inf,-inf
2023-02-16,inf,inf
2023-02-17,inf,inf
2023-02-21,-inf,-inf
2023-02-22,-inf,-inf
2023-02-23,-inf,-inf
2023-02-24,-inf,-inf
2023-02-27,-inf,-inf
2023-02-28,-inf,-inf
2023-03-01,-inf,-inf
2023-03-02,-inf,-inf
2023-03-03,-inf,-inf
2023-03-06,-inf,-inf
2023-03-07,-inf,-inf
2023-03-08,-inf,-inf
2023-03-09,-inf,-inf
2023-03-10,-inf,-inf
2023-03-13,-inf,-inf
2023-03-14,inf,inf
2023-03-15,inf,inf
2023-03-16,-inf,-inf
2023-03-17,-inf,-inf
2023-03-20,inf,inf
2023-03-21,-inf,-inf
2023-03-22,-inf,-inf
2023-03-23,-inf,-inf
2023-03-24,-inf,-inf
2023-03-27,inf,inf
2023-03-28,inf,inf
2023-03-29,inf,inf
2023-03-30,inf,inf
2023-03-31,inf,inf
2023-04-03,inf,inf
2023-04-04,inf,inf
2023-04-05,inf,inf
2023-04-06,inf,inf
2023-04-10,-inf,-inf
2023-04-11,-inf,-inf
2023-04-12,-inf,-inf
2023-04-13,-inf,-inf
2023-04-14,inf,inf
2023-04-17,-inf,-inf
2023-04-18,-inf,-inf
2023-04-19,inf,inf
2023-04-20,inf,inf
2023-04-21,inf,inf
2023-04-24,inf,inf
2023-04-25,inf,inf
2023-04-26,-inf,-inf
2023-04-27,-inf,-inf
2023-04-28,-inf,-inf
2023-05-01,inf,inf
2023-05-02,inf,inf
2023-05-03,inf,inf
2023-05-04,inf,inf
2023-05-05,inf,inf
2023-05-08,-inf,-inf
2023-05-09,inf,inf
2023-05-10,inf,inf
2023-05-11,-inf,-inf
2023-05-12,inf,inf
2023-05-15,inf,inf
2023-05-16,-inf,-inf
2023-05-17,-inf,-inf
2023-05-18,-inf,-inf
2023-05-19,-inf,-inf
2023-05-22,-inf,-inf
2023-05-23,inf,inf
2023-05-24,inf,inf
2023-05-25,inf,inf
2023-05-26,inf,inf
2023-05-30,inf,inf
2023-05-31,inf,inf
2023-06-01,-inf,-inf
2023-06-02,-inf,-inf
2023-06-05,inf,inf
2023-06-06,inf,inf
2023-06-07,inf,inf
2023-06-08,inf,inf
2023-06-09,inf,inf
2023-06-12,inf,inf
2023-06-13,inf,inf
2023-06-14,inf,inf
2023-06-15,inf,inf
2023-06-16,-inf,-inf
2023-06-20,inf,inf
2023-06-21,-inf,-inf
2023-06-22,-inf,-inf
2023-06-23,-inf,-inf
2023-06-26,-inf,-inf
2023-06-27,-inf,-inf
2023-06-28,-inf,-inf
2023-06-29,-inf,-inf
2023-06-30,-inf,-inf
2023-07-03,-inf,-inf
2023-07-05,-inf,-inf
2023-07-06,inf,inf
2023-07-07,inf,inf
2023-07-10,inf,inf
2023-07-11,inf,inf
2023-07-12,inf,inf
2023-07-13,inf,inf
2023-07-14,-inf,-inf
2023-07-17,-inf,-inf
2023-07-18,-inf,-inf
2023-07-19,-inf,-inf
2023-07-20,inf,inf
2023-07-21,inf,inf
2023-07-24,inf,inf
2023-07-25,inf,inf
2023-07-26,inf,inf
2023-07-27,-inf,-inf
2023-07-28,-inf,-inf
2023-07-31,-inf,-inf
2023-08-01,inf,inf
2023-08-02,-inf,-inf
2023-08-03,-inf,-inf
2023-08-04,-inf,-inf
2023-08-07,-inf,-inf
2023-08-08,-inf,-inf
2023-08-09,-inf,-inf
2023-08-10,-inf,-inf
2023-08-11,-inf,-inf
2023-08-14,-inf,-inf
2023-08-15,inf,inf
2023-08-16,inf,inf
2023-08-17,inf,inf
2023-08-18,inf,inf
2023-08-21,inf,inf
2023-08-22,inf,inf
2023-08-23,inf,inf
2023-08-24,inf,inf
2023-08-25,inf,inf
2023-08-28,inf,inf
2023-08-29,inf,inf
2023-08-30,inf,inf
2023-08-31,inf,inf
2023-09-01,inf,inf
2023-09-05,inf,inf
2023-09-06,inf,inf
2023-09-07,inf,inf
2023-09-08,inf,inf
2023-09-11,inf,inf
2023-09-12,inf,inf
2023-09-13,inf,inf
2023-09-14,inf,inf
2023-09-15,-inf,-inf
2023-09-18,-inf,-inf
2023-09-19,inf,inf
2023-09-20,-inf,-inf
2023-09-21,-inf,-inf
2023-09-22,-inf,-inf
2023-09-25,-inf,-inf
2023-09-26,-inf,-inf
2023-09-27,-inf,-inf
2023-09-28,inf,inf
2023-09-29,inf,inf
2023-10-02,inf,inf
2023-10-03,inf,inf
2023-10-04,-inf,-inf
2023-10-05,inf,inf
2023-10-06,inf,inf
2023-10-09,inf,inf
2023-10-10,-inf,-inf
2023-10-11,-inf,-inf
2023-10-12,-inf,-inf
2023-10-13,-inf,-inf
2023-10-16,inf,inf
2023-10-17,inf,inf
2023-10-18,inf,inf
2023-10-19,inf,inf
2023-10-20,inf,inf
2023-10-23,-inf,-inf
2023-10-24,-inf,-inf
2023-10-25,-inf,-inf
2023-10-26,-inf,-inf
2023-10-27,-inf,-inf
2023-10-30,inf,inf
2023-10-31,inf,inf
2023-11-01,inf,inf
2023-11-02,inf,inf
2023-11-03,inf,inf
2023-11-06,-inf,-inf
2023-11-07,-inf,-inf
2023-11-08,-inf,-inf
2023-11-09,inf,inf
2023-11-10,inf,inf
2023-11-13,inf,inf
2023-11-14,inf,inf
2023-11-15,-inf,-inf
2023-11-16,-inf,-inf
2023-11-17,-inf,-inf
2023-11-20,-inf,-inf
2023-11-21,-inf,-inf
2023-11-22,-inf,-inf
2023-11-24,-inf,-inf
2023-11-27,-inf,-inf
2023-11-28,-inf,-inf
2023-11-29,-inf,-inf
2023-11-30,inf,inf
2023-12-01,inf,inf
2023-12-04,-inf,-inf
2023-12-05,-inf,-inf
2023-12-06,-inf,-inf
2023-12-07,-inf,-inf
2023-12-08,inf,inf
2023-12-11,inf,inf
2023-12-12,inf,inf
2023-12-13,inf,inf
2023-12-14,inf,inf
2023-12-15,-inf,-inf
2023-12-18,-inf,-inf
2023-12-19,-inf,-inf
2023-12-20,inf,inf
2023-12-21,inf,inf
2023-12-22,inf,inf
2023-12-26,inf,inf
2023-12-27,inf,inf
2023-12-28,-inf,-inf
2023-12-29,inf,inf
2024-01-02,-inf,-inf
2024-01-03,inf,inf
2024-01-04,-inf,-inf
2024-01-05,inf,inf
2024-01-08,inf,inf
2024-01-09,-inf,-inf
2024-01-10,-inf,-inf
2024-01-11,-inf,-inf
2024-01-12,-inf,-inf
2024-01-16,inf,inf
2024-01-17,-inf,-inf
2024-01-18,-inf,-inf
2024-01-19,-inf,-inf
2024-01-22,-inf,-inf
2024-01-23,-inf,inf
2024-01-24,inf,-inf
2024-01-25,inf,-inf
2024-01-26,inf,-inf
2024-01-29,inf,-inf
2024-01-30,inf,-inf
2024-01-31,-inf,inf
2024-02-01,-inf,inf
2024-02-02,inf,-inf
2024-02-05,-inf,inf
2024-02-06,-inf,inf
2024-02-07,-inf,inf
2024-02-08,-inf,inf
2024-02-09,-inf,inf
2024-02-12,-inf,inf
2024-02-13,inf,-inf
2024-02-14,inf,-inf
2024-02-15,inf,-inf
2024-02-16,inf,-inf
2024-02-20,inf,-inf
2024-02-21,inf,-inf
2024-02-22,inf,-inf
2024-02-23,inf,-inf
2024-02-26,-inf,inf
2024-02-27,-inf,inf
2024-02-28,inf,-inf
2024-02-29,inf,-inf
2024-03-01,inf,-inf
2024-03-04,inf,-inf
2024-03-05,-inf,inf
2024-03-06,-inf,inf
2024-03-07,-inf,inf
2024-03-08,-inf,inf
2024-03-11,-inf,inf
2024-03-12,-inf,inf
2024-03-13,-inf,inf
2024-03-14,inf,-inf
2024-03-15,-inf,inf
2024-03-18,-inf,inf
2024-03-19,-inf,inf
2024-03-20,-inf,inf
2024-03-21,-inf,inf
2024-03-22,inf,-inf
2024-03-25,-inf,inf
2024-03-26,inf,-inf
2024-03-27,inf,-inf
2024-03-28,inf,-inf
2024-04-01,inf,-inf
2024-04-02,inf,-inf
2024-04-03,inf,-inf
2024-04-04,-inf,inf
2024-04-05,-inf,inf
2024-04-08,-inf,inf
2024-04-09,-inf,inf
2024-04-10,inf,-inf
2024-04-11,inf,-inf
2024-04-12,-inf,inf
2024-04-15,-inf,inf
2024-04-16,inf,-inf
2024-04-17,-inf,inf
2024-04-18,-inf,inf
2024-04-19,-inf,inf
2024-04-22,inf,-inf
2024-04-23,inf,-inf
2024-04-24,inf,-inf
2024-04-25,inf,-inf
2024-04-26,inf,-inf
2024-04-29,inf,-inf
2024-04-30,-inf,inf
2024-05-01,-inf,inf
2024-05-02,-inf,inf
2024-05-03,-inf,inf
2024-05-06,-inf,inf
2024-05-07,-inf,inf
2024-05-08,inf,-inf
2024-05-09,inf,-inf
2024-05-10,inf,-inf
2024-05-13,inf,-inf
2024-05-14,inf,-inf
2024-05-15,inf,-inf
2024-05-16,-inf,inf
2024-05-17,-inf,inf
2024-05-20,-inf,inf
2024-05-21,-inf,inf
2024-05-22,inf,-inf
2024-05-23,-inf,inf
2024-05-24,-inf,inf
2024-05-28,-inf,inf
2024-05-29,inf,-inf
2024-05-30,inf,-inf
2024-05-31,inf,-inf
2024-06-03,inf,-inf
2024-06-04,inf,-inf
2024-06-05,inf,-inf
2024-06-06,inf,-inf
2024-06-07,-inf,inf
2024-06-10,-inf,inf
2024-06-11,-inf,inf
2024-06-12,-inf,inf
2024-06-13,-inf,inf
2024-06-14,-inf,inf
2024-06-17,-inf,inf
2024-06-18,-inf,inf
2024-06-20,-inf,inf
2024-06-21,inf,-inf
2024-06-24,inf,-inf
2024-06-25,inf,-inf
2024-06-26,-inf,inf
2024-06-27,-inf,inf
2024-06-28,inf,-inf
2024-07-01,-inf,inf
2024-07-02,-inf,inf
2024-07-03,-inf,inf
2024-07-05,-inf,inf
2024-07-08,inf,-inf
2024-07-09,-inf,inf
2024-07-10,-inf,inf
2024-07-11,-inf,inf
2024-07-12,-inf,inf
2024-07-15,inf,-inf
2024-07-16,inf,-inf
2024-07-17,-inf,inf
2024-07-18,inf,-inf
2024-07-19,-inf,inf
2024-07-22,-inf,inf
2024-07-23,-inf,-inf
2024-07-24,inf,inf
2024-07-25,inf,inf
2024-07-26,inf,inf
2024-07-29,inf,inf
2024-07-30,inf,inf
2024-07-31,inf,inf
2024-08-01,inf,inf
2024-08-02,inf,inf
2024-08-05,-inf,-inf
2024-08-06,inf,inf
2024-08-07,-inf,-inf
2024-08-08,-inf,-inf
2024-08-09,-inf,-inf
2024-08-12,-inf,-inf
2024-08-13,-inf,-inf
2024-08-14,-inf,-inf
2024-08-15,-inf,-inf
2024-08-16,-inf,-inf
2024-08-19,-inf,-inf
2024-08-20,-inf,-inf
2024-08-21,-inf,-inf
2024-08-22,inf,inf
2024-08-23,inf,inf
2024-08-26,inf,inf
2024-08-27,inf,inf
2024-08-28,-inf,-inf
2024-08-29,-inf,-inf
2024-08-30,inf,inf
2024-09-03,-inf,-inf
2024-09-04,-inf,-inf
2024-09-05,-inf,-inf
2024-09-06,inf,inf
2024-09-09,inf,inf
2024-09-10,inf,inf
2024-09-11,inf,inf
2024-09-12,inf,inf
2024-09-13,inf,inf
2024-09-16,inf,inf
2024-09-17,-inf,-inf
2024-09-18,inf,inf
2024-09-19,inf,inf
2024-09-20,inf,inf
2024-09-23,inf,inf
2024-09-24,inf,inf
2024-09-25,-inf,-inf
2024-09-26,-inf,-inf
2024-09-27,-inf,-inf
2024-09-30,inf,inf
2024-10-01,inf,inf
2024-10-02,inf,inf
2024-10-03,-inf,-inf
2024-10-04,-inf,-inf
2024-10-07,inf,inf
2024-10-08,-inf,-inf
2024-10-09,-inf,-inf
2024-10-10,-inf,-inf
2024-10-11,-inf,-inf
2024-10-14,-inf,-inf
2024-10-15,-inf,-inf
2024-10-16,-inf,-inf
2024-10-17,-inf,-inf
2024-10-18,-inf,-inf
2024-10-21,inf,inf
2024-10-22,inf,inf
2024-10-23,-inf,-inf
2024-10-24,-inf,-inf
2024-10-25,-inf,-inf
2024-10-28,-inf,-inf
2024-10-29,-inf,-inf
2024-10-30,inf,inf
2024-10-31,-inf,-inf
2024-11-01,-inf,-inf
2024-11-04,-inf,-inf
2024-11-05,-inf,-inf
2024-11-06,-inf,-inf
2024-11-07,-inf,-inf
2024-11-08,-inf,-inf
2024-11-11,-inf,-inf
2024-11-12,inf,inf
2024-11-13,inf,inf
2024-11-14,-inf,-inf
2024-11-15,inf,inf
2024-11-18,inf,inf
2024-11-19,inf,inf
2024-11-20,inf,inf
2024-11-21,inf,inf
2024-11-22,inf,inf
2024-11-25,inf,inf
2024-11-26,inf,inf
2024-11-27,inf,inf
2024-11-29,inf,inf
2024-12-02,inf,inf
2024-12-03,-inf,-inf
2024-12-04,-inf,-inf
2024-12-05,inf,inf
2024-12-06,inf,inf
2024-12-09,-inf,-inf
2024-12-10,-inf,-inf
2024-12-11,-inf,-inf
2024-12-12,inf,inf
2024-12-13,inf,inf
2024-12-16,inf,inf
2024-12-17,-inf,-inf
2024-12-18,-inf,-inf
2024-12-19,-inf,-inf
2024-12-20,-inf,-inf
2024-12-23,-inf,-inf
2024-12-24,-inf,-inf
2024-12-26,-inf,-inf
2024-12-27,-inf,inf
2024-12-30,-inf,inf
2024-12-31,-inf,inf
2025-01-02,-inf,inf
2025-01-03,-inf,inf
2025-01-06,-inf,inf
2025-01-07,-inf,inf
2025-01-08,-inf,inf
2025-01-10,-inf,inf
2025-01-13,-inf,inf
2025-01-14,inf,-inf
2025-01-15,inf,-inf
2025-01-16,inf,-inf
2025-01-17,inf,-inf
2025-01-21,inf,-inf
2025-01-22,inf,-inf
2025-01-23,inf,-inf
2025-01-24,inf,-inf
2025-01-27,inf,-inf
2025-01-28,inf,-inf
2025-01-29,inf,inf
2025-01-30,inf,inf
2025-01-31,-inf,-inf
2025-02-03,-inf,-inf
2025-02-04,-inf,-inf
2025-02-05,-inf,-inf
2025-02-06,-inf,-inf
2025-02-07,inf,inf
2025-02-10,inf,inf
2025-02-11,-inf,-inf
2025-02-12,inf,inf
2025-02-13,inf,inf
2025-02-14,inf,inf
2025-02-18,inf,inf
2025-02-19,inf,inf
2025-02-20,inf,inf
2025-02-21,-inf,-inf
2025-02-24,-inf,-inf
2025-02-25,-inf,-inf
2025-02-26,-inf,-inf
2025-02-27,inf,inf
2025-02-28,inf,inf
2025-03-03,inf,inf
2025-03-04,-inf,-inf
2025-03-05,-inf,-inf
2025-03-06,inf,inf
2025-03-07,inf,inf
2025-03-10,-inf,-inf
2025-03-11,-inf,-inf
2025-03-12,-inf,-inf
2025-03-13,-inf,-inf
2025-03-14,-inf,-inf
2025-03-17,-inf,-inf
2025-03-18,-inf,-inf
2025-03-19,-inf,-inf
2025-03-20,inf,inf
2025-03-21,-inf,-inf
2025-03-24,inf,inf
2025-03-25,inf,inf
2025-03-26,-inf,-inf
2025-03-27,-inf,-inf
2025-03-28,-inf,-inf
2025-03-31,-inf,-inf
2025-04-01,-inf,-inf
2025-04-02,-inf,-inf
2025-04-03,-inf,-inf
2025-04-04,inf,inf
2025-04-07,-inf,-inf
2025-04-08,-inf,-inf
2025-04-09,-inf,-inf
2025-04-10,-inf,-inf
2025-04-11,-inf,-inf
2025-04-14,-inf,-inf
2025-04-15,-inf,-inf
2025-04-16,-inf,-inf
2025-04-17,-inf,-inf
2025-04-21,-inf,-inf
2025-04-22,-inf,-inf
2025-04-23,-inf,-inf
2025-04-24,-inf,-inf
2025-04-25,-inf,-inf
2025-04-28,-inf,-inf
2025-04-29,-inf,-inf
2025-04-30,inf,inf
2025-05-01,inf,-inf
2025-05-02,inf,-inf
2025-05-05,inf,-inf
2025-05-06,inf,-inf
2025-05-07,inf,-inf
2025-05-08,inf,-inf
2025-05-09,inf,-inf
2025-05-12,inf,-inf
2025-05-13,inf,-inf
2025-05-14,inf,-inf
2025-05-15,inf,-inf
2025-05-16,inf,-inf
2025-05-19,inf,-inf
2025-05-20,inf,-inf
2025-05-21,inf,-inf
2025-05-22,inf,-inf
2025-05-23,inf,-inf
2025-05-27,inf,-inf
2025-05-28,-inf,inf
2025-05-29,-inf,inf
2025-05-30,-inf,inf
2025-06-02,-inf,inf
2025-06-03,-inf,inf
2025-06-04,-inf,inf
2025-06-05,-inf,inf
2025-06-06,-inf,inf
2025-06-09,-inf,inf
2025-06-10,-inf,inf
2025-06-11,-inf,inf
2025-06-12,-inf,inf
2025-06-13,inf,-inf
2025-06-16,inf,-inf
2025-06-17,inf,-inf
2025-06-18,inf,-inf
2025-06-20,-inf,inf
2025-06-23,-inf,inf
2025-06-24,-inf,inf
2025-06-25,inf,-inf
2025-06-26,inf,-inf
2025-06-27,-inf,inf
2025-06-30,-inf,inf
2025-07-01,-inf,inf
2025-07-02,-inf,inf
2025-07-03,-inf,inf
2025-07-07,inf,-inf
2025-07-08,inf,-inf
2025-07-09,inf,-inf
2025-07-10,inf,-inf
2025-07-11,-inf,inf
2025-07-14,-inf,inf
2025-07-15,inf,-inf
2025-07-16,inf,-inf
2025-07-17,inf,-inf
2025-07-18,inf,-inf
2025-07-21,inf,-inf
2025-07-22,inf,-inf
2025-07-23,inf,-inf
2025-07-24,-inf,inf
2025-07-25,-inf,inf
2025-07-28,inf,-inf
2025-07-29,inf,-inf
2025-07-30,-inf,inf
2025-07-31,inf,-inf
2025-08-01,inf,-inf
2025-08-04,inf,-inf
2025-08-05,inf,-inf
2025-08-06,inf,-inf
2025-08-07,inf,-inf
2025-08-08,inf,-inf
2025-08-11,-inf,inf
2025-08-12,-inf,inf
2025-08-13,-inf,inf
2025-08-14,inf,-inf
2025-08-15,-inf,inf
2025-08-18,-inf,inf
2025-08-19,-inf,inf
2025-08-20,-inf,inf
2025-08-21,inf,-inf
2025-08-22,inf,-inf
2025-08-25,-inf,inf
2025-08-26,-inf,inf
2025-08-27,-inf,inf
2025-08-28,-inf,inf
2025-08-29,inf,-inf
2025-09-02,inf,-inf
2025-09-03,inf,-inf
2025-09-04,inf,-inf
2025-09-05,inf,-inf
2025-09-08,inf,-inf
2025-09-09,-inf,inf
2025-09-10,-inf,inf
2025-09-11,-inf,inf
2025-09-12,inf,-inf
2025-09-15,inf,-inf
2025-09-16,inf,-inf
2025-09-17,-inf,inf
2025-09-18,inf,-inf
2025-09-19,inf,-inf
2025-09-22,inf,-inf
2025-09-23,inf,-inf
2025-09-24,-inf,inf
2025-09-25,-inf,inf
2025-09-26,-inf,inf
2025-09-29,-inf,inf
2025-09-30,-inf,inf
2025-10-01,-inf,inf
2025-10-02,-inf,inf
2025-10-03,-inf,inf
2025-10-06,-inf,inf
2025-10-07,inf,-inf
2025-10-08,inf,-inf
2025-10-09,-inf,inf
2025-10-10,inf,-inf
2025-10-13,inf,-inf
2025-10-14,inf,-inf
2025-10-15,inf,-inf
2025-10-16,inf,-inf
2025-10-17,-inf,inf
2025-10-20,-inf,inf
2025-10-21,inf,-inf
2025-10-22,inf,-inf
2025-10-23,inf,-inf
2025-10-24,inf,-inf
2025-10-27,inf,-inf
2025-10-28,-inf,inf
2025-10-29,inf,-inf
2025-10-30,-inf,inf
2025-10-31,inf,-inf
2025-11-03,inf,-inf
2025-11-04,-inf,inf
2025-11-05,-inf,inf
2025-11-06,-inf,inf
2025-11-07,-inf,inf
2025-11-10,-inf,inf
2025-11-11,-inf,inf
2025-11-12,-inf,inf
2025-11-13,inf,-inf
2025-11-14,-inf,inf
2025-11-17,-inf,inf
2025-11-18,-inf,inf
2025-11-19,-inf,inf
2025-11-20,-inf,inf
2025-11-21,-inf,inf
2025-11-24,-inf,inf
2025-11-25,-inf,inf
2025-11-26,-inf,inf
2025-11-28,-inf,inf
2025-12-01,inf,-inf
2025-12-02,inf,-inf
2025-12-03,inf,-inf
2025-12-04,-inf,inf
2025-12-05,-inf,inf
2025-12-08,inf,-inf
2025-12-09,inf,-inf
2025-12-10,inf,-inf
2025-12-11,inf,-inf
2025-12-12,-inf,inf
2025-12-15,-inf,inf
2025-12-16,-inf,inf
2025-12-17,-inf,inf
2025-12-18,-inf,inf
2025-12-19,-inf,inf
2025-12-22,-inf,inf
2025-12-23,-inf,inf
2025-12-24,-inf,inf
2025-12-26,-inf,inf
2025-12-29,inf,-inf
2025-12-30,inf,-inf
2025-12-31,-inf,inf
2026-01-02,-inf,inf
2026-01-05,-inf,inf
2026-01-06,-inf,inf
2026-01-07,inf,-inf
2026-01-08,inf,-inf
2026-01-09,inf,-inf
2026-01-12,inf,-inf
2026-01-13,inf,-inf
2026-01-14,inf,-inf
2026-01-15,inf,-inf
2026-01-16,inf,-inf
2026-01-20,-inf,inf
2026-01-21,-inf,inf
2026-01-22,-inf,inf
2026-01-23,-inf,inf
2026-01-26,-inf,inf
2026-01-27,-inf,inf
2026-01-28,-inf,inf
2026-01-29,-inf,inf
2026-01-30,inf,-inf
2026-02-02,-inf,inf
2026-02-03,-inf,inf
2026-02-04,inf,-inf
2026-02-05,inf,inf
2026-02-06,inf,inf
2026-02-09,inf,inf
2026-02-10,inf,inf
2026-02-11,inf,inf
2026-02-12,inf,inf
2026-02-13,inf,inf
2026-02-17,inf,inf
2026-02-18,inf,inf
2026-02-19,inf,inf
2026-02-20,inf,inf
2026-02-23,inf,inf
2026-02-24,inf,inf
2026-02-25,inf,inf
2026-02-26,inf,inf
2026-02-27,inf,inf
2026-03-02,-inf,-inf
2026-03-03,-inf,inf
2026-03-04,-inf,inf
2026-03-05,inf,-inf
2026-03-06,inf,-inf
2026-03-09,inf,-inf
2026-03-10,-inf,inf
2026-03-11,-inf,inf
2026-03-12,-inf,inf
2026-03-13,-inf,inf
2026-03-16,inf,-inf
2026-03-17,inf,-inf
2026-03-18,inf,-inf
2026-03-19,-inf,inf
2026-03-20,-inf,inf
2026-03-23,inf,-inf
2026-03-24,inf,-inf
2026-03-25,inf,-inf
2026-03-26,inf,-inf
2026-03-27,inf,-inf
2026-03-30,inf,-inf
2026-03-31,-inf,inf
2026-04-01,-inf,inf
2026-04-02,-inf,inf
2026-04-06,-inf,inf
2026-04-07,-inf,inf
2026-04-08,-inf,inf
2026-04-09,-inf,inf
2026-04-10,-inf,-inf
2026-04-13,-inf,-inf
2026-04-14,-inf,-inf
2026-04-15,-inf,-inf
2026-04-16,-inf,-inf
2026-04-17,-inf,-inf
2026-04-20,-inf,-inf
2026-04-21,inf,inf
2026-04-22,inf,inf
2026-04-23,inf,inf
2026-04-24,inf,inf
2026-04-27,inf,inf
2026-04-28,inf,inf
2026-04-29,inf,inf
2026-04-30,inf,inf
2026-05-01,inf,inf
2026-05-04,-inf,-inf
2026-05-05,-inf,-inf
2026-05-06,-inf,-inf
2026-05-07,inf,inf
2026-05-08,inf,inf
2026-05-11,inf,inf
2026-05-12,-inf,-inf
2026-05-13,-inf,-inf
2026-05-14,-inf,-inf
2026-05-15,inf,inf
2026-05-18,inf,inf
2026-05-19,inf,inf
2026-05-20,inf,inf
2026-05-21,inf,inf
2026-05-22,inf,inf
2026-05-26,inf,inf
2026-05-27,inf,inf
2026-05-28,inf,inf
2026-05-29,inf,inf
2026-06-01,inf,inf
2026-06-02,inf,inf
2026-06-03,-inf,-inf
2026-06-04,-inf,-inf
2026-06-05,inf,inf
2026-06-08,inf,inf
2026-06-09,inf,inf
2026-06-10,-inf,-inf
2026-06-11,-inf,-inf
2026-06-12,-inf,-inf
2026-06-15,-inf,-inf
2026-06-16,-inf,-inf
2026-06-17,inf,inf
2026-06-18,inf,inf
2026-06-22,-inf,-inf
2026-06-23,inf,inf
2026-06-24,inf,inf
2026-06-25,inf,inf
2026-06-26,inf,inf
2026-06-29,inf,inf
2026-06-30,-inf,-inf
2026-07-01,inf,inf
2026-07-02,inf,inf
2026-07-06,inf,inf
2026-07-07,inf,-inf
2026-07-08,-inf,inf
2026-07-09,-inf,inf
2026-07-10,-inf,inf
2026-07-13,inf,-inf
2026-07-14,inf,-inf
2026-07-15,inf,-inf
2026-07-16,inf,-inf
2026-07-17,-inf,inf
2026-07-20,-inf,inf
2026-07-21,-inf,inf
2026-07-22,inf,-inf
2026-07-23,inf,-inf
2026-07-24,inf,-inf
2026-07-27,inf,-inf
2026-07-28,inf,-inf
2026-07-29,inf,-inf
2026-07-30,inf,-inf
2026-07-31,inf,-inf
