Date,SPY,IVV,VOO,VTI,IEFA,VXUS,EFA,EEM,IEUR,AGG,BND,TLT,IEI,SHY,LQD,HYG,JNK,GLD,SLV,USO,UNG,DBB,DBC,VNQ,VNQI,XLF,XLK,XLE,XLV,XLI,XLY,XLP,XLB,XLU,XLC,UUP,UDN,EWT,EWZ,EWJ,EWG,EWU,EWC,EWA,EEMS,IEUS,SCZ,FEZ,IEV
2025-07-31,0.013644319312930385,0.014143228324356077,0.014271133817059849,0.013646971869252369,0.015693977906326734,0.016378539956435883,0.015680395279374496,0.014363981401338561,0.015466524639480594,0.052945458837630244,0.05354924465620414,0.0,0.06849275255930044,0.16797674239038105,0.03735386151169516,0.048821078695767677,0.04740620182054151,0.01565061575710568,0.00992718911361002,0.008267158266118799,0.0,0.015649460956618046,0.016368430243656626,0.0,0.018765393649542206,0.013537972847556883,0.009385456202679643,0.010828626011784276,0.0,0.014065848233619595,0.010800266748784931,0.0,0.013862147526072165,0.01618273879650622,0.014277797959922447,0.0,0.034119601975268934,0.010056524567911077,0.01105493058329451,0.012592798396633832,0.013465671222230845,0.016995884120380958,0.01678144740444668,0.012806273039963411,0.01607806449229384,0.012814550134034802,0.016483216337883418,0.013530343676019253,0.015817178757985578
2025-08-01,0.013434281622035173,0.013924671751429307,0.014051118045802873,0.013436040204316917,0.0154382304852297,0.016115322440100704,0.015416933873612048,0.014141431558183171,0.015206089306346827,0.05216280516115019,0.052749296642311566,0.019413655073399344,0.06746017088573872,0.16542305162714194,0.03680037559615508,0.04809236221239373,0.04669903869564444,0.015408233125124127,0.009774249635773979,0.008135316994019167,0.0,0.015426187112346515,0.016105401796119707,0.0,0.018448975171066185,0.013325422316595179,0.0092411181336277,0.0,0.0,0.013853853632733918,0.010650690611827942,0.02015844703830338,0.0,0.015935533097918765,0.014060945476160172,0.0,0.03363040043588057,0.00991781869484677,0.010873745134197935,0.01239875730375011,0.013254333517560092,0.01673114370147019,0.016523219544846902,0.012615587503685194,0.01582827227421021,0.012644448399542187,0.01623277242571627,0.013307364917678057,0.015552886824006839
2025-08-04,0.01315695296533618,0.013636200363859327,0.013756839363300808,0.013156244361092518,0.015166864065845439,0.015828291673407578,0.015144812559805631,0.013886120165887448,0.014937630981551212,0.05058662390953473,0.051142218369890025,0.01898159939918498,0.06479721990688872,0.1559720053381857,0.03590887509500377,0.04724869957478994,0.04587955784844047,0.015068892014981884,0.009612376300870683,0.007969861301513819,0.0,0.015151743577185118,0.015752309978581572,0.014791223287293867,0.018114767430199175,0.013050804381218493,0.009088218992508907,0.0,0.0,0.013567674202177069,0.010417257675129707,0.019820345240790377,0.01336572595224215,0.015661009540631658,0.013784483450170235,0.0,0.03269589516712908,0.009744078766493297,0.010684726245667218,0.012177387591029298,0.013003231097949555,0.016436064208050886,0.01621715168461901,0.012396462647164957,0.015548441335207771,0.012426844842158277,0.015946487948097894,0.01304734705857754,0.01527243214035586
2025-08-05,0.013127703095801994,0.013602506614840436,0.013723935193798846,0.01311793382373353,0.01512985313783892,0.015818640022755185,0.015110715911050787,0.013917338702606226,0.014887919094591785,0.05069840016623864,0.05127148905261239,0.01897940855550544,0.06504577857736324,0.15651482796143415,0.03590893062786916,0.04713479053278238,0.04576635830080742,0.015092825033429532,0.00960681750448688,0.008006864718804097,0.0,0.015219841633379234,0.015853227328188866,0.014732653777334966,0.018000591815925705,0.013005436434217477,0.009136075738972075,0.0,0.0,0.013538643304853798,0.010397707437620569,0.019759285551170076,0.013319501976495254,0.01558298814760527,0.013709470516730755,0.0,0.03265976080560378,0.009788521248376543,0.010650446343364489,0.012220520333949096,0.012946217163146097,0.016414230339619796,0.016167570795684285,0.012363759256697611,0.015525643797330551,0.012384732481497733,0.01594500058369793,0.012997386947253367,0.015217749612933384
2025-08-06,0.013107088785152867,0.013578722142167614,0.013703039526580578,0.013105924168436507,0.015251073893528009,0.015910457267470646,0.015234853775562933,0.013926095350980668,0.014931143928952156,0.05065226031836427,0.05119491201425931,0.01893808108211677,0.06496106027513296,0.1564820574502862,0.03580113095562249,0.046995213346194935,0.045631303942758945,0.015040040064852375,0.00957768180194637,0.00798119276120704,0.0,0.015209885943102906,0.015811667542194083,0.014693564937440375,0.018040417807175406,0.012986693660622162,0.00917602300339134,0.0,0.0,0.013551152769589033,0.01040902028006456,0.019726466114203027,0.01326244361951473,0.015566452039230431,0.013644253114222956,0.0,0.03255612425611313,0.009799669137556016,0.010627021577620467,0.012489008574631389,0.012997530293140085,0.016444172357372357,0.01625574330642605,0.012391291990464133,0.015496759320411507,0.012405190613860598,0.016126851434407098,0.013072250806736943,0.015257012648935512
2025-08-07,0.012951806617356993,0.013423890922218181,0.01354392691570376,0.012962161873553459,0.015070352678223538,0.01573957320857516,0.015052680771323537,0.013745679163504679,0.014708045069354556,0.051002812125755435,0.05162101998291606,0.019109489993665556,0.0661906977630242,0.16260296496185545,0.03553414499676217,0.046348033673805605,0.044984049134278566,0.014801563522540683,0.009425987571105215,0.007897537442245382,0.0,0.01491594868869183,0.015656483582037823,0.014447084949723497,0.017720538915601027,0.01288006090168223,0.009071785573292279,0.0,0.0,0.013429359323716738,0.010327416716044506,0.01934727562512448,0.013091710537719023,0.015295410593258266,0.01348051073898008,0.0,0.032270196515435175,0.009699625289304188,0.01044291604024951,0.012537667060671153,0.012794875711252936,0.016192377096086234,0.016086895397071886,0.012224978776313221,0.015292057564624982,0.012213018535634482,0.015959598715863638,0.012874754609997534,0.01503103415385503
2025-08-08,0.01332874023466433,0.01382607432342846,0.013963668772025812,0.013342144487611146,0.015454347403489811,0.016187415754820394,0.015433311791248685,0.014146773285494758,0.015077376100554308,0.051901187047986234,0.052539136224562674,0.019461184438501804,0.06734581712474497,0.1653863339823578,0.03618009977705199,0.047474730183456576,0.046077605558674455,0.015098512027159694,0.00972476779165372,0.0,0.0,0.01522845611876604,0.015931014069060563,0.0,0.018272839482361112,0.013229484524302148,0.009299327473910692,0.0,0.0,0.013726438076533592,0.010581558630931116,0.019879239248849455,0.013404773371696387,0.01573978593935138,0.013878755356018638,0.0,0.03291669225944102,0.010025829700542756,0.010600003460520336,0.012809546143311954,0.013071985408238007,0.016745472229971848,0.016461872192109067,0.012604872079874275,0.01610403141637914,0.0125360545668147,0.016490521726413864,0.01311714124762579,0.015395078967488268
2025-08-11,0.013191167933122347,0.013685103014373146,0.013822805007124518,0.013210269339666923,0.0152854401908505,0.016015725095919794,0.015262925276225848,0.014000765027852982,0.01491752356051633,0.05168128359950757,0.052339523730466395,0.019505755333172163,0.06714532698211884,0.1641838532276247,0.03590957513433292,0.04705758489000976,0.04567713490574927,0.014959567320088215,0.00962847362313164,0.00795489002865453,0.0,0.015067524703024833,0.015782930392307215,0.0,0.018124350945817342,0.013115513673781965,0.009205114580669652,0.0,0.0,0.013603282441075894,0.010477559385758398,0.019689177239148564,0.01326296929463299,0.015581614812141507,0.013752196765792174,0.0,0.032594381239565415,0.009925675815366873,0.010521087326706494,0.012640550809432466,0.012935696839237475,0.016569918593508905,0.016341402600135432,0.012510010933884116,0.015934773385767396,0.012403751453549302,0.016318491551086705,0.01297684454851135,0.015230487448588617
2025-08-12,0.013563244051729739,0.014072450557366216,0.014214261000422742,0.013585216636862506,0.015702935130210573,0.016459068759405858,0.015680755242184496,0.01438932788861276,0.015318905559663025,0.053204909868558074,0.05385005920360169,0.0,0.06905302344554333,0.16889582920020368,0.036971400860215206,0.04837264865136731,0.04694284535151013,0.015310861928420178,0.009876063201123669,0.0,0.0,0.015528926700042436,0.016241189096874404,0.0,0.01863563617174999,0.013476672691160037,0.009472956081167454,0.0,0.0,0.01398120780533618,0.010796284417315711,0.020231304337596127,0.013660513383852083,0.016013186458309514,0.014136252663966646,0.0,0.03347073587239806,0.01021183728207568,0.01082584292179077,0.013024965257298944,0.013273019625370926,0.0170283178138416,0.01679084714949493,0.012855968868613758,0.01642428822632673,0.01273410712117152,0.01675951961220849,0.013324096601169347,0.015638517303867453
2025-08-13,0.013145272450360058,0.01364476626124249,0.013784908962520914,0.013163450425501471,0.015181057409434704,0.015933680180487537,0.015152310364124873,0.013945111052903917,0.014798400274181141,0.05133142784976978,0.05195414215028803,0.019358112888861082,0.0666987867285681,0.16289667158323567,0.03564911216117924,0.0467243912509939,0.045335069269303974,0.014811851171596923,0.009566700699134944,0.0,0.0,0.015012442243664801,0.015678206204407342,0.014686399339354563,0.018031700021088976,0.013012211744007447,0.009197229209824586,0.0,0.0,0.013554920806036494,0.010438784480929632,0.019547686434441568,0.013184044003319717,0.015437789155116621,0.01363662741125036,0.0,0.03221189528850766,0.009934946958213413,0.010408089392433111,0.012574573971931525,0.012826200722012406,0.016447817003323578,0.016269748505749748,0.012452678228878074,0.01589620861726157,0.012274592265280814,0.01623152094500332,0.012872540123959818,0.015105923790313868
2025-08-14,0.013244100772005373,0.013747003315803636,0.01388842068915811,0.013260739080912888,0.01529165405226589,0.016044617414256595,0.015260466995353971,0.014028102926294465,0.01490143484302443,0.051705899728452166,0.052330515042399196,0.019517995251708557,0.0671146981604076,0.16367732992737002,0.035909035679060196,0.04703540233953201,0.04562977232789547,0.014921655040780456,0.009622030663811017,0.00797481993628762,0.0,0.015160670110745405,0.015803502551254824,0.0,0.01817813709348237,0.013107124934135583,0.009266233006631245,0.0,0.0,0.013654345986982792,0.010503619652303895,0.019693904091477133,0.013223551558965513,0.015553980975101203,0.013740007881507275,0.0,0.032441856932067595,0.010018170123393856,0.010541463857928793,0.012669808861488203,0.012920431904874092,0.01656168595386923,0.016393758638161268,0.012551170518496442,0.01601423515890783,0.012377101257680729,0.01635341671837904,0.01295339205062014,0.015212735994765894
2025-08-15,0.013426256166231028,0.01393605520108501,0.014079406822122262,0.013442650692982514,0.01550224497412629,0.016256645505143552,0.015471120740538975,0.014187159351588745,0.01510905879781035,0.05235292608139511,0.052983766528443936,0.0,0.06801739418993634,0.16548089841358357,0.036370073925237556,0.04761549041819783,0.046184315459338765,0.015174800922735788,0.009759987509957945,0.0,0.0,0.01535996364057377,0.016072240409865796,0.014984704381367705,0.018437704030654933,0.013291624889844159,0.009395911099386301,0.0,0.0,0.01383097865345981,0.010649997300588207,0.019932738246753245,0.013389670746132874,0.015751633083709013,0.013941693484379689,0.0,0.03282512020476859,0.01015534709214293,0.010683044303370887,0.012840250299725813,0.013099890951245384,0.016789125742708775,0.016601060216986006,0.012717599206369511,0.016222472676689973,0.012547319882642086,0.016574230658666887,0.01313366041603262,0.01542176668147956
2025-08-18,0.01363548234881083,0.014157835782948006,0.014304401091710857,0.013653381745844847,0.01575770391288064,0.016516051148463266,0.015730181140454113,0.014387011745319103,0.015340171697678436,0.0531387075978126,0.05376892133588872,0.0,0.06902116553209982,0.16812138945899946,0.03698179459823586,0.048353510328470246,0.046914883416298486,0.015366961316803275,0.009883406042943984,0.0,0.0,0.015528711011386224,0.01629734822396451,0.0,0.018776675409059786,0.013445432030147706,0.009561924278844456,0.0,0.0,0.014016403101625184,0.010832184870037438,0.020192266345073793,0.013574103908736547,0.015952650765205353,0.014143539252122793,0.0,0.03331311423614842,0.010316238280020979,0.010834519431874986,0.013078862281461883,0.013289371166993344,0.017036511232924545,0.016863552506348585,0.012909812389343425,0.016428440014596795,0.012721028172721773,0.01686923421405256,0.013330812847305645,0.015654303788340707
2025-08-19,0.013649675085738786,0.014172635833071826,0.014319354350127664,0.013667509809725547,0.015774677568949333,0.016532252524458182,0.015746928163490017,0.014403982169829278,0.015359756430349309,0.0532053455303138,0.05384054114059024,0.0,0.06908226012117553,0.1683039937501898,0.037069204234973285,0.048408384172935456,0.04698414917988005,0.0154024233765985,0.009904101833085573,0.0,0.0,0.01553780105705666,0.0,0.015181517232825445,0.018786990385708302,0.013480146569159539,0.009572439585685854,0.0,0.0,0.014030367171273612,0.010845859489957964,0.020221128584770952,0.013581280855261049,0.015961687396553847,0.014156372952075323,0.0,0.033335785366189336,0.010320681077204834,0.010844469393619003,0.013091613570105227,0.013301075619213487,0.017056614208748617,0.01688840368147358,0.012929110864660349,0.016411366405234704,0.012735655159818574,0.016886888930184866,0.0133421968278112,0.015673372339925107
2025-08-20,0.013314416514925083,0.013827964992617224,0.013971974523681336,0.013331545633134208,0.015374458187056732,0.016115209327584427,0.015348542564870582,0.01401340602846917,0.014957065716052046,0.051898774144218535,0.05252083573982158,0.0,0.06769602741616207,0.1658326362235157,0.03607920306720802,0.047078679253738785,0.04569521944960694,0.014969128503576078,0.009653622502555838,0.007999286184539387,0.0,0.01518422011741599,0.015877302874437907,0.014696577482019225,0.018261370736941684,0.01312132960114753,0.009335325030200584,0.0,0.0,0.013674404359824055,0.010630050789996041,0.019666437540316044,0.013244017754932494,0.01550142396799885,0.013770859619067849,0.0,0.0324463726177114,0.010020330133735506,0.010455763117606239,0.012780600423332698,0.01295477660087027,0.016613236136697355,0.016437921802574803,0.012572292929863735,0.015961774975428486,0.01238852840699436,0.01644964527610164,0.01301092706224892,0.015266514669202522
2025-08-21,0.013304027336058254,0.013817047317200178,0.013960866261740017,0.013321252295348238,0.015368531408599576,0.01611451080228527,0.015342195265431732,0.014027162681354895,0.014942954033980708,0.051915167878927346,0.05252663000362792,0.0,0.06767738939046161,0.16599442147095309,0.036082486505091514,0.047106290297435814,0.04572184533347893,0.01505047808684839,0.009660322899511704,0.007990732701996808,0.0,0.015167115607833301,0.015843856671430016,0.014685227648626434,0.018245449004976422,0.013116543067390508,0.009325717245195058,0.0,0.0,0.013665664021849768,0.010612671145349431,0.019640438434980905,0.013235326837913744,0.015494795524727949,0.013759225181759156,0.0,0.03250453013390467,0.009983745181646434,0.010438232633356347,0.012770538283676011,0.012960492643908642,0.01657083872726237,0.016430221217147673,0.012576192692589798,0.01595712409211211,0.012381210937948367,0.01644655921012484,0.013009857502663633,0.015254114381294235
2025-08-22,0.01292695893484549,0.013425469543803166,0.013566556758953682,0.012944236195910917,0.014943522848641476,0.015673540527735823,0.014917764737529917,0.013633649697972995,0.014530382282494122,0.05035714248799598,0.05094495988189067,0.01894336509960123,0.06561542054875613,0.16089133990786542,0.034997976316123745,0.04571542810099557,0.04437544984960381,0.014609682083027136,0.009390988044355711,0.007779826538623368,0.0,0.014772216818710259,0.015382986537415641,0.014271155596778594,0.017745478416402193,0.012736017873495188,0.00906779637996932,0.010154257804575469,0.0,0.013269991793511595,0.010311002340541588,0.019028753986838426,0.012852775574774647,0.015038311264105257,0.013378171750699745,0.0,0.03153619276594163,0.009708774367665129,0.01017718679160459,0.012403674917027723,0.012588284051464388,0.016105873385646084,0.015962704506137248,0.012250215757170566,0.015564006507184537,0.012041249202406672,0.016004069881781952,0.012643451913061272,0.014821739428363645
2025-08-25,0.01319508040448647,0.01370094672689215,0.013844443234352116,0.013202798252095681,0.01523860730217914,0.0159778257513676,0.015218591181227837,0.013894850566112045,0.014825286155459638,0.05132558381387322,0.051973856344201576,0.0,0.06689351647581593,0.16389231297569784,0.03563938666188219,0.0463473847631104,0.04497777262710288,0.014932572869671286,0.009585985694890959,0.007963401561448707,0.0,0.015110470749567409,0.015746124675714082,0.014523157925554189,0.018101054934140975,0.012998506867847828,0.009272563479874351,0.010417587216352319,0.0,0.01354011302182782,0.010479559657896426,0.019488823663466295,0.01309301064112231,0.015388480099376338,0.013659746117986713,0.0,0.032087515765586716,0.009920541385364556,0.01033165574978204,0.012660869705420063,0.012861098881704844,0.016483791576893978,0.016269798597922828,0.012513377208156023,0.01586329041121655,0.012266118030534559,0.01627184098295941,0.012906424282563046,0.015114275009300517
2025-08-26,0.01319843365374615,0.013704695642386303,0.013848053880584936,0.013207314935836854,0.015216421953707749,0.01596967681139885,0.015194895950353976,0.013895261565229387,0.014797343612158443,0.051356472020595206,0.05202051501083443,0.0,0.06697753967846616,0.16411551245885664,0.03564639005994521,0.046359160541835066,0.04499604620964387,0.014938239866934115,0.009584004159357711,0.007970167732289318,0.0,0.015152325169360362,0.015755593937246102,0.014528195507138105,0.018072062776167373,0.012998573287884271,0.009278096768417381,0.010422394047641373,0.0,0.013530220929907784,0.010495393985515526,0.01936055155611859,0.013115211025053697,0.015368426166090887,0.013668276238752539,0.0,0.03192303288948137,0.00992182029977847,0.010335232789506214,0.01266039367842288,0.012849927893695878,0.016501841947036626,0.01624501199343803,0.01249644428303891,0.015860173311282737,0.012261913764720302,0.016265963458722322,0.01286413208846613,0.015072644462955693
2025-08-27,0.01318926906651064,0.013698231957006172,0.013840606239778544,0.013199573614837498,0.015206106103462198,0.015968293651028916,0.015182713435920706,0.01390683749283103,0.014784896895043498,0.05144446595663688,0.052108611294489314,0.0,0.06700720779014914,0.16445610586269294,0.035652618442670786,0.0462824394162323,0.04491536420690509,0.01495046030747514,0.00960144969415152,0.007945549369679518,0.0,0.015128666180719227,0.0157144257334392,0.014506687662329867,0.018049982963472974,0.012975628553117308,0.00929730613390752,0.010407190175233007,0.0,0.013494605394617616,0.01050766529045413,0.019309685884715933,0.013095570106970813,0.015345986039298078,0.013656463145345816,0.0,0.03187294586330448,0.00994375782655273,0.010379597588738226,0.012650453352017794,0.012838873327151041,0.016478519029030515,0.016204643481995067,0.012491004811754304,0.015881962467133588,0.012255103512969795,0.01625744160164702,0.01285697579580522,0.015058057280776863
2025-08-28,0.012897416545489992,0.013397039702950978,0.013536802341248613,0.012914747068010842,0.014932090155600656,0.01567731706692908,0.014906162253170327,0.013623370525063171,0.014503164263038444,0.050434483686603394,0.051077995947495736,0.018993095010387182,0.06566698621470812,0.16200333436221265,0.03492443131748957,0.04537664613829817,0.04402112369134077,0.014627080816091126,0.009433417981513339,0.007783377163518617,0.0,0.014810367189723771,0.015435270749320183,0.014266812672441577,0.017764428556363062,0.012681982091470033,0.009092824754554016,0.0101720792396138,0.0,0.013194483927201878,0.010290504520790262,0.01885845571262123,0.012816910782125924,0.014988898282121101,0.013344137264114986,0.0,0.03125416148303649,0.009768054049922774,0.010162828016348522,0.01242724095772925,0.012574770934489528,0.016177351242223,0.015915890934901138,0.012285225835418107,0.015603171334371401,0.01203293964097731,0.01599593003835092,0.012594310091389564,0.014760887447219482
2025-08-29,0.013143953332135805,0.013653638910274622,0.013795676350383477,0.013161663287147313,0.015221081863625682,0.015982077329241166,0.015195039864842856,0.01389845996157448,0.014782874914291573,0.0513956705276075,0.0520551393892163,0.0,0.0669473526002292,0.16514526594999315,0.035590791189263664,0.04628347872950947,0.04489034009800678,0.01489791018623703,0.009601264152757876,0.00796400559366336,0.0,0.015092873517171432,0.0157489778957749,0.01453765218441884,0.018136129025927303,0.012924973876154931,0.00927430216627591,0.010368151962447456,0.0,0.013446950209512906,0.010493713117341576,0.019223318802111,0.013064771645013998,0.015266137232234776,0.013597871077947356,0.0,0.031828105179456716,0.009960827716028178,0.010341421655110756,0.012681361461611222,0.01281679366387537,0.016484128340370923,0.01622263975966022,0.012518912570693385,0.015911318460139563,0.012267494420422301,0.016304539620318838,0.012836200464670154,0.015044749745308773
2025-09-02,0.013141901037984202,0.013651323969932452,0.013793235825887365,0.013159582341271488,0.015219279443460883,0.01598303314467662,0.015194542862745495,0.013898139850685432,0.014786767033273472,0.05139672900284525,0.05205798802277188,0.0,0.06697498615306072,0.16512246394236094,0.035560892106707334,0.04626821163685306,0.04488048563458769,0.014887168310739841,0.009584605717958803,0.007977558171917162,0.0,0.015091892321857803,0.015762734678243177,0.014537461540017782,0.01812996187314794,0.01293277861925893,0.009263998952346263,0.010377761433156744,0.0,0.013434329130282512,0.010488067082971281,0.019212176192988806,0.013069865156792187,0.015286926672611799,0.013603838357496475,0.0,0.031879155002936664,0.009939799114037926,0.010345958943072641,0.012672705183337192,0.012822370778370269,0.01649764479807803,0.016218610122627417,0.012524775693659763,0.015922532341571982,0.012262559903322843,0.0163041595939918,0.012833983948051924,0.01504505835604976
2025-09-03,0.012900769596643706,0.013400170892121737,0.013539648713612224,0.01291998980570141,0.014926341798596865,0.01568722699028867,0.014896651590594986,0.013656287041336207,0.014483533926032622,0.05040302871361502,0.05107244561136446,0.018941582578759695,0.06569288305227854,0.16201913116094516,0.0348950050011112,0.04542371180245835,0.04405017185303672,0.014515858238025169,0.009413817642270967,0.007816107285559353,0.0,0.01488571690109536,0.015449149231316127,0.014216180117583185,0.017749882017173143,0.01268885705539342,0.0091023179793771,0.010194001389883219,0.0,0.013173206765253184,0.010302361840726774,0.01887353250080334,0.012827666727578362,0.015007006855221322,0.013367861931228712,0.0,0.031346362769899265,0.009747469443492899,0.01013647462866072,0.012446752978157385,0.012523258324906899,0.01614928252973009,0.015939808351348585,0.01227884590730664,0.015628993069655883,0.011997058391671783,0.01598935315460532,0.012583239385034164,0.01474099645854386
2025-09-04,0.012903982480089799,0.013403259652451491,0.013543148417479537,0.01292479285159249,0.014936270437228925,0.015696052562040378,0.014907021734044124,0.013661741523405756,0.014490638579963572,0.05032580977906951,0.051022757775394216,0.018889724256469592,0.06571637219865367,0.16202887427793947,0.03481237035222377,0.04540884106065706,0.04402246934864597,0.014517205722920935,0.009418588558274576,0.007807087462860991,0.0,0.0148973469100574,0.015468090404330998,0.014225921971911857,0.017766499939352205,0.012705063783765251,0.009111430214720141,0.010170870942478753,0.0,0.013181481241023075,0.010307113432097796,0.018896634360031476,0.012831652040248415,0.01501872277684439,0.013331927261272017,0.0,0.031380973026790326,0.009743788105461018,0.010183074240111162,0.0124519442197944,0.012529946621402185,0.01615170219659786,0.015944963151444648,0.012292708899131548,0.015622885194866128,0.012009622750445618,0.016001037940343448,0.012589728406125463,0.014747860937946722
2025-09-05,0.01301442958046145,0.013518237755844613,0.013659335054714747,0.013034400942147029,0.015052497767300223,0.015824262725985604,0.015019344266645957,0.013772440853154374,0.014605365566684105,0.05065571165225347,0.05135452282920505,0.019071754386706385,0.06621284259661275,0.16328036525872908,0.0349829625878498,0.04574379555541145,0.044347362986256196,0.014647087240719664,0.009509377911953472,0.0,0.0,0.015012700270843749,0.015618600129092084,0.014352360255343581,0.017921739246845012,0.012807671921508912,0.009195228394981653,0.010252880742506713,0.0,0.013288726856911404,0.010384149851302973,0.01908627599435987,0.012955469981128507,0.015155507204417195,0.013436832475492117,0.0,0.03164151083027602,0.009820990652298167,0.010264708128674083,0.012545544263052542,0.012630746042046058,0.016279996605119973,0.016081536631581555,0.012384973739791076,0.015756128236692195,0.012130848805420594,0.016130126884278773,0.012693444231922686,0.014865204105477333
2025-09-08,0.013064083180650601,0.013573799297413397,0.013716761286402703,0.013092506549224062,0.015099131892589997,0.015877301827069683,0.015056375726233667,0.01380581520513992,0.014664214349289712,0.0505158866953588,0.0512132741296003,0.019053841344603424,0.06619570841513449,0.16269084736233386,0.03481138580325458,0.04576609320386334,0.04437064284350554,0.014593202680999513,0.009551388944115563,0.0,0.0,0.015118529254158249,0.01568752037558632,0.014296720997837579,0.01787774584241798,0.012735707418871915,0.00931078064838347,0.010253557284860739,0.0,0.013354134157831536,0.010382838656169898,0.019071322863965606,0.01300939566533971,0.015123871113211139,0.013479030849267788,0.0,0.03151864953199647,0.009905929636699938,0.010248486015128549,0.012554099156130667,0.012641957512065139,0.016376132408597956,0.016156925320786147,0.012392490211607328,0.01575983469844221,0.012206186550409075,0.016171646559904267,0.012723360776711056,0.014930885756836213
2025-09-09,0.012843492490795305,0.013344659378639807,0.01348565603873686,0.012871127429562054,0.014822642792440164,0.015587029714188983,0.014785328405035329,0.013558574204696246,0.014410512192468704,0.04973166407308936,0.05043517020695216,0.018724859395808334,0.06535498533938908,0.16119924897930007,0.03430191927005363,0.0450707629767637,0.04372124886288105,0.014323296010205724,0.009387120581040015,0.0,0.0,0.014870679268176349,0.015426904438537456,0.014048326480100239,0.01754985766640556,0.01251985411448869,0.009151271295309675,0.01009526629329443,0.01524080487680788,0.013127395295438278,0.01020639459446033,0.018752295443464052,0.012791841392562328,0.014854623558939014,0.013257352873982298,0.0,0.030976470585151475,0.009735018027740187,0.010077761571126555,0.012288720883225608,0.012420033259271145,0.016095741790227786,0.01588292978522438,0.012182136571342062,0.015473231762200985,0.01199137638471085,0.015853933608329564,0.012500450045319888,0.014670029792116178
2025-09-10,0.013191395675444573,0.013706710530296169,0.013851069171317773,0.013220971364417968,0.015217761460027623,0.016006525879836198,0.01518000497002952,0.013920142416690092,0.014799688725740468,0.0510880028163153,0.051807620024192175,0.01923240388538982,0.06706264169281452,0.16521730808879856,0.03528931632436916,0.04634310611584811,0.0449306818132289,0.014717405326074903,0.009659688002854851,0.008040541005720755,0.0,0.015285899436478952,0.01584264218958782,0.014428595923110216,0.01810959042324957,0.012877911500430191,0.009398568084951337,0.010371253613726858,0.0,0.013499697797438493,0.010490350510063938,0.0,0.013101878422748747,0.015246731415272842,0.013611935097331246,0.0,0.0317854770283612,0.00999379062728592,0.010361776443296541,0.012603363070732601,0.01274993317465698,0.016530155789955675,0.01631518730283637,0.012510064851068705,0.015893772630748457,0.01231467782882725,0.016283760001543423,0.012842591313872914,0.01506741023301625
2025-09-11,0.012862533413221921,0.01336800457390663,0.013510128673525563,0.012890529213188808,0.014884088298421725,0.015656801745128703,0.014840099988941544,0.013585279325383257,0.014421252415709558,0.04959239941644358,0.05029715101618334,0.01865897686578877,0.06521725245759404,0.16135740139059532,0.034246559580513106,0.04502216899007899,0.043649256591494774,0.014310170610197927,0.009440041111784425,0.0,0.0,0.014892624511255339,0.015429825668346065,0.01401168674979905,0.017626874236065397,0.01254115554588052,0.009154699752769214,0.01006141530770203,0.01522239882860328,0.013123923144124408,0.010232105984814227,0.018660307165971175,0.012750169801389549,0.01476141456675012,0.013297027270224157,0.0,0.030867951427621595,0.009756402007214447,0.010090236463996248,0.012432649622006518,0.012419060856136076,0.016094987015593473,0.015895335123476385,0.012189284864822143,0.015510453700726833,0.012001118689385994,0.01595150267293221,0.012525124689320844,0.014690168654970597
2025-09-12,0.013073554260216644,0.013588123782707032,0.013733446394714915,0.013097677030549308,0.01511727574437042,0.015896691232808558,0.015070394674313635,0.013772666372657744,0.014632645944732462,0.05035925311535635,0.05106062556449437,0.018938048903261912,0.06624370308812688,0.16387919651893817,0.034733183352870414,0.04572749949491793,0.044314572756070446,0.01453460766904094,0.009594775586061153,0.0,0.0,0.01511030812980023,0.015654839509112808,0.014186041302640045,0.01787076758693826,0.012731363953671455,0.009312546135733003,0.010223402762050285,0.0,0.013354928803118945,0.010379523094768483,0.01895009570912863,0.012893789176598782,0.015011410804135126,0.013470577006999902,0.0,0.031379573892584806,0.009945011720883596,0.010244026161392139,0.012655974871373286,0.012614462220640532,0.016325488263456644,0.016151906457586948,0.012407058513746566,0.015763959590182012,0.012173500879904943,0.016199458534266298,0.012715633722414214,0.014906409710662764
2025-09-15,0.013206390469996322,0.013725519331186377,0.01387293300617585,0.013229543800399689,0.015266422354418026,0.016058101126388637,0.015224122427391804,0.013914844094483726,0.014781434034745189,0.05093949589439408,0.05166073934848461,0.019146486962121092,0.06703949287986045,0.1660742537883901,0.03509056694902994,0.0462092743805545,0.044791742989185715,0.014682123008219144,0.009679662133700584,0.008030140183943407,0.0,0.015266673190064188,0.015870630982389358,0.014369777722943369,0.018052511767475892,0.012874555866139907,0.009417538388626039,0.010348333801786886,0.0,0.013474441609677049,0.010491364655127941,0.0,0.013005358423537911,0.015160937294046217,0.01359689149019743,0.0,0.031691220581165976,0.01005122722526353,0.010368321498898393,0.012775366634315494,0.012759022337336792,0.016489285438856065,0.016307548473045108,0.012528070260887763,0.015918938169130897,0.012294622195182929,0.016353593787006054,0.012852581177000734,0.015057897866828793
2025-09-16,0.013214808503180029,0.013737471305513295,0.013883189669398312,0.013237678864066276,0.015258590090994244,0.016045962804053585,0.015217954626568818,0.013911355311324852,0.014772212826602335,0.05090262166531186,0.05161872724560375,0.01913793564104076,0.06702992881791968,0.16635684564553005,0.035052560686486656,0.04616006525113503,0.044740291777042716,0.014661647733309403,0.009673032138019162,0.008028676548750396,0.0,0.01534026796720551,0.015866780836167375,0.014366142425767036,0.01804239581446957,0.01287457825307558,0.009480680141744247,0.010352212703666068,0.0,0.013468264459701309,0.010490405343587512,0.0,0.012991351690341895,0.015157693640251414,0.01356441540545164,0.0,0.03166996547229303,0.01008760141357316,0.01034843288852962,0.01276959960844882,0.0127593551184616,0.01648427664486256,0.016316818067852897,0.012509564748650514,0.015903868067294286,0.012282791462259206,0.016336818562116922,0.012847463777178426,0.015046698335198725
2025-09-17,0.012969569148434966,0.013483486752591017,0.013627146639865006,0.01299175728954292,0.01497857989243594,0.015757762426692322,0.01493622721712928,0.013645907077484908,0.014494613180667042,0.049931961996096126,0.05063937994908931,0.018777042966930748,0.06575246905048185,0.16311764772429485,0.03437661734988955,0.04527136504770164,0.04387629051759634,0.014440006297743044,0.009608000487946742,0.007894056628659347,0.0,0.015119859735332001,0.015639398567541075,0.014087303724863874,0.017715754328314296,0.012625462410790364,0.009300165513414378,0.010137042911799937,0.0,0.013215160193767523,0.01029513994406345,0.018746726520554115,0.012753099722897891,0.014776380817229307,0.013353426956297059,0.0,0.03097742922759562,0.00989798260556248,0.010147247665919824,0.012536641138766106,0.01251684295304025,0.01616123829248495,0.016020786120211992,0.01230174346274352,0.015611404469621861,0.012062185445726676,0.01606312428988402,0.012604573053705631,0.014763992286598504
2025-09-18,0.01321244774133603,0.013736160070561096,0.013882887486843227,0.013238567276774983,0.015251226977367706,0.016049905979201643,0.015208127170507891,0.013899042681689166,0.014763633660746747,0.05085796296166966,0.05158282889284791,0.01912627521509148,0.06696106931543146,0.16658415282709102,0.035029105679886624,0.046141901330759585,0.0447217216392773,0.014704347525395666,0.009798607731306173,0.008036506738108826,0.0,0.01536560245780119,0.015892658193907276,0.014372497288871978,0.018064196484663085,0.01284733882568598,0.009472089850392598,0.010326665039244357,0.0,0.013471023758061243,0.010487482618815889,0.0,0.013001728825155113,0.015096995577558156,0.01361346138108543,0.0,0.03152762290841953,0.01008064773562955,0.010342530208892583,0.01277336641745394,0.012755254893021513,0.016458927857695458,0.016316535112275654,0.012519170259565856,0.0159143586874862,0.012287202242231118,0.016357608688973672,0.012832575413459342,0.015035980371759072
2025-09-19,0.013314756172520916,0.013842259109322975,0.013990059490264665,0.013338508063917417,0.015385196889509754,0.01618780458170275,0.015340953678826309,0.014007976357793845,0.014890767242147634,0.05122921523149194,0.05198708771681744,0.019271534375644602,0.06747291556136098,0.1678897983334056,0.035352027114159114,0.04651732742513827,0.045072059963980796,0.0148144927603143,0.009875301478531518,0.0,0.0,0.01553691929102032,0.016026737936281333,0.014488134064677022,0.01821369443798064,0.012973382091069442,0.009531704130430493,0.010417886048240468,0.0,0.013563188569427084,0.010568705414169821,0.0,0.013119315574685906,0.015230535484383235,0.01373766408846827,0.0,0.03175982731040638,0.010155889686826763,0.010433842902692782,0.01288564816281583,0.012849418445474488,0.016620089198389826,0.01645293592881844,0.012637333603501518,0.016057392753886277,0.012390139705119447,0.016494732087098316,0.012914857057066569,0.015159984480218611
2025-09-22,0.013308287121088537,0.013835565504239585,0.013983390700314432,0.013333519981388866,0.015383791696863412,0.01618304810338938,0.01534210931501204,0.014002193592214628,0.014890065569107234,0.051227598687247855,0.051993845255359154,0.019276246684689784,0.0674878945551133,0.16809624084275712,0.03534013976664062,0.04650538317776425,0.04506000930389761,0.01480212764650466,0.009825551883923382,0.0,0.0,0.015534246869297975,0.01601425407451652,0.014485837151366757,0.018226593345605654,0.012973009151725947,0.009524580968276785,0.010414234940086614,0.0,0.013563402914621409,0.010566784200590111,0.0,0.0131165148548561,0.0152176456102819,0.013732968004572133,0.0,0.03176870661003089,0.010152083019005938,0.01043294541704165,0.012893469082890038,0.012840222695920195,0.016616027284194007,0.016420696865459924,0.012639504396730544,0.01605668906613372,0.012382800858497627,0.016483845405924135,0.01291100424962366,0.01515492357523403
2025-09-23,0.013197046224888183,0.013719791127685562,0.013866687005956429,0.01322203620541836,0.01525616927786684,0.016049492038208168,0.015216458445925096,0.01388643658498474,0.014765241708718242,0.050888520253711704,0.0516224359718436,0.019188140799585744,0.06701990866558238,0.1666451888639142,0.03508645352351495,0.046118444865244454,0.04468526339880102,0.014639408214400207,0.009755416295455652,0.008042272516815736,0.0,0.015412588316107315,0.015894307288007524,0.014365275877653943,0.018078297236428842,0.012866527776854656,0.009440182027003004,0.010327412329022295,0.0,0.013449433139189195,0.01047780669609486,0.0,0.013010171857645055,0.015085609872618286,0.013614810202837922,0.0,0.03148964650946914,0.01006440518408659,0.010346299574814215,0.012786649562758453,0.012733051505725812,0.01646859333856294,0.016293125591071655,0.012534708100952602,0.01593225316078165,0.012279091709787752,0.016342938518280264,0.012805125881850395,0.01503087675387382
2025-09-24,0.013209290824608639,0.013736679462524597,0.01388703715428218,0.013233976409390981,0.015321625598699137,0.016125569230216952,0.01528133910357729,0.013941466063737178,0.014800917663416029,0.050760136491514465,0.05147666421176438,0.01912524799412741,0.06684208820876016,0.16645187242562176,0.0350039523042448,0.04606885991173196,0.04460995182313929,0.014654171311870441,0.009796535259608066,0.00804115104763645,0.0,0.015470135214156038,0.015924850006944543,0.014328513675230727,0.01813884263164017,0.01285216622794128,0.009466818341231364,0.010293259563903385,0.0,0.013472026974348147,0.010488238121436153,0.0,0.013019592215888273,0.015059295163064059,0.013613938681967662,0.0,0.031440333413031936,0.010120158196617142,0.010301694724045289,0.012865602810521312,0.012740044349076255,0.016485244857446235,0.016316123422092026,0.01260514008227109,0.015968349742843214,0.012304385320202796,0.01641546944256841,0.012863305519401675,0.015077938801658622
2025-09-25,0.013209214536978852,0.01373655642854185,0.01388677306805789,0.013233536559283113,0.01534021099813611,0.01613296036146504,0.015301989066773368,0.013941097285066545,0.014837659171852105,0.0507359523963063,0.05143641910686802,0.019127579401635685,0.06676911789797756,0.16635039816569946,0.03495369730798391,0.046061135447122946,0.04459772494650925,0.014659403317664738,0.009802912698566655,0.008030106693477604,0.0,0.015480345882539947,0.015914314176924287,0.014312149983699797,0.018131983810465213,0.012851934529081175,0.009466819590727742,0.010281638698511796,0.0,0.013478277435223892,0.010487055539205136,0.0,0.013004498766667814,0.015227203176663456,0.013598369331351983,0.0,0.03132599034969616,0.010119571410979075,0.010377638872737485,0.0128649613229883,0.012768394580125462,0.016537820403600505,0.016304477589116476,0.012592954144633895,0.01594497173144441,0.012344203897828731,0.016423030945034015,0.012889250996724782,0.015127697978061296
2025-09-26,0.013217237487422512,0.013744818788375822,0.01389434739902124,0.013240073774991633,0.015342487289481945,0.01614114605775994,0.01530265890043531,0.013954533969146376,0.014824617346295307,0.05076371963452948,0.05147654090646481,0.019147545606967818,0.06674562462481101,0.16617389870764596,0.03498230059911645,0.04606664281192617,0.044589964942930126,0.014671499923263819,0.009772636300882301,0.008039142355768747,0.0,0.015495151989561287,0.01591540251195847,0.014346241439902867,0.018124248961596597,0.012862818418201357,0.00947532500231111,0.010297128605966556,0.0,0.01348756950063824,0.010488292614806216,0.0,0.01300169235541443,0.015238328397792881,0.013607268394375828,0.0,0.031261829985136165,0.01012545266506437,0.010371028682606588,0.012876922441626198,0.012754396378533754,0.016556024942383007,0.016320627202687024,0.012608773907013126,0.015926777474634536,0.012332448090178867,0.01642846461289428,0.012888860737193933,0.015117487260285282
2025-09-29,0.013197939667666416,0.013724829382374997,0.013873342485274524,0.01321945979628999,0.015318418883889944,0.01617532200545015,0.015278436756569829,0.014171008131922675,0.014803883827986513,0.05071627160168465,0.051427923122371905,0.019124585484950947,0.06670481167148602,0.16613835334146318,0.034943817298192834,0.045990751420983446,0.04452090186923754,0.01468747955432335,0.009906389047718024,0.00803734484040343,0.0,0.015851139105613647,0.01597895023682372,0.014307439795453377,0.018108327295018028,0.012854416919410111,0.009466013745755205,0.01027907966559828,0.0,0.013466529849543009,0.010464329994948741,0.0,0.012995014443099426,0.015168525415248007,0.013579574056775342,0.0,0.03124638976844629,0.010188102909019522,0.01040616646097722,0.01287559627904462,0.012741065308046787,0.01648612311328028,0.016315125578446027,0.012596422093060508,0.01598221586119092,0.012313116961799684,0.01639817511617474,0.012876465381865699,0.015094424455120381
2025-09-30,0.012988080266237215,0.013506826273181493,0.013652617260396701,0.013010747378077097,0.01508086192931096,0.015932340037532834,0.015041632982244988,0.013957608467327914,0.014572928823651726,0.05002924680873949,0.050695891512899764,0.018817297930119114,0.0657124123072242,0.16380213862498247,0.0344703738666743,0.04525643703109338,0.04380082882103307,0.01440142008167676,0.00974600070713291,0.007893885351182526,0.0,0.015542576577520029,0.015724414534092193,0.014088764849323745,0.017854307350380714,0.012654094056415625,0.009314014680744396,0.01011887797192082,0.015150416402131366,0.01325579149245501,0.010298034995720183,0.0,0.012792212495890706,0.014930983906334416,0.013365790947383074,0.0,0.030787402103437753,0.0100256369092394,0.010239297274681928,0.012671158288781393,0.01254961474864342,0.016237207256688074,0.016048776413658556,0.012417438433346514,0.015757044299904818,0.012114465820753194,0.01615053601208833,0.012686103652041262,0.01485546206570426
2025-10-01,0.013057927952914612,0.013579848203142822,0.013726174341092249,0.013081818397685466,0.015291778160679307,0.016200279746761085,0.015244425069570466,0.014316247237490235,0.014748494360936492,0.05029703504048831,0.0509649923701422,0.01891749764693814,0.06611237144142855,0.1650685463222729,0.03465111050147857,0.04550894588048773,0.0440290353657391,0.014469935197203266,0.00979867360338906,0.0,0.0,0.015842003495057606,0.01582938199403405,0.014178736689055544,0.018213477744543356,0.012719688663091646,0.009372262226964941,0.010196177727929344,0.015074018769297625,0.013321162019175142,0.010351586527390728,0.0,0.012929262561980872,0.015025037381386032,0.013439639464460695,0.0,0.030958885984455203,0.010121407575205755,0.010298250727975161,0.012865845921016385,0.012696711957553801,0.016330968522639797,0.016142416565597947,0.01254396192894977,0.015916174093746946,0.012217890505762562,0.016452031931946772,0.012894252789842502,0.01500362939109906
2025-10-02,0.013055225757808197,0.013576894585998523,0.013722958859054635,0.01307872353498256,0.015291673052456487,0.01619296698717907,0.015237809401234096,0.014303645538133986,0.01471012820355417,0.05030432855352851,0.0509780940801059,0.018925431271083773,0.06613276934523143,0.16538486397770344,0.03464436270212862,0.045518468769062265,0.044037893486376614,0.0144886273620607,0.009805187900517487,0.0,0.0,0.015832067768921793,0.015831978752990906,0.014176090515562654,0.01821096063052942,0.012702931442081154,0.009372662388399042,0.010227567273223798,0.014819325538121307,0.013316732002738491,0.010347288202078067,0.0,0.012909511048056743,0.015023818646935545,0.013398043458082744,0.0,0.03096736238433848,0.010136990999070937,0.010279622482105307,0.012984366880077093,0.01267879317394829,0.016279691714472293,0.01615113406359032,0.012538535340794065,0.015906685184406973,0.012209720015851829,0.016470514895425056,0.012870142554048667,0.014967409275948217
2025-10-03,0.013037615388546028,0.013559881080358023,0.013705151523264762,0.013060950559251518,0.01527147956514806,0.016180017270226846,0.01521951232698087,0.01434432402532594,0.014711839608403091,0.05027694100933235,0.05095158479454065,0.018903521053344835,0.06620077207197032,0.16603498907545247,0.034608082426064335,0.04545536815491439,0.0439686437990788,0.014482719767732483,0.009804440024921417,0.0,0.0,0.015795538131231402,0.01579543941196236,0.014162755860238659,0.018199668673897544,0.012685051770975654,0.009357731600102406,0.010207059166157212,0.014807774571881432,0.013298970933466296,0.01032712751757722,0.0,0.012871946860098566,0.015004153092831412,0.013377894872925487,0.0,0.030964874744389543,0.010196317732486547,0.01025912034566873,0.01297053445787227,0.0126541760931584,0.016261345010493953,0.01612719650721151,0.012520361556698577,0.015895143963786836,0.012203320890058784,0.01644560779882533,0.012866387295022172,0.014966667616124179
2025-10-06,0.013047706918278832,0.013573630710102749,0.013719112976617737,0.0130717286265326,0.015266581103992814,0.016161221462122517,0.015214029995353187,0.014345865550589781,0.014731765979715985,0.0503014007027808,0.050991923287887576,0.018921812606566384,0.06620473468171188,0.16594757490038992,0.034656043416572295,0.04542393110524866,0.04393591246300415,0.014484853162658398,0.009767091484576837,0.0,0.0,0.01584849225736603,0.015878206567576294,0.014162099448064716,0.018179420898598073,0.012678971645325032,0.009392854207314767,0.010242598586500118,0.014773790628746886,0.013292553200418698,0.01031970275889217,0.0,0.012866222556355049,0.014979504172600432,0.013371051794491119,0.0,0.031006042166711982,0.010189546421291794,0.010253714905581574,0.012898750126417287,0.012683186726364759,0.016232832027946308,0.016074310606541433,0.012511043272886354,0.015884382849459606,0.012202688899896905,0.0164161726947276,0.012905592767528683,0.014989346677693078
2025-10-07,0.013045634052957293,0.013571259901964101,0.013717017129020005,0.013069505071657453,0.015267898373867909,0.01616231101842876,0.015214618483389527,0.014425318591567083,0.014728266668805518,0.05029315838408468,0.05096981254825499,0.018924890294068863,0.06619551022118231,0.16593843852180176,0.03463523179105729,0.04542161112190695,0.043934437486607504,0.014414030536827068,0.009770487790576024,0.0,0.0,0.015917262163370752,0.015866599631826427,0.014144433879185634,0.01823001675335412,0.01267805646444415,0.009389668446336841,0.010248645561866878,0.01476824985951851,0.013290034197657374,0.010321571168665368,0.0,0.012867752105720947,0.014956729959717507,0.01337365521916019,0.0,0.030992553400168352,0.010186928245222288,0.010258942426761617,0.012853879821583168,0.012687778539602167,0.016234314334937792,0.016074609243166046,0.012509189811980004,0.015898024546572683,0.012221808318991119,0.016443075422403048,0.012899968196245375,0.014986814293516356
2025-10-08,0.013018917954386054,0.013543435413349885,0.013688998092394008,0.013041110502801451,0.015243391554181944,0.0161500174153054,0.015189308824659345,0.014419120820384811,0.01471462165082509,0.05034985635701134,0.05105579148216747,0.018916745140896737,0.06628855065514572,0.1663760549358051,0.034703594993633645,0.045374438984370935,0.0438664633253579,0.014385436628156695,0.009734059428634315,0.0,0.0,0.01600746250536602,0.015896253555065184,0.014133460712015886,0.018293535475106426,0.012660365919546102,0.00936868389569813,0.010255157507644073,0.014760641576200783,0.013263903293124229,0.010286517067170086,0.0,0.012861272720711931,0.014924791616285845,0.013347880118043073,0.0,0.03089005316217212,0.010166280131190295,0.010231921715336711,0.012788437598965335,0.012668507893304905,0.01624564977657537,0.016032956261330084,0.012491499635551071,0.015925210271324656,0.012189502197843259,0.016395786851117273,0.01287422212977572,0.01498013225406743
2025-10-09,0.012536559059494736,0.013042254240593241,0.013183347407531704,0.012558398264405765,0.014679467343339471,0.015554880117904601,0.01462392712553572,0.013881635770221465,0.014155836938308585,0.04888585062740398,0.049597549833660125,0.01828218562850329,0.06514905098545848,0.16466317417261064,0.03349259029820295,0.043660605661310685,0.04220780455222993,0.013798472817776396,0.009324478690404045,0.0,0.0,0.015437397774559951,0.015300030243353965,0.01360128680595824,0.017600398835017565,0.012219639194163408,0.009005984151118241,0.009873723975998247,0.01420493405031222,0.01276095724297657,0.009912094969047044,0.0,0.012376917200196104,0.014354986578755443,0.012859280029374927,0.030521328696999025,0.0297855776246224,0.009772912605233601,0.009847365669532418,0.01233039811952566,0.012191270749858176,0.015630892130095827,0.01543554207051488,0.012027164689150785,0.015323059783266943,0.01174200878118441,0.015801594390383842,0.012391751472262867,0.01441343263164125
2025-10-10,0.013249189157020093,0.01378470927306505,0.013934499965336158,0.013271806995685361,0.015487151249121847,0.016393311449208487,0.015426725800650172,0.014639287755863923,0.0149159751491952,0.05172202026687455,0.0524590569970379,0.01933052467246693,0.06891094383148585,0.1747097539343068,0.03543630960435531,0.04617326773303364,0.04465917080518884,0.01447787492608799,0.009863239698300016,0.0,0.0,0.01623669938385989,0.0161836247113166,0.0,0.0186027343589111,0.012924843742261528,0.009511109343017238,0.0,0.014999469699165728,0.013428930843356614,0.010484545861119628,0.0,0.013036042131949095,0.015302132627787918,0.013606681803832212,0.0,0.031321916656553705,0.01030235255227309,0.010395320896484013,0.013041090890446885,0.012882033887456032,0.01643575059164027,0.016255238265014894,0.012677608016421862,0.016160286248811523,0.012413990203010967,0.016704412783055712,0.01306393757599738,0.015184427661972004
2025-10-13,0.012870134904111534,0.01337899828510855,0.013524404439018357,0.012891021858686078,0.015080065669927688,0.015920346110577573,0.01502612339877711,0.014175112553793195,0.01459133345248137,0.05057217253045407,0.05129799080737692,0.018813035795719173,0.06719375330188361,0.1705489887798835,0.03472873578786383,0.045025867605329874,0.043527998145855396,0.014196274953686888,0.009737733380699155,0.0,0.0,0.015892745636977675,0.015895199138270574,0.014052299953788316,0.01828490685410481,0.012594077893396862,0.00923332412310683,0.010190907334672076,0.014661023909470598,0.013073396861568541,0.010216941211372885,0.0,0.012715110481868257,0.01499561192528647,0.013279681152752834,0.0,0.03061651754430782,0.009908315929022188,0.010122756576436917,0.012531641784970153,0.012597220185278686,0.016120321914691337,0.01589188862358954,0.012380748226345028,0.015648100367460928,0.012154498516789236,0.016241597138614342,0.012751491693697523,0.014849583260926053
2025-10-14,0.012865935912311435,0.013372141857170715,0.01351758700889323,0.012883793271775641,0.015094008776672281,0.015885542190599372,0.015041470043921198,0.014032553233969694,0.014614239112661926,0.05072380119062606,0.05146843419685967,0.018867616024696998,0.06746588930958668,0.1702124953711208,0.03477942488641623,0.04486387950630478,0.04341027960124438,0.014122252812225117,0.009656002003268447,0.0,0.0,0.015940078652181472,0.015901421419715026,0.01407149884549578,0.01830520357058899,0.012618239157991443,0.00922415334462901,0.010198686699163758,0.01471697514329872,0.013094624834785865,0.010201471734625718,0.0,0.012705378126681346,0.015035530708607229,0.013293655765016014,0.0,0.030677344869548942,0.009762452888542496,0.010166819404326727,0.012541892831304507,0.012621079000263083,0.016148244052914443,0.015869881801656497,0.012396850689637137,0.015567230456532898,0.01216931017867796,0.01625453098100477,0.012768005637515368,0.0148720928949701
2025-10-15,0.012870434639544778,0.01337692455296695,0.013522140795469791,0.012889031695701518,0.015096200716730195,0.015891393992922418,0.015043314967749539,0.014016722069819994,0.014618719524814985,0.050727035939616985,0.05147152457319283,0.01887676802960957,0.0674575373634578,0.1701185770646814,0.034764502233391815,0.04487784210709983,0.043424415531124826,0.014127253298123806,0.00966835718721744,0.0,0.0,0.015960275925232803,0.015988886823638027,0.0140702123730837,0.018277641657940175,0.012607734520386353,0.009215356027206004,0.010205785681798033,0.01472272360483713,0.01308241229415767,0.010207383990604306,0.0,0.012693891480348917,0.015026392149106511,0.013305527321697626,0.0,0.03067320663849974,0.009750821618245024,0.010171141116696316,0.012533812534256072,0.012626442610382085,0.016154276068049415,0.01587354937283988,0.01240247984938478,0.015528691526436524,0.012176114024669423,0.01626194252492318,0.012769019014296869,0.014875582968046629
2025-10-16,0.013008698797317458,0.013521345913665979,0.01366764138522062,0.013030824427503872,0.015259073492257684,0.016046904786915128,0.0152028464218954,0.014119914966428155,0.01477987108134787,0.051258796469165736,0.0520066159725203,0.019082349910523034,0.0681503823144145,0.17191888040970038,0.03513188878482638,0.04532941571687755,0.04383216854837872,0.0142410829418088,0.009715137213713372,0.0,0.0,0.016174119956029423,0.016153746240266637,0.014200478103467506,0.018481490364366953,0.012796324147342988,0.009307697531393225,0.0,0.014891735073603063,0.013270324288420525,0.010317318337837389,0.0,0.012831995791751512,0.015161429514661616,0.013445622186082366,0.0,0.030969806082146552,0.009835109110580432,0.010278600947225663,0.012631517137942578,0.01276168070695567,0.016324665580157084,0.016027641570014347,0.012532841733923631,0.015618726402319523,0.01230705967853403,0.01642812102126581,0.012908321349431762,0.015039787589798488
2025-10-17,0.01265433923957233,0.01315425092889184,0.013295969842866656,0.012671883634018872,0.014839155162952141,0.015605228669574244,0.014784360347792699,0.01373317327535017,0.01437125483028638,0.049760494501739444,0.05046560248533727,0.018533785988328638,0.06613340267484488,0.16690118117188488,0.03415204667774029,0.043989173501191574,0.04256647253706311,0.013756537218968867,0.009443297628657095,0.0,0.0,0.015758383498537757,0.015789618334897337,0.013818401760057738,0.0179782863709025,0.012327064552400993,0.009062843719965564,0.010023712081147643,0.014493394785245082,0.012905201395659115,0.010028032478655517,0.018310353658560843,0.012479413800471042,0.01474962732284392,0.013056454164526585,0.0,0.030125275339128663,0.00956803221403205,0.010036605417164045,0.012286425999075786,0.012416834178319834,0.015892281437935273,0.015573082873826926,0.012190259581148957,0.0151912566386031,0.011974506189791744,0.0159824815789601,0.012549902599360237,0.014620657711720166
2025-10-20,0.01264654105644632,0.01314745779249997,0.013288325616113397,0.012663168973285678,0.014884323988999004,0.015672853067091173,0.014846212634520406,0.013820581218784973,0.014425458132998798,0.04982097601914574,0.05052521216815747,0.018586392531560764,0.06612848271871899,0.16669918419214702,0.03416546121234115,0.04390054979503671,0.042495582685898314,0.013649776311128025,0.009287312804505602,0.0,0.0,0.015791633129597537,0.015891960021417198,0.013823945524620232,0.01796864839047015,0.012303800411336593,0.009084130522217498,0.010092460675046617,0.014500389845309767,0.012901312710767898,0.010011065878630005,0.018219437105220573,0.01246396463801862,0.014730998742537207,0.013034990805421857,0.0,0.03008892889525487,0.009572307845592603,0.010035757618747667,0.01233727404549138,0.01240442689359487,0.015898685724220613,0.015541371371235587,0.012180747212928241,0.015202150133627,0.011959335228250408,0.015979474659483444,0.0126531513264942,0.014673797725087768
2025-10-21,0.01287287914541165,0.013381993589983748,0.013524082766880292,0.012888214115210319,0.015152666894219877,0.01595001989924233,0.015113663148561008,0.01405739100858526,0.01469557571008639,0.05075639019688099,0.05148449257545755,0.018940751426371614,0.06738999596724184,0.16993161360074854,0.03481603910569275,0.04472875647285121,0.043299891474431855,0.013665205865274022,0.009453116512086392,0.0,0.0,0.01607698079531465,0.016164698149522715,0.01409046912546502,0.018323945139958102,0.012539728026359128,0.00925042167212759,0.010276453902380113,0.014748566601395391,0.013132722788677735,0.010198478607506186,0.0,0.01268698171346927,0.01510985852563213,0.013263553438314327,0.0,0.030672125648660866,0.009744873112322167,0.010203203228744451,0.012525418786380995,0.012622396697838436,0.016218477981265064,0.015839673054111013,0.012390516194571927,0.015520439423037912,0.012185558665278937,0.016271780490806576,0.012892570883647703,0.014947367871993853
2025-10-22,0.012638096386422496,0.013137818939922802,0.013277373764125152,0.012653197918684241,0.014859564038052454,0.015627699482664487,0.014820481834435358,0.013771391823859476,0.014415119649397679,0.05009255187616859,0.05080891300040453,0.01871793167789592,0.06633044830462834,0.16723544765588375,0.03437470665371083,0.043913567007936534,0.04255055347855277,0.012629178883308967,0.008847892908036682,0.0,0.0,0.015787020035417064,0.015834254841439504,0.013845296254274893,0.018036386568249303,0.01231133837158791,0.009081944889093236,0.010090405215525225,0.014486284037694546,0.012883144751150826,0.010002138041993366,0.018225823118567776,0.0124540199205132,0.014827384558422769,0.013026759206628413,0.0,0.030121112304850282,0.009612883636028824,0.010009728909128459,0.012279088063752417,0.012387339975806775,0.01591323076151009,0.0154797425576681,0.012159578269869731,0.015228817872387565,0.01196135662102917,0.015947875789727457,0.0126443094464194,0.014660800697172668
2025-10-23,0.012863716902664833,0.013372697774224939,0.013514300581708603,0.012877335960486682,0.01513774929984553,0.015928557517799837,0.015098288602119914,0.014038870458128313,0.014686615623321742,0.05100431273340051,0.0517329991166207,0.01905821627089578,0.06755877912727772,0.17043552515623966,0.03500458894649894,0.0447314341713905,0.04335662407435695,0.012871646735569902,0.00921593325949137,0.0,0.0,0.01605816877135688,0.016052327489255322,0.01410521301202291,0.018360295867112783,0.01252911273257878,0.009239973654549961,0.01026102033123432,0.014747251524631844,0.013085970059871147,0.010178433001802531,0.0,0.012682002466258172,0.01510195045115779,0.0132533693353115,0.0,0.03070676596209698,0.009776869010906233,0.010195643659144053,0.012500629530071593,0.012612044826959046,0.016171655490954277,0.015760361951275174,0.012381947708432558,0.015505372787732051,0.012179596395792188,0.016235222188748944,0.012893181377523828,0.014937428101176849
2025-10-24,0.012816735500028051,0.013323888863049827,0.01346498944847319,0.012830925491355822,0.015128815538273546,0.015903454953477333,0.015086714431278035,0.01399116033728874,0.014672739971205493,0.05133491207111776,0.05204652516944503,0.019138384686567003,0.06769908568340376,0.17059053986120268,0.03525559009293354,0.04468537434377105,0.043314603875987144,0.012828101298119683,0.009184971499717311,0.0,0.0,0.01600924247895959,0.01591179601615941,0.014143569734531833,0.018422919117407992,0.012497884797260583,0.00920142420835248,0.010212687988596739,0.014732398330232294,0.013019709646836748,0.010149320407293527,0.0,0.012624470408477926,0.015056132275184417,0.013209819598016571,0.0,0.030650435853436173,0.009742884893233647,0.010145312100542316,0.012505310682242926,0.012596124627490933,0.016147725405209513,0.0157098785787139,0.012365109030585263,0.015456513251189168,0.012163505463866632,0.01623770008698395,0.012875804263594201,0.014914807638905968
2025-10-27,0.012805527854963495,0.01331145256080321,0.013451986879580383,0.012820033286389629,0.015136558543710099,0.01590644102570534,0.015095622026096352,0.013983958617814554,0.014675064916452738,0.05132054367516953,0.052024887818099365,0.019135545481647982,0.06770011141912767,0.1705305845259317,0.03524350640011459,0.04465724931080849,0.04328914730467443,0.012835671285919932,0.009227756610524204,0.0,0.0,0.01604733093436981,0.016003812314174453,0.014139834347706583,0.018435933588593884,0.012480456350417621,0.00918726230474209,0.010202428877224869,0.014730493492330984,0.013045942350806135,0.010148422132905717,0.0,0.01263291276724228,0.015024776065806222,0.013207227300725459,0.0,0.03065768406101823,0.009733788083330273,0.01014446339370811,0.012533291448241278,0.012600839222072585,0.016145392852358807,0.01570176236744021,0.012364367077685656,0.015468817806970826,0.012161808148599507,0.0162555218037832,0.012877432703477984,0.01491634866073348
2025-10-28,0.012791841528438005,0.013296457044812488,0.01343634815928077,0.012808310673844246,0.015151684659865501,0.015910730414912328,0.015106835298393777,0.013961521268607764,0.014675075614942329,0.05136325577150211,0.05206675104959246,0.019119991258348103,0.06773373365230563,0.17057808105222969,0.035257523195474434,0.044670976805188514,0.04330085888085926,0.012712976358128097,0.009204331319880186,0.0,0.0,0.01602359859071436,0.01600138732148634,0.014139249703300851,0.01844406546763749,0.012469434605356372,0.009176707424342312,0.010196737644905732,0.014723610777967371,0.013033811586873946,0.010148873660181064,0.0,0.012624402680708599,0.01503394866676687,0.013180970882958432,0.0,0.0306539564509241,0.009743346559355272,0.010131658275640146,0.012575342942790781,0.012599927353513417,0.016162956339623686,0.015708959916351514,0.012369712846510379,0.01545849404486586,0.012169805079954688,0.016302214450285648,0.012865987063943892,0.014913555656434974
2025-10-29,0.012571736425452533,0.013067718383187467,0.013205156808834545,0.012588668315747793,0.014895913427771478,0.015637349073867834,0.014852852209699884,0.013722562892493718,0.014422455360054346,0.05050884018151061,0.051192273357834994,0.018809382482903238,0.066579950502582,0.16767940019399694,0.03467662681157595,0.04393735186231089,0.04259247019940908,0.012488297935813979,0.009044474581917115,0.0,0.0,0.015763204113994324,0.015697825360865142,0.0,0.01812295494144865,0.012247723433532145,0.009014643268024248,0.010012210506205996,0.014471524744909132,0.012809148667513079,0.010051883131783346,0.0,0.012430291017043392,0.014711689859864764,0.012948750994068779,0.03088753326777447,0.030155336954373547,0.00957591298085857,0.009966087938909645,0.012365108243921025,0.012394287627436343,0.01588827971484171,0.015403208741627187,0.012157623863804978,0.01519104691254717,0.011957409366832423,0.015996473004981616,0.012651785394185598,0.014654574941688047
2025-10-30,0.012593186354822433,0.0130899873820552,0.013227720395593527,0.012610072553880546,0.014912837859609585,0.01566299254537635,0.014871330125363921,0.013741748477908919,0.014442600539043426,0.05038535035453889,0.05104198875929431,0.018801612442647136,0.06626483077292254,0.16637048847859476,0.03463757556305719,0.04394310533314866,0.04261811819446176,0.012504927128490165,0.009053198371023002,0.0,0.0,0.015800206722151384,0.015731025538341263,0.013712858388484435,0.018106060713588612,0.012242113590213368,0.009028694920083555,0.010024758015933296,0.014477953596272268,0.012832064513516005,0.01006233436777841,0.0,0.0,0.01479933816875424,0.012968688308934545,0.030888252265842787,0.03017580953282756,0.009601580883022067,0.009983587054971611,0.012372380927001754,0.012398134239817653,0.015933562003767974,0.015389832683528825,0.012132828127350991,0.01524315208000546,0.011961741467449905,0.016003402707317406,0.012674784008197833,0.014681183543014566
2025-10-31,0.012570060512197903,0.013064795170442131,0.013202776450198128,0.012588772420516764,0.01491712086310941,0.015656033696297266,0.01487620629728551,0.013715418530472923,0.014450631137630503,0.050369127240444754,0.051017509472288065,0.01878469006768298,0.06633233603613489,0.1665204914807731,0.03453044876505813,0.04394011574473615,0.04261131226821813,0.012451675274993442,0.00901716863666634,0.0,0.0,0.015798213623369,0.01596865952061533,0.013708694253115989,0.01814775642043259,0.012261506125470898,0.0090168205647703,0.010024183840810257,0.014475775569242911,0.012829901170247132,0.010016031747584843,0.0,0.0,0.014805595813509242,0.012914727778682229,0.030848190529755622,0.030146562328719838,0.009611237322289244,0.009996254879272196,0.012376168794199775,0.012399026870706202,0.01595704835417785,0.015395790580581091,0.012130893889984371,0.01521987924881711,0.011960941788992858,0.016011017692595633,0.0126753491679645,0.014687082058946567
2025-11-03,0.012567742674844035,0.013062588897318766,0.013200585443968372,0.01258567288000836,0.014919763314793801,0.015656945387949144,0.014877351147509855,0.013715058702371533,0.014461670985978095,0.050364198851682446,0.051012773038043586,0.018778342848606275,0.06631709102369744,0.16650239164371627,0.03446724917047381,0.04393462105282637,0.04260600734553219,0.01245641680802655,0.009035300054566663,0.0,0.0,0.0157578432916177,0.015953534687545547,0.013716428885461674,0.01816835522433183,0.01226626875267978,0.009024892951926343,0.010038749398426316,0.01447604435868213,0.012828636602573232,0.009964036087839606,0.0,0.0,0.014918901492790456,0.012923919899672771,0.030825946701767713,0.030123711554155705,0.009610946817634072,0.010006793444704896,0.012386236901637841,0.012393447147849746,0.01598205878561406,0.015400944650227242,0.012133980407319155,0.015217996340223583,0.011984421939864529,0.0160015331551982,0.012670744132336745,0.014701855116005294
2025-11-04,0.012561438408653203,0.013056367087222917,0.013194130486750437,0.012578892669354845,0.014919687749047264,0.015659885805599467,0.01488183328528593,0.0137243327720484,0.014468705675832494,0.050324281610833646,0.050972851068130834,0.018766297993790627,0.06638234216200871,0.1667889192516726,0.03442290176974925,0.043853792010207365,0.04254657245835953,0.012450567679290724,0.00905039890544278,0.0,0.0,0.015776025356299583,0.015976493643521793,0.013711019999183467,0.018146142703253102,0.012256919939985626,0.0090360868893891,0.010032338799545064,0.0144667591800105,0.012816783736364691,0.009951917431499693,0.0,0.0,0.014911388341926759,0.01289613725680673,0.030818450306022486,0.030141819704124266,0.009614869382663373,0.009991394870724203,0.012377645014726893,0.01240466333542846,0.01599550280557676,0.0153900701093669,0.01213008177511711,0.015196117063378905,0.011974308869356652,0.015989956846707083,0.012680999510766167,0.014711908278973482
2025-11-05,0.012605297347161195,0.013107327548696172,0.013246608144026896,0.012615588322661955,0.014903860269060562,0.015613434840487434,0.01486384512438445,0.013659146313701976,0.014459273348965138,0.05033302142307172,0.05098085511288721,0.01876786221505334,0.06638225355141429,0.16680274463423841,0.034441200330022285,0.043925772730614404,0.04258095780745227,0.012440835493221137,0.009084807872467926,0.0,0.0,0.015721447374743337,0.015974617307567558,0.013773331588597783,0.01815834146189341,0.012286929659114992,0.009058632537818115,0.01002677498082758,0.01448196526273326,0.01281836662376083,0.009949834450587594,0.0,0.0,0.014934765380193926,0.012903756031217234,0.03080072168384122,0.03010798985386629,0.009585527767369673,0.010000328857036896,0.012367547218569369,0.012380155450430927,0.016002269133098653,0.01534819012990859,0.012105302627474307,0.015120646461374202,0.011927310113806586,0.015967536126282208,0.012670248090433317,0.014712771397863351
2025-11-06,0.012603232186214064,0.013105741956600353,0.013245109592428413,0.012612752109019363,0.014893788067123038,0.015599138992862058,0.014852516292256073,0.013642798374755405,0.01444097942335606,0.05041813221659633,0.051051543457119763,0.018807779548872246,0.06636534899525573,0.1665501484531109,0.0345092777827549,0.04391303196978905,0.04257126834988312,0.012427119141248564,0.009066038358140004,0.0,0.0,0.015718020425711982,0.016007538804487336,0.013796543063665451,0.018153029582093756,0.012284186188454196,0.009058562601986597,0.010027576491173642,0.014483697230433848,0.01281379622515492,0.009956419475196867,0.0,0.0,0.015077420758228632,0.012898893047494323,0.030833162044310657,0.030159954843885,0.009585360704290917,0.009998575754800308,0.012365315244877348,0.012366876120463699,0.01597711599120559,0.015315608891119081,0.012091387060991601,0.015102375429476424,0.011928328663554163,0.015963799228637533,0.012658963428786618,0.014701747432134015
2025-11-07,0.012585407284790101,0.013084807776664289,0.013224620224001256,0.012592115162398441,0.014893585455075764,0.01559663542334668,0.014852990245554594,0.013635192034176652,0.014436739896761393,0.05046690127209923,0.051068720457103416,0.01889917087697725,0.06631894826860303,0.16629931635378503,0.034605009340957164,0.043965242257350115,0.042610573936834,0.012428457680979915,0.009067029243848168,0.0,0.0,0.015727007536828104,0.016105523112695187,0.013820211381814274,0.01815282329600312,0.01229458847390427,0.009032928473482624,0.01004697012534098,0.014496906010269142,0.012813225836096854,0.009913569581155841,0.0,0.0,0.015118154033814698,0.012887401214087867,0.030805429703519988,0.03014601989097689,0.009568180638078691,0.010066315603451219,0.012367690291800149,0.012356132732987385,0.015980425975769683,0.015289016705813886,0.012084042557020678,0.015073213653761722,0.011917234238696332,0.01595598096492954,0.012651562131594721,0.014697982644799844
2025-11-10,0.012595285491135026,0.013096817535705355,0.013237053146304273,0.012604133394599334,0.014899940817122826,0.015614206519178074,0.014859856893231913,0.013653603083772068,0.014434567850184791,0.05046429332678362,0.05107129985591224,0.018894745053716914,0.06627391635328005,0.16618792579672195,0.034627046010042725,0.043966910005580215,0.04260268875661198,0.012414108772629235,0.009056403156001149,0.0,0.0,0.015756454045901938,0.016101768008062282,0.013793748938904449,0.018159999526690077,0.012288724681787195,0.009033684365313084,0.010024730981534861,0.01449675331251427,0.012843753819191733,0.009927662701066394,0.0,0.0,0.015113386127308993,0.012892073108319359,0.03081813573122373,0.03015976182263684,0.009568399775472754,0.0100605400388444,0.012386665913735169,0.01236945010276502,0.015967056522146448,0.015295767896711806,0.012105748686163325,0.01506452064593063,0.011911766519374268,0.015964766738379873,0.012650064419868243,0.01468981375163866
2025-11-11,0.012407954348912568,0.012907097071551337,0.013047462455513852,0.012447834115787955,0.014641402741651077,0.01531920633298182,0.014607244202172761,0.013366243226937191,0.014262940040051252,0.05016549297082265,0.050859896505128836,0.018952599896760944,0.06557899657638674,0.16361159521035962,0.034339912705345796,0.043057845008186005,0.041734035618338584,0.012229029270388214,0.008908382574157407,0.0,0.0,0.01581014457084003,0.015791568535015527,0.013621594538852477,0.018001870606363733,0.012632584913558922,0.008866057001153407,0.009938304148885392,0.014199110065572618,0.012851573829771083,0.009799405025735921,0.0,0.012130354357579157,0.014851915565110285,0.01272276866575826,0.030849866019158418,0.03028178372135167,0.009374204887770828,0.009856659846379168,0.01214431419296355,0.012246140604080538,0.015648232255001362,0.014938843735969407,0.011848491663326133,0.014730113509833494,0.01172542365844071,0.015671245652759312,0.01251808732112532,0.014504170236208586
2025-11-12,0.01235787986692005,0.01285601762552065,0.012995812540904135,0.012395973866422693,0.014624039354521372,0.01532442062869551,0.014582610937137053,0.013395959749624212,0.014221015244993616,0.050437695376404856,0.05114000266401437,0.018942417553091076,0.06572542492421136,0.16355415229480935,0.034602941962954485,0.04296182869081296,0.04162930048182825,0.012203448971455972,0.00888664608016575,0.0,0.0,0.016226336013901457,0.01573788716708291,0.013562133219375402,0.01800006483762278,0.012618455557573117,0.008835302281399502,0.009879944731812695,0.014017940884753069,0.012799375056146147,0.009765470127417587,0.0,0.012059364458583237,0.014783061475980365,0.012680773520827181,0.030868113313018863,0.03031379735297221,0.009370669987591987,0.009770656134959858,0.012096955688643732,0.01226375700144076,0.015587249467510647,0.014916729373771264,0.011909639405118971,0.0147092084565846,0.011740771259043709,0.01568989208761585,0.012496689018474963,0.014462173306289294
2025-11-13,0.012335890682625247,0.012833398924270866,0.01297306194415604,0.012374397745504697,0.01464549294097019,0.015388707277772182,0.014605957394586902,0.013508693249690614,0.014249577306051201,0.05035905545233863,0.05106788718867728,0.0189973672203734,0.06560116378963818,0.1634400129374635,0.03456724241701511,0.04285520727801553,0.04152659931173183,0.012158899638751178,0.008815781743474114,0.0,0.0,0.01643460640560963,0.015745272313199714,0.013571457903151223,0.018037552985017087,0.01259486077043742,0.008818011816364057,0.009847541743343048,0.013955477610922128,0.012793411172138322,0.009756947479730837,0.0,0.012040041171090202,0.014849618100765924,0.012653981989669947,0.03092599489486135,0.030384835723000353,0.009363442587560271,0.009777768299767417,0.012079309953931626,0.01227963188308548,0.015657758971754036,0.01488117350806291,0.011946227501732222,0.014839654209624043,0.011745091288409313,0.015700051712052916,0.012524454912380596,0.014491428649231164
2025-11-14,0.012450201108320192,0.012950042077302574,0.013089907429113444,0.012483232529276984,0.014801195820549997,0.015548374815878875,0.014762211321054597,0.013668288466512362,0.014422637288366397,0.050976246175627446,0.05167785156143474,0.01922162295104297,0.06651944873863132,0.16568397281718925,0.03494339011700401,0.043303343153389746,0.041941893000543164,0.012406471508153492,0.008930486377159512,0.0,0.0,0.01669438663482727,0.016035398958572835,0.013723337279497122,0.018228575445459184,0.012763803524007421,0.008896726612396906,0.009979753689454404,0.014148570841459795,0.012925908829469427,0.009864817936276447,0.0,0.0,0.014987421181072954,0.012785854916585413,0.03140104847937064,0.03083342354365812,0.009488014127613575,0.009901385025906923,0.012196315061993925,0.012422168783381286,0.015819155238965463,0.014937571625087846,0.012016146519917543,0.015038604115668987,0.01189889735215738,0.015883937926158637,0.012680505546077485,0.014667453548411716
2025-11-17,0.012405081676910448,0.012903214550960473,0.013042523787796134,0.012439065626834932,0.014843849647360643,0.01558556493143111,0.014806747549369758,0.013703525342039976,0.01445909275233665,0.05117204824867594,0.05191037571671379,0.019266144598868887,0.06652744704731525,0.16557221422485777,0.035091731033603565,0.04326527634118631,0.041946105231004206,0.0123134619285764,0.008832102932487616,0.0,0.0,0.016707920759674626,0.01598525982602207,0.013712151145430406,0.01828975246426717,0.012698551161954941,0.008861771040665295,0.009920497072012705,0.014133840163356537,0.01289153944857488,0.009840534561201876,0.0,0.0,0.014972231694785296,0.012733548900823432,0.03132740490778981,0.030784457786649348,0.009444610448700994,0.009862037031195403,0.01217523931243954,0.012432828092613804,0.01587252596308436,0.014895170141973993,0.012012210968060572,0.015024141107910857,0.011946049314495994,0.015974654217424146,0.012701310099734827,0.014714189200827106
2025-11-18,0.012698508617970544,0.01320689458771494,0.013349030217372519,0.012729750649552554,0.015171374828075852,0.015927700064963902,0.015134536658295488,0.014020953651273765,0.014790444578509794,0.052452120278207094,0.05321080592125937,0.019802089844051723,0.06821100825248032,0.170311001544222,0.03602879719333086,0.044320125551963095,0.04296823533664462,0.012615202400942771,0.00906344054550694,0.0,0.0,0.01710682360373131,0.016387947804095207,0.014046051150538969,0.0187545791110882,0.012948940422712676,0.009067499254592708,0.01014443315613127,0.014488510478777977,0.013194593937302703,0.010083841418392442,0.0,0.0,0.015327460849740146,0.013050766097836992,0.03218149146153876,0.03161864056309503,0.009606827279656185,0.010097757197607615,0.012445649973305953,0.0,0.016243370229744657,0.015231334934786865,0.0,0.015397842697380605,0.012221761508956238,0.016325992371955245,0.012973937393795659,0.01504192638089823
2025-11-19,0.01286246325873784,0.013377852673200755,0.013521169169593693,0.012901007095703122,0.015324209844543954,0.01611000291847101,0.01528174863017528,0.014209496945794601,0.014955994687247572,0.05315497820500122,0.05391957857558617,0.020086132762751504,0.06915074294657435,0.1736400202036416,0.03650993901607961,0.04495266212276715,0.04357254802710948,0.012781841152101932,0.009177424555682072,0.0,0.0,0.017334477545424276,0.01658480351542182,0.0,0.01899076256594205,0.013122399792431478,0.009171482972292684,0.01027547585614372,0.014738545026897244,0.013422605796025888,0.01020628815807376,0.0,0.0,0.015530834014887952,0.013220706303405928,0.032652345240697885,0.03208726156611855,0.009737453031715594,0.010233958991387316,0.012539444727318223,0.0,0.016444718050575662,0.015433334133128553,0.0,0.015589514469016906,0.012373828394889642,0.016486279934164037,0.01312373113712811,0.015209935986149902
2025-11-20,0.013056160098182296,0.013581297209315201,0.01372876815883524,0.01309530925426634,0.015522352929888357,0.016316629198448014,0.015479081809347995,0.014387066774525009,0.015146605284483507,0.05383583249614656,0.054605319518036585,0.020345660078014638,0.07005798035689091,0.17616514564293817,0.036977973956946776,0.04552973685981136,0.04413316250902914,0.012947927697962776,0.00930051265886483,0.0,0.0,0.017670212657847118,0.0167688815805924,0.0,0.01921392988689064,0.0,0.009328009508218065,0.010392680456741191,0.015019053369867842,0.01359949867443823,0.010343839521731424,0.0,0.0,0.015767113781228418,0.01346278022235326,0.03295830569316176,0.03235569661983103,0.009863444777081988,0.010362142432648854,0.012704684003728818,0.0,0.016608582420318516,0.015657208517390102,0.0,0.015784038092247415,0.012532246287295925,0.016696536908837684,0.01329334889812943,0.01540524319748575
2025-11-21,0.012672515857769271,0.013178709307851543,0.013321535704571062,0.012706809636900416,0.015060237386620915,0.01583160735381257,0.015017139962847524,0.013983422017430778,0.014695703619975483,0.052411775688693374,0.0531539629676461,0.01980206616570096,0.06819268025638231,0.1714672221070075,0.0360083981983758,0.044342587254679676,0.04298102363036046,0.012654157161033252,0.009083813493536801,0.0,0.0,0.01716832738998613,0.016473414540557674,0.014044487289593906,0.018672490790626786,0.012928809087564027,0.009019513185813791,0.010122871079268287,0.014612934680900417,0.013186341851871,0.010058599699602622,0.0,0.0,0.01536160266911354,0.01309850742420827,0.03215446403001061,0.031625463843443155,0.009590843525851392,0.010058874618907037,0.012336311113263556,0.0,0.016165681623100434,0.015193430699135094,0.0,0.015341381691158536,0.012171919574562429,0.016199076445125464,0.012902863514893151,0.01494642186024655
2025-11-24,0.012678574328257608,0.0131838236211817,0.013326475379163835,0.012708412150809135,0.015026364396435949,0.015828096347390432,0.014982585928901318,0.014004847558168526,0.01467439476491718,0.052453552341401546,0.0532057230629477,0.01984221342267534,0.06822111731911423,0.1713255175958801,0.03603536445767648,0.044352424003707216,0.04300997723531395,0.012679850595152265,0.009088289961345742,0.0,0.0,0.017240705998241623,0.01648385154672231,0.014011746592343935,0.018643353338391826,0.012936422855642372,0.00903581861126335,0.01013814456083672,0.014535695759463039,0.013180724954566143,0.010042961226055084,0.0,0.0,0.01539462072659745,0.013072696625301704,0.03220200920805754,0.031670642094559644,0.009613289759366227,0.010075356704303373,0.012291695565529935,0.0,0.016102174699157028,0.015197592950913795,0.0,0.015364353692515985,0.012168390075011706,0.016133004486383343,0.012917500095357236,0.014919643402978525
2025-11-25,0.012192247629057545,0.012675183288757283,0.012811007070229516,0.01221957527350154,0.014492911087228477,0.015260593875166971,0.014448753232856272,0.013484058157309822,0.014148461631416032,0.05055783690875653,0.051293831671543125,0.019118944486417756,0.06581601771260029,0.16536597714320755,0.03471955618785108,0.04272298940223559,0.041430276114018345,0.012196189135271845,0.00873406668747947,0.0,0.0,0.01662663424123481,0.01588555879049398,0.013508094811122136,0.017991037837370265,0.012471755453642727,0.008681758577738822,0.009782298270302239,0.014042167458272034,0.012707411983740426,0.009671313495467014,0.0,0.011939995254048345,0.014809460498451735,0.012594786244447133,0.03111396688416851,0.030568174044038072,0.009269307984252746,0.009714963185165513,0.011855952567798497,0.01216611422200586,0.015519068329126525,0.014618586948478018,0.01182140981302608,0.014804188466566722,0.011745258360633391,0.015559346863184607,0.012459199388535003,0.014383713331783591
2025-11-26,0.012192240324761312,0.01267405167205628,0.01280984480910196,0.012218448428918673,0.014473352275269458,0.015249880853169003,0.014427061724951031,0.013494300107606263,0.014095745142918524,0.05058118207809894,0.05129086726443215,0.019129635200866208,0.06583257577560554,0.16549949685005452,0.034729786906129836,0.04268467190187316,0.04137835348404324,0.012210858450938786,0.008741223600856732,0.0,0.0,0.016637160051988915,0.015902482489281992,0.013511007141000732,0.017965749227903158,0.012481373473691236,0.008692616805304478,0.00979155448565987,0.01394875964028999,0.012715186584500195,0.009643781408847767,0.0,0.011937544750095716,0.014895824520015007,0.012585748135617822,0.031145915561117076,0.0306209532959821,0.00927492391685186,0.009722064357239704,0.01186462432674657,0.012130489394552819,0.01547966568750382,0.014680093038314027,0.01183690583851247,0.01481329569117617,0.011730249213742577,0.015516924654440413,0.012431667725947062,0.014329861732024714
2025-11-28,0.012192499933856744,0.012674074968093222,0.012809761891759376,0.012220725639791962,0.014459083302300061,0.015236370082975771,0.014409607078729533,0.013492319553668584,0.014087903511973724,0.050586930784683515,0.05130688800483464,0.019127443886477854,0.06586395024519774,0.16557452244026052,0.034711976587324,0.042702860857862776,0.04138815580515395,0.0122298441868178,0.008685079190319753,0.0,0.0,0.016594143308542534,0.01587207299420914,0.013525131980123669,0.01796465067906632,0.012497462142400382,0.008689734170889547,0.009791389072448227,0.013953343936781396,0.012748558325187035,0.009660183572385097,0.0,0.011924951436427864,0.014865775252167751,0.012592852590076203,0.03121666596072305,0.030664651486785315,0.009272630899281443,0.009702180105841072,0.011841080441608141,0.012124946883360776,0.015463073689229685,0.014643819757668137,0.011834951230126262,0.014810532914189115,0.011730688140678009,0.01552122494687441,0.01241741054981711,0.014315895581030854
2025-12-01,0.012128361643077032,0.012606580349216424,0.012741798102950948,0.012157863880775218,0.014385677263426565,0.015157274229134267,0.014339744083099187,0.013424045366886659,0.01401481318133043,0.05117644527333623,0.05197256102439329,0.019429803078786324,0.0662819237809449,0.16593722107764083,0.035070335714146,0.04256811195675449,0.04126299522295462,0.012308056687372854,0.008525784798244335,0.0,0.0,0.016502105725246786,0.01580776495070666,0.013496203999501423,0.01789112018594065,0.012432743574797555,0.008642513035594919,0.009759482017517022,0.013891318772100323,0.0126848913463682,0.009616181191493234,0.0,0.011875509057676096,0.014778861881663148,0.012523132322669361,0.03118164934202828,0.030574977586808556,0.009216312192441711,0.009653929569698301,0.011784009294350079,0.012068338458652315,0.015387165661217693,0.014555806354120172,0.011774920200132185,0.014721304677124113,0.011667106294654051,0.015424261956517023,0.01235411563086616,0.014244878005643205
2025-12-02,0.012145336504302051,0.012625100621725383,0.012760151867673477,0.012172546658478063,0.014407580404819941,0.015183708874297331,0.0143636822446351,0.01344901935707702,0.014038222364946545,0.05104468654841418,0.051888258492249754,0.019367925656392185,0.06614535143044328,0.16575320727217818,0.03503276684055769,0.0426333883696221,0.04132873686435488,0.012324891683489091,0.008510480262013499,0.0,0.0,0.016528837205966932,0.015829499572878238,0.013491571179846123,0.01786526928287483,0.012439282918944488,0.00865619857643891,0.009766604122907366,0.01386206499797692,0.012663444245786581,0.009631195508463442,0.0,0.011900292885499623,0.014706892722000247,0.012537975927472893,0.031232800978999282,0.030620188742784393,0.009234974129515459,0.009663850211680642,0.011800198503283689,0.012073664804646429,0.01540777852647885,0.014561724236780229,0.011815103306417753,0.01474084619106526,0.01170973757284103,0.015435466532122669,0.01238151707825241,0.01426797772040541
2025-12-03,0.012133674798003351,0.012613428150892638,0.012748373484889653,0.012160780844021295,0.014395327938235301,0.015170342690745527,0.014351319785441272,0.013433954678606128,0.01403236770316212,0.05104804372821962,0.051901336446501634,0.019376466668257538,0.06620039291302833,0.16557010076506437,0.03503705479377303,0.04261942702678493,0.04131475729484313,0.01229969224301845,0.008509431679232994,0.0,0.0,0.01650218258461061,0.015815790238460362,0.013483285869297907,0.017923877022671383,0.012425670875381297,0.008653700571142259,0.009742102027873657,0.013843069526856145,0.01263985947031084,0.009622622971394995,0.0,0.011875128772864145,0.014674782021943718,0.012522947944235604,0.03139507323652995,0.03085493657729519,0.009240419548104319,0.009742047171937206,0.011788662729868882,0.012052763826295656,0.015423180004997322,0.01455014756620324,0.011809874635788007,0.014719991754624242,0.011733670687729575,0.015424914626464531,0.012362222674936993,0.014260801429460639
2025-12-04,0.012123012439841133,0.012601082294379642,0.012735778994150626,0.012147985270400891,0.014424599413975784,0.015177431709137589,0.014369357505513282,0.013418172384114099,0.01403211470306729,0.05111764602350575,0.05196834060683226,0.019416757033655457,0.06620960163795368,0.1657262654685935,0.03511500732015241,0.04258693980133464,0.04128051433569187,0.012291293887953168,0.008509799126236495,0.0,0.0,0.016397861026576838,0.01579064525842837,0.013469886420643002,0.017907431554034157,0.01238224069933675,0.008647271697618628,0.009703869000519658,0.013824216204616789,0.012615223593274867,0.00961047896874836,0.0,0.011857662767948501,0.014653948543054008,0.012511495723373492,0.031299813515407476,0.030775402208649615,0.009233234193255105,0.009842436217629234,0.011871350731364796,0.012079193322166422,0.015385764448211122,0.014546496740544401,0.011794202755527481,0.014728956210137749,0.011715933799358239,0.01547432679431171,0.012375009746691215,0.014253947902082289
2025-12-05,0.01207444673050285,0.012551136743513068,0.01268540256947367,0.012099225961729302,0.014366031401979142,0.01511624063598876,0.014311603512593148,0.013365594401257508,0.013975253802393823,0.050832743158062924,0.051707241633632314,0.01932382151850806,0.06585081441813616,0.16475149907742762,0.034965266622880055,0.04241707317725867,0.041118017967060445,0.012260115021672742,0.00843825237482969,0.0,0.0041628331430947916,0.016331748653735382,0.015745881153481755,0.013459651383662903,0.01783687681301429,0.012349479446613033,0.008616145300199676,0.009672645219624344,0.013755049163522466,0.01257116938576304,0.009575960836742446,0.0,0.011805175425703567,0.014727344855310359,0.012466524260358389,0.031261190386608975,0.030761321368331908,0.009217278278177303,0.009800504447853502,0.01182348853519719,0.012032681274872073,0.015324960500543253,0.01446344276849018,0.01174281659100057,0.014673732065650738,0.01167901902333512,0.015414629418685493,0.012324969315214856,0.014193700256312454
2025-12-08,0.012274032303975732,0.01275861240808413,0.012895091415304458,0.012299425654075526,0.014609095903667602,0.015369388279939179,0.014554247260796559,0.013577979929168147,0.014207685904066538,0.05170765551516848,0.052617380479149045,0.01967818246797254,0.06690570766613257,0.1673577777331563,0.0355926911980934,0.04311910199877261,0.04179806314898387,0.012460762269788454,0.00856765533272664,0.0,0.0,0.016570398624646165,0.016037620689726962,0.013687689271949487,0.018124912630816944,0.012564330139876869,0.008756840928680764,0.009831252169467255,0.013979549524884977,0.01278554752599229,0.009732464665817484,0.0,0.0,0.014966978248729678,0.012661720607194267,0.03177605877088243,0.031269465150826285,0.009360171896942432,0.009627978170640478,0.01204644504503296,0.012228452378451339,0.01557134205947171,0.014703029275537577,0.011937944519159669,0.014918872765203485,0.011873031498559741,0.015674097313563715,0.012533951322282053,0.014429317936640939
2025-12-09,0.01227174511333516,0.012756431281538508,0.012893267969536678,0.012298317924852144,0.014599217141515417,0.015360145989907599,0.014543786132787551,0.013570404953068207,0.014200564253936421,0.05175707693333787,0.05268921011249643,0.019739449240603415,0.0668947393290295,0.1675493147549642,0.03564014041512242,0.04307896297100823,0.041765429138403844,0.012452295717189888,0.008563350712029159,0.0,0.0,0.016570463313927763,0.015984467936533613,0.013670675217638182,0.018102632621469845,0.012559069199171812,0.008768315643835747,0.009865499387775754,0.013938887752797327,0.012782371163471291,0.009717063675480687,0.0,0.0,0.014905962854904434,0.012645218103286617,0.03175659720678815,0.031246127099330546,0.009363204414309241,0.009621701556759097,0.012040344732054183,0.012244088707770474,0.01555936965658689,0.014683049712677603,0.011936347439944237,0.014905637336283292,0.011886194902769466,0.015664697574832503,0.012534034179990864,0.014424128524947797
2025-12-10,0.01212827094326493,0.012607314570757469,0.012742618385004763,0.012155445565559513,0.014430655426201424,0.015186759711958913,0.014376102560559175,0.013416382493937512,0.01404550593992142,0.051136006421920725,0.05206203295609848,0.019510008699895314,0.06607245474925778,0.165421133848605,0.03521480746330711,0.0425695623867913,0.04126485017253619,0.012318755778083671,0.008361638773058783,0.0,0.0,0.01625254757461501,0.015795765763788293,0.013508478172997088,0.01788766097622742,0.012410090854351904,0.008667421166172144,0.00974800616461197,0.01378264795728305,0.012649866685517252,0.009607923854811823,0.0,0.011865107505603992,0.014733176445991637,0.012498435670903576,0.0314541152195163,0.030998505945742046,0.009253316761170107,0.009527009419981443,0.011900093294080157,0.012119899812342107,0.01537873384635908,0.01452174550928801,0.011794541291911478,0.014726689408327137,0.011745929831838605,0.01547960265420248,0.012406935873515632,0.014265445492130942
2025-12-11,0.012138866382988287,0.012618262701734146,0.012753559758156579,0.012164839251027766,0.014422938115779733,0.015179196343697843,0.014368096511723544,0.013413795071452033,0.014030853860246637,0.05117835436450515,0.05211433546240637,0.01952728244950357,0.06612547024000767,0.1649829507780928,0.035202714741916316,0.042573869424578116,0.04126831376428924,0.012334569793206263,0.008372988422262027,0.0,0.0,0.016299287725070288,0.015828603568186536,0.013523843173981516,0.017877856145893007,0.01240594382958149,0.0086785372492486,0.00977655201606237,0.013762427165744079,0.01261229183388966,0.009638254506845946,0.0,0.011826622380699784,0.014798969627504235,0.012522848314958904,0.0314403855051816,0.031004635087520473,0.009251232101098404,0.009587349658891518,0.011909787690400795,0.012124656286084924,0.015365375513165351,0.01453494691427398,0.011826035584924866,0.01474893000378873,0.011751489798962197,0.015474320147137503,0.012409875730573266,0.014247685002756196
2025-12-12,0.012136641281145869,0.012616301951311311,0.01275177415190051,0.012164288389303295,0.01441122334603519,0.015175772499468193,0.0143539559405346,0.0134802131086414,0.014013943808937945,0.05126340926792102,0.05220967790082133,0.01957006778632696,0.06617314290267293,0.16500478022876078,0.03520058462378502,0.042564045089614,0.0412618418228992,0.012325088085749858,0.008363718665755682,0.0,0.0,0.016254044740982087,0.015848009038110906,0.013513566182434137,0.017870646249088497,0.012379723300250531,0.00867462486694434,0.009769108013094064,0.013737003916533857,0.012602095134876689,0.009632578089535371,0.0,0.011763026065086389,0.014825817585709033,0.01259870438618745,0.03139756347609027,0.03096790912281552,0.009231927618365427,0.009579393194990854,0.011915335357966458,0.012110253666845067,0.015357322953485473,0.014525353421097887,0.011840532950756174,0.014742863126623554,0.011738271191109774,0.015466447843109743,0.012388799737030925,0.014228607919294438
2025-12-15,0.011917131202239164,0.012386519998600864,0.012518697644853898,0.011942675985613636,0.014182586016275504,0.014947387542967865,0.014130890456413294,0.01328416282484294,0.013788674827669671,0.05030851134422207,0.051229277368367,0.019199402886462522,0.06508532929403199,0.16229768647885826,0.03448098122844977,0.04182666627636322,0.04054356039909107,0.012138562399404775,0.008182179482072989,0.0,0.0,0.015932941495496254,0.015560275092735719,0.013333596493975504,0.017697709826458786,0.012173939935054239,0.008492683722692594,0.009602651539145763,0.013511627839054156,0.012386071061184882,0.00947138718432427,0.016871760644573054,0.01158257788711265,0.014588228329290609,0.012426604828020153,0.03088537128901459,0.030476785023142265,0.009047197123614339,0.009426271157259835,0.011721304356281385,0.011905967609156978,0.015104499027949686,0.014285164286515939,0.011683261547493162,0.014496897875738567,0.011540259514114292,0.015221959483596366,0.012185793751516358,0.013996328418686869
2025-12-16,0.012122807957337702,0.01260087491050305,0.0127352147172266,0.012149322898818144,0.014419205483177279,0.015202581983317184,0.014366661703019541,0.013504061164824714,0.01401540200204948,0.051213780072350085,0.05213962484063564,0.019577067100086044,0.06622701240701444,0.16500465981654622,0.03508350113085494,0.04252265668661417,0.04121504304922745,0.01235012596279597,0.00826393447971576,0.0,0.0,0.016215344275043158,0.015862796493479984,0.01355463669621503,0.017994066347633553,0.012376970657730324,0.008638179633518933,0.009758317553409638,0.013744271737241645,0.012593600587244819,0.009647192384074027,0.0,0.011777230242196514,0.014823558422434232,0.012677209296541384,0.0314307597807265,0.03100945602639517,0.009202757427993294,0.009631762483886034,0.011929207653585754,0.0121030516953727,0.015333434987059429,0.014526074619923893,0.01187565882699214,0.014759652329961676,0.011732288257056227,0.01548458431992552,0.012387522018977148,0.014216876879266753
2025-12-17,0.01190706572476501,0.01237715676770249,0.012508868969575138,0.011933945437407235,0.014178005872465932,0.014945485840121835,0.014123263926429519,0.013256200718630177,0.013782537632954204,0.050468137163611475,0.051377402177359456,0.01930035207231271,0.06508560765540797,0.16216777369352905,0.034562073113766974,0.04181463220828767,0.040523123069838435,0.012171405257101997,0.008160134710053918,0.0,0.0,0.015940511523154507,0.015545389304433744,0.013298538498960979,0.01768615356475023,0.012149493053464468,0.008484333795622849,0.009512339425885016,0.013471046828491345,0.012367135495228698,0.009478390851995037,0.0168594343387863,0.011570371554509183,0.014549624336273301,0.012448336509136924,0.030892080296749173,0.03048438738286522,0.009039673349079727,0.00945837144689648,0.011707193333788325,0.011888493847049004,0.015088797547363518,0.0143109402654156,0.011697780631782272,0.01450235984410917,0.011535186260490427,0.01524669881383052,0.012169861512724972,0.013973904375841888
2025-12-18,0.012083676904209584,0.012559309830958038,0.01269219163151003,0.01211136161836431,0.014397661428952489,0.01517904017883805,0.014339611716919751,0.013461774134559533,0.01399994009643578,0.05149356368621342,0.052450463880019206,0.01969069007617439,0.0663443273514432,0.16503832759882323,0.035258727687596046,0.042560644377152825,0.041253697671797845,0.012399133321330786,0.008231075472217358,0.0,0.0,0.01617857559814632,0.015756308894762112,0.01351786342264753,0.018010099844877614,0.012351144363885314,0.00859566307476648,0.00963405395554377,0.0136932913054592,0.012524680722838435,0.00962555785538532,0.0,0.011770854148800296,0.014776600165182735,0.012672114232174623,0.0313906360462659,0.03097923992704638,0.009172547756660814,0.00961414366096481,0.011893461658252155,0.012067155287459228,0.015337573599801835,0.014548484383481141,0.011880688010597657,0.0147176293299314,0.01171932934638852,0.015486153599191657,0.012349233229473441,0.014191697916499123
2025-12-19,0.01224854068144583,0.012730144539496948,0.012864307982336938,0.012276022205947331,0.014595530591335414,0.015383036696367643,0.014536682373461857,0.013636808490474947,0.014188103863351922,0.05216350755864109,0.05315416636024636,0.019959134019722817,0.06723472260737146,0.1672567247133869,0.035710817531269534,0.04313748011833125,0.04180764544269303,0.012571538931259117,0.00832964215695713,0.0,0.0,0.01643977256816185,0.01597106785470749,0.0,0.01825343459529141,0.012525464471281545,0.008709545972058912,0.009792110262054388,0.013921974270472712,0.01269515093698164,0.009757816060547599,0.0,0.011948854783338986,0.014981574781406564,0.012848079431651798,0.03183788717764677,0.031414226233882896,0.009291275381343805,0.009791293584597311,0.012066117458017686,0.012232973103082434,0.015553746482227026,0.014751685737398382,0.012037477034919763,0.014909503421438952,0.011884582589873632,0.015694415676864828,0.012523143037850633,0.014382270228803236
2025-12-22,0.01207906234382553,0.01255438766416404,0.012686007279934491,0.012107736079645921,0.014398694225312076,0.015178004428727753,0.014337916511819518,0.013442806908004324,0.014003305970044408,0.051440408984755125,0.05241456356598041,0.019689440579677673,0.06629654593431722,0.16499387361010762,0.0352086367973635,0.04260414215027743,0.04127967828956633,0.01241119165120214,0.00819221065116219,0.0,0.0,0.016209899727777463,0.015762175750146625,0.01352602678040479,0.01801404525279478,0.01236567377805626,0.008573181150108264,0.009667604494313793,0.013729867967868705,0.012533111526189643,0.009628221905256217,0.0,0.011793447305474184,0.014739701114336042,0.012690476593756892,0.03139056822856281,0.03097478101693271,0.00916053697866252,0.009680323556890327,0.01190295162561828,0.012082879376666933,0.01533044093222717,0.014555820789565636,0.011878534240207655,0.014696755428439361,0.011748644525192121,0.015500313406144583,0.012355400772406504,0.014190002150111796
2025-12-23,0.012076542162198552,0.012559077575047844,0.012693725449349514,0.012115527470119396,0.014394170854424055,0.015184787932722441,0.014339227155192133,0.013407344910724473,0.01397600219262838,0.05157835464905309,0.05263181871890455,0.019559522555748214,0.06640195381270021,0.1644948537113086,0.03541829267096931,0.04287512884833773,0.041509262331843946,0.012266649076172316,0.008141661804817343,0.0,0.0,0.016097557255726064,0.015553855726338552,0.013745158284100228,0.01812148424891082,0.012353478715002914,0.00853199837649466,0.009616744562183912,0.013604755587811405,0.012512592671725662,0.009676056621412072,0.0,0.01175493118179153,0.01472934726632713,0.012693580909588723,0.03135060882143261,0.030987665022103678,0.009084861463754798,0.009949813504049053,0.011862029864451624,0.012011521240411816,0.015317446748545183,0.014602665117638533,0.01189055525976382,0.014643100829985007,0.011690681756430779,0.015496804694218698,0.012327596706030257,0.014169203681508615
2025-12-24,0.012067895853951271,0.012550102034557732,0.012684279316030635,0.012108666121402085,0.014380746071556818,0.015169235646609795,0.014329773311536788,0.013396938564577939,0.013973952076309313,0.05165102628702633,0.05272365717159797,0.01970744439107496,0.06635302629403841,0.16454661818815022,0.03552929721133414,0.042864315025353844,0.04150464514090315,0.01223990285310019,0.008092614037072331,0.0,0.0,0.016054527904942422,0.015507030627486337,0.013795676188861867,0.01810427056951657,0.012347907679996484,0.008526322619453233,0.009615417008575353,0.013611198758676049,0.012506364060733518,0.009670821897586022,0.0,0.011766884657792055,0.014723338082206465,0.012683734297285807,0.03131891017956294,0.03096404678746713,0.00907973742697343,0.009935140467577078,0.011848046295636284,0.012008752822184419,0.015318829276719593,0.014598698566546305,0.01184760769032421,0.01463954314532954,0.011687769866013834,0.015477759702632944,0.012323288177303006,0.014164239646433038
2025-12-26,0.01207461515949559,0.01255509845745268,0.012690827099227663,0.012113440172247551,0.01437015862144397,0.015153825269824225,0.014319433504165285,0.013384999550522516,0.01396232408431328,0.051624791612299256,0.0527109795495375,0.019684624922550433,0.06630879440840293,0.1643150724648729,0.03549448230541165,0.04305646279520123,0.041679621841761515,0.012232022570935476,0.008090396487425693,0.0,0.0,0.016046408045598388,0.015502724932163885,0.013837892809193451,0.018165898232305536,0.012365749897623676,0.008528366501474078,0.009611705353245592,0.013625385264756108,0.012513719475341885,0.009660648811041865,0.0,0.011775699382639596,0.01477200892368566,0.012669951904303495,0.03134810645503318,0.030952953956789778,0.00907303099176649,0.00993162093589227,0.011837012047325752,0.011996097904150179,0.01530312804740192,0.014593838106415973,0.011836952558408553,0.014626276698614483,0.011675688789569873,0.015464491608578693,0.012310790358580601,0.014151881131007514
2025-12-29,0.012072893048752765,0.012556354289710569,0.012692092901885527,0.012111089285944905,0.014368832350651797,0.015151676635394793,0.014319832182920919,0.013375385794399982,0.013958449710548685,0.051742098743580385,0.052843909262796813,0.019727227576457933,0.06642086617425572,0.16438717072598424,0.03551822615127003,0.04309565366371527,0.041689812176132206,0.012219039907662432,0.007749180985026602,0.0,0.0,0.01588495777592946,0.015492731334277574,0.013834055237754158,0.018165386586589803,0.012358866056601914,0.008529246405276612,0.009607754041966777,0.013638528773762896,0.012506424967101104,0.009654485871378102,0.0,0.011765693913037665,0.014766340373290361,0.012666893045144496,0.03137136978121147,0.030939930677550444,0.009086270550169398,0.00996817290424444,0.011832317990109725,0.01199017879475345,0.015297605872897012,0.014589910803464995,0.011856644678332537,0.014615816267868266,0.011669869372987272,0.01545848760084047,0.012307491633452012,0.014144777122915866
2025-12-30,0.012092505259870738,0.012578735221298216,0.012711319698521122,0.012128990009097182,0.01437419025052188,0.015153538525284227,0.01432283729138196,0.013378835367509827,0.013961501304473278,0.051762582845763405,0.052864731274626445,0.01973801767632793,0.06643254492050038,0.16445793028048633,0.0355600224590393,0.04317292025034282,0.041741662651175945,0.0118927584237894,0.007521396456457201,0.0,0.0,0.015796963587681342,0.015476782432101432,0.013849064365411995,0.018183264377166605,0.012379077087794526,0.008536097011057002,0.009610379449525938,0.013646108219843661,0.012519003755228351,0.009692703145852816,0.0,0.011763684160780566,0.01477913408960557,0.012685620996579628,0.03140762435455916,0.030996485380823866,0.009089483545698688,0.009962615768628565,0.011837688602154365,0.011997502971733815,0.015300483859393333,0.014580082322913988,0.011853699974313266,0.01460875591416882,0.011685284256314297,0.015468241409652583,0.012303976047532686,0.014143172747015235
2025-12-31,0.012095158563619821,0.012581470947044442,0.012713950520511464,0.01213135676067469,0.014382112667890358,0.015157518609124775,0.014329982281090343,0.013385289372947414,0.013964780095458627,0.051772389263998304,0.052874342282028745,0.019738919426487755,0.06644480961820877,0.1645010178138408,0.03556174202711291,0.04321674732659591,0.04177674341135185,0.011898956888854511,0.007458868256300285,0.0,0.0,0.015616482374388585,0.015471570735049161,0.013853373082544763,0.018198229535563187,0.012381217142766463,0.008537391329098653,0.009608927328984074,0.013649702394185672,0.012519964577286661,0.0096950005444931,0.0,0.011767256071469003,0.014784736260883597,0.012688536900355839,0.03140388800149222,0.03099545791840181,0.00909709819971568,0.009930754566092726,0.011856750101185505,0.01199833277390299,0.015300955749933337,0.014584396504341878,0.011858197351468898,0.014605776467068506,0.011687603342482297,0.01547245500706339,0.01230439685251887,0.014145392754121222
2026-01-02,0.012108261291219955,0.012597701587780353,0.012728541719221326,0.012145052610762805,0.014380350502914004,0.015156296359460275,0.01432816309345094,0.013392096822321342,0.013967231414488118,0.05176624342623417,0.05284613993366959,0.019747263456133327,0.0663885560221941,0.16442100624497905,0.035570279512751504,0.043319889376578165,0.0418358175687452,0.011903446781478436,0.007294954394776125,0.0,0.0,0.015629579789988142,0.015427441426810387,0.013865683673382678,0.01819805191778255,0.012384501405226494,0.00854463951976059,0.009608783582358598,0.013651002691553636,0.012520922450579449,0.009715636781783653,0.0,0.011764368712705987,0.014778619377614821,0.012703756845752574,0.03141861034313852,0.031001673507460432,0.009099135808303335,0.009933861532544722,0.011864421207707296,0.012008260337890082,0.015300209264448627,0.014581082582100027,0.011868775898691801,0.01461640467417816,0.011693991277587976,0.015466993187055019,0.012305603847534078,0.01415069623690163
2026-01-05,0.012116854897514781,0.012606708022587123,0.012738873164867796,0.012151602933196242,0.014358437141408756,0.015101043098003602,0.01430322181964323,0.013241590025707007,0.013949553327039376,0.05186674247771152,0.05295184365033101,0.01976428906638462,0.06663522230190035,0.16483830090817228,0.03559099273372523,0.043275242594050196,0.04178586305671223,0.01189186241173691,0.007285157682231961,0.0,0.0,0.015617956533465682,0.015433049674717024,0.01385522299225428,0.01820196163800385,0.012386588447024123,0.00854470809919582,0.009563554921037186,0.013669076517037648,0.012471357885633314,0.009719065459744112,0.0,0.01173841081309607,0.014733373862803156,0.012700813581746961,0.03135694633712613,0.030960390249012978,0.00907510953122951,0.009909402911153135,0.011857275508473819,0.012005587143714922,0.015257988448817076,0.01456557289474672,0.011841667588244027,0.014573666383514965,0.01167778701729674,0.015437393346480435,0.012273767356324482,0.014118903545181498
2026-01-06,0.012128379156846959,0.012618791566814972,0.012751444773085218,0.01216107803821527,0.014345762520918019,0.015093207819276061,0.014292515026595648,0.013241920746229976,0.013952270005502386,0.051922890901732494,0.05302902366414045,0.019792968813636815,0.06666081055435863,0.16508886154173436,0.035639560964342246,0.04328957081653923,0.04180067766993602,0.011819828639758464,0.007220243710104886,0.0,0.0,0.015202304265927039,0.015347232603982299,0.013887871008546012,0.018202693345033286,0.012324422264070255,0.008559516889946363,0.009531366359400606,0.013682670556743607,0.012465484474156387,0.009714019829331642,0.0,0.011740854261964844,0.014711122552741972,0.012711213404446087,0.03144843337952516,0.031039507469017298,0.009084245385018617,0.009900185017677636,0.011804994561954631,0.012005534734119458,0.015261843327664861,0.014576525261867012,0.01185625606794635,0.014586160719064304,0.01168339100266476,0.015418219621284217,0.012277444915375609,0.014126679790761237
2026-01-07,0.012123173544758881,0.012612759695810246,0.012745763367356406,0.012153332798731164,0.01434577047846719,0.015091222043896858,0.0142952539504634,0.013233262385383885,0.013954638741062782,0.05190934750376409,0.053017000214712964,0.01978978071779724,0.06664676945362896,0.16513055041518132,0.03563181435428084,0.043311983969359535,0.04183609816189065,0.011825668448398406,0.007098908936503928,0.0,0.0,0.015128147177623003,0.015372778756853372,0.013892768396449403,0.01822298144324656,0.012320758722932144,0.008548852785925707,0.009481490467619254,0.013596618219788139,0.012438294213525962,0.009724441874414893,0.0,0.011704897141067292,0.014716961438617044,0.012707798818578144,0.031621133069025115,0.031173506600566253,0.009085109799815342,0.009896939657231997,0.01180289270847907,0.012015384722445201,0.015257767411117219,0.01457343097990785,0.011850099769231152,0.01458268926495335,0.011685337331626551,0.015419519305059056,0.012297313124368391,0.014128987618083684
2026-01-08,0.012147531122769877,0.012638433123496181,0.012775461174599524,0.012180180984137522,0.014350511958582165,0.015089659575959853,0.014296693050469727,0.01323501267905683,0.013956503832424354,0.05194474987776998,0.053060448259749454,0.0197831204455427,0.0667235928673301,0.16516788133956514,0.035673836281298534,0.043336343231312434,0.04186959058416879,0.011824642325448512,0.00704673658275894,0.0,0.0,0.01486551251168136,0.015358231932134099,0.01391461285476222,0.018250792460466226,0.012297573325451425,0.00856504020795384,0.009480865826478922,0.013601270853055613,0.012392634871192024,0.009760569448794453,0.0,0.011663118832056826,0.01457641058246453,0.012716339907896453,0.031648179668085676,0.031230240726727816,0.009104526977183636,0.009898441491128009,0.011807394349570505,0.012019862468384615,0.015206291214852152,0.01453790121021676,0.011862857964996698,0.014593795163759617,0.01169007486223621,0.015427099849448928,0.012300334349977527,0.014129096792603293
2026-01-09,0.011949942450758262,0.012434043831368322,0.012568205971090901,0.011981916987429191,0.014127987870173268,0.014852338588394071,0.014077190988872878,0.0130162393034394,0.013755802119573956,0.051050382853259024,0.0521460599147426,0.01945116951619927,0.06551821691708701,0.1623041581586655,0.03507537918215965,0.042631221270952556,0.04117768989826978,0.011628472032036536,0.006916283463439804,0.0,0.0,0.014600783404509942,0.015054482195954929,0.01370652312901925,0.017937725935695738,0.012092482508137223,0.008415235117348938,0.009253345055929783,0.01335190441520943,0.012181024861818539,0.009577821013484249,0.016559132780069707,0.011434560880209523,0.014370762259542213,0.012522591664521571,0.031212489633205012,0.030767754410736443,0.009010840006288549,0.009754026277686513,0.011611208655432711,0.011868591112399476,0.01495724525400632,0.014288328797742295,0.011667923879650571,0.014347626890669188,0.011504313305412859,0.015179867064564801,0.012192848264428935,0.013915859908413254
2026-01-12,0.011957590070626484,0.012443413565454269,0.012577751189991415,0.011989009734222225,0.014103381032483441,0.014839470841071397,0.014051040926290604,0.013017687626983684,0.013739544997387878,0.05114442081670038,0.052246393537438096,0.019498674154196465,0.06561103759670191,0.16230314670154322,0.035101741724384704,0.0426895381660776,0.04121384892109752,0.01161670846559152,0.006874457513136901,0.0,0.0,0.0145027965415306,0.015047513876248848,0.013717430078778537,0.01795290191862,0.012081493765732003,0.008424557448555884,0.00925194102660639,0.013337574966654686,0.01215426976383843,0.009591324911841033,0.016507856642474113,0.011392600416724952,0.014322800849750744,0.012536882413730917,0.031213789024260495,0.030788102126114176,0.009015432844415474,0.009759644905241716,0.011545151448531243,0.011860233493662463,0.014941967326613617,0.014289403641218912,0.011658650282942407,0.014333977601997575,0.011507012310117044,0.015187903081746957,0.012163254935398717,0.013894674775272125
2026-01-13,0.011869500256486192,0.012351647057389671,0.012485049979947866,0.011900532733134437,0.013997433030900787,0.014714560439912337,0.013943545942610472,0.012897225465405343,0.013639178326771518,0.050768239719912796,0.05184980028790561,0.01934851775864774,0.06513398315496378,0.16116188571920284,0.034840037690559066,0.04238121146663946,0.04091221267693446,0.011492955423180585,0.00670782213484585,0.007428211426715601,0.0,0.014359724607900195,0.014891165296234191,0.013617450440200565,0.017895335915976685,0.011981638382063236,0.008362012716832977,0.009179632373457267,0.013243940860756507,0.01205871273657256,0.009521093524582582,0.01633251705121204,0.011308838221730792,0.014217233237661811,0.012450196138579896,0.031019181463693504,0.030628098245219976,0.008953678908968789,0.009704799704966351,0.01145539082759084,0.0117630806015233,0.014837529737432253,0.014175025898197486,0.011570224252677381,0.014239220688351682,0.011449253237289694,0.015096682827282602,0.012074010521976436,0.013790780889001675
2026-01-14,0.011838904834474012,0.012321545792186394,0.01245697261466765,0.011868727245002464,0.013970467027971292,0.01470906525783657,0.013918327200868648,0.012874149630441659,0.01358716975108516,0.05090158216144596,0.051939216483749016,0.019265273049296972,0.06555943444475328,0.16185616103521566,0.0347711683565086,0.042351897703732044,0.040895486175146406,0.011430690930504724,0.006663268463517436,0.007431896650760569,0.0,0.014290173572519719,0.015008704670667847,0.013678728077322426,0.01793147702925422,0.011946731784130516,0.008341046848040832,0.00911233672989762,0.013169140174097092,0.012009038645651154,0.009472736971988477,0.01626168428651418,0.011256533322739494,0.014134876640947053,0.012414359941585577,0.03089188795123341,0.030494259288180156,0.00894481193661453,0.009645064552380888,0.011490598807113448,0.011707960596738887,0.014819638111207114,0.014204929687596657,0.01158027950034152,0.014357858171896836,0.011409035567532895,0.015071641896337898,0.012016640027835873,0.013726420400469133
2026-01-15,0.011921627839838769,0.012407307977660818,0.012543534322425004,0.01195336400684204,0.014075056201332191,0.014823694485424652,0.014023130875749884,0.012982654521986913,0.013696138914867208,0.05128312856850472,0.052309534335656944,0.019387810588935697,0.06607958959464295,0.16305817610420392,0.03505366150816193,0.042668217486145,0.04120323852379851,0.011527794316630076,0.006593155329661866,0.0,0.0,0.014327240908257903,0.01513546013359826,0.01379838835679885,0.018069206275098927,0.012041760880022973,0.00839685259937472,0.009175288812760965,0.013291810903609792,0.012117566091816455,0.009523236467508876,0.01630879197683057,0.011405122868169812,0.014269107437964171,0.012504877649355008,0.031150198430613448,0.030728590526672657,0.009033144866840509,0.009699617349847462,0.011571470723839128,0.011799607268571287,0.014926958009584738,0.014320045959750626,0.0116642954982735,0.014505032206475674,0.01151531859607747,0.01517848670878235,0.012109077771945451,0.01384262921908945
2026-01-16,0.01192456732799035,0.012410379090495739,0.012546598855459914,0.011956354427602055,0.014079294325577498,0.014833306031404812,0.014027842614804602,0.013002240908145215,0.013699280104166116,0.051263988561614966,0.05228228393549748,0.019395946293805432,0.06596764344168367,0.16275733464382827,0.03505485640437474,0.04268591295170386,0.04121585554994861,0.011522305382197656,0.0065853362145297,0.0,0.0,0.014292971614242367,0.015116539547739529,0.013810752701569024,0.01807912674177083,0.012066276829254739,0.00839847940530726,0.009178631933959834,0.013313393203549927,0.012129562740733785,0.009525711065951617,0.01631290549548766,0.011426127248059898,0.014290926222855313,0.012507958025928962,0.031226590808331567,0.030849615930825823,0.00903964089382736,0.009703250875984719,0.011574979243907118,0.011809707876866653,0.014922688308670036,0.014329438456798732,0.011667745251875894,0.014537885309496679,0.011529149496411734,0.015183703360985415,0.012119295560433906,0.013845618784342647
2026-01-20,0.011802042641219344,0.012286980958636926,0.012423804397191767,0.011834789656781487,0.013911830520082033,0.01465467540369383,0.013860982241857953,0.01283835869609412,0.013532018577902413,0.05137676185105648,0.052292426490944316,0.019291523841810636,0.06589433914356582,0.16199909798776763,0.035064541324238384,0.042602159959225304,0.041150709829179025,0.011354550458390714,0.006478142521283183,0.007419370435406108,0.0,0.013961945536767393,0.014980704018829165,0.013585863507317834,0.017944291893618517,0.011997084831175241,0.008298001350158946,0.0090623011479319,0.013110489121770128,0.011955341093544177,0.00943904250702742,0.016080413342935144,0.011268133471243693,0.014131146371060577,0.012356141117085849,0.030786672625354825,0.03040960634419296,0.008916477541069185,0.009657171395919841,0.011436793130819994,0.011682374168713806,0.014775026546851686,0.0141462927124722,0.011532551860533743,0.014331585013291716,0.011418081738880285,0.015035539927212677,0.011958711452973711,0.01367310929491996
2026-01-21,0.011760493260072736,0.012238402603465103,0.012371983883227232,0.011796268891747383,0.013885183969663957,0.014639888353431624,0.013828313575845868,0.012844743257642495,0.013519038775035469,0.051325908822345986,0.052241840109597974,0.019220247675099018,0.06607122651777392,0.16245550318141716,0.034988583937698346,0.042644491662860426,0.041204053295351165,0.011207220537035763,0.006429746436652388,0.007446967947640887,0.0,0.014003067702514041,0.014963681605146828,0.013632134939501168,0.01787781515866168,0.011941866689901418,0.008281465955385925,0.009086850969180644,0.01314257355615795,0.011930790872613749,0.009407340055396313,0.016135939710999855,0.011287328085417063,0.014304434318213157,0.012348710893125699,0.03068558385462895,0.030264421308298598,0.00892932336008876,0.009699312914609175,0.01140308291935323,0.011650217080148663,0.014796167284016518,0.014164612907731201,0.011541961279467787,0.014362272270322158,0.011413455391498814,0.015021881133704496,0.011948828983720705,0.01365477210659046
2026-01-22,0.011767815246121725,0.012244569829853577,0.012377967363493485,0.011800198160197426,0.013877460346953308,0.014629055358105887,0.013823377384761455,0.012819542268228087,0.01351585570902188,0.05125930561832905,0.052204522045274045,0.019203768028861267,0.06612888406712958,0.16266365519191878,0.03489181227852951,0.042637864392011754,0.041207698287278896,0.011206297441533071,0.0064348666228609555,0.007438021608722095,0.0,0.014033997017782475,0.014946348118941416,0.013643056157624452,0.017900932985655277,0.01196155410006856,0.008292704308281183,0.009059125614464529,0.013098004228740604,0.011902972874074587,0.00940364340819507,0.01616399754951734,0.011241353392455793,0.014319184815606912,0.012356597204165069,0.030744006473408362,0.03034257824037627,0.008927980737304572,0.00957467821708584,0.011398097536748435,0.01166904790959448,0.01478673253116315,0.014176888484625396,0.011545770180497428,0.014361515799327085,0.011413874454103582,0.015003667875037078,0.011947721638468417,0.01365143089750059
2026-01-23,0.011746417163662856,0.012222624824935503,0.01235623760181114,0.01178089926366243,0.013934472164578432,0.014662080344346096,0.013879987415317586,0.012797241546933109,0.013594138364104497,0.0512502398363598,0.05217006907351869,0.019196336804837292,0.06599726192608216,0.16214406070982973,0.03491831449939459,0.04257037371827662,0.04114901705341481,0.011166409271028214,0.00639380853993796,0.007413998145247317,0.0,0.01400143158096631,0.014917744404158313,0.013668449358495772,0.017887310023575218,0.011935829689434496,0.008272596395094398,0.009038029198916787,0.0131208977659155,0.011931085355496598,0.009376445740839115,0.016128470943441345,0.011230120635041526,0.014329683353342912,0.012305581815954715,0.031071014739287618,0.030736679452929887,0.008924004349670119,0.009508655953329557,0.011407122042979374,0.01172404101271188,0.014900368958595376,0.014206649055505376,0.011566406186200875,0.014312244674501026,0.011414891944683436,0.015033850823867887,0.0119894217532366,0.013716984524549095
2026-01-26,0.011705747121382214,0.012181236344077629,0.012314014178394644,0.011738698012384103,0.013882403341417625,0.014603989951907105,0.013825448501894488,0.01274400873872161,0.01353996297594281,0.05114216444198007,0.052039536935579965,0.019139376574289546,0.06584434628580452,0.16159270615566423,0.03483564469095634,0.042425451277337545,0.04101456687337255,0.011107708756266503,0.006276416540845083,0.0073534289239258095,0.003793778119335839,0.013891626817769342,0.014757554553508549,0.013693288401831111,0.017920538263680307,0.011862119985030504,0.008267022675147583,0.009026823562092176,0.013065809384761684,0.011875532942987663,0.009341135964553693,0.01605658228973276,0.011187876853395964,0.014411740488726767,0.012269059739229007,0.030747629473899883,0.030466269560006327,0.008863236911929886,0.009464282253196971,0.011361458072863869,0.011670783548734793,0.014839641728321668,0.01413828875130411,0.0115074776810347,0.01425848359300846,0.011373516244276426,0.014980879631782873,0.011941698639881124,0.013659007245831505
2026-01-27,0.012076387060870953,0.01256687607383312,0.012704022170592131,0.012111090844181592,0.014329665402203528,0.015071560583734918,0.014271800359160532,0.013147055077787809,0.013974098883591593,0.052790192589124534,0.053719352886968594,0.019775530615088736,0.06795260084392754,0.16670359022871198,0.035948769362776176,0.04377336700719692,0.042319888155535654,0.011440409188014249,0.0064104836979845614,0.007593455877098998,0.003894037442155421,0.014335543347266045,0.015224229555504681,0.014138792102755659,0.018498173240531247,0.01223586123018309,0.008526423135627197,0.00931342110684534,0.013513632635346471,0.012265934787135413,0.009635069076672706,0.016566857369020173,0.011544929106673726,0.014858820542917267,0.01265050588838056,0.0,0.031361234209009804,0.009143868798736007,0.009763359689596076,0.011728599764245331,0.01204867599863785,0.015314925473576988,0.014602334434094224,0.011861221840160682,0.014683534358342822,0.011741471460810875,0.015458357155889864,0.012315306830375194,0.014094682511125067
2026-01-28,0.012090224048502098,0.012581358442183894,0.012718580396075473,0.01212530367344443,0.014293438526980139,0.015028999852411185,0.014233457653882068,0.01309756738952769,0.013941768814676266,0.05286144096841595,0.05380232541725347,0.01978076290091469,0.06808354345382826,0.16696582698561974,0.035992208802955825,0.0438264622941325,0.0423699421990892,0.011388757037032706,0.0063991260681475585,0.0075675288261173495,0.003898281817552531,0.014352955042092243,0.015186333802924711,0.01415735772198978,0.01849675400718151,0.012240041610322858,0.008534483419175858,0.009326173923133101,0.013462083232859908,0.012281974438191571,0.009648811418344066,0.016587652671384814,0.011559005915382682,0.01485610701704859,0.012665225046959251,0.0,0.031178435087355964,0.00913191991868757,0.009683405608312639,0.011727051401855084,0.012048415711433145,0.015273872700836513,0.014606186805166371,0.011807287412777017,0.01463651294716584,0.011725609424140707,0.0154288634978748,0.012295246319933683,0.014055328328726678
2026-01-29,0.012089937484779895,0.012583107231657164,0.012720986703763364,0.012124002421193708,0.014216560058112936,0.014990150146695172,0.014155056167321945,0.013133698601497436,0.013860452984852757,0.0530812168532773,0.05399731304530073,0.019813875965687407,0.0682730012466684,0.16715346212767546,0.0360597132644688,0.04366976459113522,0.04222240354509649,0.011204251622550275,0.006363682981594965,0.007556277543507028,0.0039015896150394027,0.014312400107582092,0.01517333990449389,0.014132223239258336,0.018459552586574772,0.012223044475007785,0.008653379804613165,0.009303809913220697,0.013518955741693537,0.012272773488851448,0.009617317676005585,0.016798358084305826,0.011524402477727864,0.014981235030914327,0.012630531629796254,0.0,0.030998860634993918,0.009345792969583239,0.009655766516065544,0.011702665959582725,0.012004212196045562,0.0152229835439024,0.0145876770445931,0.011771431710566863,0.01470444616407144,0.011692771355491783,0.015356700556743765,0.012220565898835023,0.01396429708760293
2026-01-30,0.011733120278420607,0.012211921291769305,0.012345846565399355,0.011765978861888775,0.013783072144722089,0.014536351552206239,0.013720652048766067,0.012734215969044267,0.013441865608104602,0.05147948085167096,0.05237348243348232,0.019215204492580316,0.06618813294004715,0.16208672418886222,0.03498117545701237,0.04235123427899908,0.04095105618223943,0.01086985697612387,0.006170448201984187,0.007291936259364788,0.0037901253715786573,0.013834873963339997,0.014655857046311418,0.013694348333853489,0.017812720105192886,0.011836748222173177,0.008412881060635966,0.009024793967673316,0.013119245801422458,0.01189529361836961,0.009324468610242326,0.016396172208777333,0.011177950190373178,0.014591075550471717,0.01213741122801961,0.030320462622281535,0.03016886771536224,0.009044723886725756,0.009360246926587929,0.011344265006029742,0.011610797246872319,0.01476364824965811,0.01414559867895047,0.011408015329414057,0.014259339842101898,0.011341858637361361,0.014890220580699486,0.01185983329013935,0.013546400126692261
2026-02-02,0.011841765672094488,0.01232478886432165,0.012459901756466978,0.011871513042273851,0.013881699287380471,0.014579088924860404,0.01381739453311474,0.01273667606339253,0.01353843415537536,0.05195444077517067,0.05285212508577151,0.019369757925154073,0.06681951085629183,0.16364071296309005,0.035302522496957915,0.042737245740889815,0.041330967447167376,0.009784246414416666,0.004874884472362518,0.007364825520182934,0.0,0.0134819509006013,0.014419499932821708,0.0138648582585323,0.017826240600267967,0.011943497001058541,0.008467237706043004,0.009099691679279247,0.01323989102654669,0.012004397852686421,0.00940992247599864,0.01642951308063036,0.01124830370954773,0.014722284571616914,0.012249509387723236,0.030336223630780458,0.030187201246619305,0.009075246327277922,0.009374538308652076,0.011445537547247853,0.011707401263701197,0.014883472482818114,0.01381584710411449,0.011432205083379809,0.01433787199467534,0.011402068675050045,0.014919543864800858,0.01194775738014033,0.013645784910652155
2026-02-03,0.011849055232068159,0.012331716008559606,0.012466593464785144,0.011879376713550752,0.013911219801719011,0.014616350126066059,0.013842564909656758,0.012791677617037157,0.013550769694912713,0.05197555033839014,0.05287725962029713,0.019383523019298236,0.06680848670655569,0.16361913944436826,0.035332283859610916,0.04277965579438024,0.0413696817364773,0.009646299837024192,0.004861146611651249,0.0072633872738148975,0.0,0.01339455424793875,0.014047416789047798,0.013884292997653423,0.017906193240271255,0.011945381096803168,0.008467792576567738,0.009076352754822001,0.013267978638055474,0.012005827336667078,0.009419295253372545,0.01642108579269962,0.011258589241050585,0.014787282587847964,0.012253371319759716,0.03027461545000964,0.03013264401414544,0.009078243067551702,0.009429360563482115,0.011479774426612372,0.011707484135843738,0.014934561771573152,0.013827871587134204,0.011453043857256687,0.014363635446560434,0.011425857625851835,0.01497753969766694,0.011959793838058431,0.013664422835472409
2026-02-04,0.01184577185156005,0.012327503355722578,0.012461675021727292,0.01187853041046982,0.01394703509024858,0.014658941390662017,0.013875980622805869,0.01282632405207803,0.01356503356688625,0.05206659143409768,0.05293469893765804,0.019418734160508915,0.06684253313511752,0.16364121862949876,0.035398452917607466,0.042828973839626736,0.041419809046976105,0.009339255914115713,0.004827352877029234,0.00723701273751916,0.0,0.013282127702798843,0.01388425804839548,0.013889320964002387,0.01790302223749967,0.011940841809878183,0.00844300197470105,0.009067340823550587,0.013250584147051428,0.012011211296507413,0.00941890430950747,0.01636223922831293,0.011213597626718657,0.014744411349913535,0.012209689772142521,0.030319738019515267,0.030166715701729338,0.009083233038956712,0.009418287193859001,0.011498771727729744,0.011724437668589873,0.014950258637910904,0.013883412791557331,0.011482849785452906,0.014395307599605457,0.011434965384908737,0.015014840120750548,0.01197583797516046,0.013689364071377812
2026-02-05,0.011844421586628871,0.012326256353552638,0.012459668787886014,0.011878836378260368,0.01397708471170949,0.014690159726876003,0.013912070788297206,0.012791119538231999,0.013620017314523584,0.05203977055625178,0.052910992088723845,0.01945027239859971,0.06682474086969442,0.16385900324652874,0.03537936249824331,0.04281049640798308,0.04138700232676562,0.009335088021633858,0.00481879799019183,0.00723312787668358,0.0,0.013215822816524949,0.013891143517603632,0.013832806700809875,0.017871065026728472,0.011928916321296666,0.008403338736176286,0.009032281474241675,0.013214313341277494,0.012025089688340937,0.00942477972242929,0.016293807904840182,0.011138995277064004,0.014739503064441634,0.01219160673933087,0.03032970729408471,0.03017007459171038,0.009077161084886287,0.009343635610397796,0.011501001791001327,0.0117805119745445,0.014939372699392554,0.013949897989618586,0.011474366622078448,0.014406073058482547,0.011466210686143447,0.015041603820701712,0.012031520624117137,0.013737102354468563
2026-02-06,0.01184809090640335,0.012327042615783311,0.01246152295047333,0.011882069038340501,0.013970904255467114,0.014708507035197839,0.013908319790114837,0.012866636500598294,0.013630399875359899,0.05196263903392955,0.05280606684364745,0.019416578847807023,0.06656880883165597,0.16366250369111027,0.03537936139009352,0.04294908518390988,0.04151772873901664,0.009294469059528609,0.004570172977178863,0.00724049512665055,0.0,0.013165082176703967,0.013836320406242563,0.01386175996126631,0.01788550036787566,0.0119290584922448,0.008411336032976412,0.009068951463385865,0.01323049257183637,0.012042697215763747,0.009417178933656317,0.016361745546272746,0.011063653159551006,0.01479829169835845,0.012224339195083912,0.03058355718641792,0.030390001986144572,0.009107039451634779,0.009362602339110066,0.011491570111843725,0.011811701866592307,0.014787102207043967,0.013978924610883703,0.011465898099366406,0.014427680381698173,0.011464306487008323,0.015025411387289998,0.01210413596549163,0.013732258005989312
2026-02-09,0.011804795936092089,0.012275537039332424,0.012408108678045362,0.01182672151416431,0.013885802125061002,0.014596264811144682,0.013819263926856397,0.012755119309024072,0.01357611526790086,0.05235540664997523,0.05318730752914779,0.01962392470187464,0.06681500777056419,0.16385479618477394,0.03560022757909932,0.04294865395374327,0.04152035303745031,0.009241111927162772,0.00455237234499071,0.007258418346146517,0.0,0.013054091902352549,0.0138336725616668,0.013860229630334672,0.01787586645817771,0.011903751051320575,0.008338827693970874,0.009050514601169892,0.013186898788827194,0.01192675667171258,0.009434414750676978,0.016336064712878892,0.011024691796740746,0.01482982815893413,0.01224923807204101,0.03059357535572883,0.030426693396407346,0.00904839199745421,0.009351163820051814,0.01132257114868686,0.011796169398986664,0.01473055814306165,0.013953419370966886,0.011460189179005705,0.0144078125526172,0.011429447971386807,0.014936695890200804,0.012056025548408116,0.013677130743682616
2026-02-10,0.011815016426717647,0.01228631794676923,0.012418990807998673,0.011836057089198253,0.013859928238886881,0.014568765836888369,0.013798256039861925,0.01276242407443401,0.01357232729137967,0.05242968921734974,0.05326632982698718,0.01964352298584759,0.06691883483352254,0.16414599224302293,0.03565479505189668,0.043007286487513535,0.04156914717820883,0.009212089299160032,0.004501202798646664,0.007262102721528778,0.0,0.013048780913747483,0.01382471401591588,0.013871219934770305,0.01777269226234213,0.011919789785757499,0.008335115297222752,0.009083413918681952,0.013200571151872498,0.011939928129076755,0.009443610875398058,0.016342136014841115,0.011017314185093724,0.014843605070167654,0.012249287176546867,0.03045220670820964,0.03028269051481685,0.009052124980052262,0.009336230544753247,0.011280405808409949,0.011779174231905064,0.014744795078282698,0.013846505300592296,0.011413436045924206,0.01435108843853661,0.011421102523105965,0.01489713090893883,0.012046820089393076,0.013675033699825258
2026-02-11,0.011813473884966426,0.012285802705775674,0.012420749987237292,0.011834075609905247,0.013871103417042643,0.014567907390894785,0.013809167028105753,0.0127473212142368,0.013572486883668484,0.05243064823435088,0.053249773421249466,0.019555877420641733,0.06693263583218631,0.16457360247852768,0.03568479586032627,0.04303028139562399,0.0415826637821786,0.009189098739640312,0.004484608489621751,0.007253801899974512,0.0,0.013008699073711676,0.013800558985477872,0.01381299188166713,0.017747820388637328,0.011901002611933434,0.008327143913179812,0.009071598682809757,0.013179494613427918,0.011927351284011595,0.009460182869585484,0.016317237580697967,0.01100281942031139,0.014747925942612317,0.01222998677376656,0.03047115962109715,0.030316457072979346,0.009038793996787347,0.009365226042570639,0.01124905557534009,0.011795281947577329,0.014720986651450526,0.013823647402793439,0.011402012032438066,0.014341442704675952,0.011417579848722208,0.014901287364622848,0.012049478434634366,0.013682901606326328
2026-02-12,0.01197391262585138,0.012452650145285151,0.012590979854100641,0.011993822767643741,0.014055481269586648,0.014759337612514349,0.013990015549240127,0.012895071811863112,0.01375538645871889,0.05302470612364444,0.053870030492988566,0.019797338951332913,0.06765931766536179,0.16618506742351216,0.03614314024823455,0.043614507457538025,0.04215265651484253,0.009319342426472978,0.0045302881859721755,0.0073593139511144235,0.0,0.013153452017867398,0.01401034506267828,0.0139851234014669,0.01797944842842327,0.0,0.008446346019916798,0.009176547172197307,0.013345425048117105,0.012090659100580615,0.009582557319518875,0.01646397119727278,0.011128777957123932,0.014952682701380896,0.012381875759356722,0.030894583104840608,0.03072437772362798,0.009116755763330667,0.009468142770314212,0.011388517441377042,0.01195229301930836,0.014870491110051629,0.014015523732739765,0.011484904645968482,0.014510102940231539,0.011560186504115388,0.015105841448248966,0.012216141151161897,0.013872559922963835
2026-02-13,0.011958336200440664,0.01243312420952395,0.012569794424649103,0.011975543152002952,0.01406996476303916,0.014750164021188035,0.014003575422389171,0.012895442057026774,0.013773958084003224,0.05298210111425573,0.05377132549624637,0.01974768360438015,0.06754316258579605,0.1663687529536981,0.036164787449392714,0.043707047497330245,0.042243638851646836,0.00923980637361247,0.004421400857768055,0.007341675008296231,0.0,0.013068538804646352,0.01390883869002456,0.014018991526795196,0.018018961819172993,0.0,0.008423117504129189,0.009173407589295524,0.013374385198227196,0.012088938272816995,0.009597895439565584,0.01650298128464375,0.0111245730662154,0.014928584445371686,0.012347900198279674,0.03098865804873509,0.030836870419685438,0.009125694123394269,0.009462758386537732,0.011404827531771538,0.012004900500432342,0.014885196670965044,0.013892303717070507,0.01150246307950677,0.014538670567785473,0.011566391826804173,0.015130695541770309,0.012234202772530808,0.013887968847139836
2026-02-17,0.011942982194100556,0.012417492104825232,0.012554025987751589,0.011959982857891379,0.014049567912789968,0.014727809561579914,0.01398446759193558,0.012878068754617568,0.013760875985743099,0.05321986061930435,0.05401980126389009,0.019837375142523584,0.06789492453087594,0.1663440516282215,0.036218262303692614,0.04368748735147704,0.04222404384011707,0.00918892206225781,0.004410173531054369,0.007353866500156505,0.0,0.013057132618776796,0.01391934811480947,0.013971041807188368,0.017992497285467302,0.0,0.00841100978738285,0.009202923022566454,0.013331879113379727,0.01207117561217921,0.009583728547583142,0.016476008316599445,0.01110774930370588,0.014689566826380274,0.012329510476743539,0.03094498520726693,0.03079105904014613,0.009111997030827183,0.009464887116820071,0.011406000844449225,0.011999858284819006,0.014859557345599437,0.013817939035152228,0.011494294174539602,0.014515596889331392,0.011551803140908158,0.015108082249447622,0.012237316686222603,0.013879010396902145
2026-02-18,0.011784828115823142,0.012254730675680241,0.012389462770052796,0.011801415094593473,0.013875527188333077,0.014537082280902917,0.0138109686642429,0.01268958526760698,0.013577733640531789,0.05289865327749592,0.0537052401911572,0.01974235514086233,0.06723151743172527,0.16434273994407425,0.03593366430827953,0.043186011432588156,0.04172004680881422,0.008980801226731573,0.004324881513663397,0.007245387549021097,0.0,0.012802198448154776,0.013682976000579506,0.013770165462632695,0.01778535722225881,0.011789793301063866,0.008298417882930098,0.009061770086039818,0.013139536323120484,0.011892900734105575,0.009461921136691026,0.01618579769278234,0.010961779797077206,0.014473362594828504,0.012170488958300774,0.030633969631753737,0.03043480338113668,0.008983369464938627,0.009319602098293812,0.01120923043638263,0.011874573002908841,0.014642126462052164,0.01364166068312027,0.01135597541527775,0.014319525808922286,0.011389245256746698,0.014927027454122131,0.012069290110168048,0.013690502631430236
2026-02-19,0.011920581857485868,0.012395487284118037,0.01253182150586354,0.011937085270722073,0.014038938465649997,0.014707113841254425,0.013973723503292155,0.012844043013642717,0.01373756914657009,0.05364854063380444,0.05443675059753938,0.01998209422714998,0.06814257132998305,0.1665705619475478,0.03640717878898843,0.04369334708776096,0.042208762533560984,0.009078216427781026,0.004355251621158037,0.0072484048096985165,0.0,0.012877467658986784,0.013680577133416133,0.01390160663551722,0.017978788952797274,0.0,0.008391598809765902,0.009145403871525862,0.013322179884601933,0.012034808830432717,0.009567915995455116,0.016419395574238355,0.011089684416559784,0.014562793485442012,0.0123192489723564,0.03089650502898254,0.030712010096428197,0.009090258675502451,0.00951855037915341,0.01133515933786476,0.01201441189581769,0.014797711450983448,0.01380224102884741,0.01149910198974497,0.014487335535229894,0.011529908699420695,0.01510098203042491,0.012213082051183082,0.01385322768574949
2026-02-20,0.011901473495916458,0.012375798184829737,0.012511700506651954,0.011918550825575702,0.014020865507388219,0.014688529971524159,0.013957725451996594,0.012826059927891806,0.0137149668748801,0.0538339227248201,0.05459789021485628,0.020059965026693844,0.06829742675912284,0.16677523568536043,0.0364381413355875,0.043636811715908316,0.04214976639694449,0.009078618469182622,0.004350000241654044,0.00722739904292422,0.0,0.01287741793486296,0.013690454647807729,0.013883089803158163,0.01794122683530373,0.0,0.008380709416400458,0.009139965256913117,0.013300866632371587,0.012017196620884697,0.009550004704454631,0.016389050697288285,0.01108832104839615,0.01453160300289266,0.012301606763528464,0.030855131525188373,0.030675097510655825,0.009076761093398465,0.009489401066601212,0.011327791382649678,0.012014188101191564,0.01478068406538644,0.013783807222486276,0.01148223922494047,0.014464227533197687,0.011503580521983366,0.015076607619210662,0.012186159820276325,0.013831961588861547
2026-02-23,0.011893264942683706,0.012367150869144822,0.012502627323413739,0.011912020168297156,0.014039582029170961,0.014670601286771492,0.013976787180389864,0.012748318542532895,0.013736087719235785,0.05384528138069956,0.054605652858358875,0.020052719931602993,0.0683419388659496,0.16687530911207096,0.036427304048819824,0.04363073878705999,0.04214454703435167,0.009056154993934393,0.004307042143961077,0.0072269025291286405,0.0,0.012851792627535422,0.01369171483788051,0.013868025473450625,0.017903096123319088,0.0,0.008378659185416703,0.009139137111433807,0.013331876179451889,0.0120129420362041,0.009540297173483413,0.01640887624063161,0.011106672986017403,0.014530765955184894,0.012266170737406688,0.03085209518484784,0.030683280077861367,0.00904226739456005,0.009476788720840588,0.01133498515879707,0.012091078453944129,0.014781249364686657,0.013782805697097058,0.011500769202355892,0.0144026998624676,0.011505510177376464,0.015083678534488828,0.012208957942318828,0.013863775813363703
2026-02-24,0.011883751698377364,0.012355890957022048,0.012491595710470363,0.01190099054028257,0.014040828960163568,0.014671179352671072,0.013979068444252816,0.012735209090299014,0.013738267584564005,0.053850502692230094,0.05459185926940999,0.020062030931161372,0.0682309460231196,0.16676902821734438,0.03646108126084319,0.043623101846162256,0.042148271156716335,0.00901817756732366,0.004292363792306092,0.007230631510410954,0.0,0.012868813026439607,0.013690404981622014,0.013879280135886077,0.01792210008498839,0.0,0.008366348731046431,0.00914694465668047,0.013319039726757477,0.011993005427401345,0.009514340800331799,0.016366410103809483,0.011112882432517786,0.01452414651771155,0.012247699225528784,0.03103306777970495,0.03089120211634568,0.009024483882868346,0.009457917206660324,0.011339425752235701,0.012079702651236738,0.014786266493152038,0.013783477872050951,0.01149379740264087,0.014407630013320034,0.011498086118399713,0.015077191911052118,0.012217680274653057,0.013883878069827292
2026-02-25,0.011893540599234958,0.01237054872582412,0.012505929262246059,0.01191693307863343,0.014016506999916972,0.01464206920292662,0.013954230197958436,0.012664075069708635,0.013708942419747537,0.053936909072980675,0.054693207905558254,0.02011200255367857,0.0683593181633819,0.16729546739099288,0.03640529695779887,0.043530654457735386,0.042038559459015634,0.008975800434925959,0.004278564091602925,0.0072457245420680765,0.0,0.01280960360377982,0.013702237516376945,0.013865616508807105,0.01788703706715076,0.0,0.008377993836465326,0.009155586393509727,0.013284768303659503,0.012026198961277176,0.009527696754562621,0.016345332165234986,0.011123876236230477,0.014453201195984058,0.012241842096043218,0.030980977601660686,0.03082009332874574,0.008926599452019209,0.00948232886494876,0.011321077005234282,0.012058649232966505,0.01475799109807708,0.013817586397765484,0.011532514558112533,0.014370581397772017,0.011479210852807948,0.015059378129654964,0.012193340374899485,0.013854400480317206
2026-02-26,0.011889024569651406,0.012366147850897985,0.012501005708946125,0.011915069764749757,0.01400018689596342,0.014635506380470335,0.013937973570136637,0.012702631490759021,0.013696560802087976,0.05396280919047659,0.05471079156420331,0.02011876596159665,0.06837010472970914,0.16735397532833338,0.036429719459887516,0.04353151444513524,0.04202912095547864,0.008975361405848838,0.004279075101923138,0.0072420717458012585,0.0,0.012822400525920107,0.013706970284289528,0.013867282395616415,0.017882184473223574,0.0,0.008372940860189158,0.009154210671616583,0.01329869007874411,0.012018966637284662,0.009529143184799992,0.016318428483920802,0.011119501316543134,0.014461805208768844,0.012241925507729873,0.030982057558828296,0.030863172090441014,0.008915758031900207,0.009509688127860459,0.011307172610231233,0.012050362504448579,0.01470897431579343,0.013816046464507126,0.011483826825977558,0.014370887161672079,0.011475705446222898,0.015048152643373334,0.012182314632640003,0.013844015035400512
2026-02-27,0.011850348060953234,0.012325698604743689,0.012460071774686906,0.011879124273287009,0.013969896790516668,0.014589389297493432,0.01390872638226848,0.012639101169169914,0.01367102697291911,0.05429863295408231,0.05509049382421482,0.020271473970703602,0.06867028332446554,0.16740204705426603,0.03656403847601451,0.04342204934211858,0.04192106104218723,0.008960934550571903,0.0042703179353456525,0.007241096483208476,0.0,0.012773708518715919,0.013696745927269603,0.013848822149259647,0.017854286125727592,0.0,0.00834483074801348,0.009142233537418895,0.013269768821584376,0.011979320678181533,0.009501621718486583,0.016343428212121043,0.011089906787436028,0.01441971869147567,0.012244544111635757,0.03091943882780648,0.030866843455309382,0.00887705539922098,0.009466260610164827,0.011281455697077442,0.012038776981273331,0.014678785816637362,0.013756538148105093,0.011450250087369548,0.014304381789668526,0.011441449171189664,0.015007855225456076,0.012155834542919013,0.01384032593725884
2026-03-02,0.011856183056795262,0.012332182030013586,0.012466097071793822,0.011884499826240931,0.013981139719789752,0.014600475040594238,0.013918931485396637,0.012661637073970824,0.013680293503412466,0.054330528130581944,0.055116016086313835,0.020287928900298638,0.06859320510777261,0.16698761482085853,0.03661074616132507,0.04344283040019416,0.041912589915659104,0.008961190970047214,0.004254484186018101,0.007222427351998623,0.0,0.01278937136218655,0.013687594556323448,0.013865855843866251,0.01787297244716213,0.0,0.008341959683238712,0.009138104934505094,0.013228395254168917,0.011989854337215718,0.009511502692133543,0.016453803121152202,0.011093990527189691,0.014402489912492492,0.012236559958885888,0.030959768889714405,0.0309032185315409,0.008890120461948712,0.00948993740308006,0.011290753518820149,0.012045068740347678,0.014692024671039859,0.01376416041357691,0.011463217673242519,0.01431852985042587,0.011449397597470117,0.015024575657834183,0.012150530203498738,0.013845240917863929
2026-03-03,0.01260379177130888,0.013113400548035796,0.01325800931573329,0.012631515583627243,0.014732105955991365,0.015427380397088495,0.014665499962170815,0.01342786885949375,0.014419197329886226,0.05730140135651947,0.058102988340639525,0.021443371789522665,0.0720077190647374,0.17510577760509963,0.03880669474451018,0.04604209276539716,0.044425857922490854,0.00950578465154504,0.004494439111309272,0.007514243886685839,0.0,0.01354323506168952,0.014304271514944808,0.014687540431310072,0.018724765452678475,0.0,0.008916560056421528,0.009652249624351463,0.01398733907955288,0.012689065417124806,0.0,0.017327036841626713,0.011755581659369824,0.015394449158743894,0.012978663895266878,0.03268952132359315,0.0,0.00954977776185942,0.010055901479689914,0.011880102610165878,0.0,0.015510301401156255,0.014650613489182493,0.012174380649143791,0.015165039095281524,0.012105587328740047,0.015841163577512075,0.012795460674307367,0.014592251454493967
2026-03-04,0.011994073009612234,0.012481674876547772,0.012618719658078903,0.012015711497082247,0.013744932177274887,0.014296189341120431,0.013676041788534368,0.01230727020401989,0.013490254016449375,0.05467748979478005,0.055421528463773885,0.02048468321433315,0.0687443794648421,0.16748532329353605,0.03694266309743741,0.04374577764633667,0.042200600064137846,0.0088851393911093,0.004212906624880443,0.007099719885222368,0.0,0.0128505312210458,0.01360295041532614,0.01396131117150033,0.017398371432807144,0.0,0.008464713381270635,0.009176287073767194,0.013284918027937047,0.01200909444158622,0.00958809199962802,0.01647524797508386,0.011090720314791861,0.014669281781039756,0.012363104594989375,0.031044648597848067,0.030923566310636245,0.008887215443152137,0.009414344456268856,0.011099257261818457,0.011841729354428447,0.014497972312257947,0.013835269261705882,0.011446445981150449,0.013879065687059964,0.011351963213459165,0.014751215372817027,0.01196551594098228,0.013602089466532127
2026-03-05,0.012570812217718505,0.013083376843726976,0.013228761505328581,0.012595664628105411,0.014353633211104251,0.014904487942206767,0.014266778886251923,0.01285096516176276,0.01408506715596007,0.05713469026921135,0.05791676680781678,0.021394035132686746,0.07173204604116454,0.17467515415843968,0.03860597315313637,0.04562762609972554,0.044021950412188024,0.009281533369142723,0.004398782006226404,0.007429034332985469,0.0,0.013369837213237033,0.014197746069395336,0.014579737707853316,0.018165280231092443,0.0,0.00888075786801442,0.00967615638797016,0.01387178776485425,0.012576657703860553,0.010014324551931077,0.017188777753405125,0.011636678305753295,0.015310370621718078,0.012920328925072427,0.03266355576079319,0.0,0.009288271999435736,0.009806772648909423,0.011550783753346729,0.0,0.01513498665347297,0.014544173389735677,0.011941171479211204,0.014525991560489906,0.01185493707746106,0.015407851364283083,0.012529210204187902,0.014206713669626588
2026-03-06,0.012744591691608718,0.013267232732831823,0.013415643595224649,0.01277064664053037,0.014407454140517828,0.014956488549464962,0.014310137619135719,0.01289830912752217,0.014159741786511958,0.05779627920525194,0.05867622965001927,0.02177231563690383,0.07253440407881052,0.17643801641447684,0.03905001544780606,0.04603577452512584,0.04441514489258598,0.009383006680677923,0.004449932270071178,0.007429286049439441,0.0,0.01348278491618479,0.014325900143712201,0.0147663901110746,0.018262591978023587,0.0,0.008989082024633966,0.009802323826481392,0.013966830573199146,0.01270906688555644,0.0,0.017346998049878732,0.01174156543606277,0.015565640265789077,0.013089386998160391,0.03328156320231498,0.0,0.00939086390893937,0.009852811731641958,0.011570366525563857,0.0,0.015173330399574886,0.014777894461417996,0.011986728720438477,0.014649690211086197,0.01196995276951483,0.015532754510451982,0.01259454547640585,0.014260286139375338
2026-03-09,0.012284023213588395,0.012786577854904635,0.012929572494737588,0.012308563069763771,0.014018865480772604,0.014562559829482414,0.013915040564737536,0.012585185369743465,0.013769352899171854,0.05595601814230406,0.05681885976143518,0.02105431482396412,0.07046789097156023,0.17093636602125578,0.03768089511247464,0.04422146737018761,0.04267679891354101,0.009043009451257862,0.00429563764131358,0.006701056200451824,0.0,0.013047270494329544,0.01352396977358778,0.014249475271862922,0.017660092157285073,0.0,0.008657189088568867,0.009479329009264523,0.0134856321147362,0.012270691894357465,0.0,0.016740306528331295,0.011364363703267693,0.015035495275788388,0.012644140099866655,0.03256668503283238,0.03244857415508896,0.009072980683736333,0.009560560391077194,0.011196181357900105,0.0,0.014656028414308561,0.014363879204923902,0.01160616851165421,0.014331238520999899,0.011707210012169593,0.0151385264914666,0.012298993254046452,0.013882963371900883
2026-03-10,0.012328965272377817,0.012838679273867134,0.01298528026393995,0.012359458613246502,0.01403515731430216,0.014546658104675269,0.013933304607377354,0.012532213965433928,0.01379366335195466,0.05583320697159068,0.0567163496314363,0.020999218846929756,0.07039943626431489,0.17095342737209088,0.037571584198269864,0.0440826435745372,0.04258565695323277,0.009044075269248768,0.004290485673317048,0.00665203460639653,0.0,0.013066371784841596,0.01348326418424875,0.014424988193409814,0.017750468632417547,0.0,0.008688262572183596,0.009475597123376414,0.013463562430393376,0.012280781725881785,0.0,0.01673726480782104,0.011366809837585255,0.015179855269567635,0.012706459943856078,0.0325630057513325,0.032438128261880396,0.009099931256761104,0.009525972459118005,0.011193482195760614,0.0,0.014747510225492933,0.014387369474706799,0.01159959430681158,0.014310522395965178,0.01170559455255373,0.015131207881852848,0.012294148684185756,0.013898345919456184
2026-03-11,0.01275229789998944,0.013278785674478152,0.013430980727502482,0.012781791447871142,0.014535247404614397,0.015058262335598881,0.014430848773179723,0.01296060113203074,0.01431426552262574,0.057569787650264506,0.058492308715818474,0.021624586796685993,0.0726874776024914,0.17654236344699367,0.03861961149567192,0.045571452504549005,0.04403038386903533,0.009347148768501113,0.004434572607905073,0.006877979698442738,0.0,0.013532442539813524,0.013898768025687822,0.014924969436678974,0.018373174457259982,0.0,0.008995205394460493,0.009802812906535407,0.013909858175828555,0.012711517862607206,0.0,0.017307151227971006,0.01175369712161238,0.01578301985793205,0.013144724266466741,0.033704872492823404,0.0,0.00941097874424223,0.00984863016932024,0.01157191927137505,0.0,0.015313149947902109,0.01487805393312786,0.012000207898336524,0.014806608488124446,0.01215519887553221,0.015682763029854045,0.012737186720172704,0.014412335082085314
2026-03-12,0.012838663914148177,0.013374218763694575,0.013535328555040301,0.012875519530656384,0.014621688886327214,0.015167287387384414,0.014529589608588626,0.013030930066112629,0.014447259011774993,0.057338887463669316,0.05824793687443535,0.021493546758200477,0.07284351896635671,0.17659207570547056,0.03818848440427875,0.045485113896265764,0.04395249156500088,0.009319294713342911,0.004414127767554368,0.006852494903616144,0.0,0.013489101900818218,0.013787508987830328,0.014866249524142724,0.018343070747709623,0.0,0.00908127760466225,0.00972617880363378,0.013885625906980628,0.012710717360283452,0.0,0.017168086659763312,0.011774487197140554,0.01573114656377837,0.013221896379587535,0.033540902892691155,0.0,0.009405211640548146,0.009855402480273128,0.011583325039883925,0.0,0.015398157963699298,0.014939507850317321,0.012019108485225898,0.014912872156424771,0.012233772422612803,0.01578677531803737,0.012826926182901915,0.014564231189134703
2026-03-13,0.014484697215771607,0.015085349804105202,0.015265078885595083,0.014516286971294473,0.01645682427461695,0.017008978729088575,0.016357213148999704,0.014517092594610644,0.016271556836422483,0.06482363096900612,0.06589994147767333,0.0,0.08211619023710227,0.1982296681819672,0.0,0.05117336885439408,0.04950164992389092,0.010508700637392338,0.004992907852233453,0.007492627834672063,0.0,0.01530392883075972,0.015445504977990852,0.016841994990465813,0.0,0.0,0.0,0.011001751526911675,0.015654061632852666,0.014293933771738107,0.0,0.019516208521337744,0.013325057436896234,0.017815313229168336,0.014952863180932427,0.037970631472858514,0.0,0.010557674962646235,0.010989859481007117,0.013053694481576845,0.0,0.017381169744495478,0.016858223958205305,0.013524255507441874,0.016666094309341718,0.0,0.017736292607726398,0.0,0.016409720946810258
2026-03-16,0.013015704350928364,0.013554847344429423,0.013715926223028738,0.01304394234299732,0.014756378095725645,0.01526677643723564,0.014670914828338426,0.013049449378415713,0.014575355592965316,0.058412185307910876,0.059298548562634355,0.02190026607878727,0.07394025120321737,0.17844583909813347,0.03886353039758165,0.04596688623283611,0.044450151301346344,0.009430026375947309,0.004466623721403969,0.00673903434311066,0.0,0.01354248196959614,0.013874404073668295,0.015141263772256594,0.01832998376870775,0.0,0.009216929248732993,0.009889512275452771,0.014093227718395567,0.012844648459485363,0.0,0.017749050390836588,0.011965542589084714,0.015991595023262837,0.013431427327804932,0.03396522342170849,0.0,0.009500112721494784,0.009849242240240532,0.011758038267696553,0.0,0.015573522294811824,0.015095726963902913,0.012116773436885464,0.014984068427221388,0.0,0.0158808472748993,0.012942387105887914,0.014701354010992066
2026-03-17,0.013051892124492367,0.01359401232842829,0.013755462880373591,0.013083995572400432,0.014706621997451354,0.01519546252982747,0.014620487768939745,0.01294245544347739,0.014545594758914883,0.05838713404319897,0.059281800254584474,0.02194128717997285,0.07395121142531358,0.17829052254209055,0.03884957119081528,0.04622923609125976,0.04464840211068574,0.00945732540177073,0.00447312365507061,0.006709789281506824,0.0,0.013533305869010802,0.013845635120764296,0.015257441937029114,0.01822968341505249,0.0,0.009243105910327756,0.009906290918236183,0.014103068936187107,0.012872618153498504,0.0,0.017779197910960113,0.011978333215302436,0.016001405818570937,0.013530234358609878,0.0339358550089668,0.0,0.00949305507078637,0.009811798190482035,0.01172445794008141,0.0,0.015511306357549375,0.015126310014238979,0.012073523498435152,0.01489466196033174,0.0,0.01582333706838211,0.012942913453833967,0.014667071292787482
2026-03-18,0.013263681223224313,0.013821809501598361,0.013986043505237807,0.01330190127502073,0.0149453107397857,0.015436634203032939,0.01485579123044806,0.01312822020325968,0.014793134893903836,0.05904002120433568,0.05997975270437973,0.022194280573868456,0.07497320799138504,0.1805636476629841,0.039125596587929946,0.04672628917175069,0.04518544036949635,0.00955691099731217,0.0045162630697423945,0.006758719235090576,0.0,0.01364951372360681,0.013950191884221598,0.015530602327235734,0.01848184057573168,0.0,0.009396151595278448,0.010070161205418373,0.014245745567875745,0.013061969155507693,0.0,0.01796412786398859,0.012127533873053844,0.01628672595384775,0.013737993274128592,0.034290808690047206,0.0,0.009593424924213403,0.010044646239786235,0.011878449841730688,0.0,0.01574018036570323,0.015394107088156412,0.012260144616298043,0.015133518070848229,0.0,0.01610220128625696,0.0,0.014907305533278051
2026-03-19,0.013546451715350577,0.01411423228394114,0.014281245065280635,0.013587863807006058,0.0152474065611784,0.015746786487161653,0.015152328617761135,0.01340140128791634,0.015046899936551698,0.060134930695004744,0.06110846890905668,0.02271457192869003,0.0762838304193252,0.18312178975443746,0.039916199513461356,0.04763045040483903,0.046113422403329295,0.009703840841835896,0.004608090229706664,0.006907840411481536,0.0,0.01385589514469718,0.014228216371231794,0.015916659790129753,0.0,0.0,0.009610963429690401,0.010326926162558193,0.014553362537053501,0.013387503682011475,0.0,0.018201029644657862,0.012367770997905288,0.01664667626145817,0.014021217480725936,0.03503433389554995,0.0,0.009781567805955866,0.010307420063196777,0.012153616446154914,0.0,0.015987302100278312,0.015681062213535966,0.012487897583959576,0.015435325786428837,0.0,0.016474933033617738,0.0,0.015172268295887035
2026-03-20,0.0,0.0,0.0,0.0,0.019179701650833398,0.01980995650851894,0.019060362563167198,0.01686840433397358,0.0,0.07564868636823209,0.07687708397802949,0.0,0.09598335601436486,0.23029482460639572,0.0,0.05986942575067134,0.05801742729191565,0.012054809465661889,0.005775796337678091,0.008648055388597038,0.0,0.017376837305846684,0.017832466325279964,0.0,0.0,0.0,0.0,0.01296888568033785,0.01830455258994557,0.01684660763716721,0.0,0.022936107483874188,0.015514462933185624,0.020958394113087354,0.0,0.04368626694565903,0.0,0.01230993287295409,0.012965359141737595,0.015291599275192014,0.0,0.020094897874290644,0.019663269916167698,0.015767656949891046,0.019394812697344315,0.0,0.0,0.0,0.0
2026-03-23,0.0,0.0,0.0,0.0,0.01691233617898898,0.017456455161268074,0.016827319431496696,0.01488569971562409,0.016713341632577847,0.06671069742721042,0.06787219625164517,0.0,0.08515425117853759,0.20476921306999232,0.04434683043407242,0.05327255509347363,0.05166718365393908,0.010742119054817976,0.005147622311582407,0.007733116612768362,0.0,0.01543069886927413,0.016011733715949456,0.0,0.0,0.0,0.0,0.011662128316847306,0.016409512535344777,0.015103256953822527,0.0,0.0205494489345119,0.013883533490819921,0.01816505414840355,0.015889858154357193,0.039188049644224066,0.0,0.01095213089805844,0.011495955576889937,0.013554522669074344,0.0,0.017751661630535747,0.017591709955935918,0.013962182934720395,0.017122236356362373,0.0,0.018224242059228225,0.0,0.01684114594764464
2026-03-24,0.0,0.0,0.0,0.0,0.01793083660807134,0.01849929901440775,0.017857769053752012,0.015769291726633182,0.01775008321901035,0.07111479259723501,0.07232992269149444,0.0,0.09092587984591763,0.21808231778545398,0.0,0.056616762457443716,0.05501261755991079,0.011444257211205514,0.005506021788714881,0.008039216234711764,0.0,0.016404271295208654,0.016672681121683824,0.0,0.0,0.0,0.0,0.012463133971095473,0.017552330635153254,0.016138596871158133,0.0,0.02198614631863459,0.014813650780667594,0.019401435800177086,0.0,0.04187308685766346,0.0,0.011623743911968992,0.012083500423276692,0.014379139432601057,0.0,0.01890812510044257,0.0187073364397931,0.01480399605689304,0.018080429585794255,0.0,0.01935427408896726,0.0,0.01787505351485868
2026-03-25,0.0,0.0,0.0,0.015048836656046656,0.016474832968113685,0.016986035074115387,0.016412692454081796,0.014457296011685198,0.01632447930230444,0.06524462633858186,0.06635316731817555,0.02482778538851673,0.08321335517212561,0.1992649387992958,0.043383644033849866,0.05194350940799521,0.050495573504191246,0.01052425420809042,0.00506307663303361,0.007359370120570755,0.0,0.01507707618908116,0.015272512102248987,0.0,0.0,0.0,0.0,0.011426791879684177,0.016133298588888113,0.014835163034677848,0.0,0.020205501945656804,0.013578990089336818,0.01783482958892934,0.0,0.03848042629256907,0.0,0.010648594286373436,0.011101828110843136,0.013212504635938968,0.0,0.01740411835611208,0.017195568915216956,0.013548544807684675,0.016432235182415263,0.0,0.01779149829330144,0.0,0.016443044310267888
2026-03-26,0.0,0.0,0.0,0.0,0.01856246554251236,0.019139374598749485,0.018498674152322356,0.01630292510510536,0.0,0.07386723666023103,0.07517548624695226,0.0,0.0943236495716078,0.22601693662905628,0.0,0.05871874889435711,0.05712639817770783,0.01183716658693935,0.005715667768044927,0.008321802911511564,0.0,0.017024845225807217,0.01726690568171202,0.0,0.0,0.0,0.0,0.012927470585714468,0.01822972719968876,0.016838079488720993,0.0,0.022854193953048753,0.015318566709157282,0.020163214068926374,0.0,0.04350925282476418,0.0,0.012001059106991058,0.012530818211188975,0.014895768627689284,0.0,0.019587603193348912,0.01948674757600407,0.015328561468892127,0.01841400010423161,0.0,0.020016653129016113,0.0,0.0
2026-03-27,0.0,0.0,0.0,0.0,0.021987283250380827,0.02257128863995829,0.02190247595832191,0.019143872590059834,0.0,0.08731984220028284,0.08879728838967475,0.0,0.11107115166668702,0.2660171732996685,0.0,0.0,0.0,0.013970989346840114,0.006764381570441121,0.009890265696543879,0.0,0.020300501881999174,0.020570946675542594,0.0,0.0,0.0,0.0,0.015392150236628644,0.0,0.019921574106564692,0.0,0.027299950973271776,0.018258078324728786,0.024180934988521995,0.0,0.05181973324795598,0.0,0.014201851723801995,0.014897391117845715,0.01765311431559018,0.0,0.023166128459296408,0.023106885543095364,0.018169401841505173,0.021625343954792473,0.0,0.0,0.0,0.0
2026-03-30,0.0,0.0,0.0,0.0,0.022058556978269077,0.022644507175905864,0.021980536692455612,0.019187129958029948,0.0,0.08765433795428944,0.08911362499031021,0.0,0.1112379694911112,0.2642880368237962,0.0,0.0,0.0,0.013896892694012694,0.006761315701100815,0.009805521630528627,0.0,0.020369934986428872,0.020472410718799523,0.0,0.0,0.0,0.0,0.015396372935532015,0.0,0.019927162363343857,0.0,0.02747907062224093,0.01829220572751875,0.024235577280270808,0.0,0.052019609061758294,0.0,0.0142620143534702,0.014928068441537986,0.01767537390742738,0.0,0.023217784689614045,0.023186465030336553,0.018211896718331858,0.021697623073579097,0.0,0.0,0.0,0.0
2026-03-31,0.0,0.0,0.0,0.0,0.01719808625797501,0.017655412678690204,0.01713723908726014,0.014947129806858297,0.01706413982698731,0.06792670137648751,0.06904256838921134,0.0,0.08620372049278785,0.20542706483835832,0.04528244974784009,0.05445739806431943,0.05303799539984897,0.010844751901656242,0.005275789424372267,0.007599407325368344,0.0,0.015850444046089224,0.015958508408652806,0.0,0.0,0.0,0.0,0.012004620422825095,0.016947950144031755,0.015483755547880767,0.0,0.021493821899552477,0.014260934327051562,0.01888108048567267,0.0,0.04050426728601179,0.0,0.01111811665197124,0.011638857837089435,0.013782021742321337,0.0,0.01809232207453379,0.018075825539028815,0.014197972453768243,0.016911090701716338,0.0,0.01852038849398084,0.0,0.017178167319800423
2026-04-01,0.0,0.0,0.0,0.0,0.016196351934450542,0.01661858375268541,0.016136795209192905,0.014123479863666903,0.016065039390175753,0.06537923103296406,0.06647113835920042,0.0,0.0831540350112696,0.19741312214966972,0.043263129428847164,0.05135245148640189,0.04996377462233438,0.010278500511276836,0.0050065332321953876,0.007254602459086149,0.0,0.015163442090919022,0.015225684289748295,0.017493882146126693,0.0,0.0,0.0,0.01146178375150813,0.0161044135654165,0.014690059703317672,0.0,0.020556034711926924,0.01364033731640655,0.018059966113901878,0.0,0.038539115093050885,0.0,0.010639203672630175,0.010995842253650676,0.0130654794492809,0.0,0.017109377822580745,0.017186746148989948,0.01351958821380151,0.016097374104444645,0.013843182855758699,0.017439103541491516,0.014331898425690593,0.016160716285941006
2026-04-02,0.0,0.0,0.0,0.0,0.015995252686155665,0.016420585471781195,0.015931219333226044,0.013962291003555687,0.015868493135839254,0.0647080562573072,0.06578511740205101,0.02479406380252171,0.08224837778938225,0.19538701242089923,0.04279857422453704,0.050755172851472956,0.04936665063677481,0.010159649045457188,0.004951508969900751,0.007181444890030944,0.0,0.014986794000682122,0.015069411465569739,0.01732467058947135,0.0,0.0,0.0,0.011209796730460974,0.015939296273357186,0.014488364803730669,0.0,0.020435121044576943,0.013493706011658996,0.017894229244267406,0.0,0.038107273979446105,0.0,0.010521792059603113,0.010877525101419577,0.012865672042199221,0.0,0.016846004541908398,0.01699040399810684,0.013353585168089913,0.015921690193680487,0.0,0.01722909996705745,0.014159686099106249,0.015972406764714123
2026-04-06,0.0,0.0,0.0,0.01445089870085549,0.015546915494366216,0.015954433133925562,0.015481858325372098,0.013554498048341489,0.015424139383421732,0.06306354020628742,0.06406461556546532,0.024148958967822202,0.08004251083180428,0.18999681764816745,0.0416014468165524,0.04936068040185992,0.04801413503456383,0.009853782980094341,0.004806627871374548,0.006730504978985699,0.0,0.014575086271721053,0.014560866256216644,0.016792533355335513,0.0,0.0,0.0,0.010903173895589733,0.01557709929286783,0.014090320391763366,0.0,0.019861847197336732,0.01312444904249343,0.017398362981289998,0.0,0.03699264391044461,0.0,0.010229412937224963,0.010585600788189674,0.012489215150462878,0.0,0.016381121959858025,0.016543293114227083,0.013003720210843558,0.015520054254096749,0.013265751219631595,0.016727165119906236,0.013755309111648928,0.015526609149591036
2026-04-07,0.0,0.014796992507743054,0.0,0.014249389118619503,0.015318048744352906,0.01571704191265746,0.015254499621505203,0.013348183731305942,0.015195013287308242,0.06211432301134856,0.0631077290532262,0.02379789439607426,0.07880981499299437,0.1870335144457565,0.04100644478280784,0.04865413413218111,0.047317923709871666,0.009709218255200687,0.004737144011993245,0.0066334632612333085,0.0,0.014367227033474499,0.014352360408008587,0.016560068851247233,0.0,0.0,0.0,0.010742439159272033,0.015358759360651342,0.013896510243594137,0.0,0.019536117853685284,0.012939966260271307,0.01714531177748283,0.0,0.03651373504093498,0.0,0.010080524294862779,0.010432120867977648,0.012308207297214418,0.0,0.016145142508670798,0.01633238075449836,0.012820580873637227,0.01529479625946905,0.013061667725383624,0.01646028661524907,0.013553920446550004,0.015297103391684882
2026-04-08,0.01303480569120142,0.013578412166659776,0.013739718802375312,0.013088838687540206,0.013655730621133247,0.014007754536930442,0.013595904192836428,0.011879000619416389,0.013474914576928608,0.05530511433658228,0.05617862044245673,0.021066640513252168,0.07191151679309234,0.17074458539528461,0.036267111363545254,0.04421139564631728,0.04316492952461835,0.008587654002496899,0.004216908241750671,0.005963324211375601,0.0,0.012890032148561437,0.013009585406983517,0.014982916742055211,0.01667010665957452,0.0,0.00916556702157684,0.010015994566124741,0.013599323364506526,0.012816514930620474,0.0,0.017163262661814623,0.011731377574967538,0.015179728915951065,0.01352270613502772,0.03322844325976877,0.03314134162387925,0.0090874074976373,0.009228155579055246,0.011095342116042198,0.0,0.014302449402884993,0.014606602683138972,0.011425169166444963,0.013574504686755818,0.011571380092421736,0.014651801186504733,0.012083634715986601,0.013583771495921009
2026-04-09,0.01337018895940115,0.014037231029061065,0.014153721006280623,0.013435909404509802,0.014056220111497675,0.014302090607992613,0.01403600021563211,0.011700999223815354,0.013925085250659153,0.05409333808097548,0.05498890512735274,0.020723158362792014,0.07043882930642016,0.16718028799452486,0.03547752984992381,0.04473129500417076,0.04389303676426462,0.0084455740211918,0.004157174599315881,0.0057321268407532966,0.0,0.012849158393991995,0.012855049813375452,0.015164290849634512,0.016464837558515723,0.0,0.009233106432577467,0.010519979121671557,0.013923663690332507,0.013096244169799313,0.0,0.017532864460431275,0.01193249621249231,0.015893840583111774,0.013959919586402381,0.03272973105981376,0.03257098034877223,0.008829199400214998,0.009351941837589839,0.01108516676111969,0.0,0.015232970929425913,0.015151611412832094,0.012259205624707248,0.013409826225952224,0.011819387946480353,0.015131034364628529,0.012150312936914287,0.013974478518677358
2026-04-10,0.013469820662424567,0.014142323417337918,0.014263881404038035,0.013539565531084048,0.014310227040084675,0.014635112770584973,0.014308612642451297,0.012017988274420638,0.014286022414834532,0.05707641963363589,0.057845624148970584,0.0,0.07249457301672543,0.16845097108364762,0.03746224452025993,0.04575378456223895,0.04495082664778516,0.008538706516191298,0.004188350865410097,0.005788374448921734,0.0,0.012953801792834604,0.01300856380446177,0.015502353622827498,0.01695401641048982,0.0,0.009304715159234632,0.010586083118968321,0.014038501614683535,0.013188812891981174,0.0,0.017708660348598325,0.012069565381129415,0.016097843411366282,0.014064375086011872,0.03302591925197342,0.03290314131523661,0.009018152699635514,0.00943160760896222,0.011144433371643121,0.0,0.015885630286720104,0.015360842236823118,0.012386816938037693,0.013687895232539195,0.011983175480974578,0.015450021954449332,0.012381601901723382,0.01434003947764692
2026-04-13,0.013033669001965061,0.013685306074874561,0.013801821024495951,0.013102322656350317,0.01378607425181814,0.014112360373117784,0.013787019043216216,0.011612364990217826,0.013768455968745942,0.05538757911316456,0.05626883582188249,0.02117953041474471,0.06983877254030806,0.1623629846575946,0.03682814602102219,0.04411486342962764,0.043342251795236916,0.008223708360533426,0.004033820039700586,0.005599484797310499,0.0,0.012570374138638235,0.01262327897653183,0.015181325553858226,0.01633260629818946,0.0,0.008996074058875992,0.010252273743780554,0.013505827975621233,0.012715896796813236,0.0,0.017091390016198586,0.011782722622065273,0.015504457926921091,0.013597499635321293,0.03186744435007266,0.03180064639512832,0.008736268345912788,0.009104065527050006,0.010734225079369747,0.01206693539830188,0.01530695516550518,0.014893850656055852,0.011931507027620221,0.013305710680182803,0.011546763730919564,0.014892598410121369,0.011962405019129667,0.013827526095887143
2026-04-14,0.015078288734274152,0.015418929691622188,0.015430261985100982,0.01491512266952604,0.014478894679865002,0.01456434937209433,0.01444640474435242,0.011510437186135212,0.01448900671593154,0.0515834739734831,0.052401308728980425,0.019740978492434662,0.06561015140484391,0.15125040273099122,0.03550674725561088,0.04769015378633872,0.04667506882883442,0.007717438090707776,0.0037594514881848277,0.005268199780437719,0.0,0.011812791596231529,0.011936645301027872,0.015373765534612081,0.01610700370571419,0.0,0.009798374099750666,0.010157341010707248,0.013002823554928912,0.013560307901738348,0.010753030977622107,0.016567933735813296,0.012256276473608245,0.014892212399231398,0.014830103212880984,0.029662188070999903,0.029595789509854354,0.008668636128843731,0.008663935309274456,0.01067759761984949,0.012753939270913017,0.015400229969346655,0.015160287311996092,0.01275923716167739,0.013117395607805372,0.013034675929504162,0.015042662485031723,0.012612799026687913,0.014266946754599188
2026-04-15,0.015546202013834253,0.015619121610629965,0.01559749486252064,0.01526888888994851,0.014348574497106132,0.014373655778231593,0.014293499830661716,0.011293141568728815,0.014307543269325576,0.05149254195459852,0.05238306218817171,0.0200084731285119,0.06427177593985234,0.14815851138589275,0.03632545767816852,0.05037027224885162,0.0490972112495708,0.007569420449500456,0.003670329182811051,0.005161056120964494,0.0,0.011572811386044105,0.011731155564450037,0.015261270372074427,0.01569720078181496,0.0,0.009830528779122088,0.010449545433953255,0.012936273115512006,0.013497323330235012,0.01069909975571156,0.016239778337611137,0.012237285461456538,0.014623663319870653,0.014932304491706688,0.03039458375104842,0.030259141160153095,0.008552004148798548,0.008531751136180508,0.010603438092880647,0.01253031540263002,0.015171235880329006,0.015031807011766388,0.012613463321960396,0.01290128469662334,0.013378974757997068,0.014749307162799773,0.01240673811699768,0.014011481382391121
2026-04-16,0.015856245591625302,0.015947037523137437,0.015905134444645103,0.015556278358448779,0.014738121064624054,0.014800075055468187,0.014673667497918742,0.011592967237845503,0.014749792613737317,0.05214594720097062,0.05306519738599255,0.0,0.06575803678089337,0.15156251739285492,0.03680571716833879,0.05112521414043127,0.04978382406906557,0.007677539456686801,0.003723209702736562,0.0052302145974384585,0.0,0.01177942979900052,0.011919118088492891,0.015519544199865894,0.016372113935691,0.0,0.0099775202477404,0.010657511095801523,0.013144688782165632,0.013696908667056392,0.01082375688333247,0.016518991884951404,0.012538786898489335,0.014822675750348067,0.015138752649173928,0.031071832086503586,0.030941208732700218,0.00885782230615036,0.008663395944486224,0.010817661815048773,0.012747555504164947,0.015604487951298733,0.015535888557119295,0.012852810218255835,0.013270737745550536,0.01382736906186384,0.015204131151564522,0.012629850858006669,0.014368711902317668
2026-04-17,0.015288316648331503,0.015367689802474075,0.015338590406735797,0.014994570610818362,0.014211579076736825,0.014272446817002354,0.014144816374482812,0.011163290361774072,0.014201370021653134,0.050628159543915266,0.051499902816335014,0.0195192017672261,0.06421179968273939,0.14733445497205888,0.035465865203863786,0.04944983864967394,0.048270990093053426,0.0073898486047651365,0.003581676967598626,0.0050238642283343595,0.0,0.01133588200460176,0.011462051918950718,0.015068522631888771,0.015786289122635074,0.013222582771051117,0.009596273598912936,0.01023276943170201,0.012665845199768195,0.013191762608447328,0.010410968551599342,0.016027135790034043,0.012082842611672381,0.014352855645312718,0.014529355831380441,0.029910244206618617,0.02979909179685141,0.008521306916050318,0.008343718300343611,0.010439221799851682,0.012296661573086247,0.015108415289636485,0.01501317003670474,0.012441559388967169,0.012792112735288658,0.013327498109171512,0.014695839030474016,0.01214939729222585,0.01383835315719979
2026-04-20,0.015296343982869394,0.015372755084180378,0.015344493241214851,0.01499292086292726,0.014225104134712143,0.014275621973756016,0.014169404384202226,0.011152785251072907,0.014204817018563716,0.05066460279197038,0.051535991795630405,0.019524124820968405,0.06406617666009114,0.1466086666358114,0.035578793424092967,0.04953773692713508,0.04836486005156585,0.007409628605701047,0.003589405934044354,0.0049437785206418545,0.0,0.011387977904692188,0.011345932537033252,0.015025830371009992,0.01577329844363076,0.013255285830628566,0.009610326569220303,0.01015984359744391,0.012668070507961968,0.013164638101098004,0.010386303798036815,0.01604197467931043,0.012141965481786183,0.014394409599310227,0.014580260858733507,0.0301081633045536,0.030001715838530466,0.00852060750746267,0.008370914123331364,0.010474364154768486,0.012279656748674527,0.015205408154593796,0.01504183549453266,0.01247000995514988,0.012695846791870741,0.013377721785476228,0.014689866506531318,0.012119775533411275,0.013849983720065203
2026-04-21,0.01579423420843725,0.015878086222723617,0.015840462294000733,0.015445803811764088,0.014458839275014485,0.014520803056239168,0.014404314326609002,0.011354944936444315,0.014440591240192181,0.05164260939251205,0.05248555960730672,0.0,0.06543496611459229,0.14943718107096285,0.036254143510692595,0.05034012600839667,0.04916514680727641,0.007575512953011836,0.003645935471574391,0.005002616669042783,0.0,0.011578834250968145,0.011530165818108859,0.015272433325286949,0.016024303860649874,0.013548395850650093,0.00992023067575228,0.010334290147491368,0.01288290337315734,0.013447473445803429,0.010647380262885444,0.01636927140009188,0.01235429748889867,0.014634274732481798,0.015126589604658774,0.030845142170539894,0.03075143323245022,0.008712730831804879,0.008511709660834865,0.010649018243567928,0.012477001701419995,0.015446677950730965,0.015302799675308554,0.012667415716519838,0.012919655469514362,0.013613875788359781,0.014912130916607182,0.012319576860221835,0.014078110568441165
2026-04-22,0.01571435166408994,0.01579540996103312,0.01575989008428286,0.01536747867875221,0.014263902631376757,0.014351436526261344,0.01420585112396085,0.011277188881552528,0.01422882276176215,0.051348063602717986,0.05222465077275621,0.019854647055404535,0.06486240664878405,0.1479863576359156,0.03605694147965589,0.050485938079858114,0.049399160654077345,0.007507377983737861,0.0036176992793871903,0.004950790886289074,0.0,0.011522704903602408,0.011452511422100568,0.015167743112180039,0.015933276617923004,0.0,0.009893710542849533,0.01033606815917125,0.012822377246837444,0.013339768658032205,0.010605629592857033,0.01652465434147549,0.012299004011767572,0.014497497362722005,0.015002995361362936,0.030647594062123768,0.03058748641966151,0.008685243287343125,0.008484592532272694,0.010565750968570237,0.012328584653706169,0.015210848050116434,0.015133946631530249,0.012542251791531329,0.012826492203780342,0.013522415446623475,0.014752305426549393,0.012170292108419148,0.013885888693234757
2026-04-23,0.016196453382001347,0.016267126293411795,0.016244352846806552,0.015830532562316774,0.014471402799587817,0.014540778995852469,0.014416502134927326,0.011388985310392943,0.014439572351056687,0.05268923934373115,0.053510376170436066,0.0,0.0658527011548065,0.1502129672903071,0.03725486179947422,0.05178666566595901,0.05068333450441522,0.007649187598098023,0.0036650565538736725,0.005022524281440856,0.0,0.011629429048172062,0.011615651808223548,0.015540559302954194,0.01615707035147898,0.0,0.01007615930804309,0.010567914590049793,0.013123266878390839,0.013685699791355987,0.01086560171578633,0.016800363560765114,0.012530531926976124,0.01491982188596922,0.015433738140936033,0.03140474324538354,0.031340550858469166,0.00876462645242071,0.008599656348415698,0.010709670992782097,0.012518126539963958,0.01542944485091327,0.015381416195331288,0.0127252866740002,0.012920192118884694,0.013711015738514784,0.01495616763581075,0.012375769727043863,0.014094903274068833
2026-04-24,0.016656884514086322,0.01671017566620608,0.016686974982885402,0.016252525753849452,0.014729473635644457,0.014744288793016822,0.014675113749862134,0.011479505614549405,0.014689474036122812,0.053209889111572505,0.05402621361473379,0.0,0.06646545904139024,0.1516068594424339,0.03760428744344415,0.052446080230527214,0.051296886303192006,0.007733156759546983,0.00369740016585451,0.005053138005069715,0.0,0.011776323688846822,0.01171210023360482,0.015813211274636897,0.016479229955505936,0.0,0.01020591678365832,0.010748906476211309,0.0,0.013822364983700519,0.01109841962418929,0.01692913970397011,0.012772005464877155,0.015072847912904573,0.015849612311028202,0.03181765698435401,0.03180186180781089,0.008803170682271466,0.0087144099874546,0.010856595782556152,0.012783765448392938,0.015719370704849103,0.015611122996192078,0.012935566602783758,0.012953139181790628,0.01385501219627802,0.0151305121009983,0.012626619490371051,0.014347330756775484
2026-04-27,0.01671184362934999,0.01677338423187242,0.016749882250475297,0.016332164095818207,0.014699672130494569,0.014698085844891661,0.014646091129734924,0.011403904580581091,0.014652489208290043,0.05317691764895322,0.05394952256948048,0.0,0.06631185408318337,0.1512770872835159,0.037639282053009704,0.05269295957476374,0.05163152295682345,0.007752837976815633,0.003696682511922192,0.005045339170170168,0.0,0.011774485169714018,0.011705170528754045,0.015783159018034187,0.016490107873721273,0.0,0.010193561907950137,0.010729876290486816,0.0,0.01380161224250663,0.011141759155803115,0.01691285548326529,0.012749248081906294,0.015050288746453226,0.01579549708422456,0.03204627057282384,0.032038495199816254,0.0086909547907231,0.008714215166636143,0.010837542194451391,0.01276369592896091,0.015689294126106597,0.015584828166046392,0.012908214073998845,0.012894872950639817,0.013834266676860739,0.015105219206520783,0.012607139270516519,0.014315847162932951
2026-04-28,0.016809180931445077,0.01687459218800606,0.01684761310793157,0.0164181551419946,0.014643386810643526,0.01464286366330204,0.014592449469369042,0.011341153840649706,0.014594189251029777,0.053246380608052354,0.05405111890850072,0.0,0.06616071827728252,0.15064026399565753,0.037933501515791314,0.053605041368857805,0.05236568401533151,0.007704620402391053,0.0036710398708097686,0.0050081860393163926,0.0,0.011722110268299007,0.011628867653986994,0.0156645151508328,0.016398205215929725,0.0,0.010276567796001715,0.010684849849964713,0.0,0.013841396307528862,0.011112281421022541,0.016777655038639726,0.012758895737254335,0.01494820075992309,0.015850741563243332,0.03189901819578905,0.031946965277699906,0.008633335727043825,0.008669743155244571,0.010778111553556556,0.01272093410682971,0.015574403568946335,0.015536455692727606,0.012921689935681708,0.012839529760300427,0.013809636356784335,0.015043672264442103,0.012550778088647822,0.014261300147316745
2026-04-29,0.01702040513857481,0.01708621157853385,0.017059824053110108,0.016614706689197747,0.01482105666693397,0.014810068802714418,0.014769974127788184,0.01146139159639821,0.01476479399817817,0.0541182166868489,0.05490027432804164,0.0,0.06710293114738468,0.1525098214804559,0.038571474780571775,0.05423106492273393,0.05301962647667473,0.007787847574030554,0.003712377190013174,0.005055335144318431,0.0,0.01188511361013411,0.011766174015049351,0.015829704708902253,0.016629530541174088,0.0,0.010382192759673756,0.010788193379034649,0.0,0.013983861017502935,0.011288604116303195,0.016950042026447322,0.012919048283329926,0.015141022232627357,0.01606162978470187,0.032291474926023744,0.032365555287064834,0.00874019310417277,0.00877702572658905,0.010917121245639674,0.0,0.015767084950919528,0.015686176369933254,0.013077425858630934,0.013020427728858579,0.013952575873256346,0.015231932692865722,0.012701806379366286,0.014428680999295472
2026-04-30,0.0166186101586789,0.01668289269477152,0.016657103918125405,0.016220450621262535,0.014446559051465725,0.01443865205021061,0.014390531571758059,0.011184514180422815,0.014373080321057845,0.05259106241425771,0.0533122402202851,0.0,0.06537946999723357,0.14876865036222509,0.03748044865138059,0.0527208388775998,0.051580016341138686,0.00760528296205339,0.0036215671154154008,0.004863656894817591,0.0,0.011583422917711566,0.011407103913854473,0.015440073139709626,0.016175278260187467,0.0,0.01013415255977673,0.010476237679195425,0.013054905455062809,0.013639513595097373,0.011021744568406487,0.016554809344401338,0.012593301262686107,0.014730181028208333,0.015676250452797746,0.031653646139444186,0.0317554978994516,0.00853332655440904,0.008517733429691142,0.010669383545983157,0.012542948436327717,0.015336954606057697,0.0152951538825865,0.012704744351344022,0.01270042238869981,0.01359314301782645,0.014846876494218784,0.01238170496909107,0.014045861703612664
2026-05-01,0.01688069920853538,0.016945220909473615,0.016920833982598363,0.016462733089434745,0.01452684434687656,0.014530806298150253,0.014457007484593838,0.011319589307820267,0.01442464865291305,0.05357117371980632,0.05431757585042404,0.0,0.06657826727888523,0.15108680480695813,0.0381576072411893,0.05359997224625761,0.052403149675086455,0.007734867616569532,0.003682857030549697,0.004952348834094572,0.0,0.01177551588154347,0.011643220651196112,0.015627675423299996,0.016248436031126367,0.0,0.010312037284987498,0.010651133664941723,0.0,0.013683185796644185,0.01119696739078941,0.016732664177709685,0.012806604801288776,0.014775188788916954,0.015925518910319056,0.031924731663410574,0.032081547626272085,0.008634773228250422,0.008620237950803432,0.01076498337184262,0.012655386724310037,0.015361711157475358,0.015257721698591301,0.012718040422415259,0.012833216673318736,0.013668551485842638,0.014932372704007775,0.012495506439252466,0.014120062471227055
2026-05-04,0.017739144232502058,0.017807081495159426,0.017780910972115378,0.01729917520895608,0.015266379486960408,0.01527087251290768,0.015191487709734107,0.011896167858834987,0.015158141414913668,0.056296167162213404,0.05706838787388495,0.0,0.07015801438884318,0.15938107963173634,0.0,0.05690398375880917,0.055739666796455936,0.008132834417552678,0.0038687329505695455,0.005210345801401251,0.0,0.012608632700232306,0.012291530262334864,0.016422569750999164,0.017086289016747434,0.0,0.010815756214552948,0.011279810318294102,0.0,0.01435735734988009,0.011783248378748057,0.01761011570646737,0.013460569250045247,0.015520862105163579,0.016736342095842353,0.03358764899571349,0.03373969875850688,0.009075598826116993,0.009067537568305507,0.011310977460758126,0.0,0.016162488003413737,0.016025906172208185,0.013352647326521232,0.01349932271023929,0.014365195050086616,0.015693417754544397,0.013138611477287305,0.014839293073440299
2026-05-05,0.016842719667017596,0.016899148181676045,0.016882560393489142,0.016419590971939183,0.01442668458933435,0.014464012445887943,0.014350902545642407,0.011290013973414307,0.014272911204670884,0.05338444731336017,0.05408792664060377,0.0,0.06686843721386425,0.15245202912224867,0.03821139499937017,0.053795309087570034,0.052713529315232814,0.00772027966687793,0.0036640687284653084,0.004934324246137587,0.0,0.01195540487109979,0.011626283252467808,0.01556969722240381,0.01614116420251972,0.0,0.010285210383573658,0.010698015684013816,0.0,0.01359206674870953,0.01117510895139696,0.016723624272749697,0.01273158420567135,0.014723951432647884,0.015874729277798552,0.031975521143718016,0.03215063302991608,0.008614341041112623,0.008600030347665743,0.010736569985455097,0.01253314445448226,0.015280438581843926,0.015177531343342788,0.012626852937849951,0.012789797366620469,0.013579320950646066,0.01486489982316831,0.012313485449349366,0.013980302732974239
2026-05-06,0.01683438150499723,0.016890661981250738,0.01686829749268969,0.0164148300535072,0.014396396365692574,0.014467051067610221,0.014338882579664803,0.011294764684531984,0.01427692168264765,0.05351184972241628,0.05423898817772901,0.0,0.06733267572342215,0.15335768688869159,0.03798662806178002,0.05363153397601742,0.05253833741456565,0.0076784588385633915,0.003646318560495179,0.0049012337697189705,0.0,0.011815726684993401,0.01156202617179949,0.015547791629302579,0.016096104135409395,0.0,0.010209686773252265,0.010666799774195353,0.0,0.013589086241410168,0.011152264647626338,0.01663399993604298,0.012663214729231929,0.014667099572179045,0.015882580066066847,0.031821176040085414,0.03200740902505491,0.008827021892934413,0.008543083871858941,0.010673827617115,0.012473046698078662,0.015336191606853384,0.01514210523879798,0.012696428981202585,0.012817279274241268,0.013546283570030822,0.014844986820555487,0.012222107650350126,0.013956772805339383
2026-05-07,0.01686474330409945,0.016913107961101452,0.016892455557112815,0.01645062062011202,0.014264677943538993,0.01433156562195395,0.01419067201137905,0.011214295804747115,0.014139069911035118,0.05359122050946258,0.0542920035152896,0.0,0.06743662241183009,0.15364675865974717,0.038078423378014634,0.0538135910921724,0.052695468996089165,0.007720362163726619,0.003647249369694603,0.004866261570161653,0.0,0.01187335949942491,0.011441325993761488,0.015561047385654917,0.015910627845416275,0.0,0.010199093103216521,0.010529198446757398,0.0,0.01349156586100825,0.01120251095831928,0.016726634537597745,0.01269018719035535,0.014672546911646057,0.015882084313883424,0.03189899859394576,0.032126817237411426,0.008954542753260986,0.008611596341852495,0.010645061316901397,0.012421876307973251,0.015252776298837664,0.015216945090790707,0.01258702997635497,0.012877076837726986,0.013531906389533865,0.014772073030439257,0.012067798285069762,0.013806149091591492
2026-05-08,0.016939315352052543,0.01698502077666331,0.016968584440797838,0.016511479853291076,0.0141924218564523,0.014265428177424213,0.014102358353938258,0.011206301316217988,0.014016793999939882,0.05366949403191126,0.05433595374120954,0.0,0.06757285406459393,0.1537759404666146,0.03805474486993672,0.05365522213514013,0.05256932936680276,0.007773624937151462,0.003655639585805395,0.004889917789746837,0.0,0.01188447000362891,0.011495398843271633,0.015596569707239327,0.015862345083780406,0.0,0.010230964699185892,0.010498457720670836,0.0,0.013462645998844447,0.011240276186940621,0.016757243573750556,0.01263731902880127,0.014684566396250105,0.015915181122533206,0.032098128680250894,0.032289523616197566,0.009037236329888967,0.008569166708526353,0.010656673346711814,0.012337357257267086,0.015028228560552274,0.015223230691924461,0.012503648803296243,0.012898602447553961,0.013487758652104696,0.014776367037112634,0.011997798833148237,0.013690415554877503
2026-05-11,0.01693148986866949,0.016976919323438082,0.016962390111356557,0.016510515271156986,0.014181910114333098,0.014240677694327694,0.014091965409718393,0.011189706721527904,0.01400812345125419,0.05366831915566766,0.054333473408509005,0.0,0.06759120595257816,0.15371869484847,0.03800973504823762,0.05352994218928211,0.05246941283176576,0.007794208857694645,0.003661972158504944,0.004897166342878172,0.0,0.011923339138982587,0.011539829738,0.015608858704455454,0.015876424225807293,0.0,0.010122546002638379,0.01050312531731239,0.0,0.013469659253267685,0.01125732939930304,0.01677044908254948,0.012656226611453228,0.01466730410200545,0.015922812145844324,0.03229406522629353,0.032422262559749414,0.009038282079437895,0.008580532681726732,0.010652724905956151,0.01235353821308526,0.01502261013645514,0.015232901671585508,0.012525881876167513,0.012893453809661653,0.013442293082435839,0.014760190341955455,0.012002831673430367,0.013692699261069419
2026-05-12,0.01688850278132969,0.016929765034755986,0.016917619621223443,0.01647361668101992,0.014132917036568519,0.014193474397517098,0.014044603425696094,0.011149456979814868,0.013958613933863575,0.05384830524982111,0.05457353471109088,0.0,0.06816173495713461,0.15465274672666152,0.038001462873224826,0.053251258891819205,0.05218618559073647,0.007790311478191937,0.0036265809300831476,0.004875292144249179,0.0,0.01180126599676981,0.011426806767136633,0.015561324311866114,0.015895590720139997,0.0,0.010077576316052854,0.010402860178800629,0.0,0.013440675187923384,0.01122675479615532,0.01665975653787719,0.012612704861849905,0.014613637153284611,0.01579711927627783,0.03243991756802547,0.03261393921529138,0.00900049633018557,0.008647276094378997,0.01061587543013449,0.012307068293077568,0.015000255077834852,0.015182115485876639,0.012483120798863184,0.01285058268097103,0.013379321998165949,0.014707100176689225,0.011950427361840394,0.0136504479397286
2026-05-13,0.016693082104180756,0.016732621096359698,0.016722732206762212,0.016280211355727294,0.013961037556757467,0.013965546443708437,0.01387354331472535,0.010865723520281053,0.013778619416765892,0.053067221053300334,0.05376536574832369,0.0,0.06717280866565548,0.1526113534309642,0.03748324142324293,0.05259112397807015,0.05153346700177527,0.007700610293876018,0.003584987363500279,0.004802889155668118,0.0,0.011648994679504662,0.011243633677217738,0.01539775645663586,0.015680752664751753,0.0,0.009929064687854726,0.010288302101300092,0.013383879440160886,0.013278770960489978,0.011084658569218543,0.016404863550937725,0.012465444108941556,0.014445474293571365,0.015629128680139007,0.03205135240230581,0.03224681253439339,0.008789335286646865,0.008536279743810672,0.010492105601694446,0.0121346631159309,0.014830971749778734,0.015006761459135124,0.012326379125920262,0.012544887635343303,0.013180079743769977,0.014521819771953872,0.011799966692776526,0.013471676136171286
2026-05-14,0.018293954879285527,0.0183465538864671,0.01833938460190743,0.01782851172473248,0.014789246460153194,0.014797149670464154,0.014695901255421723,0.011516846459764408,0.014592731841469633,0.05646968222021032,0.05722804553186768,0.0,0.0,0.16339269274953894,0.03971978764409414,0.05747961147957298,0.05691295370622142,0.008207384511208077,0.003799252260506211,0.005086220078049388,0.0,0.012375159470354545,0.01189371770372201,0.016290577857705008,0.016609751158360164,0.0,0.01076194212262012,0.010984313360455002,0.014350836790176555,0.01432619109859668,0.012171706327190302,0.017379217736899176,0.0133277803048526,0.015268752491868305,0.016730005505861806,0.03477211470322962,0.03491638027351457,0.009342419365756428,0.00892771465746045,0.011117331824319163,0.012874368235697117,0.01570578832525443,0.0158639099749845,0.013056591055792086,0.013338992828443556,0.0139639166308926,0.015386304640015072,0.012502134138375847,0.014266170456667391
2026-05-15,0.02467446022072411,0.024752665294709743,0.024736484866706748,0.02405442820560552,0.0199535505879685,0.01996781375562229,0.019823725513108754,0.01554215747031626,0.019695415113566702,0.0,0.0,0.0,0.0,0.22043694652322307,0.0,0.0776037051711506,0.07682724039822637,0.011070071022960624,0.005106062008014207,0.006876433162501208,0.0,0.016710591910748154,0.016078132449102653,0.02206561034596172,0.0,0.0,0.01456177197921738,0.014846237915227774,0.0,0.01934143921577551,0.0,0.02358960907852816,0.017974361087296345,0.0,0.022628262106112653,0.047280257758198344,0.0,0.012607596400762734,0.01212699701350162,0.014988934112734303,0.0,0.021178268913216423,0.021408662838689047,0.01763729026001167,0.018005350662129212,0.01894066211972453,0.020764732920153572,0.01688766779217621,0.019256403806327316
2026-05-18,0.02272292481739409,0.02279226270350888,0.022778814753650546,0.02214596971236372,0.018353698401820984,0.01826812619692809,0.01824908222748215,0.014155144946795926,0.018097406588347912,0.0,0.0,0.0,0.0,0.20358547537765936,0.0,0.07161263502607389,0.07106566244991229,0.01024711854655716,0.004678945850039512,0.006355120232561524,0.0,0.015279283396418177,0.014903643669937941,0.02036840353248245,0.0,0.0,0.01342886740813839,0.013678275892516746,0.0,0.017796135115869572,0.0,0.02186142254541812,0.016455075343180327,0.01884035751497291,0.020918909944192817,0.04366336545798395,0.043658012063802404,0.011460983813235345,0.011175612189049978,0.013886047134287559,0.015989363071025813,0.019356822318756437,0.019733719817057675,0.016259046995702256,0.01640846160519469,0.017447332467597585,0.019100240799156322,0.015528536067920677,0.01769369400500599
2026-05-19,0.023266010665642285,0.023337156475540393,0.02332319743433421,0.022669732872951626,0.018796151274636408,0.018709534985130952,0.018690057252959788,0.014486186549729663,0.018470497419896363,0.0,0.0,0.0,0.0,0.2101961938003402,0.0,0.07334627498939841,0.07278709534613026,0.010502730698151202,0.004788636745753032,0.006511019599195933,0.0,0.015658802203545666,0.015278772054753956,0.020956666374428667,0.0,0.0,0.01371834659283541,0.013946669325357933,0.01899529012502913,0.018245649119174638,0.0,0.022513802595727234,0.016866502756034837,0.01948161244813857,0.021385232972784694,0.04468752471236341,0.0,0.011729336966591666,0.011428721943090674,0.014231283850927317,0.016260293099847202,0.019655859228723607,0.020228023663584376,0.01670328964730725,0.016793305329120572,0.017827571613967457,0.01960080431231335,0.015849345390519742,0.018076817564041937
2026-05-20,0.021951008881201366,0.022022767553649777,0.022009129793942515,0.02139698068952495,0.017723596289822487,0.01763175495786551,0.017626692577364215,0.013653650911717172,0.017418730645062407,0.0,0.0,0.0,0.0,0.19817627359623075,0.0,0.06912503433640937,0.06859969336370884,0.00990903697969616,0.004508997536695798,0.006142006394276457,0.0,0.014850216340812045,0.014429276190345734,0.019868541029647073,0.0,0.0,0.012945587148852683,0.01315633000000852,0.018053711297873618,0.017214978122533798,0.014658778758933448,0.02134474328316145,0.015788903576704448,0.018455444902138397,0.020156911297742667,0.04219151732623084,0.04206974387655049,0.01102511368228922,0.010740334631065091,0.013429244558550602,0.015342534308505481,0.018533869179293883,0.01910064971949068,0.01574873601011156,0.015772374449868037,0.016776758393510147,0.018447203432911202,0.014944068521860586,0.017059075453840417
2026-05-21,0.022946816000545305,0.023020597833904734,0.023005789422077153,0.022353281707283228,0.018514330409218464,0.018402433122131294,0.018409606811375878,0.014259922647988582,0.018160083023905496,0.0,0.0,0.0,0.0,0.20696917305951418,0.0,0.071565140440424,0.07114651416454891,0.010386776181761273,0.00472384875623632,0.006377956463449006,0.0,0.015524477762157955,0.01499449450147219,0.02074408496834096,0.0,0.0,0.013505084520814763,0.013716735840252082,0.0189640271021519,0.01800586670651386,0.015227064612184406,0.02234952791002414,0.016504059625310423,0.019351434888247993,0.021132548432586357,0.04447979483131617,0.0,0.01151953057245262,0.01121634079555024,0.01406542395760761,0.01606044158144201,0.019363988320213014,0.019948217767748713,0.016477229493843826,0.016507826730956642,0.017489685103871704,0.0192664901600208,0.015506290332171054,0.017837063438384818
2026-05-22,0.021450108831079322,0.021521690773016456,0.021506704420436357,0.02089329486092071,0.017299107981209913,0.017188017393056386,0.017196129262614244,0.013314083843149383,0.016972284405382402,0.06577108508026576,0.0,0.0,0.0,0.19331880341141672,0.0,0.06686877959229995,0.06647027449854721,0.009723121999105045,0.0044153875520109645,0.005954726433268294,0.0,0.01455925788421128,0.014021729203927672,0.01940004893117219,0.0,0.0,0.012614931433038873,0.012807146316085082,0.017700922537178112,0.01682675672634406,0.014224478004157111,0.020814828605116697,0.015412039576565428,0.018032489151675463,0.01974745029149125,0.04160280940524795,0.0,0.010710304343316419,0.010476094316790401,0.013143661585171463,0.015006207193625831,0.018095880552985666,0.018630328535121726,0.015391752665576408,0.015423659670140007,0.016347096709333757,0.018000560627091815,0.014483311401597572,0.0166626539952585
2026-05-26,0.019337948679648248,0.019398330959752578,0.01938683405310589,0.018835094360993183,0.015444054651789359,0.01533944341402407,0.015350209624902656,0.011875647752351233,0.015148491981085137,0.0595341635015932,0.06058584861543206,0.0,0.0,0.17262102243655522,0.042472275697606005,0.0606223056452903,0.060259238237853376,0.00866965201223613,0.003936438931879962,0.005313182651968305,0.0,0.013006578460740513,0.012499578723473495,0.01767084411008434,0.0,0.0,0.011299627064785652,0.01147659631189396,0.015951011177423643,0.01509501938001315,0.012767962872014186,0.018649053659632604,0.01378906220479802,0.016201449303757304,0.017627620563828442,0.03719656978095059,0.0,0.00951230771008716,0.009344264337722367,0.01173947232446136,0.013383061141188757,0.016136925161858145,0.016634766112041278,0.013733939356641833,0.013708257766160569,0.014596098386527303,0.01606912131775421,0.012917278904151088,0.014863350659942796
2026-05-27,0.01935704928590956,0.019418482466753532,0.01940682904363315,0.018850748984887658,0.01543956123038892,0.01526090343480795,0.015347516782195932,0.011699614438660483,0.015143702559249274,0.05966150471170957,0.06070017408283235,0.0,0.0,0.17264011332809173,0.04263890387953824,0.06061201061632465,0.06024957565865336,0.008693790429730461,0.003945314508512084,0.005312000229200637,0.0,0.013030929563723663,0.012472861369245006,0.017712639072687747,0.0,0.0,0.011244029254564681,0.011385849419381184,0.015974253626391256,0.015065422631300129,0.012796360199319262,0.01858035714371921,0.013776184117006967,0.016323093070095853,0.017667875542365114,0.03730521670328014,0.0,0.009322536715028525,0.009366792297807422,0.011738715947937434,0.013328340524390293,0.016156563884934798,0.01666723899955628,0.013755708027578178,0.013563936818660517,0.01459417088679588,0.016033640129070662,0.012894938129954278,0.014864550254125829
2026-05-28,0.018688195680868606,0.018744170830050144,0.018735891351456996,0.018188616299668878,0.014867526750367186,0.014698093959877605,0.014779785189925992,0.011271652532668373,0.014587480415323466,0.057499203785779364,0.05850151570797681,0.0,0.0,0.16642282155316032,0.04107126982078852,0.058382471393250396,0.058044274237006734,0.008387937690492784,0.0037944083202476205,0.0050898033364492135,0.0,0.012522580227152028,0.011953728743148461,0.017057514152198004,0.0,0.0,0.010849779569787367,0.010934001873317122,0.015390758378365446,0.014519057726361638,0.012291422557268795,0.017836689217422163,0.013271774713169189,0.015767080224094662,0.017019706910342144,0.03619891377510575,0.03628261134065563,0.008982096653270124,0.009014434902421313,0.011309289053236402,0.012858827597202102,0.015579997764514436,0.01605773083625266,0.013269640507111435,0.012995910605385517,0.014058664419923315,0.015449438670852139,0.012449088927048118,0.014324141799035087
2026-05-29,0.017561462484541705,0.01760973183197077,0.017600204506706785,0.017070798025769756,0.013845908289355838,0.013654425534689364,0.013764223409295968,0.01045661584243364,0.013559030461806966,0.05360319933967649,0.05458612089357267,0.0,0.06791933291099629,0.15432952808713343,0.03854671670762232,0.054764007867408995,0.05451547572023721,0.0077935998440350415,0.0035196181972885336,0.004722797961592276,0.0,0.011597521297401001,0.011098100421371845,0.015944910749509114,0.0,0.0,0.010105035410556075,0.010147111494394732,0.01427444045500876,0.013542479939771503,0.011544983920273444,0.016582634143380515,0.012369054064211646,0.014591118082943763,0.015894985598407144,0.03368188285319773,0.033766705261789896,0.00832581296912563,0.00836904302662615,0.010573966788926482,0.01204874981925216,0.014444620647356663,0.014907589111550454,0.012321354256593678,0.012054194088514191,0.013099059326698798,0.014386798390139002,0.01158961024572632,0.01331543972113915
2026-06-01,0.01915427110975147,0.019208188709796337,0.01919634229502913,0.018618544849685358,0.015129611800464194,0.01489970289636661,0.01503926500935176,0.011391940627563258,0.014799491793273821,0.05845096816266971,0.059559808980486496,0.0,0.0,0.16834772798680062,0.042024776415319,0.05964139343029227,0.05934655416646218,0.008482579989501055,0.003833397753627571,0.0051400000311039185,0.0,0.012640891270356195,0.012073326549878704,0.017319967375715978,0.0,0.0,0.010955498025007986,0.01105365421179137,0.015519805034440526,0.014750680908426541,0.01256963144973342,0.017896594878453277,0.013513737547119119,0.0,0.017268025691360902,0.036712286063443914,0.036820518599966656,0.009071967927515245,0.009120737205139095,0.011568573160736494,0.013157536599936806,0.015772256141385894,0.016233036981489386,0.013436147485609732,0.013123939489172497,0.01427146617543675,0.015696282163108557,0.012651450348086382,0.014537422709143858
2026-06-02,0.020588650425681337,0.020647000576794805,0.020633762005742535,0.02001089545510826,0.01625556389461365,0.016014737005452185,0.0161602539890179,0.012182714040404316,0.01589601367654378,0.06306098014133445,0.0642536747819755,0.0,0.0,0.18112577952411757,0.045301638106572326,0.06410489375098234,0.06377101551029421,0.00910208741693088,0.004118807849374658,0.005495514586699045,0.0,0.013538398852754846,0.0129375987416387,0.01849161659068241,0.0,0.0,0.01170305508091291,0.011845805247559843,0.0,0.0158434314332938,0.013401777064911222,0.019172127383524324,0.014517734417176372,0.0,0.0,0.039555416871146346,0.0,0.009675942904134685,0.009796719128823843,0.01243541242506457,0.014140489264238044,0.01693727261889664,0.017441685753755185,0.014435043608791172,0.014094099142789553,0.01530748102452977,0.01678602255647785,0.013599272209885799,0.015619614941372187
2026-06-03,0.020855617805758054,0.020914571361060254,0.020901051796204256,0.020267915992419096,0.016456229145509253,0.016210331085325543,0.016359105481217683,0.012358309099181834,0.016094538589777645,0.0639770907353028,0.0651439352298271,0.0,0.0,0.18403489369616957,0.045936012273123,0.06492824913253221,0.06460269151578761,0.009222598587153298,0.004172655652583563,0.0055646432599789,0.0,0.01371596219620439,0.013117676014228809,0.018718867742062075,0.0,0.0,0.01184212594750163,0.01199878685890475,0.0,0.016015297956608426,0.0,0.01945898762814602,0.014672041643172195,0.0,0.0,0.04006291992783381,0.0,0.009810814794224814,0.00995134085812952,0.01258890534264804,0.014322257651382769,0.01714870424088867,0.017607579692975744,0.014597746308885749,0.014284127448587257,0.015508335277633003,0.01700442416261909,0.01376341754185231,0.015809240326599205
2026-06-04,0.02048254804623961,0.020534048637085904,0.02052823837907119,0.01990139711250558,0.016200551757020527,0.01593223891440214,0.01609547363247908,0.012129543237552996,0.015812897166780457,0.06298762249556232,0.06411011297965111,0.0,0.0,0.18129965661098033,0.045189685391999024,0.0636703500400422,0.06341621998880942,0.009105078178363632,0.0041135295143522495,0.0054812653252415714,0.0,0.013471144122389636,0.012970541290580782,0.01841239012254259,0.0,0.0,0.011634579332374348,0.011803473563402443,0.016518484187539585,0.015754401771833168,0.0,0.019132155762461488,0.014438688410113809,0.0,0.0,0.03961599913118211,0.0,0.009651105842721896,0.009701619037858026,0.012402795479654442,0.014023984730119666,0.016842347330284432,0.017252474522035013,0.014363429580230912,0.014004768851811476,0.015219636912279505,0.016748625168978244,0.01353088461955542,0.01551601282191153
2026-06-05,0.02407210294330743,0.024126589656517795,0.024125026326472596,0.02339396185650475,0.019045383355587926,0.018729349332193352,0.018914394074666233,0.014215188215226084,0.018556836213376504,0.0,0.0,0.0,0.0,0.21283048187885034,0.0,0.07479117325317523,0.07455452630149524,0.0,0.0048320036770271345,0.006421337039344785,0.0,0.01582385263415291,0.015191576931119787,0.02144312788932812,0.0,0.01944610006746423,0.013643284302908155,0.013882267615500505,0.01900671297691132,0.018474676730997928,0.0,0.022472601910412657,0.016987115453008236,0.019527313287847393,0.0,0.046786490359155705,0.0,0.011320113400390385,0.011404632655510765,0.0146027822026238,0.016468353537945787,0.019764194332264902,0.02019234739649416,0.016871097054867938,0.01644695374208134,0.01785351305208941,0.01968477555275882,0.01587607789811797,0.018221684892301932
2026-06-08,0.02501569398135204,0.02505211332463199,0.02506247558544556,0.02430169482726373,0.019982416106169805,0.019358703220893864,0.019856024020466236,0.014382210148015362,0.01960917543026788,0.0,0.0,0.0,0.0,0.22555795635257408,0.0,0.07901535184813935,0.07897070520955915,0.0,0.005096979451173322,0.006828561671500284,0.0,0.016675379404739843,0.016070347623386116,0.02282364683358986,0.0,0.0,0.01380864278180291,0.014800716726644904,0.020240333618883,0.019625270098960347,0.0,0.023772118122896816,0.017976954966005095,0.0,0.0,0.04973375883235535,0.0,0.011565088157008997,0.0,0.015281696439312114,0.01741963299348899,0.02099662861046388,0.021201732416643675,0.017642793975023555,0.016767410763258217,0.018820515014931677,0.02065127932571891,0.016785815373706006,0.019250176743726945
2026-06-09,0.020307671147123757,0.02033576451730581,0.02034407559867837,0.019730740666647057,0.01619433386247885,0.015680156977557688,0.016092539336044473,0.011629138683566345,0.01589771633362556,0.06421445066352358,0.0655104794057402,0.0,0.0,0.18359158671137016,0.0459780018504352,0.06417060994407427,0.06415547939572315,0.0,0.0,0.005535479960209507,0.0,0.013528252845747116,0.01302534165519017,0.0184051116125114,0.0,0.016802283566833144,0.011155376518286141,0.011989276639866844,0.01641151016769878,0.015910006822606168,0.0,0.01932201214914032,0.014539478942844922,0.0,0.0,0.04033537321404683,0.0,0.009350887981096368,0.0,0.012384944340381522,0.014127360129379237,0.017026615873068366,0.01719293017736138,0.014307071041575109,0.01359796762242266,0.015262509890406308,0.016747361568512843,0.013605406828400684,0.015604695358519523
2026-06-10,0.021992193338444665,0.022022368271496045,0.022031157786384835,0.02138712830276125,0.017495842807660325,0.016939583517165683,0.01738703860208077,0.012562858214962003,0.017171804305689178,0.06996240910148913,0.07145458754366492,0.0,0.0,0.2001333969623647,0.0,0.06931072645388,0.06928257913998552,0.0,0.0,0.005969626071945308,0.0,0.014592348194887684,0.014034746743856791,0.019613782582480654,0.0,0.0,0.012006644878406927,0.012949395279077893,0.01770372355328362,0.017167895243295466,0.0,0.02078335163700382,0.015641407035961213,0.0,0.0,0.043709016204715935,0.0,0.01010255942306171,0.0,0.013358335962298556,0.0,0.018388859100099013,0.018571767736565166,0.015446021880046,0.014690806319309425,0.016497536268210666,0.018091428834716587,0.014693234625762509,0.016853838076985928
2026-06-11,0.018453122027461473,0.018473600171792837,0.018486209871746477,0.01795971333184895,0.014754502032280181,0.014277596584889076,0.014668921667089763,0.01060356065625172,0.014490306661980687,0.0592681461576893,0.06053955172539898,0.0,0.07553418086977899,0.16968255109962266,0.042303263878134705,0.058618079008703076,0.05859458741061355,0.0,0.0,0.0050518212072815346,0.0,0.012315705639656487,0.01188704984855325,0.016613507977602585,0.0,0.015401456175754736,0.010108285471476316,0.010944725084597982,0.01495110226883801,0.01419012070598055,0.0,0.017464466359538754,0.013129236820623058,0.0,0.0,0.03705418479743956,0.0,0.008504188860579808,0.008972157927316265,0.011261712994962252,0.012859222847346627,0.01553195481860476,0.015717554978359142,0.013082280892254836,0.012407156482494734,0.013967671270012583,0.01525173616905598,0.012397643492348122,0.014227163754039476
2026-06-12,0.019580648997293202,0.019609951222439383,0.01962036835449475,0.019053485690628133,0.015483129601104624,0.014960799414754993,0.015389617968462836,0.011122498955693805,0.015203149636985398,0.06280218453708826,0.06410441567917866,0.0,0.0,0.1800222288596194,0.04474384321097606,0.0621173543034081,0.06211817187797943,0.0,0.0040226949480237145,0.005378682703285477,0.0,0.01312933897489306,0.012689449814575426,0.017800315828831285,0.0,0.01645299318775688,0.01067749673598623,0.011683079263266727,0.016012667353292757,0.014892001015360581,0.0,0.018676834537340384,0.01381007713889327,0.016452669836270105,0.0,0.03955880621028755,0.0,0.008997798348135147,0.009531727709821896,0.011900029294528507,0.013628861366913173,0.01640638970687006,0.016749113872592536,0.013841721534765063,0.012968631844319492,0.014730640321903332,0.016119150090228566,0.013040548305560598,0.014916431746191179
2026-06-15,0.019297513002289383,0.019325679774937328,0.019335772453803447,0.01877615394367974,0.015263158004604222,0.014745155229406089,0.015171005656312133,0.010962872310349321,0.014986735187486241,0.06207946570521295,0.06334528407914644,0.0,0.0,0.17843803043540554,0.044166023800966195,0.06123605811714668,0.06124594276640908,0.0,0.003966003120503934,0.005314799480810473,0.0,0.01292667164444204,0.012523486031028036,0.017526924689221148,0.0,0.016151080404514885,0.010522101904044389,0.011534812236826135,0.015782399340850104,0.014672792589744998,0.012982244809248518,0.018397656127531345,0.013566247303206973,0.016177349946769164,0.0,0.03907449169749134,0.0,0.008869799285081815,0.009413120058002138,0.011729701289141624,0.013434528268111373,0.01616517730084772,0.016511760765670274,0.013633228465373862,0.012782994339721429,0.01452088606834578,0.0158852431723239,0.0128555042681606,0.014704144925830939
2026-06-16,0.01772352817867466,0.01774522411058704,0.01776153315636386,0.017264627300652726,0.01414737889691848,0.013616149877430544,0.014061365844503137,0.010053782910459807,0.013902152629453476,0.05775605351881515,0.05895240375455518,0.0,0.07358264105993086,0.16552873874296942,0.04112930405610489,0.05673858361355691,0.05673891375839233,0.0,0.0036696315522352215,0.004908811492000937,0.0,0.01194779243379572,0.01157838581807753,0.01622419920048613,0.0,0.014960890057358924,0.00963309570802134,0.010528071553710818,0.014627311466465377,0.013553793102561109,0.011985934816639017,0.01705417491569719,0.012567345965931207,0.015031345135300302,0.0,0.0364926204138213,0.0,0.00816431546006836,0.008721694707047275,0.010826757450520448,0.012435268637212461,0.014986956386613822,0.015299417587443683,0.012619674279490704,0.011749365952828097,0.013459726732000642,0.014715367076116946,0.011903822077355302,0.013651848611831514
2026-06-17,0.019463454473372534,0.019487862561491282,0.019505508843885813,0.01896713120979197,0.015542547454860329,0.014957054195860752,0.015450344960081873,0.011004668812686453,0.015293400473443594,0.06350667137113533,0.06481840562878147,0.0,0.0,0.18156056445193464,0.045320794226013685,0.06232704345692733,0.06234431379750434,0.0,0.0,0.0054005685670390465,0.0,0.013108961850930974,0.012805439800985464,0.017807987162515606,0.0,0.01646212992729222,0.010480392323503698,0.01155648955552002,0.0160218841560472,0.014852262779769764,0.0,0.018756162637904698,0.01378903244415637,0.016451492413809818,0.0,0.03995878398868879,0.0,0.008912568060632309,0.009542288912093765,0.011863797709626651,0.013674566951544056,0.01642756577401515,0.016750789737068613,0.013812714187533413,0.01285850313028551,0.01484313944083722,0.01615839313432046,0.01311244091433429,0.015041878521773385
2026-06-18,0.019241385028264082,0.019267742653039942,0.019290795962799867,0.018757904281536016,0.0154121013679989,0.014834132942429764,0.015319033900478467,0.010929116582450178,0.01514990552299808,0.06278944823965445,0.06405870229445516,0.025091098350098283,0.0,0.17518620180893302,0.04489783786271014,0.06156353071134979,0.06158181263854579,0.0,0.0,0.0053621569283000756,0.0,0.013006332242121658,0.01269446548715685,0.017359498129299347,0.0,0.016364379367640028,0.010414689455151565,0.011442445702339177,0.01581872422064445,0.014742265995276163,0.0,0.018327715005337586,0.013647712595086644,0.016258933262488968,0.0,0.0392372918663781,0.0,0.008839745824955976,0.0,0.01176883042741543,0.01355500275454052,0.01622831017561853,0.01651020506184356,0.013678230344627326,0.012770517775921236,0.014686540811323463,0.015998112908724115,0.013006271801880269,0.014910871708186741
2026-06-22,0.019553547630455907,0.019580781610472116,0.0196101501177745,0.019046439220926643,0.015714042064587524,0.015094567878855636,0.015614481768500388,0.011022374473839667,0.015462856446414751,0.0638234862475559,0.06515406714045516,0.0,0.0,0.1773757388269162,0.0456575246859054,0.06238121906701208,0.062428344919662246,0.0,0.0,0.00547758893940644,0.0,0.013217184786391044,0.012973489536207833,0.017648037194812633,0.0,0.016610830776820684,0.01051049032744088,0.011596320732414738,0.016148505684177757,0.014990948058761578,0.0,0.01865453425160207,0.013889113937554725,0.01653776764972178,0.0,0.04000586209560294,0.0,0.008886001118716463,0.009649077830958298,0.01193876753811512,0.013844183756630414,0.016496383279038292,0.01678529659713423,0.013934739060525416,0.012965923443348704,0.014965312930385888,0.01628854706746786,0.013251731246072177,0.015213740061357575
2026-06-23,0.019841296052762934,0.019869238419192647,0.01989991994575431,0.01932640341985872,0.015954003096369348,0.015323143905437278,0.015852404546494087,0.011188845171157601,0.015699376004498503,0.06461134165748261,0.06594810624134827,0.0,0.0,0.17956339653864145,0.04628725326029685,0.06333737500496492,0.06338285673617243,0.0,0.0,0.005555034516667654,0.0,0.013416905311810865,0.01315687032079797,0.01787069393412095,0.0,0.016851824870639596,0.010669801150519916,0.011762452350207344,0.016371594019385108,0.01521115321967974,0.0,0.018913549356590256,0.014103727396510266,0.01678192287114331,0.0,0.04060977328403834,0.0,0.00901495653876024,0.009779074026237664,0.01212802600774829,0.0,0.01674057774515502,0.017047097676101464,0.014144423358893576,0.013162406438324972,0.015191981686296622,0.016539236708805475,0.013445340021298643,0.015446617189834491
2026-06-24,0.017997556699305004,0.01803171592792424,0.01805691109912604,0.01754751043715348,0.014477884966767956,0.013759718198252772,0.014381277593895346,0.009885528169117449,0.014319377142412545,0.05904436993145079,0.06025031561263985,0.02374145074746065,0.07416137183167769,0.16408110301282314,0.0422926177033383,0.05801463785478788,0.058053070374110845,0.0,0.0,0.005074500566868509,0.0,0.012080531576564451,0.012003483466569223,0.01626214128496313,0.0,0.015397985126841825,0.00958546444658524,0.010753836808680655,0.014909987277366235,0.013782566310472356,0.0,0.017136050701300535,0.012850338787488204,0.015318207390711996,0.0,0.03707618735917642,0.0,0.008079582300262025,0.0,0.01086633636358281,0.0,0.015321766649772804,0.015581785206634838,0.012906240285729283,0.011777712798248624,0.013836216655870466,0.014995494522508129,0.012228692100831547,0.014078474710726565
2026-06-25,0.01788769181864587,0.017928253895636785,0.017950522443026234,0.01743585786888786,0.014365956603602124,0.013651126897853912,0.014268012504838666,0.009804320668119862,0.014211570967429834,0.05816523473687031,0.059443059519232955,0.023312810730895195,0.07335492890254233,0.1627792560172372,0.04182458699173789,0.05756160039245695,0.05759392644490309,0.0,0.0,0.00509135455644809,0.0,0.011852613603564993,0.012034252839667928,0.016211680010989066,0.0,0.015315167246017801,0.009505248050542942,0.010709226396063191,0.014765630286889826,0.013675440441660863,0.0,0.017017194865758374,0.012756838941963165,0.01520347815071141,0.0,0.03681836283971311,0.0,0.008007263256937038,0.008868076760191822,0.010772334790103897,0.0,0.015198870759039832,0.015431813683894336,0.012807365922258243,0.01169200557693027,0.01374064951665983,0.014884839717588891,0.012130744738545574,0.013970829643942157
2026-06-26,0.017912231194673268,0.017951067067338997,0.017974687965399538,0.017463954119193856,0.01435952195316275,0.013660143466697871,0.014259382534112628,0.009833681361125056,0.014208399571328991,0.058347015603701355,0.05949006132335221,0.023329905524301916,0.07333400971100566,0.1626819028858831,0.04188824640396299,0.05756989507336449,0.05758610554844452,0.0,0.0,0.00510066144560398,0.0,0.011800852454320202,0.012068980490239991,0.01618072848226443,0.0,0.01535289194305485,0.009505456669044272,0.01070365439490809,0.01471467093390353,0.013553116466471274,0.0,0.016965076590797577,0.012710673240033235,0.015164606969578324,0.0,0.03687381840099199,0.0,0.008028989698972033,0.008852943991585769,0.010754140620360245,0.0,0.01515222765506932,0.015403611345820516,0.012801515673276417,0.011740244225335856,0.013744462013622338,0.014883990471694059,0.012134379894558692,0.013958094621443755
2026-06-29,0.017678399886171745,0.017702910219825632,0.01775649458344557,0.017270085309978388,0.014198745450210638,0.01349689239156224,0.014101043605310986,0.009709993711423457,0.014053019961386507,0.05769724896238991,0.058824298953493497,0.023075135825214158,0.07239435309370905,0.1603751452342433,0.04144236802367386,0.05692818048587064,0.05693935776809887,0.0,0.0,0.0050266843851509225,0.0,0.01167146327942827,0.011901229297308897,0.016171211645029444,0.0,0.015187419394401883,0.009369442444858453,0.010585737817486516,0.014283283230559591,0.013357591014125344,0.011894632718200312,0.01683260690024212,0.012587235105479898,0.015049947293552007,0.0,0.0365061104681072,0.0,0.007915970546820464,0.008761003521279113,0.010632508889343625,0.0,0.014987602045252128,0.015254135081110079,0.01266104844223792,0.011607828221337385,0.013577609324297066,0.014718715362659689,0.012003173604838912,0.013812136500884116
2026-06-30,0.01773779970351093,0.01770983675512577,0.01782367387929722,0.01738391924297424,0.014354729529307018,0.013643195322658707,0.014250431399620525,0.009806360387596462,0.014181707705899873,0.05838850605436119,0.059546889292087124,0.0,0.07330868754474007,0.16239193849795258,0.0419147562785358,0.05753622825602086,0.05761057320793607,0.0,0.0,0.005073158782239179,0.0,0.011780491350796903,0.01201767474436054,0.0163138884626962,0.0,0.015351090532295122,0.009421008862792214,0.01070564333817517,0.014421782598735998,0.013496944913874402,0.011926278349089343,0.016987203204140093,0.012656744869715481,0.015209404306464124,0.0,0.03689657436756737,0.0,0.007959502208530887,0.00887038968635639,0.010784560437471545,0.012668371697039634,0.015144781925975848,0.01544253589985283,0.01282693524423899,0.011716364456813688,0.013754264317269225,0.014937829303883696,0.012102968320703244,0.013944374761297292
2026-07-01,0.019331524909678162,0.019309610204334415,0.019418246240030104,0.018943403328040256,0.0156835245880312,0.014877737020706135,0.015564488313387782,0.01068363782786422,0.015488365478875147,0.06352707563011169,0.06468762878940368,0.0,0.0,0.17692955341798042,0.04546861947293559,0.06276822242622108,0.06286694414875921,0.0,0.0,0.005534132243702878,0.0,0.01284967092292684,0.01311594058510237,0.017643751363898473,0.0,0.016747782079649304,0.010217281671050774,0.01167141597294272,0.015673685705044186,0.014703665578739934,0.013060470330344576,0.01840977189816834,0.01380617882534296,0.01650159814641604,0.0,0.04025815380434721,0.0,0.008652072329434216,0.0,0.011803575678048328,0.013850882212069975,0.01652159923928088,0.016874684198503638,0.014034599813768044,0.012765788936148591,0.015019398800188917,0.0163100674104003,0.013201732665927585,0.015223517792193457
2026-07-02,0.01773671823500387,0.017722992298526915,0.017815569994314346,0.017379413955837517,0.014374580370648052,0.013607983685973568,0.014251491047245459,0.009715869317918287,0.014178576826274991,0.058516141591553696,0.059584282022705964,0.0,0.07318433304848382,0.16233259010835677,0.04187551274517495,0.057827193242110005,0.057856335988852904,0.0,0.0,0.0050628738505939285,0.0,0.011777377009408015,0.012015978939575768,0.01619233746755621,0.0,0.015215586974085801,0.009314277357679394,0.010705024464217124,0.01437842981219433,0.013459398547627687,0.011978145765234765,0.016894106804018164,0.012661509442472914,0.015079129548545457,0.0,0.037050474289309514,0.0,0.00789686225499403,0.008909350217421638,0.010828044966662856,0.012700668795497494,0.015144433918932734,0.015537196017270183,0.012826944638614071,0.011663257213573445,0.013788036742055436,0.014941433672201519,0.012084286039964517,0.013935250771311821
2026-07-06,0.01775780448577257,0.017745037892788227,0.017837825514616778,0.017399611279660724,0.014352839103441166,0.013623836307945114,0.014227188125739632,0.009712354763967621,0.014106013503672346,0.058595933492357574,0.05967214219105218,0.0,0.07341839142497525,0.1625855093881247,0.041921055408262936,0.0579108839769974,0.05793258484048354,0.0,0.0,0.005070253484629424,0.0,0.011794176821092768,0.012032889535406308,0.016172489071589753,0.0,0.015164721266476725,0.00926832105306273,0.01071869655148297,0.014257038747332288,0.013477144741910864,0.01198329997466239,0.01679400018232802,0.012736512535741377,0.014942156964008394,0.0,0.03693867934896574,0.0,0.00790147218112576,0.00891867052793378,0.01085127819680327,0.012582910595859071,0.014937351071709628,0.015557604944553511,0.012803784754098343,0.011686352224591051,0.013742959736492744,0.014952006219285297,0.012061707596316813,0.0138545099726832
2026-07-07,0.020053511973065576,0.020041344036361215,0.02014604794948054,0.019661048514357578,0.016203791318728858,0.015348445465482922,0.016062396241544274,0.01091013778830998,0.015943938913122613,0.06631426421814762,0.0675268125880397,0.0,0.0,0.18384994937798077,0.0,0.06548856851474255,0.06554458809363999,0.0,0.0,0.0057409986206617,0.0,0.013322096937876131,0.013610992156564184,0.01825850847661681,0.0,0.01711996747187625,0.010469860466603333,0.01215907491477742,0.016117761188871475,0.015225227518953183,0.013554710613623944,0.018936255266456082,0.014453696299699125,0.01688951804362298,0.0,0.04177927480916227,0.0,0.008931125674927527,0.010073971543003947,0.012205039643253859,0.014219749755135184,0.016912630776886452,0.01759092967161157,0.01447671808945697,0.013193822980847267,0.015508630500564486,0.016838841913235893,0.013645467935679226,0.015670283737028622
2026-07-08,0.02358634950657754,0.023568192024453583,0.02370069925646734,0.02312091699006646,0.018969522018366436,0.01792648323448648,0.018814670921827703,0.012726487873031121,0.018693480340605063,0.0,0.0,0.0,0.0,0.21550884792096411,0.0,0.076917821198444,0.07700651499112182,0.0,0.0,0.006718288607058424,0.0,0.01565004013274665,0.015966102773253867,0.021389022074050034,0.0,0.020173587553873253,0.012252608672663102,0.01416899041934442,0.018864946285363865,0.01780869205909177,0.0,0.022210545047137698,0.016963986789472627,0.019843936733944346,0.0,0.04920529068030699,0.0,0.010323198980872174,0.011849432690243506,0.014248042346997466,0.016659300542194506,0.01988549938588603,0.02068895715153315,0.017002988944179773,0.01538089399053135,0.018138629956630025,0.01968094459779948,0.015996275970414257,0.018389811337999308
2026-07-09,0.020409944272320513,0.02039047893989651,0.020517717828094004,0.020007472842715666,0.01641356343264047,0.01553370601364227,0.01627434437893828,0.011014666869770753,0.01612673044318408,0.0671683894667795,0.06848998146871925,0.0,0.0,0.18617102806751484,0.0,0.06668667617292241,0.0667860095933328,0.0,0.0,0.005795216058917857,0.0,0.013578442340828074,0.01374588356111563,0.018381644916251043,0.0,0.017312816832954523,0.010581970157839501,0.01221883928828388,0.016261578328694584,0.015352047902449602,0.0,0.01916949296418858,0.01450889107628317,0.017118700719555104,0.0,0.042542167486780566,0.0,0.008961386734654827,0.010284221340046015,0.012392135754816926,0.014320514586171392,0.017143827565086204,0.017904667529780635,0.014779967499708255,0.013359105067064003,0.015604264531686774,0.017037122694859165,0.01379411379411409,0.015860271477398265
2026-07-10,0.02153289413476131,0.021517727556250178,0.02165200012807383,0.021106999899148323,0.017360685767826237,0.016420857445539838,0.01720827215134352,0.011639080787408263,0.017066750024476628,0.0,0.07233239980895731,0.0,0.0,0.1964858812803761,0.0,0.07052379350858214,0.07065010886029348,0.0,0.0,0.006110935800775144,0.0,0.014308977987988504,0.01451235695830969,0.019426904238692977,0.0,0.018291664666603126,0.01114672465824234,0.01297911787460755,0.01719104126555988,0.016223799675267297,0.014479971283455326,0.020195080364001607,0.01534877728314732,0.01813115300640416,0.0,0.044964305045920985,0.0,0.009467712383096008,0.010850740776941571,0.01308632132778244,0.015145571641646897,0.01814723177703706,0.018918090462937853,0.015628281243001127,0.014079913851346902,0.016456903134351237,0.018031019853815007,0.014600163818406045,0.016779788267624902
2026-07-13,0.023576994835353957,0.023561192268335418,0.02370544100468192,0.023116459339214645,0.019007727261322598,0.017969560048448928,0.01884662111408238,0.012739203586840888,0.01870406363944307,0.0,0.0,0.0,0.0,0.21520986459279673,0.0,0.0773387451999197,0.0774431554175082,0.0,0.0,0.00668765442446557,0.0,0.01568361034120594,0.015882100578222102,0.021259396444347878,0.0,0.02002038514386396,0.01220118559969802,0.014208654626983846,0.01878672878236416,0.017763501521499164,0.0,0.022058490682498533,0.01676718135098743,0.019863588643892715,0.0,0.049206941225694724,0.0,0.010358330485568267,0.011847272216469472,0.014305917045172992,0.01664014604348784,0.019865909533857237,0.02069945734065202,0.017087033551590008,0.015399555794691556,0.01801870107050538,0.019731559754971113,0.01603199948357216,0.018405670005789507
2026-07-14,0.023587096133729783,0.02357605744289417,0.023714464253350487,0.023125870813106263,0.01900269240918502,0.017893991956306646,0.018847961216914233,0.012610348011195134,0.018725776916758138,0.0,0.0,0.0,0.0,0.21493547085642098,0.0,0.07739891055128345,0.07755115408158025,0.0,0.0,0.0066010756478872435,0.0,0.01573252194335419,0.015745494242961188,0.021320276822073884,0.0,0.02006913333458347,0.012166371085980706,0.014115444970745987,0.01884318999999319,0.017788434464234996,0.0,0.02210489363142674,0.01680491676690147,0.019923343952029472,0.0,0.049263855813281944,0.0,0.010268418776072527,0.011879749271348041,0.014278328803527864,0.016695329494522484,0.019916315101466967,0.020765757632906622,0.01717143542098706,0.015306871215259091,0.01805006099188881,0.019725967089306847,0.016064939436798403,0.018428079447736067
2026-07-15,0.02012623612833686,0.020119242208846307,0.020234643863766826,0.019735861235979486,0.016227399366547903,0.015254822746423775,0.016099146421826457,0.01073106705549738,0.016013477129218683,0.06665193495355444,0.06794461740935402,0.0,0.0,0.1821761844020619,0.0,0.0659940630067265,0.06620507545630075,0.0,0.0,0.005633411182543246,0.0,0.01344037382203683,0.013440450382856938,0.018180917922453164,0.0,0.017163535566394664,0.010369359164371287,0.01204073250565131,0.0159690126072736,0.015178330038651194,0.013556642900110927,0.018759198534005404,0.01435131110917374,0.01699505664326267,0.0,0.041959342120011504,0.0,0.00875914808620819,0.01011566755046223,0.012172695520694362,0.014258078531246518,0.017021133985925887,0.01771550538231977,0.014628909432930817,0.013058438096784284,0.015394491071767578,0.01683616480554931,0.013729335282634276,0.01575898637023893
2026-07-16,0.021573596229263827,0.021564712833451998,0.02169008640272876,0.021158100114359563,0.017387108348822785,0.016353842474153224,0.017250021058485786,0.01150506621026359,0.017145736169811705,0.0,0.07279443654409462,0.0,0.0,0.19505809217159145,0.0,0.07071816292736645,0.07094031292822056,0.0,0.0,0.006047807823371472,0.0,0.014409744505273945,0.01442594924475466,0.019508589773299986,0.0,0.018406985912284297,0.011103661359552215,0.012919856207083713,0.017123216818394297,0.016277892606658316,0.014520312559415148,0.020113934371174046,0.015394189814588557,0.018179101815141787,0.0,0.04485269338998841,0.0,0.009397825606166034,0.010851084076927633,0.013047267789772733,0.015287407330274899,0.018217218258594153,0.01900152513727627,0.0156835679156085,0.014001851682401426,0.016465775136789557,0.01803104711805695,0.014710964759539612,0.016881254574997093
2026-07-17,0.02067091745967153,0.020664612020943177,0.020784039416148724,0.020283537548453766,0.016684575691874856,0.015645446075944657,0.01655149133263315,0.010982087916967698,0.0164788830767402,0.06869847507038042,0.07003271131681085,0.0,0.0,0.18754933284907782,0.0,0.0680256179706149,0.06828089900842467,0.0,0.0,0.005792427538255809,0.0,0.013829742749721007,0.013798460053177017,0.018579918425916313,0.0,0.017767575515864886,0.010597850034698719,0.012410024120012993,0.016380387320082384,0.015622655854186136,0.0,0.018938962971068216,0.014851607442185714,0.017455786581730554,0.0,0.04310495099853871,0.0,0.00897538260046563,0.01037991203908312,0.012476415432983824,0.0,0.017512832533864583,0.018252862568178804,0.015063597148379541,0.013385839674777257,0.015825846918651253,0.017316713850596542,0.014128610968601223,0.01621900990429318
2026-07-20,0.024286255518962355,0.024274812863310426,0.02441458335842719,0.023839626421882403,0.019662465076803817,0.01842046984995126,0.01950518573633426,0.012921339047710277,0.01943094963898747,0.0,0.0,0.0,0.0,0.22192171934927174,0.0,0.08023356751140656,0.08056600283290792,0.0,0.0,0.006806067542608959,0.0,0.01630250632486827,0.01620062899872389,0.021946893780955327,0.0,0.020926798162147365,0.012478599791607184,0.01462932281284388,0.019351903344796334,0.018412043852354947,0.0,0.0222985215709194,0.0174928694896837,0.02055504844619462,0.0,0.05092196882426359,0.0,0.010528098993770352,0.012235852718964558,0.014663637561354165,0.0,0.020660422477525035,0.021554756294525922,0.01775954945740759,0.0,0.018652048483075532,0.020369619328951316,0.016651238316064586,0.019124626220437646
2026-07-21,0.0235306803063495,0.023516828137182984,0.023654886921301594,0.023098537520584734,0.019013031099263673,0.017830188214749885,0.01886046308977898,0.012511425176841208,0.018764323114239517,0.0,0.0,0.0,0.0,0.2148592013724025,0.0,0.07769636938142244,0.07802138138295373,0.0,0.0,0.006589637868419079,0.0,0.015793293264715222,0.01569136577770985,0.02123049784480904,0.0,0.020292553542878893,0.012087529168145263,0.01416594282308078,0.0187359078451733,0.01782886829724791,0.0,0.021626393086901275,0.016917454562731804,0.019892789328019234,0.0,0.04939420171243096,0.0,0.010178877608989391,0.011844209192065868,0.01419911192036754,0.016766805715612468,0.019932722056064008,0.020762176730877605,0.01717587420130038,0.015203350238507477,0.018040083603242513,0.019715625318980523,0.01610494711018074,0.018472465464477974
2026-07-22,0.023515126825489226,0.02349496797977275,0.023638795710051303,0.0230802343087944,0.018967726286259336,0.017774126980841867,0.018814124862600177,0.012447223299737208,0.01873644413860222,0.0,0.0,0.0,0.0,0.21486198025776193,0.0,0.07780739185685685,0.07813032622977556,0.0,0.0,0.006587735436509973,0.0,0.015840951248325463,0.015668399285490936,0.02125469022731645,0.0,0.02031413441154161,0.012025707150654649,0.014184729397197254,0.01876626337888445,0.017849347898264492,0.0,0.02160051766484145,0.01693641880654522,0.0200340530015452,0.0,0.04941107900119213,0.0,0.010067285114236766,0.011952627261824054,0.014132344362422732,0.016758487114161853,0.019930725806916932,0.020770810976762383,0.017197186143021393,0.01515947028411766,0.01803934057278988,0.01970559480040999,0.016086916597565504,0.018456715320918547
2026-07-23,0.023923393011273213,0.02390195260223752,0.0240488212082501,0.02347891647934786,0.019308038953970357,0.018092416686666134,0.01914964223826814,0.012662396464248986,0.01906744406377942,0.0,0.0,0.0,0.0,0.21834247078934105,0.0,0.07911041478778881,0.07943938053782179,0.0,0.0,0.006697222327884261,0.0,0.0161198707541137,0.015928368668384707,0.021614951770544958,0.0,0.020672451934753533,0.01223362359474279,0.014437061203100548,0.019096302694517214,0.018172686158407277,0.0,0.02197020691436356,0.017184238675160633,0.020165222798759208,0.0,0.05059185678926574,0.0,0.010238648482226562,0.012096648025007215,0.01438644708162863,0.0,0.020248517463150813,0.021130055354038918,0.01749107187381494,0.015430606498803942,0.018352866382811642,0.020071292416434017,0.01636730751713771,0.01877718679795421
2026-07-24,0.02421473713541889,0.024192365421611607,0.0243422852176743,0.02378735127357939,0.019572752813133802,0.018375412918663972,0.019421794234082308,0.012879292632472068,0.01932589624800337,0.0,0.0,0.0,0.0,0.22200091669860483,0.0,0.08016632368215147,0.08049799628100829,0.0,0.0,0.0067625581798719525,0.0,0.016384614064112336,0.016168642247569694,0.022144849105916645,0.0,0.021040469700812588,0.012447021238208724,0.014692438058853037,0.019501535826832107,0.018403131491714176,0.0,0.022285558347155603,0.01750231909754738,0.02057144904809014,0.0,0.05160865028288781,0.0,0.010404024636169788,0.012292762314616054,0.014614173890084826,0.0,0.020579288372399942,0.021488155741520038,0.017757932923787797,0.0,0.018607776281404014,0.020355059280861662,0.016569475674945745,0.019040989638233766
2026-07-27,0.0234499993136373,0.023432198714252214,0.023573885789614866,0.02303349796048061,0.019123054574219592,0.017850717113355553,0.0189885798679446,0.012410203536992154,0.018829600906676708,0.0,0.0,0.0,0.0,0.21466473552255227,0.0,0.07748947841561947,0.07781304559909905,0.0,0.0,0.006528513392844831,0.0,0.015838100387166047,0.015616949445602008,0.021165423791483614,0.0,0.020332631996777806,0.012008407853864029,0.014233223438056747,0.01898399783897384,0.017879390423890005,0.0,0.021474867468219427,0.016823716672977683,0.019911578785801274,0.0,0.049906799227126444,0.0,0.010046389039914894,0.011890006575651544,0.014493788890060675,0.01674948876658368,0.019894249620691955,0.020764932214788707,0.017174958685537877,0.01514483665712666,0.01804531195802787,0.01975639606669526,0.0161304953053907,0.01854654818230194
2026-07-28,0.023806630064256075,0.023788555252349464,0.023932328335217298,0.02338455424324212,0.01943306047380511,0.0181362326610811,0.01929666590913816,0.012602427859197792,0.019163056274679242,0.0,0.0,0.0,0.0,0.21844599063815248,0.0,0.07871898186288846,0.07906191106429174,0.0,0.0,0.0065030790842786,0.0,0.016075268038461037,0.015554436958114537,0.021490540274937565,0.0,0.020596307686485398,0.012181354676402825,0.014371387520687201,0.01927383774209944,0.018151865452180088,0.0,0.02169383017636005,0.017111113564362266,0.020131413649534,0.0,0.05070082734701865,0.0,0.01020301756783541,0.012089561235193575,0.014713304313045109,0.01697232808693563,0.020201696209898305,0.021084955492385753,0.01745463753469287,0.0,0.018325311689054873,0.02005663452600536,0.0164118246010744,0.01888107193465805
2026-07-29,0.023841751204982886,0.023822307915572733,0.0239663391887455,0.02342032490709224,0.019456555562354778,0.018141995832125325,0.019320470602898494,0.012570991994754782,0.01918426399905059,0.0,0.0,0.0,0.0,0.21852637193216026,0.0,0.07873791586372073,0.07912247112845512,0.0,0.0,0.0064957587417715625,0.0,0.016073801391761233,0.015551220826023912,0.02150913084992863,0.0,0.020569071571682168,0.01215743841448122,0.014356451528601464,0.01910315068506599,0.018193505426287587,0.0,0.021508535176650304,0.017078008622672728,0.02015006872629078,0.0,0.05077761406106528,0.0,0.010114752469515414,0.012109436448777183,0.014691920702286188,0.016991045563320026,0.020198281174399473,0.021087685950993452,0.017417647721735,0.0,0.018342758382589548,0.020075642196540042,0.016434331865626296,0.0189009813700212
2026-07-30,0.023151092887865883,0.023142989320228204,0.023275081392487948,0.02275147990598224,0.019139314763013136,0.01777748305042602,0.01900801204055524,0.012260133605254844,0.018886027607007128,0.0,0.0,0.0,0.0,0.21378147546400497,0.0,0.07692165585268312,0.07728640465830774,0.0,0.0,0.0062969181038323475,0.0,0.015737830727711805,0.015087652682854209,0.021195244521430526,0.02138434063910101,0.020032927474270237,0.0118310880641301,0.014019452765948067,0.018713959322052682,0.017476373387143338,0.0,0.02110899634226276,0.016737656380550147,0.01969212971719898,0.0,0.05033284796700177,0.0,0.009765259661787463,0.011850685230339976,0.014438993743632344,0.01682208794671101,0.019852143978481722,0.020613415381325693,0.017061562194623774,0.0,0.018052444817631026,0.019722784444097568,0.016170671336062356,0.018621382622002178
2026-07-31,0.024078926779494393,0.02407622342933296,0.024208781106559843,0.023684165101041273,0.019768226880700575,0.018372539211527456,0.01963061116678765,0.0126739698005306,0.019586074630284146,0.0,0.0,0.0,0.0,0.22434801789787703,0.0,0.08041709976785717,0.0808050627447161,0.0,0.0,0.006610152625996671,0.0,0.016460029695588657,0.01583561215374698,0.022265153438776265,0.0,0.020995597668483627,0.012120588975119344,0.014701545816159059,0.019516187721864215,0.018335361040099824,0.0,0.02187333417712145,0.017544850611638945,0.0,0.0,0.052023223476471175,0.0,0.010106042793370941,0.012345282704574852,0.01481490968837595,0.017497277451393317,0.020710383404480316,0.021574338277616883,0.017721943288573162,0.0,0.018808051302547934,0.02041715077023656,0.0167535604427575,0.019319723958296984
