Date,Gross_Equity,Net_Equity
2008-04-10,0.997989223697276,0.997489223697276
2008-04-11,0.9967771946496635,0.9962366846841271
2008-04-14,0.9943661719536998,0.9936197532095102
2008-04-15,0.9927531670233563,0.9918356522219404
2008-04-16,0.9931209026722576,0.9922017314983886
2008-04-17,0.9926019077170979,0.9916020561514676
2008-04-18,0.9939277874240738,0.9929264273458688
2008-04-21,0.9923938749439305,0.9913935913916935
2008-04-22,0.9934782018062948,0.9924765332182681
2008-04-23,0.993107564013311,0.9921060720204093
2008-04-24,0.98735642800834,0.9863603121704596
2008-04-25,0.9895184912114937,0.9885193903427669
2008-04-28,0.9930399782503812,0.9920367936791571
2008-04-29,0.988661205287888,0.9876619812259282
2008-04-30,0.9939957204824424,0.9929901529704873
2008-05-01,0.9940067992959515,0.9930000767229116
2008-05-02,0.9929428780645569,0.9918746630922314
2008-05-05,0.9968907861961087,0.9958171646198244
2008-05-06,0.9957113997389149,0.9946386184380586
2008-05-07,0.9926522475722726,0.9915174464327844
2008-05-08,0.9972311136505235,0.9959673021537541
2008-05-09,0.9977509011890997,0.9964234615668905
2008-05-12,0.9978097637350822,0.9964192475718772
2008-05-13,0.9925737258429397,0.9911272170884649
2008-05-14,0.9919163835852278,0.99046969138965
2008-05-15,1.0001118087342393,0.9986530131562706
2008-05-16,1.0029186109044164,1.001390068811652
2008-05-19,1.0046495140505045,1.0031178659091788
2008-05-20,1.0066772632960659,1.0051421851311046
2008-05-21,1.0055954128944458,1.004061532383326
2008-05-22,0.9989213884134096,0.9973316527416697
2008-05-23,1.0001451272710207,0.9985516939807011
2008-05-27,0.9919760314658436,0.9903948819366829
2008-05-28,0.9905665899413532,0.9889865243696743
2008-05-29,0.9828201826026894,0.9811449724119146
2008-05-30,0.9867688457487561,0.9848914583018091
2008-06-02,0.9843353814761778,0.9824623366582729
2008-06-03,0.9838944928383404,0.9817214945366437
2008-06-04,0.980151774833377,0.9779867527902163
2008-06-05,0.984893775174723,0.982604633501867
2008-06-06,0.9889086021779071,0.9863989196273518
2008-06-09,0.9834880742938813,0.9806882739053241
2008-06-10,0.9753958833615941,0.9725358456678875
2008-06-11,0.9819752032884295,0.9787680250079218
2008-06-12,0.9754947453179323,0.972306948709728
2008-06-13,0.975299161192108,0.9716587692465772
2008-06-16,0.976557025925611,0.9729117035460768
2008-06-17,0.9703411158712261,0.9662408872736217
2008-06-18,0.9785708834246246,0.9738262143595678
2008-06-19,0.9716240470583202,0.9669129639107814
2008-06-20,0.9807403997046403,0.9753750858570231
2008-06-23,0.9750914080779718,0.9691422448181625
2008-06-24,0.9761858425153892,0.9702289383169831
2008-06-25,0.9748871773988622,0.9689380141620495
2008-06-26,0.9867847695925667,0.9805587515031343
2008-06-27,0.9934821174231543,0.9872121190708744
2008-06-30,0.9932964467589576,0.987027031913509
2008-07-01,0.9964836707532534,0.9901936897205446
2008-07-02,1.0007678755930007,0.994450368402636
2008-07-03,0.9980161623216147,0.9917158328558517
2008-07-07,0.9964537610889692,0.9901623775115076
2008-07-08,0.9958727708214071,0.9895848022532083
2008-07-09,1.000713313414684,0.9943940481803009
2008-07-10,1.0082139383014628,1.0018459757017213
2008-07-11,1.0090320479706119,1.0026576444988995
2008-07-14,1.0140333235418284,1.0076265655885304
2008-07-15,1.0115630609338448,1.0051715630522917
2008-07-16,0.9985380490436748,0.9922277979221077
2008-07-17,0.9911405789446772,0.9848755624766624
2008-07-18,0.9825099510099524,0.975598727126502
2008-07-21,0.9968271291608306,0.989814819377883
2008-07-22,0.9712926339130634,0.9644597214804699
2008-07-23,0.9423882112364604,0.9357582952211297
2008-07-24,0.9361700296234776,0.9293911230258379
2008-07-25,0.9305073596236796,0.9231092728349729
2008-07-28,0.9358067703492147,0.9277108281611622
2008-07-29,0.9302708837013606,0.9215655160062978
2008-07-30,0.9343087181632024,0.9253662699096841
2008-07-31,0.9371316509985361,0.928161343677954
2008-08-01,0.9360766925639726,0.9269155340021916
2008-08-04,0.9272591160670066,0.9181841645267033
2008-08-05,0.9183805038403428,0.9093916302784464
2008-08-06,0.9154269939802587,0.9056330345482723
2008-08-07,0.9092387278475816,0.8995109530238754
2008-08-08,0.9103814542123214,0.8998107916882586
2008-08-11,0.9108347851503112,0.900201267402544
2008-08-12,0.909215246651786,0.8982191597811867
2008-08-13,0.9087294168926268,0.8973582595811181
2008-08-14,0.9123560598141349,0.9009390182924365
2008-08-15,0.9159657249679269,0.904503421804172
2008-08-18,0.9154195957493909,0.9039632775198232
2008-08-19,0.9129855329090806,0.9015595909303474
2008-08-20,0.9158175383307064,0.9042979028731541
2008-08-21,0.9159107749035038,0.9043893217543111
2008-08-22,0.9138312988558049,0.9023345205376526
2008-08-25,0.9172525674487239,0.9057110690132792
2008-08-26,0.918956575041682,0.9073932567193385
2008-08-27,0.9203418881218581,0.9087606379417591
2008-08-28,0.9199260621937151,0.9083494695968457
2008-08-29,0.9183701682411168,0.9067543531098979
2008-09-02,0.9213163974424802,0.9096631875430637
2008-09-03,0.922177653806498,0.9105127582078111
2008-09-04,0.925366459193398,0.9135976473589819
2008-09-05,0.9249338849236451,0.9131701432172412
2008-09-08,0.9324936595601282,0.9206333983424885
2008-09-09,0.9339394480882454,0.9220599466725495
2008-09-10,0.9340687815295674,0.9219595909713498
2008-09-11,0.9330590521466212,0.9209622445907893
2008-09-12,0.9239393885072245,0.9117324649529379
2008-09-15,0.9257417493014329,0.9135078237774107
2008-09-16,0.9248593041501568,0.9125731960969509
2008-09-17,0.917780474103749,0.9055246336512324
2008-09-18,0.9146765505989038,0.9023988821127132
2008-09-19,0.9106978003603897,0.898411786305433
2008-09-22,0.8933080625244941,0.8812534919947128
2008-09-23,0.8932258690581819,0.8806978185547102
2008-09-24,0.8958088349222701,0.8832442257048176
2008-09-25,0.89416599085733,0.8814679059655911
2008-09-26,0.8969982201130342,0.8842597920873402
2008-09-29,0.9016754726957625,0.8887569673365913
2008-09-30,0.896798803977822,0.8837922195557749
2008-10-01,0.9000879480541075,0.8868765941770279
2008-10-02,0.91028648052505,0.8968111786487546
2008-10-03,0.9117128629069469,0.8982149645352927
2008-10-06,0.9251591970054598,0.9114620474316129
2008-10-07,0.9201932850732476,0.9065693405894916
2008-10-08,0.9127641649677161,0.8992501104025167
2008-10-09,0.9131156621799745,0.8994363425944137
2008-10-10,0.8994149302384882,0.8859405489789223
2008-10-13,0.8940048671974193,0.8804536869088495
2008-10-14,0.8913094594179434,0.8777983118667917
2008-10-15,0.9008729975511663,0.8872166057744837
2008-10-16,0.9014866739971361,0.8878202286567575
2008-10-17,0.8995990769599218,0.8859606161208093
2008-10-20,0.9067245841366395,0.8929775801189835
2008-10-21,0.9172066947004534,0.9032994613099175
2008-10-22,0.9314858863132671,0.91736048288713
2008-10-23,0.9315010087081268,0.917374039836995
2008-10-24,0.9408248572530107,0.9265561806851791
2008-10-27,0.9411251928455939,0.9268467190894224
2008-10-28,0.9290120649885523,0.9149172173701031
2008-10-29,0.9185492517799858,0.9046130839364863
2008-10-30,0.9142696436831472,0.900396229849971
2008-10-31,0.9166090664567982,0.9026999585590244
2008-11-03,0.9202072597018305,0.9062419645454755
2008-11-04,0.9171349919669581,0.9032156359371626
2008-11-05,0.9237436484970581,0.9097221650767735
2008-11-06,0.9280096276716248,0.9139227966210252
2008-11-07,0.9241386240724789,0.9101095909403956
2008-11-10,0.926539687795657,0.9124740249963812
2008-11-11,0.9356940462587421,0.9214891730895965
2008-11-12,0.9395389888525808,0.9252745464157054
2008-11-13,0.9211853530160835,0.9071993245482034
2008-11-14,0.9335730851182712,0.9193980721274384
2008-11-17,0.9350231264662641,0.9208250117397637
2008-11-18,0.9419372876745405,0.9276340917624676
2008-11-19,0.9544306284926005,0.9399370634279532
2008-11-20,0.979737925497218,0.9648560995470757
2008-11-21,0.9709862824781872,0.9562248316434886
2008-11-24,0.9508716305120838,0.9364148420564591
2008-11-25,0.9565916121361694,0.9420427019218774
2008-11-26,0.9594172722355832,0.9444768165875927
2008-11-28,0.965613027462152,0.9505752591195461
2008-12-01,0.982647967136,0.9673444250205171
2008-12-02,0.9820261367837652,0.9667280302524474
2008-12-03,0.9833377184913838,0.9680187680419394
2008-12-04,0.9887833034966237,0.9733791587239307
2008-12-05,0.9839896145261748,0.9686588441620118
2008-12-08,0.976906267807664,0.9616853266254193
2008-12-09,0.9864126063780129,0.9710409880950722
2008-12-10,0.9830837613913815,0.9677627730520354
2008-12-11,0.977619918404402,0.9623829259194561
2008-12-12,0.9769082998931956,0.9616787423718702
2008-12-15,0.9747140029279318,0.9595182369056366
2008-12-16,0.9742879284209913,0.9590977981598522
2008-12-17,0.9809772279381913,0.9655091294100304
2008-12-18,0.993132797374088,0.9773741206151051
2008-12-19,0.9940433918795233,0.978170142062228
2008-12-22,0.9960926094448004,0.9801854525954884
2008-12-23,0.9991976422836145,0.9832403339207116
2008-12-24,1.0005308955787995,0.9845514835963419
2008-12-26,0.9990412039128576,0.9830853081152732
2008-12-29,1.0036133936415144,0.9874835579494514
2008-12-30,1.0053508565397107,0.9891925105701763
2008-12-31,1.0035762363033955,0.9874461842649339
2009-01-02,0.9972600840396794,0.9812304320621629
2009-01-05,0.9984806385653431,0.9824297793194972
2009-01-06,0.9956284962445521,0.9796211377687017
2009-01-07,0.9879437074371178,0.9720592397551171
2009-01-08,0.9838504801979295,0.9679310010319693
2009-01-09,0.9885017303029694,0.9724066414603869
2009-01-12,0.9927894009216081,0.9765236861336605
2009-01-13,0.9964457008854772,0.9801199503627495
2009-01-14,0.9999359156748013,0.9835524186167921
2009-01-15,1.0005094023414252,0.9841161316650086
2009-01-16,0.996251662299747,0.9799274053399578
2009-01-20,1.0002275979628859,0.9838375952805674
2009-01-21,0.9890300326254541,0.9727215149462658
2009-01-22,0.9838705664480112,0.9676449301776754
2009-01-23,0.9855607364353802,0.969306304452823
2009-01-26,0.9793213603321225,0.9631686712273361
2009-01-27,0.9873104432982543,0.9710249201213034
2009-01-28,0.9837739387451472,0.9675453016926222
2009-01-29,0.9794341378759207,0.9632756951220431
2009-01-30,0.9853507739442746,0.9690938050256299
2009-02-02,0.9846328686294524,0.9683874407872908
2009-02-03,0.9748253609988737,0.9587410805242491
2009-02-04,0.977034400543873,0.9609124426508244
2009-02-05,0.9767633431729358,0.9606457463772449
2009-02-06,0.9751479627021211,0.9590569009509171
2009-02-09,0.9729725866861686,0.9569165078808862
2009-02-10,0.9845866562567466,0.9683385382394701
2009-02-11,0.9902757996679236,0.9739328977913472
2009-02-12,0.9919396409502996,0.9755108292984718
2009-02-13,0.9847944896676976,0.9684838253691009
2009-02-17,1.000965892856897,0.984386342540212
2009-02-18,1.0015049378563012,0.9849140124692444
2009-02-19,0.9930808920651931,0.976629288223321
2009-02-20,0.9930299624841422,0.9765786854000806
2009-02-23,0.9979935226942565,0.9814591350115504
2009-02-24,0.9893669866991774,0.9729751984892854
2009-02-25,0.9857699357736694,0.9694371505255935
2009-02-26,0.9790049094784649,0.9627836186035243
2009-02-27,0.9780044882087173,0.9615904491597075
2009-03-02,0.983587514638993,0.9670793382612782
2009-03-03,0.9803580295466354,0.9639035854817539
2009-03-04,0.9746593973061695,0.9583004863527224
2009-03-05,0.9875435736400767,0.9709680363739752
2009-03-06,0.9861959924881248,0.9695732490772333
2009-03-09,0.9800770317909062,0.9635572692457434
2009-03-10,0.9716732310883504,0.9552257571608423
2009-03-11,0.973057528230704,0.9565859885733725
2009-03-12,0.9754809977793978,0.9589678266921551
2009-03-13,0.9753285950831558,0.9588169580331515
2009-03-16,0.9683199753897047,0.9518581864423739
2009-03-17,0.9646836255368754,0.9482153522272856
2009-03-18,0.9726214127251955,0.9560172447388489
2009-03-19,0.9723295877779781,0.9555702257313076
2009-03-20,0.9703752017744782,0.953590865571056
2009-03-23,0.9646086352560279,0.9477740898284767
2009-03-24,0.964939993505324,0.9480988283547724
2009-03-25,0.9605705968288855,0.9438035837027032
2009-03-26,0.9651482669127144,0.9483004508175298
2009-03-27,0.967532367253283,0.9506427423950015
2009-03-30,0.9689420472532662,0.9520270900759301
2009-03-31,0.9710427492296503,0.9540908283637615
2009-04-01,0.9734425445489072,0.9563001956052387
2009-04-02,0.9631501553373831,0.94604017788921
2009-04-03,0.9547482199147413,0.9377867209640378
2009-04-06,0.9519626666212315,0.9349811803250623
2009-04-07,0.9562466289186096,0.9391884162946988
2009-04-08,0.9591329846339363,0.9420230109574763
2009-04-09,0.9581956654851044,0.940945788086152
2009-04-13,0.9619395322815065,0.9446219326321321
2009-04-14,0.9629951666727163,0.945599503808018
2009-04-15,0.965146819579483,0.9477122230191792
2009-04-16,0.9606214914908207,0.9432682984256754
2009-04-17,0.9587616963992791,0.9413831492495645
2009-04-20,0.9617352690603532,0.9442056496117011
2009-04-21,0.9589787904007417,0.9414019489221713
2009-04-22,0.958164559256044,0.9406022833639027
2009-04-23,0.9572468775366905,0.9396048921727813
2009-04-24,0.9575682052961016,0.9398673540725657
2009-04-27,0.9594059050812502,0.9416707582447643
2009-04-28,0.9526135777563592,0.9350034746292967
2009-04-29,0.9545067993733533,0.9367166966103252
2009-04-30,0.9543631291029337,0.9365327975427086
2009-05-01,0.9537914127946466,0.9359715336136578
2009-05-04,0.9594713168890929,0.9415447262908474
2009-05-05,0.9629118921170409,0.9446909528176254
2009-05-06,0.9685678398446418,0.9500091780156467
2009-05-07,0.9616189750470964,0.9429614647572314
2009-05-08,0.9699077423212477,0.9510892027222295
2009-05-11,0.9661358339022605,0.94731465017655
2009-05-12,0.9727460660355576,0.9537205818474063
2009-05-13,0.9680343850248035,0.9491008981521353
2009-05-14,0.9682167775040985,0.9492793857839588
2009-05-15,0.9667550952536107,0.9478462217709424
2009-05-18,0.9687870342631043,0.9498381832074988
2009-05-19,0.9749995479546398,0.9558538436617333
2009-05-20,0.9820402572057919,0.9627561995748845
2009-05-21,0.9792213335090924,0.9599923658248738
2009-05-22,0.9818027052762529,0.9625228831648286
2009-05-26,0.9819171375318917,0.9626347662612393
2009-05-27,0.9773159693977884,0.9581238740626136
2009-05-28,0.9839266236930764,0.964604342110661
2009-05-29,0.9989719912300588,0.9793540219092567
2009-06-01,1.002774467829452,0.9830001686317437
2009-06-02,1.0084583619978524,0.9885710298855696
2009-06-03,0.9993205978821801,0.9796132305101978
2009-06-04,1.0030880891210145,0.983306127603073
2009-06-05,0.994290498323157,0.974681625379761
2009-06-08,0.990677338663877,0.9711393022092216
2009-06-09,0.9966376500606836,0.9769816204508069
2009-06-10,0.9959204045391542,0.9762783537670068
2009-06-11,1.000946032548285,0.9812044931237386
2009-06-12,0.9991812390580741,0.9794743203241327
2009-06-15,0.9870214366956743,0.9675541728502862
2009-06-16,0.9853445407046618,0.9659099324860875
2009-06-17,0.9861981493940569,0.9667465095262155
2009-06-18,0.981811468801166,0.9624462924700774
2009-06-19,0.9865032678340486,0.9670452598226472
2009-06-22,0.9754341282125623,0.9561943048616728
2009-06-23,0.9802132646614523,0.9608788955866857
2009-06-24,0.9825629241373978,0.9631818884686114
2009-06-25,0.9929712151728485,0.973384830174699
2009-06-26,0.9942704875187857,0.9746583931025493
2009-06-29,0.9955371320929254,0.9758994197041573
2009-06-30,0.9915384078107556,0.9719794683558103
2009-07-01,0.996370544061653,0.976716210094039
2009-07-02,0.985798937409106,0.9663529525833745
2009-07-06,0.9832505491304366,0.9638545979830476
2009-07-07,0.9761925045734744,0.9569356634200474
2009-07-08,0.9763271118286487,0.9570674232116254
2009-07-09,0.979342823418439,0.9600234856805181
2009-07-10,0.9777038598925447,0.9584167225236324
2009-07-13,0.9829680649666412,0.9635768349047638
2009-07-14,0.9846521000817549,0.9652273496370247
2009-07-15,0.9948841381290444,0.975257465022818
2009-07-16,0.9982051474773423,0.9784733336324518
2009-07-17,0.9981748807831082,0.9784432919800429
2009-07-20,1.0082548151285484,0.988284128059863
2009-07-21,1.0130730904658474,0.9929667836044042
2009-07-22,1.012846038366889,0.9927439200008095
2009-07-23,1.0191307141838792,0.9989036241975523
2009-07-24,1.02202930657454,1.0017442199128677
2009-07-27,1.0236540309131394,1.0032800057680566
2009-07-28,1.0197612698646932,0.9994645967439535
2009-07-29,1.0126795287587702,0.992523588917567
2009-07-30,1.021083320696019,1.0007039300697944
2009-07-31,1.03423187443893,1.0135337899396746
2009-08-03,1.0416175452598613,1.0207712544240668
2009-08-04,1.0440691040355323,1.0231735485914315
2009-08-05,1.0453751932399324,1.0244532767502263
2009-08-06,1.0415967733111053,1.0207500926888944
2009-08-07,1.042678180423227,1.0218098109471943
2009-08-10,1.0419985056488206,1.0211434948921383
2009-08-11,1.0383999248659155,1.01761632905993
2009-08-12,1.0410253898111959,1.0201882775683604
2009-08-13,1.0483777689081337,1.0273933224207157
2009-08-14,1.0406076167603533,1.0197785251521339
2009-08-17,1.0255207198427438,1.0049930878849573
2009-08-18,1.0318316700004948,1.0111767548676354
2009-08-19,1.03625604025086,1.0155122863173895
2009-08-20,1.0405203265855933,1.0196910095419256
2009-08-21,1.0480627391790125,1.0270823658610282
2009-08-24,1.0479882339623012,1.0270087370314656
2009-08-25,1.0493950583382776,1.0283870403447573
2009-08-26,1.0510061910800268,1.0299658047666718
2009-08-27,1.0521031923181725,1.031040780976952
2009-08-28,1.056259339257612,1.0351136680684827
2009-08-31,1.0529696278643883,1.0318896872007295
2009-09-01,1.0440371900024317,1.0231359070546868
2009-09-02,1.0495941599530227,1.0285810023394129
2009-09-03,1.0577571984893914,1.036580285716977
2009-09-04,1.0619608655835322,1.0406993937927498
2009-09-08,1.0709460841303102,1.0495044326376035
2009-09-09,1.0721198174663067,1.0506542805611354
2009-09-10,1.0822501214584554,1.060580851628778
2009-09-11,1.0839250821978437,1.0622214667551098
2009-09-14,1.0823233972198876,1.0606516210711663
2009-09-15,1.089112196176148,1.067303903338415
2009-09-16,1.1009888235454213,1.0789415899238122
2009-09-17,1.1010689725077727,1.0790135814544766
2009-09-18,1.0967319739787735,1.0747538328456974
2009-09-21,1.0918515166463003,1.0699679273984035
2009-09-22,1.1004796471816751,1.0784208048072434
2009-09-23,1.0926075942745959,1.070704702614513
2009-09-24,1.0830681926460863,1.0613561634624027
2009-09-25,1.0820473451057606,1.0603554914429407
2009-09-28,1.0897890047895065,1.0679414798614228
2009-09-29,1.087669855051243,1.06586333751717
2009-09-30,1.0947748637709174,1.0728073674410765
2009-10-01,1.080798467313737,1.0590800474437407
2009-10-02,1.0761871624855561,1.0544282000464977
2009-10-05,1.0865393951960123,1.064568491935686
2009-10-06,1.0923313088368893,1.0702427793073381
2009-10-07,1.0960667776798365,1.0737687249209125
2009-10-08,1.0997351575696153,1.0772291515686792
2009-10-09,1.0936321374178697,1.071248020051724
2009-10-12,1.0978448103525538,1.0752419694338824
2009-10-13,1.09973943819241,1.0770629456724903
2009-10-14,1.1042750468130693,1.081487327610997
2009-10-15,1.1020232388935778,1.0792768474641112
2009-10-16,1.1007052564219502,1.0779810940111436
2009-10-19,1.1080922062562228,1.0852119287240165
2009-10-20,1.1066036226934184,1.083753258102714
2009-10-21,1.1061095601637667,1.0832634396051575
2009-10-22,1.1105694457082955,1.0876299562586151
2009-10-23,1.1053896327267203,1.0825546193400328
2009-10-26,1.0964235609399284,1.0737680397872442
2009-10-27,1.0956631406493067,1.0730213578289851
2009-10-28,1.082416613537871,1.060045558896608
2009-10-29,1.0960735899341219,1.0734124766798139
2009-10-30,1.0885145367372588,1.0660039894323128
2009-11-02,1.092778231235538,1.0701779229924504
2009-11-03,1.0984940490459147,1.0757752449663531
2009-11-04,1.101551812036676,1.0787640362139024
2009-11-05,1.105986919235554,1.083102197546961
2009-11-06,1.1060014489761216,1.083112763361154
2009-11-09,1.1158770188232963,1.0927823998993347
2009-11-10,1.1141722102220708,1.091112070426533
2009-11-11,1.1190122420611794,1.095850784431468
2009-11-12,1.1127918292670858,1.089757849455007
2009-11-13,1.1182616840207706,1.095112651313226
2009-11-16,1.1309790644069668,1.1075631898740246
2009-11-17,1.131493968484101,1.1080650204668976
2009-11-18,1.1304219870264038,1.1070148861676097
2009-11-19,1.1265332138835555,1.1032059072078448
2009-11-20,1.1246877240668152,1.101395040709101
2009-11-23,1.1294890628587586,1.1060935726991492
2009-11-24,1.1300291892209107,1.106616325724928
2009-11-25,1.1367883138339951,1.1131311502961347
2009-11-27,1.127140097122274,1.103668245622345
2009-11-30,1.1329488856559655,1.1093547854154708
2009-12-01,1.1386271991318249,1.114914494924505
2009-12-02,1.1400161480675393,1.1162691437252021
2009-12-03,1.13599313044931,1.1123281181235003
2009-12-04,1.1301012807030082,1.106456042997322
2009-12-07,1.1261900957876478,1.102624543093383
2009-12-08,1.1199390787883212,1.0965031684174493
2009-12-09,1.1170086851577983,1.0936325747311455
2009-12-10,1.117875750659887,1.0944790502453736
2009-12-11,1.1145456666169449,1.091216186577954
2009-12-14,1.1206669929645465,1.0972080321524904
2009-12-15,1.116469828754285,1.0930982946566776
2009-12-16,1.1228891455399315,1.099382149257972
2009-12-17,1.113531168293778,1.0902161228996363
2009-12-18,1.1165606550080966,1.0931793245276018
2009-12-21,1.1123036323616355,1.0890049498073104
2009-12-22,1.111709298691396,1.0884208884781632
2009-12-23,1.116809183113221,1.0934117035485973
2009-12-24,1.1207321067920275,1.0972492757426247
2009-12-28,1.1195341773855596,1.0960754721343744
2009-12-29,1.1168501179508792,1.0934462090786694
2009-12-30,1.1172298636439815,1.093815891621212
2009-12-31,1.115607173380722,1.0922261426280488
2010-01-04,1.1284633015232894,1.1048117850748234
2010-01-05,1.1333801182621481,1.1096234547236394
2010-01-06,1.1366665616544538,1.1128322544006282
2010-01-07,1.1363127243547753,1.1124845255619031
2010-01-08,1.1397658824985761,1.115862790209956
2010-01-11,1.1414260318789944,1.1174861029308383
2010-01-12,1.1367020796162977,1.1128598618306913
2010-01-13,1.1381915698037897,1.1143158335635102
2010-01-14,1.1410283771756748,1.1170924299598104
2010-01-15,1.1357551819244598,1.111928436323391
2010-01-19,1.1413121964848612,1.1173685690139914
2010-01-20,1.1313417493803462,1.1076056910148109
2010-01-21,1.120950245761632,1.0974279461709064
2010-01-22,1.1125288676460143,1.0891809561422106
2010-01-25,1.1149882017394712,1.091545773887568
2010-01-26,1.1111925414548083,1.0877864941873192
2010-01-27,1.1085449722308685,1.0851937663053182
2010-01-28,1.1034004576090166,1.08011449227995
2010-01-29,1.1019818463625277,1.0787235671160396
2010-02-01,1.1078149852145052,1.0842854371952
2010-02-02,1.1137117248346473,1.0899080131988494
2010-02-03,1.1102696328968795,1.086538078591481
2010-02-04,1.0948027446812483,1.0712577782538166
2010-02-05,1.094696265668945,1.0710682030409988
2010-02-08,1.0916922513024554,1.068128307086533
2010-02-09,1.0934220235327732,1.069763099785033
2010-02-10,1.0893413452860186,1.0657133709193225
2010-02-11,1.0941365615454146,1.070402210088876
2010-02-12,1.0940121388832285,1.0702802035452699
2010-02-16,1.1019632315064443,1.0780577591473652
2010-02-17,1.1029120378745738,1.0789016608189719
2010-02-18,1.1065924872248314,1.082498077823161
2010-02-19,1.108251662178171,1.0841208012729835
2010-02-22,1.1073627290649835,1.0832503251376289
2010-02-23,1.1036073786012885,1.079575745296902
2010-02-24,1.1068776426922935,1.0827272400509502
2010-02-25,1.1061394355655525,1.0820029464388954
2010-02-26,1.1109783795319108,1.0866886990185258
2010-03-01,1.1140483382193145,1.0896900317429845
2010-03-02,1.1189250435845215,1.094459017717428
2010-03-03,1.1211153620915173,1.0965979333194178
2010-03-04,1.1217278874207524,1.097196516205927
2010-03-05,1.1268778778805904,1.1022317137204105
2010-03-08,1.1265740426303281,1.1019294467534204
2010-03-09,1.1274570918989393,1.1027927288916735
2010-03-10,1.1270266282061145,1.1023624889290493
2010-03-11,1.1279317798340123,1.1032405412099375
2010-03-12,1.1267580877853227,1.102091459354633
2010-03-15,1.1265283200905596,1.1018645379708776
2010-03-16,1.1333924939476336,1.1085773636691623
2010-03-17,1.1360457060439517,1.1111715509744136
2010-03-18,1.135871077751029,1.1109997552685447
2010-03-19,1.1306812901612122,1.1059130826453711
2010-03-22,1.1322597871677955,1.1074559990359558
2010-03-23,1.1347127860031698,1.1098531820412045
2010-03-24,1.1282303772132831,1.1035049477381311
2010-03-25,1.127625268325792,1.1029112088049617
2010-03-26,1.1303837431235761,1.1056087198629188
2010-03-29,1.133628670145078,1.1087816185216004
2010-03-30,1.1336713546693538,1.1088219127583774
2010-03-31,1.133923074863736,1.109061713396404
2010-04-01,1.1390580433355544,1.1140825883204926
2010-04-05,1.1395840648116147,1.1145965023387143
2010-04-06,1.1421506038829126,1.1171001758358576
2010-04-07,1.1439042255473786,1.1188143764248804
2010-04-08,1.1436141963958912,1.1185290092620306
2010-04-09,1.1463945923353667,1.1212468722817108
2010-04-12,1.1455990879192288,1.1204673789864483
2010-04-13,1.1476760850695744,1.122494338769448
2010-04-14,1.1509010455007564,1.125646394336275
2010-04-15,1.1518715565165645,1.126594628246416
2010-04-16,1.143122952208207,1.1180368226222095
2010-04-19,1.1415469066709019,1.1164944113878024
2010-04-20,1.1468137292091272,1.1216434369734498
2010-04-21,1.1495606913997,1.124323559186531
2010-04-22,1.1486388049731866,1.1234206267184832
2010-04-23,1.1527099039972013,1.1274020468959334
2010-04-26,1.1518992671292994,1.126608024353977
2010-04-27,1.1461654261621002,1.120998967110235
2010-04-28,1.1464966830261112,1.1212422081580176
2010-04-29,1.153707438998398,1.1282133691835337
2010-04-30,1.153482527234719,1.127991839460349
2010-05-03,1.1571635275530008,1.1315103832848163
2010-05-04,1.1494761794181072,1.1239926488216303
2010-05-05,1.1443700104773464,1.1189453463943189
2010-05-06,1.1391519599019233,1.1138038073569962
2010-05-07,1.136389829334403,1.1110549399199627
2010-05-10,1.1437254400106756,1.118224119181822
2010-05-11,1.1486711195509505,1.123012194377597
2010-05-12,1.1526835857030264,1.1269331784101317
2010-05-13,1.1514577813140496,1.1257332139914555
2010-05-14,1.1507585682974348,1.1250478686608512
2010-05-17,1.1487754860138581,1.1230611624017293
2010-05-18,1.1513368378668396,1.1255640490769903
2010-05-19,1.145154219199381,1.1195169593673844
2010-05-20,1.1346339180206282,1.109231040378068
2010-05-21,1.136161824731476,1.1105221607732687
2010-05-24,1.13902985193788,1.1131972776210373
2010-05-25,1.1398531476514657,1.1140007467096742
2010-05-26,1.1401163617886925,1.1142568605049934
2010-05-27,1.137599025330536,1.1116674032676725
2010-05-28,1.1374783289048833,1.1113532112771123
2010-06-01,1.137823965912989,1.1116131978752073
2010-06-02,1.1385379112166043,1.1123012807165118
2010-06-03,1.1359413836921626,1.1096899462506982
2010-06-04,1.135902015765542,1.1096502174273581
2010-06-07,1.1416265668812742,1.1151680164858742
2010-06-08,1.1407852472721736,1.1142218332586333
2010-06-09,1.139858590957038,1.1133161563140386
2010-06-10,1.1367447030093285,1.110152117958233
2010-06-11,1.140849450222169,1.1141599643531468
2010-06-14,1.1394827163314687,1.1128240819824609
2010-06-15,1.1415275008851469,1.1148197763892407
2010-06-16,1.1422588225495625,1.1154630559498053
2010-06-17,1.1469781883749437,1.1200700896421578
2010-06-18,1.1482890789101723,1.1213495288526802
2010-06-21,1.1472068806211972,1.1202885613298748
2010-06-22,1.146693757880344,1.1197437911225565
2010-06-23,1.147642056606386,1.1205582226007957
2010-06-24,1.1445694960393265,1.117556837880509
2010-06-25,1.1486442351542767,1.1215344441920618
2010-06-28,1.150223658657729,1.1230747609737708
2010-06-29,1.149914633686615,1.1227720632277836
2010-06-30,1.1511887230343023,1.1240153954128607
2010-07-01,1.143758652048306,1.1167602933747351
2010-07-02,1.1419106372026135,1.1149519710447655
2010-07-06,1.1428224235087252,1.115840394286852
2010-07-07,1.1439310742045408,1.1168814316200473
2010-07-08,1.1431785098029974,1.1161053145042352
2010-07-09,1.1435282026542426,1.1164447525733818
2010-07-12,1.1432957912946047,1.116171693228874
2010-07-13,1.1435512370216612,1.1163749374852854
2010-07-14,1.14619136029194,1.118906170189845
2010-07-15,1.146020823437249,1.1187392567948624
2010-07-16,1.1439220481393313,1.116644192588133
2010-07-19,1.1427938562892204,1.115541796651404
2010-07-20,1.1457022560723509,1.1183355531374084
2010-07-21,1.1489279626554485,1.1213944329180077
2010-07-22,1.1493138768399833,1.1216810770068169
2010-07-23,1.14863531526546,1.120929784615339
2010-07-26,1.1489782526255667,1.1212636169903338
2010-07-27,1.1449712601852287,1.1172874818527467
2010-07-28,1.1457515431073035,1.1180084148066134
2010-07-29,1.1452910974236998,1.11755870899385
2010-07-30,1.1494834167078487,1.121581581990866
2010-08-02,1.150079152069081,1.1221197046509186
2010-08-03,1.1508173363865017,1.1226988137057479
2010-08-04,1.1498000170180067,1.1217043351899503
2010-08-05,1.1504465049495503,1.1223342003540493
2010-08-06,1.1538990204004231,1.1257017338187094
2010-08-09,1.1546565012144911,1.1264399770646636
2010-08-10,1.1535312810477607,1.1253382406864472
2010-08-11,1.1452838615980345,1.1172870605635488
2010-08-12,1.144608219036765,1.1164920599600665
2010-08-13,1.148928463498415,1.1207043287559715
2010-08-16,1.155819010253192,1.1274235217678314
2010-08-17,1.1562007332323556,1.1277926509433398
2010-08-18,1.1566562937997193,1.1282337250847818
2010-08-19,1.1580315220913233,1.1295734894806828
2010-08-20,1.157754527060468,1.1293022767323895
2010-08-23,1.1582114096630123,1.1297470887005507
2010-08-24,1.161332958859491,1.132788602975575
2010-08-25,1.1632846437930962,1.1346469254578235
2010-08-26,1.163435631949374,1.1347935364731783
2010-08-27,1.1577000112951688,1.1291980880036774
2010-08-30,1.1627317229466942,1.1340605460758286
2010-08-31,1.1664824207284314,1.137673186355262
2010-09-01,1.1635046624096723,1.1347674432312855
2010-09-02,1.1636141756981877,1.1348285623623733
2010-09-03,1.16089367458121,1.1321731470712544
2010-09-07,1.1637582916008529,1.134830297897556
2010-09-08,1.1628413640246598,1.1337996920444324
2010-09-09,1.1573468076514324,1.1284407654153756
2010-09-10,1.1576323492391811,1.1286707762894488
2010-09-13,1.1616579337007393,1.132535141278513
2010-09-14,1.167713958450245,1.1383154259350867
2010-09-15,1.166138100462506,1.1367779919440528
2010-09-16,1.164240743839844,1.1349277271477036
2010-09-17,1.1656947033407725,1.136343427103222
2010-09-20,1.1708283841394322,1.141346097294567
2010-09-21,1.175636357790638,1.146031642658903
2010-09-22,1.1752582786540162,1.1456613934744406
2010-09-23,1.173166255238767,1.1436215901402818
2010-09-24,1.176652516588106,1.1470194815890253
2010-09-27,1.1796590685587116,1.1499484788237981
2010-09-28,1.1842458360719,1.1544191812492146
2010-09-29,1.1836091411048004,1.1537974943494622
2010-09-30,1.18433154104804,1.1545012314651377
2010-10-01,1.185681866852384,1.155816981481171
2010-10-04,1.1848001633311147,1.154952296178642
2010-10-05,1.1930949603024863,1.1630369696981
2010-10-06,1.1973645442860108,1.1671973513627967
2010-10-07,1.1941882660251937,1.164099760511187
2010-10-08,1.1986041953506825,1.168402792767333
2010-10-11,1.1993570035957004,1.1691354887882708
2010-10-12,1.1977511463224155,1.1675650115167824
2010-10-13,1.2029884510222462,1.1726699630349664
2010-10-14,1.1989878943346401,1.1687694312814407
2010-10-15,1.1947068730358772,1.164594378441339
2010-10-18,1.2000155415125402,1.16976789918814
2010-10-19,1.1920835237091145,1.1620341338300644
2010-10-20,1.1987373577714726,1.1685182582148903
2010-10-21,1.1934997134889795,1.1634116865631028
2010-10-22,1.1960742058936695,1.1659204219149302
2010-10-25,1.2001015532753334,1.1698455334490498
2010-10-26,1.1964773669256992,1.1663120363432486
2010-10-27,1.1911224337040458,1.161091211625901
2010-10-28,1.1955008088907615,1.1653579120689832
2010-10-29,1.200098230764234,1.1698363005597066
2010-11-01,1.1993858444959502,1.1691395312397177
2010-11-02,1.2061973397843273,1.1757772792368746
2010-11-03,1.2050180842379672,1.1745847641074825
2010-11-04,1.2220216892375084,1.1911576823610008
2010-11-05,1.2204228375880328,1.1895969970210456
2010-11-08,1.22166768353997,1.1908093050633992
2010-11-09,1.2089616705811999,1.17842372687411
2010-11-10,1.211456107661354,1.1808515039003769
2010-11-11,1.208888166330192,1.1783477144846468
2010-11-12,1.1956333452673018,1.165427285154104
2010-11-15,1.1869221492194104,1.1569340043133212
2010-11-16,1.1796259303497425,1.149740701720046
2010-11-17,1.1807560082380701,1.150758903583193
2010-11-18,1.1908835781226945,1.1605458627764373
2010-11-19,1.193795713179791,1.1632996468121355
2010-11-22,1.196092931770834,1.1655375622750663
2010-11-23,1.1903024435980796,1.1598943790616587
2010-11-24,1.1899626108649244,1.1595614944086892
2010-11-26,1.1850558115863787,1.154695827744456
2010-11-29,1.1877024841192367,1.157191123281722
2010-11-30,1.1878500061967894,1.1572910330751782
2010-12-01,1.1902509446814746,1.1595863780069635
2010-12-02,1.1937684828868411,1.1629297164015124
2010-12-03,1.1985619252754494,1.1675987918452113
2010-12-06,1.2032376086022598,1.1721531308893987
2010-12-07,1.1931504046019417,1.162245582219921
2010-12-08,1.187179971781229,1.1563495410638571
2010-12-09,1.1888016562231096,1.157926638102125
2010-12-10,1.1877991920734319,1.156949212063186
2010-12-13,1.1914367164833761,1.1604915780082627
2010-12-14,1.188326492133982,1.1574612279454901
2010-12-15,1.1787375117606262,1.1477468306811618
2010-12-16,1.18098099588827,1.1495982434722278
2010-12-17,1.1858283317011853,1.153982855844943
2010-12-20,1.1881053404162742,1.1558308036093585
2010-12-21,1.1922979897767954,1.1599093084908128
2010-12-22,1.1932087648770944,1.1607939849493158
2010-12-23,1.1925699765381492,1.160171825406077
2010-12-27,1.1944528506655565,1.1620029008832415
2010-12-28,1.194070213172339,1.1616297565162532
2010-12-29,1.200494738123294,1.167509344440698
2010-12-30,1.1989881469786572,1.1656748437137952
2010-12-31,1.2049568384046376,1.1714772643414142
2011-01-03,1.2076938068717973,1.1741369778099633
2011-01-04,1.2030611430546856,1.1696316527012316
2011-01-05,1.199669171252583,1.1663317080178193
2011-01-06,1.1965894553433971,1.1633350848501083
2011-01-07,1.1967955237814496,1.1635351011421473
2011-01-10,1.1986332822249897,1.165320985670075
2011-01-11,1.2020180400096716,1.1686111708685658
2011-01-12,1.2061959533073905,1.1726701445336134
2011-01-13,1.2052574058481274,1.1717560796119784
2011-01-14,1.2040884281337756,1.1706189281225543
2011-01-18,1.205531449281604,1.172021002230939
2011-01-19,1.2024540568272795,1.1690287559377304
2011-01-20,1.1934456796912778,1.1602692164803774
2011-01-21,1.1953300978095747,1.1620977148095217
2011-01-24,1.195170854982693,1.161941066966838
2011-01-25,1.1966301427029418,1.1633596376547675
2011-01-26,1.1984177331133232,1.1650966686572917
2011-01-27,1.1961698443259652,1.1629102925621477
2011-01-28,1.1963672448008462,1.163101086475606
2011-01-31,1.1995406604221888,1.1661843547240087
2011-02-01,1.2037090449159131,1.170235729622096
2011-02-02,1.2019786425948105,1.168552731077899
2011-02-03,1.2045802159358696,1.1707168400779673
2011-02-04,1.2026042496631544,1.1687919216595029
2011-02-07,1.2048887825223498,1.1706878605256654
2011-02-08,1.212555863494127,1.1781367135485659
2011-02-09,1.2065404103764805,1.1722902535946422
2011-02-10,1.2038925180071107,1.1693932299297705
2011-02-11,1.2049485141242777,1.1700954691420347
2011-02-14,1.2074796576707465,1.1722317865648177
2011-02-15,1.207077143784823,1.1718397236359261
2011-02-16,1.2096079682336993,1.1742252334761056
2011-02-17,1.2163250016114582,1.180674242935306
2011-02-18,1.2216160044343198,1.1858094456756114
2011-02-22,1.2185235379777042,1.1828074312948094
2011-02-23,1.2217950336767411,1.1859810253675933
2011-02-24,1.2161610355714574,1.180511553946655
2011-02-25,1.2285568150110149,1.1925430567012745
2011-02-28,1.23390504635383,1.1973703335548176
2011-03-01,1.2332252655441556,1.1967103103355126
2011-03-02,1.2333378981566439,1.196818550092464
2011-03-03,1.2337343423081293,1.1972025890522855
2011-03-04,1.2380855545075429,1.2010591583796364
2011-03-07,1.2352146181928103,1.1982726714627792
2011-03-08,1.2376112253039875,1.2005971835185187
2011-03-09,1.2383986121233799,1.201360741008658
2011-03-10,1.2309366182049206,1.1937556069974724
2011-03-11,1.2328757044889196,1.1956353619753055
2011-03-14,1.23151416786369,1.1943147642630603
2011-03-15,1.2216798831608426,1.184777154870997
2011-03-16,1.2176784364346278,1.180895338176856
2011-03-17,1.225302378315804,1.1882882218020943
2011-03-18,1.2302893119263176,1.193122970804606
2011-03-21,1.2363659948642853,1.1990154660125312
2011-03-22,1.237550562618469,1.2001636441040504
2011-03-23,1.239856113449402,1.2023993952937073
2011-03-24,1.2393962115378572,1.2019511277615587
2011-03-25,1.2392812148191503,1.201839312515203
2011-03-28,1.2362107301160226,1.1984927526814275
2011-03-29,1.2375838188261779,1.1998235015234286
2011-03-30,1.2440899613029779,1.2061302749501934
2011-03-31,1.2469715683283065,1.2089234416312897
2011-04-01,1.2516532209382225,1.2134615399311008
2011-04-04,1.2570295519140846,1.2186715625602007
2011-04-05,1.2582588157053507,1.2194871301680894
2011-04-06,1.2605980682065687,1.2213778642897883
2011-04-07,1.2599817426176587,1.220780471831054
2011-04-08,1.2647599460295043,1.2254096956982854
2011-04-11,1.258396623609179,1.2192439003683297
2011-04-12,1.251877362713074,1.2129265706964494
2011-04-13,1.256427170753143,1.2173343407299446
2011-04-14,1.259890567461455,1.220314782338598
2011-04-15,1.2667971619875722,1.2266283137587197
2011-04-18,1.2632460299747947,1.222812992007818
2011-04-19,1.26814199743749,1.2275512264020727
2011-04-20,1.276366868170572,1.2355124481964308
2011-04-21,1.281192176784688,1.240182336357706
2011-04-25,1.2816384888578558,1.2406138657210226
2011-04-26,1.2845476052364633,1.243429730307357
2011-04-27,1.2915352768138086,1.2501901870102763
2011-04-28,1.2948115171455237,1.2533600718564344
2011-04-29,1.2976370040192027,1.2560936656747985
2011-05-02,1.2929971829493005,1.2516006763823497
2011-05-03,1.2865456483372644,1.2453535790825374
2011-05-04,1.2801288671002393,1.2391401011315306
2011-05-05,1.2655937002781348,1.2250677213943253
2011-05-06,1.268148601747416,1.227459249830049
2011-05-09,1.2764141121139747,1.235457655256518
2011-05-10,1.278589952002311,1.2375542773788997
2011-05-11,1.2688439240835605,1.228038895875487
2011-05-12,1.2670830891119038,1.22625331588109
2011-05-13,1.2647737076788477,1.2239370968747671
2011-05-16,1.26356480159397,1.2226860467731608
2011-05-17,1.2656496418596688,1.224702973725751
2011-05-18,1.2690528263179615,1.2279950408512268
2011-05-19,1.2690569305684303,1.2279973705864569
2011-05-20,1.2678682175537257,1.2268326020190352
2011-05-23,1.2625144313290384,1.2216458920706834
2011-05-24,1.2667988343568155,1.2257906594846721
2011-05-25,1.2687899954560018,1.2277166698577198
2011-05-26,1.2725420194521546,1.2313441847142519
2011-05-27,1.276869972180823,1.2355252126100746
2011-05-31,1.2831372448356464,1.2415888779956539
2011-06-01,1.2768681836366267,1.2355220034493062
2011-06-02,1.271685606578204,1.2305056288155847
2011-06-03,1.2718257547494087,1.2306385787619403
2011-06-06,1.266567008973019,1.225544961536885
2011-06-07,1.2702650725845763,1.2291219301365097
2011-06-08,1.2690496399519844,1.227945116370367
2011-06-09,1.2702367199992095,1.22909309134128
2011-06-10,1.2604762630418163,1.2196451555714607
2011-06-13,1.2563934104602745,1.2156925841131063
2011-06-14,1.261137905115455,1.2202826554080017
2011-06-15,1.2566373704315825,1.2159253479488916
2011-06-16,1.253185543402294,1.2124241999872647
2011-06-17,1.2555537534910366,1.214493069888282
2011-06-20,1.2581132123155316,1.2167008752966082
2011-06-21,1.2635953110059563,1.22200147653623
2011-06-22,1.2604092542676604,1.2188584507975333
2011-06-23,1.258974938158733,1.2174097329921039
2011-06-24,1.2532779332115136,1.2118987975889906
2011-06-27,1.2504868249495966,1.2091344722296657
2011-06-28,1.2500446848563787,1.2087061159463308
2011-06-29,1.2547233906266786,1.2131052853318507
2011-06-30,1.2580000718391404,1.2162714849959568
2011-07-01,1.2614833554553193,1.2196362665686935
2011-07-05,1.2674683992157776,1.2254217409268207
2011-07-06,1.2696703465654609,1.2275489985123436
2011-07-07,1.273156139583207,1.230914106718393
2011-07-08,1.2746149633448256,1.232282676648673
2011-07-11,1.2688025813154342,1.226621436356622
2011-07-12,1.2687478344484926,1.2265659252849863
2011-07-13,1.2748060228038411,1.232296421196888
2011-07-14,1.269073774706441,1.226628831452469
2011-07-15,1.273015831724003,1.2303763393937903
2011-07-18,1.2693707380849637,1.2267900160316378
2011-07-19,1.2746857959737243,1.2317998432177677
2011-07-20,1.2760524104523676,1.23299282461561
2011-07-21,1.2784625884283685,1.235320417301283
2011-07-22,1.282868198943005,1.2395745952960728
2011-07-25,1.2778471681981416,1.2346807787683547
2011-07-26,1.281782059430618,1.2384406808639892
2011-07-27,1.2705751679339328,1.2275703903142645
2011-07-28,1.2717559590930871,1.2286692453523969
2011-07-29,1.278065762299343,1.234764896013586
2011-08-01,1.2775988474344426,1.2343108207304014
2011-08-02,1.2775717730179648,1.2342201477688535
2011-08-03,1.277965220771239,1.2344321925854314
2011-08-04,1.270714283688924,1.227427882751203
2011-08-05,1.259254703716363,1.216037069680234
2011-08-08,1.266467884860423,1.2230001123296421
2011-08-09,1.2723321408170656,1.2286583334892278
2011-08-10,1.2929866938114027,1.2486019824662171
2011-08-11,1.266967495894654,1.2234726103047109
2011-08-12,1.275951928459151,1.2321418793213945
2011-08-15,1.2786983948318031,1.2347916897950035
2011-08-16,1.2859692847101991,1.2418099900006438
2011-08-17,1.291213245739957,1.2468733308491116
2011-08-18,1.2988778895804924,1.2542742475951438
2011-08-19,1.3049049485904334,1.260092996986354
2011-08-22,1.3079895662879488,1.2630710324778587
2011-08-23,1.2916609392058072,1.2473016105204302
2011-08-24,1.2723222168744537,1.2286208569973553
2011-08-25,1.279325924200921,1.2353812284174703
2011-08-26,1.286710609249656,1.2425115774319975
2011-08-29,1.2813055495589298,1.2372888528721975
2011-08-30,1.2925996347070694,1.2481914346655423
2011-08-31,1.2899666314104057,1.2456474906922042
2011-09-01,1.293511216960016,1.248977983250754
2011-09-02,1.3088609817340293,1.2637067244508855
2011-09-06,1.3121329405631246,1.266862687719594
2011-09-07,1.3033761374611967,1.2584071823631544
2011-09-08,1.3081202141551633,1.2628950165504682
2011-09-09,1.3089175355799556,1.2635718795063497
2011-09-12,1.3019806461028078,1.256657718710936
2011-09-13,1.3019033184565805,1.256581022713888
2011-09-14,1.3015677805701462,1.2560391426556599
2011-09-15,1.2930166372866105,1.247786613130386
2011-09-16,1.297088787264867,1.2517158008500942
2011-09-19,1.299768148796003,1.2543011089664335
2011-09-20,1.3032268357348302,1.25742093159753
2011-09-21,1.3084912766453283,1.2624991628811664
2011-09-22,1.3094643409062918,1.2634365144262574
2011-09-23,1.295566063794759,1.249978902978886
2011-09-26,1.290194604707836,1.244792088667444
2011-09-27,1.2875191770252166,1.2422101467528233
2011-09-28,1.2836020655877889,1.238430172168404
2011-09-29,1.2843699050962225,1.2391699062949255
2011-09-30,1.293403676506233,1.2478855458841496
2011-10-03,1.3033715949783213,1.2575015937994238
2011-10-04,1.2942695177605572,1.2487188370766789
2011-10-05,1.2935783900332667,1.2480503357385397
2011-10-06,1.2885883996172354,1.2432345031069822
2011-10-07,1.286184167134253,1.2409143159996865
2011-10-10,1.2832876512914528,1.238119590144243
2011-10-11,1.2839849609611378,1.238789732470513
2011-10-12,1.281143226345316,1.236047651506509
2011-10-13,1.2820638414877643,1.236935267358121
2011-10-14,1.2790736031374637,1.2340492741570994
2011-10-17,1.2829524740794946,1.2375667014825846
2011-10-18,1.2819791598203256,1.2364030026393578
2011-10-19,1.2823806513757803,1.2367861502487423
2011-10-20,1.280142106979693,1.2346250332058126
2011-10-21,1.2793272794219273,1.233839087385103
2011-10-24,1.2868368517854842,1.2408522593924447
2011-10-25,1.293932813041608,1.247690326674509
2011-10-26,1.2923095660211068,1.2461231176234397
2011-10-27,1.2906342522991918,1.2445071103636476
2011-10-28,1.2943025552920646,1.2478852306023003
2011-10-31,1.2951278632172623,1.2486802275694546
2011-11-01,1.2969402543560415,1.2503371435087645
2011-11-02,1.2988713144089432,1.2519983577356286
2011-11-03,1.2998461969091517,1.2528745219238542
2011-11-04,1.299768252171935,1.252797559491263
2011-11-07,1.3011739055593696,1.254151543365609
2011-11-08,1.2972647183339998,1.250382743265363
2011-11-09,1.288198570602779,1.2414531788304184
2011-11-10,1.2827601899174288,1.2358943380152878
2011-11-11,1.2813729378465013,1.2344966375936948
2011-11-14,1.2806371814516537,1.2335309828879104
2011-11-15,1.2813855852465192,1.2341245140700103
2011-11-16,1.2806486822600174,1.2334138343133114
2011-11-17,1.2745325374586387,1.2273799790435822
2011-11-18,1.273976630139648,1.2268424263051654
2011-11-21,1.2706663277519408,1.2236544027642784
2011-11-22,1.272463099526833,1.2253244060376922
2011-11-23,1.2733917768465581,1.2261584142199957
2011-11-25,1.2702730704136547,1.2230950815085284
2011-11-28,1.271542592647939,1.2243169440128796
2011-11-29,1.270737731770458,1.2234816611054296
2011-11-30,1.2698649378735392,1.2226408462448781
2011-12-01,1.2695734856346006,1.2223580370136795
2011-12-02,1.2763509000140527,1.2287458358583083
2011-12-05,1.2781050700638759,1.2304325431656196
2011-12-06,1.2764564786843753,1.228773302869378
2011-12-07,1.2790688336362526,1.231283901097138
2011-12-08,1.275049899678463,1.2274133397789662
2011-12-09,1.2738525589706542,1.2261895638130695
2011-12-12,1.271931736688055,1.2242699097473786
2011-12-13,1.2750211196684071,1.2271729359882155
2011-12-14,1.2725450412708437,1.2247866411774513
2011-12-15,1.2716259371565772,1.2237647573494919
2011-12-16,1.276227275690493,1.2281922895941708
2011-12-19,1.2796251490461257,1.2314608264144062
2011-12-20,1.2764306929015226,1.2283863358663607
2011-12-21,1.274045560272047,1.2259783649279243
2011-12-22,1.2782607327130986,1.2300339261755053
2011-12-23,1.277920214119271,1.2296350535916871
2011-12-27,1.2812994495356913,1.2328860406341005
2011-12-28,1.282558186080545,1.2340943511755191
2011-12-29,1.2854398648158407,1.2368632389110432
2011-12-30,1.2850118437466873,1.236451017491814
2012-01-03,1.2853511562299722,1.2367761280794423
2012-01-04,1.2839562430749087,1.2354331000441572
2012-01-05,1.2846168995219622,1.2360682960261715
2012-01-06,1.2865734484344056,1.2379486891223124
2012-01-09,1.2849994947388352,1.236433614318819
2012-01-10,1.2874030119879156,1.2387455644905239
2012-01-11,1.2908912201879292,1.2420279488465418
2012-01-12,1.2887424293283272,1.2399599529112901
2012-01-13,1.2919474547119245,1.2430430870909985
2012-01-17,1.294945745043236,1.245927203917995
2012-01-18,1.2935105373540965,1.2445456435228512
2012-01-19,1.2911673908779864,1.242290560924311
2012-01-20,1.2886198978189298,1.239838977653481
2012-01-23,1.288233298871779,1.239466289572069
2012-01-24,1.2895959176166807,1.2407765434803226
2012-01-25,1.2948796598405843,1.2458599819994058
2012-01-26,1.298965187310158,1.2497458211288255
2012-01-27,1.2994784066171943,1.2502384651212564
2012-01-30,1.2993865513021918,1.2501494222435348
2012-01-31,1.3030515820505932,1.253630432212079
2012-02-01,1.3036105997255494,1.2541228582510227
2012-02-02,1.3050453121955161,1.2555023942716448
2012-02-03,1.3047877186083734,1.255254374998362
2012-02-06,1.3051568910449485,1.25556262542648
2012-02-07,1.304823854695704,1.2552411046053011
2012-02-08,1.3054218564670745,1.2558159027958289
2012-02-09,1.3035785460122533,1.2540417976560874
2012-02-10,1.301243548938338,1.2517948122125964
2012-02-13,1.3056293021437155,1.256012669975308
2012-02-14,1.3060009193074376,1.2563690260935865
2012-02-15,1.305944994540189,1.2563150191880244
2012-02-16,1.3072702850061577,1.2575898296320174
2012-02-17,1.3071193740265574,1.2574444371863938
2012-02-21,1.3066836007739147,1.2570250405559589
2012-02-22,1.3108696984246622,1.261051535920126
2012-02-23,1.3128507451720337,1.2629558544330122
2012-02-24,1.3145856569529593,1.2645956832636611
2012-02-27,1.3160425773130404,1.2659969799771353
2012-02-28,1.3183155345218402,1.2681829758709686
2012-02-29,1.3125511826639407,1.2626374579580033
2012-03-01,1.3142727403887253,1.2642639121729942
2012-03-02,1.3138752716222508,1.2638524786487952
2012-03-05,1.3106549882340344,1.2607257209732292
2012-03-06,1.3045466184642325,1.2548496689350344
2012-03-07,1.3062596756890903,1.2564312837465261
2012-03-08,1.3077839984354973,1.2578313455231334
2012-03-09,1.3104732771751924,1.2604171006089628
2012-03-12,1.308919645721224,1.2589218572756966
2012-03-13,1.3102153336469973,1.2601675735111681
2012-03-14,1.3016977663214024,1.2519091951904098
2012-03-15,1.301020732812064,1.2512535100959745
2012-03-16,1.301625622259892,1.251834605014102
2012-03-19,1.299636534694925,1.2499209717181803
2012-03-20,1.2974306249699725,1.247726726859697
2012-03-21,1.2999124562996158,1.2500409786161095
2012-03-22,1.2976935130304195,1.2479066198482973
2012-03-23,1.3003311770568862,1.2504428236000409
2012-03-26,1.303038114374717,1.253045241484402
2012-03-27,1.3052808195722514,1.2551360193686838
2012-03-28,1.301921212273677,1.2518394849256758
2012-03-29,1.302431334064791,1.252329481596831
2012-03-30,1.300915399751786,1.2508712909366853
2012-04-02,1.3050001434059526,1.2547985063090312
2012-04-03,1.2985534092374835,1.2485994197463894
2012-04-04,1.295794118580193,1.2458740023481414
2012-04-05,1.298161608948455,1.2480781757513075
2012-04-09,1.299518478470858,1.2493821619894503
2012-04-10,1.2949134155520567,1.2449533980108929
2012-04-11,1.2968112384108048,1.2467281134997252
2012-04-12,1.300505420783727,1.250229852335601
2012-04-13,1.3020343525657545,1.2516983104442823
2012-04-16,1.302381536003697,1.252031495652667
2012-04-17,1.3066351147052957,1.2561204049768921
2012-04-18,1.3054508064717525,1.2549807260502768
2012-04-19,1.3039939620960959,1.2535794317534625
2012-04-20,1.3054482091504958,1.2549771735043018
2012-04-23,1.3031798812377786,1.2527958262663552
2012-04-24,1.3032043527114574,1.252819165546694
2012-04-25,1.3069523250969555,1.2564220105822246
2012-04-26,1.3103464548493884,1.2595200869864733
2012-04-27,1.3117455639463078,1.2608647599808323
2012-04-30,1.3108752182651306,1.2600278540067031
2012-05-01,1.3122993181556464,1.2613966569565467
2012-05-02,1.313585415627199,1.2626327821106789
2012-05-03,1.3108397674350787,1.2599933463892166
2012-05-04,1.3073418198932598,1.2564658210431536
2012-05-07,1.3090054323747566,1.258061620873968
2012-05-08,1.3087412759345105,1.2577572794273748
2012-05-09,1.3068968240743626,1.2559845031959787
2012-05-10,1.3058399505964746,1.2548693212498259
2012-05-11,1.3083096840884154,1.2572418077245988
2012-05-14,1.3088750714363073,1.257784823213367
2012-05-15,1.3087588987054886,1.2576725853501436
2012-05-16,1.307171237709776,1.2561462117270055
2012-05-17,1.3019141129582081,1.2510938973453725
2012-05-18,1.2985717224517288,1.2478800738167732
2012-05-21,1.3020497705168899,1.2512218896944538
2012-05-22,1.3014762802866282,1.2506701509613525
2012-05-23,1.303963478423862,1.253059413397919
2012-05-24,1.3045356061830375,1.2536091207359714
2012-05-25,1.305603983335689,1.2546355437489511
2012-05-29,1.3086126549746055,1.2575265310733497
2012-05-30,1.3109729008723519,1.2597938061981906
2012-05-31,1.3142452697596523,1.2629374820396424
2012-06-01,1.313889466843276,1.2625939465008844
2012-06-04,1.3087939373644777,1.2576952835013981
2012-06-05,1.3094942164683308,1.25836667536879
2012-06-06,1.3084737738361183,1.257385582874811
2012-06-07,1.3102849915127934,1.259125485392142
2012-06-08,1.3136810307631928,1.262388598523342
2012-06-11,1.3114670895461127,1.2602607954998981
2012-06-12,1.3112257529537246,1.2600280406550814
2012-06-13,1.3124828629406426,1.2612355544006357
2012-06-14,1.313625664683663,1.2623333362569125
2012-06-15,1.3168522757277894,1.2654317659409302
2012-06-18,1.3186661425993529,1.2671735204268761
2012-06-19,1.3171740454852132,1.265739106244914
2012-06-20,1.3176259695819563,1.2661726325471343
2012-06-21,1.3174648072681288,1.2660170858320285
2012-06-22,1.3165303091110105,1.2651178839510593
2012-06-25,1.3188439014792448,1.2673404223850482
2012-06-26,1.3183116846157035,1.2668281341597851
2012-06-27,1.3214242003938013,1.2698187965259111
2012-06-28,1.3233238053413272,1.2716422546491335
2012-06-29,1.3235262099833223,1.2718359572147546
2012-07-02,1.3284669921007835,1.2765298422057452
2012-07-03,1.3293950229179043,1.2774209392220728
2012-07-05,1.332031607256253,1.2799069593278753
2012-07-06,1.3344370980367728,1.282118530332657
2012-07-09,1.3357419781534179,1.2833709998870848
2012-07-10,1.3348240774671405,1.2824870444377288
2012-07-11,1.3360506076509315,1.2836640531609287
2012-07-12,1.3388900240760566,1.2863920840644891
2012-07-13,1.3405318524342735,1.2879681840170905
2012-07-16,1.340881843270536,1.2883030392205124
2012-07-17,1.341638322618404,1.2890296223694262
2012-07-18,1.3448062484467704,1.2920728648398656
2012-07-19,1.344494677151481,1.2917730419495388
2012-07-20,1.3448866037991314,1.2920950911267275
2012-07-23,1.3437112289061028,1.2909113313672362
2012-07-24,1.3445234922356546,1.2916912674839656
2012-07-25,1.3440984881593996,1.2912818091132172
2012-07-26,1.3446411284838948,1.2918026469477846
2012-07-27,1.342938579779138,1.2901659357933333
2012-07-30,1.345510795432193,1.292583157957608
2012-07-31,1.3457613016261256,1.2928206847541968
2012-08-01,1.346254795509901,1.2932410881969016
2012-08-02,1.3464617350718653,1.2934382349289784
2012-08-03,1.3433071789321236,1.2904076429116205
2012-08-06,1.3448188643890562,1.2917609905140304
2012-08-07,1.3412160541368925,1.2882949606334335
2012-08-08,1.3396574576103542,1.286785703627054
2012-08-09,1.3400580087284875,1.2871643476694672
2012-08-10,1.3420064465218025,1.2890299515107442
2012-08-13,1.3403853118257139,1.2874532566073473
2012-08-14,1.3373479413780136,1.2845319270786015
2012-08-15,1.3334939874116392,1.2808269947901192
2012-08-16,1.333461738778514,1.2807947027399205
2012-08-17,1.3349759635792988,1.2822484515599157
2012-08-20,1.3353674467365675,1.2826209564303774
2012-08-21,1.336099300789944,1.2833230740648027
2012-08-22,1.3398530549880456,1.2869279057831533
2012-08-23,1.3394353990572663,1.2864643429174578
2012-08-24,1.3405829604584336,1.2874147541154959
2012-08-27,1.3414528847297382,1.2880716311392986
2012-08-28,1.3420303322049922,1.2885842164856014
2012-08-29,1.3399070702796616,1.286394582276747
2012-08-30,1.3391381505456392,1.2855065254382152
2012-08-31,1.345348826170263,1.2914347662362562
2012-09-04,1.345424407654054,1.2913530228362573
2012-09-05,1.3446350547897588,1.2905938766160383
2012-09-06,1.346087651791333,1.2919869025935544
2012-09-07,1.3507667622357662,1.2964759271140336
2012-09-10,1.3478597119998126,1.29363837346308
2012-09-11,1.3500292817343171,1.2957189005747787
2012-09-12,1.34873877332214,1.2944786567835072
2012-09-13,1.359294084432706,1.3046083807172963
2012-09-14,1.3555066944304932,1.3009723644403215
2012-09-17,1.3529515415568847,1.2984435196980257
2012-09-18,1.3550872973836643,1.3004173218352855
2012-09-19,1.35663729524983,1.3019039832734538
2012-09-20,1.3539012885799149,1.2992781541632124
2012-09-21,1.3553244809446878,1.3006404756599956
2012-09-24,1.3550576753906878,1.300380101032127
2012-09-25,1.3525409620872733,1.297958486985083
2012-09-26,1.35251149590172,1.2979290269877573
2012-09-27,1.3575739515217142,1.3027862532506491
2012-09-28,1.3560152076144012,1.3012884204652286
2012-10-01,1.3577357224393152,1.302938915048822
2012-10-02,1.359064605483009,1.3042116756129516
2012-10-03,1.3594782719610194,1.3046058668461264
2012-10-04,1.3609923023081736,1.3060557347153612
2012-10-05,1.3575612062826385,1.3027615725776844
2012-10-08,1.3574227312629406,1.3026264034374635
2012-10-09,1.3537282835389293,1.2990800677505834
2012-10-10,1.3545977366721471,1.299909496682247
2012-10-11,1.3583912492604784,1.3035488395962267
2012-10-12,1.3576475622044626,1.3028318982071545
2012-10-15,1.359422125379955,1.3045344512000485
2012-10-16,1.3614971772292304,1.306524628584359
2012-10-17,1.3604678301901436,1.3055348346250708
2012-10-18,1.3585346937679021,1.3036770594753118
2012-10-19,1.3547456666486946,1.300040414453342
2012-10-22,1.3542151600846268,1.299530642128599
2012-10-23,1.3502041580866808,1.2956792307788783
2012-10-24,1.3478238696258433,1.293389415819871
2012-10-25,1.3479258789943627,1.2934833608103682
2012-10-26,1.350035604629243,1.295506968932767
2012-10-31,1.353431820723175,1.2987601147306032
2012-11-01,1.3532819923877186,1.2986138943709613
2012-11-02,1.3484718164077671,1.2939933358402687
2012-11-05,1.3497319661835647,1.2951626621025165
2012-11-06,1.3510607023660817,1.296398243957592
2012-11-07,1.3491317155374845,1.294544861752291
2012-11-08,1.3484994228371636,1.293936807971747
2012-11-09,1.3475752373873529,1.2930486182920329
2012-11-12,1.347329513918056,1.2928115641141895
2012-11-13,1.346941881664359,1.2924304622514677
2012-11-14,1.3444021655689717,1.2899201347226619
2012-11-15,1.3425235546756766,1.2879786613038207
2012-11-16,1.342642431744242,1.2880914033746236
2012-11-19,1.3496749733113014,1.2948377971725462
2012-11-20,1.3469501913686317,1.2920840552315815
2012-11-21,1.3465751115198674,1.291650273610253
2012-11-23,1.352869802398917,1.2976142579247818
2012-11-26,1.353681793826307,1.2983180434665293
2012-11-27,1.3528803358079902,1.2975483400047498
2012-11-28,1.3528314918017,1.2974963345410457
2012-11-29,1.3569978606619744,1.3014912630022522
2012-11-30,1.3555449857652033,1.3000898888424235
2012-12-03,1.357026210417892,1.3015097205511181
2012-12-04,1.3567932726394283,1.3012772178386691
2012-12-05,1.3583153521901217,1.3027365304356298
2012-12-06,1.3606313584768528,1.304955424331129
2012-12-07,1.3597999764749813,1.304156041489323
2012-12-10,1.3614099061713762,1.3056988004259313
2012-12-11,1.3609386380034267,1.3052454578961188
2012-12-12,1.3593454863943617,1.3037143140266694
2012-12-13,1.3543836149360733,1.2989522139767191
2012-12-14,1.3553961704585678,1.299920463669561
2012-12-17,1.355055210766743,1.2995926580442383
2012-12-18,1.3537801594447951,1.2983670500646092
2012-12-19,1.3538628647128401,1.2983706806136543
2012-12-20,1.3547555052620117,1.299225358789243
2012-12-21,1.3528375888646378,1.2972681654547789
2012-12-24,1.3513551576064162,1.2957635647737569
2012-12-26,1.3525030848623418,1.2968624928254704
2012-12-27,1.3552148198974834,1.2994614925367718
2012-12-28,1.354147957871585,1.2983659226261988
2012-12-31,1.355756781607198,1.299835936135496
2013-01-02,1.3642017113944538,1.3078487201820428
2013-01-03,1.3575765196207665,1.301454069773209
2013-01-04,1.359037585025055,1.3028118106707829
2013-01-07,1.3585133945452643,1.302230512925065
2013-01-08,1.357569837030912,1.301325188937072
2013-01-09,1.3587111659394469,1.3024181004706328
2013-01-10,1.361639716192382,1.305224520942409
2013-01-11,1.3615877117403237,1.3050537754644596
2013-01-14,1.3617836935771652,1.3051207401690401
2013-01-15,1.3624205898318955,1.3055700226112346
2013-01-16,1.362036439237657,1.30515758445679
2013-01-17,1.3641533344444843,1.307141762618094
2013-01-18,1.3660465803572692,1.3089545040045028
2013-01-22,1.3678366497652206,1.3106690194060207
2013-01-23,1.3675196545895414,1.3103646185095534
2013-01-24,1.3658018378853656,1.3087169286262654
2013-01-25,1.36397529191515,1.3069661888312192
2013-01-28,1.3619346092793854,1.3049370731129373
2013-01-29,1.3637944487164997,1.3067173480247936
2013-01-30,1.361039344844065,1.3040749932141373
2013-01-31,1.3587792250492334,1.3018347340087635
2013-02-01,1.3607687830410835,1.3036663073728108
2013-02-04,1.3552773281460004,1.2979454312955907
2013-02-05,1.3556898351205153,1.297910191531129
2013-02-06,1.3574615707164912,1.2996052943533971
2013-02-07,1.354540107927985,1.2968065678519392
2013-02-08,1.3572825641938209,1.299431777187249
2013-02-11,1.3556971912175997,1.2979133442971362
2013-02-12,1.3577221653070901,1.2997763793067305
2013-02-13,1.3567566228109833,1.2988511641268656
2013-02-14,1.3561077541332338,1.2977745418365416
2013-02-15,1.354758701462246,1.2960136488839917
2013-02-19,1.3571406563497153,1.2982919663599763
2013-02-20,1.350864702416418,1.2918181037024314
2013-02-21,1.347375721995595,1.288014500584175
2013-02-22,1.3512251409673448,1.2915275457692799
2013-02-25,1.3484767425989175,1.2888586316621164
2013-02-26,1.3511093479677296,1.2913329914710467
2013-02-27,1.3539386980446688,1.2940359131647696
2013-02-28,1.3546982686863789,1.2947613794341815
2013-03-01,1.3569298119502073,1.296892275739322
2013-03-04,1.3571662094873511,1.2971178559609493
2013-03-05,1.3593292452264456,1.2991838994706606
2013-03-06,1.3590060987961963,1.2988741965734536
2013-03-07,1.3568014193740223,1.296765886529887
2013-03-08,1.3573426662493064,1.2972817914655148
2013-03-11,1.3572387204048098,1.296756131563504
2013-03-12,1.3554695138217816,1.2950653947552953
2013-03-13,1.3551433545169407,1.2943317420582114
2013-03-14,1.3581060491359704,1.296739697699656
2013-03-15,1.3579475248420723,1.2961378526332898
2013-03-18,1.3578001064495393,1.2959947326205439
2013-03-19,1.3571245072287899,1.2953399554644625
2013-03-20,1.3576902422509556,1.2958384809859744
2013-03-21,1.3550626459535584,1.2932891372957036
2013-03-22,1.3559479422526644,1.2940927052011493
2013-03-25,1.355881650637911,1.2939881867306589
2013-03-26,1.3601710222432737,1.2980798205044537
2013-03-27,1.3625395589732914,1.3003397427229668
2013-03-28,1.363471119508354,1.3012280488064687
2013-04-01,1.3615729289725302,1.2994153595086266
2013-04-02,1.362639923955803,1.300430587359633
2013-04-03,1.3605246966450935,1.2984111081074932
2013-04-04,1.3644211663205204,1.3021278166937658
2013-04-05,1.366037092910631,1.3036288030926007
2013-04-08,1.3671051656398379,1.3045750184654363
2013-04-09,1.3682021334253005,1.3056161939631423
2013-04-10,1.369412906618322,1.3067326692482881
2013-04-11,1.3700391931806368,1.307259373508835
2013-04-12,1.3715866191138955,1.3086946274350715
2013-04-15,1.365803635972349,1.3031034950248055
2013-04-16,1.3680241093650194,1.3051667067405723
2013-04-17,1.3661874166321788,1.3033591133213196
2013-04-18,1.3653594960710629,1.3025140515144622
2013-04-19,1.3683354498878517,1.305352360099343
2013-04-22,1.3699010649433838,1.306845135269168
2013-04-23,1.373404047609144,1.3101317841027686
2013-04-24,1.3749565419755256,1.3116123209642214
2013-04-25,1.3752742516514207,1.311914627008207
2013-04-26,1.3759534752255727,1.3125616967724414
2013-04-29,1.3781794314914246,1.3146843219055733
2013-04-30,1.3795069287322634,1.3159494829879574
2013-05-01,1.3788175479604838,1.315290798542784
2013-05-02,1.3828728432291992,1.3191581966888817
2013-05-03,1.3796549301607257,1.3160872742199554
2013-05-06,1.3799701572930165,1.3163502104466087
2013-05-07,1.3806672168132632,1.3169435776409795
2013-05-08,1.383229099288149,1.3193868516908063
2013-05-09,1.3810017643999732,1.3172609263093644
2013-05-10,1.3788964365722707,1.31525143994087
2013-05-13,1.3769399044338384,1.3133836745656808
2013-05-14,1.3772613145343675,1.3136895576290915
2013-05-15,1.3809588020879215,1.3171756683527043
2013-05-16,1.3822344241237654,1.3183918110778452
2013-05-17,1.3835317895133652,1.3195882510517907
2013-05-20,1.3829731709170852,1.3190529883565265
2013-05-21,1.384902034400237,1.3208899288447566
2013-05-22,1.376074759243558,1.3124639297887728
2013-05-23,1.368999917355692,1.305262693691533
2013-05-24,1.365732547675861,1.3021438935542886
2013-05-28,1.3632224944440257,1.2997482925251953
2013-05-29,1.3501324518970181,1.286908093441118
2013-05-30,1.34795417922562,1.2846371638515584
2013-05-31,1.3349108666460525,1.2722048368108452
2013-06-03,1.3346117981407117,1.2719169908837966
2013-06-04,1.3316705653464704,1.2691108054339364
2013-06-05,1.3197007102893812,1.2576975693323118
2013-06-06,1.323966245971914,1.2617585066962433
2013-06-07,1.331882193819487,1.2689528464241202
2013-06-10,1.3293262191693451,1.266193610411534
2013-06-11,1.3170987216913599,1.2545444200725637
2013-06-12,1.3128157801001352,1.2501459525560634
2013-06-13,1.3327083638712016,1.2690881954065345
2013-06-14,1.332161925570694,1.268564284628165
2013-06-17,1.3374553195431171,1.2736035629588567
2013-06-18,1.3440107144392375,1.2798453822555276
2013-06-19,1.3207396623729764,1.2576835446548378
2013-06-20,1.2883972105263903,1.2268752356113017
2013-06-21,1.292224881025841,1.2298085226976616
2013-06-24,1.284127555490838,1.2219500970527066
2013-06-25,1.289555535368196,1.226856519546989
2013-06-26,1.2969410382408209,1.2336565158927335
2013-06-27,1.3070452944246467,1.243039556855638
2013-06-28,1.30281057365496,1.2386601118348266
2013-07-01,1.3064667642583694,1.2417854142693696
2013-07-02,1.3141847752370945,1.2491210538061501
2013-07-03,1.313261752842908,1.2482421324639401
2013-07-05,1.325652071516564,1.2600145142415362
2013-07-08,1.3268004411546275,1.2610988134626242
2013-07-09,1.3340765477737706,1.2676700855071914
2013-07-10,1.335647021680489,1.2691574911966703
2013-07-11,1.3440737850352833,1.2771634290500133
2013-07-12,1.3441099448586855,1.277193188591362
2013-07-15,1.3486839192918052,1.2815388350644956
2013-07-16,1.3440157963700305,1.2771024254577923
2013-07-17,1.3499916748409053,1.2827794281899012
2013-07-18,1.3579550011676174,1.2903440866800815
2013-07-19,1.357184629518424,1.2896115143345253
2013-07-22,1.356129536129848,1.2886082190854677
2013-07-23,1.3543309768434455,1.2868982472070059
2013-07-24,1.346114032370968,1.2790891209427624
2013-07-25,1.3445059400970427,1.2775569851243442
2013-07-26,1.3424159421904984,1.2752369594816875
2013-07-29,1.3364876719064318,1.2696041502190258
2013-07-30,1.3345854912366695,1.2677966603687605
2013-07-31,1.3356188040407901,1.2687748596209802
2013-08-01,1.3395852337031826,1.2725396447851436
2013-08-02,1.339724016792999,1.2723414624746103
2013-08-05,1.3358372850890425,1.2683202492563748
2013-08-06,1.3313014183236693,1.2640132507000617
2013-08-07,1.3256313672889093,1.258628991321531
2013-08-08,1.3289683172878073,1.2617914267553365
2013-08-09,1.3336931528006248,1.2662772274742924
2013-08-12,1.3314036942167744,1.2641029550775496
2013-08-13,1.3309546250936823,1.263676561097109
2013-08-14,1.3292217198189136,1.2618122034335277
2013-08-15,1.3203673110876757,1.2534065926906868
2013-08-16,1.3206711329988574,1.2531549580086614
2013-08-19,1.312019867627434,1.244945725144559
2013-08-20,1.3087885764563674,1.2418792331723358
2013-08-21,1.2972082512507208,1.2308899358367262
2013-08-22,1.3095800483176268,1.2426284213809091
2013-08-23,1.3187492742321298,1.2513285618003214
2013-08-26,1.3157886898064644,1.2479842894049538
2013-08-27,1.3070029230359699,1.239650854981498
2013-08-28,1.3101053452482985,1.242063082740253
2013-08-29,1.3062141358794623,1.2383737272345585
2013-08-30,1.3011024159938904,1.2329975270899096
2013-09-03,1.3057714045524764,1.2374213484054073
2013-09-04,1.3066595138141195,1.2377297306123531
2013-09-05,1.3098418953441004,1.240210860768709
2013-09-06,1.311202357099738,1.2409658860943273
2013-09-09,1.3192714225334294,1.2480692812390224
2013-09-10,1.3235762688978392,1.2521413904716172
2013-09-11,1.3265659535612344,1.2543369067368835
2013-09-12,1.3233848617470916,1.2513272802928026
2013-09-13,1.3248337792676679,1.2525220146213922
2013-09-16,1.3283807872925957,1.255874189991277
2013-09-17,1.3294353670355443,1.2566953978220001
2013-09-18,1.3550131468918118,1.2808720262597437
2013-09-19,1.349303062034994,1.2752909627193199
2013-09-20,1.3378479751379468,1.2644632301499765
2013-09-23,1.3350026184841464,1.2615929866472948
2013-09-24,1.33115957524737,1.257958862799798
2013-09-25,1.3269065982544566,1.2539391432613083
2013-09-26,1.330257102050424,1.2571051999317417
2013-09-27,1.32499159572831,1.252129060913697
2013-09-30,1.31929525396667,1.246574022281202
2013-10-01,1.324772803122276,1.251749230410421
2013-10-02,1.3285476007259844,1.2551464097106355
2013-10-03,1.3229954734668412,1.249899143485177
2013-10-04,1.3294877469949966,1.2560319079410553
2013-10-07,1.32124661922647,1.24824543505958
2013-10-08,1.31517750362211,1.2425085766677142
2013-10-09,1.3147692670935496,1.2421200937537196
2013-10-10,1.3333493426821277,1.2596732347539787
2013-10-11,1.336429537867167,1.2625807361212307
2013-10-14,1.3406189449133734,1.26653711098904
2013-10-15,1.3338444988214984,1.2601367430383161
2013-10-16,1.345375659293598,1.2710295376009848
2013-10-17,1.3532728890093535,1.2783158723379338
2013-10-18,1.3571532565307936,1.2819804185812236
2013-10-21,1.3530817313739238,1.2781336876574692
2013-10-22,1.3588123387707112,1.2835462913658109
2013-10-23,1.3545608089248444,1.2789073384142176
2013-10-24,1.3551822889253642,1.279423733474758
2013-10-25,1.357315569233859,1.281437537678422
2013-10-28,1.3576083585919074,1.2816427015816279
2013-10-29,1.3590854400503516,1.2830368792387898
2013-10-30,1.3535005456672138,1.2777640897061069
2013-10-31,1.3508741049721111,1.2752135294466207
2013-11-01,1.3490617268943537,1.2735021777631697
2013-11-04,1.3533647884534081,1.2769101546758523
2013-11-05,1.3423962452827871,1.2665604433906588
2013-11-06,1.348554269131088,1.2721780807901197
2013-11-07,1.3370940443624242,1.2613664719172277
2013-11-08,1.3414369118184073,1.2654607295655007
2013-11-11,1.3388933502960332,1.2630608612133065
2013-11-12,1.3361789013905412,1.2603093526713414
2013-11-13,1.34262805630283,1.2663923047312553
2013-11-14,1.3478240548240448,1.2712929160130522
2013-11-15,1.3560443006851597,1.278854766886399
2013-11-18,1.3551091070331223,1.2779719602507407
2013-11-19,1.3519080049150702,1.2743995767835068
2013-11-20,1.3457808215351146,1.2680717297790016
2013-11-21,1.351739393584086,1.2736857003608997
2013-11-22,1.3559553621082108,1.2776579203806917
2013-11-25,1.3531123792517297,1.2749770680257062
2013-11-26,1.3543023862299433,1.2760979399521233
2013-11-27,1.3560119128237915,1.2773206880541683
2013-11-29,1.3577606372856021,1.2789675146857464
2013-12-02,1.351053231276091,1.2726487322992015
2013-12-03,1.3466042695601372,1.2680714051355222
2013-12-04,1.343451174959132,1.2651011843715871
2013-12-05,1.338988554851936,1.260898479539091
2013-12-06,1.351703598773724,1.2728714962510967
2013-12-09,1.3546078492856517,1.2756051359333227
2013-12-10,1.353113368809542,1.2741974633095947
2013-12-11,1.343216972779036,1.264410264074264
2013-12-12,1.3380800197068854,1.2591103131665724
2013-12-13,1.3389222762849102,1.2597191458457904
2013-12-16,1.3445331733485277,1.2648145204593153
2013-12-17,1.3431106294863342,1.2630919732947992
2013-12-18,1.3512418435991485,1.270610609346406
2013-12-19,1.3474375199102684,1.2669050867449958
2013-12-20,1.3525372152649995,1.27157120323527
2013-12-23,1.3547933161696413,1.2736913217868426
2013-12-24,1.3564575563369599,1.2751397990690234
2013-12-26,1.357978536687215,1.276569163426321
2013-12-27,1.361039266638651,1.2794451718955884
2013-12-30,1.3625791978826245,1.280892287366967
2013-12-31,1.363657231459606,1.2819045567746903
2014-01-02,1.3544837498654743,1.2731617948877805
2014-01-03,1.3551841525457946,1.2736933621793396
2014-01-06,1.3561596771567315,1.2746094690921503
2014-01-07,1.3584897173846537,1.2767992075440349
2014-01-08,1.356253183888425,1.274697029040676
2014-01-09,1.3579705289749004,1.2763103299207241
2014-01-10,1.3643273748953455,1.282284644605167
2014-01-13,1.3617296231202047,1.279380563317718
2014-01-14,1.3633748193794204,1.2809250032610833
2014-01-15,1.3650378372298237,1.2824869076212244
2014-01-16,1.3664824666657371,1.2838440438281036
2014-01-17,1.3660287428390623,1.2834171501979028
2014-01-21,1.3673263290998394,1.284635880346372
2014-01-22,1.365233214179173,1.282669178924515
2014-01-23,1.3650637845215696,1.2825095723836395
2014-01-24,1.3569711506586322,1.2749058500532877
2014-01-27,1.3533215989422012,1.271361328324685
2014-01-28,1.3588688889435894,1.2764573000061583
2014-01-29,1.3570912118861835,1.274786762008963
2014-01-30,1.359522476982532,1.2769543230092821
2014-01-31,1.3590802368950123,1.2765374939314023
2014-02-03,1.3560260624039815,1.2735782477877
2014-02-04,1.3549940465683883,1.2725186248448213
2014-02-05,1.3519526491517908,1.269661300643519
2014-02-06,1.355807119549624,1.2732805812844046
2014-02-07,1.3623080706062327,1.2792958703418473
2014-02-10,1.3639897779599832,1.2808024960407152
2014-02-11,1.3658431799630237,1.2825426345890483
2014-02-12,1.3641657415710013,1.2809667665213036
2014-02-13,1.3684358328203123,1.2848731791912504
2014-02-14,1.3708268439150726,1.287014482261048
2014-02-18,1.3759641319708062,1.2917430536112653
2014-02-19,1.371992799094047,1.2880144848127688
2014-02-20,1.3734966261679649,1.289369070699961
2014-02-21,1.3746061579536608,1.2903532192592595
2014-02-24,1.3775501224532007,1.2931158119025756
2014-02-25,1.379967823877667,1.2953847768394076
2014-02-26,1.3809068238645414,1.2962635559801279
2014-02-27,1.3833506049866398,1.2985566372853796
2014-02-28,1.3841847027458098,1.2993388243235897
2014-03-03,1.3867376665830238,1.3017350852531089
2014-03-04,1.386106701992812,1.301141467078412
2014-03-05,1.3843890758467066,1.2995279693477673
2014-03-06,1.3839843499877418,1.2991474937003933
2014-03-07,1.37751484617139,1.2930140753721
2014-03-10,1.3752432834315949,1.2907857478923435
2014-03-11,1.3739164987477601,1.2895394821556394
2014-03-12,1.3765608922727859,1.292021117891666
2014-03-13,1.3755391805345667,1.2909920728370834
2014-03-14,1.375595479179693,1.2910436874716373
2014-03-17,1.3758629947835304,1.291294382854422
2014-03-18,1.3787306991460009,1.2939852648095815
2014-03-19,1.3681570010308486,1.2840218281894515
2014-03-20,1.369196010805656,1.2849956129296833
2014-03-21,1.372099848578878,1.2877204943585177
2014-03-24,1.3719586732440237,1.2875873255641364
2014-03-25,1.374387464956262,1.2898662963057803
2014-03-26,1.3749661965990077,1.2904091857971058
2014-03-27,1.3780402098802738,1.2931586981398402
2014-03-28,1.3797518747531716,1.2947643191302551
2014-03-31,1.3824639236938014,1.2973090908408242
2014-04-01,1.3819041739302558,1.2967833079515556
2014-04-02,1.3808621730575863,1.295734296796025
2014-04-03,1.3812620786230592,1.296108754469806
2014-04-04,1.3835475787203606,1.2981820857949893
2014-04-07,1.3829695394836152,1.2975833548055502
2014-04-08,1.387873997567652,1.302128674777609
2014-04-09,1.3914106308863037,1.305390254071322
2014-04-10,1.3875549504749918,1.3017724607395615
2014-04-11,1.385776984110155,1.300102473755198
2014-04-14,1.3891016696380065,1.3032192970552667
2014-04-15,1.3896507865645213,1.303727908309937
2014-04-16,1.3941391938426178,1.307937271144353
2014-04-17,1.3910741175587502,1.305060209787381
2014-04-21,1.391848592763626,1.3057242645267384
2014-04-22,1.392138350705922,1.3059954673123728
2014-04-23,1.3921316079040476,1.3059888650653169
2014-04-24,1.3937418035756481,1.3074985319465233
2014-04-25,1.3901031753516966,1.3040842841826452
2014-04-28,1.3909932892749017,1.3049188897055313
2014-04-29,1.3933551984540915,1.3071341368135319
2014-04-30,1.3952160947879597,1.3088793667742074
2014-05-01,1.398034288857739,1.311522445035275
2014-05-02,1.4004780459241966,1.3138140093716209
2014-05-05,1.398638634705772,1.3120863809867875
2014-05-06,1.3985226349627524,1.3119143804124422
2014-05-07,1.4006022585739926,1.3138647918902515
2014-05-08,1.4000505432005488,1.3132839704219217
2014-05-09,1.3990991586680581,1.3123910504781366
2014-05-12,1.401759333672205,1.3148860597390544
2014-05-13,1.4054986972198638,1.318392520636332
2014-05-14,1.4090733316623776,1.321745045633306
2014-05-15,1.4078549436586019,1.3205383982914303
2014-05-16,1.4101528744093434,1.322630097568195
2014-05-19,1.4095438003675298,1.322058065197476
2014-05-20,1.407723709110064,1.3203502403259109
2014-05-21,1.4092561503394907,1.321787269346665
2014-05-22,1.4098442307517898,1.322338332173153
2014-05-23,1.412939058822898,1.3252396119573016
2014-05-27,1.4164061749349324,1.3284905626082046
2014-05-28,1.4183811392443666,1.330342483992783
2014-05-29,1.4192566922410563,1.3311598984475685
2014-05-30,1.4190104097337923,1.3309275412075277
2014-06-02,1.4155178667143806,1.3276514943971776
2014-06-03,1.412403060214637,1.3247247830507558
2014-06-04,1.4118483822451382,1.3242032447406604
2014-06-05,1.417417040403115,1.3294255419592242
2014-06-06,1.4199555686100365,1.331803020413192
2014-06-09,1.4197163667084225,1.3315773661491774
2014-06-10,1.417902314055633,1.3298741983016422
2014-06-11,1.417092403835673,1.3291143380432087
2014-06-12,1.4189206162460608,1.3306359156391647
2014-06-13,1.4197966394151376,1.3312640789034673
2014-06-16,1.4191869244084796,1.3306892794851706
2014-06-17,1.4168081822005862,1.328458090016877
2014-06-18,1.4242906825958945,1.3354731343837207
2014-06-19,1.4227566617392857,1.3340340633016132
2014-06-20,1.4253617064075024,1.3363763737443173
2014-06-23,1.423828372236188,1.3349324517277898
2014-06-24,1.4249052693424389,1.3359389990856132
2014-06-25,1.427240951667803,1.3381240046619025
2014-06-26,1.427868253768216,1.3387052234981442
2014-06-27,1.4285941306128636,1.3393825308397433
2014-06-30,1.4288253915097098,1.339597443041055
2014-07-01,1.4291617012366746,1.3399096359887432
2014-07-02,1.426102810791377,1.337040168460703
2014-07-03,1.4249921596247943,1.3359967084987698
2014-07-07,1.4245987306056607,1.3356272811996976
2014-07-08,1.4256853698633838,1.3366341797147372
2014-07-09,1.4270656272995255,1.3379201430191088
2014-07-10,1.4262065247835256,1.337114107718765
2014-07-11,1.4273828745475152,1.3382156019784615
2014-07-14,1.4260370299008123,1.3369477808080081
2014-07-15,1.4224669834150756,1.3335998926655257
2014-07-16,1.425800105329067,1.3367233768749336
2014-07-17,1.4259355083421057,1.336849833372481
2014-07-18,1.4283533243998048,1.3391152543662528
2014-07-21,1.4288670927126796,1.3395954483518886
2014-07-22,1.4312669744874253,1.3418436284592183
2014-07-23,1.432727495958241,1.343033831788887
2014-07-24,1.4294142116930246,1.3399275805191009
2014-07-25,1.4313296183243178,1.3417190233971936
2014-07-28,1.4308734224334643,1.341289652611286
2014-07-29,1.4298598597088654,1.3403388393037867
2014-07-30,1.424849400310607,1.3356414339284193
2014-07-31,1.4150934648980311,1.3264942007872496
2014-08-01,1.416554764322375,1.3278120052916262
2014-08-04,1.4199719200104144,1.3309616506781738
2014-08-05,1.416343628496246,1.327507721072069
2014-08-06,1.4154312573540275,1.3266503917381025
2014-08-07,1.417511780275102,1.328465633677033
2014-08-08,1.41964794369154,1.3304069549163162
2014-08-11,1.422514344997688,1.3330324304102454
2014-08-12,1.4212367954829042,1.3317045969717785
2014-08-13,1.4261602486235114,1.336187375552593
2014-08-14,1.428607885038203,1.3384049245605534
2014-08-15,1.430460206529948,1.3401398200936878
2014-08-18,1.431869162484245,1.3414581284351141
2014-08-19,1.4326804714802657,1.3422164281326894
2014-08-20,1.4328860710867384,1.3424060848532253
2014-08-21,1.4339521438235934,1.3433996280688312
2014-08-22,1.4331779312443313,1.342618568213507
2014-08-25,1.436555179158852,1.34578098515043
2014-08-26,1.437397228884538,1.3465681014878315
2014-08-27,1.438703783256526,1.3477916515846995
2014-08-28,1.4389078290657509,1.3479791171461804
2014-08-29,1.4401493648544321,1.3490871352193687
2014-09-02,1.43661710392781,1.3457762490536138
2014-09-03,1.4383994691016755,1.3473910657277357
2014-09-04,1.4357374555590312,1.3448955692957976
2014-09-05,1.4369005126634942,1.3459802280868087
2014-09-08,1.4353310313941434,1.3445043986440288
2014-09-09,1.4305713488752922,1.3400439625916365
2014-09-10,1.4290005858935246,1.3385698697654274
2014-09-11,1.4277072026730047,1.337356837354994
2014-09-12,1.4208457760964601,1.3309282902156285
2014-09-15,1.4195731022478904,1.3297333652838423
2014-09-16,1.4219035019865853,1.3319158781131597
2014-09-17,1.4219033211501375,1.3319139287936113
2014-09-18,1.4216371394601022,1.3315869237623377
2014-09-19,1.4249527077583446,1.334615601858143
2014-09-22,1.4225137833404446,1.3323290009762483
2014-09-23,1.4208491635934135,1.3306930086770195
2014-09-24,1.4210868100534584,1.330912671770567
2014-09-25,1.4187855572826227,1.328755861442292
2014-09-26,1.422182180192148,1.3316735826798
2014-09-29,1.4213759061542341,1.3309169135053134
2014-09-30,1.421064748575736,1.3305549000021304
2014-10-01,1.4260826736422318,1.3352521591921533
2014-10-02,1.4231501941754865,1.332501267583043
2014-10-03,1.4297443121045483,1.3384026316814615
2014-10-06,1.4281888662184532,1.3369394380653064
2014-10-07,1.4275358690597946,1.336270251140351
2014-10-08,1.4340539646705472,1.3423137481755885
2014-10-09,1.4266919238650912,1.3353641054163787
2014-10-10,1.428560963818818,1.3367922328948534
2014-10-13,1.4279544961933779,1.336221099672103
2014-10-14,1.4342043816619272,1.3419510441770548
2014-10-15,1.4328084249844957,1.34064321570223
2014-10-16,1.4309528674144156,1.3389024108466512
2014-10-17,1.4303990667800868,1.338381478135925
2014-10-20,1.4330404240118715,1.3408478592297417
2014-10-21,1.4379834640631661,1.345125118136067
2014-10-22,1.4359930981697793,1.3432589950819618
2014-10-23,1.4356530742154432,1.3429371469777533
2014-10-24,1.437051105896461,1.3442437678851884
2014-10-27,1.4366022361110453,1.343823324170737
2014-10-28,1.4361034745187717,1.3433555185093187
2014-10-29,1.4357800505280218,1.3430521374969417
2014-10-30,1.438405819394702,1.3455065708573593
2014-10-31,1.4425227377750391,1.3492978360931764
2014-11-03,1.4431876566590593,1.3499188183303692
2014-11-04,1.4423139461597845,1.349041466269083
2014-11-05,1.4432611478172517,1.3499268676051737
2014-11-06,1.4429818208931424,1.3496633458832954
2014-11-07,1.446065590698154,1.3525464944346572
2014-11-10,1.4447831695177915,1.3513441429503494
2014-11-11,1.4444926067126849,1.3510660131254422
2014-11-12,1.4434675204926533,1.3501064128925135
2014-11-13,1.442990168071481,1.3496591073119304
2014-11-14,1.4415505725716504,1.3483114531007316
2014-11-17,1.4418623654945888,1.3483580076086086
2014-11-18,1.442911931876342,1.3493388168010878
2014-11-19,1.4384317374454048,1.3451476099918542
2014-11-20,1.4414721586987298,1.3479895163352342
2014-11-21,1.4477138259853335,1.3538250029642391
2014-11-24,1.44792872518769,1.3539539786447832
2014-11-25,1.451022798980003,1.3567752446457797
2014-11-26,1.4534477256049323,1.3587984104570192
2014-11-28,1.45415360573218,1.3593984991345223
2014-12-01,1.448785854374243,1.3540866433905587
2014-12-02,1.4480589007162374,1.3534061983169934
2014-12-03,1.4495437156389364,1.354789737086144
2014-12-04,1.4518517977782737,1.356946554614637
2014-12-05,1.4491789441231597,1.3544473729618942
2014-12-08,1.4529058545920566,1.3579282900139922
2014-12-09,1.4539019450390724,1.3588581373743944
2014-12-10,1.452074923275886,1.3571497423538008
2014-12-11,1.4539427873606077,1.358893470374248
2014-12-12,1.4538550547282543,1.358808830594837
2014-12-15,1.4510380922914707,1.3561741979911885
2014-12-16,1.4507702409767513,1.3559217849961087
2014-12-17,1.4574760151860964,1.3621875114426105
2014-12-18,1.4587879736177891,1.3634071489705402
2014-12-19,1.46271256217203,1.3670716467509505
2014-12-22,1.4676089152857537,1.3716463436990096
2014-12-23,1.4612511340910037,1.3657025851426716
2014-12-24,1.4627196300842618,1.367070520145701
2014-12-26,1.4646335402005202,1.3688583583182672
2014-12-29,1.4687941674835225,1.372746797838845
2014-12-30,1.4685782882484484,1.3725444007793781
2014-12-31,1.466654749824975,1.370745789355111
2015-01-02,1.4749470239572533,1.3784939418800546
2015-01-05,1.4784199357712606,1.381738153587358
2015-01-06,1.484032401059621,1.386981562325847
2015-01-07,1.488583208599821,1.3912336072005305
2015-01-08,1.4887399268012844,1.3913789530834746
2015-01-09,1.490218784922631,1.3927582010019106
2015-01-12,1.4920253711965392,1.3944458983145165
2015-01-13,1.4926725806823473,1.3950472069343773
2015-01-14,1.4953325659946157,1.397532446437469
2015-01-15,1.5015103277055555,1.4033051469025952
2015-01-16,1.5011591767572325,1.4028933946622146
2015-01-20,1.505858682135326,1.4072836522639196
2015-01-21,1.5032726299400632,1.4048663255851896
2015-01-22,1.5107681751030146,1.4118698931659834
2015-01-23,1.5159937262920022,1.4167461861327402
2015-01-26,1.5153265856128693,1.4161205468390334
2015-01-27,1.5126822651303005,1.4136472549929076
2015-01-28,1.5173186378035102,1.4179762769123818
2015-01-29,1.5151059325616918,1.4159068246329252
2015-01-30,1.5199422961704825,1.4204249222309018
2015-02-02,1.51966767712814,1.4201645202508792
2015-02-03,1.5115659899601919,1.4125924365029288
2015-02-04,1.5126143664882339,1.4133724470128952
2015-02-05,1.5104357598819667,1.4111369465321275
2015-02-06,1.5004006300868642,1.401563562959538
2015-02-09,1.498335666717443,1.3995613996481284
2015-02-10,1.4987838037470886,1.3999793371182363
2015-02-11,1.4993924808649437,1.40054703480646
2015-02-12,1.5001946694170594,1.4012954851064643
2015-02-13,1.4973888396904405,1.3986717177807133
2015-02-17,1.4921208284136775,1.393749889601887
2015-02-18,1.496909372247114,1.3982195679501312
2015-02-19,1.4939068742767174,1.3953247031698144
2015-02-20,1.4976080771786173,1.398780033419023
2015-02-23,1.501595322202123,1.4025037352582839
2015-02-24,1.505221578413112,1.4058901244958475
2015-02-25,1.5065177081693777,1.4070972907001276
2015-02-26,1.502721425505309,1.403550290909761
2015-02-27,1.5058569653173792,1.4064768426385694
2015-03-02,1.5013053058524177,1.4022247285616245
2015-03-03,1.4983236187168072,1.399433497203042
2015-03-04,1.4972120914083582,1.3983940987499877
2015-03-05,1.499600683895132,1.4006224512922543
2015-03-06,1.4866968865888754,1.3885700281436069
2015-03-09,1.490749437155765,1.3922617828349833
2015-03-10,1.4930082765805277,1.3943707073518201
2015-03-11,1.499229649467696,1.3999627832117578
2015-03-12,1.5019349005753968,1.4022689084765563
2015-03-13,1.500535435738153,1.400960429078364
2015-03-16,1.5045559263294674,1.4044938989443487
2015-03-17,1.5057320674470027,1.4055904411646205
2015-03-18,1.5157122424032845,1.4149066303214273
2015-03-19,1.5116765822795106,1.4108321963142685
2015-03-20,1.5186473935881162,1.417129142080378
2015-03-23,1.5175632739133618,1.415908967033544
2015-03-24,1.519312304400357,1.4175388106251632
2015-03-25,1.5117670933058578,1.410498341030148
2015-03-26,1.5058982642603662,1.4050213835458196
2015-03-27,1.5098151680459648,1.4086742067255034
2015-03-30,1.5148534083509835,1.4133741373763382
2015-03-31,1.5127948489909133,1.4114520865236706
2015-04-01,1.51703693574883,1.4154093325401402
2015-04-02,1.515772568756511,1.4142287133578773
2015-04-06,1.517829983248645,1.4161470504533866
2015-04-07,1.5202092502614544,1.4182929183309314
2015-04-08,1.5230021803215394,1.4208957431153717
2015-04-09,1.5203773170201695,1.4184461510028956
2015-04-10,1.522529303855123,1.4204522415131324
2015-04-13,1.5210446609773522,1.419066333371629
2015-04-14,1.523205326577073,1.4210801949930998
2015-04-15,1.5246912580334564,1.4224653302410017
2015-04-16,1.5231956012314631,1.4210694798814791
2015-04-17,1.5199321138547257,1.418023755470646
2015-04-20,1.520796739685784,1.4188298432859783
2015-04-21,1.5215772240744951,1.419555851872384
2015-04-22,1.5187961507028156,1.4169608271367389
2015-04-23,1.5206745021402468,1.4187108629546012
2015-04-24,1.5234889720100135,1.4213358508622775
2015-04-27,1.5232123878959605,1.4210775402943314
2015-04-28,1.5178361580300572,1.4160613276655907
2015-04-29,1.5075534067676715,1.4064656985287451
2015-04-30,1.501920265317682,1.4012072631390418
2015-05-01,1.5028677346743846,1.40208950264642
2015-05-04,1.5015730054891738,1.400880733279664
2015-05-05,1.4942854405014476,1.3940812614498774
2015-05-06,1.4861084934040187,1.3863654504734515
2015-05-07,1.4886273579362124,1.3883767940738472
2015-05-08,1.5005375518764057,1.399373273180604
2015-05-11,1.4888013641978883,1.3881082251378098
2015-05-12,1.4870577773449827,1.3861650415409108
2015-05-13,1.4847739839401999,1.3840353472282005
2015-05-14,1.4907440680291024,1.3894888152677483
2015-05-15,1.4956518094322946,1.3938970083535387
2015-05-18,1.4929805773614069,1.3911110365755515
2015-05-19,1.4893710536217868,1.3875270250664884
2015-05-20,1.4901234345191263,1.388138671051724
2015-05-21,1.4919241008235942,1.38981561825096
2015-05-22,1.492304218435384,1.390168398227382
2015-05-26,1.4876690973406226,1.3858496357265706
2015-05-27,1.49185613199311,1.3895830102203608
2015-05-28,1.4889708790235447,1.3867829938699592
2015-05-29,1.4847006181513605,1.3828047700755282
2015-06-01,1.484984945950455,1.3828601548196349
2015-06-02,1.4782217401544933,1.3764420666610535
2015-06-03,1.4735495738399607,1.371971399369553
2015-06-04,1.46719601646544,1.3654448066960598
2015-06-05,1.465577541190779,1.363937877838572
2015-06-08,1.45900874995111,1.3578236240379278
2015-06-09,1.4562348743570286,1.3552392198456822
2015-06-10,1.4633373861524201,1.3618489278239827
2015-06-11,1.4671070036108995,1.3653548364686514
2015-06-12,1.4606572465032523,1.3593521437216067
2015-06-15,1.4550925311794805,1.3541727306654188
2015-06-16,1.4586548689142274,1.356982367877578
2015-06-17,1.4546230966174543,1.3527270492875016
2015-06-18,1.460493843148654,1.358185013221149
2015-06-19,1.4599013992190841,1.3576335560139454
2015-06-22,1.4678745369082695,1.3650479395674662
2015-06-23,1.472955824526476,1.3697714847389617
2015-06-24,1.4660261669330914,1.3631586033001535
2015-06-25,1.4627795689907124,1.359971961502086
2015-06-26,1.4621102436061721,1.3593493989087713
2015-06-29,1.4371515467476106,1.3356366469735943
2015-06-30,1.4409142663534185,1.3391275335456412
2015-07-01,1.4518549505741833,1.3492949983238558
2015-07-02,1.450452907863084,1.3479907830351596
2015-07-06,1.4438037795285594,1.3413065161461537
2015-07-07,1.4502703542829263,1.3465893590019733
2015-07-08,1.4367411220572555,1.3340272298700497
2015-07-09,1.435206519278016,1.3318203086720084
2015-07-10,1.4368002402096893,1.3325184898907845
2015-07-13,1.4450688431675653,1.3394710796138383
2015-07-14,1.44705263827422,1.3413082414302357
2015-07-15,1.4477930919072806,1.3419944935520682
2015-07-16,1.4550448860533873,1.3487161601510491
2015-07-17,1.4543205670334496,1.348044363261249
2015-07-20,1.452676517266202,1.3465191407734676
2015-07-21,1.4454109166352318,1.3392739658579536
2015-07-22,1.4431979583995713,1.337222326719792
2015-07-23,1.4372543391870303,1.331714842840886
2015-07-24,1.4294851274627536,1.3245158271790973
2015-07-27,1.4193456606188637,1.3151198447484131
2015-07-28,1.4299047029670662,1.324902240349585
2015-07-29,1.437697594529671,1.3321214558200711
2015-07-30,1.4399469760716905,1.3342053424420892
2015-07-31,1.439526553455043,1.333815620164348
2015-08-03,1.4397760152259822,1.3333631185511414
2015-08-04,1.4376894847729615,1.3312834969479208
2015-08-05,1.4408994827474062,1.333500515143093
2015-08-06,1.434435612926065,1.3275174014333486
2015-08-07,1.4319232142119396,1.3251915900241533
2015-08-10,1.4323303397859828,1.3248186952896701
2015-08-11,1.4225757102048031,1.315046791197029
2015-08-12,1.417594902422184,1.3096990817770204
2015-08-13,1.4158065072380186,1.308045268464038
2015-08-14,1.4195695571675018,1.3109249465111785
2015-08-17,1.423073958979335,1.3141608556077595
2015-08-18,1.420271584925557,1.3108999344659553
2015-08-19,1.4141599919902297,1.3047223829717556
2015-08-20,1.4100559387060658,1.300342308599759
2015-08-21,1.408853684083855,1.298906637032088
2015-08-24,1.4083538650604108,1.298127430419532
2015-08-25,1.4012631491776661,1.2915915513399545
2015-08-26,1.3907533561978058,1.281903585417675
2015-08-27,1.3907533561978058,1.2812626336249662
2015-08-28,1.3952001787164805,1.2847187370067608
2015-08-31,1.3929767040018144,1.28267133214632
2015-09-01,1.3846389276431315,1.2749937976416825
2015-09-02,1.3828607238816402,1.27208141035352
2015-09-03,1.3894878702806879,1.2769055825949853
2015-09-04,1.391123025878503,1.2774918183101724
2015-09-08,1.38734144475085,1.274018812925705
2015-09-09,1.38734144475085,1.2731047667932922
2015-09-10,1.38180120252894,1.2680207200299016
2015-09-11,1.38180120252894,1.2673867096698868
2015-09-14,1.38180120252894,1.2673867096698868
2015-09-15,1.375595602320417,1.2610612458813508
2015-09-16,1.375595602320417,1.2604307152584102
2015-09-17,1.375595602320417,1.2604307152584102
2015-09-18,1.3767300289458644,1.2608399523099838
2015-09-21,1.373076259134447,1.2574937487276399
2015-09-22,1.373076259134447,1.256865001853276
2015-09-23,1.3722669057249244,1.2554957161274887
2015-09-24,1.3722809060720214,1.255508505007825
2015-09-25,1.3698955649150149,1.252968488520746
2015-09-28,1.3698955649150149,1.2523420042764857
2015-09-29,1.372024123896568,1.2536617362245073
2015-09-30,1.3715005387928303,1.2529391288409286
2015-10-01,1.3725664154551107,1.2536688138037466
2015-10-02,1.3775163264024812,1.2579463567697233
2015-10-05,1.3697334818036533,1.2508384812735354
2015-10-06,1.3731152073031947,1.2536830449930507
2015-10-07,1.3721127220583318,1.2527677548938254
2015-10-08,1.36712216692207,1.2480555875345367
2015-10-09,1.3657876603980128,1.2466038149072778
2015-10-12,1.3692861128863432,1.249563758586696
2015-10-13,1.3673909799612611,1.2476005693820753
2015-10-14,1.3725048910773738,1.252033087507412
2015-10-15,1.3699619724189918,1.249017416102095
2015-10-16,1.369054041641343,1.2480739028096628
2015-10-19,1.3713300257550378,1.249959071894132
2015-10-20,1.3682228508390466,1.2471264483592976
2015-10-21,1.3716489111948345,1.250105647027229
2015-10-22,1.3742328473837708,1.2523165390513997
2015-10-23,1.3709732364364087,1.24921264553522
2015-10-26,1.3707804830212273,1.2488380637634426
2015-10-27,1.371761287516982,1.2496217486821182
2015-10-28,1.3717319078626584,1.2495947104822336
2015-10-29,1.3630719341752242,1.2416446549936
2015-10-30,1.3616318117068353,1.239897440371845
2015-11-02,1.3657097200524335,1.2436104438515398
2015-11-03,1.3640469746041175,1.2420952121293007
2015-11-04,1.3664386386358869,1.2436158597542593
2015-11-05,1.3679491428084174,1.2449896845257307
2015-11-06,1.3639989154844991,1.2413942595740959
2015-11-09,1.3574512522726945,1.2351126079735089
2015-11-10,1.3609227619058508,1.2382700605454144
2015-11-11,1.356594286128015,1.2343316830372155
2015-11-12,1.3457275926721977,1.2244440961221263
2015-11-13,1.3504457476890135,1.2282641861444337
2015-11-16,1.3577852861255835,1.234939679935944
2015-11-17,1.3586971673417776,1.2352951548398992
2015-11-18,1.366963657897833,1.242810498368138
2015-11-19,1.3606512653493816,1.237069600555
2015-11-20,1.3684179203871258,1.244129957397127
2015-11-23,1.369692416098031,1.2449692505102383
2015-11-24,1.3671457828208469,1.2426536595687687
2015-11-25,1.3686841000355223,1.2433901528730487
2015-11-27,1.370569423426532,1.2451024324178368
2015-11-30,1.3695496591042662,1.2441759255164595
2015-12-01,1.3747507155672285,1.2488999651977921
2015-12-02,1.3703561146236023,1.2445092888827716
2015-12-03,1.3509492334576154,1.2268831413036423
2015-12-04,1.3670128304289182,1.240535191323872
2015-12-07,1.365618086707582,1.238951292618125
2015-12-08,1.363924422985546,1.2366855969044412
2015-12-09,1.359000234733406,1.2322201408038347
2015-12-10,1.35835372307856,1.2314022586194135
2015-12-11,1.3583126410955357,1.2311075828412483
2015-12-14,1.3524707735421453,1.2256504790387046
2015-12-15,1.3540688960819436,1.2263497358465032
2015-12-16,1.3601073164879156,1.231500686328753
2015-12-17,1.3582943599096278,1.2295066341801475
2015-12-18,1.35268639200954,1.2240784389576378
2015-12-21,1.3515963135032407,1.2224347751034623
2015-12-22,1.3492656561553322,1.219670497437902
2015-12-23,1.3509585136878686,1.2211995921252188
2015-12-24,1.3488706376429118,1.2189631275842063
2015-12-28,1.3499959964308759,1.2197111386422894
2015-12-29,1.3524588976307523,1.22193626741267
2015-12-30,1.348515182013084,1.2181034850105825
2015-12-31,1.3447906338089135,1.2147389007480212
2016-01-04,1.3402903393946346,1.210327081139658
2016-01-05,1.349036622161724,1.2178833523753991
2016-01-06,1.351574364594438,1.2201724172657957
2016-01-07,1.3458035883426647,1.2143070014293116
2016-01-08,1.3466201742176271,1.2150426845553517
2016-01-11,1.3448472636921114,1.213442230154732
2016-01-12,1.348396290767338,1.2166442448469328
2016-01-13,1.3490805126928838,1.2172610806812996
2016-01-14,1.3477720108852016,1.2159359607260742
2016-01-15,1.351140475671157,1.2189742845791303
2016-01-19,1.350311316645564,1.2182242910644736
2016-01-20,1.353236668120643,1.2208625798560828
2016-01-21,1.3503509611998143,1.218259061353077
2016-01-22,1.3519455088606942,1.2196974166383312
2016-01-25,1.3515745731742212,1.2193604027118383
2016-01-26,1.3521006909433595,1.2198346427371431
2016-01-27,1.3489743114943218,1.2168745116635022
2016-01-28,1.3484175704576291,1.216233046536824
2016-01-29,1.3559608021729759,1.2230356169800902
2016-02-01,1.352882240127652,1.2201207896716806
2016-02-02,1.3568233524106492,1.2236736602648566
2016-02-03,1.3494950507012382,1.2169259510066355
2016-02-04,1.3538719357737077,1.220533592970716
2016-02-05,1.3536537251895449,1.2203362260335688
2016-02-08,1.3650369080323337,1.2304509342988321
2016-02-09,1.3639364526901738,1.2293352444798682
2016-02-10,1.3697423527331687,1.2345678168882384
2016-02-11,1.3843162331573224,1.2477030387416301
2016-02-12,1.3774809290022265,1.2412000198077076
2016-02-16,1.3623507314860808,1.2272262440608852
2016-02-17,1.3622682938209958,1.2271487448502667
2016-02-18,1.3743582535921819,1.2380380187017586
2016-02-19,1.372276334166128,1.23616052340354
2016-02-22,1.3666749796254725,1.2311145281262161
2016-02-23,1.3717857313676705,1.2357173017082008
2016-02-24,1.3724359094825196,1.2359651038063646
2016-02-25,1.3755159436917355,1.2385618216585224
2016-02-26,1.3690343767505453,1.2325481768645374
2016-02-29,1.3720082845896389,1.2350508245694107
2016-03-01,1.3686588662968477,1.2320351013930704
2016-03-02,1.3707868043056834,1.233948047184005
2016-03-03,1.3748113628851637,1.2375705976621445
2016-03-04,1.3740281569538972,1.2367933547786887
2016-03-07,1.3760642541720205,1.23846139858021
2016-03-08,1.3772708887990903,1.2395459075405193
2016-03-09,1.3747503776204852,1.2372769178376175
2016-03-10,1.3794753664598598,1.2415286941591028
2016-03-11,1.3776558741619493,1.2398902364186117
2016-03-14,1.376329015834161,1.2384359549198771
2016-03-15,1.3755987302003296,1.2376034752813516
2016-03-16,1.3862049389653803,1.2471452360491826
2016-03-17,1.3921262396517433,1.2524707653345917
2016-03-18,1.3932024276116755,1.2532142389523266
2016-03-21,1.3899001356981437,1.2502425696804569
2016-03-22,1.388978245222866,1.249411849991762
2016-03-23,1.3843434272889112,1.2452424578061367
2016-03-24,1.3835446462360659,1.2443001036782766
2016-03-28,1.3857197331295217,1.24625579085121
2016-03-29,1.3962840980543336,1.2557554526196635
2016-03-30,1.3933485573617077,1.253048556194237
2016-03-31,1.3988242205958834,1.2579722020648414
2016-04-01,1.3978418822679262,1.2569214663809594
2016-04-04,1.3953842040530449,1.2547102429153654
2016-04-05,1.3967555800422125,1.2557153701116281
2016-04-06,1.3957350832181383,1.2547230422819824
2016-04-07,1.3969267210812513,1.2555703181998747
2016-04-08,1.3963785834871352,1.254853525971722
2016-04-11,1.400358394838449,1.2582565880603298
2016-04-12,1.40265608119019,1.2602631344389945
2016-04-13,1.406119393870205,1.2633743037160083
2016-04-14,1.4020057714726932,1.2596775369835957
2016-04-15,1.4063459078286749,1.2635766361237468
2016-04-18,1.4082349574534359,1.2652731123637135
2016-04-19,1.4161072038242088,1.2722766178847804
2016-04-20,1.4117056161328598,1.268320614875709
2016-04-21,1.4075289898471715,1.2645675179678084
2016-04-22,1.4070661145620393,1.2641500895576565
2016-04-25,1.4050720753732349,1.2623581287481247
2016-04-26,1.4071372479277902,1.2642130610335978
2016-04-27,1.4131927309527774,1.2696520394320057
2016-04-28,1.4150860361634487,1.271352003647914
2016-04-29,1.4167102290450544,1.2728086097111424
2016-05-02,1.41525817377171,1.2714346971934252
2016-05-03,1.4124837973040498,1.2688730260404195
2016-05-04,1.4108535637551218,1.2673394454152473
2016-05-05,1.4133694315374903,1.2695417012740708
2016-05-06,1.4142535341744777,1.2703349108918038
2016-05-09,1.4109972842484217,1.2674096192982638
2016-05-10,1.4154743483044012,1.2714290518071274
2016-05-11,1.4154856124714725,1.2713823398946513
2016-05-12,1.412507981825581,1.2687072222805826
2016-05-13,1.4132694193507038,1.2693343985249628
2016-05-16,1.4136186449974482,1.2696473496501943
2016-05-17,1.4109083605656056,1.2672109965460965
2016-05-18,1.3996865623091912,1.2571019226823175
2016-05-19,1.3977002605632114,1.2552880175680223
2016-05-20,1.4001532586016399,1.2574905734494766
2016-05-23,1.3995166709602,1.2569175399128838
2016-05-24,1.399175935834908,1.25661134545268
2016-05-25,1.4011103370046816,1.2582786927831437
2016-05-26,1.4028923791454955,1.2598003097083281
2016-05-27,1.402218869953855,1.2591953074404512
2016-05-31,1.4018228263649606,1.2588393098910142
2016-06-01,1.4025460310405513,1.2594874232913937
2016-06-02,1.4057938649354829,1.2624020709417227
2016-06-03,1.4171623262762394,1.2726094126133518
2016-06-06,1.417680974689987,1.2730719121050134
2016-06-07,1.4211481407153295,1.2761833170528076
2016-06-08,1.4289178921954622,1.2831601907072336
2016-06-09,1.4291138841687467,1.2833344009189118
2016-06-10,1.4243785666593047,1.2790812158432165
2016-06-13,1.4228894462505979,1.2776774298777016
2016-06-14,1.4206862740395552,1.275698603858588
2016-06-15,1.425016601150456,1.279586664756195
2016-06-16,1.4244137485869677,1.2790163336341984
2016-06-17,1.424708273454877,1.2792803877908943
2016-06-20,1.4250530732072149,1.2795612195944686
2016-06-21,1.4235183138074987,1.2781186475156825
2016-06-22,1.4242568693717688,1.2787776942006168
2016-06-23,1.4283846227502033,1.2824830327333177
2016-06-24,1.4231294380780681,1.2777635295902081
2016-06-27,1.4246100445501257,1.2790022547687636
2016-06-28,1.4308126987210856,1.2844397741493103
2016-06-29,1.4378162308763733,1.290596065590015
2016-06-30,1.4455375146848601,1.2974978620204467
2016-07-01,1.4557542610947214,1.3066669729087799
2016-07-05,1.4573685141628214,1.3081144611212832
2016-07-06,1.4606618819414672,1.311041151350147
2016-07-07,1.4578059743924392,1.30847643745006
2016-07-08,1.469631906375883,1.3190899657101032
2016-07-11,1.4675324335350521,1.3172019323847677
2016-07-12,1.4622174718597512,1.3124297566949459
2016-07-13,1.4668331862309287,1.3165106999673764
2016-07-14,1.4645347148742194,1.314447039251008
2016-07-15,1.4590551956657245,1.3095280047040543
2016-07-18,1.4609175214429326,1.3111974637370667
2016-07-19,1.4612631257785982,1.3115074239151479
2016-07-20,1.4593462334160388,1.309651338914834
2016-07-21,1.461760584240807,1.311817305289249
2016-07-22,1.4635833654533843,1.3134525476013625
2016-07-25,1.4600993572359307,1.3103248267938095
2016-07-26,1.4602882098056984,1.3104939114973002
2016-07-27,1.4665525332741463,1.3161150903383407
2016-07-28,1.4654102784156664,1.3149531989402627
2016-07-29,1.4724033583724512,1.3212280385225321
2016-08-01,1.4675315821369852,1.3168556211210851
2016-08-02,1.4617928691549351,1.3117046298566313
2016-08-03,1.462090751305722,1.3119701421050403
2016-08-04,1.4665562139981738,1.3159753897620399
2016-08-05,1.4612517186785134,1.311215111032492
2016-08-08,1.463274911920415,1.3130288321939627
2016-08-09,1.470015702249634,1.3190769006378236
2016-08-10,1.4727852118418419,1.3215608490882942
2016-08-11,1.4695051480663093,1.3186163803842077
2016-08-12,1.4719184785699158,1.3207809053678896
2016-08-15,1.4713746167667905,1.3202925913985974
2016-08-16,1.468528929702577,1.317738445117484
2016-08-17,1.4708856725413568,1.3198254315725906
2016-08-18,1.475364297131861,1.3238434641907995
2016-08-19,1.469007087802377,1.3181382649347662
2016-08-22,1.4686621372057216,1.3178270834212311
2016-08-23,1.4702110461511333,1.3192148342093657
2016-08-24,1.4656489573324287,1.3151155792224178
2016-08-25,1.4651975529939556,1.3147087740176646
2016-08-26,1.4610572509573279,1.310990162831739
2016-08-29,1.4684721503963671,1.317640817725001
2016-08-30,1.4650367723195754,1.314556996708386
2016-08-31,1.4623118627265537,1.3121108937782537
2016-09-01,1.4649827774679014,1.3144790647853863
2016-09-02,1.4692756098219704,1.3183301891070451
2016-09-06,1.4783921857362055,1.3265093246822424
2016-09-07,1.4769588717250468,1.3252216444546365
2016-09-08,1.469076392164405,1.3181472236484373
2016-09-09,1.4494767398538948,1.3005327186432412
2016-09-12,1.4539991954538165,1.304588157335807
2016-09-13,1.4409768975393942,1.2929034863913251
2016-09-14,1.4427470614497464,1.2944635344869893
2016-09-15,1.446113819795925,1.2974808987677873
2016-09-16,1.445205971925252,1.296665605583516
2016-09-19,1.4473955999372912,1.2986248169721195
2016-09-20,1.4487682603747636,1.299854997128068
2016-09-21,1.4616120135625463,1.3113769612701562
2016-09-22,1.4687261053238847,1.317758949160927
2016-09-23,1.4648518012997676,1.31425424287399
2016-09-26,1.4628334065912734,1.312414796635245
2016-09-27,1.464000364456289,1.3134333934118168
2016-09-28,1.467212578133743,1.3162868544504813
2016-09-29,1.463156313879189,1.3126197035254947
2016-09-30,1.4630240764595586,1.3125001915274515
2016-10-03,1.4590002229248658,1.3088898926771937
2016-10-04,1.446529283567467,1.2977003031841265
2016-10-05,1.4457915954130471,1.2970350997622708
2016-10-06,1.44431478711746,1.295571575494146
2016-10-07,1.4443133552285103,1.2955022509911522
2016-10-10,1.447278819472568,1.298161675994342
2016-10-11,1.4410490691589408,1.2924446437181325
2016-10-12,1.4418157345071791,1.2930036670896812
2016-10-13,1.4420909282608132,1.2931831308629262
2016-10-14,1.439537011404743,1.2908913344040152
2016-10-17,1.4400169075789828,1.291232193751493
2016-10-18,1.4457120262856793,1.296249915367434
2016-10-19,1.4485193308837565,1.298766517341492
2016-10-20,1.447276298378538,1.2975869071310902
2016-10-21,1.4481834585342062,1.2983992945634988
2016-10-24,1.4473274151462023,1.2976296444765174
2016-10-25,1.4468597963423637,1.2971455452699578
2016-10-26,1.440635006989108,1.2915002096336083
2016-10-27,1.4373935675139398,1.2883813873016199
2016-10-28,1.4345502794597462,1.2858317428108854
2016-10-31,1.434568770311827,1.2857761509876222
2016-11-01,1.4331528874255925,1.2845063642507792
2016-11-02,1.4312912394457764,1.282836556153321
2016-11-03,1.428989328327743,1.2807457477469557
2016-11-04,1.4291454502760412,1.280884720649561
2016-11-07,1.434574404622259,1.2856865132462
2016-11-08,1.4343579428082978,1.2854287837879772
2016-11-09,1.4246156852992526,1.276624556005118
2016-11-10,1.4193590832145646,1.2714725094236456
2016-11-11,1.4041476671203073,1.2574576476523567
2016-11-14,1.4093698045505054,1.2620159175786363
2016-11-15,1.4189478988237991,1.2704546741253933
2016-11-16,1.414873519269368,1.2666672816104612
2016-11-17,1.4183217720408732,1.2695878690552813
2016-11-18,1.416526566654676,1.2678141752537286
2016-11-21,1.420896905584608,1.2714199446165155
2016-11-22,1.4266481253468475,1.2763367933165812
2016-11-23,1.426066863915974,1.275658687974408
2016-11-25,1.4246941463819731,1.2742727503304583
2016-11-28,1.422640199400623,1.2723563784228291
2016-11-29,1.4217205024616462,1.2715331129276168
2016-11-30,1.4242661791457112,1.2738097662520769
2016-12-01,1.4199174085993325,1.2698430736173243
2016-12-02,1.4228067941218727,1.272426229750713
2016-12-05,1.422692664890601,1.2723109012830303
2016-12-06,1.4284907202344472,1.2773406250840476
2016-12-07,1.4358306423447316,1.2839029233618735
2016-12-08,1.4422190656057055,1.2896129360694026
2016-12-09,1.4465210308853496,1.293459081577843
2016-12-12,1.4426712945578888,1.2900162311079693
2016-12-13,1.4499121845526322,1.2964849556342661
2016-12-14,1.4396093995656938,1.287270978345799
2016-12-15,1.4455899458735062,1.2926145972667695
2016-12-16,1.4447564168714118,1.2918653656691719
2016-12-19,1.4459485843840276,1.2929298746950522
2016-12-20,1.4500048332154352,1.2964259373886136
2016-12-21,1.4473394365968122,1.2940426439803965
2016-12-22,1.4480406892394477,1.2946671207472358
2016-12-23,1.450111515197255,1.2965176759575638
2016-12-27,1.4511986029620298,1.2974894891907403
2016-12-28,1.448998118746481,1.2955212555363222
2016-12-29,1.4471578312615516,1.293875450088454
2016-12-30,1.4447083080497096,1.2915555871409243
2017-01-03,1.4526099278057802,1.2984703678010634
2017-01-04,1.4590105207226445,1.3041891873706966
2017-01-05,1.4583750539146487,1.303620360793545
2017-01-06,1.4605897657342692,1.3055972817717145
2017-01-09,1.4547924527565461,1.3004126117351054
2017-01-10,1.452908130299037,1.2987274080381477
2017-01-11,1.4560464940516313,1.3015319786505544
2017-01-12,1.4559735986214097,1.3013157113103677
2017-01-13,1.4556682252532256,1.300892079192758
2017-01-17,1.4499927098930996,1.2956693742991332
2017-01-18,1.4516718970084168,1.2970213577775596
2017-01-19,1.446737709367594,1.2926109762475435
2017-01-20,1.4498567449161215,1.2952493933324896
2017-01-23,1.4507077904175212,1.2958601243385413
2017-01-24,1.4541004925956904,1.2988871161739464
2017-01-25,1.457762648662284,1.3021557299240223
2017-01-26,1.459469356582096,1.303678740148054
2017-01-27,1.4569730877276539,1.301447105722562
2017-01-30,1.4508803895961453,1.2958533540163457
2017-01-31,1.4481150201709942,1.293379748104887
2017-02-01,1.4518767636644647,1.296737873837725
2017-02-02,1.4538107884776694,1.2984620781185106
2017-02-03,1.4579787091785488,1.3021780639088045
2017-02-06,1.4548093052149966,1.2993462852650033
2017-02-07,1.4539576777810412,1.2985831352964485
2017-02-08,1.4556149937141423,1.300060019529999
2017-02-09,1.4612293813832895,1.304924507893418
2017-02-10,1.4665203178014288,1.3096490496169833
2017-02-13,1.4681724608341813,1.3110344075630131
2017-02-14,1.4695616550564647,1.3121847634229724
2017-02-15,1.471314762420421,1.3136603530639372
2017-02-16,1.4707766128797166,1.3131777649780294
2017-02-17,1.4718332412924748,1.3141203293814323
2017-02-21,1.4802876823609352,1.321668499284721
2017-02-22,1.4787896835062937,1.3203295619777802
2017-02-23,1.4814531486305165,1.3227053709070073
2017-02-24,1.4813431383836386,1.3226069216238314
2017-02-27,1.4819715476412607,1.3231664057671622
2017-02-28,1.4788097160885252,1.32034218598326
2017-03-01,1.4885424754818457,1.3290298384110482
2017-03-02,1.4782654768853387,1.3198482235049072
2017-03-03,1.477719858036972,1.319272366609119
2017-03-06,1.475719769882442,1.3174858203815496
2017-03-07,1.4717177705201079,1.3139119227198532
2017-03-08,1.4612204620951026,1.3045388162942406
2017-03-09,1.4591729407266905,1.3024977863205696
2017-03-10,1.4606841378803224,1.3038464203951594
2017-03-13,1.4649405126637074,1.3076440347249492
2017-03-14,1.4615297546055772,1.3045956662425722
2017-03-15,1.4721639534871551,1.314087690949872
2017-03-16,1.470847490856314,1.3129101550522615
2017-03-17,1.4708373152483707,1.3128991523830569
2017-03-20,1.4712582172131665,1.3132734108455555
2017-03-21,1.459337712765306,1.3026326641682533
2017-03-22,1.4615480947697532,1.3046039987125848
2017-03-23,1.462309545170993,1.305283487033532
2017-03-24,1.4643486133010413,1.307103304321854
2017-03-27,1.4615032668592294,1.304563047217621
2017-03-28,1.469077171149224,1.311220769938182
2017-03-29,1.4715896341951433,1.3134620604000553
2017-03-30,1.4746884943553222,1.316227846094409
2017-03-31,1.4731756299282657,1.3148765003995444
2017-04-03,1.4729806428453576,1.3147016294531004
2017-04-04,1.4741884206289735,1.3156335095671938
2017-04-05,1.472013404472148,1.3136907377761913
2017-04-06,1.4741874612523287,1.315629301615961
2017-04-07,1.473783004005848,1.3152666898380674
2017-04-10,1.4753467158389248,1.316570124584653
2017-04-11,1.4751372118999528,1.3163828519883143
2017-04-12,1.4758384903904809,1.316558687073167
2017-04-13,1.4758014069544918,1.3161996706149897
2017-04-17,1.4777200717975123,1.3179101982626884
2017-04-18,1.477928053638138,1.3180944593956394
2017-04-19,1.4732675526432257,1.3139354061778956
2017-04-20,1.4753451716803057,1.3157548885514865
2017-04-21,1.4750215595955845,1.3154173857059874
2017-04-24,1.4764246155335279,1.3166680528559433
2017-04-25,1.4758083506071173,1.3159652374406672
2017-04-26,1.4752657661641342,1.3150892633018765
2017-04-27,1.4755387238928968,1.314941912388441
2017-04-28,1.4753564407592343,1.3146269425339416
2017-05-01,1.4742814701319362,1.3135165924627756
2017-05-02,1.476190746901393,1.3150639824845645
2017-05-03,1.4720532475415644,1.311224224393882
2017-05-04,1.4689147695468745,1.3082437170330505
2017-05-05,1.4722530853003988,1.3110424811904622
2017-05-08,1.470086383559585,1.3091121206270804
2017-05-09,1.4710570992672662,1.3095259189083677
2017-05-10,1.4744518289807127,1.312300323863953
2017-05-11,1.4742805019162852,1.3121459818354808
2017-05-12,1.4757370645902117,1.313441391618746
2017-05-15,1.4786054309377967,1.3155451997893841
2017-05-16,1.4807632149616954,1.3174644159894022
2017-05-17,1.478230688147449,1.315210550953856
2017-05-18,1.476620182757613,1.3136744380142893
2017-05-19,1.4817327472890747,1.318119734133112
2017-05-22,1.4834179020196394,1.3195153426592805
2017-05-23,1.481493448719759,1.3177118766675953
2017-05-24,1.4850642948470119,1.3208873551864504
2017-05-25,1.486210433708876,1.3219049527227291
2017-05-26,1.4865998535166418,1.322250967866251
2017-05-30,1.4866605603697514,1.3223044226757172
2017-05-31,1.4875822033029178,1.3230271844333452
2017-06-01,1.490997624894426,1.326064603565553
2017-06-02,1.4985650443323748,1.3327945117857862
2017-06-05,1.4952964249555696,1.329886760301837
2017-06-06,1.4971997624581825,1.331575676256949
2017-06-07,1.4954317648462503,1.3299513562281196
2017-06-08,1.4938881385260652,1.3285267038511843
2017-06-09,1.4918831681225264,1.3267430338619723
2017-06-12,1.4921981977978023,1.3270224917531708
2017-06-13,1.4950686507694064,1.3295729195858705
2017-06-14,1.4992001386824936,1.3332458318827063
2017-06-15,1.4953391929083941,1.3298097435372331
2017-06-16,1.496401747080412,1.330753795024981
2017-06-19,1.4975378567708149,1.3317637669820928
2017-06-20,1.4960178459513467,1.3304111574944435
2017-06-21,1.4949908472846762,1.3294055684362747
2017-06-22,1.4969580534182596,1.3310617860168517
2017-06-23,1.4995509165753875,1.3333671251893509
2017-06-26,1.501827514007443,1.3353890971789095
2017-06-27,1.4951840341429088,1.3294530549019523
2017-06-28,1.4993441452237974,1.3331453753904836
2017-06-29,1.4913785456214865,1.3260575799377816
2017-06-30,1.4914002371035595,1.3260719908207488
2017-07-03,1.4897086608046477,1.324565822706513
2017-07-05,1.4890946727933048,1.3239263909109404
2017-07-06,1.4812650600673258,1.3169629642739356
2017-07-07,1.4817460858740672,1.3173893258114922
2017-07-10,1.4832419831391723,1.3187188589201893
2017-07-11,1.4845185191996293,1.319849001007913
2017-07-12,1.4942390969998136,1.328490161554841
2017-07-13,1.4940175485912868,1.3282911382366267
2017-07-14,1.4994915308025467,1.333157163328754
2017-07-17,1.5004024795885775,1.3339662463874447
2017-07-18,1.5038702556431296,1.3370479063132907
2017-07-19,1.5069502417883267,1.3396923664042837
2017-07-20,1.5079517643778824,1.340582045304281
2017-07-21,1.5096441577587403,1.3420857624061338
2017-07-24,1.5084947145327532,1.341063145017562
2017-07-25,1.5044655849771567,1.3374804711588901
2017-07-26,1.5094156056509573,1.341878348950681
2017-07-27,1.5067086263226381,1.3394709710397545
2017-07-28,1.5092848517028066,1.3417599494300627
2017-07-31,1.5096824783474247,1.3421123978327425
2017-08-01,1.5141755173876537,1.3461056792139567
2017-08-02,1.5128019251897764,1.344883017619766
2017-08-03,1.5140554785297686,1.345996445983523
2017-08-04,1.511778746535826,1.3439716157747867
2017-08-07,1.512475020231012,1.3445895088120141
2017-08-08,1.50844399866631,1.3410044218443218
2017-08-09,1.5088613854240767,1.3413745789334506
2017-08-10,1.5030528995670718,1.3362090252347596
2017-08-11,1.5044013489795511,1.3374042951222027
2017-08-14,1.5085369200435685,1.3410802059553915
2017-08-15,1.5061918825196174,1.3389930554946166
2017-08-16,1.510931894593749,1.3432063312355749
2017-08-17,1.5066042123173913,1.339358194123102
2017-08-18,1.506225778855904,1.3390187143930763
2017-08-21,1.509044200147053,1.3415238349288747
2017-08-22,1.5111927309426703,1.3434332761891892
2017-08-23,1.5149656665883797,1.3467860108667136
2017-08-24,1.5129383264505223,1.344982733597646
2017-08-25,1.5169990926590178,1.3485919302748348
2017-08-28,1.5178968259635366,1.3493897580557181
2017-08-29,1.5176195714374192,1.3490916023067372
2017-08-30,1.5194869128581532,1.3507502558541662
2017-08-31,1.5255813591468865,1.3561674301680837
2017-09-01,1.5248513454431782,1.3555176651900847
2017-09-05,1.5278385151101268,1.358171982194808
2017-09-06,1.5270446263179958,1.357463163846347
2017-09-07,1.5340154939582236,1.3636580628789112
2017-09-08,1.5309207894888677,1.3609058607267193
2017-09-11,1.5304994348974255,1.36052906010715
2017-09-12,1.5299066528282488,1.359995610362941
2017-09-13,1.5264970757229628,1.3569628864309005
2017-09-14,1.5296139053418116,1.359728910061792
2017-09-15,1.5298841064068247,1.3599687080928464
2017-09-18,1.5268701375531935,1.3572877555624698
2017-09-19,1.5276543283802675,1.3579834664308625
2017-09-20,1.5248646362844556,1.3555032953337474
2017-09-21,1.522804997573166,1.3536202903331633
2017-09-22,1.5237717701475328,1.3544768931138436
2017-09-25,1.5255712034568791,1.3560754439386895
2017-09-26,1.5228730979909815,1.3535923451176546
2017-09-27,1.5181676891859608,1.3493590775578415
2017-09-28,1.5191797707457635,1.3502569026794187
2017-09-29,1.5215359741995635,1.3523494006167753
2017-10-02,1.5205974515045173,1.351513184771832
2017-10-03,1.5239740880870016,1.3544787244873795
2017-10-04,1.5241628007047516,1.3546455824138413
2017-10-05,1.5247282760457619,1.3551442492823038
2017-10-06,1.522868261297647,1.3534899598032926
2017-10-09,1.524766751098039,1.3551766384758155
2017-10-10,1.5283712711841084,1.3583795140399142
2017-10-11,1.529882233484722,1.3597217643999722
2017-10-12,1.530360652941573,1.3600605767516345
2017-10-13,1.5361617784650778,1.3651822609855364
2017-10-16,1.5342294319729664,1.3634309903527113
2017-10-17,1.5328396108066187,1.3621945825234136
2017-10-18,1.5316686628561258,1.3611015358237264
2017-10-19,1.5314731252674212,1.3609265656971004
2017-10-20,1.5283314802423393,1.358082636374051
2017-10-23,1.52714221180702,1.3569738143344399
2017-10-24,1.5251522038234482,1.3552052288811827
2017-10-25,1.5212323205370402,1.351721699344144
2017-10-26,1.5185733794686274,1.3493584344007403
2017-10-27,1.5259951825858094,1.3558732498062986
2017-10-30,1.5281777642750982,1.357730303307923
2017-10-31,1.5290532347681223,1.3585065410027328
2017-11-01,1.5312984678657675,1.3605000516819203
2017-11-02,1.5335410013344268,1.3624905500913198
2017-11-03,1.5343084518267516,1.363171036652941
2017-11-06,1.5391299554576388,1.367454274903991
2017-11-07,1.537136537117942,1.3656316252093639
2017-11-08,1.5369726268348485,1.3654344931532003
2017-11-09,1.5334831899780768,1.3623336871913927
2017-11-10,1.527931156355303,1.3573847549847353
2017-11-13,1.5279425744742687,1.357385972766291
2017-11-14,1.5262244199212318,1.3558544197444635
2017-11-15,1.5260627072146966,1.3557078217621492
2017-11-16,1.5316494343175724,1.3606617715946054
2017-11-17,1.5341978693911957,1.362921163841727
2017-11-20,1.5320773244815376,1.3609859200723282
2017-11-21,1.5383601112960774,1.366515728450622
2017-11-22,1.5424480001853398,1.3701435552681558
2017-11-24,1.5437133861242485,1.3712638200446559
2017-11-27,1.539935303081392,1.3679053563591101
2017-11-28,1.5436288397139137,1.3711850071483853
2017-11-29,1.5376083816578128,1.3658345959858331
2017-11-30,1.5363735407467547,1.364735843990266
2017-12-01,1.5395355850139456,1.367540798624372
2017-12-04,1.5379428458525692,1.3661237509223891
2017-12-05,1.5369766795419835,1.3652634002487247
2017-12-06,1.535228535616646,1.3636225579069576
2017-12-07,1.5353249326093268,1.3637064868403412
2017-12-08,1.5388361748259587,1.366821940829993
2017-12-11,1.5403622613987071,1.3681757605042328
2017-12-12,1.5396221677026918,1.3675165110713556
2017-12-13,1.543853534367685,1.3712746138743008
2017-12-14,1.5426771163310762,1.3702278271442168
2017-12-15,1.5457748745193853,1.3729758411949338
2017-12-18,1.5479678600010605,1.3749229547897295
2017-12-19,1.5400449958780396,1.367884060929412
2017-12-20,1.5364888728438293,1.3647240484482344
2017-12-21,1.5395134518437437,1.3674091663299937
2017-12-22,1.5415131980987835,1.3690952477162766
2017-12-26,1.5446867322634237,1.3717412186436537
2017-12-27,1.5496862525288166,1.3761806450135734
2017-12-28,1.5511716210039297,1.377497450715166
2017-12-29,1.55312761001989,1.3792332413504853
2018-01-02,1.554698739076682,1.3806265525064694
2018-01-03,1.559251857606794,1.3846186129680957
2018-01-04,1.5608859027954152,1.3860687760279091
2018-01-05,1.5625636013185928,1.387474525987628
2018-01-08,1.5623492251059132,1.387280906745527
2018-01-09,1.5582379268662032,1.383627870625533
2018-01-10,1.5572696732514062,1.3827133888839425
2018-01-11,1.5624588463280744,1.3873203730825334
2018-01-12,1.567251270829702,1.3915744177347824
2018-01-16,1.5666486478919495,1.3909841579895583
2018-01-17,1.5671381886512268,1.391418066602468
2018-01-18,1.5631233196058247,1.3878510402372604
2018-01-19,1.5660271050767451,1.3899470664513922
2018-01-22,1.569926421564559,1.393328404994006
2018-01-23,1.5761504634136843,1.3988514137419554
2018-01-24,1.5823077099178213,1.404314961535043
2018-01-25,1.580104979796455,1.4023579159073385
2018-01-26,1.5861156413731692,1.4075668221728823
2018-01-29,1.576213011076996,1.398652851054297
2018-01-30,1.5662847768008332,1.389841360310909
2018-01-31,1.5710729242131933,1.3940889761464395
2018-02-01,1.5686127230119127,1.3919044273342587
2018-02-02,1.5467007382603182,1.3724587715019527
2018-02-05,1.5139585302662903,1.3430085849739104
2018-02-06,1.5330337403344998,1.359462158604311
2018-02-07,1.5185125806363382,1.3460898025164898
2018-02-08,1.4825660193634012,1.3137344465540335
2018-02-09,1.49019760562575,1.3204790380485854
2018-02-12,1.5071774988910793,1.33552223764073
2018-02-13,1.5107432379136168,1.3386787552495982
2018-02-14,1.5387410099915142,1.3634871900289083
2018-02-15,1.5515725066575563,1.374685465809879
2018-02-16,1.5496747287792667,1.373001920479539
2018-02-20,1.538540571888445,1.3626372984572248
2018-02-21,1.5316599926164416,1.3560473275299976
2018-02-22,1.5399098166448675,1.3633506100834096
2018-02-23,1.5551462160215297,1.376839603349032
2018-02-26,1.5640225973751465,1.3841998081887794
2018-02-27,1.5469035654243841,1.3690478917279283
2018-02-28,1.536623801676597,1.359946723046382
2018-03-01,1.5233264411670198,1.34768340664754
2018-03-02,1.5303369145854153,1.3538830559542834
2018-03-05,1.539070399124854,1.3616078084646426
2018-03-06,1.5484844923944032,1.3699349209596454
2018-03-07,1.5432712129591017,1.3653219600137894
2018-03-08,1.5424921158602793,1.3646321942587714
2018-03-09,1.5612862353109243,1.3812566218768136
2018-03-12,1.5599003615610358,1.379523366946922
2018-03-13,1.5517581495227533,1.371816120917662
2018-03-14,1.5514343351036441,1.3715291050092453
2018-03-15,1.548173885866852,1.3686459769608477
2018-03-16,1.549482941632245,1.3698001408244824
2018-03-19,1.5395882459106136,1.3610525320057556
2018-03-20,1.5444526601961654,1.3653510395914292
2018-03-21,1.5572738763165863,1.3766850579645438
2018-03-22,1.5281098210126132,1.3508986470362043
2018-03-23,1.520380623023136,1.344058795065217
2018-03-26,1.545435043459315,1.3658828151951892
2018-03-27,1.527999774402691,1.350141704124986
2018-03-28,1.52187623605651,1.3447282127865805
2018-03-29,1.5356809179141115,1.3569236006900098
2018-04-02,1.5188131893677195,1.3420172621491224
2018-04-03,1.525905014178379,1.3482806227307549
2018-04-04,1.5315746520962223,1.3532891689066544
2018-04-05,1.5354489347086473,1.3567114827789166
2018-04-06,1.518200775038684,1.341470543249647
2018-04-09,1.5279341938821653,1.3500670821108485
2018-04-10,1.5493020358696754,1.3689468568058554
2018-04-11,1.5510719404455706,1.3699735279160912
2018-04-12,1.5534280609002986,1.372053868088797
2018-04-13,1.5537345075592195,1.372323402394478
2018-04-16,1.555999797155079,1.3743239483357967
2018-04-17,1.5603411050599434,1.37815795945343
2018-04-18,1.5661364608335213,1.38327593280387
2018-04-19,1.561215227641777,1.3788062372886138
2018-04-20,1.5526861375071848,1.3712718975974922
2018-04-23,1.5451576549294235,1.3646221790803232
2018-04-24,1.5369879722776505,1.3567983889570776
2018-04-25,1.5330881947695842,1.3533492221988819
2018-04-26,1.5411353644013326,1.36045229080861
2018-04-27,1.5423226477476177,1.360795722409703
2018-04-30,1.5396048581515378,1.358397707961117
2018-05-01,1.5377181186088313,1.356313387012945
2018-05-02,1.537145894206712,1.355388752103871
2018-05-03,1.5367237521050667,1.3543184392495136
2018-05-04,1.5450292622768476,1.3613535485295474
2018-05-07,1.5461108826569279,1.3617785324765395
2018-05-08,1.5464132080779227,1.3619393776317068
2018-05-09,1.5518989696488514,1.3663126149593803
2018-05-10,1.558664257129886,1.3717400162163869
2018-05-11,1.557553624492581,1.3707605606926936
2018-05-14,1.5585646793331653,1.3716502167734623
2018-05-15,1.5501245595153568,1.3642215981958117
2018-05-16,1.554379945825356,1.3672628944829646
2018-05-17,1.553456524665456,1.365845460378679
2018-05-18,1.5518556501390222,1.3643183502308578
2018-05-21,1.5570881531428715,1.3689181515146691
2018-05-22,1.5557168703638202,1.3677107453886213
2018-05-23,1.555450876902918,1.367476092669221
2018-05-24,1.5526041571183464,1.364972299921326
2018-05-25,1.5472342903570098,1.3602508822774255
2018-05-29,1.5391272538838208,1.3531224563530593
2018-05-30,1.5396367734232987,1.3528382020398764
2018-05-31,1.5340267932723428,1.3471087344163997
2018-06-01,1.5360155572297822,1.3482080784390127
2018-06-04,1.5388915886014694,1.3500848070898686
2018-06-05,1.5381861427869918,1.349359617934518
2018-06-06,1.5417863007024055,1.3524115858154848
2018-06-07,1.5395762794146353,1.3503669686777946
2018-06-08,1.5402232081913307,1.3508285035612568
2018-06-11,1.5434320087130737,1.3536422870765574
2018-06-12,1.5441858398349002,1.3541944695785193
2018-06-13,1.5425853588371676,1.3527903334296247
2018-06-14,1.5508449666916337,1.3600320383556346
2018-06-15,1.5415037123500197,1.3518350439555669
2018-06-18,1.5413951864701736,1.351630414303534
2018-06-19,1.539475068683999,1.3497664022410445
2018-06-20,1.5441407234095323,1.3538567581230168
2018-06-21,1.5415814207727174,1.3516114948250286
2018-06-22,1.547905539170093,1.357153000878885
2018-06-25,1.5405784031508736,1.350726543784548
2018-06-26,1.5475808892016154,1.356864452443263
2018-06-27,1.5491040045633904,1.3581982878504433
2018-06-28,1.5514123516682494,1.3600251586935022
2018-06-29,1.5484180812880703,1.3573995249671986
2018-07-02,1.5489871586789192,1.357423896593849
2018-07-03,1.5497368671453529,1.3580796931314147
2018-07-05,1.5538514310485132,1.361210393150684
2018-07-06,1.5583399152882544,1.36514070587764
2018-07-09,1.5584963687459934,1.365276286650131
2018-07-10,1.5599055571467213,1.3665102192904266
2018-07-11,1.5558791762737232,1.3629826913147596
2018-07-12,1.560455559222031,1.3669896320079797
2018-07-13,1.5607296957695496,1.3672270043303791
2018-07-16,1.5560387439960701,1.3626384253770938
2018-07-17,1.5569936933897,1.3629970706037355
2018-07-18,1.557328886841521,1.3632898478223254
2018-07-19,1.560752306412844,1.3662855560414247
2018-07-20,1.5550937310851345,1.3608530704631743
2018-07-23,1.5522768958353779,1.3579110215368433
2018-07-24,1.5548375804968122,1.3599547497295768
2018-07-25,1.5587561498749045,1.3633817818327194
2018-07-26,1.560863142751122,1.365050678790848
2018-07-27,1.5555430392972283,1.3602237711532623
2018-07-30,1.5550398085551547,1.3596100066071302
2018-07-31,1.5592743115559675,1.3633114627670948
2018-08-01,1.5588806785384437,1.3629660033751438
2018-08-02,1.5639283191243438,1.3672050967835052
2018-08-03,1.5671164027194864,1.3699910419534038
2018-08-06,1.569758317490254,1.3722999123799449
2018-08-07,1.5702444485587739,1.3727221836764987
2018-08-08,1.5647070408510528,1.3678812515558465
2018-08-09,1.5664141653692107,1.3693712469350603
2018-08-10,1.5669147807575683,1.3698066104385205
2018-08-13,1.5658331900986915,1.36825216729106
2018-08-14,1.5676778426487485,1.3698636878949835
2018-08-15,1.5656023142509057,1.367921428271867
2018-08-16,1.5684881392570633,1.3703146694507142
2018-08-17,1.5698846128975799,1.3712855098414622
2018-08-20,1.5725167048802584,1.3735820256832088
2018-08-21,1.5702926689763648,1.3716379531891156
2018-08-22,1.5717020791705176,1.372868332209079
2018-08-23,1.5725378103109324,1.3735970131884592
2018-08-24,1.5751143889631438,1.3758461569995617
2018-08-27,1.5733997253990033,1.374347972557722
2018-08-28,1.571628314239002,1.3727995407016758
2018-08-29,1.572716180337566,1.373500836563031
2018-08-30,1.5723842814097946,1.3732104608720108
2018-08-31,1.5737420670971825,1.3743951637019325
2018-09-04,1.5705007865685232,1.3715638017626337
2018-09-05,1.568612402551592,1.3699131665133717
2018-09-06,1.569091032253817,1.3702035612580659
2018-09-07,1.5646511491776258,1.3661976851987172
2018-09-10,1.5659460565331842,1.367199965823982
2018-09-11,1.5674061632960052,1.3684737951204442
2018-09-12,1.5689319421390868,1.3692783032704177
2018-09-13,1.5694127295012996,1.3691693495637616
2018-09-14,1.5686010037410092,1.3681925106402357
2018-09-17,1.565535530313713,1.3648256582509377
2018-09-18,1.5678792921931977,1.3668684557595876
2018-09-19,1.5662562161284785,1.3654532094257825
2018-09-20,1.5666459070733283,1.3657921637266441
2018-09-21,1.5690134135023255,1.3678555782301915
2018-09-24,1.5666558688903922,1.3658000728433954
2018-09-25,1.5664266085579839,1.3655988672615882
2018-09-26,1.5633031958910668,1.3628743772265703
2018-09-27,1.570003281308194,1.3687146846944158
2018-09-28,1.5738820259280566,1.3717067087215555
2018-10-01,1.578335725910893,1.3751980203509224
2018-10-02,1.5773771830300605,1.3743620104264924
2018-10-03,1.5739054854088048,1.3708073392614166
2018-10-04,1.566214416064111,1.3635803066938685
2018-10-05,1.5612646159597063,1.3592696020100883
2018-10-08,1.562959039803296,1.3607420057793131
2018-10-09,1.5647140242294226,1.362268772125263
2018-10-10,1.5474847302602723,1.3472683060225288
2018-10-11,1.533126191641576,1.3347603192878126
2018-10-12,1.5409339127858404,1.341230569864451
2018-10-15,1.538157838365943,1.3386264450476892
2018-10-16,1.546003596032307,1.3454541019227915
2018-10-17,1.5436141363581257,1.3432152918203564
2018-10-18,1.537776876403457,1.3381349698213
2018-10-19,1.539978787514171,1.3400496919203957
2018-10-22,1.5385239298125333,1.3387834407009447
2018-10-23,1.5302525432879834,1.3314268443764394
2018-10-24,1.5311488870950962,1.3320208920765244
2018-10-25,1.5379321766135803,1.3379200667696136
2018-10-26,1.5293840418472662,1.330482840814705
2018-10-29,1.5333160949260658,1.3332748500820004
2018-10-30,1.541233470143802,1.3401583210041288
2018-10-31,1.536593274941267,1.3354936117216067
2018-11-01,1.5377142385846183,1.3363634539715525
2018-11-02,1.5366734964816235,1.3354579699288422
2018-11-05,1.5403971861240775,1.3386938657132157
2018-11-06,1.5423103159513207,1.340355594503192
2018-11-07,1.5518573228231896,1.3484827337253122
2018-11-08,1.5527196750292847,1.349229609508033
2018-11-09,1.5477883673244217,1.3449423382532568
2018-11-12,1.5444952960487208,1.3420795616209176
2018-11-13,1.5402751163566653,1.33764699925855
2018-11-14,1.53537948294949,1.333394719493614
2018-11-15,1.5348155471557656,1.3329035039425616
2018-11-16,1.5317245748889845,1.3302186381076488
2018-11-19,1.5315495536334196,1.3292384593448943
2018-11-20,1.5314949164532654,1.3291909550729686
2018-11-21,1.5322816027686639,1.3298734096510139
2018-11-23,1.5324568404769627,1.330025377690707
2018-11-26,1.53338463752977,1.3308289119045682
2018-11-27,1.5354872508230903,1.3326530151424094
2018-11-28,1.5367790149373786,1.3337739753525213
2018-11-29,1.5363289703965424,1.3332547474560692
2018-11-30,1.5392567398166779,1.335666936860231
2018-12-03,1.5436012738736817,1.3393083220126076
2018-12-04,1.53710403272087,1.3333304734887466
2018-12-06,1.543269443405782,1.3382444197404302
2018-12-07,1.5419410933730489,1.3370907392046039
2018-12-10,1.5448220017270657,1.339588497461251
2018-12-11,1.5460380577175932,1.3406415053120595
2018-12-12,1.5408376522712208,1.3361318392537778
2018-12-13,1.541360081404335,1.3365840413438534
2018-12-14,1.5433208976177144,1.3382842610866739
2018-12-17,1.5397507644082873,1.3351873559958285
2018-12-18,1.5437452695174176,1.3385284644215902
2018-12-19,1.5452204127361517,1.3393795318813884
2018-12-20,1.5403737027942002,1.3350887500865336
2018-12-21,1.541266679979791,1.3355003131860859
2018-12-24,1.5414104397773938,1.3354457115474145
2018-12-26,1.5386648121319235,1.3328891140842003
2018-12-27,1.540116579511229,1.3341459189866467
2018-12-28,1.5447730150288947,1.3381791377461303
2018-12-31,1.5472819725850946,1.3403510927412523
2019-01-02,1.5517431353156608,1.34382755866321
2019-01-03,1.5572235086381672,1.3485723993768055
2019-01-04,1.5518105160234954,1.3438795749145815
2019-01-07,1.5495753969837016,1.3419416051863162
2019-01-08,1.5514768093380638,1.3433854608553955
2019-01-09,1.5525093067909035,1.3442782853439488
2019-01-10,1.5507342310915597,1.3427394331258975
2019-01-11,1.5523316492368482,1.3441206037982294
2019-01-14,1.5498733708290404,1.3419291516810463
2019-01-15,1.550622238595284,1.3425147499873116
2019-01-16,1.5533169953598216,1.3447851847976116
2019-01-17,1.554103522091593,1.3454653195617765
2019-01-18,1.5530056611511853,1.3445143917540863
2019-01-22,1.553515791834781,1.3448926054717942
2019-01-23,1.5545581516157418,1.3457932800155046
2019-01-24,1.5585487020103264,1.3492474583841971
2019-01-25,1.5596975821130121,1.3502409457402313
2019-01-28,1.5598944289828576,1.350304330580902
2019-01-29,1.5640262574977533,1.353835414836642
2019-01-30,1.5692093549297923,1.3583213480535294
2019-01-31,1.5757630825505178,1.3639485427837075
2019-02-01,1.571561110162817,1.3603089035316853
2019-02-04,1.5711725106019248,1.3599714910721894
2019-02-05,1.5765832794582644,1.3646009843476268
2019-02-06,1.5734952399565563,1.3619264303359069
2019-02-07,1.5743282249787587,1.362643298383946
2019-02-08,1.5771864764131749,1.3650617709734458
2019-02-11,1.5753245101266273,1.3634487272063411
2019-02-12,1.5761610932091537,1.3641694672157534
2019-02-13,1.5740252995428246,1.362264294189197
2019-02-14,1.57656430331718,1.3644599025789885
2019-02-15,1.580306198239289,1.36769737711974
2019-02-19,1.5835754901872658,1.3705242803043536
2019-02-20,1.583373203322849,1.3703462942936544
2019-02-21,1.5778546495700196,1.365569442488368
2019-02-22,1.5835815654627043,1.3705237180141785
2019-02-25,1.582814081826911,1.369858183173853
2019-02-26,1.5837975679138543,1.370708919341894
2019-02-27,1.5784042765723354,1.3659754363457839
2019-02-28,1.5750821765164686,1.3630348464760653
2019-03-01,1.5704703675222313,1.359042160885951
2019-03-04,1.5719887810527697,1.3602874924789952
2019-03-05,1.5738515740846808,1.3618306964053362
2019-03-06,1.5735170840453832,1.3614721754823647
2019-03-07,1.5761748988866993,1.363702753596505
2019-03-08,1.5775146813554586,1.3648599517412259
2019-03-11,1.5791360220646202,1.3662025237111597
2019-03-12,1.5835723787726685,1.3699949970418441
2019-03-13,1.5841956152224606,1.3705333015081629
2019-03-14,1.5800225375380734,1.3668564938046552
2019-03-15,1.5850017768861124,1.3711086179960632
2019-03-18,1.5855020164638012,1.3714861223899781
2019-03-19,1.5853039685923374,1.3713143989719379
2019-03-20,1.5912383579860137,1.3764475858148466
2019-03-21,1.5944756611357354,1.3792444876128036
2019-03-22,1.594784281420447,1.37951032287339
2019-03-25,1.5977568459465885,1.3820751538682992
2019-03-26,1.5995592176749742,1.3836315738293608
2019-03-27,1.5998426908848897,1.3838751632209505
2019-03-28,1.6000437595613022,1.384046258068189
2019-03-29,1.6018295084348857,1.385534207600972
2019-04-01,1.5993177681018755,1.383358903779297
2019-04-02,1.601493725865572,1.385237344180624
2019-04-03,1.5997915398855673,1.3837354137819138
2019-04-04,1.6017159150410682,1.3853442318927696
2019-04-05,1.6047873697350437,1.388000423582929
2019-04-08,1.6045558586452815,1.3877993973894638
2019-04-09,1.604539898393662,1.3877843790558246
2019-04-10,1.6093891306043488,1.3919778629490147
2019-04-11,1.6051845018557076,1.3883395531861393
2019-04-12,1.6050771851779893,1.3881909900010752
2019-04-15,1.603620166116645,1.3869298104516428
2019-04-16,1.599967818803115,1.383770684721456
2019-04-17,1.598399043945384,1.3824124509702507
2019-04-18,1.6016072553190526,1.3851868636226767
2019-04-22,1.5990580489529773,1.3829796038639335
2019-04-23,1.6044072548286274,1.3876048462557056
2019-04-24,1.606925035737839,1.3897811433373042
2019-04-25,1.6064162041883732,1.389339621189535
2019-04-26,1.6099554646204113,1.3923999855335976
2019-04-29,1.6062750757470847,1.38915984244429
2019-04-30,1.6079146712836303,1.3905208615867768
2019-05-01,1.605821956994191,1.3887105323923945
2019-05-02,1.6024348238007555,1.3857807865190312
2019-05-03,1.6080667135005229,1.390649671499891
2019-05-06,1.607635956035466,1.390276173146117
2019-05-07,1.6023791870116897,1.3857294269797304
2019-05-08,1.6005841410640025,1.3841475654742543
2019-05-09,1.5996648510647566,1.3833230859784027
2019-05-10,1.6025737021643056,1.385838028393258
2019-05-13,1.5976048703039614,1.3815404997397867
2019-05-14,1.5997975961327027,1.3832925248949248
2019-05-15,1.603722008884226,1.386585368070931
2019-05-16,1.604796812976097,1.3875143614990044
2019-05-17,1.6034583674543077,1.3863527143996213
2019-05-20,1.5999463659570388,1.3833156321305282
2019-05-21,1.6023940478696839,1.3854314946257706
2019-05-22,1.6029829201623003,1.3859388577045753
2019-05-23,1.6024378857598574,1.3854669884061253
2019-05-24,1.603733851234283,1.386557332734224
2019-05-28,1.6033924307252536,1.3862606380444664
2019-05-29,1.6019004359326876,1.3849692040018586
2019-05-30,1.6079090002640928,1.3900938687522084
2019-05-31,1.6100968962863482,1.3919150023314317
2019-06-03,1.6144114975717854,1.3955129520621279
2019-06-04,1.615324988717177,1.3962278729594253
2019-06-05,1.6178294922732295,1.39833091793183
2019-06-06,1.6197970218657818,1.4000297828897335
2019-06-07,1.6258475254975682,1.40525903584663
2019-06-10,1.6209216446934267,1.400941694314726
2019-06-11,1.6226080046325728,1.4023395926242477
2019-06-12,1.6232243916822373,1.4028716294168033
2019-06-13,1.6271869516089088,1.406295843047137
2019-06-14,1.6271064261364163,1.406225472338208
2019-06-17,1.6279312781427966,1.4068907444736933
2019-06-18,1.6358904899820288,1.4137655310084014
2019-06-19,1.6419868422623798,1.418929243924316
2019-06-20,1.6509131592749946,1.4266403085270412
2019-06-21,1.6445859768964393,1.4211690988684453
2019-06-24,1.6484173244395206,1.4244780246746884
2019-06-25,1.6447008540404457,1.4212652289850176
2019-06-26,1.6403637439650773,1.4175158710041817
2019-06-27,1.6459192486488772,1.4223147204587125
2019-06-28,1.6477789675267358,1.4239198660447547
2019-07-01,1.6486224629975492,1.4246477169675411
2019-07-02,1.6555994062560535,1.4306741703495864
2019-07-03,1.6607932997465464,1.4351597841752592
2019-07-05,1.6515023892253118,1.4271296644998381
2019-07-08,1.649410446907996,1.4253166770483225
2019-07-09,1.6492324024843292,1.4251621956045337
2019-07-10,1.6529433568617753,1.4283683799521882
2019-07-11,1.6458313762092311,1.422194653346821
2019-07-12,1.647943808788616,1.4240163078953576
2019-07-15,1.6505188297632671,1.4262394471605486
2019-07-16,1.6479915467798476,1.4240549957813036
2019-07-17,1.6537545507184281,1.4290065666991465
2019-07-18,1.6580323357364923,1.4327006928866572
2019-07-19,1.6533452433530578,1.4286498108797867
2019-07-22,1.6569955654149826,1.4318027626769474
2019-07-23,1.6586418186242655,1.4332245373700492
2019-07-24,1.6625546435632264,1.4366039793886076
2019-07-25,1.6570441018984452,1.431839505566798
2019-07-26,1.6595296473967687,1.4339866509310286
2019-07-29,1.6606479174391575,1.4349521416785807
2019-07-30,1.6607098048582196,1.4350043832535924
2019-07-31,1.6579783608899796,1.432615710322456
2019-08-01,1.663959010162945,1.4377818811657688
2019-08-02,1.6626738131980678,1.436594461457895
2019-08-05,1.65982996490342,1.4341361681938605
2019-08-06,1.6686781140747418,1.4417067030685118
2019-08-07,1.6738142984030833,1.4460698195356787
2019-08-08,1.6800551228528182,1.4514593395046151
2019-08-09,1.676326350085294,1.4482362506056665
2019-08-12,1.6809728512660782,1.452249878889914
2019-08-13,1.6818386404706809,1.4529228464365407
2019-08-14,1.6800292125516523,1.4512553563458388
2019-08-15,1.6877904247469013,1.457855480067317
2019-08-16,1.6886199151419408,1.4585689813731761
2019-08-19,1.6848441392040092,1.4553043029192843
2019-08-20,1.6892531620716735,1.4590371661238917
2019-08-21,1.6905601054593085,1.4600903190127386
2019-08-22,1.687347575321472,1.4572398518204366
2019-08-23,1.6896705986040297,1.4592441091666546
2019-08-26,1.6937403520976422,1.4626828692778826
2019-08-27,1.7014840383980714,1.4693690330495568
2019-08-28,1.7039506358374215,1.4714958413817856
2019-08-29,1.7037659953724327,1.471335655731239
2019-08-30,1.7042627680361024,1.4716583311957099
2019-09-03,1.7090075945806011,1.4757246890079367
2019-09-04,1.714794930333837,1.480719744845309
2019-09-05,1.7040299425788885,1.4714227564059397
2019-09-06,1.7040020989265656,1.4713926020556702
2019-09-09,1.6982422729046678,1.4663881089220188
2019-09-10,1.6902889501055323,1.4595158265134385
2019-09-11,1.6918610314859932,1.4608688116657422
2019-09-12,1.6912832419278967,1.4603158299162466
2019-09-13,1.6800085567825187,1.4505803726983946
2019-09-16,1.6874034776813833,1.456957310538531
2019-09-17,1.6889438017687264,1.4582588266346914
2019-09-18,1.6882652334855137,1.4576720453051888
2019-09-19,1.6903822680886675,1.4594992731836822
2019-09-20,1.697344395207697,1.4655091305579357
2019-09-23,1.7008972322881375,1.4685747206286233
2019-09-24,1.7006652227850285,1.4683722468571825
2019-09-25,1.6927068079727334,1.4614464558577889
2019-09-26,1.695826155670693,1.4641359496456996
2019-09-27,1.692720408609448,1.4614541962237975
2019-09-30,1.6924487535448145,1.4611899360874263
2019-10-01,1.6914663770279617,1.460340209461032
2019-10-02,1.6892333890150355,1.458411657671542
2019-10-03,1.69551724864482,1.46383485518464
2019-10-04,1.7008484573505274,1.4684358395043113
2019-10-07,1.6956497561341533,1.4639434614624471
2019-10-08,1.6951269842142518,1.4634910576072162
2019-10-09,1.696451161744798,1.4646325076155062
2019-10-10,1.690424052787052,1.459428082603517
2019-10-11,1.6889804982048806,1.458179467141786
2019-10-14,1.692329862398106,1.4610148206320461
2019-10-15,1.6889563798306644,1.4580460144758365
2019-10-16,1.6900705444553452,1.4589509886985126
2019-10-17,1.6914264930141818,1.4601211088341293
2019-10-18,1.6910816456149778,1.45982150809778
2019-10-21,1.6905619467545394,1.4593715199518444
2019-10-22,1.692306763366836,1.4608751977704575
2019-10-23,1.6942108643506018,1.4625186794149443
2019-10-24,1.6974331621869472,1.4652996869051318
2019-10-25,1.6976365414622205,1.4654747818237863
2019-10-28,1.6938969007174802,1.4622430498669603
2019-10-29,1.6925515947743122,1.4610800157847874
2019-10-30,1.6974551563445275,1.4653115166955393
2019-10-31,1.7014323349323202,1.468743509274044
2019-11-01,1.704982325313848,1.4718056819135499
2019-11-04,1.7030284751629015,1.4701180197142212
2019-11-05,1.6949930786342498,1.4631779415035013
2019-11-06,1.6975195113989496,1.465330285255661
2019-11-07,1.6890063580086923,1.45795296922862
2019-11-08,1.686195490052039,1.4555217119739905
2019-11-11,1.6850462030434428,1.4545010564241523
2019-11-12,1.6858171103448636,1.4551379170263987
2019-11-13,1.6882286598037162,1.4572179622313233
2019-11-14,1.6924358176177803,1.4608209685668543
2019-11-15,1.6940434775454454,1.462180084876127
2019-11-18,1.6950084224395192,1.4629838925888035
2019-11-19,1.696719563997745,1.4644317198569536
2019-11-20,1.6974712963600163,1.465078491355576
2019-11-21,1.6937370037725599,1.461854469573019
2019-11-22,1.6956202456225382,1.463450605834553
2019-11-25,1.6992856602350381,1.46661307563135
2019-11-26,1.7035625588451477,1.4703030530187762
2019-11-27,1.7032534658715845,1.4700348768020748
2019-11-29,1.6982794972740265,1.4657414645826594
2019-12-02,1.6912573145078216,1.4596509820047707
2019-12-03,1.6976368551127603,1.4651556504342973
2019-12-04,1.6971193197070211,1.464705341415194
2019-12-05,1.6964894018783367,1.4641317753271663
2019-12-06,1.6966912556956493,1.4643018836364454
2019-12-09,1.6959754016449127,1.4636823520671052
2019-12-10,1.6965696481630532,1.464193764865177
2019-12-11,1.700930464587734,1.4679556809080279
2019-12-12,1.6992802748094091,1.466530898470571
2019-12-13,1.7051165812323463,1.4715642800772701
2019-12-16,1.706373799518807,1.4726470690209352
2019-12-17,1.7067936724273236,1.4730075090276462
2019-12-18,1.7074961595422948,1.4736100170146154
2019-12-19,1.7098349601107012,1.4756276823629435
2019-12-20,1.711554731771738,1.477108688118381
2019-12-23,1.7126033588697862,1.4780100607539135
2019-12-24,1.7159591949014616,1.4809031556332808
2019-12-26,1.7204020272695386,1.4847321864028402
2019-12-27,1.7202307760806896,1.4845698230648117
2019-12-30,1.718728183351398,1.4832726357809476
2019-12-31,1.7168686703427272,1.4816664147502994
2020-01-02,1.7247209708755051,1.4884421861177448
2020-01-03,1.7277663974764708,1.4910673169717628
2020-01-06,1.7273396156143896,1.4906960416740305
2020-01-07,1.7259652501066258,1.489495083299294
2020-01-08,1.724224540348751,1.4879884320033052
2020-01-09,1.7267432202488746,1.4901591547806516
2020-01-10,1.7300681460066467,1.4930240660834357
2020-01-13,1.7308167500660152,1.4936683539218183
2020-01-14,1.730737853900139,1.4935990755895638
2020-01-15,1.7334326676995606,1.4959238716570318
2020-01-16,1.7364007391497855,1.4984841919447156
2020-01-17,1.7373923306698351,1.499339609221432
2020-01-21,1.7368897055665877,1.4989050811757623
2020-01-22,1.7371026108547218,1.4990868083554187
2020-01-23,1.7382673139780287,1.500060518831453
2020-01-24,1.7386510153831036,1.5003909213745663
2020-01-27,1.7339315399931783,1.496316180537145
2020-01-28,1.7352584667385516,1.4974548361843933
2020-01-29,1.738750735961163,1.500464452198064
2020-01-30,1.7385758535150186,1.5003131173281516
2020-01-31,1.7337011561663271,1.496103586168031
2020-02-03,1.734938363521253,1.497168227401401
2020-02-04,1.7386072180457122,1.5003325826164
2020-02-05,1.7417511891776762,1.503043146226265
2020-02-06,1.7451084523455875,1.5059392333195205
2020-02-07,1.745799277169273,1.5065347520412917
2020-02-10,1.750713828809431,1.51077412356843
2020-02-11,1.751145368946704,1.5111459716173876
2020-02-12,1.75355021461148,1.5132204243819836
2020-02-13,1.754183372723557,1.5137652887679205
2020-02-14,1.75719274646614,1.5163607980402338
2020-02-18,1.7605263186951288,1.5192370964100148
2020-02-19,1.7620788736124844,1.5205756344202548
2020-02-20,1.7647654645513955,1.522892678155372
2020-02-21,1.7653082400695324,1.5233605499375371
2020-02-24,1.754776258810949,1.5142696631415238
2020-02-25,1.7425972043295068,1.5036692861755372
2020-02-26,1.7400140963989252,1.5013747409707674
2020-02-27,1.7231270221286332,1.486802341980838
2020-02-28,1.7240560460680294,1.4874280977393122
2020-03-02,1.7240657619760027,1.4873736207270607
2020-03-03,1.7297354294916993,1.4920976120822742
2020-03-04,1.7381920097232468,1.4993082701962341
2020-03-05,1.7328010865629526,1.4945146155928346
2020-03-06,1.7365848007680884,1.4976348523477996
2020-03-09,1.72662089425805,1.4884253686301854
2020-03-10,1.6915194990648972,1.4580621828897267
2020-03-11,1.656623547688126,1.42797321276889
2020-03-12,1.6027879453253222,1.3811683267975225
2020-03-13,1.6216743203087103,1.3965531681451815
2020-03-16,1.6250431904617246,1.3989433926227755
2020-03-17,1.6076603748278842,1.3839509790537265
2020-03-18,1.593128439737344,1.370920547145985
2020-03-19,1.6324278875003697,1.404370413633608
2020-03-20,1.6640223650594568,1.431540590894842
2020-03-23,1.680820067651164,1.4459710917281021
2020-03-24,1.689305804404472,1.4525312042790985
2020-03-25,1.6847590866584208,1.448613274364445
2020-03-26,1.6816897093210272,1.4459725601681672
2020-03-27,1.6833003530669872,1.4473505294331643
2020-03-30,1.6859862985306393,1.449657857106502
2020-03-31,1.6725943234339171,1.4381426458341293
2020-04-01,1.6803401777850504,1.444798255357127
2020-04-02,1.6905297166963988,1.4535589375651232
2020-04-03,1.6962283503676319,1.458457672864323
2020-04-06,1.7068966546854505,1.4676298681074287
2020-04-07,1.6981820079849024,1.4601341088509505
2020-04-08,1.6966480895803606,1.4588134418455234
2020-04-09,1.7180289877995458,1.4769748018039237
2020-04-13,1.7150001530777168,1.4743645373766914
2020-04-14,1.7130705923138252,1.4727051178476407
2020-04-15,1.7246036096138269,1.48261924061261
2020-04-16,1.7283076501265267,1.485802116329455
2020-04-17,1.7195915912756143,1.478308491986561
2020-04-20,1.7225356641497676,1.4808380598216813
2020-04-21,1.7234128350183755,1.481591629848501
2020-04-22,1.7280565523435267,1.485583400827158
2020-04-23,1.7340985014906727,1.4907763962229212
2020-04-24,1.7318938369604684,1.4888804810311884
2020-04-27,1.7207904973443642,1.4793350052400769
2020-04-28,1.724016129124847,1.482107431903455
2020-04-29,1.7242937783463352,1.4823458586167408
2020-04-30,1.7113141061185895,1.4711872865288051
2020-05-01,1.714122675743551,1.4736006834457358
2020-05-04,1.7177895745060692,1.476752899683679
2020-05-05,1.7172558741061223,1.4762937300969736
2020-05-06,1.7085061102625752,1.4687716213812654
2020-05-07,1.7162677509198163,1.475443657268061
2020-05-08,1.7094897139230194,1.469616051692295
2020-05-11,1.704615116951812,1.4654250760777245
2020-05-12,1.7084719319912882,1.468522675219343
2020-05-13,1.7145619698840786,1.4735392981364506
2020-05-14,1.722888383501027,1.4806950399545245
2020-05-15,1.7253747068240932,1.4828316254263885
2020-05-18,1.7156755868183493,1.4744957725146886
2020-05-19,1.7191790570901964,1.4775050634682838
2020-05-20,1.723990059677003,1.4815265432467586
2020-05-21,1.7190873680076195,1.4773130099485061
2020-05-22,1.723851386084182,1.481406058739497
2020-05-26,1.7129393569897697,1.4720284881946026
2020-05-27,1.7174949372373818,1.4758431166290864
2020-05-28,1.7152430222599369,1.4739077038961967
2020-05-29,1.7239823851658627,1.4814169486528759
2020-06-01,1.7246890483701773,1.4820237806144456
2020-06-02,1.722236992687347,1.4795329174695728
2020-06-03,1.7137063637005039,1.4719852905628175
2020-06-04,1.7089098770836582,1.4676601799613376
2020-06-05,1.7071770632795262,1.465967417045774
2020-06-08,1.7181079431787092,1.475149568469533
2020-06-09,1.7145336456933933,1.4720046955816104
2020-06-10,1.7267104865990441,1.4823832080795865
2020-06-11,1.6961794033544408,1.456171405849931
2020-06-12,1.6967251342604512,1.4562504931783569
2020-06-15,1.7033982751817658,1.461977563563914
2020-06-16,1.7024977454422237,1.460989294440513
2020-06-17,1.7017152550221013,1.4603173365950795
2020-06-18,1.7032821613794118,1.4616618852783516
2020-06-19,1.707249398701348,1.4650660950801306
2020-06-22,1.7092324783253272,1.4667664820526942
2020-06-23,1.7135074750066286,1.4703313834902025
2020-06-24,1.700643392687837,1.4591861529804417
2020-06-25,1.7069032007000393,1.464266143385954
2020-06-26,1.706467371708459,1.4638918796742117
2020-06-29,1.7102394584769005,1.467007931201923
2020-06-30,1.7161959196803978,1.4719972072839127
2020-07-01,1.7152205597650887,1.4710401709312813
2020-07-02,1.720322084963328,1.4752952749206945
2020-07-06,1.7329903706558814,1.4861589230482757
2020-07-07,1.731063460658177,1.4842119744659257
2020-07-08,1.74020961407662,1.4917597723136424
2020-07-09,1.7413769557895094,1.4924648704061205
2020-07-10,1.739450978120835,1.4905184697357818
2020-07-13,1.7379687912845214,1.488953417465733
2020-07-14,1.7461004875774693,1.4956253368448724
2020-07-15,1.7513862888864846,1.4998572227268119
2020-07-16,1.7458485432839144,1.495114493772531
2020-07-17,1.752229238995219,1.5005783796203016
2020-07-20,1.7626218940893918,1.5094779864314747
2020-07-21,1.7760097115845679,1.5209423305176515
2020-07-22,1.7928299164350892,1.5353450522376342
2020-07-23,1.7918110231348081,1.5344689892079937
2020-07-24,1.7927283800654887,1.535254279159146
2020-07-27,1.8094140564336483,1.5495434507154575
2020-07-28,1.8091680262524592,1.5493298789375423
2020-07-29,1.817394685740863,1.5563748988798485
2020-07-30,1.809416417554798,1.5495422934310839
2020-07-31,1.814399211684413,1.553808901605591
2020-08-03,1.8189648938121163,1.557716700275529
2020-08-04,1.8376452021981822,1.5737138466495615
2020-08-05,1.8436891873672643,1.578887232494494
2020-08-06,1.8596613312688668,1.5925648921331566
2020-08-07,1.847021786461627,1.5817393551759595
2020-08-10,1.8491403524846102,1.5835525671409727
2020-08-11,1.8133582464739015,1.5529094525291025
2020-08-12,1.815860520371572,1.555039485108391
2020-08-13,1.8225287279563342,1.5607495891588732
2020-08-14,1.8144620589036558,1.553838372158286
2020-08-17,1.8293942772468954,1.5666252424267808
2020-08-18,1.8354962881567887,1.5718495006511555
2020-08-19,1.8187682699145595,1.5575238769526627
2020-08-20,1.8268807703284797,1.564468365218518
2020-08-21,1.82468559876136,1.5625883032292995
2020-08-24,1.82677622750435,1.5643782047426311
2020-08-25,1.8262560676294302,1.5639318154723374
2020-08-26,1.833756463108533,1.5703546035413516
2020-08-27,1.8204610338670675,1.5589685087809992
2020-08-28,1.830787502190718,1.5678111233905447
2020-08-31,1.8315070292890137,1.5683468330361447
2020-09-01,1.840684595484076,1.576125228823743
2020-09-02,1.8427474923611191,1.5778907712561965
2020-09-03,1.826360480048708,1.563778095491221
2020-09-04,1.8184346596606824,1.5569898853539506
2020-09-08,1.809511550888915,1.5493486283545432
2020-09-09,1.8214960713184318,1.5595306505812134
2020-09-10,1.8139303309128938,1.5530517885128443
2020-09-11,1.8182011180467081,1.5567080743017843
2020-09-14,1.8261479897265125,1.5635119043737609
2020-09-15,1.8296085631517764,1.5663949842942926
2020-09-16,1.8294764382969098,1.5662815835230217
2020-09-17,1.8256623718784697,1.5630161834358722
2020-09-18,1.8174070788862577,1.5559483745230311
2020-09-21,1.7984155260157082,1.5396097300455291
2020-09-22,1.7977998899517558,1.5390803969525793
2020-09-23,1.7756293972672939,1.5201000500490225
2020-09-24,1.7781261809410183,1.522235428080564
2020-09-25,1.7783306358816786,1.5224093608386233
2020-09-28,1.791496730410584,1.5336805425996203
2020-09-29,1.794734404027265,1.5364519338914568
2020-09-30,1.790296974800354,1.5326525236959991
2020-10-01,1.7992232244605069,1.5402937157654963
2020-10-02,1.797080822183497,1.5383817592269453
2020-10-05,1.8021256660042493,1.5427001181538025
2020-10-06,1.7933624265615828,1.5351979201586954
2020-10-07,1.7984707503176418,1.5395702374592468
2020-10-08,1.8064306863452182,1.5463841199231785
2020-10-09,1.818782912212005,1.5569580929522189
2020-10-12,1.8257434700903803,1.5629155286771994
2020-10-13,1.815106464213652,1.553809335670337
2020-10-14,1.8134704121978746,1.5524079554105168
2020-10-15,1.8113896645606566,1.550626376696666
2020-10-16,1.8088920836935916,1.548488234889022
2020-10-19,1.8032862126620115,1.543689324633784
2020-10-20,1.8068115348909968,1.5466292697496447
2020-10-21,1.8078315247213221,1.5473447047044913
2020-10-22,1.8037093790240561,1.543730116437248
2020-10-23,1.8076772868907065,1.5470398729674395
2020-10-26,1.7972622377464562,1.5381263676622228
2020-10-27,1.7998229227893106,1.540231934317099
2020-10-28,1.7777982901538056,1.5212270735386062
2020-10-29,1.7770554281984348,1.520589964774327
2020-10-30,1.773681911997128,1.5175481454168744
2020-11-02,1.7855084869660258,1.5276666377681947
2020-11-03,1.7958880583539834,1.536547064106477
2020-11-04,1.8125091671519264,1.550682362912363
2020-11-05,1.8327873837806674,1.5678808771215176
2020-11-06,1.8292565465480584,1.5648586007666025
2020-11-09,1.821282896529073,1.5578853813129103
2020-11-10,1.8209969166099067,1.5576360142371286
2020-11-11,1.8244319409815744,1.5605741332401843
2020-11-12,1.8218642924778297,1.5583777257357754
2020-11-13,1.834555840694283,1.569233481836288
2020-11-16,1.843011534484079,1.5764658434126697
2020-11-17,1.842025800598515,1.5756225267339004
2020-11-18,1.8355715112669688,1.5701016040012616
2020-11-19,1.8398812068441093,1.573787785074258
2020-11-20,1.8404052725308904,1.5742359435940079
2020-11-23,1.835097523501834,1.569695700934583
2020-11-24,1.8361461035394366,1.5705915737262108
2020-11-25,1.8352933761379984,1.5698616286378442
2020-11-27,1.834124917844951,1.5688620833922398
2020-11-30,1.8265275903041278,1.5621718284417936
2020-12-01,1.8407467081875768,1.574332530307858
2020-12-02,1.8414976865828714,1.5747833473769202
2020-12-03,1.8482572919391804,1.5805636088820043
2020-12-04,1.851270377901044,1.5831400862246572
2020-12-07,1.8547612204690238,1.5861252042782832
2020-12-08,1.8556427612676674,1.5868788555093656
2020-12-09,1.8443663740088347,1.57723566391522
2020-12-10,1.8486986144363573,1.5809396494736052
2020-12-11,1.847550558308569,1.579906811662171
2020-12-14,1.8443656625127227,1.577182908558708
2020-12-15,1.8588727159285705,1.5895880599254368
2020-12-16,1.864631604139268,1.5945121276408099
2020-12-17,1.8740623274296904,1.602576401903465
2020-12-18,1.869848356682551,1.5989725887669097
2020-12-21,1.8633840706260685,1.593444653654518
2020-12-22,1.8577221466398057,1.5886027466878854
2020-12-23,1.864936359564595,1.5947714550311742
2020-12-24,1.869497314677966,1.598671516678183
2020-12-28,1.8737399720061414,1.6022994639033308
2020-12-29,1.8762565423436333,1.6044513532786275
2020-12-30,1.8834039715947564,1.6105632754721084
2020-12-31,1.8848031473962545,1.6117594977407728
2021-01-04,1.8856906029829317,1.612518198084785
2021-01-05,1.894771183116336,1.620282312193545
2021-01-06,1.8866277884645017,1.613318221015801
2021-01-07,1.8897560621676226,1.615992541368044
2021-01-08,1.8829090928378736,1.6101372599058361
2021-01-11,1.8719765944750475,1.6007853340119338
2021-01-12,1.8800034244470412,1.6076491306090686
2021-01-13,1.883756468575754,1.6108583218150818
2021-01-14,1.8857918505516704,1.612598608766045
2021-01-15,1.8752733782244446,1.603603801233304
2021-01-19,1.8844927013483987,1.6113033473949163
2021-01-20,1.8957860723612088,1.6209593890690426
2021-01-21,1.8942301429314252,1.6194437527371839
2021-01-22,1.8869771255349397,1.6132427755637604
2021-01-25,1.8918680360265125,1.6174239517416011
2021-01-26,1.8907426624804073,1.6164616295440963
2021-01-27,1.8757224530230532,1.6036196564159386
2021-01-28,1.8851405135256656,1.6114883937133915
2021-01-29,1.8733622021489154,1.6014192084368368
2021-02-01,1.8955849481943066,1.6204154785785985
2021-02-02,1.8907649596645417,1.616109842126092
2021-02-03,1.893403409416371,1.6181801858671352
2021-02-04,1.8970272665012091,1.620777432753946
2021-02-05,1.9051305983656022,1.6277005558734947
2021-02-08,1.9172914083406136,1.6380903982944253
2021-02-09,1.9197547929565006,1.6401948389854504
2021-02-10,1.9204253630334285,1.6407676603075467
2021-02-11,1.9217208814807811,1.6413674321038114
2021-02-12,1.92746752708572,1.6457684437484636
2021-02-16,1.925481170885818,1.6440721958044682
2021-02-17,1.9259978150893646,1.6441513875948814
2021-02-18,1.9152367198320426,1.6346034728284349
2021-02-19,1.9146274476511906,1.6340833085993827
2021-02-22,1.9172839427134254,1.6359911746970757
2021-02-23,1.9185432813696623,1.6370646193804017
2021-02-24,1.9275055948322841,1.6447096663168792
2021-02-25,1.8960550479112521,1.6178724505181747
2021-02-26,1.8729983541021935,1.598198095215334
2021-03-01,1.8961266417307816,1.617931067105934
2021-03-02,1.888151832116979,1.6111243667525894
2021-03-03,1.8786094408565908,1.602980283678951
2021-03-04,1.8621061255590035,1.5888977214877957
2021-03-05,1.8780120298471157,1.6024678519357753
2021-03-08,1.8636729861452486,1.590231638544886
2021-03-09,1.8841505910317384,1.6077039059640168
2021-03-10,1.8937672469441265,1.6159009983414883
2021-03-11,1.9129510671278354,1.6322670363028389
2021-03-12,1.9090607748150215,1.628944545811607
2021-03-15,1.9169108856572181,1.6356277973198605
2021-03-16,1.9131708883440517,1.6324305721965544
2021-03-17,1.9195628808078358,1.6378673314164647
2021-03-18,1.8896620866825007,1.612346542889963
2021-03-19,1.8975070298390369,1.619030017480117
2021-03-22,1.900023366648149,1.6211711301797331
2021-03-23,1.8767545437928248,1.6013119652814745
2021-03-24,1.8729750470645627,1.5980839951722214
2021-03-25,1.8774695359391897,1.601906248496216
2021-03-26,1.9036901188467372,1.6242723345391386
2021-03-29,1.8984080102081504,1.6197482287435914
2021-03-30,1.8962606530048378,1.6173383459395199
2021-03-31,1.8962373482798918,1.617236052265288
2021-04-01,1.9057423576689678,1.6253415380048493
2021-04-05,1.9079394504623668,1.6271343617285199
2021-04-06,1.9101929434328626,1.6284846526064207
2021-04-07,1.9075857063264863,1.6262544664860545
2021-04-08,1.9140023915725872,1.6317154324425676
2021-04-09,1.9125141432678905,1.630445827172372
2021-04-12,1.9086393020297745,1.627132164497075
2021-04-13,1.9153687979749954,1.6327422299175323
2021-04-14,1.918898595745613,1.635642661923703
2021-04-15,1.9359277456152397,1.6501559474318712
2021-04-16,1.9388213162140089,1.652619811686218
2021-04-19,1.935139833517682,1.6494814295677291
2021-04-20,1.9250744920051603,1.6408991960613382
2021-04-21,1.9373342657784027,1.6513420604167126
2021-04-22,1.9290397152994303,1.6442562118635005
2021-04-23,1.9421452633330993,1.655423919978397
2021-04-26,1.9440263336807704,1.657026394481922
2021-04-27,1.944687665064261,1.6575871732433634
2021-04-28,1.9492762876320089,1.6614905268233235
2021-04-29,1.9547647552783702,1.666168364749602
2021-04-30,1.9416350305706742,1.654969303160338
2021-05-03,1.9520395676878113,1.6638361233635068
2021-05-04,1.942572083800485,1.6557579667253834
2021-05-05,1.9446594738811231,1.657536048031156
2021-05-06,1.955338305554831,1.6666335639444285
2021-05-07,1.9667436844458461,1.6763532263643481
2021-05-10,1.9561928285747927,1.6673597140522176
2021-05-11,1.9486812005150445,1.6609547932225723
2021-05-12,1.9216699915146571,1.637930403746189
2021-05-13,1.9280139079915812,1.643334511745857
2021-05-14,1.9497638556431296,1.6618714853922028
2021-05-17,1.9526573623702368,1.6643363986891582
2021-05-18,1.9512319699917817,1.6629079099829498
2021-05-19,1.9404532365316676,1.653712829643133
2021-05-20,1.9508018622853582,1.6625309165815974
2021-05-21,1.9519301854079993,1.6634894155336555
2021-05-24,1.965511423763229,1.6750623282029242
2021-05-25,1.9699331504998807,1.6788295222706258
2021-05-26,1.9719478765432321,1.680543563129033
2021-05-27,1.9735506453284293,1.6819082692431515
2021-05-28,1.97759818446272,1.6853573813727953
2021-06-01,1.9894323573943602,1.6954421162655442
2021-06-02,1.9979953700367643,1.7027375218877812
2021-06-03,1.9843682447324638,1.6911204688054142
2021-06-04,1.9965832595257917,1.7015277087513105
2021-06-07,2.0002025904622394,1.7046114562744623
2021-06-08,2.0009826674816042,1.7052741186308344
2021-06-09,1.9995622387407022,1.70406238876862
2021-06-10,2.0081658865358123,1.7109882539158479
2021-06-11,2.006379388636364,1.7094645529421204
2021-06-14,2.0053326768494517,1.7085466866957657
2021-06-15,2.0027972222011794,1.7063816264167018
2021-06-16,1.991014731355032,1.6963347610823551
2021-06-17,1.9883640539687844,1.6939275845372685
2021-06-18,1.9830583195280713,1.689044453442252
2021-06-21,1.9889963516438454,1.6940515940992718
2021-06-22,1.9883503879953779,1.6934505655693932
2021-06-23,1.9866714509029246,1.6916064280173588
2021-06-24,1.9922812552743443,1.6959681704272396
2021-06-25,1.9965079078989802,1.6992010896943448
2021-06-28,1.9962936910975229,1.6986550026598648
2021-06-29,1.9977930116976121,1.6999250930306644
2021-06-30,1.9967810033182447,1.6990135944145448
2021-07-01,2.000572042708827,1.7021892438115191
2021-07-02,2.0043318117208506,1.7053871890408139
2021-07-06,2.004498953140826,1.7050549780669921
2021-07-07,2.0069300126091267,1.7071187190453665
2021-07-08,2.0024685522572514,1.703212712737387
2021-07-09,2.0050096989426707,1.7053733289958966
2021-07-12,2.0066832831672268,1.706685898419818
2021-07-13,2.003546531235577,1.7040175675588976
2021-07-14,2.0061911485590453,1.7062646727192985
2021-07-15,2.0068194657090466,1.7067949485508014
2021-07-16,2.0023564525473776,1.702888912658982
2021-07-19,1.997656571100667,1.6988582343500689
2021-07-20,2.0032683639603763,1.7036266628398269
2021-07-21,2.0042160553763586,1.704431575416979
2021-07-22,2.008967204490859,1.7084693138357483
2021-07-23,2.0100648162318486,1.7094016649592347
2021-07-26,2.006138798533608,1.7060623107305457
2021-07-27,2.008431292149139,1.707934194840365
2021-07-28,2.009234689412376,1.7086151170608614
2021-07-29,2.008755781031914,1.7082069068336387
2021-07-30,2.0089004079012054,1.708244089326651
2021-08-02,2.0093456853712093,1.708536918365288
2021-08-03,2.011979047865632,1.710773572146054
2021-08-04,2.009047062661484,1.7082796153493502
2021-08-05,2.0103488245436227,1.7093854028270863
2021-08-06,2.003717020103535,1.7037454479651852
2021-08-09,1.999080028509075,1.6997998513863337
2021-08-10,1.9972762508358752,1.6982647317708468
2021-08-11,2.0004713550548305,1.7009810312238884
2021-08-12,2.001925959348687,1.7022140371709258
2021-08-13,2.007884305841067,1.707279206337667
2021-08-16,2.0081211611628205,1.7074789147440066
2021-08-17,2.0056912960173103,1.705412275726171
2021-08-18,2.0011582885516166,1.701556444459713
2021-08-19,2.0039129648024603,1.7038972950424374
2021-08-20,2.0050392185379167,1.7048529938516392
2021-08-23,2.0092756719944065,1.7084546480043856
2021-08-24,2.0087579454699056,1.7080132735757958
2021-08-25,2.006723865973734,1.7062823093968953
2021-08-26,2.0061048168912112,1.7057553430745918
2021-08-27,2.013591456010073,1.712120779194041
2021-08-30,2.016514207593806,1.714512764925109
2021-08-31,2.0141093684856335,1.7123747765786392
2021-09-01,2.0170493023002942,1.7147807477263914
2021-09-02,2.0203731789535966,1.7176046451982239
2021-09-03,2.0168119830240396,1.7144835108850616
2021-09-07,2.009479018535351,1.7081566121193226
2021-09-08,2.011647526030658,1.7099071186158576
2021-09-09,2.0127140652768434,1.7107382816436398
2021-09-10,2.0080847122965046,1.706798098998503
2021-09-13,2.0138477204853897,1.7116941336571931
2021-09-14,2.0158097119557032,1.7133614009770004
2021-09-15,2.017615778400358,1.7148949205089696
2021-09-16,2.0166637063907955,1.7140851359478233
2021-09-17,2.011504182967937,1.70969881405604
2021-09-20,2.0081892130554237,1.7068805584025406
2021-09-21,2.0097492472283105,1.7082050467239556
2021-09-22,2.016810249567898,1.71420102538909
2021-09-23,2.0118057458515155,1.7099467560546477
2021-09-24,2.007752839753023,1.706492070986503
2021-09-27,2.005698730044956,1.7047456124941747
2021-09-28,1.9916679107282582,1.692819158426488
2021-09-29,1.9967768709687617,1.696623122714767
2021-09-30,1.9892518820192655,1.6902276934308227
2021-10-01,1.9990307317899367,1.6983910562195284
2021-10-04,1.9939848748359987,1.6936749617901161
2021-10-05,1.9924347876704194,1.6922578676009568
2021-10-06,1.9924710094854308,1.6917181133898112
2021-10-07,1.990898153203428,1.6898134699783034
2021-10-08,1.9853816314818917,1.6845626544660743
2021-10-11,1.9841601329819851,1.6831934310159558
2021-10-12,1.9880820291108416,1.686518545270967
2021-10-13,1.9939037172415863,1.6910102832766942
2021-10-14,2.00400504912391,1.69915582165771
2021-10-15,2.0022257469079663,1.6976454638352068
2021-10-18,2.0025950446310317,1.6975353797162238
2021-10-19,2.0005527909421907,1.6958039795210005
2021-10-20,2.002445208108508,1.6974055387882356
2021-10-21,2.0006511377511593,1.6954396756503038
2021-10-22,2.0008707621963766,1.6956239233226826
2021-10-25,2.003124692306827,1.6970902880203727
2021-10-26,2.0072269675382906,1.7004475169803492
2021-10-27,2.0073142371189387,1.700402907686075
2021-10-28,2.009501393831471,1.7017701049275693
2021-10-29,2.0082332366846605,1.7006880780114986
2021-11-01,2.0074698030317064,1.6999516019657097
2021-11-02,2.0125281988148505,1.7042337398589646
2021-11-03,2.009667985178275,1.7018100127516738
2021-11-04,2.0157086079581092,1.7069189348181406
2021-11-05,2.0255926437864957,1.715281102635383
2021-11-08,2.0237588296427313,1.7136388857654874
2021-11-09,2.028040384621159,1.7172632284182405
2021-11-10,2.0178542000831667,1.7086308501898566
2021-11-11,2.0173000343497396,1.7081563932876331
2021-11-12,2.017755236204599,1.7085412531244404
2021-11-15,2.0143192572845114,1.705627866943949
2021-11-16,2.0135910105179433,1.7046277777626124
2021-11-17,2.013137746524018,1.7039754844885404
2021-11-18,2.013969284101134,1.70441147078289
2021-11-19,2.0125042232741346,1.7031698583663757
2021-11-22,2.003341281118034,1.6950356878440749
2021-11-23,2.0002462808285375,1.6920391785063325
2021-11-24,2.0058846394039866,1.6964280125803126
2021-11-26,1.9774383852060873,1.6723681360640725
2021-11-29,1.9816916732019734,1.6751289545222101
2021-11-30,1.9743375487926744,1.6689116457848259
2021-12-01,1.9719547091751721,1.6668370463241102
2021-12-02,1.9807602389068093,1.6742770609010105
2021-12-03,1.9845257461294163,1.677040606273959
2021-12-06,1.9858836583902755,1.678141598013707
2021-12-07,1.9924707875204553,1.6836618307772766
2021-12-08,1.9881119608175464,1.679868648292011
2021-12-09,1.9828764741574167,1.6754432017673262
2021-12-10,1.986345339582562,1.6783722213774204
2021-12-13,1.9899816186599761,1.6814436316247403
2021-12-14,1.9842839478318508,1.6765195138862232
2021-12-15,1.988782837752209,1.680319894587326
2021-12-16,1.98692552791178,1.6786411699823567
2021-12-17,1.9867383069207407,1.6783866356374282
2021-12-20,1.979253633760964,1.6719604313716023
2021-12-21,1.9865200204380276,1.677996015634226
2021-12-22,1.991482322432562,1.6821859916540376
2021-12-23,1.992696074607237,1.6830108259869252
2021-12-27,2.0004575044235,1.6895646533667137
2021-12-28,1.9996310881770132,1.6888656294536066
2021-12-29,1.9954513604671815,1.6853351335562308
2021-12-30,1.9991226210307675,1.6880627148672511
2021-12-31,1.997502490981816,1.6863224056388335
2022-01-03,1.991541466271012,1.6809181319267368
2022-01-04,1.992788915376079,1.6817068321509998
2022-01-05,1.9755191215548584,1.6669896449001096
2022-01-06,1.9746642572427324,1.6662605320325325
2022-01-07,1.9680933699911451,1.660552734416701
2022-01-10,1.9656001721788754,1.6584475010039463
2022-01-11,1.9760059705111808,1.6670616941694023
2022-01-12,1.9781239743101575,1.6688464145953
2022-01-13,1.9695085239127745,1.6615755009218172
2022-01-14,1.9676345750354463,1.6598508538818215
2022-01-18,1.9602083378455462,1.6534427112971293
2022-01-19,1.9562103733946608,1.6493691735847487
2022-01-20,1.949350320305605,1.643584204920088
2022-01-21,1.93885604910517,1.6347340890330027
2022-01-24,1.9430932640056426,1.638022703760461
2022-01-25,1.9411726537933218,1.6361215665095277
2022-01-26,1.9361396736720675,1.631597768010277
2022-01-27,1.9407083780737582,1.6351386951736595
2022-01-28,1.9405666340393422,1.6345943444031872
2022-01-31,1.9469268460184803,1.63929912006425
2022-02-01,1.9458387702845488,1.638379669860384
2022-02-02,1.9506610201341577,1.6424385186624344
2022-02-03,1.936961615781383,1.6306147365742463
2022-02-04,1.9382134566173999,1.6313816582862604
2022-02-07,1.939103032150637,1.6318389981887842
2022-02-08,1.9405306342124018,1.6330399881311068
2022-02-09,1.9479854042953837,1.6390612996750047
2022-02-10,1.9344497351271899,1.6274214782076641
2022-02-11,1.9433095612535456,1.6346261619752431
2022-02-14,1.9513326471383854,1.6410457207584543
2022-02-15,1.9351639388996047,1.627446038091963
2022-02-16,1.9360456861173094,1.6278633477782902
2022-02-17,1.9354187384644304,1.6273351008164323
2022-02-18,1.9401962029670035,1.63102772376569
2022-02-22,1.9442933578398287,1.6344697363342702
2022-02-23,1.9502462280400226,1.6394739541581236
2022-02-24,1.9516099973078938,1.6404059688600077
2022-02-25,1.9420628297927598,1.632166634674345
2022-02-28,1.9546544485471475,1.6427444159608358
2022-03-01,1.9932177212712925,1.6749383945752678
2022-03-02,1.9948027008746363,1.676267749610934
2022-03-03,1.9987152540523085,1.6795542808863537
2022-03-04,2.030479995795678,1.7062454170667554
2022-03-07,2.0529087701250286,1.7250914081299018
2022-03-08,2.0794659860425586,1.7474072493226078
2022-03-09,2.0248408309122365,1.7015004118736827
2022-03-10,2.0309213310354033,1.7066019540424295
2022-03-11,2.0375086839299414,1.7121369347279496
2022-03-14,2.0136283120843927,1.6920693114153502
2022-03-15,1.9918435842155402,1.6737602575518495
2022-03-16,1.9872217756910413,1.6698726200539917
2022-03-17,2.0029128239766263,1.683055741377034
2022-03-18,1.9994651556950358,1.679881605655854
2022-03-21,2.0132507569333082,1.691213358977445
2022-03-22,2.0100245069223535,1.688501798796232
2022-03-23,2.016627532574635,1.6940458701032854
2022-03-24,2.0254372336322772,1.7012086461757931
2022-03-25,2.026473988046834,1.7020779178148664
2022-03-28,2.0140746409915398,1.6914234613129338
2022-03-29,2.023927582575581,1.6996952247622883
2022-03-30,2.021491984477304,1.6976450567492318
2022-03-31,2.010468052776816,1.688384721561517
2022-04-01,2.0147676633792613,1.691993707521949
2022-04-04,2.0245921863808807,1.7002420309401556
2022-04-05,2.0159485028323703,1.692982131487683
2022-04-06,2.016686585741652,1.6936008096547885
2022-04-07,2.0193837016884175,1.695863839742789
2022-04-08,2.0238069461648283,1.699577762788527
2022-04-11,2.0190432714531616,1.6955769032799148
2022-04-12,2.0350407195555276,1.708760764944448
2022-04-13,2.0427357739848304,1.7152215496527434
2022-04-14,2.0451967750443134,1.7172846427111477
2022-04-18,2.052710503303245,1.7235926963495196
2022-04-19,2.043583851663073,1.7159277227844187
2022-04-20,2.04548254625817,1.7175191627233457
2022-04-21,2.0411999056064216,1.713918571380784
2022-04-22,2.0288728119932347,1.703567680353904
2022-04-25,2.0173431741159704,1.6938846967344516
2022-04-26,2.0223592359108293,1.697900749234278
2022-04-27,2.022922098271041,1.6983714687498328
2022-04-28,2.041789787683615,1.7142114771626367
2022-04-29,2.0185606781249983,1.6947077071270724
2022-05-02,2.018112984117518,1.6940231448228795
2022-05-03,2.0130297401356114,1.6897543641327626
2022-05-04,2.0165586637182202,1.6927162067782613
2022-05-05,2.025857848825745,1.7005187530883217
2022-05-06,2.0330909195813827,1.706586211208108
2022-05-09,2.0124265600872455,1.6892373681641957
2022-05-10,2.0055563922296367,1.6834672061379488
2022-05-11,2.0201150691572547,1.6952345658557983
2022-05-12,2.025476868576736,1.6992796533194225
2022-05-13,2.0271963688759267,1.7002667362358244
2022-05-16,2.0261180326411377,1.6993618788539915
2022-05-17,2.0052661235380858,1.6818724609362747
2022-05-18,2.008285743188092,1.6844039530354675
2022-05-19,1.994273350994005,1.672650923878704
2022-05-20,1.9999419862767402,1.6769514605055056
2022-05-23,1.9917243582113004,1.6700606870696297
2022-05-24,1.9922062279811987,1.6704600448140838
2022-05-25,1.9946623890128425,1.672518851883502
2022-05-26,1.9944575930371342,1.6723468286732581
2022-05-27,1.9939605105831602,1.671929474255962
2022-05-31,1.9908921249036997,1.6693561596081048
2022-06-01,2.004423999321291,1.6802455302180057
2022-06-02,2.004080312439825,1.679496398498703
2022-06-03,2.0089625228755636,1.6835834182396208
2022-06-06,2.0069101459257572,1.6818631657029175
2022-06-07,2.010054069179125,1.6840321282933686
2022-06-08,2.0174627321650163,1.6897730383551934
2022-06-09,2.022950237622952,1.6943689309755787
2022-06-10,2.0384947911205833,1.7073862465229142
2022-06-13,2.0363338331094547,1.7055748732855491
2022-06-14,2.034184515713055,1.7032994989715877
2022-06-15,2.015681370980873,1.6878058825442754
2022-06-16,2.0011903853494504,1.6756719637564557
2022-06-17,1.999298259925247,1.6736130891852772
2022-06-21,1.9954858679388467,1.6699477911135607
2022-06-22,1.9826245313656983,1.6591845131456908
2022-06-23,1.9780678836893923,1.6553701961773346
2022-06-24,1.9822580316591785,1.658876347475231
2022-06-27,1.9847257722874219,1.660941190612144
2022-06-28,2.0004765953343817,1.6741223978543294
2022-06-29,2.004636589795736,1.6776031079315485
2022-06-30,1.990449469842723,1.6657301953765393
2022-07-01,2.0004639355429075,1.6741104215927938
2022-07-05,2.0019196304813907,1.6753286128835063
2022-07-06,2.005745346976184,1.6785297368032668
2022-07-07,2.017101276759187,1.68803279023899
2022-07-08,2.0230597007896622,1.6930187485652979
2022-07-11,2.042148410075808,1.7089926855492128
2022-07-12,2.022002080886065,1.6921302679660088
2022-07-13,2.0198142912313273,1.6902964506573301
2022-07-14,2.030641965028859,1.6993572704717574
2022-07-15,2.0237617301299746,1.693598745118399
2022-07-18,2.0256312271105896,1.6951623217577299
2022-07-19,2.019150530602848,1.6897388544134513
2022-07-20,2.022548000580703,1.6925783009049258
2022-07-21,2.009872945841831,1.6819709637099578
2022-07-22,2.0038806093106643,1.676955972930908
2022-07-25,2.0078027503831497,1.6802381242516704
2022-07-26,2.017271829601984,1.68816220260668
2022-07-27,2.0129207770012445,1.6845203014600532
2022-07-28,2.0090151652801915,1.6812508597848612
2022-07-29,2.0056894179270626,1.6784674056213083
2022-08-01,1.9884472497255539,1.664038094833998
2022-08-02,2.0023352214092824,1.6756596928267977
2022-08-03,1.9982759752175063,1.6722614847393338
2022-08-04,1.9797685053365108,1.656772961238724
2022-08-05,1.9942457298439444,1.668887006520927
2022-08-08,1.9997717402784503,1.6735099227512442
2022-08-09,1.9976157359573579,1.6717048901963203
2022-08-10,1.9822820635159621,1.658872605072886
2022-08-11,1.991001324804805,1.6661663400195985
2022-08-12,1.9928004118188474,1.6676714932504166
2022-08-15,1.9998978962355802,1.6736109689515077
2022-08-16,1.9928275400683975,1.6676936734531513
2022-08-17,1.9940255664247626,1.6683211849024493
2022-08-18,2.015762009316314,1.686131998942086
2022-08-19,2.025980513747669,1.694678430969558
2022-08-22,2.042809885715209,1.7087552924145468
2022-08-23,2.044166937853894,1.7098886038005678
2022-08-24,2.050060924668763,1.7148178762908382
2022-08-25,2.041143491785155,1.7073582547963118
2022-08-26,2.045221905237727,1.7107695321796625
2022-08-29,2.0569965641548307,1.7206186032398088
2022-08-30,2.0441703753327607,1.7098886278841736
2022-08-31,2.0337298572139284,1.7011543097489576
2022-09-01,2.040610519468613,1.7069091868444153
2022-09-02,2.0432012916002265,1.7090755731921818
2022-09-06,2.053272486512391,1.7174998076840406
2022-09-07,2.0249673843945017,1.6938230249853758
2022-09-08,2.029108063199788,1.6970411766287021
2022-09-09,2.0146146948521637,1.6849196719537962
2022-09-12,2.0042621580066133,1.676261344865115
2022-09-13,2.0264190646980618,1.6945491231848844
2022-09-14,2.0258775860729803,1.6940927819428582
2022-09-15,2.0148765889527787,1.684893339203656
2022-09-16,2.0148765889527787,1.6846453366294347
2022-09-19,2.013506043122248,1.6834994184850187
2022-09-20,2.0231007736909112,1.6915216061452145
2022-09-21,2.0429752803047667,1.7081387503754941
2022-09-22,2.0457168268433024,1.7104309669889677
2022-09-23,2.077927307312707,1.7373622619431561
2022-09-26,2.1012285575674507,1.756844518471677
2022-09-27,2.1019140579214532,1.7574176677062057
2022-09-28,2.0745008669234677,1.7344974031946752
2022-09-29,2.06627653055951,1.727621006904015
2022-09-30,2.06627653055951,1.727621006904015
2022-10-03,2.0566821032424962,1.71959907279358
2022-10-04,2.028583411890508,1.6961056590475208
2022-10-05,2.0477727214020103,1.7121499075930322
2022-10-06,2.068332728369868,1.7293402010578405
2022-10-07,2.08451825581561,1.7426059801811957
2022-10-10,2.0864250725240585,1.7442000057705438
2022-10-11,2.078723520999564,1.737761663176605
2022-10-12,2.078723520999564,1.7374934273475802
2022-10-13,2.065070138251042,1.7260812974770283
2022-10-14,2.0794060542042874,1.7380639202222568
2022-10-17,2.0582432958404446,1.7203751062985846
2022-10-18,2.0568780783946616,1.7192339943060635
2022-10-19,2.0718969806616396,1.7317874886554716
2022-10-20,2.0732621981074226,1.7329286006479927
2022-10-21,2.0555127099125423,1.7180927560703747
2022-10-24,2.0575607626357213,1.7198046134239076
2022-10-25,2.035032635789759,1.7009745612645466
2022-10-26,2.013870179498589,1.6832859998272098
2022-10-27,2.0295714639339537,1.696409860808127
2022-10-28,2.0329848851392525,1.6992629563973487
2022-10-31,2.0500513870204005,1.7135279293707872
2022-11-01,2.049368853815677,1.7129574364961107
2022-11-02,2.0582432958404446,1.7203751062985844
2022-11-03,2.0753102508306016,1.7346404580015256
2022-11-04,2.036398155308215,1.702115925743403
2022-11-07,2.025556964202765,1.6927783852786498
2022-11-08,2.009123801726964,1.6790439535847421
2022-11-09,2.024091783382522,1.691279545561258
2022-11-10,1.9778267707033321,1.6526216792224675
2022-11-11,1.9555304411353764,1.63360124228158
2022-11-14,1.9611029827684783,1.637874945396684
2022-11-15,1.9475785199398437,1.626197121141552
2022-11-16,1.941202777645065,1.6208728456797568
2022-11-17,1.9486636039760503,1.6267156182648195
2022-11-18,1.954089877762776,1.6312453915411496
2022-11-21,1.9620037469099136,1.6373857622743908
2022-11-22,1.9498509418133243,1.6267759018306955
2022-11-23,1.9415228475502277,1.6193620825459114
2022-11-25,1.9422329882596783,1.6196560342754567
2022-11-28,1.9452011286575284,1.6218328011882555
2022-11-29,1.9492253563906752,1.625186594637677
2022-11-30,1.9481276903536626,1.6242713522774486
2022-12-01,1.94988241455463,1.6249185636481827
2022-12-02,1.9499742691413258,1.624706950382184
2022-12-05,1.9337341017799943,1.6108876176274274
2022-12-06,1.9324570065977273,1.6091902494154107
2022-12-07,1.9371670516655548,1.6131121808838378
2022-12-08,1.9378288647656616,1.6131689801605296
2022-12-09,1.9389204742057085,1.6137079121435354
2022-12-12,1.9415534807066137,1.6155179289952935
2022-12-13,1.9494974026393757,1.6221276657897106
2022-12-14,1.946183809911637,1.6184874309342023
2022-12-15,1.9232975607751763,1.599262982047636
2022-12-16,1.9155828354125624,1.5925045920216465
2022-12-19,1.9017104381752146,1.5809714269001378
2022-12-20,1.949090929019114,1.6192940383965635
2022-12-21,1.9506587175461343,1.6198575161405948
2022-12-22,1.9312573084424351,1.6031667920136177
2022-12-23,1.9393157906404883,1.6092827441696438
2022-12-27,1.9409548183072545,1.6100671852772643
2022-12-28,1.920144726750702,1.5922287929151522
2022-12-29,1.9421271790225663,1.6104564304908469
2022-12-30,1.9410906000402213,1.609596247136088
2023-01-03,1.954464593672093,1.62068573703975
2023-01-04,1.96765648979687,1.631624471352282
2023-01-05,1.9504537641113562,1.6166145469119904
2023-01-06,1.970352648484763,1.6326410598145609
2023-01-09,1.9759516074568035,1.6368092691575522
2023-01-10,1.9751723111906998,1.6357314808941972
2023-01-11,1.9832129650639645,1.6419583561503563
2023-01-12,2.000855373773643,1.6560343765301937
2023-01-13,2.006477263288942,1.6606855833904548
2023-01-17,1.9991485982922632,1.654619216452469
2023-01-18,2.00034449987152,1.655608644215359
2023-01-19,2.0045660397473997,1.6589680862179181
2023-01-20,2.0052202302519535,1.659507858724599
2023-01-23,2.004777341534793,1.6590065878231963
2023-01-24,2.0105349384622744,1.6637709634661806
2023-01-25,2.0150659680267897,1.6675198196581271
2023-01-26,2.0162345587091526,1.6684866106106766
2023-01-27,2.012700899795869,1.665441343190796
2023-01-30,2.000100359370811,1.6550137870699222
2023-01-31,2.0139529576426947,1.66647518888662
2023-02-01,2.033486004135028,1.6826368524823825
2023-02-02,2.032858742744402,1.681981036024425
2023-02-03,2.001573879778783,1.656094186371192
2023-02-06,1.9890089995238684,1.6455632162688707
2023-02-07,1.9916037197830803,1.647709081898466
2023-02-08,1.9889544210917351,1.6455162042704328
2023-02-09,1.977427037104972,1.635978846899889
2023-02-10,1.970770437541009,1.630471185262349
2023-02-13,1.9788965836638055,1.6368317607054728
2023-02-14,1.97518913877512,1.6334011116112024
2023-02-15,1.9672181607539458,1.6264461403387194
2023-02-16,1.955290081686572,1.6165837116872794
2023-02-17,1.9562139240402312,1.6170413420074883
2023-02-21,1.9334581645452789,1.5982305616676473
2023-02-22,1.9214832697213715,1.5877870370424472
2023-02-23,1.928972809967397,1.5935747519004566
2023-02-24,1.9036064645582575,1.5726178819455505
2023-02-27,1.9087323642535325,1.5763581913506313
2023-02-28,1.9059565342940823,1.5735702234130295
2023-03-01,1.9041413886111482,1.5715770013908603
2023-03-02,1.9085389763073146,1.574712537025404
2023-03-03,1.9227337303109835,1.5859871592725043
2023-03-06,1.916692846688875,1.5805638434279319
2023-03-07,1.8833905509740922,1.5531008406364946
2023-03-08,1.8837409171447883,1.552960409932391
2023-03-09,1.8730156386233776,1.5441157805389936
2023-03-10,1.8712207448941216,1.5424584712138731
2023-03-13,1.8771859702561435,1.546702280740861
2023-03-14,1.869240380799944,1.5393675080101201
2023-03-15,1.8719792296357485,1.541229288011864
2023-03-16,1.8730319132564506,1.5419381808818107
2023-03-17,1.884116093620118,1.5509051528987399
2023-03-20,1.8838046640197357,1.5505034503222928
2023-03-21,1.884754245479386,1.5512841325560291
2023-03-22,1.8961036135675866,1.5604801671393391
2023-03-23,1.901379747548393,1.5646754038232664
2023-03-24,1.9003492924081922,1.5636954061439226
2023-03-27,1.8870601665132796,1.5527597942452425
2023-03-28,1.8911122288197417,1.5559592759041452
2023-03-29,1.9003842245589997,1.56358671402093
2023-03-30,1.912709721275574,1.5737263076259227
2023-03-31,1.923369786467496,1.5824959634200177
2023-04-03,1.9308900893702527,1.5885466020329744
2023-04-04,1.9408114018772464,1.5967079090573402
2023-04-05,1.9402339231315124,1.5962311318382245
2023-04-06,1.9414233162879215,1.5972090040435887
2023-04-10,1.9328340757660698,1.5901403786695203
2023-04-11,1.9376859924561345,1.5941307120009327
2023-04-12,1.9411617445097171,1.5969188912109067
2023-04-13,1.9515297665451905,1.6054475243858584
2023-04-14,1.9395705853984402,1.595608043139541
2023-04-17,1.9304286685659466,1.5880861042650207
2023-04-18,1.9343915381235977,1.5912149352059108
2023-04-19,1.9262663679860814,1.584529905550144
2023-04-20,1.9286797774697668,1.5864370743653482
2023-04-21,1.9243668227956356,1.582752270046333
2023-04-24,1.9297677090021355,1.5870575268367786
2023-04-25,1.9285938770016682,1.5859547381943873
2023-04-26,1.9195814685416395,1.5784084310377966
2023-04-27,1.9237688418588104,1.5817178014557347
2023-04-28,1.9344835665697349,1.590525926041477
2023-05-01,1.9172199342118637,1.5763312061225958
2023-05-02,1.9266100700865587,1.5839161852067298
2023-05-03,1.930999451305635,1.5873901895602018
2023-05-04,1.931198431461472,1.5875526564765494
2023-05-05,1.9319523212649188,1.588171883280365
2023-05-08,1.9246844563747452,1.5821959007352973
2023-05-09,1.9224893786197745,1.5802569386818635
2023-05-10,1.9286497643325389,1.5853200703012904
2023-05-11,1.923880931550916,1.5812658694527022
2023-05-12,1.9138628892838092,1.5730310923535018
2023-05-15,1.9153036995887767,1.574214309022366
2023-05-16,1.9020873077160194,1.5632177691300653
2023-05-17,1.9051185705775702,1.5657065344381935
2023-05-18,1.8978894695977901,1.5597648078839963
2023-05-19,1.901777765666959,1.5629587207123299
2023-05-22,1.9025983848000847,1.5636299101174969
2023-05-23,1.8942174114634196,1.5567411878465611
2023-05-24,1.8809381804294159,1.5458269289627928
2023-05-25,1.8775353060402873,1.5427738451673731
2023-05-26,1.889323114068106,1.5524582649761236
2023-05-30,1.8919279160281324,1.5545970387719794
2023-05-31,1.8917918538199918,1.5544834541002295
2023-06-01,1.8985160041653923,1.5598849204728746
2023-06-02,1.8981199714169796,1.559279125673471
2023-06-05,1.8965574769242308,1.5577398721776627
2023-06-06,1.9020137734523659,1.562220014665745
2023-06-07,1.8912044444166909,1.5533410051211818
2023-06-08,1.9019937041611366,1.5621089674106263
2023-06-09,1.9003274635087093,1.5604050450895637
2023-06-12,1.9028502203168154,1.5622209680647992
2023-06-13,1.9003429511885848,1.560161008304483
2023-06-14,1.9055150563542265,1.5641516313782504
2023-06-15,1.919438731976512,1.575576200090276
2023-06-16,1.9158937887075083,1.572542542948049
2023-06-20,1.9044016365402385,1.5631073195238345
2023-06-21,1.9007231774972566,1.5599844915747934
2023-06-22,1.889908863154653,1.5511085432645957
2023-06-23,1.8875681087028837,1.5491856731011298
2023-06-26,1.8907174741324475,1.551768571996281
2023-06-27,1.8944550906419064,1.5548356977582833
2023-06-28,1.8971161635738605,1.5569170528259806
2023-06-29,1.8891797724129646,1.5504033265071238
2023-06-30,1.898659445133606,1.5579497558053406
2023-07-03,1.899980137016729,1.5587990125374982
2023-07-05,1.8942757677620727,1.553900067568093
2023-07-06,1.877873588321457,1.5403402279781162
2023-07-07,1.880824232287951,1.5424889961189898
2023-07-10,1.8869576749139565,1.5472351274425729
2023-07-11,1.8989739275915227,1.557085537417486
2023-07-12,1.9232835809057711,1.576695960187712
2023-07-13,1.9405057055131085,1.5907444703620142
2023-07-14,1.9299471490982862,1.5819688276192851
2023-07-17,1.9297160782014302,1.5816598979384517
2023-07-18,1.9352699215748572,1.5861404905456264
2023-07-19,1.9410894472245968,1.5907244144180417
2023-07-20,1.9291988129171052,1.5809789547038855
2023-07-21,1.9313185708530718,1.582712968496012
2023-07-24,1.9329435345257366,1.5840442673572772
2023-07-25,1.935935813135828,1.5863774443918628
2023-07-26,1.9432126891765589,1.5923391355202172
2023-07-27,1.9223590005934919,1.575250324335282
2023-07-28,1.9370321280180822,1.5872716093160404
2023-07-31,1.9437091830792008,1.5927408315729263
2023-08-01,1.9281907073656355,1.5800228422183435
2023-08-02,1.9110236533474951,1.5656461084167734
2023-08-03,1.9071329080762458,1.5624569168217144
2023-08-04,1.9073225228049784,1.562390689758266
2023-08-07,1.9091666694008531,1.5636795419067895
2023-08-08,1.905345067043416,1.5605480900899387
2023-08-09,1.905399578997522,1.5605100712621054
2023-08-10,1.9013041610687986,1.5568807400672757
2023-08-11,1.8975513733605625,1.5533402039931155
2023-08-14,1.8956789700583043,1.5518048169723602
2023-08-15,1.8832458638374885,1.5416264400586985
2023-08-16,1.8753125272943496,1.5348384517188667
2023-08-17,1.8699514148145024,1.5301967834486867
2023-08-18,1.8726723302361192,1.5324229399569247
2023-08-21,1.874462762721191,1.5338867140052532
2023-08-22,1.8755723843535723,1.534658116316255
2023-08-23,1.8880333167264645,1.5448531123733245
2023-08-24,1.882090103910815,1.539754870102597
2023-08-25,1.8897339104816253,1.5460071106137154
2023-08-28,1.895103485865415,1.5503997678530534
2023-08-29,1.9099013400556575,1.5623422414354657
2023-08-30,1.9091480839116728,1.5614879563250368
2023-08-31,1.9070099257896158,1.5595011871175295
2023-09-01,1.9129142409147997,1.5640524964241882
2023-09-05,1.904087857231071,1.556671830173311
2023-09-06,1.8982765534123083,1.5519194090410944
2023-09-07,1.89870344255427,1.5520025539924003
2023-09-08,1.8997815242415337,1.5528832200673814
2023-09-11,1.9031240265453677,1.5556127991549973
2023-09-12,1.9016188242033687,1.5543817580695607
2023-09-13,1.902812266342515,1.5551021193332006
2023-09-14,1.9167700167505552,1.566508751973081
2023-09-15,1.910217029619478,1.5609491145539387
2023-09-18,1.9110043911097716,1.5613402175020152
2023-09-19,1.9094413466786913,1.560061167911575
2023-09-20,1.904886105882063,1.5563391122614798
2023-09-21,1.8918123064374843,1.5456571950885034
2023-09-22,1.8943357024282805,1.5472601071420837
2023-09-25,1.8918698929776505,1.5448506833851177
2023-09-26,1.8872006040811184,1.540643087924417
2023-09-27,1.8946928724350673,1.546755643296457
2023-09-28,1.8928166341421597,1.5452223244855834
2023-09-29,1.8897934343322982,1.5427537696227909
2023-10-02,1.8877552395027202,1.5410874200066087
2023-10-03,1.878597927984659,1.5336088687598586
2023-10-04,1.8634911031903671,1.5207599238662526
2023-10-05,1.8537418645516344,1.5128001276438021
2023-10-06,1.8585797956464207,1.5167463127466925
2023-10-09,1.8729171620360658,1.5284443251690678
2023-10-10,1.8719081963854953,1.527104303972096
2023-10-11,1.8707544756145722,1.526159365847833
2023-10-12,1.8704510449158502,1.5259089764251936
2023-10-13,1.8818479958859717,1.5346865943179122
2023-10-16,1.8808002024125472,1.5338300500559046
2023-10-17,1.8825983973521692,1.5352937397494915
2023-10-18,1.8829043998247514,1.5355411037183304
2023-10-19,1.8873907192427797,1.5388233676301806
2023-10-20,1.8812735232070181,1.533835041735942
2023-10-23,1.8702757047299714,1.524866497645264
2023-10-24,1.8726727813323498,1.526819896555422
2023-10-25,1.874913117494825,1.528643805207667
2023-10-26,1.8729014009342462,1.526665810455997
2023-10-27,1.8834370641779499,1.5352502589827617
2023-10-30,1.8681732828046627,1.522804986284713
2023-10-31,1.8676230312109399,1.5223544918454304
2023-11-01,1.8651810480200581,1.5203625044831528
2023-11-02,1.877779937910989,1.5299624908310712
2023-11-03,1.8788689531362879,1.530847615925135
2023-11-06,1.8755543812627524,1.5281439096057639
2023-11-07,1.8709536924847314,1.5243941139099775
2023-11-08,1.8647152670390583,1.5193027344667975
2023-11-09,1.8631644301313366,1.5180378388780214
2023-11-10,1.8694204576844642,1.5231316944395337
2023-11-13,1.8703055195045408,1.5235817290085076
2023-11-14,1.8748278573529944,1.5270028619692193
2023-11-15,1.8743887423985364,1.5262873898129958
2023-11-16,1.8731868407728742,1.525211736138034
2023-11-17,1.8753299392719247,1.526875235511234
2023-11-20,1.8801169839609517,1.5304863332860634
2023-11-21,1.882630558274277,1.5325316856496853
2023-11-22,1.8839318821967217,1.5335906246201807
2023-11-24,1.8851965542440936,1.5346186123923886
2023-11-27,1.8871018524676804,1.5361683512583497
2023-11-28,1.8960975058909608,1.5433916235127396
2023-11-29,1.9024190304049973,1.5483077956398876
2023-11-30,1.9014759037679307,1.547537739732489
2023-12-01,1.9160846876939968,1.5594258664540643
2023-12-04,1.904966047169639,1.55032132463857
2023-12-05,1.905992420976485,1.5511528920646616
2023-12-06,1.9075308963406694,1.5524044030668083
2023-12-07,1.909155236899396,1.5537248402332131
2023-12-08,1.9025766994266982,1.5483700598822057
2023-12-11,1.9031370433909396,1.5487565350125292
2023-12-12,1.9060981077800878,1.5511655716926616
2023-12-13,1.9299114911432798,1.5705439596446744
2023-12-14,1.944675875120355,1.5824011502927307
2023-12-15,1.9385743040987815,1.5774334708428746
2023-12-18,1.9378877224460542,1.5768737753925244
2023-12-19,1.9446684461250285,1.5823868843762217
2023-12-20,1.9400885046271408,1.5786589708010663
2023-12-21,1.9480622264295429,1.585145010326614
2023-12-22,1.9465951819641774,1.5839477146001926
2023-12-26,1.9524569604886521,1.5887160851541955
2023-12-27,1.959571427211579,1.594452421500632
2023-12-28,1.9557408425831433,1.5910541272483167
2023-12-29,1.9502476608505506,1.5863506904022784
2024-01-02,1.9442235170538282,1.5814476829827793
2024-01-03,1.9373303798535495,1.575773196932445
2024-01-04,1.9313822262302254,1.5709337078801202
2024-01-05,1.9292972661600403,1.569235772322924
2024-01-08,1.9389191669784434,1.5770587576547417
2024-01-09,1.9356194987091069,1.5743724698915333
2024-01-10,1.935610792148394,1.5743624698261522
2024-01-11,1.9401705100062423,1.5780704401952792
2024-01-12,1.9450455771586026,1.5820349586718758
2024-01-16,1.9304753144543398,1.570182082538658
2024-01-17,1.9208632235205483,1.5621574360298498
2024-01-18,1.9252309840253685,1.565708655471584
2024-01-19,1.9303604767121179,1.569879614032834
2024-01-22,1.9330451882277138,1.5720601961577685
2024-01-23,1.931709885375293,1.570972893620723
2024-01-24,1.927631654837877,1.5676549506478101
2024-01-25,1.938824694706205,1.5765885879008819
2024-01-26,1.9386398596086107,1.5764372674977254
2024-01-29,1.9446363349979516,1.5813130125521455
2024-01-30,1.9437990618959804,1.5806314518483797
2024-01-31,1.9397634035754217,1.5772576378862733
2024-02-01,1.95150687383071,1.586699153821961
2024-02-02,1.9429388479568879,1.5796203829571183
2024-02-05,1.9320116052173726,1.5707343138806595
2024-02-06,1.9423596826656282,1.5790537455469469
2024-02-07,1.9420293754470308,1.5786922284231566
2024-02-08,1.9393011528240494,1.5764734093804675
2024-02-09,1.941124495233955,1.5778629647429827
2024-02-12,1.9421883911774807,1.5787270280029928
2024-02-13,1.9256155018361623,1.5652544721620607
2024-02-14,1.9335446216927916,1.571698204129575
2024-02-15,1.9433920258333277,1.5797020530231354
2024-02-16,1.9409650360304982,1.5777284070175968
2024-02-20,1.9419730202682388,1.5785464499188915
2024-02-21,1.9415364782724334,1.5781897594449843
2024-02-22,1.9509904522316792,1.5858740500588835
2024-02-23,1.9527336615518396,1.5872856260867638
2024-02-26,1.9476450920015371,1.583148568535377
2024-02-27,1.9495442070173035,1.5846903855330614
2024-02-28,1.9484697575728198,1.5838155573047739
2024-02-29,1.9529983132279338,1.5874950637968315
2024-03-01,1.9670366983253669,1.5988165332115811
2024-03-04,1.967216771679387,1.5989610798970755
2024-03-05,1.9663883156639055,1.5982249489301332
2024-03-06,1.9760100215155596,1.60604304396374
2024-03-07,1.9811775140775112,1.6102422190686296
2024-03-08,1.9817751666003867,1.61072489720283
2024-03-11,1.9815050480467025,1.6105046800867866
2024-03-12,1.981039241188108,1.610123489400638
2024-03-13,1.983479268660742,1.6121026113077181
2024-03-14,1.975448871997541,1.6055721709653434
2024-03-15,1.974091662883421,1.6043817750641436
2024-03-18,1.9772890046630254,1.6069752152690309
2024-03-19,1.9808796899693726,1.6098912506146819
2024-03-20,1.9896307823554218,1.6170001008604404
2024-03-21,1.9906579918988572,1.6178337279075985
2024-03-22,1.9889334722505694,1.616427842070765
2024-03-25,1.9862073185460771,1.6141251249028237
2024-03-26,1.9852620468384738,1.613355775614657
2024-03-27,1.9972829760257096,1.623123228960168
2024-03-28,2.001503375508649,1.6265494146875539
2024-04-01,1.9958373225452126,1.62194404471764
2024-04-02,1.9981356257986689,1.6237241538883094
2024-04-03,2.003422541430019,1.6280185867839674
2024-04-04,1.9986085466324013,1.624102762201372
2024-04-05,2.0022666557602107,1.6269883609522764
2024-04-08,2.007222187492244,1.6309278969546677
2024-04-09,2.013394819852018,1.6359424028131881
2024-04-10,1.9957017000245876,1.6215653780230899
2024-04-11,2.002602535216664,1.6271693728475234
2024-04-12,1.9933660717952097,1.6196628290110662
2024-04-15,1.9883714319246957,1.615602029642308
2024-04-16,1.9802854123644695,1.6089481595239565
2024-04-17,1.976050979110388,1.6052686425539362
2024-04-18,1.9759402731451512,1.6049399648702176
2024-04-19,1.976776473200165,1.6056187169562712
2024-04-22,1.9762015565782451,1.6051508624574164
2024-04-23,1.9831163645352141,1.6107636422956406
2024-04-24,1.9802209658990118,1.6084107318223497
2024-04-25,1.9784817926049636,1.606997647625381
2024-04-26,1.9877740092290512,1.6143048654682537
2024-04-29,1.9908892544204204,1.6165931573148025
2024-04-30,1.9732819738814664,1.602211689893299
2024-05-01,1.9758319022131718,1.604198427823782
2024-05-02,1.98543156774482,1.611988698975095
2024-05-03,1.99277337856177,1.6179441081750812
2024-05-06,2.0022084815358174,1.625520033077594
2024-05-07,2.003308615168179,1.6264123971630553
2024-05-08,2.0010433454651846,1.6245709363919745
2024-05-09,2.011415520176861,1.6329907667102512
2024-05-10,2.010409137686872,1.6321721140385552
2024-05-13,2.010923016973211,1.6325878433323353
2024-05-14,2.017140934395438,1.6376341530406942
2024-05-15,2.0332810064037985,1.6507362887653465
2024-05-16,2.0311815189918074,1.648940435717611
2024-05-17,2.038259156429985,1.6546843529283655
2024-05-20,2.038241782479973,1.6546676976661279
2024-05-21,2.0387794307966582,1.6551025831532353
2024-05-22,2.028755879989874,1.6469648516409776
2024-05-23,2.0157926334091023,1.6364392124344918
2024-05-24,2.021339281637073,1.6409394831441386
2024-05-28,2.0222763684309535,1.6416984614713848
2024-05-29,2.0113350420093092,1.6327257236179824
2024-05-30,2.011622840182213,1.6328740801923698
2024-05-31,2.014893198258242,1.6354436253107536
2024-06-03,2.018090145887647,1.6380376790636346
2024-06-04,2.0165945916915375,1.6367311828813778
2024-06-05,2.0283521286386184,1.6462708341046548
2024-06-06,2.0325948835714494,1.649713249593143
2024-06-07,2.013453540097703,1.6341767139031826
2024-06-10,2.0170801563946186,1.6371143817919507
2024-06-11,2.018200768878311,1.6379677241834905
2024-06-12,2.028379231888999,1.6462277986978748
2024-06-13,2.028909570087074,1.646656945063231
2024-06-14,2.032624492144471,1.6496710836610886
2024-06-17,2.0320098716659523,1.6491709058578068
2024-06-18,2.039899523948029,1.6555731042906314
2024-06-20,2.0432061280500995,1.6582563441625324
2024-06-21,2.037587783205123,1.6536949376961927
2024-06-24,2.040110621418682,1.655741055386908
2024-06-25,2.0374706883934057,1.6535972808053307
2024-06-26,2.0311378508448956,1.648455952866737
2024-06-27,2.036830410779444,1.6530746823249645
2024-06-28,2.03191477151816,1.6490842765528178
2024-07-01,2.0301502691725757,1.6476507049532654
2024-07-02,2.0353765026292887,1.6518039710388686
2024-07-03,2.047797287819903,1.6617955715708277
2024-07-05,2.0573148495287863,1.6695181314056986
2024-07-08,2.0545151017495886,1.667245158035101
2024-07-09,2.0531230522068196,1.666112529811223
2024-07-10,2.061262187757344,1.6727152408229622
2024-07-11,2.0712308923518,1.6808035366660032
2024-07-12,2.0750288098983627,1.6838833718756014
2024-07-15,2.0706824385917173,1.680352703849915
2024-07-16,2.082715608357507,1.6901157281087262
2024-07-17,2.075182854113211,1.6840007440512232
2024-07-18,2.065820147535332,1.6764009136641196
2024-07-19,2.055522491395589,1.6680436994033612
2024-07-22,2.060968080689405,1.6724610925943346
2024-07-23,2.0585165348004852,1.670470222358093
2024-07-24,2.044105197286385,1.6587751257197736
2024-07-25,2.0399976021511668,1.6554390533313037
2024-07-26,2.050928417764529,1.6643081751560442
2024-07-29,2.0513367130284026,1.6646380878948939
2024-07-30,2.0539535611228237,1.666759010966902
2024-07-31,2.0688127538361036,1.6787584183472815
2024-08-01,2.0617590591679806,1.672976200863574
2024-08-02,2.0559903967592543,1.6682914277770229
2024-08-05,2.0320125811078875,1.64877720742883
2024-08-06,2.0314045901890183,1.648277127715334
2024-08-07,2.028928914297576,1.6462664876555897
2024-08-08,2.0440574225206265,1.6584846643417417
2024-08-09,2.050381319197288,1.6636125189957391
2024-08-12,2.0573874762138122,1.6692965627566758
2024-08-13,2.0667509857547595,1.67689192766134
2024-08-14,2.0676382340104436,1.6776101143028317
2024-08-15,2.075135982244783,1.683692947198783
2024-08-16,2.0824400278949984,1.6896178423481096
2024-08-19,2.087000971302563,1.6933166002758941
2024-08-20,2.0861135707204213,1.6925950344975347
2024-08-21,2.092096041351875,1.6971320190685923
2024-08-22,2.0797541393499284,1.6871188028406348
2024-08-23,2.101198063287401,1.7045134403578226
2024-08-26,2.1002291249918006,1.703658719869811
2024-08-27,2.100681717518112,1.704023667774924
2024-08-28,2.092232459119518,1.697169195350404
2024-08-29,2.0942657058696748,1.6988176779081725
2024-08-30,2.089745256706258,1.6951496983479102
2024-09-03,2.081935479417613,1.6885502229970617
2024-09-04,2.085508285043218,1.6914451426506696
2024-09-05,2.0924911033738214,1.696843292358727
2024-09-06,2.0791736932525735,1.6860426805375721
2024-09-09,2.090330299322235,1.695086831410662
2024-09-10,2.0939393554277568,1.6977473344422849
2024-09-11,2.0982958562509157,1.7012792198696454
2024-09-12,2.1059175403753745,1.707457829192093
2024-09-13,2.116375262909967,1.7156679220766917
2024-09-16,2.123686474250827,1.7215944631624693
2024-09-17,2.1199103744174392,1.7185323216713155
2024-09-18,2.111043259070895,1.7113428049904773
2024-09-19,2.12740317673524,1.724604417150737
2024-09-20,2.127355008748997,1.7245617857116702
2024-09-23,2.128489615110077,1.7254807352341777
2024-09-24,2.143053641947705,1.7372850276439147
2024-09-25,2.13319452051586,1.7292888717975294
2024-09-26,2.1450552149337936,1.7389011370026908
2024-09-27,2.1452469489091004,1.7390525388941844
2024-09-30,2.1387950949726173,1.733821634299044
2024-10-01,2.1413874009797533,1.7359218691017684
2024-10-02,2.142299896031889,1.7366608113823432
2024-10-03,2.134644931155571,1.730185162277912
2024-10-04,2.1347960195952673,1.7302531877644107
2024-10-07,2.1293715639767687,1.7258546558408108
2024-10-08,2.1238734626765936,1.7213970213817642
2024-10-09,2.1221807122268004,1.7200230914236223
2024-10-10,2.124238299157823,1.7216864998986317
2024-10-11,2.1308468789060813,1.7270417035671195
2024-10-14,2.1315309541810255,1.7275946911710698
2024-10-15,2.128663851919697,1.7252677020462535
2024-10-16,2.1363006912433473,1.7314035304121473
2024-10-17,2.1311277590665627,1.727209576269261
2024-10-18,2.1402253942180383,1.7345811245185945
2024-10-21,2.1285971804481196,1.7251544850869935
2024-10-22,2.13086621949682,1.7268925662582388
2024-10-23,2.122073590383015,1.7197656139325588
2024-10-24,2.1257470372187357,1.7227409372950526
2024-10-25,2.123014957476694,1.7204253894761816
2024-10-28,2.126214181444214,1.7229166528295639
2024-10-29,2.1285790531397275,1.7248311950806863
2024-10-30,2.123636674403266,1.7208258234739822
2024-10-31,2.110223758470503,1.709956180255454
2024-11-01,2.107562376736159,1.7077971413342998
2024-11-04,2.112914534844037,1.7121279795395625
2024-11-05,2.122140288313264,1.719598000852993
2024-11-06,2.110700463215413,1.7102269497876543
2024-11-07,2.127105635985754,1.7234188291867463
2024-11-08,2.126279822076987,1.7227479077783752
2024-11-11,2.120366669720508,1.7178549235412255
2024-11-12,2.1073299420366407,1.7071912152434696
2024-11-13,2.105586884655289,1.7056533815520607
2024-11-14,2.1028809938003556,1.7034603139728348
2024-11-15,2.099627515561185,1.7008180061472975
2024-11-18,2.107475610482067,1.707173496106076
2024-11-19,2.1119080605470617,1.7107616553274687
2024-11-20,2.1120942147127755,1.7109113662375326
2024-11-21,2.115563669873741,1.7137211767507452
2024-11-22,2.122298484496401,1.7191763501440571
2024-11-25,2.1247638556859347,1.7211726307110438
2024-11-26,2.124136431355112,1.7205555633715783
2024-11-27,2.1253725946830655,1.7215550411331622
2024-11-29,2.1330438758074513,1.7277664142580467
2024-12-02,2.1332274650884226,1.7279135960113958
2024-12-03,2.1323951295154058,1.7271211000548041
2024-12-04,2.138845094205269,1.7323409561696652
2024-12-05,2.137229734935835,1.7310311716026348
2024-12-06,2.139710513432012,1.7330375668968636
2024-12-09,2.1416238906960836,1.7345867288806394
2024-12-10,2.137437414018913,1.7311945029987124
2024-12-11,2.1394881184574928,1.732853787361429
2024-12-12,2.128677745596244,1.7240973872194203
2024-12-13,2.121337382846614,1.7179326510119586
2024-12-16,2.122383433906355,1.7187681541126398
2024-12-17,2.1196021348271237,1.7165116840568433
2024-12-18,2.0939168391798426,1.695709629503482
2024-12-19,2.089325738529262,1.6918334716493544
2024-12-20,2.097232693228647,1.697864084623652
2024-12-23,2.0968606754139385,1.6971043095480707
2024-12-24,2.104135200714456,1.702750406500655
2024-12-26,2.106247097376324,1.7042253405187013
2024-12-27,2.0965703661235207,1.6963953032456418
2024-12-30,2.0947311808253657,1.694619791903816
2024-12-31,2.0965675403552253,1.695847042783935
2025-01-02,2.1038139639862163,1.7014499096880615
2025-01-03,2.107410450605918,1.7043570758478066
2025-01-06,2.1033041251010665,1.7010343039673952
2025-01-07,2.0999959071479006,1.6982941625781725
2025-01-08,2.1035986241801456,1.700719858072707
2025-01-10,2.106982210612877,1.7034524740343955
2025-01-13,2.106589687362971,1.7031324017138416
2025-01-14,2.10446945046822,1.7013270806818017
2025-01-15,2.1222597181041283,1.715706629874288
2025-01-16,2.122372314338501,1.7157054354281287
2025-01-17,2.1236906927665054,1.7162781212948628
2025-01-21,2.1282322494724166,1.71994624348064
2025-01-22,2.1251540899044827,1.7170260346430648
2025-01-23,2.1247010820349916,1.7165417230634363
2025-01-24,2.1271808031672657,1.71831437970667
2025-01-27,2.1248441114406322,1.7162113786309163
2025-01-28,2.127595425455222,1.7183346319034554
2025-01-29,2.1246184463561297,1.715831997780136
2025-01-30,2.1358206262918547,1.7248783613175114
2025-01-31,2.130891042271646,1.7208958471600635
2025-02-03,2.1294531521015165,1.7197339954518418
2025-02-04,2.1343334819633344,1.723577533939334
2025-02-05,2.141753267402837,1.7294721655422065
2025-02-06,2.1411671813967836,1.728996266522752
2025-02-07,2.1355459130209593,1.7244537991236792
2025-02-10,2.144740506878208,1.7318767150985555
2025-02-11,2.1428993284281446,1.7303890116841247
2025-02-12,2.1375876761133554,1.7260989612715918
2025-02-13,2.1463652044365693,1.7326826729008273
2025-02-14,2.146330616778061,1.7321509409540037
2025-02-18,2.1511052241610655,1.7359998069821914
2025-02-19,2.151480882678658,1.7363017080506178
2025-02-20,2.1529443033522577,1.7374815455318178
2025-02-21,2.1476933911352503,1.733241627948539
2025-02-24,2.148545662851324,1.7339279680748456
2025-02-25,2.1503622698061258,1.7353932716593476
2025-02-26,2.1547913941490284,1.7388626441188852
2025-02-27,2.144927406700261,1.7309018769403834
2025-02-28,2.152357091021884,1.7368444582051552
2025-03-03,2.1502671855238575,1.735157023581463
2025-03-04,2.1437961754091392,1.7298819448653044
2025-03-05,2.148932736094343,1.7340246400430053
2025-03-06,2.1367947149051383,1.724124550455615
2025-03-07,2.139267367317067,1.726116739660315
2025-03-10,2.1268391583049,1.7160871103871607
2025-03-11,2.1225380309103645,1.712498008183959
2025-03-12,2.1244411786789463,1.7140321171588877
2025-03-13,2.1271269855876427,1.7160947305853633
2025-03-14,2.133751128514194,1.7214359675580158
2025-03-17,2.140166685516739,1.726609322578784
2025-03-18,2.140530992988077,1.7267991643935745
2025-03-19,2.148829916476206,1.733491987610846
2025-03-20,2.145501084539954,1.7308035829788584
2025-03-21,2.1391838675256936,1.7255924885124165
2025-03-24,2.138067465206121,1.72447996517717
2025-03-25,2.1394882450065205,1.7254137050566127
2025-03-26,2.131995200408207,1.719274161011985
2025-03-27,2.133747125412741,1.7205261185231269
2025-03-28,2.1321918898953145,1.719172229528414
2025-03-31,2.134963679070651,1.7213421937952746
2025-04-01,2.1382621678305522,1.723839875764373
2025-04-02,2.1404023400692918,1.7254554864341445
2025-04-03,2.113354500840963,1.7036481412443887
2025-04-04,2.085090427597253,1.6803887283402312
2025-04-07,2.0575330790875572,1.6574895979584447
2025-04-08,2.050831538911375,1.6515064231495462
2025-04-09,2.0663184628867675,1.663976456900087
2025-04-10,2.044892486155534,1.6461937810587393
2025-04-11,2.0597994324017,1.6572531810659064
2025-04-14,2.056645957748349,1.6536193715745668
2025-04-15,2.064282686086793,1.6585647740796159
2025-04-16,2.075290366149789,1.6668394411905174
2025-04-17,2.0780338318576237,1.6690393618456083
2025-04-21,2.0766655110710417,1.667939228964766
2025-04-22,2.0809043788271744,1.671341478056518
2025-04-23,2.086149218363982,1.6755522878360234
2025-04-24,2.1034200634717526,1.689421956636984
2025-04-25,2.1049423066097264,1.690194674370033
2025-04-28,2.1121609403494883,1.695989558043998
2025-04-29,2.11373144690565,1.6972500086035371
2025-04-30,2.1065748665579376,1.6915030717304012
2025-05-01,2.099274019509097,1.6856394898709166
2025-05-02,2.104398424425943,1.689753062352896
2025-05-05,2.1129089192943113,1.6962632724901725
2025-05-06,2.1223063456006823,1.7038051238940037
2025-05-07,2.1147766220193356,1.6977573082055712
2025-05-08,2.1053966985912558,1.6899009350912753
2025-05-09,2.1118475648224884,1.6947541393551362
2025-05-12,2.1146669615282203,1.697016488303356
2025-05-13,2.118753030577041,1.7001577514630866
2025-05-14,2.108569446122174,1.6919851784281985
2025-05-15,2.120922497895316,1.7013798724918145
2025-05-16,2.1198833325781767,1.7000267839477419
2025-05-19,2.1248374489942172,1.7039992108716204
2025-05-20,2.129963604586151,1.7081080751783024
2025-05-21,2.1198991754788064,1.70003612911452
2025-05-22,2.115634788923205,1.6960952968518535
2025-05-23,2.123673450482955,1.7025395259669878
2025-05-27,2.132232887842435,1.7088811859119306
2025-05-28,2.12543891576045,1.7031312693992826
2025-05-29,2.133408309427979,1.7092133567757157
2025-05-30,2.1324878888888983,1.708171306400703
2025-06-02,2.143060391601293,1.716638624937499
2025-06-03,2.141848383219798,1.715665447078076
2025-06-04,2.152082716556606,1.7238622152398138
2025-06-05,2.1510926807851716,1.7230672474813524
2025-06-06,2.147044062914144,1.7198224280794627
2025-06-09,2.153365594656064,1.724884678355028
2025-06-10,2.158211987626545,1.7287662247642401
2025-06-11,2.1611202684041717,1.731095048915383
2025-06-12,2.1701927477451743,1.7382902147915544
2025-06-13,2.1668150997616147,1.7355837349308996
2025-06-16,2.165891467351735,1.7348421882679597
2025-06-17,2.169547912388726,1.7377696127019084
2025-06-18,2.1689210062397413,1.7372659971582574
2025-06-20,2.167885040969313,1.7364353119128502
2025-06-23,2.1686573764590746,1.7370526806811866
2025-06-24,2.1738309166709917,1.7410812677846488
2025-06-25,2.1710565206397243,1.7388576152994952
2025-06-26,2.1802247868885543,1.7460850851005836
2025-06-27,2.1740382835375853,1.7411301954045173
2025-06-30,2.18358379669496,1.7487740481984746
2025-07-01,2.1850041004455285,1.7499109432803854
2025-07-02,2.1912833384547064,1.754939635037343
2025-07-03,2.1908754742467966,1.7544969452421557
2025-07-07,2.180977654157226,1.7465689218846083
2025-07-08,2.1794767955703183,1.7452515320960387
2025-07-09,2.186780045239071,1.7510980808908474
2025-07-10,2.187798985598425,1.75191328467291
2025-07-11,2.1876649155043397,1.7516904803537225
2025-07-14,2.1859247077758908,1.7502956240144327
2025-07-15,2.1765653113082797,1.7428009889715912
2025-07-16,2.182133438944952,1.747144410882145
2025-07-17,2.1867536685225417,1.7507275920348901
2025-07-18,2.1884866765945565,1.7521140849193804
2025-07-21,2.1982857529515893,1.7599585017128663
2025-07-22,2.2064788434970546,1.766516743158082
2025-07-23,2.2095218835295336,1.7689524287214222
2025-07-24,2.2052134447955853,1.7655019398802472
2025-07-25,2.2025527367624695,1.7633711847766844
2025-07-28,2.1967069888422,1.7586905339488068
2025-07-29,2.2069359111212883,1.7668785489112724
2025-07-30,2.1943844480407018,1.7568275757989738
2025-07-31,2.189183979929508,1.7526629729436567
2025-08-01,2.195223945554326,1.7573828472338016
2025-08-04,2.2041004884102238,1.7643423627395716
2025-08-05,2.205167122334899,1.765088913224366
2025-08-06,2.2042235899146,1.7643321594906838
2025-08-07,2.2071908753310225,1.766699996039523
2025-08-08,2.2052869322930286,1.7651722048788467
2025-08-11,2.2010649110637277,1.7616280522596561
2025-08-12,2.205832793090717,1.765382676743843
2025-08-13,2.2169602239135204,1.774076395825142
2025-08-14,2.207159725191457,1.7659759470557137
2025-08-15,2.2047971172923506,1.7639750051912795
2025-08-18,2.202446626949317,1.7618827269076953
2025-08-19,2.199040236984117,1.7590375891354726
2025-08-20,2.2029268975686658,1.7620274696933242
2025-08-21,2.197973201527961,1.7580026874554069
2025-08-22,2.221146526855151,1.7765366031533194
2025-08-25,2.2143090034214374,1.7709253960902989
2025-08-26,2.215163139618377,1.771466593411937
2025-08-27,2.2172779796949458,1.773156714931297
2025-08-28,2.222992865436975,1.7777260893516174
2025-08-29,2.220310948732419,1.7754392494338842
2025-09-02,2.2203748694733063,1.7753484328295013
2025-09-03,2.22682808114993,1.7805071552124183
2025-09-04,2.2339030367478427,1.7860220994529958
2025-09-05,2.245508280402999,1.7952994091254246
2025-09-08,2.255407076134086,1.8031540897039289
2025-09-09,2.2513348700627698,1.7998973461736802
2025-09-10,2.2568401443471853,1.8042981132111127
2025-09-11,2.267459900518254,1.8127283124784417
2025-09-12,2.2654586998524553,1.811068083973681
2025-09-15,2.2740380710573347,1.8179260789227163
2025-09-16,2.2750515044184136,1.8186755123084348
2025-09-17,2.2686853304152153,1.813585086466256
2025-09-18,2.2665378063424937,1.811867978669434
2025-09-19,2.267809724124383,1.8128842763809456
2025-09-22,2.2728161324308207,1.8168257345081253
2025-09-23,2.2755152117004056,1.8189823224728998
2025-09-24,2.2687465484703035,1.8135107539324615
2025-09-25,2.267457597100057,1.8124799246598813
2025-09-26,2.274548181396765,1.8181472747129772
2025-09-29,2.2823021663212466,1.8243427264707235
2025-09-30,2.2834280998660827,1.8252415719920454
2025-10-01,2.290971216918512,1.8312682208838789
2025-10-02,2.291404206833767,1.8315530422365662
2025-10-03,2.2952073675267908,1.8345924087811807
2025-10-06,2.295682639165186,1.834971614456988
2025-10-07,2.2936032296368585,1.833308715122085
2025-10-08,2.2993045809707318,1.837864698813887
2025-10-09,2.2903956977457245,1.830740687291695
2025-10-10,2.282944784742696,1.8245647712251798
2025-10-13,2.303665895134578,1.8408075639268084
2025-10-14,2.3075273550842277,1.8437800686456347
2025-10-15,2.3196986527010965,1.8535049782320443
2025-10-16,2.32770596175932,1.8599021221034293
2025-10-17,2.3220998495823797,1.8554216105130323
2025-10-20,2.338327745720726,1.868385406537142
2025-10-21,2.3190805882833714,1.8530045355243834
2025-10-22,2.3188250748723105,1.8527908358739238
2025-10-23,2.3209745567469793,1.8545067212248105
2025-10-24,2.3252393523924284,1.857910706284626
2025-10-27,2.3255402232411866,1.8581505990719993
2025-10-28,2.3230819257174007,1.8561850458740243
2025-10-29,2.3122028271239556,1.8474916491603095
2025-10-30,2.3101147748331523,1.8455868827499042
2025-10-31,2.307751735037734,1.84359972203594
2025-11-03,2.305500167967523,1.841800517209413
2025-11-04,2.298782721256587,1.8364335737081707
2025-11-05,2.300795366641326,1.8380401756413736
2025-11-06,2.300962520734172,1.8381726453287717
2025-11-07,2.3035172767833783,1.8402124918204612
2025-11-10,2.316827548727841,1.850845213596764
2025-11-11,2.3246906911344314,1.857120268013695
2025-11-12,2.328868112809951,1.8604541661814213
2025-11-13,2.3133073926795897,1.848021064276905
2025-11-14,2.3068315309338567,1.842846233870081
2025-11-17,2.300243030200026,1.8375799498497687
2025-11-18,2.3001365784501826,1.837493721882964
2025-11-19,2.3012249760650465,1.838362548350982
2025-11-20,2.296176110625161,1.8342306987081154
2025-11-21,2.302470602117429,1.8392578024796626
2025-11-24,2.3141823993513086,1.8485151723259292
2025-11-25,2.3210527018125897,1.854002209751735
2025-11-26,2.330774340653686,1.8617670827586792
2025-11-28,2.3364431085131327,1.8662943552213493
2025-12-01,2.3295150672889138,1.8607532360956602
2025-12-02,2.3314734401351065,1.862315880349678
2025-12-03,2.3338054907345396,1.8641775363847313
2025-12-04,2.3303018118769834,1.8613774893488029
2025-12-05,2.330925936420492,1.861874936440885
2025-12-08,2.325739687910076,1.857731780070892
2025-12-09,2.328311708862482,1.8597852367964696
2025-12-10,2.3375249918573027,1.8671437289748922
2025-12-11,2.340181980972125,1.8692654953906627
2025-12-12,2.3298177565599887,1.8609856717556437
2025-12-15,2.334278899179623,1.8645474890965903
2025-12-16,2.3337370897686043,1.8641139055798779
2025-12-17,2.3348120245639805,1.8649711589191948
2025-12-18,2.340507504865052,1.8695186518282338
2025-12-19,2.3438594141254216,1.8721956256531023
2025-12-22,2.3488634499182584,1.8760931653220208
2025-12-23,2.3550822429740097,1.8809590413492863
2025-12-24,2.360978005933761,1.8856658753353996
2025-12-26,2.36977315696875,1.892688831489986
2025-12-29,2.360771267285656,1.8854966287077368
2025-12-30,2.3649683081745914,1.8888448014342334
2025-12-31,2.352212469433188,1.878656493872423
2026-01-02,2.3598004466738165,1.8847155650946568
2026-01-05,2.373394407232737,1.895571067754519
2026-01-06,2.382428406525483,1.9027849503636187
2026-01-07,2.377974866448794,1.89922662766402
2026-01-08,2.376960514215701,1.8984158392640833
2026-01-09,2.3875002056806465,1.9068327941483678
2026-01-12,2.3953268093449473,1.9130827151395675
2026-01-13,2.397379267019961,1.914720727741373
2026-01-14,2.406427380128314,1.9218916241725703
2026-01-15,2.4052864095936433,1.9209793405889546
2026-01-16,2.401799644406342,1.9181387904237763
2026-01-20,2.391522909179664,1.9099253760027926
2026-01-21,2.405299273598559,1.9208719424934593
2026-01-22,2.409343660147047,1.9241007168244466
2026-01-23,2.416979229593637,1.9301957525212305
2026-01-26,2.423455951336801,1.9353655959284302
2026-01-27,2.429726896295838,1.9403725348902638
2026-01-28,2.433857756800613,1.9434378866263904
2026-01-29,2.438990791799681,1.9475329693866248
2026-01-30,2.402225444790409,1.9181754240992015
2026-02-02,2.393780295954244,1.9112028696834849
2026-02-03,2.4035023317692747,1.918962765506449
2026-02-04,2.4045354116120468,1.9197847892987174
2026-02-05,2.396050738391157,1.913009819372269
2026-02-06,2.4128183948733493,1.9263936676741706
2026-02-09,2.4216056794942986,1.933404890106132
2026-02-10,2.4253348141865256,1.9363803857154442
2026-02-11,2.428749668765257,1.93910546021046
2026-02-12,2.420300417970244,1.9323587533619055
2026-02-13,2.4301810152647176,1.9402452078866441
2026-02-17,2.4274229835057684,1.9380408188337124
2026-02-18,2.4354148028571565,1.944418227897164
2026-02-19,2.437649008500629,1.9462002932136306
2026-02-20,2.447122156429655,1.9537616808327063
2026-02-23,2.4499943187918434,1.9560537801951956
2026-02-24,2.451338747802517,1.9571258375478235
2026-02-25,2.453840120922666,1.9591211257005359
2026-02-26,2.4554890115830417,1.9604371284440254
2026-02-27,2.4611775427661753,1.9649749640490441
2026-03-02,2.4580408392000317,1.9624701615718652
2026-03-03,2.440754968816318,1.9486666520750955
2026-03-04,2.4470558205837762,1.9536907211459238
2026-03-05,2.436852864564362,1.9455430645581935
2026-03-06,2.43835101511262,1.9467361223506845
2026-03-09,2.4491308072044253,1.9553365784256918
2026-03-10,2.4453513989686875,1.9523167463480515
2026-03-11,2.4362834177162207,1.9450749354452272
2026-03-12,2.426038427533816,1.936892256608885
2026-03-13,2.4203714796037814,1.9323640129235724
2026-03-16,2.4296880490996178,1.939376215459744
2026-03-17,2.4373594984457174,1.9450721801956063
2026-03-18,2.4209722068425585,1.9319928009129037
2026-03-19,2.4145108523046566,1.9268350364196758
2026-03-20,2.3831366035141373,1.9017951911825657
2026-03-23,2.387882321139969,1.9049663034283761
2026-03-24,2.3849816160979143,1.9023256532236512
2026-03-25,2.400454414928897,1.9143410550717184
2026-03-26,2.37965206699224,1.8972807059674528
2026-03-27,2.387728504527094,1.9032535286018373
2026-03-30,2.399731269011305,1.9123488255931096
2026-03-31,2.423493545336273,1.931282407747764
2026-04-01,2.428334125178433,1.934412827946997
2026-04-02,2.4378957969986197,1.9419036173490567
2026-04-06,2.438641049212789,1.9423311816958804
2026-04-07,2.439661276569611,1.9431433048430646
2026-04-08,2.453051992666325,1.9537984267281086
2026-04-09,2.4561109003863586,1.9561344428552394
2026-04-10,2.452112584148214,1.9529330590679286
2026-04-13,2.4602980734716375,1.9592948416023566
2026-04-14,2.472642615647573,1.9689645863888126
2026-04-15,2.4697898722320066,1.9666727134555642
2026-04-16,2.469193144233306,1.9661938974780815
2026-04-17,2.4817405846303564,1.9760352295904386
2026-04-20,2.4805498237019274,1.9749369931157132
2026-04-21,2.467557964418691,1.9645904736730435
2026-04-22,2.4753704200338515,1.9706614717488808
2026-04-23,2.471477303529956,1.967411610459102
2026-04-24,2.476629210769379,1.9713624967506749
2026-04-27,2.4733709705963673,1.9687660520804522
2026-04-28,2.4716529960754388,1.9673913065774102
2026-04-29,2.465494869021858,1.962487337247412
2026-04-30,2.476114847245144,1.9709379732576042
2026-05-01,2.477985150933252,1.9724232989571007
2026-05-04,2.469519417948283,1.9656814501240216
2026-05-05,2.4782539497458957,1.9723359508552967
2026-05-06,2.4952523247454366,1.9855659626052824
2026-05-07,2.4866682206443613,1.9787329019065227
2026-05-08,2.4965740180588534,1.9866124053367304
2026-05-11,2.497903567687821,1.9876685342726308
2026-05-12,2.4929839212647944,1.9837504924858997
2026-05-13,2.4964501784208526,1.9865070157441136
2026-05-14,2.4951871349350845,1.9854887784377173
2026-05-15,2.475255832177366,1.969626958349203
2026-05-18,2.4806948338003014,1.9732443118980352
2026-05-19,2.4733808749341355,1.9674256209977214
2026-05-20,2.489018485831059,1.9798632457468373
2026-05-21,2.4926060258801725,1.9827113771217488
2026-05-22,2.491321677020251,1.9816892115422235
2026-05-26,2.502932726306619,1.9904324799501911
2026-05-27,2.4983598302272956,1.9864952776746234
2026-05-28,2.5023788973828043,1.989689099269229
2026-05-29,2.5024734198735525,1.9897604313943695
2026-06-01,2.5034263331515865,1.9905172674350131
2026-06-02,2.507600057083988,1.9938335263774438
2026-06-03,2.50084405934629,1.988460986821563
2026-06-04,2.50627748588054,1.9927792695576074
2026-06-05,2.480388974090926,1.9721932836883516
2026-06-08,2.4844132300238315,1.9746152519180362
2026-06-09,2.4855872648333546,1.9755468208006854
2026-06-10,2.4785379841909037,1.9691810698178993
2026-06-11,2.49626999808277,1.9829522976955922
2026-06-12,2.4974206330183764,1.983547735103385
2026-06-15,2.5045466944825288,1.9891793108229703
2026-06-16,2.5009463615678356,1.98631596705575
2026-06-17,2.4898096100608993,1.9774694136808117
2026-06-18,2.502058639024176,1.9871699568444592
2026-06-22,2.499244320843391,1.984768542071799
2026-06-23,2.4913680125956366,1.978347548820056
2026-06-24,2.494439065057219,1.9807822468412115
2026-06-25,2.4984076148233747,1.983769224831129
2026-06-26,2.4960633146035516,1.9819067409622153
2026-06-29,2.501192062500673,1.9859777454006209
2026-06-30,2.4949871087764186,1.9810497836183212
2026-07-01,2.4893310443683667,1.9763944793901793
2026-07-02,2.4923379134041075,1.9787796591744404
2026-07-06,2.49813504530056,1.983380863809214
2026-07-07,2.491786681436953,1.9783396715020147
2026-07-08,2.4868930301102163,1.9741331679138905
2026-07-09,2.4912536701173043,1.9770614604186458
2026-07-10,2.4926796454266493,1.9776583939346528
2026-07-13,2.4908076133502113,1.9756382655505436
2026-07-14,2.4965852096608745,1.9802188841760544
2026-07-15,2.499124782162531,1.9822325147685929
2026-07-16,2.498803369341955,1.9814389961469419
2026-07-17,2.4938903381817354,1.9770048150036832
2026-07-20,2.491970418248499,1.9749446362696423
2026-07-21,2.50541370408622,1.985061131639369
2026-07-22,2.503016144840548,1.9831602468666094
2026-07-23,2.498483038692974,1.9795662221134784
2026-07-24,2.501287074034697,1.9817842847760558
2026-07-27,2.4965365553942216,1.9780177218217014
2026-07-28,2.493986029748569,1.9759957743641152
2026-07-29,2.484950164614706,1.9688358642778168
2026-07-30,2.4946171904908168,1.976488640914647
2026-07-31,2.496719136777961,1.9781483971227316
