Date,Equity
1993-01-29,1.0
1993-02-01,1.0
1993-02-02,1.0
1993-02-03,1.0
1993-02-04,1.0
1993-02-05,1.0
1993-02-08,1.0
1993-02-09,1.0
1993-02-10,1.0
1993-02-11,1.0
1993-02-12,1.0
1993-02-16,1.0
1993-02-17,1.0
1993-02-18,1.0
1993-02-19,1.0
1993-02-22,1.0
1993-02-23,1.0
1993-02-24,1.0
1993-02-25,1.0
1993-02-26,1.0
1993-03-01,1.0
1993-03-02,1.0
1993-03-03,1.0
1993-03-04,1.0
1993-03-05,1.0
1993-03-08,1.0
1993-03-09,1.0
1993-03-10,1.0
1993-03-11,1.0
1993-03-12,1.0
1993-03-15,1.0
1993-03-16,1.0
1993-03-17,1.0
1993-03-18,1.0
1993-03-19,1.0
1993-03-22,1.0
1993-03-23,1.0
1993-03-24,1.0
1993-03-25,1.0
1993-03-26,1.0
1993-03-29,1.0
1993-03-30,1.0
1993-03-31,1.0
1993-04-01,1.0
1993-04-02,1.0
1993-04-05,1.0
1993-04-06,1.0
1993-04-07,1.0
1993-04-08,1.0
1993-04-12,1.0
1993-04-13,1.0
1993-04-14,1.0
1993-04-15,1.0
1993-04-16,1.0
1993-04-19,1.0
1993-04-20,1.0
1993-04-21,1.0
1993-04-22,1.0
1993-04-23,1.0
1993-04-26,1.0
1993-04-27,1.0
1993-04-28,1.0
1993-04-29,1.0
1993-04-30,1.0
1993-05-03,1.0
1993-05-04,1.0
1993-05-05,1.0
1993-05-06,1.0
1993-05-07,1.0
1993-05-10,1.0
1993-05-11,1.0
1993-05-12,1.0
1993-05-13,1.0
1993-05-14,1.0
1993-05-17,1.0
1993-05-18,1.0
1993-05-19,1.0
1993-05-20,1.0
1993-05-21,1.0
1993-05-24,1.0
1993-05-25,1.0
1993-05-26,1.0
1993-05-27,1.0
1993-05-28,1.0
1993-06-01,1.0
1993-06-02,1.0
1993-06-03,1.0
1993-06-04,1.0
1993-06-07,1.0
1993-06-08,1.0
1993-06-09,1.0
1993-06-10,1.0
1993-06-11,1.0
1993-06-14,1.0
1993-06-15,1.0
1993-06-16,1.0
1993-06-17,1.0
1993-06-18,1.0
1993-06-21,1.0
1993-06-22,1.0
1993-06-23,1.0
1993-06-24,1.0
1993-06-25,1.0
1993-06-28,1.0
1993-06-29,1.0
1993-06-30,1.0
1993-07-01,1.0
1993-07-02,1.0
1993-07-06,1.0
1993-07-07,1.0
1993-07-08,1.0
1993-07-09,1.0
1993-07-12,1.0
1993-07-13,1.0
1993-07-14,1.0
1993-07-15,1.0
1993-07-16,1.0
1993-07-19,1.0
1993-07-20,1.0
1993-07-21,1.0
1993-07-22,1.0
1993-07-23,1.0
1993-07-26,1.0
1993-07-27,1.0
1993-07-28,1.0
1993-07-29,1.0
1993-07-30,1.0
1993-08-02,1.0
1993-08-03,1.0
1993-08-04,1.0
1993-08-05,1.0
1993-08-06,1.0
1993-08-09,1.0
1993-08-10,1.0
1993-08-11,1.0
1993-08-12,1.0
1993-08-13,1.0
1993-08-16,1.0
1993-08-17,1.0
1993-08-18,1.0
1993-08-19,1.0
1993-08-20,1.0
1993-08-23,1.0
1993-08-24,1.0
1993-08-25,1.0
1993-08-26,1.0
1993-08-27,1.0
1993-08-30,1.0
1993-08-31,1.0
1993-09-01,1.0
1993-09-02,1.0
1993-09-03,1.0
1993-09-07,1.0
1993-09-08,1.0
1993-09-09,1.0
1993-09-10,1.0
1993-09-13,1.0
1993-09-14,1.0
1993-09-15,1.0
1993-09-16,1.0
1993-09-17,1.0
1993-09-20,1.0
1993-09-21,1.0
1993-09-22,1.0
1993-09-23,1.0
1993-09-24,1.0
1993-09-27,1.0
1993-09-28,1.0
1993-09-29,1.0
1993-09-30,1.0
1993-10-01,1.0
1993-10-04,1.0
1993-10-05,1.0
1993-10-06,1.0
1993-10-07,1.0
1993-10-08,1.0
1993-10-11,1.0
1993-10-12,1.0
1993-10-13,1.0
1993-10-14,1.0
1993-10-15,1.0
1993-10-18,1.0
1993-10-19,1.0
1993-10-20,1.0
1993-10-21,1.0
1993-10-22,1.0
1993-10-25,1.0
1993-10-26,1.0
1993-10-27,1.0
1993-10-28,1.0
1993-10-29,1.0
1993-11-01,1.0
1993-11-02,1.0
1993-11-03,1.0
1993-11-04,1.0
1993-11-05,1.0
1993-11-08,1.0
1993-11-09,1.0
1993-11-10,1.0
1993-11-11,1.0
1993-11-12,1.000589558236065
1993-11-15,1.000505671106195
1993-11-16,1.0010932717007124
1993-11-17,1.0004245464909611
1993-11-18,1.0000886028446871
1993-11-19,0.9998360788470905
1993-11-22,0.9990770361633149
1993-11-23,0.9997552421887556
1993-11-24,1.0002616332860779
1993-11-26,1.0003457551969077
1993-11-29,0.9998415226099467
1993-11-30,0.9999257731218852
1993-12-01,1.0000943957741635
1993-12-02,1.0004311331697262
1993-12-03,1.0009350060876803
1993-12-06,1.0013535186920441
1993-12-07,1.0012699801276874
1993-12-08,1.0012699801276874
1993-12-09,1.0008525265938744
1993-12-10,1.0006012954207526
1993-12-13,1.0013563617504921
1993-12-14,1.0004384284664825
1993-12-15,1.0002704634864568
1993-12-16,1.000690847136239
1993-12-17,1.001378375776053
1993-12-20,1.001546309718085
1993-12-21,1.0011267940926403
1993-12-22,1.0019684397988753
1993-12-23,1.0018846982356133
1993-12-27,1.0025543872003777
1993-12-28,1.0028043630578722
1993-12-29,1.0026380057825137
1993-12-30,1.0021383265384782
1993-12-31,1.001469781231999
1994-01-03,1.0011339893039286
1994-01-04,1.0016388762736077
1994-01-05,1.0018905185933298
1994-01-06,1.0018905185933298
1994-01-07,1.0026439298670429
1994-01-10,1.004142859007224
1994-01-11,1.0038956373195875
1994-01-12,1.0034829105627212
1994-01-13,1.0031517111270942
1994-01-14,1.003649679105171
1994-01-17,1.003649679105171
1994-01-18,1.0038149443946651
1994-01-19,1.003484632989483
1994-01-20,1.0038157072396356
1994-01-21,1.0035679600548815
1994-01-24,1.0030715181843797
1994-01-25,1.0030715181843797
1994-01-26,1.0034036059943163
1994-01-27,1.0045634335170757
1994-01-28,1.0048921064299585
1994-01-31,1.0057940368400153
1994-02-01,1.0051422130057701
1994-02-02,1.0059607304959606
1994-02-03,1.0053909999312325
1994-02-04,1.002531046595587
1994-02-07,1.0031147645214722
1994-02-08,1.0031977810445107
1994-02-09,1.003695771891854
1994-02-10,1.0026205470944838
1994-02-11,1.0030372070442615
1994-02-14,1.0032034004255048
1994-02-15,1.0038672418799068
1994-02-16,1.003784664207508
1994-02-17,1.0030407948088345
1994-02-18,1.0022929354394148
1994-02-22,1.0035459030067142
1994-02-23,1.0032146827804371
1994-02-24,1.0015547723589284
1994-02-25,1.0021425514756037
1994-02-28,1.0021425514756037
1994-03-01,1.0016408124846552
1994-03-02,1.001808665522582
1994-03-03,1.001473452746569
1994-03-04,1.0018094527831256
1994-03-07,1.0024799697968216
1994-03-08,1.0019794527417814
1994-03-09,1.0025654610276635
1994-03-10,1.0015648901411194
1994-03-11,1.0022366379822525
1994-03-14,1.0024038156395216
1994-03-15,1.0023202789995918
1994-03-16,1.0033226242164743
1994-03-17,1.0033226242164743
1994-03-18,1.003295222869098
1994-03-21,1.0029614925447563
1994-03-22,1.0032960020133421
1994-03-23,1.003212558116804
1994-03-24,1.0017098640653685
1994-03-25,1.0005286188328075
1994-03-28,1.0006987271793961
1994-03-29,0.9982343544025482
1994-03-30,0.9982343544025482
1994-03-31,0.9982343544025482
1994-04-04,0.9982343544025482
1994-04-05,0.9982343544025482
1994-04-06,0.9982343544025482
1994-04-07,0.9982343544025482
1994-04-08,0.9982343544025482
1994-04-11,0.9982343544025482
1994-04-12,0.9982343544025482
1994-04-13,0.9982343544025482
1994-04-14,0.9982343544025482
1994-04-15,0.9982343544025482
1994-04-18,0.9982343544025482
1994-04-19,0.9982343544025482
1994-04-20,0.9982343544025482
1994-04-21,0.9982343544025482
1994-04-22,0.9982343544025482
1994-04-25,0.9982343544025482
1994-04-26,0.9982343544025482
1994-04-28,0.9982343544025482
1994-04-29,0.9982343544025482
1994-05-02,0.9982343544025482
1994-05-03,0.9982343544025482
1994-05-04,0.9982343544025482
1994-05-05,0.9982343544025482
1994-05-06,0.9982343544025482
1994-05-09,0.9982343544025482
1994-05-10,0.9982343544025482
1994-05-11,0.9982343544025482
1994-05-12,0.9982343544025482
1994-05-13,0.9982343544025482
1994-05-16,0.9982343544025482
1994-05-17,0.9982343544025482
1994-05-18,0.9982343544025482
1994-05-19,0.9982343544025482
1994-05-20,0.9982343544025482
1994-05-23,0.9982343544025482
1994-05-24,0.9982343544025482
1994-05-25,0.9982343544025482
1994-05-26,0.9982343544025482
1994-05-27,0.9982343544025482
1994-05-31,0.9982343544025482
1994-06-01,0.9982343544025482
1994-06-02,0.9981073000026954
1994-06-03,0.9988281854170226
1994-06-06,0.9987859667780907
1994-06-07,0.9986171879267323
1994-06-08,0.9976030053656949
1994-06-09,0.9976030053656949
1994-06-10,0.9978146147904997
1994-06-13,0.9979837115738178
1994-06-14,0.9989546590285175
1994-06-15,0.9984515384689632
1994-06-16,0.998704030070112
1994-06-17,0.9980072302455277
1994-06-20,0.996944895034456
1994-06-21,0.996944895034456
1994-06-22,0.996944895034456
1994-06-23,0.996944895034456
1994-06-24,0.996944895034456
1994-06-27,0.996944895034456
1994-06-28,0.996944895034456
1994-06-29,0.996944895034456
1994-06-30,0.996944895034456
1994-07-01,0.996944895034456
1994-07-05,0.996944895034456
1994-07-06,0.996944895034456
1994-07-07,0.996944895034456
1994-07-08,0.996944895034456
1994-07-11,0.996944895034456
1994-07-12,0.996944895034456
1994-07-13,0.996944895034456
1994-07-14,0.996944895034456
1994-07-15,0.996944895034456
1994-07-18,0.996944895034456
1994-07-19,0.996944895034456
1994-07-20,0.996944895034456
1994-07-21,0.996944895034456
1994-07-22,0.996944895034456
1994-07-25,0.996944895034456
1994-07-26,0.996944895034456
1994-07-27,0.996944895034456
1994-07-28,0.996944895034456
1994-07-29,0.996944895034456
1994-08-01,0.9975386921281145
1994-08-02,0.9977076793617339
1994-08-03,0.9977498964849485
1994-08-04,0.9970329331393384
1994-08-05,0.9966089606748991
1994-08-08,0.9969066378480469
1994-08-09,0.9971187273640912
1994-08-10,0.9975847323006143
1994-08-11,0.9971202462021955
1994-08-12,0.9980946868532047
1994-08-15,0.9980526266558835
1994-08-16,0.9989364491193227
1994-08-17,0.9988528128695576
1994-08-18,0.9984343325473393
1994-08-19,0.9983502480496289
1994-08-22,0.998224307961763
1994-08-23,0.9989389536827852
1994-08-24,1.000277558399099
1994-08-25,0.999946037441003
1994-08-26,1.0017323313319682
1994-08-29,1.001650223116207
1994-08-30,1.0019786949803764
1994-08-31,1.001650975155344
1994-09-01,1.001240400413304
1994-09-02,1.0007053029083497
1994-09-06,1.0007465827953663
1994-09-07,1.0006226018041522
1994-09-08,1.0012428056247331
1994-09-09,0.9999254581541582
1994-09-12,0.9995514473786283
1994-09-13,0.9999264403546231
1994-09-14,1.0000509830907918
1994-09-15,1.0016287667988666
1994-09-16,1.0007376389736728
1994-09-19,1.0008623648383823
1994-09-20,0.9984947538702252
1994-09-21,0.9984947538702252
1994-09-22,0.9981990427177988
1994-09-23,0.9977758955368023
1994-09-26,0.9984126689459074
1994-09-27,0.9983281413894076
1994-09-28,0.9993007442223487
1994-09-29,0.9986706279922145
1994-09-30,0.9985019258569218
1994-10-03,0.9982062125804617
1994-10-04,0.9963440071903968
1994-10-05,0.9963440071903968
1994-10-06,0.9963440071903968
1994-10-07,0.9963440071903968
1994-10-10,0.9963440071903968
1994-10-11,0.9982079670969091
1994-10-12,0.9983751693061306
1994-10-13,0.9987928766530956
1994-10-14,0.9993342517264016
1994-10-17,0.9990853241372292
1994-10-18,0.9987944145007477
1994-10-19,0.9993774312961833
1994-10-20,0.9985479299574331
1994-10-21,0.998047307455809
1994-10-24,0.9970006823161184
1994-10-25,0.9971272940548537
1994-10-26,0.9975907807461585
1994-10-27,0.9983468508789595
1994-10-28,1.0009789105048694
1994-10-31,1.000527615791304
1994-11-01,0.9991283280626487
1994-11-02,0.9984217484362619
1994-11-03,0.9990901167108572
1994-11-04,0.9974687180516517
1994-11-07,0.9978471990035719
1994-11-08,0.9988118152104326
1994-11-09,0.9990201016362145
1994-11-10,0.9981465221101554
1994-11-11,0.9976861588760078
1994-11-14,0.9988618793181527
1994-11-15,0.9984453624603962
1994-11-16,0.9988630991752753
1994-11-17,0.9980301354160092
1994-11-18,0.9978625993626432
1994-11-21,0.9966043145824334
1994-11-22,0.9938961395145902
1994-11-23,0.9938961395145902
1994-11-25,0.9938961395145902
1994-11-28,0.9938961395145902
1994-11-29,0.9938535581542807
1994-11-30,0.9936835620005567
1994-12-01,0.9936835620005567
1994-12-02,0.9936835620005567
1994-12-05,0.9936835620005567
1994-12-06,0.9936835620005567
1994-12-07,0.9927906350558825
1994-12-08,0.9927906350558825
1994-12-09,0.9927906350558825
1994-12-12,0.9927906350558825
1994-12-13,0.9927906350558825
1994-12-14,0.9927906350558825
1994-12-15,0.9931720470699649
1994-12-16,0.9937784640983456
1994-12-19,0.9939481648553621
1994-12-20,0.9935668185702262
1994-12-21,0.9948840199195235
1994-12-22,0.9945050507733785
1994-12-23,0.9946316284215823
1994-12-27,0.9953064322028378
1994-12-28,0.9946769166145085
1994-12-29,0.9947612166206582
1994-12-30,0.9932863914224253
1995-01-03,0.9938824885740979
1995-01-04,0.994476102517108
1995-01-05,0.994476102517108
1995-01-06,0.9946028622632443
1995-01-09,0.9947294287827828
1995-01-10,0.994855847044056
1995-01-11,0.9949400124194137
1995-01-12,0.9949821635949716
1995-01-13,0.9964547499445097
1995-01-16,0.9972043183260476
1995-01-17,0.9972457722325266
1995-01-18,0.9971215342115647
1995-01-19,0.9964168107588802
1995-01-20,0.9959586609604596
1995-01-23,0.9963347233403211
1995-01-24,0.9965014794839687
1995-01-25,0.9968345399667664
1995-01-26,0.9969591670626334
1995-01-27,0.9974571080556746
1995-01-30,0.9969195191435721
1995-01-31,0.9974177378997336
1995-02-01,0.9973762914841745
1995-02-02,0.9981211186592042
1995-02-03,0.9998910809032516
1995-02-06,1.0004196899464106
1995-02-07,1.000581699995553
1995-02-08,1.000581699995553
1995-02-09,1.000581699995553
1995-02-10,1.0007435608341906
1995-02-13,1.0007839888233234
1995-02-14,1.0009456550648075
1995-02-15,1.0016317303567313
1995-02-16,1.0014711106380543
1995-02-17,1.0009885059330925
1995-02-21,1.0009482059818353
1995-02-22,1.0018764323757299
1995-02-23,1.002076952898692
1995-02-24,1.0023973403476005
1995-02-27,1.0013984849532773
1995-02-28,1.002444618491296
1995-03-01,1.0016456804359013
1995-03-02,1.001806412749676
1995-03-03,1.0018464956320927
1995-03-06,1.0019267406779806
1995-03-07,1.0009646023286545
1995-03-08,1.0012874222431551
1995-03-09,1.001247209553721
1995-03-10,1.0031001950586362
1995-03-13,1.002980937466916
1995-03-14,1.0038962428204592
1995-03-15,1.0036590261087646
1995-03-16,1.004411663737729
1995-03-17,1.004536519594006
1995-03-20,1.004536519594006
1995-03-21,1.0042198168345355
1995-03-22,1.0043389025499918
1995-03-23,1.0044181271985755
1995-03-24,1.0062009556284504
1995-03-27,1.0067097459237744
1995-03-28,1.0067097459237744
1995-03-29,1.0066707701416926
1995-03-30,1.0064366552756043
1995-03-31,1.0059287104851877
1995-04-03,1.0062424406218031
1995-04-04,1.0070640417793846
1995-04-05,1.0070640417793846
1995-04-06,1.0075308598698485
1995-04-07,1.007414561158132
1995-04-10,1.0076473793235399
1995-04-11,1.0072212678235424
1995-04-12,1.0076486449562447
1995-04-13,1.0083460539398053
1995-04-17,1.0076134676092054
1995-04-18,1.0071871579484946
1995-04-19,1.0070705268598799
1995-04-20,1.0072649988539244
1995-04-21,1.0078865787496016
1995-04-24,1.00935653722984
1995-04-25,1.0090118738933425
1995-04-26,1.0091270128340997
1995-04-27,1.0094339097805463
1995-04-28,1.0096251591768013
1995-05-01,1.0092812391928494
1995-05-02,1.0095494132514093
1995-05-03,1.0113084199130644
1995-05-04,1.0112329051661941
1995-05-05,1.0110816775000393
1995-05-08,1.011989899050371
1995-05-09,1.0118770030446664
1995-05-10,1.012027537960351
1995-05-11,1.012365908977604
1995-05-12,1.0124409384075086
1995-05-15,1.01304067352336
1995-05-16,1.0131153153301595
1995-05-17,1.0126303701447534
1995-05-18,1.010795858340493
1995-05-19,1.010871747558517
1995-05-22,1.0122740246200066
1995-05-23,1.0134375506538924
1995-05-24,1.0133631930167168
1995-05-25,1.0134748651028824
1995-05-26,1.012023080920088
1995-05-30,1.0119854397797994
1995-05-31,1.0146184440964394
1995-06-01,1.0142859962872819
1995-06-02,1.0143970644652809
1995-06-05,1.015174094045956
1995-06-06,1.014953248863039
1995-06-07,1.014289803360675
1995-06-08,1.0139935140683416
1995-06-09,1.0132514013436504
1995-06-12,1.0139601320711253
1995-06-13,1.0153333391191295
1995-06-14,1.0152229653552443
1995-06-15,1.0157749683237567
1995-06-16,1.0161518461549355
1995-06-19,1.0175861138612778
1995-06-20,1.0172582643767394
1995-06-21,1.0171853509783153
1995-06-22,1.0188651316186539
1995-06-23,1.0186124027972525
1995-06-26,1.01709359572063
1995-06-27,1.0168377070646513
1995-06-28,1.0174968031369942
1995-06-29,1.0172779844419686
1995-06-30,1.0172050696300814
1995-07-03,1.0176797727403735
1995-07-05,1.0181529689278737
1995-07-06,1.0197855327341956
1995-07-07,1.0203595774364365
1995-07-10,1.0204310160766925
1995-07-11,1.0198238387435388
1995-07-12,1.0214020427977817
1995-07-13,1.0211181683394746
1995-07-14,1.02101155057507
1995-07-17,1.0217231331930858
1995-07-18,1.0206255252171246
1995-07-19,1.019234098706906
1995-07-20,1.019702367494364
1995-07-21,1.0195587129917147
1995-07-24,1.0204931863376154
1995-07-25,1.0214574093648012
1995-07-26,1.0213510525400797
1995-07-27,1.0224160643431603
1995-07-28,1.0216054437843751
1995-07-31,1.0212865036760204
1995-08-01,1.0210732923425028
1995-08-02,1.0207887480563331
1995-08-03,1.020753071380059
1995-08-04,1.0208956789085724
1995-08-07,1.021180630234319
1995-08-08,1.021180630234319
1995-08-09,1.021145064043512
1995-08-10,1.020860643449687
1995-08-11,1.0201480982964088
1995-08-14,1.0212937990232147
1995-08-15,1.0210451199701553
1995-08-16,1.0214009081060935
1995-08-17,1.0211879396418815
1995-08-18,1.0213301311409444
1995-08-21,1.0209749613838581
1995-08-22,1.0212241871063463
1995-08-23,1.0207621732393835
1995-08-24,1.0209047820395007
1995-08-25,1.0216171443776996
1995-08-28,1.0211563490788138
1995-08-29,1.0214763480732654
1995-08-30,1.0217601939459329
1995-08-31,1.021866479507979
1995-09-01,1.0224325241442243
1995-09-05,1.0236308783474786
1995-09-06,1.0238755735979608
1995-09-07,1.0239454156074388
1995-09-08,1.0244338284985879
1995-09-11,1.0247815946359922
1995-09-12,1.0253711437520936
1995-09-13,1.0259585317469422
1995-09-14,1.0271284458260246
1995-09-15,1.0270930196572567
1995-09-18,1.0266124174798155
1995-09-19,1.0272323231871383
1995-09-20,1.0278496925289375
1995-09-21,1.0267909814247593
1995-09-22,1.0268254328908801
1995-09-25,1.0266190013950365
1995-09-26,1.0265845667408549
1995-09-27,1.0264811812315657
1995-09-28,1.027446430373401
1995-09-29,1.0272067231254134
1995-10-02,1.0265549777538245
1995-10-03,1.0266928246946114
1995-10-04,1.026555107186462
1995-10-05,1.0269341540907608
1995-10-06,1.0270372550177274
1995-10-09,1.025972517431218
1995-10-10,1.0259033243342786
1995-10-11,1.0263187653484325
1995-10-12,1.0271125335260731
1995-10-13,1.0275244718049803
1995-10-16,1.0269082722362726
1995-10-17,1.027767664930359
1995-10-18,1.0281436689103745
1995-10-19,1.0287572392159468
1995-10-20,1.0279764554297885
1995-10-23,1.0277034003117902
1995-10-24,1.0278402035884653
1995-10-25,1.0267812633035283
1995-10-26,1.0256113274106715
1995-10-27,1.0265825279731635
1995-10-30,1.0274094885635188
1995-10-31,1.0268613320521576
1995-11-01,1.0278930823699588
1995-11-02,1.0287127349640766
1995-11-03,1.0288825535038522
1995-11-06,1.0284415940703968
1995-11-07,1.0279651730299453
1995-11-08,1.0291258640955907
1995-11-09,1.0296000495633755
1995-11-10,1.0295325665696597
1995-11-13,1.029397440333237
1995-11-14,1.0285522194900594
1995-11-15,1.0298443847268437
1995-11-16,1.030552231472503
1995-11-17,1.030954744000557
1995-11-20,1.0302857228630646
1995-11-21,1.0313275574017062
1995-11-22,1.0309270849583443
1995-11-24,1.0312617636766521
1995-11-27,1.031295075187935
1995-11-28,1.0326636329079026
1995-11-29,1.0327959818393189
1995-11-30,1.0324985803872302
1995-12-01,1.0326640852263638
1995-12-04,1.0342515993923267
1995-12-05,1.0351023011673781
1995-12-06,1.0353952017731676
1995-12-07,1.0347133021772514
1995-12-08,1.0351373268129653
1995-12-11,1.0356902767542702
1995-12-12,1.0353015059483819
1995-12-13,1.0361137170709864
1995-12-14,1.0351766262004016
1995-12-15,1.035224011398231
1995-12-18,1.032738024640198
1995-12-19,1.0341020878414737
1995-12-20,1.0328493783105446
1995-12-21,1.0335143411146743
1995-12-22,1.0339777759419897
1995-12-26,1.0346046811125496
1995-12-27,1.0345389619533925
1995-12-28,1.0344074787432518
1995-12-29,1.0345720165056576
1996-01-02,1.0359523170246678
1996-01-03,1.0363104783143422
1996-01-04,1.0350761311747112
1996-01-05,1.0348140668769028
1996-01-08,1.0353063303879328
1996-01-09,1.0330824332316955
1996-01-10,1.0313889682860566
1996-01-11,1.032161592395364
1996-01-12,1.0319610798833139
1996-01-15,1.031693365744754
1996-01-16,1.0332688891454922
1996-01-17,1.0328708358325804
1996-01-18,1.0333032610680242
1996-01-19,1.0341653799132589
1996-01-22,1.0341984124949908
1996-01-23,1.0344950809118714
1996-01-24,1.035547744915588
1996-01-25,1.0350904018168663
1996-01-26,1.0362044452533876
1996-01-29,1.0367247304623135
1996-01-30,1.0378265548548158
1996-01-31,1.0391775376612706
1996-02-01,1.039655689663045
1996-02-02,1.0391154924391766
1996-02-05,1.0401678544456454
1996-02-06,1.0414028137308675
1996-02-07,1.0421565869353902
1996-02-08,1.0435626807607261
1996-02-09,1.0435317295986835
1996-02-12,1.0445224875929278
1996-02-13,1.0442456434850005
1996-02-14,1.0431055503707647
1996-02-15,1.0422982094588629
1996-02-16,1.0417674881762264
1996-02-20,1.0404827489342547
1996-02-21,1.0420947379679997
1996-02-22,1.044158363355008
1996-02-23,1.0437883053084205
1996-02-26,1.0419331817829434
1996-02-27,1.0415261912671254
1996-02-28,1.0409297194581844
1996-02-29,1.0396688869158117
1996-03-01,1.0417352585918955
1996-03-04,1.0424878068871786
1996-03-05,1.0437044689339958
1996-03-06,1.0425595230774207
1996-03-07,1.0432144141131579
1996-03-08,1.0389919350704655
1996-03-11,1.0404938959638934
1996-03-12,1.0394814858698307
1996-03-13,1.0403734042910262
1996-03-14,1.0409433843300668
1996-03-15,1.0408558554762553
1996-03-18,1.043360412596397
1996-03-19,1.0430798131576036
1996-03-20,1.0429236176277579
1996-03-21,1.0426108601350694
1996-03-22,1.0429556108625482
1996-03-25,1.042705457194547
1996-03-26,1.0433318418483892
1996-03-27,1.0421467866279044
1996-03-28,1.042649713233459
1996-03-29,1.042023164042181
1996-04-01,1.0435333389021244
1996-04-02,1.0437824913303084
1996-04-03,1.0437824913303084
1996-04-04,1.0436891974391498
1996-04-08,1.041449023720721
1996-04-09,1.0409435378768799
1996-04-10,1.038629637700544
1996-04-11,1.0384686840219397
1996-04-12,1.0401126136511203
1996-04-15,1.0411965784813073
1996-04-16,1.041576420904158
1996-04-17,1.0412606590680529
1996-04-18,1.0414505322086376
1996-04-19,1.0417665234394065
1996-04-22,1.0427754569718612
1996-04-23,1.0431826485007967
1996-04-24,1.0427141022634847
1996-04-25,1.0433094239043386
1996-04-26,1.0435903039188095
1996-04-29,1.0435903039188095
1996-04-30,1.043496810602921
1996-05-01,1.0437773640056038
1996-05-02,1.0415374844677403
1996-05-03,1.04134794251066
1996-05-06,1.0412214590281856
1996-05-07,1.04068344348343
1996-05-08,1.0423034961116004
1996-05-09,1.042209172116033
1996-05-10,1.0434984803017118
1996-05-13,1.045462466985032
1996-05-14,1.046262582188734
1996-05-15,1.0461095147749635
1996-05-16,1.0463852757609233
1996-05-17,1.0470886614960255
1996-05-20,1.047971381804038
1996-05-21,1.0477897758980133
1996-05-22,1.0490320161019018
1996-05-23,1.0484911446147
1996-05-24,1.0490038203307408
1996-05-28,1.0476813964505887
1996-05-29,1.046802049219706
1996-05-30,1.0474731202476992
1996-05-31,1.046501503133738
1996-06-03,1.046868232030791
1996-06-04,1.0477828491900638
1996-06-05,1.0489344346875367
1996-06-06,1.0479720872745442
1996-06-07,1.0479720872745442
1996-06-10,1.0475483581712115
1996-06-11,1.0474268615476492
1996-06-12,1.0471839082553303
1996-06-13,1.0471839082553303
1996-06-14,1.0466361957750039
1996-06-17,1.0465445684588417
1996-06-18,1.0454751244829987
1996-06-19,1.046059868992645
1996-06-20,1.0459679094105578
1996-06-21,1.047092420197652
1996-06-24,1.0473372893293713
1996-06-25,1.0471845008740797
1996-06-26,1.0462973492361087
1996-06-27,1.0472206222560494
1996-06-28,1.0476793396545583
1996-07-01,1.0488075141563333
1996-07-02,1.0483232778074878
1996-07-03,1.0480500679603266
1996-07-05,1.0447041483944164
1996-07-08,1.0441751763075662
1996-07-09,1.0447060308858058
1996-07-10,1.045235029388443
1996-07-11,1.0425996153406272
1996-07-12,1.042694320151159
1996-07-15,1.03884600185806
1996-07-16,1.03884600185806
1996-07-17,1.0403964439462303
1996-07-18,1.0421867536693479
1996-07-19,1.0412391137596357
1996-07-22,1.0402853329187036
1996-07-23,1.038621522182827
1996-07-24,1.038621522182827
1996-07-25,1.038621522182827
1996-07-26,1.0393257173061632
1996-07-29,1.0378920908755558
1996-07-30,1.0378920908755558
1996-07-31,1.038847929944512
1996-08-01,1.0410006207001643
1996-08-02,1.0438090949023435
1996-08-05,1.0430433366852796
1996-08-06,1.0434435808361535
1996-08-07,1.0437813565506033
1996-08-08,1.0435669101339053
1996-08-09,1.0431373743625465
1996-08-12,1.0440911703723132
1996-08-13,1.0430517047090577
1996-08-14,1.043513514053083
1996-08-15,1.0432680768446656
1996-08-16,1.0443746805992742
1996-08-19,1.0444358009893198
1996-08-20,1.0443442765160966
1996-08-21,1.04388643568538
1996-08-22,1.0451110418452052
1996-08-23,1.0444126110333982
1996-08-26,1.043771891363284
1996-08-27,1.0442620901888713
1996-08-28,1.044048360285228
1996-08-29,1.0427638277271358
1996-08-30,1.0414063433289724
1996-09-03,1.042247071779862
1996-09-04,1.0423708774126164
1996-09-05,1.0407931447801428
1996-09-06,1.042637921680707
1996-09-09,1.0441820939601516
1996-09-10,1.044120957917608
1996-09-11,1.044854916269291
1996-09-12,1.0457677816689324
1996-09-13,1.0477640122964504
1996-09-16,1.048241507574504
1996-09-17,1.0479440489934146
1996-09-18,1.0476160760190212
1996-09-19,1.0481240121086357
1996-09-20,1.0485887455928486
1996-09-23,1.0485588907806889
1996-09-24,1.0485290300171108
1996-09-25,1.0486186301697276
1996-09-26,1.0485589324411286
1996-09-27,1.048678290461393
1996-09-30,1.0485590274607073
1996-10-01,1.0492752849827915
1996-10-02,1.0501663400029577
1996-10-03,1.0500481548209273
1996-10-04,1.051821139519406
1996-10-07,1.0519671414469087
1996-10-08,1.0514419923947531
1996-10-09,1.0504172456166956
1996-10-10,1.050151926091344
1996-10-11,1.0517762371865202
1996-10-14,1.0519515074415693
1996-10-15,1.0517764413662076
1996-10-16,1.0524191268436438
1996-10-17,1.0527681634942119
1996-10-18,1.0534647976907137
1996-10-21,1.0532914327782985
1996-10-22,1.052365914301844
1996-10-23,1.052802496565574
1996-10-24,1.0516707461176085
1996-10-25,1.0517877367891544
1996-10-28,1.0509112094255382
1996-10-29,1.0519691859022706
1996-10-30,1.0515314480211717
1996-10-31,1.0527898574978622
1996-11-01,1.0523255235917788
1996-11-04,1.053198993784988
1996-11-05,1.0539516365983188
1996-11-06,1.0564861829872727
1996-11-07,1.056797898479457
1996-11-08,1.0575328077830648
1996-11-11,1.0573921671999182
1996-11-12,1.05699794697891
1996-11-13,1.0575908136656826
1996-11-14,1.0584625627836077
1996-11-15,1.0586303565064357
1996-11-18,1.0586582683944796
1996-11-19,1.0596076999417963
1996-11-20,1.0598296865495573
1996-11-21,1.0596357509699166
1996-11-22,1.0606622524292972
1996-11-25,1.0623433050307483
1996-11-26,1.0619072636513247
1996-11-27,1.0616612464829722
1996-11-29,1.0621540356628922
1996-12-02,1.0622086497994236
1996-12-03,1.059944355648113
1996-12-04,1.0603043926880777
1996-12-05,1.0599452093982489
1996-12-06,1.0591696776027018
1996-12-09,1.061118354011707
1996-12-10,1.0604862137688307
1996-12-11,1.059271834397558
1996-12-12,1.0570738244921078
1996-12-13,1.0574126379852236
1996-12-16,1.0557224763548105
1996-12-17,1.056776515782425
1996-12-18,1.0578233276890916
1996-12-19,1.0605488177970923
1996-12-20,1.0608397705499855
1996-12-23,1.0605075458431314
1996-12-24,1.0614784814904126
1996-12-26,1.0624986082318821
1996-12-27,1.062662894432863
1996-12-30,1.0615140455556413
1996-12-31,1.0590884254100323
1997-01-02,1.059424593431037
1997-01-03,1.0613251878123584
1997-01-06,1.0601658701092693
1997-01-07,1.0617791863208408
1997-01-08,1.06062317635588
1997-01-09,1.0617326267185279
1997-01-10,1.0631643553969234
1997-01-13,1.0629734818375756
1997-01-14,1.0646394487963655
1997-01-15,1.064315293689571
1997-01-16,1.0648567869013628
1997-01-17,1.065666134805996
1997-01-20,1.0658272136081166
1997-01-21,1.066899430688229
1997-01-22,1.0678577495470545
1997-01-23,1.0660060023265898
1997-01-24,1.064292192121292
1997-01-27,1.0639129220316976
1997-01-28,1.0642931409203364
1997-01-29,1.0655930546816728
1997-01-30,1.0673118372373074
1997-01-31,1.0671525224359952
1997-02-03,1.0675512691695124
1997-02-04,1.0683731688093794
1997-02-05,1.0658678819737264
1997-02-06,1.066752721966088
1997-02-07,1.0685654569361636
1997-02-10,1.067300816162458
1997-02-11,1.0688416581281108
1997-02-12,1.0707352310965403
1997-02-13,1.0721900711179984
1997-02-14,1.0718812208847905
1997-02-18,1.0730158734275157
1997-02-19,1.072119955768226
1997-02-20,1.0704978485583263
1997-02-21,1.0705500302908508
1997-02-24,1.0721368044773916
1997-02-25,1.072239780970828
1997-02-26,1.070927553792273
1997-02-27,1.0689291896413482
1997-02-28,1.0685347313366775
1997-03-03,1.0694311062842685
1997-03-04,1.0686972122983325
1997-03-05,1.0709622884846919
1997-03-06,1.070183691812092
1997-03-07,1.071383624363966
1997-03-10,1.0727814109940281
1997-03-11,1.07206321156454
1997-03-12,1.0708777839172026
1997-03-13,1.0688000127878277
1997-03-14,1.0694845412385967
1997-03-17,1.0698515702774576
1997-03-18,1.0684132421282682
1997-03-19,1.067964474599476
1997-03-20,1.0672761934396384
1997-03-21,1.0678938582578668
1997-03-24,1.0697551760537098
1997-03-25,1.0684416114885686
1997-03-26,1.0690246102999665
1997-03-27,1.065487273914336
1997-03-31,1.0626765056063847
1997-04-01,1.0635300647276578
1997-04-02,1.0611478950950608
1997-04-03,1.0618711197310813
1997-04-04,1.06353237979099
1997-04-07,1.064052830028867
1997-04-08,1.0650080654371386
1997-04-09,1.0639231167325562
1997-04-10,1.0634313906552304
1997-04-11,1.0592105564974583
1997-04-14,1.0609868281751968
1997-04-15,1.0632441359831963
1997-04-16,1.0647818414784573
1997-04-17,1.0642381751027026
1997-04-18,1.0648929094700956
1997-04-21,1.0640236165724324
1997-04-22,1.066947051704249
1997-04-23,1.0670811090769978
1997-04-24,1.0664115084291617
1997-04-25,1.0648780603885382
1997-04-28,1.06618248644689
1997-04-29,1.0703861036326396
1997-04-30,1.0710154714239661
1997-05-01,1.070858760869575
1997-05-02,1.0732640004866005
1997-05-05,1.0764556875184657
1997-05-06,1.0763548935540252
1997-05-07,1.0734277925245188
1997-05-08,1.074353944889817
1997-05-09,1.0752744078743932
1997-05-12,1.0775111778549924
1997-05-13,1.076960007279269
1997-05-14,1.077211460406932
1997-05-15,1.0781151825084538
1997-05-16,1.0762684005229335
1997-05-19,1.0766725584154182
1997-05-20,1.0782849328629205
1997-05-21,1.0779857883380008
1997-05-22,1.0775360570784
1997-05-23,1.0787887464011074
1997-05-27,1.0793355557916584
1997-05-28,1.0793108218118244
1997-05-29,1.078518247937628
1997-05-30,1.0793895778445226
1997-06-02,1.0787953612256915
1997-06-03,1.078348006361993
1997-06-04,1.0781985308918955
1997-06-05,1.0786975617806667
1997-06-06,1.0813335187980184
1997-06-09,1.0820181600495145
1997-06-10,1.0824319901718369
1997-06-11,1.0827476822327402
1997-06-12,1.0853643434928428
1997-06-13,1.0865081563979055
1997-06-16,1.0865553747614625
1997-06-17,1.0863662534025345
1997-06-18,1.0858927776065876
1997-06-19,1.0872938265529328
1997-06-20,1.0868307349553692
1997-06-23,1.0835368072669282
1997-06-24,1.086975027270637
1997-06-25,1.086027563834786
1997-06-26,1.0853601570089464
1997-06-27,1.0858868054228688
1997-06-30,1.084980316314065
1997-07-01,1.0865640246265802
1997-07-02,1.0887967048706608
1997-07-03,1.0906701013196347
1997-07-07,1.0892818307039434
1997-07-08,1.0907059198163502
1997-07-09,1.0892021469338804
1997-07-10,1.089809512852198
1997-07-11,1.090274943565142
1997-07-14,1.0906925608114826
1997-07-15,1.0913867476190786
1997-07-16,1.0931837235888788
1997-07-17,1.0925003384277385
1997-07-18,1.0895952491552228
1997-07-21,1.089618561792243
1997-07-22,1.0932310391104827
1997-07-23,1.0931171648604598
1997-07-24,1.0937554671366072
1997-07-25,1.0936646885918955
1997-07-28,1.093573802482468
1997-07-29,1.0940284244604452
1997-07-30,1.095660251073055
1997-07-31,1.0955255649211078
1997-08-01,1.0949867262619546
1997-08-04,1.095347308427576
1997-08-05,1.095437111201464
1997-08-06,1.09656023006027
1997-08-07,1.0955343171171739
1997-08-08,1.0927506185032758
1997-08-11,1.0937562843778068
1997-08-12,1.0915760150409728
1997-08-13,1.09116151158829
1997-08-14,1.0916695271711265
1997-08-15,1.0874800493441932
1997-08-18,1.0905081691776577
1997-08-19,1.0920861966916449
1997-08-20,1.094153917700442
1997-08-21,1.091750429905289
1997-08-22,1.0917042926952305
1997-08-25,1.0911975499235342
1997-08-26,1.089186933079763
1997-08-27,1.0900063839175609
1997-08-28,1.0879335316295389
1997-08-29,1.088476439319707
1997-09-02,1.0928988267514328
1997-09-03,1.0921668340042863
1997-09-04,1.0930402396799015
1997-09-05,1.0926516777387119
1997-09-08,1.093247418948749
1997-09-09,1.0933159309874998
1997-09-10,1.0904867540718446
1997-09-11,1.0897896033520218
1997-09-12,1.0919837389566711
1997-09-15,1.0917536588081487
1997-09-16,1.0951652861340972
1997-09-17,1.0951652861340972
1997-09-18,1.0957519958277873
1997-09-19,1.0959836223619164
1997-09-22,1.0967494671116265
1997-09-23,1.0961217336621796
1997-09-24,1.0949965912309685
1997-09-25,1.0940444155451703
1997-09-26,1.095184793125452
1997-09-29,1.0964980824931705
1997-09-30,1.095060984838009
1997-10-01,1.0968740075879662
1997-10-02,1.097635832325151
1997-10-03,1.0983269496546662
1997-10-06,1.0992370342450068
1997-10-07,1.1005170112853344
1997-10-08,1.0995537733124956
1997-10-09,1.0990691871384157
1997-10-10,1.0986715468515107
1997-10-13,1.0988044066163118
1997-10-14,1.0988486912085391
1997-10-15,1.0985389548577094
1997-10-16,1.096366335135208
1997-10-17,1.0949724452913456
1997-10-20,1.0969232432315332
1997-10-21,1.0995894174907208
1997-10-22,1.0986861991101942
1997-10-23,1.0959828516526733
1997-10-24,1.0946300688883759
1997-10-27,1.0847136144119158
1997-10-28,1.0925379413984981
1997-10-29,1.092167708088932
1997-10-30,1.089152525803791
1997-10-31,1.0923692083705792
1997-11-03,1.0952429008380173
1997-11-04,1.0952429008380173
1997-11-05,1.0956979603053636
1997-11-06,1.095176115278576
1997-11-07,1.0936962869421085
1997-11-10,1.0928688325252973
1997-11-11,1.0929149941950669
1997-11-12,1.0900968097648642
1997-11-13,1.0920730008067212
1997-11-14,1.0939315394882105
1997-11-17,1.0964569762085898
1997-11-18,1.0955983600451444
1997-11-19,1.0962799846986557
1997-11-20,1.0983610239469785
1997-11-21,1.0992986068260913
1997-11-24,1.0968131530500085
1997-11-25,1.0971739537664336
1997-11-26,1.0975789246203407
1997-11-28,1.0977135282088302
1997-12-01,1.1012559444701666
1997-12-02,1.100422752558381
1997-12-03,1.100819567164303
1997-12-04,1.1006877166149611
1997-12-05,1.1024482246556462
1997-12-08,1.1020564559625083
1997-12-09,1.1012273779245043
1997-12-10,1.1000429327350492
1997-12-11,1.097700396657497
1997-12-12,1.0979695994912488
1997-12-15,1.0993582562217428
1997-12-16,1.100201827324021
1997-12-17,1.09949525054583
1997-12-18,1.0981642925309927
1997-12-19,1.097138302580273
1997-12-22,1.098019976623049
1997-12-23,1.0955695037773785
1997-12-24,1.0951582976043273
1997-12-26,1.0957079168623487
1997-12-29,1.0984007448616395
1997-12-30,1.1005544331709225
1997-12-31,1.1004659165240722
1998-01-02,1.10117446630473
1998-01-05,1.1014832174509528
1998-01-06,1.0992829658019125
1998-01-07,1.0996400522918026
1998-01-08,1.0984378240371784
1998-01-09,1.0936814798587202
1998-01-12,1.0961805790039352
1998-01-13,1.0980937105297035
1998-01-14,1.098723806296243
1998-01-15,1.0975808489805814
1998-01-16,1.099545012981321
1998-01-20,1.1017747372524753
1998-01-21,1.100455595384372
1998-01-22,1.0992360566851611
1998-01-23,1.0990350053441884
1998-01-26,1.0989454989191136
1998-01-27,1.10033347917926
1998-01-28,1.1015761770756083
1998-01-29,1.1023247442135162
1998-01-30,1.1024124667898676
1998-02-02,1.1046901405905283
1998-02-03,1.105726404402574
1998-02-04,1.1055549006939063
1998-02-05,1.1054690127917899
1998-02-06,1.107015801996928
1998-02-09,1.1065477692284849
1998-02-10,1.1078708012769076
1998-02-11,1.1077438766434802
1998-02-12,1.108336799413768
1998-02-13,1.107534951663672
1998-02-17,1.1082137035240047
1998-02-18,1.1094806585872017
1998-02-19,1.1087474351449529
1998-02-20,1.109778743780571
1998-02-23,1.1103224095826423
1998-02-24,1.1092387422276269
1998-02-25,1.1109592666367956
1998-02-26,1.1117481808418914
1998-02-27,1.1117481808418914
1998-03-02,1.1114589800444294
1998-03-03,1.1122453199544788
1998-03-04,1.1113392452189257
1998-03-05,1.1100553089150147
1998-03-06,1.11285298601797
1998-03-09,1.1123606410749511
1998-03-10,1.1136778001004954
1998-03-11,1.1143309313039926
1998-03-12,1.1149002177374185
1998-03-13,1.1143734912094028
1998-03-16,1.1158774529187074
1998-03-17,1.1162800479512114
1998-03-18,1.1168022973865745
1998-03-19,1.1171625779740102
1998-03-20,1.1183649884751474
1998-03-23,1.1180468736743143
1998-03-24,1.1192420660140208
1998-03-25,1.1187280549602046
1998-03-26,1.1186486799098976
1998-03-27,1.1180532764439233
1998-03-30,1.1179736915817728
1998-03-31,1.118451914473793
1998-04-01,1.1195845930576482
1998-04-02,1.121103795285124
1998-04-03,1.121807395496438
1998-04-06,1.1206787071379052
1998-04-07,1.1197380010262201
1998-04-08,1.1189495673836862
1998-04-09,1.1200589750584227
1998-04-13,1.1196654538367266
1998-04-14,1.1208488349910315
1998-04-15,1.1212404637956621
1998-04-16,1.11959983037744
1998-04-17,1.1214548049290416
1998-04-20,1.121415789131796
1998-04-21,1.1220791882109424
1998-04-22,1.1224678327965005
1998-04-23,1.1211108964561376
1998-04-24,1.1196250288624585
1998-04-27,1.1169807224201047
1998-04-28,1.1167799431324694
1998-04-29,1.117744424968134
1998-04-30,1.1203407239932779
1998-05-01,1.1219128386244064
1998-05-04,1.1215625279108923
1998-05-05,1.1205874500373716
1998-05-06,1.1189389972543142
1998-05-07,1.117828608966189
1998-05-08,1.1201048064989714
1998-05-11,1.1196323304526556
1998-05-12,1.1211329556359313
1998-05-13,1.1214850751454293
1998-05-14,1.1207823805316313
1998-05-15,1.1199981514044353
1998-05-18,1.1194464823635415
1998-05-19,1.1203955575305355
1998-05-20,1.1217319532043586
1998-05-21,1.1208353042380061
1998-05-22,1.1202865291076451
1998-05-26,1.1180443828418445
1998-05-27,1.1182438336658393
1998-05-28,1.1188813977237733
1998-05-29,1.117492380722789
1998-06-01,1.1181328900400174
1998-06-02,1.1182525049018526
1998-06-03,1.1160211481210691
1998-06-04,1.1186075111394154
1998-06-05,1.1213117885738877
1998-06-08,1.1211553534321368
1998-06-09,1.121585939517792
1998-06-10,1.1206880333207987
1998-06-11,1.1180574434629111
1998-06-12,1.1193747641422662
1998-06-15,1.1156926219175585
1998-06-16,1.1178406763217084
1998-06-17,1.1207600918470484
1998-06-18,1.1201317096698413
1998-06-19,1.1194301447012533
1998-06-22,1.120105515156313
1998-06-23,1.1217671965671236
1998-06-24,1.1236466605444042
1998-06-25,1.123414419575911
1998-06-26,1.1239958710857294
1998-06-29,1.1244978764548001
1998-06-30,1.1235354173280063
1998-07-01,1.1251621343156368
1998-07-02,1.1254305450853024
1998-07-06,1.1268469382993533
1998-07-07,1.1265813270908043
1998-07-08,1.1276075339867033
1998-07-09,1.1266633756180524
1998-07-10,1.1274231773490349
1998-07-13,1.127460960571717
1998-07-14,1.129048652960289
1998-07-15,1.1287866763018
1998-07-16,1.1297615771194236
1998-07-17,1.1299479204335874
1998-07-20,1.1299479204335874
1998-07-21,1.1274908743400844
1998-07-22,1.1274908743400844
1998-07-23,1.1246932638823515
1998-07-24,1.1245778685551895
1998-07-27,1.1255789906839828
1998-07-28,1.1232066248208743
1998-07-29,1.1226628643785186
1998-07-30,1.1247672707517624
1998-07-31,1.1217668394974964
1998-08-03,1.1211787899024834
1998-08-04,1.115749287577288
1998-08-05,1.117663619338117
1998-08-06,1.1182673627364517
1998-08-07,1.1185079095156332
1998-08-10,1.1177072604344185
1998-08-11,1.1156147819982947
1998-08-12,1.117979770767684
1998-08-13,1.1162921229836862
1998-08-14,1.114667661630823
1998-08-17,1.117621754028046
1998-08-18,1.1201998462489253
1998-08-19,1.119843101914598
1998-08-20,1.1190087383081202
1998-08-21,1.1178903531895643
1998-08-24,1.1187753134931007
1998-08-25,1.1190952860862942
1998-08-26,1.1182968337014796
1998-08-27,1.111716787935752
1998-08-28,1.111716787935752
1998-08-31,1.111716787935752
1998-09-01,1.111716787935752
1998-09-02,1.111716787935752
1998-09-03,1.111716787935752
1998-09-04,1.111716787935752
1998-09-08,1.111716787935752
1998-09-09,1.111716787935752
1998-09-10,1.111716787935752
1998-09-11,1.111716787935752
1998-09-14,1.111716787935752
1998-09-15,1.111716787935752
1998-09-16,1.111716787935752
1998-09-17,1.111716787935752
1998-09-18,1.111716787935752
1998-09-21,1.111716787935752
1998-09-22,1.111716787935752
1998-09-23,1.111716787935752
1998-09-24,1.1083075523949952
1998-09-25,1.1083075523949952
1998-09-28,1.1083075523949952
1998-09-29,1.1083075523949952
1998-09-30,1.1083075523949952
1998-10-01,1.1083075523949952
1998-10-02,1.1083075523949952
1998-10-05,1.1083075523949952
1998-10-06,1.1083075523949952
1998-10-07,1.1083075523949952
1998-10-08,1.1083075523949952
1998-10-09,1.1083075523949952
1998-10-12,1.1083075523949952
1998-10-13,1.1083075523949952
1998-10-14,1.1083075523949952
1998-10-15,1.1083075523949952
1998-10-16,1.1083075523949952
1998-10-19,1.1083075523949952
1998-10-20,1.1083075523949952
1998-10-21,1.1078219163815608
1998-10-22,1.109891849519435
1998-10-23,1.1081290425302324
1998-10-26,1.109141886505344
1998-10-27,1.1083368469795145
1998-10-28,1.1080940145609823
1998-10-29,1.1080940145609823
1998-10-30,1.1088457428463945
1998-11-02,1.111208318563288
1998-11-03,1.110199489403121
1998-11-04,1.1116833399004633
1998-11-05,1.113578976932274
1998-11-06,1.1139994734610632
1998-11-09,1.1130081698842529
1998-11-10,1.1126244000185463
1998-11-11,1.1117013450013669
1998-11-12,1.1115466362335178
1998-11-13,1.1129020444732796
1998-11-16,1.1139386815379297
1998-11-17,1.1139386815379297
1998-11-18,1.1147779021234925
1998-11-19,1.1159922885626115
1998-11-20,1.117046884889618
1998-11-23,1.120339287283214
1998-11-24,1.1194594822665807
1998-11-25,1.1194594822665807
1998-11-27,1.1204916287111446
1998-11-30,1.116535878751842
1998-12-01,1.1183386835828217
1998-12-02,1.1179301012761174
1998-12-03,1.1156216183881342
1998-12-04,1.1192865353351058
1998-12-07,1.1199513304412672
1998-12-08,1.1193260559657547
1998-12-09,1.119584527502812
1998-12-10,1.1175384021576067
1998-12-11,1.1178184586931479
1998-12-14,1.1137921833726951
1998-12-15,1.117387497747881
1998-12-16,1.1172005773249578
1998-12-17,1.1194286586746458
1998-12-18,1.120023269403559
1998-12-21,1.12198007792975
1998-12-22,1.122600161305359
1998-12-23,1.125543256047124
1998-12-24,1.124936706083543
1998-12-28,1.1245785063057094
1998-12-29,1.126804138010781
1998-12-30,1.125671087916346
1998-12-31,1.125671087916346
1999-01-04,1.1253502239107598
1999-01-05,1.126957977483931
1999-01-06,1.130354122183742
1999-01-07,1.1296612261936159
1999-01-08,1.1307051135768627
1999-01-11,1.12935677093786
1999-01-12,1.12681161095127
1999-01-13,1.1258197672100503
1999-01-14,1.123360152871689
1999-01-15,1.12701631111915
1999-01-19,1.127936637486649
1999-01-20,1.1290628991325362
1999-01-21,1.1253231366470835
1999-01-22,1.1250010774192907
1999-01-25,1.126435321180557
1999-01-26,1.1289940779825673
1999-01-27,1.1273498463619471
1999-01-28,1.1297179900125431
1999-01-29,1.1307977754240677
1999-02-01,1.1299673069152996
1999-02-02,1.1290978077105978
1999-02-03,1.1305315534828082
1999-02-04,1.128417167349969
1999-02-05,1.1268015288014332
1999-02-08,1.127085368481134
1999-02-09,1.1239332977303176
1999-02-10,1.124836446831453
1999-02-11,1.128069643001171
1999-02-12,1.1263790975082248
1999-02-16,1.125525039194411
1999-02-17,1.125381889056607
1999-02-18,1.1264920903623277
1999-02-19,1.1270967259977782
1999-02-22,1.1308528151126456
1999-02-23,1.1307835097453005
1999-02-24,1.1282891510491024
1999-02-25,1.126951936083731
1999-02-26,1.1263842228709482
1999-03-01,1.1267758927066485
1999-03-02,1.1255326140773767
1999-03-03,1.1262844027000183
1999-03-04,1.1280660890172372
1999-03-05,1.1309031274910233
1999-03-08,1.1318209704719526
1999-03-09,1.1314765317843252
1999-03-10,1.1327190285021895
1999-03-11,1.1342945206228845
1999-03-12,1.1329377117436894
1999-03-15,1.1349560017464024
1999-03-16,1.1344153446688574
1999-03-17,1.1338051662644133
1999-03-18,1.1360850696225122
1999-03-19,1.1336711273259406
1999-03-22,1.133944388175062
1999-03-23,1.1298536504265249
1999-03-24,1.130658061561251
1999-03-25,1.1335466624964299
1999-03-26,1.1325208657936254
1999-03-29,1.135377032579935
1999-03-30,1.1346330821269965
1999-03-31,1.132356988121138
1999-04-01,1.1334251245391025
1999-04-05,1.1367796542041038
1999-04-06,1.1364443260952617
1999-04-07,1.1375869941785142
1999-04-08,1.1393890490456868
1999-04-09,1.139422049974276
1999-04-12,1.1409400701991115
1999-04-13,1.140024537910934
1999-04-14,1.1376243569973497
1999-04-15,1.1370902821926674
1999-04-16,1.135884909802078
1999-04-19,1.1336922061303958
1999-04-20,1.135470428305863
1999-04-21,1.1395296030861695
1999-04-22,1.1408827150044603
1999-04-23,1.1405227070236075
1999-04-26,1.1413428149160445
1999-04-27,1.1420281799245955
1999-04-28,1.140077948789589
1999-04-29,1.1389924060671432
1999-04-30,1.1378332699781173
1999-05-03,1.1404350061023338
1999-05-04,1.1383994431352753
1999-05-05,1.1395299163479446
1999-05-06,1.1386548668008198
1999-05-07,1.1397338746213226
1999-05-10,1.1390247996112324
1999-05-11,1.1404655914352348
1999-05-12,1.1415819835511667
1999-05-13,1.1422015530581966
1999-05-14,1.1384981084726042
1999-05-17,1.1389302942181256
1999-05-18,1.1386650764225883
1999-05-19,1.1396945161512264
1999-05-20,1.1388365558057985
1999-05-21,1.138040307582862
1999-05-24,1.1356732304072403
1999-05-25,1.1333727042699293
1999-05-26,1.134951432759359
1999-05-27,1.1329120215375257
1999-05-28,1.1347192475856038
1999-06-01,1.1342255965330108
1999-06-02,1.1343622279084824
1999-06-03,1.1351469585686063
1999-06-04,1.1379989670224346
1999-06-07,1.138366140781933
1999-06-08,1.1369678265179355
1999-06-09,1.1368334671294966
1999-06-10,1.1355226424952423
1999-06-11,1.1343366920319449
1999-06-14,1.1344732844089882
1999-06-15,1.1354281703261568
1999-06-16,1.138140677118671
1999-06-17,1.1394746361781656
1999-06-18,1.1396391274515592
1999-06-21,1.1399705560776443
1999-06-22,1.1389782507345139
1999-06-23,1.1382793631200072
1999-06-24,1.1372099068275294
1999-06-25,1.136856629052883
1999-06-28,1.1385931120522552
1999-06-29,1.139927609768854
1999-06-30,1.1425086799480886
1999-07-01,1.1435836517659825
1999-07-02,1.1450077512977186
1999-07-06,1.144975656469539
1999-07-07,1.1451681626796655
1999-07-08,1.14528037201601
1999-07-09,1.1461291686153292
1999-07-12,1.145491769921876
1999-07-13,1.144980044966802
1999-07-14,1.1457823122677926
1999-07-15,1.1466924229041764
1999-07-16,1.147470407498598
1999-07-19,1.1465221857281542
1999-07-20,1.1435815250469326
1999-07-21,1.1434196245496544
1999-07-22,1.1415400810556575
1999-07-23,1.1412614623932353
1999-07-26,1.1402104997975873
1999-07-27,1.1414004169124758
1999-07-28,1.1418598157279647
1999-07-29,1.1398637672106773
1999-07-30,1.1381080227570781
1999-08-02,1.1384429017975155
1999-08-03,1.1377745723336474
1999-08-04,1.1358281176109137
1999-08-05,1.137118875162396
1999-08-06,1.1355687055967134
1999-08-09,1.1352624688810073
1999-08-10,1.1336944358699947
1999-08-11,1.1354154900695757
1999-08-12,1.1353302981501598
1999-08-13,1.1386188914531736
1999-08-16,1.1392534656457436
1999-08-17,1.1401850661692146
1999-08-18,1.1391595830352963
1999-08-19,1.1379943002323354
1999-08-20,1.1394362906069093
1999-08-23,1.1421618152075355
1999-08-24,1.1426849287119418
1999-08-25,1.144151380478544
1999-08-26,1.142439628866158
1999-08-27,1.140709554588367
1999-08-30,1.138070295068306
1999-08-31,1.1375336567206797
1999-09-01,1.1392832891332991
1999-09-02,1.137602307372562
1999-09-03,1.1417563816773437
1999-09-07,1.1412315565390785
1999-09-08,1.140540571440133
1999-09-09,1.140474401700293
1999-09-10,1.1416645942216885
1999-09-13,1.140696424700619
1999-09-14,1.1397554200983706
1999-09-15,1.1374971174485005
1999-09-16,1.138052831518634
1999-09-17,1.1398502489178608
1999-09-20,1.1396505203361096
1999-09-21,1.1366507555316119
1999-09-22,1.1364979091262413
1999-09-23,1.1335238090748563
1999-09-24,1.1335238090748563
1999-09-27,1.1335238090748563
1999-09-28,1.1335238090748563
1999-09-29,1.1335238090748563
1999-09-30,1.1335238090748563
1999-10-01,1.1335238090748563
1999-10-04,1.1335238090748563
1999-10-05,1.1333882870340066
1999-10-06,1.1355574897679885
1999-10-07,1.1347547675986853
1999-10-08,1.1369059994121287
1999-10-11,1.1366737519959462
1999-10-12,1.1344811804761483
1999-10-13,1.1308104861207688
1999-10-14,1.1308104861207688
1999-10-15,1.1308104861207688
1999-10-18,1.1308104861207688
1999-10-19,1.1308104861207688
1999-10-20,1.1308104861207688
1999-10-21,1.1308104861207688
1999-10-22,1.1308104861207688
1999-10-25,1.1308104861207688
1999-10-26,1.1308104861207688
1999-10-27,1.1308104861207688
1999-10-28,1.1308104861207688
1999-10-29,1.1333709666989338
1999-11-01,1.1318844319519437
1999-11-02,1.130873389733797
1999-11-03,1.1318251528132315
1999-11-04,1.1329019725809024
1999-11-05,1.1342957027069094
1999-11-08,1.134424308880048
1999-11-09,1.133091570112819
1999-11-10,1.1341439962342665
1999-11-11,1.1349481049390302
1999-11-12,1.1362285371480783
1999-11-15,1.1365620331369042
1999-11-16,1.137750601102886
1999-11-17,1.1381281512583896
1999-11-18,1.1391325905863268
1999-11-19,1.1390077982637932
1999-11-22,1.1389766280662394
1999-11-23,1.1377274467512564
1999-11-24,1.1384828221399281
1999-11-26,1.1379501637043414
1999-11-29,1.1374473503724107
1999-11-30,1.1357765574400016
1999-12-01,1.1369232003562828
1999-12-02,1.137777339077363
1999-12-03,1.1403888893869967
1999-12-06,1.13933597642296
1999-12-07,1.1381826841133582
1999-12-08,1.1372722535563673
1999-12-09,1.1379668035832984
1999-12-10,1.1384383156656144
1999-12-13,1.1386891156746684
1999-12-14,1.1373120590985706
1999-12-15,1.1380695992481253
1999-12-16,1.1386979590031459
1999-12-17,1.1396120515023584
1999-12-20,1.1385825409132926
1999-12-21,1.1407488833483812
1999-12-22,1.1411207389533868
1999-12-23,1.14339292702111
1999-12-27,1.1431947495313783
1999-12-28,1.143103176444793
1999-12-29,1.143714117294693
1999-12-30,1.1435467273265247
1999-12-31,1.1437751039698767
2000-01-03,1.1423758226759004
2000-01-04,1.1367916066273553
2000-01-05,1.137045761733974
2000-01-06,1.134761531260086
2000-01-07,1.1429993744842564
2000-01-10,1.143489540344469
2000-01-11,1.141779151712634
2000-01-12,1.1403594380468607
2000-01-13,1.1422898289003356
2000-01-14,1.1442285487454908
2000-01-18,1.1431032637832008
2000-01-19,1.1442670324904132
2000-01-20,1.1420777246789033
2000-01-21,1.1417694133621632
2000-01-24,1.1377244202927115
2000-01-25,1.1393394193887008
2000-01-26,1.1382105737223405
2000-01-27,1.137642211194267
2000-01-28,1.1332062274503747
2000-01-31,1.1370505184233215
2000-02-01,1.1384507975017741
2000-02-02,1.1385770066961047
2000-02-03,1.140721071454541
2000-02-04,1.1401297064707174
2000-02-07,1.139911102081667
2000-02-08,1.1418501378896078
2000-02-09,1.1388521386316146
2000-02-10,1.139135524308813
2000-02-11,1.136243644369802
2000-02-14,1.1370757343958384
2000-02-15,1.1386837213154084
2000-02-16,1.136587074126562
2000-02-17,1.1358524171556736
2000-02-18,1.1328042253723152
2000-02-22,1.1328042253723152
2000-02-23,1.1328042253723152
2000-02-24,1.1299527950507644
2000-02-25,1.1299527950507644
2000-02-28,1.1299527950507644
2000-02-29,1.1313148285140133
2000-03-01,1.1323436111964698
2000-03-02,1.1324395663752422
2000-03-03,1.1350899450224678
2000-03-06,1.1337074839872043
2000-03-07,1.1309663665023877
2000-03-08,1.1307890598555335
2000-03-09,1.1349197882930508
2000-03-10,1.1341646203542293
2000-03-13,1.1326152452249236
2000-03-14,1.1306042639423077
2000-03-15,1.1339013375006384
2000-03-16,1.1405225309533007
2000-03-17,1.1414647201938357
2000-03-20,1.1407364935573805
2000-03-21,1.143662700455436
2000-03-22,1.144531136471922
2000-03-23,1.1469735904580565
2000-03-24,1.1478247163414208
2000-03-27,1.1463064559763658
2000-03-28,1.1454812938805645
2000-03-29,1.1456294120079205
2000-03-30,1.1432323256324557
2000-03-31,1.144854180050475
2000-04-03,1.1456868827819342
2000-04-04,1.1446216942580645
2000-04-05,1.1437281763334073
2000-04-06,1.1449709734502396
2000-04-07,1.1458774605930357
2000-04-10,1.1453158181651515
2000-04-11,1.1449005757716006
2000-04-12,1.1409756909236526
2000-04-13,1.1389951939655856
2000-04-14,1.1308525369652276
2000-04-17,1.1308525369652276
2000-04-18,1.1345872808839765
2000-04-19,1.1332681391894794
2000-04-20,1.1339486106393406
2000-04-24,1.1324085070358954
2000-04-25,1.1382857621872333
2000-04-26,1.1366801568671308
2000-04-27,1.1362103808194417
2000-04-28,1.1353286967481395
2000-05-01,1.1372543576765166
2000-05-02,1.1344148519186796
2000-05-03,1.1310943150335449
2000-05-04,1.1321615832379164
2000-05-05,1.1338768060067068
2000-05-08,1.1328121611689956
2000-05-09,1.131678366622501
2000-05-10,1.1284875258783604
2000-05-11,1.1284875258783604
2000-05-12,1.1300163515356445
2000-05-15,1.132458142739617
2000-05-16,1.1338283286101496
2000-05-17,1.132348902932324
2000-05-18,1.1306119018690681
2000-05-19,1.1283940943755646
2000-05-22,1.1273321180229106
2000-05-23,1.1252571524500738
2000-05-24,1.1252571524500738
2000-05-25,1.122843910060216
2000-05-26,1.122843910060216
2000-05-30,1.122843910060216
2000-05-31,1.1231517764646934
2000-06-01,1.1256094537036043
2000-06-02,1.128060307997197
2000-06-05,1.1273748480246966
2000-06-06,1.1267463318372974
2000-06-07,1.1277228968527802
2000-06-08,1.1271703114251657
2000-06-09,1.1268705634868774
2000-06-12,1.1252190260830104
2000-06-13,1.1278586452974741
2000-06-14,1.1280973423972271
2000-06-15,1.1283954346635483
2000-06-16,1.127236461331963
2000-06-19,1.1290387547679652
2000-06-20,1.1285337426104105
2000-06-21,1.1284741610709448
2000-06-22,1.126327843166443
2000-06-23,1.1251192925042057
2000-06-26,1.126930632825945
2000-06-27,1.1258921394345751
2000-06-28,1.1262859803965857
2000-06-29,1.1249561134317208
2000-06-30,1.1260227704173285
2000-07-03,1.127960470930834
2000-07-05,1.1254175638573807
2000-07-06,1.1265118017577593
2000-07-07,1.1287761833821626
2000-07-10,1.128537965143507
2000-07-11,1.128836178581996
2000-07-12,1.1297587780571652
2000-07-13,1.1303803345495749
2000-07-14,1.1317658763094953
2000-07-17,1.1315320681079941
2000-07-18,1.1303757019215268
2000-07-19,1.1292407505661544
2000-07-20,1.1312003098153163
2000-07-21,1.128442748556819
2000-07-24,1.127636921758136
2000-07-25,1.1280868294599151
2000-07-26,1.126710802083922
2000-07-27,1.126228062497593
2000-07-28,1.1230505698339268
2000-07-31,1.1230505698339268
2000-08-01,1.1239095341291792
2000-08-02,1.124611448561179
2000-08-03,1.125583608581996
2000-08-04,1.1263386054681783
2000-08-07,1.1280218367807888
2000-08-08,1.1285573450933544
2000-08-09,1.1273713441535262
2000-08-10,1.1266844308567312
2000-08-11,1.1273443167320365
2000-08-14,1.1291367309944644
2000-08-15,1.1290185545134706
2000-08-16,1.1285160279116566
2000-08-17,1.1299989049403494
2000-08-18,1.129528669818514
2000-08-21,1.130295066643932
2000-08-22,1.1300603530824365
2000-08-23,1.1306185624517175
2000-08-24,1.1310577774809936
2000-08-25,1.1309994059311608
2000-08-28,1.1314813038098135
2000-08-29,1.1315104810974608
2000-08-30,1.1301565334969548
2000-08-31,1.1320357687985783
2000-09-01,1.132180857692375
2000-09-05,1.1310499154840665
2000-09-06,1.129443630375113
2000-09-07,1.1306530239541732
2000-09-08,1.1296868712867427
2000-09-11,1.129480695504336
2000-09-12,1.1284483261402254
2000-09-13,1.1288194190330416
2000-09-14,1.1295302071370796
2000-09-15,1.1264412036248745
2000-09-18,1.1251452351089275
2000-09-19,1.126421350586307
2000-09-20,1.1253814085590854
2000-09-21,1.1232424314671694
2000-09-22,1.1232424314671694
2000-09-25,1.1222458132441793
2000-09-26,1.1222458132441793
2000-09-27,1.1222458132441793
2000-09-28,1.1222458132441793
2000-09-29,1.1209155186273863
2000-10-02,1.1209155186273863
2000-10-03,1.1209155186273863
2000-10-04,1.1209155186273863
2000-10-05,1.1209155186273863
2000-10-06,1.1209155186273863
2000-10-09,1.1209155186273863
2000-10-10,1.1209155186273863
2000-10-11,1.1209155186273863
2000-10-12,1.1209155186273863
2000-10-13,1.1209155186273863
2000-10-16,1.1209155186273863
2000-10-17,1.1209155186273863
2000-10-18,1.1209155186273863
2000-10-19,1.1209155186273863
2000-10-20,1.1209155186273863
2000-10-23,1.1209155186273863
2000-10-24,1.1209155186273863
2000-10-25,1.1209155186273863
2000-10-26,1.1209155186273863
2000-10-27,1.1209155186273863
2000-10-30,1.1209155186273863
2000-10-31,1.1209155186273863
2000-11-01,1.1209155186273863
2000-11-02,1.1209155186273863
2000-11-03,1.1209155186273863
2000-11-06,1.1209155186273863
2000-11-07,1.1209155186273863
2000-11-08,1.1209155186273863
2000-11-09,1.1209155186273863
2000-11-10,1.1209155186273863
2000-11-13,1.1209155186273863
2000-11-14,1.1209155186273863
2000-11-15,1.1209155186273863
2000-11-16,1.1209155186273863
2000-11-17,1.1209155186273863
2000-11-20,1.1209155186273863
2000-11-21,1.1209155186273863
2000-11-22,1.1209155186273863
2000-11-24,1.1209155186273863
2000-11-27,1.1209155186273863
2000-11-28,1.1209155186273863
2000-11-29,1.1209155186273863
2000-11-30,1.1209155186273863
2000-12-01,1.1209155186273863
2000-12-04,1.1209155186273863
2000-12-05,1.1209155186273863
2000-12-06,1.1209155186273863
2000-12-07,1.1209155186273863
2000-12-08,1.1209155186273863
2000-12-11,1.1209155186273863
2000-12-12,1.1209155186273863
2000-12-13,1.1209155186273863
2000-12-14,1.1209155186273863
2000-12-15,1.1209155186273863
2000-12-18,1.1209155186273863
2000-12-19,1.1209155186273863
2000-12-20,1.1209155186273863
2000-12-21,1.1209155186273863
2000-12-22,1.1209155186273863
2000-12-26,1.1209155186273863
2000-12-27,1.1209155186273863
2000-12-28,1.1209155186273863
2000-12-29,1.1209155186273863
2001-01-02,1.1209155186273863
2001-01-03,1.1209155186273863
2001-01-04,1.1209155186273863
2001-01-05,1.1209155186273863
2001-01-08,1.1209155186273863
2001-01-09,1.1209155186273863
2001-01-10,1.1209155186273863
2001-01-11,1.1209155186273863
2001-01-12,1.1209155186273863
2001-01-16,1.1209155186273863
2001-01-17,1.1209155186273863
2001-01-18,1.1209155186273863
2001-01-19,1.1209155186273863
2001-01-22,1.1209155186273863
2001-01-23,1.1209155186273863
2001-01-24,1.1209155186273863
2001-01-25,1.1209155186273863
2001-01-26,1.1209155186273863
2001-01-29,1.1209155186273863
2001-01-30,1.1209155186273863
2001-01-31,1.1209155186273863
2001-02-01,1.1209155186273863
2001-02-02,1.1209155186273863
2001-02-05,1.1209155186273863
2001-02-06,1.1209155186273863
2001-02-07,1.1209155186273863
2001-02-08,1.1209155186273863
2001-02-09,1.1209155186273863
2001-02-12,1.1209155186273863
2001-02-13,1.1209155186273863
2001-02-14,1.1209155186273863
2001-02-15,1.1209155186273863
2001-02-16,1.1209155186273863
2001-02-20,1.1209155186273863
2001-02-21,1.1209155186273863
2001-02-22,1.1209155186273863
2001-02-23,1.1209155186273863
2001-02-26,1.1209155186273863
2001-02-27,1.1209155186273863
2001-02-28,1.1209155186273863
2001-03-01,1.1209155186273863
2001-03-02,1.1209155186273863
2001-03-05,1.1209155186273863
2001-03-06,1.1209155186273863
2001-03-07,1.1209155186273863
2001-03-08,1.1209155186273863
2001-03-09,1.1209155186273863
2001-03-12,1.1209155186273863
2001-03-13,1.1209155186273863
2001-03-14,1.1209155186273863
2001-03-15,1.1209155186273863
2001-03-16,1.1209155186273863
2001-03-19,1.1209155186273863
2001-03-20,1.1209155186273863
2001-03-21,1.1209155186273863
2001-03-22,1.1209155186273863
2001-03-23,1.1209155186273863
2001-03-26,1.1209155186273863
2001-03-27,1.1209155186273863
2001-03-28,1.1209155186273863
2001-03-29,1.1209155186273863
2001-03-30,1.1209155186273863
2001-04-02,1.1209155186273863
2001-04-03,1.1209155186273863
2001-04-04,1.1209155186273863
2001-04-05,1.1209155186273863
2001-04-06,1.1209155186273863
2001-04-09,1.1209155186273863
2001-04-10,1.1209155186273863
2001-04-11,1.1209155186273863
2001-04-12,1.1209155186273863
2001-04-16,1.1209155186273863
2001-04-17,1.1209155186273863
2001-04-18,1.1209155186273863
2001-04-19,1.1209155186273863
2001-04-20,1.1209155186273863
2001-04-23,1.1209155186273863
2001-04-24,1.1209155186273863
2001-04-25,1.1209155186273863
2001-04-26,1.1209155186273863
2001-04-27,1.1209155186273863
2001-04-30,1.1209155186273863
2001-05-01,1.1209155186273863
2001-05-02,1.1209155186273863
2001-05-03,1.1209155186273863
2001-05-04,1.1209155186273863
2001-05-07,1.1209155186273863
2001-05-08,1.1209155186273863
2001-05-09,1.1209155186273863
2001-05-10,1.1209155186273863
2001-05-11,1.1209155186273863
2001-05-14,1.1209155186273863
2001-05-15,1.1209155186273863
2001-05-16,1.1209155186273863
2001-05-17,1.1209155186273863
2001-05-18,1.1209155186273863
2001-05-21,1.1209155186273863
2001-05-22,1.1209155186273863
2001-05-23,1.1209155186273863
2001-05-24,1.1209155186273863
2001-05-25,1.1209155186273863
2001-05-29,1.1209155186273863
2001-05-30,1.1209155186273863
2001-05-31,1.1209155186273863
2001-06-01,1.1209155186273863
2001-06-04,1.1209155186273863
2001-06-05,1.1209155186273863
2001-06-06,1.1209155186273863
2001-06-07,1.1209155186273863
2001-06-08,1.1209155186273863
2001-06-11,1.1209155186273863
2001-06-12,1.1209155186273863
2001-06-13,1.1209155186273863
2001-06-14,1.1209155186273863
2001-06-15,1.1209155186273863
2001-06-18,1.1209155186273863
2001-06-19,1.1209155186273863
2001-06-20,1.1209155186273863
2001-06-21,1.1209155186273863
2001-06-22,1.1209155186273863
2001-06-25,1.1209155186273863
2001-06-26,1.1209155186273863
2001-06-27,1.1209155186273863
2001-06-28,1.1209155186273863
2001-06-29,1.1209155186273863
2001-07-02,1.1209155186273863
2001-07-03,1.1209155186273863
2001-07-05,1.1209155186273863
2001-07-06,1.1209155186273863
2001-07-09,1.1209155186273863
2001-07-10,1.1209155186273863
2001-07-11,1.1209155186273863
2001-07-12,1.1209155186273863
2001-07-13,1.1209155186273863
2001-07-16,1.1209155186273863
2001-07-17,1.1209155186273863
2001-07-18,1.1209155186273863
2001-07-19,1.1209155186273863
2001-07-20,1.1209155186273863
2001-07-23,1.1209155186273863
2001-07-24,1.1209155186273863
2001-07-25,1.1209155186273863
2001-07-26,1.1209155186273863
2001-07-27,1.1209155186273863
2001-07-30,1.1209155186273863
2001-07-31,1.1209155186273863
2001-08-01,1.1209155186273863
2001-08-02,1.1209155186273863
2001-08-03,1.1209155186273863
2001-08-06,1.1209155186273863
2001-08-07,1.1209155186273863
2001-08-08,1.1209155186273863
2001-08-09,1.1209155186273863
2001-08-10,1.1209155186273863
2001-08-13,1.1209155186273863
2001-08-14,1.1209155186273863
2001-08-15,1.1209155186273863
2001-08-16,1.1209155186273863
2001-08-17,1.1209155186273863
2001-08-20,1.1209155186273863
2001-08-21,1.1209155186273863
2001-08-22,1.1209155186273863
2001-08-23,1.1209155186273863
2001-08-24,1.1209155186273863
2001-08-27,1.1209155186273863
2001-08-28,1.1209155186273863
2001-08-29,1.1209155186273863
2001-08-30,1.1209155186273863
2001-08-31,1.1209155186273863
2001-09-04,1.1209155186273863
2001-09-05,1.1209155186273863
2001-09-06,1.1209155186273863
2001-09-07,1.1209155186273863
2001-09-10,1.1209155186273863
2001-09-17,1.1209155186273863
2001-09-18,1.1209155186273863
2001-09-19,1.1209155186273863
2001-09-20,1.1209155186273863
2001-09-21,1.1209155186273863
2001-09-24,1.1209155186273863
2001-09-25,1.1209155186273863
2001-09-26,1.1209155186273863
2001-09-27,1.1209155186273863
2001-09-28,1.1209155186273863
2001-10-01,1.1209155186273863
2001-10-02,1.1209155186273863
2001-10-03,1.1209155186273863
2001-10-04,1.1209155186273863
2001-10-05,1.1209155186273863
2001-10-08,1.1209155186273863
2001-10-09,1.1209155186273863
2001-10-10,1.1209155186273863
2001-10-11,1.1209155186273863
2001-10-12,1.1209155186273863
2001-10-15,1.1209155186273863
2001-10-16,1.1209155186273863
2001-10-17,1.1209155186273863
2001-10-18,1.1209155186273863
2001-10-19,1.1209155186273863
2001-10-22,1.1209155186273863
2001-10-23,1.1209155186273863
2001-10-24,1.1209155186273863
2001-10-25,1.1209155186273863
2001-10-26,1.1209155186273863
2001-10-29,1.1209155186273863
2001-10-30,1.1209155186273863
2001-10-31,1.1209155186273863
2001-11-01,1.1209155186273863
2001-11-02,1.1209155186273863
2001-11-05,1.1209155186273863
2001-11-06,1.1209155186273863
2001-11-07,1.1209155186273863
2001-11-08,1.1209155186273863
2001-11-09,1.1209155186273863
2001-11-12,1.1209155186273863
2001-11-13,1.1209155186273863
2001-11-14,1.1209155186273863
2001-11-15,1.1209155186273863
2001-11-16,1.1209155186273863
2001-11-19,1.1209155186273863
2001-11-20,1.1209155186273863
2001-11-21,1.1209155186273863
2001-11-23,1.1209155186273863
2001-11-26,1.1209155186273863
2001-11-27,1.1209155186273863
2001-11-28,1.1209155186273863
2001-11-29,1.1209155186273863
2001-11-30,1.1209155186273863
2001-12-03,1.1209155186273863
2001-12-04,1.1209155186273863
2001-12-05,1.1209155186273863
2001-12-06,1.1209155186273863
2001-12-07,1.1209155186273863
2001-12-10,1.1209155186273863
2001-12-11,1.1209155186273863
2001-12-12,1.1209155186273863
2001-12-13,1.1209155186273863
2001-12-14,1.1209155186273863
2001-12-17,1.1209155186273863
2001-12-18,1.1209155186273863
2001-12-19,1.1209155186273863
2001-12-20,1.1209155186273863
2001-12-21,1.1209155186273863
2001-12-24,1.1209155186273863
2001-12-26,1.1209155186273863
2001-12-27,1.1209155186273863
2001-12-28,1.1209155186273863
2001-12-31,1.1209155186273863
2002-01-02,1.1209155186273863
2002-01-03,1.1209155186273863
2002-01-04,1.1218509235219691
2002-01-07,1.120861374479876
2002-01-08,1.1205374993138357
2002-01-09,1.1193955387417325
2002-01-10,1.1193955387417325
2002-01-11,1.1193955387417325
2002-01-14,1.1193955387417325
2002-01-15,1.1193955387417325
2002-01-16,1.1193955387417325
2002-01-17,1.1193955387417325
2002-01-18,1.1193955387417325
2002-01-22,1.1193955387417325
2002-01-23,1.1193955387417325
2002-01-24,1.1193955387417325
2002-01-25,1.1193955387417325
2002-01-28,1.1193955387417325
2002-01-29,1.1193955387417325
2002-01-30,1.1193955387417325
2002-01-31,1.1193955387417325
2002-02-01,1.1193955387417325
2002-02-04,1.1193955387417325
2002-02-05,1.1193955387417325
2002-02-06,1.1193955387417325
2002-02-07,1.1193955387417325
2002-02-08,1.1193955387417325
2002-02-11,1.1193955387417325
2002-02-12,1.1193955387417325
2002-02-13,1.1193955387417325
2002-02-14,1.1193955387417325
2002-02-15,1.1193955387417325
2002-02-19,1.1193955387417325
2002-02-20,1.1193955387417325
2002-02-21,1.1193955387417325
2002-02-22,1.1193955387417325
2002-02-25,1.1193955387417325
2002-02-26,1.1193955387417325
2002-02-27,1.1193955387417325
2002-02-28,1.1193955387417325
2002-03-01,1.1193955387417325
2002-03-04,1.1193955387417325
2002-03-05,1.118948247451057
2002-03-06,1.1206090459949771
2002-03-07,1.1203090412346246
2002-03-08,1.1208980793590841
2002-03-11,1.1211974746983693
2002-03-12,1.1211138663970617
2002-03-13,1.1197622588676064
2002-03-14,1.1195692774432484
2002-03-15,1.1209027854637823
2002-03-18,1.1209268660549014
2002-03-19,1.1218635029453015
2002-03-20,1.1192248298219678
2002-03-21,1.119285489454427
2002-03-22,1.1189821479513524
2002-03-25,1.117243434563871
2002-03-26,1.117243434563871
2002-03-27,1.1176100059372815
2002-03-28,1.1175490651248439
2002-04-01,1.117610029208211
2002-04-02,1.1168418972285616
2002-04-03,1.1158617056915123
2002-04-04,1.1158617056915123
2002-04-05,1.1158617056915123
2002-04-08,1.1158617056915123
2002-04-09,1.1158617056915123
2002-04-10,1.1158617056915123
2002-04-11,1.1123934630277212
2002-04-12,1.1123934630277212
2002-04-15,1.1123934630277212
2002-04-16,1.1123934630277212
2002-04-17,1.1120986926573146
2002-04-18,1.1120986926573146
2002-04-19,1.1120986926573146
2002-04-22,1.1120986926573146
2002-04-23,1.1120986926573146
2002-04-24,1.1120986926573146
2002-04-25,1.1120986926573146
2002-04-26,1.1120986926573146
2002-04-29,1.1120986926573146
2002-04-30,1.1120986926573146
2002-05-01,1.1120986926573146
2002-05-02,1.1120986926573146
2002-05-03,1.1120986926573146
2002-05-06,1.1120986926573146
2002-05-07,1.1120986926573146
2002-05-08,1.1120986926573146
2002-05-09,1.1120986926573146
2002-05-10,1.1120986926573146
2002-05-13,1.1120986926573146
2002-05-14,1.1120986926573146
2002-05-15,1.1120986926573146
2002-05-16,1.1120986926573146
2002-05-17,1.1120986926573146
2002-05-20,1.1120986926573146
2002-05-21,1.1120986926573146
2002-05-22,1.1120986926573146
2002-05-23,1.1120986926573146
2002-05-24,1.1120986926573146
2002-05-28,1.1120986926573146
2002-05-29,1.1120986926573146
2002-05-30,1.1120986926573146
2002-05-31,1.1120986926573146
2002-06-03,1.1120986926573146
2002-06-04,1.1120986926573146
2002-06-05,1.1120986926573146
2002-06-06,1.1120986926573146
2002-06-07,1.1120986926573146
2002-06-10,1.1120986926573146
2002-06-11,1.1120986926573146
2002-06-12,1.1120986926573146
2002-06-13,1.1120986926573146
2002-06-14,1.1120986926573146
2002-06-17,1.1120986926573146
2002-06-18,1.1120986926573146
2002-06-19,1.1120986926573146
2002-06-20,1.1120986926573146
2002-06-21,1.1120986926573146
2002-06-24,1.1120986926573146
2002-06-25,1.1120986926573146
2002-06-26,1.1120986926573146
2002-06-27,1.1120986926573146
2002-06-28,1.1120986926573146
2002-07-01,1.110984763329655
2002-07-02,1.110984763329655
2002-07-03,1.110984763329655
2002-07-05,1.110984763329655
2002-07-08,1.1108795502652011
2002-07-09,1.1091832434267652
2002-07-10,1.1091832434267652
2002-07-11,1.1091832434267652
2002-07-12,1.1091832434267652
2002-07-15,1.1091832434267652
2002-07-16,1.1091832434267652
2002-07-17,1.1091832434267652
2002-07-18,1.1091832434267652
2002-07-19,1.1091832434267652
2002-07-22,1.1091832434267652
2002-07-23,1.1091832434267652
2002-07-24,1.1091832434267652
2002-07-25,1.1091832434267652
2002-07-26,1.1091832434267652
2002-07-29,1.1091832434267652
2002-07-30,1.1091832434267652
2002-07-31,1.1091832434267652
2002-08-01,1.1091832434267652
2002-08-02,1.1091832434267652
2002-08-05,1.1091832434267652
2002-08-06,1.1091832434267652
2002-08-07,1.1091832434267652
2002-08-08,1.1091832434267652
2002-08-09,1.1091832434267652
2002-08-12,1.1091832434267652
2002-08-13,1.1091832434267652
2002-08-14,1.1091832434267652
2002-08-15,1.1091832434267652
2002-08-16,1.1091832434267652
2002-08-19,1.1091832434267652
2002-08-20,1.1091832434267652
2002-08-21,1.1091832434267652
2002-08-22,1.1091832434267652
2002-08-23,1.1091832434267652
2002-08-26,1.1091832434267652
2002-08-27,1.1091832434267652
2002-08-28,1.1091832434267652
2002-08-29,1.1091832434267652
2002-08-30,1.1091832434267652
2002-09-03,1.1091832434267652
2002-09-04,1.1091832434267652
2002-09-05,1.1091832434267652
2002-09-06,1.1091832434267652
2002-09-09,1.1091832434267652
2002-09-10,1.1091832434267652
2002-09-11,1.1091832434267652
2002-09-12,1.1091832434267652
2002-09-13,1.1091832434267652
2002-09-16,1.1091832434267652
2002-09-17,1.1091832434267652
2002-09-18,1.1091832434267652
2002-09-19,1.1091832434267652
2002-09-20,1.1091832434267652
2002-09-23,1.1091832434267652
2002-09-24,1.1091832434267652
2002-09-25,1.1091832434267652
2002-09-26,1.1091832434267652
2002-09-27,1.1091832434267652
2002-09-30,1.1091832434267652
2002-10-01,1.1091832434267652
2002-10-02,1.1091832434267652
2002-10-03,1.1091832434267652
2002-10-04,1.1091832434267652
2002-10-07,1.1091832434267652
2002-10-08,1.1091832434267652
2002-10-09,1.1091832434267652
2002-10-10,1.1091832434267652
2002-10-11,1.1091832434267652
2002-10-14,1.1091832434267652
2002-10-15,1.1091832434267652
2002-10-16,1.1091832434267652
2002-10-17,1.1091832434267652
2002-10-18,1.1091832434267652
2002-10-21,1.1091832434267652
2002-10-22,1.1091832434267652
2002-10-23,1.1091832434267652
2002-10-24,1.1091832434267652
2002-10-25,1.1091832434267652
2002-10-28,1.1091832434267652
2002-10-29,1.1091832434267652
2002-10-30,1.1091832434267652
2002-10-31,1.1091832434267652
2002-11-01,1.1091832434267652
2002-11-04,1.1091832434267652
2002-11-05,1.1091832434267652
2002-11-06,1.1091832434267652
2002-11-07,1.1091832434267652
2002-11-08,1.1091832434267652
2002-11-11,1.1091832434267652
2002-11-12,1.1091832434267652
2002-11-13,1.1091832434267652
2002-11-14,1.1091832434267652
2002-11-15,1.1091832434267652
2002-11-18,1.1091832434267652
2002-11-19,1.1091832434267652
2002-11-20,1.1091832434267652
2002-11-21,1.1091832434267652
2002-11-22,1.1091832434267652
2002-11-25,1.1091832434267652
2002-11-26,1.1091832434267652
2002-11-27,1.1091832434267652
2002-11-29,1.1091832434267652
2002-12-02,1.1091832434267652
2002-12-03,1.1091832434267652
2002-12-04,1.1091832434267652
2002-12-05,1.1091832434267652
2002-12-06,1.1091832434267652
2002-12-09,1.1091832434267652
2002-12-10,1.1091832434267652
2002-12-11,1.1091832434267652
2002-12-12,1.1091832434267652
2002-12-13,1.1091832434267652
2002-12-16,1.1091832434267652
2002-12-17,1.1091832434267652
2002-12-18,1.1091832434267652
2002-12-19,1.1091832434267652
2002-12-20,1.1091832434267652
2002-12-23,1.1091832434267652
2002-12-24,1.1091832434267652
2002-12-26,1.1091832434267652
2002-12-27,1.1091832434267652
2002-12-30,1.1091832434267652
2002-12-31,1.1091832434267652
2003-01-02,1.1091832434267652
2003-01-03,1.1091832434267652
2003-01-06,1.1091832434267652
2003-01-07,1.1091832434267652
2003-01-08,1.1091832434267652
2003-01-09,1.1091832434267652
2003-01-10,1.1091832434267652
2003-01-13,1.1091832434267652
2003-01-14,1.1091832434267652
2003-01-15,1.1091832434267652
2003-01-16,1.1091832434267652
2003-01-17,1.1091832434267652
2003-01-21,1.1091832434267652
2003-01-22,1.1091832434267652
2003-01-23,1.1091832434267652
2003-01-24,1.1091832434267652
2003-01-27,1.1091832434267652
2003-01-28,1.1091832434267652
2003-01-29,1.1091832434267652
2003-01-30,1.1091832434267652
2003-01-31,1.1091832434267652
2003-02-03,1.1091832434267652
2003-02-04,1.1091832434267652
2003-02-05,1.1091832434267652
2003-02-06,1.1091832434267652
2003-02-07,1.1091832434267652
2003-02-10,1.1091832434267652
2003-02-11,1.1091832434267652
2003-02-12,1.1091832434267652
2003-02-13,1.1091832434267652
2003-02-14,1.1091832434267652
2003-02-18,1.1091832434267652
2003-02-19,1.1091832434267652
2003-02-20,1.1091832434267652
2003-02-21,1.1091832434267652
2003-02-24,1.1091832434267652
2003-02-25,1.1091832434267652
2003-02-26,1.1091832434267652
2003-02-27,1.1091832434267652
2003-02-28,1.1091832434267652
2003-03-03,1.1091832434267652
2003-03-04,1.1091832434267652
2003-03-05,1.1091832434267652
2003-03-06,1.1091832434267652
2003-03-07,1.1091832434267652
2003-03-10,1.1091832434267652
2003-03-11,1.1091832434267652
2003-03-12,1.1091832434267652
2003-03-13,1.1091832434267652
2003-03-14,1.1091832434267652
2003-03-17,1.1091832434267652
2003-03-18,1.1091832434267652
2003-03-19,1.1091832434267652
2003-03-20,1.1091832434267652
2003-03-21,1.1091832434267652
2003-03-24,1.104575570231258
2003-03-25,1.104575570231258
2003-03-26,1.104575570231258
2003-03-27,1.104575570231258
2003-03-28,1.104575570231258
2003-03-31,1.104575570231258
2003-04-01,1.104575570231258
2003-04-02,1.104575570231258
2003-04-03,1.104575570231258
2003-04-04,1.104575570231258
2003-04-07,1.104309389592639
2003-04-08,1.104309389592639
2003-04-09,1.1024937095944178
2003-04-10,1.1024937095944178
2003-04-11,1.1024937095944178
2003-04-14,1.1024937095944178
2003-04-15,1.1037796771250685
2003-04-16,1.1014283774721925
2003-04-17,1.1034720945578858
2003-04-21,1.1036106974131383
2003-04-22,1.106211200571281
2003-04-23,1.108701981663511
2003-04-24,1.1063832596469978
2003-04-25,1.102222150712153
2003-04-28,1.104604177649049
2003-04-29,1.1058826201139809
2003-04-30,1.1062924439339306
2003-05-01,1.106845407432529
2003-05-02,1.1100187632255498
2003-05-05,1.1108076632576969
2003-05-06,1.1150518695198652
2003-05-07,1.1129936085187075
2003-05-08,1.109500575784665
2003-05-09,1.1131697874969608
2003-05-12,1.1159871138209236
2003-05-13,1.115723735583565
2003-05-14,1.1154697014817572
2003-05-15,1.1164058450546264
2003-05-16,1.1194495814240006
2003-05-19,1.1117882466117492
2003-05-20,1.1142412685141005
2003-05-21,1.112646840827463
2003-05-22,1.1174843593572383
2003-05-23,1.1186007847331558
2003-05-27,1.1212533050716882
2003-05-28,1.1217889791102906
2003-05-29,1.1238430660425467
2003-05-30,1.1263429301608259
2003-06-02,1.1270915076102217
2003-06-03,1.1302426243302703
2003-06-04,1.133729675409647
2003-06-05,1.1351190233342494
2003-06-06,1.1354955482078795
2003-06-09,1.1341181686726018
2003-06-10,1.138596908642391
2003-06-11,1.1419862257913123
2003-06-12,1.143880410978525
2003-06-13,1.1426803670243222
2003-06-16,1.1465185659367336
2003-06-17,1.1455782158531478
2003-06-18,1.1428593881095386
2003-06-19,1.1394404877236766
2003-06-20,1.1384176096113139
2003-06-23,1.1366385327797373
2003-06-24,1.1365404870341278
2003-06-25,1.131903799088227
2003-06-26,1.1317635494281184
2003-06-27,1.1285686808517306
2003-06-30,1.1295555320227537
2003-07-01,1.1313019099356312
2003-07-02,1.1365156626261763
2003-07-03,1.1325046572743214
2003-07-07,1.1364667603334755
2003-07-08,1.1366076180643467
2003-07-09,1.1358368454739647
2003-07-10,1.1339181456754956
2003-07-11,1.1356304460170366
2003-07-14,1.136651323107185
2003-07-15,1.1314482733229432
2003-07-16,1.1295565216445718
2003-07-17,1.1243885164980751
2003-07-18,1.128272184152537
2003-07-21,1.1219033296181922
2003-07-22,1.1227246626201761
2003-07-23,1.1262596278478119
2003-07-24,1.1242704070956482
2003-07-25,1.1280195960621007
2003-07-28,1.1254253108528511
2003-07-29,1.1228996684290253
2003-07-30,1.1221068973222779
2003-07-31,1.119526302796703
2003-08-01,1.1186780281422972
2003-08-04,1.1199086746754794
2003-08-05,1.1149933311300753
2003-08-06,1.1161192587217876
2003-08-07,1.119183961376671
2003-08-08,1.1200781527977817
2003-08-11,1.1208283750280943
2003-08-12,1.1225430663343001
2003-08-13,1.1203472037078837
2003-08-14,1.1227232609062532
2003-08-15,1.1228391805538362
2003-08-18,1.1260011234002072
2003-08-19,1.1274748085387465
2003-08-20,1.1262125630570965
2003-08-21,1.1262404963360044
2003-08-22,1.1240305913375506
2003-08-25,1.1230610524169216
2003-08-26,1.1225821097709943
2003-08-27,1.1228473679020023
2003-08-28,1.1255697473399597
2003-08-29,1.1266160658195923
2003-09-02,1.1303013033337774
2003-09-03,1.1333301651513632
2003-09-04,1.1337166717098779
2003-09-05,1.1342788295340767
2003-09-08,1.134900902230942
2003-09-09,1.1353729565914301
2003-09-10,1.1346049717221387
2003-09-11,1.1345718520578194
2003-09-12,1.1370553858906745
2003-09-15,1.1372708964447884
2003-09-16,1.1409493699463755
2003-09-17,1.143268842084802
2003-09-18,1.1462465361922323
2003-09-19,1.1451282365276914
2003-09-22,1.1408162029229876
2003-09-23,1.1422247086869435
2003-09-24,1.140260239460292
2003-09-25,1.137947458285166
2003-09-26,1.138838604400386
2003-09-29,1.141066316086682
2003-09-30,1.1402023081882948
2003-10-01,1.1489599348072883
2003-10-02,1.1481865522487387
2003-10-03,1.1476130906005695
2003-10-06,1.1503323634119214
2003-10-07,1.1493526800746408
2003-10-08,1.1491800733980488
2003-10-09,1.1496054706780043
2003-10-10,1.1517419369740651
2003-10-13,1.1533076528659327
2003-10-14,1.1534044223166504
2003-10-15,1.151149795426097
2003-10-16,1.1513399764583787
2003-10-17,1.1505926232011934
2003-10-20,1.153442122322512
2003-10-21,1.1530151751924829
2003-10-22,1.151259505792873
2003-10-23,1.1479330477503078
2003-10-24,1.150580440086037
2003-10-27,1.150575883292977
2003-10-28,1.1558557131276594
2003-10-29,1.1539280603931052
2003-10-30,1.1536660010067288
2003-10-31,1.153019710687243
2003-11-03,1.154219196762882
2003-11-04,1.1554395133179645
2003-11-05,1.1531976756876445
2003-11-06,1.1511639528515494
2003-11-07,1.1514661171106242
2003-11-10,1.1492095997127942
2003-11-11,1.149471422976719
2003-11-12,1.1546236982087292
2003-11-13,1.1581079400271919
2003-11-14,1.157480145568398
2003-11-17,1.1547096099600795
2003-11-18,1.155012400119955
2003-11-19,1.1543328527096188
2003-11-20,1.1537068164638806
2003-11-21,1.1562764849130958
2003-11-24,1.157538031624721
2003-11-25,1.159131568340737
2003-11-26,1.1602056346485665
2003-11-28,1.158864496318273
2003-12-01,1.1621116388578112
2003-12-02,1.1629081488729645
2003-12-03,1.162334053573322
2003-12-04,1.1636960134330925
2003-12-05,1.1649231643564446
2003-12-08,1.1654824015265326
2003-12-09,1.1625600230804112
2003-12-10,1.1621962692748462
2003-12-11,1.1669819205427068
2003-12-12,1.1681402061320552
2003-12-15,1.1660361907737613
2003-12-16,1.1726037722663114
2003-12-17,1.1734313145137578
2003-12-18,1.1786100696582589
2003-12-19,1.1774829561277802
2003-12-22,1.1788095957741054
2003-12-23,1.1773660087743103
2003-12-24,1.1793730769233095
2003-12-26,1.1797210991992735
2003-12-29,1.1829758882778303
2003-12-30,1.1825588827226585
2003-12-31,1.1852145325597732
2004-01-02,1.1833008550762123
2004-01-05,1.1877954916251228
2004-01-06,1.1906154231916588
2004-01-07,1.1900849255972934
2004-01-08,1.1930548728853738
2004-01-09,1.193775119328219
2004-01-12,1.1950874648022618
2004-01-13,1.1945505633568039
2004-01-14,1.197700942254129
2004-01-15,1.1979250647871267
2004-01-16,1.1966951203843943
2004-01-20,1.197708009363186
2004-01-21,1.201484778563231
2004-01-22,1.20259189041226
2004-01-23,1.1981762017017688
2004-01-26,1.199087873483573
2004-01-27,1.198395612782054
2004-01-28,1.1924968179695188
2004-01-29,1.190286521389768
2004-01-30,1.190737612294452
2004-02-02,1.1908831084658464
2004-02-03,1.1909551351557421
2004-02-04,1.186422245841678
2004-02-05,1.1866210844393987
2004-02-06,1.1958088689348452
2004-02-09,1.1999215025956484
2004-02-10,1.20006436704655
2004-02-11,1.207382549137019
2004-02-12,1.2050831591754907
2004-02-13,1.2055621588351346
2004-02-17,1.2124169292676417
2004-02-18,1.2072023089431938
2004-02-19,1.206973544544051
2004-02-20,1.20173579074254
2004-02-23,1.2013740257042673
2004-02-24,1.2001441122037695
2004-02-25,1.2015779468777292
2004-02-26,1.20234940661438
2004-02-27,1.2068475029409131
2004-03-01,1.2139204004732163
2004-03-02,1.2082180357057795
2004-03-03,1.2070258052888618
2004-03-04,1.2096436497242775
2004-03-05,1.2159610863809225
2004-03-08,1.2129561137135985
2004-03-09,1.2111886434259969
2004-03-10,1.2032352835510038
2004-03-11,1.194965927218504
2004-03-12,1.1988638889333287
2004-03-15,1.1919380647738484
2004-03-16,1.1973568664218264
2004-03-17,1.2041838053367742
2004-03-18,1.2039486030089375
2004-03-19,1.197424644392487
2004-03-22,1.1923202663935597
2004-03-23,1.195196048885847
2004-03-24,1.1946005018152166
2004-03-25,1.2002674016465962
2004-03-26,1.1973170788424896
2004-03-29,1.2031098825039421
2004-03-30,1.2054647443927915
2004-03-31,1.2096761120416626
2004-04-01,1.213388881139804
2004-04-02,1.2113136286275674
2004-04-05,1.211700977767976
2004-04-06,1.2128370181025443
2004-04-07,1.2122269033173054
2004-04-08,1.2115584137591309
2004-04-12,1.2129014436169652
2004-04-13,1.2049297274998396
2004-04-14,1.2010819402251518
2004-04-15,1.1973818516846448
2004-04-16,1.2026574612886671
2004-04-19,1.2024075151233808
2004-04-20,1.1944300615723162
2004-04-21,1.195767530742614
2004-04-22,1.2002913347144424
2004-04-23,1.200077980263745
2004-04-26,1.1976856747491467
2004-04-27,1.198469319813957
2004-04-28,1.1875864047871492
2004-04-29,1.1787991684368577
2004-04-30,1.1741757336423115
2004-05-03,1.1788614174008067
2004-05-04,1.1825915174212172
2004-05-05,1.1853122427291338
2004-05-06,1.1771520994203353
2004-05-07,1.1655106228307934
2004-05-10,1.153251788064062
2004-05-11,1.1555133857238251
2004-05-12,1.1573629948483173
2004-05-13,1.1552387456920963
2004-05-14,1.1551838749843375
2004-05-17,1.152370182178624
2004-05-18,1.15462367115846
2004-05-19,1.1555500435838573
2004-05-20,1.156197527952007
2004-05-21,1.157512948478332
2004-05-24,1.1590477652363944
2004-05-25,1.1632834205927665
2004-05-26,1.1629563773688492
2004-05-27,1.1688393958135816
2004-05-28,1.167410129060458
2004-06-01,1.1665527263840558
2004-06-02,1.1675167325217448
2004-06-03,1.1615298519739305
2004-06-04,1.1644218433135218
2004-06-07,1.1698536439779965
2004-06-08,1.1672032186526506
2004-06-09,1.1600425482701455
2004-06-10,1.1624744459322103
2004-06-14,1.1575424435629238
2004-06-15,1.161132267693346
2004-06-16,1.1610549240888572
2004-06-17,1.161772144642735
2004-06-18,1.162304033428647
2004-06-21,1.1612391490051794
2004-06-22,1.162032109061509
2004-06-23,1.164202629701596
2004-06-24,1.1643117171071262
2004-06-25,1.163079280993575
2004-06-28,1.1622351267970703
2004-06-29,1.1625310158454885
2004-06-30,1.1642295124757265
2004-07-01,1.158558653869119
2004-07-02,1.1602994279269496
2004-07-06,1.1560256279311183
2004-07-07,1.1583486317602572
2004-07-08,1.1565173545419496
2004-07-09,1.1584147334640884
2004-07-12,1.1593654008876146
2004-07-13,1.1581633073309436
2004-07-14,1.1569010938646056
2004-07-15,1.153804184333713
2004-07-16,1.1586069918640736
2004-07-19,1.157949961392684
2004-07-20,1.1575384427377722
2004-07-21,1.1510463349012725
2004-07-22,1.151979005088498
2004-07-23,1.1506200960829474
2004-07-26,1.1493754734147221
2004-07-27,1.1470300549935708
2004-07-28,1.1470093673411366
2004-07-29,1.1468605483641277
2004-07-30,1.1497388242620508
2004-08-02,1.1511174053081876
2004-08-03,1.1494469552702304
2004-08-04,1.150037231176154
2004-08-05,1.1486940600754356
2004-08-06,1.1528718449496809
2004-08-09,1.1525230803489273
2004-08-10,1.1510762870241205
2004-08-11,1.1515644124066051
2004-08-12,1.1522450151002024
2004-08-13,1.153358888162942
2004-08-16,1.152893364428045
2004-08-17,1.15478032451518
2004-08-18,1.1534243993993287
2004-08-19,1.1544326854362545
2004-08-20,1.1532010363161362
2004-08-23,1.1513102202435692
2004-08-24,1.151329488565185
2004-08-25,1.1520404873377312
2004-08-26,1.1531314324394564
2004-08-27,1.1542210612278927
2004-08-30,1.1537143131009697
2004-08-31,1.156292188854126
2004-09-01,1.1569112412763751
2004-09-02,1.158093834757054
2004-09-03,1.1524418654660555
2004-09-07,1.157393231571734
2004-09-08,1.1587634983193031
2004-09-09,1.1585154727006641
2004-09-10,1.162246524445979
2004-09-13,1.1655635174286754
2004-09-14,1.1663975706937473
2004-09-15,1.162320945735999
2004-09-16,1.1676082045290295
2004-09-17,1.1680183449620343
2004-09-20,1.1686327463687674
2004-09-21,1.1731929918167254
2004-09-22,1.1683640000583622
2004-09-23,1.1663019222019764
2004-09-24,1.1660521539160549
2004-09-27,1.1643943928529163
2004-09-28,1.167608355864723
2004-09-29,1.1665064233158633
2004-09-30,1.1673157188933152
2004-10-01,1.173353278840567
2004-10-04,1.1763282491570952
2004-10-05,1.1759984264861953
2004-10-06,1.1780759281915556
2004-10-07,1.1736535792685037
2004-10-08,1.1757847300515443
2004-10-11,1.1780219356075958
2004-10-12,1.173384761254688
2004-10-13,1.170389847398314
2004-10-14,1.169431928835131
2004-10-15,1.1716387857430544
2004-10-18,1.1741183769899821
2004-10-19,1.1718834062125432
2004-10-20,1.1731819923397557
2004-10-21,1.175446955695582
2004-10-22,1.1741394704224606
2004-10-25,1.1750497559813329
2004-10-26,1.1755632806894023
2004-10-27,1.17750089640857
2004-10-28,1.1782619670933316
2004-10-29,1.180096210076157
2004-11-01,1.180189505715299
2004-11-02,1.1821833685365781
2004-11-03,1.1879225832584392
2004-11-04,1.1946945450053927
2004-11-05,1.1947669325799208
2004-11-08,1.1904478052624803
2004-11-09,1.191151963783293
2004-11-10,1.1905445736699356
2004-11-11,1.1951156805505756
2004-11-12,1.2020732973534547
2004-11-15,1.2029289799489373
2004-11-16,1.1984806035474362
2004-11-17,1.206666889687179
2004-11-18,1.2072278576407454
2004-11-19,1.2004889902957214
2004-11-22,1.202503258127614
2004-11-23,1.2032454778417603
2004-11-24,1.2062307815428999
2004-11-26,1.207970021204203
2004-11-29,1.2043323734376368
2004-11-30,1.203822991384333
2004-12-01,1.208595880782118
2004-12-02,1.207723273510203
2004-12-03,1.2124425190969625
2004-12-06,1.2121231370762828
2004-12-07,1.2081060895553046
2004-12-08,1.2102383730200243
2004-12-09,1.207475754818025
2004-12-10,1.2061028957514903
2004-12-13,1.2126040389339015
2004-12-14,1.215056466892872
2004-12-15,1.2198943425265492
2004-12-16,1.2150007791416348
2004-12-17,1.2128010256197173
2004-12-20,1.2164207238508937
2004-12-21,1.2204021144606183
2004-12-22,1.2212922128040116
2004-12-23,1.2235969213975024
2004-12-27,1.2223236261553079
2004-12-28,1.2250428474071389
2004-12-29,1.2248085709629983
2004-12-30,1.225589175218129
2004-12-31,1.227787920653631
2005-01-03,1.2256640203265017
2005-01-04,1.2141744186469596
2005-01-05,1.2114861662079293
2005-01-06,1.2125083979652707
2005-01-07,1.2116668122703016
2005-01-10,1.2129061773486505
2005-01-11,1.212150288573606
2005-01-12,1.2163310116534516
2005-01-13,1.2145628050048651
2005-01-14,1.2183510682654255
2005-01-18,1.2202099569012974
2005-01-19,1.215476234839632
2005-01-20,1.2118572753348364
2005-01-21,1.2143049643225963
2005-01-24,1.2143175081364972
2005-01-25,1.2148280470695607
2005-01-26,1.2193539106575852
2005-01-27,1.219219371842381
2005-01-28,1.2212067051143256
2005-01-31,1.224758716755811
2005-02-01,1.228021761175803
2005-02-02,1.2291862002165312
2005-02-03,1.2275392839208976
2005-02-04,1.234288974752421
2005-02-07,1.2339867236245938
2005-02-08,1.235258434748522
2005-02-09,1.2349297071969845
2005-02-10,1.235537400746146
2005-02-11,1.2390029484145173
2005-02-14,1.2416885536120306
2005-02-15,1.2429073406296307
2005-02-16,1.2396751496079224
2005-02-17,1.2377185298186142
2005-02-18,1.2395995798598494
2005-02-22,1.2358071115319833
2005-02-23,1.2381277032157183
2005-02-24,1.2410827907921018
2005-02-25,1.2479136140954112
2005-02-28,1.2439622125741132
2005-03-01,1.245892220355776
2005-03-02,1.241919238882851
2005-03-03,1.2425039435840686
2005-03-04,1.2506591359419508
2005-03-07,1.2516362166377428
2005-03-08,1.248505273638971
2005-03-09,1.2415429014983819
2005-03-10,1.2409368713604212
2005-03-11,1.2387941599212875
2005-03-14,1.2380020759395653
2005-03-15,1.2313084050838303
2005-03-16,1.2295143172178267
2005-03-17,1.232067574989757
2005-03-18,1.2296492290521537
2005-03-21,1.2256302861683277
2005-03-22,1.217334635481119
2005-03-23,1.2145213862686226
2005-03-24,1.2145979811812195
2005-03-28,1.2155648145021953
2005-03-29,1.2090497173844537
2005-03-30,1.2158700318605964
2005-03-31,1.2177529090950703
2005-04-01,1.2186519567398602
2005-04-04,1.218107807423581
2005-04-05,1.2193285509710958
2005-04-06,1.223140473608941
2005-04-07,1.2245918845778219
2005-04-08,1.222275846796994
2005-04-11,1.221783798650965
2005-04-12,1.2267179361336886
2005-04-13,1.2208904578773154
2005-04-14,1.2129651801545278
2005-04-15,1.2080132110740642
2005-04-18,1.208777021633996
2005-04-19,1.2150114582367795
2005-04-20,1.2074667180209162
2005-04-21,1.212303019738704
2005-04-22,1.2111917573746023
2005-04-25,1.2161639536004392
2005-04-26,1.2105398770904294
2005-04-27,1.2111838455173642
2005-04-28,1.206769499948569
2005-04-29,1.2109052439138663
2005-05-02,1.2129243369906755
2005-05-03,1.2135456078700317
2005-05-04,1.2204382997320127
2005-05-05,1.2222197447305745
2005-05-06,1.2189999303336871
2005-05-09,1.219771066058118
2005-05-10,1.2133231691795436
2005-05-11,1.216128913803466
2005-05-12,1.2099855255403236
2005-05-13,1.2086346292746322
2005-05-16,1.2120102695671109
2005-05-17,1.2134954316162903
2005-05-18,1.2212285140242247
2005-05-19,1.221479924153015
2005-05-20,1.2199950252840128
2005-05-23,1.224444224999816
2005-05-24,1.2242521275322613
2005-05-25,1.222026599541471
2005-05-26,1.2248297897606506
2005-05-27,1.2267982931026014
2005-05-31,1.2243720552198918
2005-06-01,1.2315424832949737
2005-06-02,1.2347953304001515
2005-06-03,1.2296846840574283
2005-06-06,1.2329744745340017
2005-06-07,1.2342777564449872
2005-06-08,1.2319563036612804
2005-06-09,1.2337107667221612
2005-06-10,1.2309362401215278
2005-06-13,1.2305987589669898
2005-06-14,1.230868735432325
2005-06-15,1.2327883402061242
2005-06-16,1.2361647289887046
2005-06-17,1.2407125348366923
2005-06-20,1.2371466953805208
2005-06-21,1.239297125860909
2005-06-22,1.243356967218756
2005-06-23,1.2364676013204883
2005-06-24,1.235764749591968
2005-06-27,1.2370729456191765
2005-06-28,1.2388318830044307
2005-06-29,1.2368269748574194
2005-06-30,1.2368923797605562
2005-07-01,1.235109927924624
2005-07-05,1.2355144019629243
2005-07-06,1.2339590128632292
2005-07-07,1.2351185781462832
2005-07-08,1.2394520778650102
2005-07-11,1.2428168066622964
2005-07-12,1.2458592638232409
2005-07-13,1.2447164371518338
2005-07-14,1.2466008202848244
2005-07-15,1.245435861728196
2005-07-18,1.243240573781428
2005-07-19,1.2466374024350841
2005-07-20,1.2489670740408
2005-07-21,1.2473119844418894
2005-07-22,1.249527117246159
2005-07-25,1.247001932694487
2005-07-26,1.247920250348068
2005-07-27,1.2506115433902587
2005-07-28,1.256354197153579
2005-07-29,1.2526690475488722
2005-08-01,1.2558761296736844
2005-08-02,1.2599497240513693
2005-08-03,1.262427269818932
2005-08-04,1.2582219323961303
2005-08-05,1.2518044527674286
2005-08-08,1.2518024141090065
2005-08-09,1.2584349157464851
2005-08-10,1.2611879828557981
2005-08-11,1.2650564753509592
2005-08-12,1.2632795206765937
2005-08-15,1.2650601039120588
2005-08-16,1.2600918154794725
2005-08-17,1.2584362229406223
2005-08-18,1.2555473027219197
2005-08-19,1.2556746904780711
2005-08-22,1.259547605870782
2005-08-23,1.2576263161832753
2005-08-24,1.2527306981996433
2005-08-25,1.2560415150787003
2005-08-26,1.2541294209116733
2005-08-29,1.2571587044292485
2005-08-30,1.2556076920453372
2005-08-31,1.2664153118207446
2005-09-01,1.270304132787867
2005-09-02,1.271984666714455
2005-09-06,1.2767245633329736
2005-09-07,1.2756048323564193
2005-09-08,1.2745986718812876
2005-09-09,1.2814715253736122
2005-09-12,1.2787161711309603
2005-09-13,1.274925810519401
2005-09-14,1.274421861422667
2005-09-15,1.2755756125017823
2005-09-16,1.2809457210885327
2005-09-19,1.2815287852316661
2005-09-20,1.2794567602029074
2005-09-21,1.2843239391089465
2005-09-22,1.2809066026744031
2005-09-23,1.2783234577683298
2005-09-26,1.2813528038700774
2005-09-27,1.2786705058252734
2005-09-28,1.2852930175824429
2005-09-29,1.2915941824292718
2005-09-30,1.2883273611833277
2005-10-03,1.2855984929194397
2005-10-04,1.2818406751804203
2005-10-05,1.2740260380651178
2005-10-06,1.2693794819407378
2005-10-07,1.2746842728836383
2005-10-10,1.2721994683493665
2005-10-11,1.272114328889233
2005-10-12,1.2630194912813917
2005-10-13,1.261866327011161
2005-10-14,1.2620099397048212
2005-10-17,1.2637171943044225
2005-10-18,1.2569490227207443
2005-10-19,1.2593653537147746
2005-10-20,1.2454694193929554
2005-10-21,1.2524944395229358
2005-10-24,1.2577315282861943
2005-10-25,1.2562936032412926
2005-10-26,1.255685649397225
2005-10-27,1.2508171754038981
2005-10-28,1.2564069046130262
2005-10-31,1.2572071571283636
2005-11-01,1.2595174086393777
2005-11-02,1.2671382460556442
2005-11-03,1.2673219482366866
2005-11-04,1.2637753858694152
2005-11-07,1.2658640701766963
2005-11-08,1.2644777976879633
2005-11-09,1.2691819382972949
2005-11-10,1.2701960341080467
2005-11-11,1.2730106461502682
2005-11-14,1.2709426331865943
2005-11-15,1.268733443836365
2005-11-16,1.2739326332575385
2005-11-17,1.2828220375462465
2005-11-18,1.2849392816710052
2005-11-21,1.287821532846627
2005-11-22,1.2904646444183288
2005-11-23,1.292782479328363
2005-11-25,1.2922811775866319
2005-11-28,1.2915656362797525
2005-11-29,1.288044653668406
2005-11-30,1.283711260737255
2005-12-01,1.2960548687939843
2005-12-02,1.29716394898452
2005-12-05,1.3003342673269072
2005-12-06,1.3029858096340245
2005-12-07,1.3005871972430803
2005-12-08,1.301077347637133
2005-12-09,1.305086501170626
2005-12-12,1.308390400052947
2005-12-13,1.3096055924198307
2005-12-14,1.3054001698856068
2005-12-15,1.302016836494296
2005-12-16,1.3020039733151707
2005-12-19,1.3011477578855704
2005-12-20,1.298682058332998
2005-12-21,1.3032357210077765
2005-12-22,1.308608583871914
2005-12-23,1.3103410453581692
2005-12-27,1.308992057015165
2005-12-28,1.3126690803768897
2005-12-29,1.3118819976359304
2005-12-30,1.310564137862685
2006-01-03,1.3309074473619114
2006-01-04,1.3358429441883262
2006-01-05,1.3331326340542409
2006-01-06,1.3437800627766714
2006-01-09,1.3489860965383653
2006-01-10,1.3424826057969474
2006-01-11,1.3470634392338339
2006-01-12,1.3439472315352454
2006-01-13,1.3494430649105025
2006-01-17,1.3436580110033487
2006-01-18,1.3372255600523884
2006-01-19,1.349180866787017
2006-01-20,1.3378464163601718
2006-01-23,1.347705234132348
2006-01-24,1.3503190231452453
2006-01-25,1.349974671142345
2006-01-26,1.354983927119027
2006-01-27,1.359103526691541
2006-01-30,1.3609062764421684
2006-01-31,1.3610390682287365
2006-02-01,1.3621826099273837
2006-02-02,1.354871137044983
2006-02-03,1.3503310358149168
2006-02-06,1.3551619033071889
2006-02-07,1.3415142922827632
2006-02-08,1.3447804349966666
2006-02-09,1.3495013114665098
2006-02-10,1.3446391980422228
2006-02-13,1.3358546048421773
2006-02-14,1.345823146096132
2006-02-15,1.3419616846041473
2006-02-16,1.3513805616666275
2006-02-17,1.3522678278667344
2006-02-21,1.3501759528811126
2006-02-22,1.3553730867324485
2006-02-23,1.3528848665819038
2006-02-24,1.3573627541963438
2006-02-27,1.3578566750099423
2006-02-28,1.3534054497811556
2006-03-01,1.3607662134317735
2006-03-02,1.3620812796428268
2006-03-03,1.3560302694890485
2006-03-06,1.3479106584574003
2006-03-07,1.338806291998141
2006-03-08,1.3377332540762759
2006-03-09,1.33556295786077
2006-03-10,1.3419371079078766
2006-03-13,1.3449586330746275
2006-03-14,1.3554792101560682
2006-03-15,1.3591202759870527
2006-03-16,1.359907189819098
2006-03-17,1.3610168039788078
2006-03-20,1.3621389310377041
2006-03-21,1.3543750339312206
2006-03-22,1.3586108235945094
2006-03-23,1.3543461193512323
2006-03-24,1.3607046326487604
2006-03-27,1.3634204340210538
2006-03-28,1.3561944308069356
2006-03-29,1.3654435379187309
2006-03-30,1.3726432705283713
2006-03-31,1.3697521262102277
2006-04-03,1.3774258360808722
2006-04-04,1.380494107587681
2006-04-05,1.3844085248814921
2006-04-06,1.3853224998116163
2006-04-07,1.3769243750400377
2006-04-10,1.3798772218034638
2006-04-11,1.3740851145824717
2006-04-12,1.3757818391427177
2006-04-13,1.3770266223130583
2006-04-17,1.3843925708250628
2006-04-18,1.3985751716850756
2006-04-19,1.406557228027623
2006-04-20,1.3976929391971942
2006-04-21,1.4066798269186023
2006-04-24,1.3999254186773826
2006-04-25,1.3999023353210422
2006-04-26,1.4069043399293315
2006-04-27,1.4033902135673673
2006-04-28,1.4116533002137939
2006-05-01,1.4102788596601745
2006-05-02,1.4211706556030528
2006-05-03,1.4194116542833737
2006-05-04,1.4258766665275582
2006-05-05,1.4344054763381928
2006-05-08,1.4342034864222986
2006-05-09,1.4414158313195646
2006-05-10,1.4406230385159675
2006-05-11,1.4337073049633458
2006-05-12,1.4245931353505663
2006-05-15,1.409865567565475
2006-05-16,1.4133684997331943
2006-05-17,1.3971290310758915
2006-05-18,1.390591025301884
2006-05-19,1.3915950765673053
2006-05-22,1.3775155697661239
2006-05-23,1.3772261626622808
2006-05-24,1.3712787379292342
2006-05-25,1.3847100604623255
2006-05-26,1.3875435215496499
2006-05-30,1.3743855650616752
2006-05-31,1.3781438987418482
2006-06-01,1.3799488709040695
2006-06-02,1.3863468698924182
2006-06-05,1.3715758605910304
2006-06-06,1.3658105947681787
2006-06-07,1.3571619948956353
2006-06-08,1.349534628428449
2006-06-09,1.347773922752524
2006-06-12,1.3446473180698295
2006-06-13,1.3278818748400048
2006-06-14,1.3263669419020019
2006-06-15,1.3314344195549872
2006-06-16,1.329933442559827
2006-06-19,1.3252963963338453
2006-06-20,1.3290545467881683
2006-06-21,1.33418592967428
2006-06-22,1.3315935814613569
2006-06-23,1.3318632961861399
2006-06-26,1.3340063169082415
2006-06-27,1.329206554447397
2006-06-28,1.3306919590630824
2006-06-29,1.3425585211365325
2006-06-30,1.3496770092124875
2006-07-03,1.3575981284470084
2006-07-05,1.3490061142272667
2006-07-06,1.3561234324951437
2006-07-07,1.3499746755751796
2006-07-10,1.3514152482404247
2006-07-11,1.3583114228857542
2006-07-12,1.352591298268692
2006-07-13,1.3486518673820687
2006-07-14,1.348207675916761
2006-07-17,1.3406174998729405
2006-07-18,1.337474769483007
2006-07-19,1.341129068713016
2006-07-20,1.3305329239915513
2006-07-21,1.3279931531711275
2006-07-24,1.3297713467298675
2006-07-25,1.331442246734824
2006-07-26,1.3342107851271305
2006-07-27,1.3398004682961162
2006-07-28,1.3504481471660432
2006-07-31,1.3483023856057008
2006-08-01,1.347359758650858
2006-08-02,1.3542083836252177
2006-08-03,1.3526451678468543
2006-08-04,1.3552894641211908
2006-08-07,1.3530055621621915
2006-08-08,1.3504937157619226
2006-08-09,1.353101938560065
2006-08-10,1.352067727689759
2006-08-11,1.3454704779181692
2006-08-14,1.3449173749799155
2006-08-15,1.3561294774572104
2006-08-16,1.3640377466950693
2006-08-17,1.3599932998381172
2006-08-18,1.3608981746608593
2006-08-21,1.3635225531908537
2006-08-22,1.3621219916568217
2006-08-23,1.357059933038184
2006-08-24,1.3559049680888406
2006-08-25,1.3571585260337888
2006-08-28,1.3583638193677774
2006-08-29,1.3606613533603544
2006-08-30,1.363413982446615
2006-08-31,1.3663442642535422
2006-09-01,1.3701956071563925
2006-09-05,1.3744389508941894
2006-09-06,1.363659268182313
2006-09-07,1.354764438719212
2006-09-08,1.3555612446337866
2006-09-11,1.3445873061934286
2006-09-12,1.3493023514853317
2006-09-13,1.352921977157259
2006-09-14,1.3507714202240244
2006-09-15,1.3515484952445906
2006-09-18,1.354140819280391
2006-09-19,1.3516018406806463
2006-09-20,1.3581221343384693
2006-09-21,1.3565366820813731
2006-09-22,1.3537413400393308
2006-09-25,1.3569105350260822
2006-09-26,1.3578051779792064
2006-09-27,1.3585205999080892
2006-09-28,1.3601809514038492
2006-09-29,1.3569970144858032
2006-10-02,1.3563823993208766
2006-10-03,1.354646706395953
2006-10-04,1.3604937247473705
2006-10-05,1.3616052211109706
2006-10-06,1.3569424205423113
2006-10-09,1.357223661664956
2006-10-10,1.3567416664812466
2006-10-11,1.3547339267702134
2006-10-12,1.362814844468222
2006-10-13,1.3632108353226011
2006-10-16,1.365569218629242
2006-10-17,1.3625033884998514
2006-10-18,1.3653388454529993
2006-10-19,1.3668749312836816
2006-10-20,1.3666223579103673
2006-10-23,1.3660402765987834
2006-10-24,1.36825772162068
2006-10-25,1.3737975334563626
2006-10-26,1.3777851918168873
2006-10-27,1.3741006092054218
2006-10-30,1.3732987989491916
2006-10-31,1.3788361547232242
2006-11-01,1.3803161777575592
2006-11-02,1.3820925872495153
2006-11-03,1.3793072642604838
2006-11-06,1.387127797894706
2006-11-07,1.3893123257445608
2006-11-08,1.3886382449038195
2006-11-09,1.392877930131926
2006-11-10,1.393846712583014
2006-11-13,1.3925243795601319
2006-11-14,1.3977739153424313
2006-11-15,1.3978761269159605
2006-11-16,1.393857498855593
2006-11-17,1.3961881213676912
2006-11-20,1.3946069790617603
2006-11-21,1.4005568501832057
2006-11-22,1.4051952329816535
2006-11-24,1.4068503588887875
2006-11-27,1.4003046134371029
2006-11-28,1.4043885034948798
2006-11-29,1.409287741440966
2006-11-30,1.4164772754164514
2006-12-01,1.41534751557007
2006-12-04,1.4220984141426802
2006-12-05,1.4256919567340403
2006-12-06,1.4199385760259877
2006-12-07,1.4191135656000886
2006-12-08,1.4144615068191406
2006-12-11,1.4181703543210002
2006-12-12,1.4176669050666297
2006-12-13,1.4170361006989405
2006-12-14,1.4206323651644523
2006-12-15,1.4174895378507695
2006-12-18,1.4157160279761378
2006-12-19,1.415777110221658
2006-12-20,1.4168290747284782
2006-12-21,1.4165365814055504
2006-12-22,1.4149253052919584
2006-12-26,1.418757015163713
2006-12-27,1.423821730102825
2006-12-28,1.4241650345740036
2006-12-29,1.4235952761306696
2007-01-03,1.4233889728843714
2007-01-04,1.4213580700132653
2007-01-05,1.4069962760980006
2007-01-08,1.4095135105811605
2007-01-09,1.405589527764567
2007-01-10,1.4037150494312225
2007-01-11,1.4064851838332353
2007-01-12,1.4125996996261996
2007-01-16,1.4128732683656888
2007-01-17,1.4135169642611662
2007-01-18,1.4103811919135585
2007-01-19,1.4177011108305335
2007-01-22,1.4158013544733377
2007-01-23,1.424847292573665
2007-01-24,1.4293140859187579
2007-01-25,1.4165689672752466
2007-01-26,1.4179796349416462
2007-01-29,1.414174510068947
2007-01-30,1.4209733353661085
2007-01-31,1.4274511232017053
2007-02-01,1.4331619237292
2007-02-02,1.4305014622126369
2007-02-05,1.4309502149901825
2007-02-06,1.4368076773229483
2007-02-07,1.437432093591484
2007-02-08,1.43834918339322
2007-02-09,1.434026095661406
2007-02-12,1.4298882410939
2007-02-13,1.43671427270411
2007-02-14,1.4483827287458126
2007-02-15,1.4499262439522553
2007-02-16,1.450557109467221
2007-02-20,1.4494080924780233
2007-02-21,1.4544473948482157
2007-02-22,1.4530450389568772
2007-02-23,1.454897194481645
2007-02-26,1.457484543647074
2007-02-27,1.4240064314155283
2007-02-28,1.4333868575731463
2007-03-01,1.426829523655421
2007-03-02,1.4161645976423616
2007-03-05,1.4038433299980606
2007-03-06,1.4223788242651267
2007-03-07,1.4222066974556513
2007-03-08,1.4309404264428127
2007-03-09,1.4289956164039743
2007-03-12,1.433056176310437
2007-03-13,1.419637646613632
2007-03-14,1.4224953019932265
2007-03-15,1.4247523265857989
2007-03-16,1.4240370618428133
2007-03-19,1.4324747663551343
2007-03-20,1.4385354589872739
2007-03-21,1.4532587636717986
2007-03-22,1.4500335212909605
2007-03-23,1.4488799106088863
2007-03-26,1.4509020600498197
2007-03-27,1.4484317066245331
2007-03-28,1.4431994218025361
2007-03-29,1.4466931772334728
2007-03-30,1.4469482098938085
2007-04-02,1.4497103851592847
2007-04-03,1.4556522645023569
2007-04-04,1.46110222070915
2007-04-05,1.4615589369063717
2007-04-09,1.4596854560430461
2007-04-10,1.4648809869677708
2007-04-11,1.4606603487610974
2007-04-12,1.4661705896317712
2007-04-13,1.4699246882834291
2007-04-16,1.4780346762185013
2007-04-17,1.4788010680099366
2007-04-18,1.479367771094441
2007-04-19,1.47485415504619
2007-04-20,1.4837602593192702
2007-04-23,1.4804321540518648
2007-04-24,1.4798376689098247
2007-04-25,1.4856975599115725
2007-04-26,1.4804806549230543
2007-04-27,1.480831723587121
2007-04-30,1.4760881159215247
2007-05-01,1.4758057056606355
2007-05-02,1.4816481644477184
2007-05-03,1.4861053364935635
2007-05-04,1.4915875722591359
2007-05-07,1.4938467129513466
2007-05-08,1.4883250737877307
2007-05-09,1.4905561141128612
2007-05-10,1.4772393493059468
2007-05-11,1.4869469157823139
2007-05-14,1.483101492231465
2007-05-15,1.4839135918125403
2007-05-16,1.485888736168498
2007-05-17,1.4810016698212143
2007-05-18,1.4846974725299353
2007-05-21,1.4853729946970846
2007-05-22,1.4826055518240508
2007-05-23,1.4835690171662916
2007-05-24,1.4739738445252868
2007-05-25,1.4788724007196037
2007-05-29,1.4785757866872558
2007-05-30,1.4823010061843889
2007-05-31,1.4852664354572915
2007-06-01,1.4928829281053622
2007-06-04,1.493388848428717
2007-06-05,1.4888357686072005
2007-06-06,1.4798212557825412
2007-06-07,1.464017412148571
2007-06-08,1.4687133056168862
2007-06-11,1.4725960420343986
2007-06-12,1.4624134032476805
2007-06-13,1.4724073768089092
2007-06-14,1.4780351490378476
2007-06-15,1.4855095205638689
2007-06-18,1.4867800175841217
2007-06-19,1.4890806106463432
2007-06-20,1.477918653340964
2007-06-21,1.4826774440334825
2007-06-22,1.4775981635852147
2007-06-25,1.4746840495458189
2007-06-26,1.4647334567876213
2007-06-27,1.4713999565113527
2007-06-28,1.4752203206150438
2007-06-29,1.479533372326607
2007-07-02,1.4921361645127094
2007-07-03,1.4942085549846253
2007-07-05,1.4943341108565267
2007-07-06,1.503256404356277
2007-07-09,1.505760716083626
2007-07-10,1.4990188820735508
2007-07-11,1.5025489787580901
2007-07-12,1.5140046381255499
2007-07-13,1.5195750863457336
2007-07-16,1.5177929152885448
2007-07-17,1.515951865563262
2007-07-18,1.5188198212422928
2007-07-19,1.5253151049750406
2007-07-20,1.521904595138698
2007-07-23,1.526580673107231
2007-07-24,1.5106378991867981
2007-07-25,1.5179517010624217
2007-07-26,1.4920838104265683
2007-07-27,1.4879533884352294
2007-07-30,1.4999404776339222
2007-07-31,1.4985331927631425
2007-08-01,1.4960000170288767
2007-08-02,1.4998632770693257
2007-08-03,1.483779580234595
2007-08-06,1.4802392772761772
2007-08-07,1.4845092961476878
2007-08-08,1.4953273413320334
2007-08-09,1.472649553011711
2007-08-10,1.4671909182293974
2007-08-13,1.4705113798857885
2007-08-14,1.4637338533623403
2007-08-15,1.4597140343239783
2007-08-16,1.4480758720063949
2007-08-17,1.4501305474942245
2007-08-20,1.4493044596911366
2007-08-21,1.4463711907189811
2007-08-22,1.4562048371518515
2007-08-23,1.4588598190005027
2007-08-24,1.4743086699320038
2007-08-27,1.4740637710884925
2007-08-28,1.4583936717206396
2007-08-29,1.4701819033171721
2007-08-30,1.4684149100776895
2007-08-31,1.4821230308149218
2007-09-04,1.4936420560172825
2007-09-05,1.4909950481790242
2007-09-06,1.4975036852081633
2007-09-07,1.4944598774278126
2007-09-10,1.4988363341998208
2007-09-11,1.5091878471069395
2007-09-12,1.512201684909881
2007-09-13,1.5140021412090516
2007-09-14,1.5127248100038428
2007-09-17,1.513399143006067
2007-09-18,1.5411764557837087
2007-09-19,1.5417009060666274
2007-09-20,1.541741340946289
2007-09-21,1.5455286487375475
2007-09-24,1.548081124294418
2007-09-25,1.5450674347755258
2007-09-26,1.551082077308014
2007-09-27,1.5664866206241557
2007-09-28,1.5645749835438107
2007-10-01,1.5717898183786398
2007-10-02,1.5693606394533177
2007-10-03,1.5606721530842593
2007-10-04,1.572252880755505
2007-10-05,1.5794499029181261
2007-10-08,1.5702761332385324
2007-10-09,1.579071777681096
2007-10-10,1.5837191084970261
2007-10-11,1.5877800220607952
2007-10-12,1.5943404600593538
2007-10-15,1.5968356508617243
2007-10-16,1.5929356422344418
2007-10-17,1.600411035640443
2007-10-18,1.611187392241401
2007-10-19,1.5929917204571582
2007-10-22,1.5902384715282412
2007-10-23,1.5984476926562547
2007-10-24,1.6067477112871749
2007-10-25,1.6172242301279682
2007-10-26,1.6354170442812048
2007-10-29,1.6478916380985067
2007-10-30,1.6309578369653452
2007-10-31,1.651728948073588
2007-11-01,1.633079828216753
2007-11-02,1.646258382679138
2007-11-05,1.6318929470747354
2007-11-06,1.652875931737456
2007-11-07,1.6374101111879775
2007-11-08,1.6376548210534034
2007-11-09,1.6334923357057918
2007-11-12,1.6037393673078764
2007-11-13,1.6183082295929456
2007-11-14,1.62454988086689
2007-11-15,1.6096432546496988
2007-11-16,1.6165946278586867
2007-11-19,1.6056745526655987
2007-11-20,1.6224454507218422
2007-11-21,1.6095722673526358
2007-11-23,1.6185186300484165
2007-11-26,1.6140609578620677
2007-11-27,1.6119431548094814
2007-11-28,1.617984321486247
2007-11-29,1.6126055732047417
2007-11-30,1.609756752796834
2007-12-03,1.6126330895290961
2007-12-04,1.607723508544954
2007-12-05,1.6130801138723274
2007-12-06,1.6270287903039595
2007-12-07,1.6130357343188948
2007-12-10,1.6193937704650696
2007-12-11,1.6054055865754762
2007-12-12,1.6295264526414024
2007-12-13,1.6088477614135965
2007-12-14,1.5902018236738598
2007-12-17,1.5812028702808645
2007-12-18,1.589357217574185
2007-12-19,1.5970900944714246
2007-12-20,1.5951396665528976
2007-12-21,1.6069575074945908
2007-12-24,1.6116369599732676
2007-12-26,1.620964494404212
2007-12-27,1.6171881851241596
2007-12-28,1.6251337080248325
2007-12-31,1.6211470834728885
2008-01-02,1.6350294149356228
2008-01-03,1.6386060695981854
2008-01-04,1.631274369477355
2008-01-07,1.6275135942352377
2008-01-08,1.6328421235863906
2008-01-09,1.6355947529646806
2008-01-10,1.6371050684239037
2008-01-11,1.6332173062616706
2008-01-14,1.6410806921862098
2008-01-15,1.6273749260282437
2008-01-16,1.612023085218493
2008-01-17,1.6130518473476336
2008-01-18,1.6159733421658775
2008-01-22,1.617913390884727
2008-01-23,1.6129820601516787
2008-01-24,1.6181011465882573
2008-01-25,1.6258109425342306
2008-01-28,1.6299119477029707
2008-01-29,1.628564571763135
2008-01-30,1.6310632164404708
2008-01-31,1.630169140295606
2008-02-01,1.6216222891328396
2008-02-04,1.6224763389852828
2008-02-05,1.607617217637453
2008-02-06,1.6056947632940397
2008-02-07,1.6036615194087867
2008-02-08,1.6185399425124614
2008-02-11,1.6253470875184586
2008-02-12,1.6174868572104106
2008-02-13,1.6150750402152247
2008-02-14,1.6154018264629273
2008-02-15,1.6155810656810878
2008-02-19,1.6243293288281664
2008-02-20,1.6309621588579495
2008-02-21,1.6281891297021076
2008-02-22,1.632128899514243
2008-02-25,1.6314917930809723
2008-02-26,1.6428041270065858
2008-02-27,1.644571608171245
2008-02-28,1.6567836381048537
2008-02-29,1.6505821475832456
2008-03-03,1.6546026441412236
2008-03-04,1.6376559084432927
2008-03-05,1.6495429336909944
2008-03-06,1.649506467414691
2008-03-07,1.6491413672962985
2008-03-10,1.6558829080766142
2008-03-11,1.6519888510982006
2008-03-12,1.6625546300520873
2008-03-13,1.6618574842397396
2008-03-14,1.6638766623744612
2008-03-17,1.6607609036169895
2008-03-18,1.6591194002159055
2008-03-19,1.6465158400896933
2008-03-20,1.6393686745721077
2008-03-24,1.6316727866219187
2008-03-25,1.6427147843249001
2008-03-26,1.6533156396273425
2008-03-27,1.6533576157756795
2008-03-28,1.649013942068533
2008-03-31,1.63895199459477
2008-04-01,1.6266414809542686
2008-04-02,1.638882943603757
2008-04-03,1.6396523427016383
2008-04-04,1.6488387080719582
2008-04-07,1.654771198795464
2008-04-08,1.6516602943976033
2008-04-09,1.6584616726982802
2008-04-10,1.6543452686481834
2008-04-11,1.6521477508131603
2008-04-14,1.6523914308883534
2008-04-15,1.6553131125612768
2008-04-16,1.657221984660837
2008-04-17,1.6546490132449914
2008-04-18,1.6578674707665784
2008-04-21,1.6587478030920266
2008-04-22,1.658420111901077
2008-04-23,1.659432856413198
2008-04-24,1.6451337659081766
2008-04-25,1.651810174697653
2008-04-28,1.6543421814192474
2008-04-29,1.6417398966208574
2008-04-30,1.6499370398964648
2008-05-01,1.641916209081641
2008-05-02,1.6495446838482448
2008-05-05,1.661914653453307
2008-05-06,1.6675014563146457
2008-05-07,1.6569788896019912
2008-05-08,1.6671117034116816
2008-05-09,1.6675169887745995
2008-05-12,1.6641534195614531
2008-05-13,1.6598428421282498
2008-05-14,1.657195625715777
2008-05-15,1.6731157690383824
2008-05-16,1.6864360993188658
2008-05-19,1.6888408613619108
2008-05-20,1.689348507429345
2008-05-21,1.6901062652928702
2008-05-22,1.680727105707035
2008-05-23,1.680584272528622
2008-05-27,1.6667837737453575
2008-05-28,1.6684979191894886
2008-05-29,1.6525650175893616
2008-05-30,1.6597299690255627
2008-06-02,1.6582920669871084
2008-06-03,1.6494596203877316
2008-06-04,1.6415738264839965
2008-06-05,1.6550083932764121
2008-06-06,1.6671299480515578
2008-06-09,1.6555700477923947
2008-06-10,1.6424700415553073
2008-06-11,1.6540935822704157
2008-06-12,1.6481523338628559
2008-06-13,1.6443947323022248
2008-06-16,1.6468253617740094
2008-06-17,1.6468076591684886
2008-06-18,1.6554131174615463
2008-06-19,1.6460665473765392
2008-06-20,1.6515917201081394
2008-06-23,1.6502776412158389
2008-06-24,1.6527433363127382
2008-06-25,1.6481428219189183
2008-06-26,1.665860773166927
2008-06-27,1.6705193634761175
2008-06-30,1.6704410169058486
2008-07-01,1.6737390339653295
2008-07-02,1.6792489004286337
2008-07-03,1.6768475003554633
2008-07-07,1.6733188205108205
2008-07-08,1.6646562502008537
2008-07-09,1.6674091620262055
2008-07-10,1.6812048413260507
2008-07-11,1.6873203060440614
2008-07-14,1.6905868822680858
2008-07-15,1.6835895373791718
2008-07-16,1.6703954747429952
2008-07-17,1.6608831418687262
2008-07-18,1.657917032173066
2008-07-21,1.6649078767771197
2008-07-22,1.6531508177877825
2008-07-23,1.6406894163249075
2008-07-24,1.647131422503899
2008-07-25,1.641251605536389
2008-07-28,1.6451419197504216
2008-07-29,1.6366396405569272
2008-07-30,1.6433808229533002
2008-07-31,1.6430509812251337
2008-08-01,1.6439051987803337
2008-08-04,1.6327294018837046
2008-08-05,1.6225285045905657
2008-08-06,1.6222371116632333
2008-08-07,1.6263031772029906
2008-08-08,1.6179797399258213
2008-08-11,1.6161177931804132
2008-08-12,1.6152914232084252
2008-08-13,1.6195023021722035
2008-08-14,1.6184271047675984
2008-08-15,1.6177168464792904
2008-08-18,1.6173705449390585
2008-08-19,1.6201933797030166
2008-08-20,1.6238154113456198
2008-08-21,1.6325600957336122
2008-08-22,1.6199598701647375
2008-08-25,1.6231549113618635
2008-08-26,1.624724343304921
2008-08-27,1.629068717664241
2008-08-28,1.6241227109852654
2008-08-29,1.6226825996408336
2008-09-02,1.6164243893739938
2008-09-03,1.6151817360956575
2008-09-04,1.6169355011197677
2008-09-05,1.615887558017018
2008-09-08,1.6171729670201689
2008-09-09,1.618990333864009
2008-09-10,1.6182573967416574
2008-09-11,1.6160672345081293
2008-09-12,1.6142431639749537
2008-09-15,1.6189129392591861
2008-09-16,1.6162856688696323
2008-09-17,1.6186067806222943
2008-09-18,1.6156673410428033
2008-09-19,1.6129687813183171
2008-09-22,1.6093851021573569
2008-09-23,1.607445104168164
2008-09-24,1.6043012087443578
2008-09-25,1.603694627373397
2008-09-26,1.6035593479722916
2008-09-29,1.6063550105109443
2008-09-30,1.5936165997212106
2008-10-01,1.5950209573879486
2008-10-02,1.596137335537264
2008-10-03,1.5968930031868827
2008-10-06,1.5985097910653117
2008-10-07,1.5983560668897168
2008-10-08,1.5958029208393287
2008-10-09,1.5948705310255722
2008-10-10,1.5777203293140676
2008-10-13,1.5763707133356148
2008-10-14,1.5763707133356148
2008-10-15,1.5763707133356148
2008-10-16,1.5763707133356148
2008-10-17,1.5763707133356148
2008-10-20,1.5765724744426168
2008-10-21,1.5786541013918995
2008-10-22,1.580162361487923
2008-10-23,1.5804267004093866
2008-10-24,1.5795904886927021
2008-10-27,1.5794800424575541
2008-10-28,1.5778889098127498
2008-10-29,1.5781781572302056
2008-10-30,1.5766668337805687
2008-10-31,1.5762639552453221
2008-11-03,1.5765789523448124
2008-11-04,1.5789380659532606
2008-11-05,1.5799832005398045
2008-11-06,1.5793856906330759
2008-11-07,1.5786755822602587
2008-11-10,1.5788757612867235
2008-11-11,1.5796098781601589
2008-11-12,1.580829156031834
2008-11-13,1.5793959386064123
2008-11-14,1.5813486753284267
2008-11-17,1.58218472776809
2008-11-18,1.5837193606944462
2008-11-19,1.5858530157652242
2008-11-20,1.5898434774420247
2008-11-21,1.5880206357227489
2008-11-24,1.5861616716530023
2008-11-25,1.5895658649485727
2008-11-26,1.590013155424074
2008-11-28,1.5900312466836455
2008-12-01,1.5955250130076257
2008-12-02,1.5967719010700705
2008-12-03,1.5971044643072083
2008-12-04,1.5990143586685308
2008-12-05,1.5958026229127753
2008-12-08,1.5947898587081142
2008-12-09,1.5983553928866558
2008-12-10,1.5978089924749688
2008-12-11,1.600055584990156
2008-12-12,1.600675239042704
2008-12-15,1.6015874395505618
2008-12-16,1.6055617114960958
2008-12-17,1.6109748446935566
2008-12-18,1.6148026990812223
2008-12-19,1.6104838079196309
2008-12-22,1.6134699910014612
2008-12-23,1.6160016126736085
2008-12-24,1.6172576478741787
2008-12-26,1.6180406260628446
2008-12-29,1.6224469487348303
2008-12-30,1.6235278857175195
2008-12-31,1.6232683395342502
2009-01-02,1.616342935147696
2009-01-05,1.6164938106380844
2009-01-06,1.6171297534475235
2009-01-07,1.6079714588038276
2009-01-08,1.6084170111786327
2009-01-09,1.609878092440541
2009-01-12,1.6111561859218628
2009-01-13,1.6111980476935395
2009-01-14,1.6111620679529155
2009-01-15,1.6113763466470286
2009-01-16,1.6105566276997465
2009-01-20,1.6062264982356018
2009-01-21,1.6015047943272387
2009-01-22,1.5996018930757079
2009-01-23,1.607338290304966
2009-01-26,1.605799500722156
2009-01-27,1.610636260262471
2009-01-28,1.608873681999036
2009-01-29,1.6068468228460495
2009-01-30,1.6135090471533637
2009-02-02,1.6083720355237783
2009-02-03,1.6042410575804606
2009-02-04,1.6046345441705872
2009-02-05,1.6048330232529413
2009-02-06,1.6041671710853451
2009-02-09,1.601304319377804
2009-02-10,1.6104727495690083
2009-02-11,1.617319952237895
2009-02-12,1.6204216895000008
2009-02-13,1.6153157577696324
2009-02-17,1.6263023006424475
2009-02-18,1.626507753015282
2009-02-19,1.6209975118398332
2009-02-20,1.6239821059792674
2009-02-23,1.6243862037206005
2009-02-24,1.6162539390458517
2009-02-25,1.6081183424075687
2009-02-26,1.6050736825421867
2009-02-27,1.6039952969574365
2009-03-02,1.6030005131811402
2009-03-03,1.6005258143076238
2009-03-04,1.5962393634952785
2009-03-05,1.6059632014696517
2009-03-06,1.6062058086075763
2009-03-09,1.6011736057610613
2009-03-10,1.5948023479349798
2009-03-11,1.5991460549045824
2009-03-12,1.604108224865514
2009-03-13,1.6045999085299334
2009-03-16,1.6017400047287458
2009-03-17,1.5990828805321078
2009-03-18,1.6158785399395852
2009-03-19,1.6188512760111402
2009-03-20,1.6140377132743864
2009-03-23,1.6100952156485904
2009-03-24,1.6059630687469595
2009-03-25,1.606150976319567
2009-03-26,1.6069665594243296
2009-03-27,1.6042914961062773
2009-03-30,1.6045158431126867
2009-03-31,1.606571104808063
2009-04-01,1.6083315876162922
2009-04-02,1.6014583593809208
2009-04-03,1.5957790969059058
2009-04-06,1.5899934129429902
2009-04-07,1.5936071392937496
2009-04-08,1.5949515783454031
2009-04-09,1.594131788197155
2009-04-13,1.6023043314260828
2009-04-14,1.6026574490299812
2009-04-15,1.6052503569285161
2009-04-16,1.6010775696319925
2009-04-17,1.5967327955093342
2009-04-20,1.6022294390247072
2009-04-21,1.6013069730336686
2009-04-22,1.6019882454087162
2009-04-23,1.6052906401107412
2009-04-24,1.607243337483582
2009-04-27,1.6065493863581717
2009-04-28,1.6020251409250112
2009-04-29,1.6023996977233481
2009-04-30,1.6023330719168274
2009-05-01,1.603614333127779
2009-05-04,1.6221938483627776
2009-05-05,1.6205076611073002
2009-05-06,1.628401878153372
2009-05-07,1.6185509654413226
2009-05-08,1.6284296956721513
2009-05-11,1.6204878924117068
2009-05-12,1.625768503628449
2009-05-13,1.6199251113142212
2009-05-14,1.6233010116174476
2009-05-15,1.6225070715118697
2009-05-18,1.6290507524488302
2009-05-19,1.6352635544705525
2009-05-20,1.6425712549660525
2009-05-21,1.6357643379617446
2009-05-22,1.6364711791973794
2009-05-26,1.64161272762615
2009-05-27,1.6320426148540066
2009-05-28,1.6429888999831854
2009-05-29,1.659720636222369
2009-06-01,1.674941154431822
2009-06-02,1.678267267995121
2009-06-03,1.6593365869608503
2009-06-04,1.6678124043502924
2009-06-05,1.6580818232516437
2009-06-08,1.6522668153973992
2009-06-09,1.6593272892023752
2009-06-10,1.6606947380836197
2009-06-11,1.670720789516295
2009-06-12,1.6660320150813168
2009-06-15,1.6447370317389087
2009-06-16,1.6385070376924684
2009-06-17,1.638169716685531
2009-06-18,1.633157368240741
2009-06-19,1.6411085171483493
2009-06-22,1.6189434509179617
2009-06-23,1.6262215371677562
2009-06-24,1.6329311644001552
2009-06-25,1.6522144767139164
2009-06-26,1.653030489930806
2009-06-29,1.6572852185031712
2009-06-30,1.649138865469399
2009-07-01,1.6595641245135901
2009-07-02,1.6401947038720919
2009-07-06,1.639226289618812
2009-07-07,1.6251847686554595
2009-07-08,1.6216117816317914
2009-07-09,1.6269831995903181
2009-07-10,1.6233831569654373
2009-07-13,1.6337484124886963
2009-07-14,1.6385707784370802
2009-07-15,1.6625537490437072
2009-07-16,1.665930152718111
2009-07-17,1.6688321928755667
2009-07-20,1.6867229254102447
2009-07-21,1.6925209943159631
2009-07-22,1.6919416882820395
2009-07-23,1.704865062138465
2009-07-24,1.706956171323087
2009-07-27,1.7098180291749496
2009-07-28,1.7012250776425537
2009-07-29,1.6801769953081522
2009-07-30,1.6940460186848076
2009-07-31,1.7143397823503184
2009-08-03,1.7360842773807195
2009-08-04,1.7347286415210303
2009-08-05,1.7327864809104605
2009-08-06,1.7280314453947918
2009-08-07,1.7260304235915012
2009-08-10,1.7226577924730475
2009-08-11,1.711375539698203
2009-08-12,1.7192656483899256
2009-08-13,1.734923946460845
2009-08-14,1.715993993076936
2009-08-17,1.69040617727365
2009-08-18,1.7081491417083774
2009-08-19,1.7218991213971022
2009-08-20,1.7276028653863666
2009-08-21,1.744030018087499
2009-08-24,1.7442840880958235
2009-08-25,1.7416904653813041
2009-08-26,1.7406875015523022
2009-08-27,1.7467138169792087
2009-08-28,1.7478365149742976
2009-08-31,1.7315161276178805
2009-09-01,1.7122710213683088
2009-09-02,1.7199423722861769
2009-09-03,1.7313764104581575
2009-09-04,1.7406151461898591
2009-09-08,1.7613967856857558
2009-09-09,1.766557337092
2009-09-10,1.7802322629468441
2009-09-11,1.7752392366019174
2009-09-14,1.7719750190845567
2009-09-15,1.7833835037166694
2009-09-16,1.8043418342148771
2009-09-17,1.802584794509173
2009-09-18,1.7982525796808844
2009-09-21,1.7853023618126278
2009-09-22,1.8034707616008874
2009-09-23,1.7837621835719888
2009-09-24,1.764042841094212
2009-09-25,1.7633206203365037
2009-09-28,1.777446929632881
2009-09-29,1.7744726221278704
2009-09-30,1.790842904623729
2009-10-01,1.7713178643666603
2009-10-02,1.7648264554429172
2009-10-05,1.7828961848466678
2009-10-06,1.7997279501479757
2009-10-07,1.8013288109106336
2009-10-08,1.8141537829025929
2009-10-09,1.8106056213296446
2009-10-12,1.8215032357382772
2009-10-13,1.8267833040588424
2009-10-14,1.8429551454913857
2009-10-15,1.8480193998307397
2009-10-16,1.8436190543293913
2009-10-19,1.8597321405614173
2009-10-20,1.8528619904737864
2009-10-21,1.853242612109947
2009-10-22,1.8612834262184852
2009-10-23,1.8462133605312951
2009-10-26,1.8277132633070619
2009-10-27,1.8263412138867714
2009-10-28,1.7960134428912884
2009-10-29,1.8287000412751593
2009-10-30,1.7975172735428562
2009-11-02,1.8102521283474535
2009-11-03,1.817724572948069
2009-11-04,1.828153640191543
2009-11-05,1.839441483910983
2009-11-06,1.8360045123979716
2009-11-09,1.8628953921246163
2009-11-10,1.860630546116987
2009-11-11,1.8695290723350264
2009-11-12,1.8487525619074825
2009-11-13,1.860678878708445
2009-11-16,1.8874645415024265
2009-11-17,1.8882355596614329
2009-11-18,1.8853223089735136
2009-11-19,1.8685127206914627
2009-11-20,1.8642932199096411
2009-11-23,1.8784699861298775
2009-11-24,1.875508445516581
2009-11-25,1.8935158289895013
2009-11-27,1.8657095202260907
2009-11-30,1.8765682942398594
2009-12-01,1.8959302570893473
2009-12-02,1.895240270751427
2009-12-03,1.8865839930331896
2009-12-04,1.8750680561720323
2009-12-07,1.8657117356002648
2009-12-08,1.8484254192811538
2009-12-09,1.842019909062754
2009-12-10,1.8436738568698814
2009-12-11,1.837899177687746
2009-12-14,1.8472423740114046
2009-12-15,1.8403987872726448
2009-12-16,1.8541522077810237
2009-12-17,1.8293935157963852
2009-12-18,1.835676185461305
2009-12-21,1.8266281372487554
2009-12-22,1.8304477420565266
2009-12-23,1.8442626644232085
2009-12-24,1.8538398997619006
2009-12-28,1.8585067699763738
2009-12-29,1.8562683590767384
2009-12-30,1.8577247747593173
2009-12-31,1.8556848229246639
2010-01-04,1.8851892294796229
2010-01-05,1.8905330690932718
2010-01-06,1.89853386688122
2010-01-07,1.8943469364272691
2010-01-08,1.9019413458378438
2010-01-11,1.904688766882989
2010-01-12,1.887498809942557
2010-01-13,1.889962124300849
2010-01-14,1.8934000624599077
2010-01-15,1.8781891903267784
2010-01-19,1.8922229632414578
2010-01-20,1.8667563713316833
2010-01-21,1.8444168975176851
2010-01-22,1.8236513884914167
2010-01-25,1.8293950534872916
2010-01-26,1.8207578754630562
2010-01-27,1.814684760384501
2010-01-28,1.8059981672228558
2010-01-29,1.7995647288587948
2010-02-01,1.8162212652083394
2010-02-02,1.8325969712012808
2010-02-03,1.825803543532357
2010-02-04,1.7812525426848416
2010-02-05,1.7796178299570966
2010-02-08,1.7704753086263805
2010-02-09,1.7812745841448985
2010-02-10,1.7753707131553875
2010-02-11,1.7897288304721903
2010-02-12,1.7854349681258577
2010-02-16,1.8069677294130841
2010-02-17,1.8068001848591695
2010-02-18,1.8152531765842088
2010-02-19,1.8145424628953744
2010-02-22,1.8136837004297826
2010-02-23,1.7990476900990169
2010-02-24,1.8087935223509863
2010-02-25,1.8031950262636485
2010-02-26,1.815400860208961
2010-03-01,1.8214828587452774
2010-03-02,1.8330859028645252
2010-03-03,1.8413735647378595
2010-03-04,1.8380943769152567
2010-03-05,1.8540941311083443
2010-03-08,1.8519227959850348
2010-03-09,1.8519645782342642
2010-03-10,1.8546867078047087
2010-03-11,1.8574500375949876
2010-03-12,1.8545870839064853
2010-03-15,1.8484773546352538
2010-03-16,1.8686745674640968
2010-03-17,1.8760251304727171
2010-03-18,1.871259262975533
2010-03-19,1.8554149864800051
2010-03-22,1.8604823165793707
2010-03-23,1.8668402307013008
2010-03-24,1.8443401348788906
2010-03-25,1.841750132659836
2010-03-26,1.8495625727239189
2010-03-29,1.8637558440878865
2010-03-30,1.8632981403333253
2010-03-31,1.8675108449593578
2010-04-01,1.8875789116019455
2010-04-05,1.8943530516524938
2010-04-06,1.8958351775543607
2010-04-07,1.8932595593546688
2010-04-08,1.8938496600309358
2010-04-09,1.9009256930199208
2010-04-12,1.8986768231573552
2010-04-13,1.8989468750966203
2010-04-14,1.912949971052284
2010-04-15,1.913546323182411
2010-04-16,1.888400674727067
2010-04-19,1.8830742181003162
2010-04-20,1.8921871354293807
2010-04-21,1.8930691220452374
2010-04-22,1.8902658916643937
2010-04-23,1.9005143358592385
2010-04-26,1.8957135659788067
2010-04-27,1.8734403658320122
2010-04-28,1.8789987792668261
2010-04-29,1.8967196403422666
2010-04-30,1.8942476618856217
2010-05-03,1.9008153047732075
2010-05-04,1.8659169199743653
2010-05-05,1.8523059323081081
2010-05-06,1.8410329195123512
2010-05-07,1.8362958769105888
2010-05-10,1.8447171323887106
2010-05-11,1.8473338595903925
2010-05-12,1.853940125090176
2010-05-13,1.8489387615924993
2010-05-14,1.8418982008944091
2010-05-17,1.8398015647271768
2010-05-18,1.8401265098247155
2010-05-19,1.8337487869225244
2010-05-20,1.8250607887858235
2010-05-21,1.8245497135159725
2010-05-24,1.8282276418890666
2010-05-25,1.8292149375138855
2010-05-26,1.8308063670012416
2010-05-27,1.8273278457224817
2010-05-28,1.825797262645006
2010-06-01,1.8282574303056696
2010-06-02,1.8272742929422876
2010-06-03,1.8234233893943257
2010-06-04,1.8229258566240123
2010-06-07,1.8298662396134713
2010-06-08,1.8279789153312167
2010-06-09,1.827388049608936
2010-06-10,1.8206167155088848
2010-06-11,1.82502234899741
2010-06-14,1.823941095228467
2010-06-15,1.825602039575716
2010-06-16,1.8254963808710631
2010-06-17,1.831964493678335
2010-06-18,1.8331074797050309
2010-06-21,1.8288058507696274
2010-06-22,1.8253717458346077
2010-06-23,1.8268181273469195
2010-06-24,1.8261813418217074
2010-06-25,1.8299959997897937
2010-06-28,1.8301915142783414
2010-06-29,1.8320961122680406
2010-06-30,1.8341390344488873
2010-07-01,1.8254299893441621
2010-07-02,1.826875890645698
2010-07-06,1.8252706995148327
2010-07-07,1.826791619035549
2010-07-08,1.824619503500288
2010-07-09,1.8256407674909012
2010-07-12,1.8227642859050597
2010-07-13,1.8231659834955958
2010-07-14,1.82551220207998
2010-07-15,1.8261930530779873
2010-07-16,1.8256004247020554
2010-07-19,1.8229122932901722
2010-07-20,1.825042919709856
2010-07-21,1.8247065041590091
2010-07-22,1.824937115704784
2010-07-23,1.8241473868765863
2010-07-26,1.8246735073760336
2010-07-27,1.8186564841467334
2010-07-28,1.8186796487244392
2010-07-29,1.8197482756648307
2010-07-30,1.826008360666249
2010-08-02,1.83050656497016
2010-08-03,1.8306713982189537
2010-08-04,1.8321153157603631
2010-08-05,1.8329789905584866
2010-08-06,1.8373499851335766
2010-08-09,1.8398771000764462
2010-08-10,1.8355481643275986
2010-08-11,1.8122289770394502
2010-08-12,1.8136478606743112
2010-08-13,1.8172090299828894
2010-08-16,1.8261310904344865
2010-08-17,1.8267633593255204
2010-08-18,1.8272133580700431
2010-08-19,1.827781634114449
2010-08-20,1.825669230539664
2010-08-23,1.8242715279150288
2010-08-24,1.8256977858220844
2010-08-25,1.8264603597323745
2010-08-26,1.8272447171476855
2010-08-27,1.82139121275686
2010-08-30,1.8221989800505636
2010-08-31,1.8263532515965866
2010-09-01,1.821776863545851
2010-09-02,1.821754785339245
2010-09-03,1.8200976401293276
2010-09-07,1.8193369814664033
2010-09-08,1.8205840364450543
2010-09-09,1.8156860693512782
2010-09-10,1.816526261719658
2010-09-13,1.8302947558505476
2010-09-14,1.8391461390934698
2010-09-15,1.838683294431139
2010-09-16,1.8357228053315902
2010-09-17,1.83572544539181
2010-09-20,1.8485294340006373
2010-09-21,1.8543456003224688
2010-09-22,1.8536483731176607
2010-09-23,1.8487053767306865
2010-09-24,1.8623733093342427
2010-09-27,1.86351539647346
2010-09-28,1.8712006655333253
2010-09-29,1.8704221562417733
2010-09-30,1.869582439191344
2010-10-01,1.8769008523702793
2010-10-04,1.8718124724867595
2010-10-05,1.8925273636848539
2010-10-06,1.8991637510658779
2010-10-07,1.8936607508296215
2010-10-08,1.902074963870447
2010-10-11,1.9033071240509227
2010-10-12,1.9006796181100563
2010-10-13,1.9132501244232798
2010-10-14,1.910617835552161
2010-10-15,1.905083419640477
2010-10-18,1.9115832190769517
2010-10-19,1.8892405147062223
2010-10-20,1.9025010665838884
2010-10-21,1.8960708165028939
2010-10-22,1.8983451702573444
2010-10-25,1.905380471060725
2010-10-26,1.9003322122924233
2010-10-27,1.888407163523491
2010-10-28,1.8978324517669223
2010-10-29,1.9031254488218372
2010-11-01,1.9031287932927492
2010-11-02,1.9152606657120155
2010-11-03,1.920735368047965
2010-11-04,1.9546717965142923
2010-11-05,1.953262710638394
2010-11-08,1.9521330070472176
2010-11-09,1.9327811698537714
2010-11-10,1.9458163658164769
2010-11-11,1.9385441812692856
2010-11-12,1.9073720971623185
2010-11-15,1.8977122349134359
2010-11-16,1.876378884850425
2010-11-17,1.877324986012114
2010-11-18,1.8948597961063403
2010-11-19,1.8974340381698418
2010-11-22,1.899429829734787
2010-11-23,1.8838316698455158
2010-11-24,1.8905058746231977
2010-11-26,1.8778707864753112
2010-11-29,1.8799384171390712
2010-11-30,1.8725647122923401
2010-12-01,1.8859885074332048
2010-12-02,1.899871549216002
2010-12-03,1.9119252539847749
2010-12-06,1.9154638252361007
2010-12-07,1.899422587924303
2010-12-08,1.8928079217134657
2010-12-09,1.8959278482085666
2010-12-10,1.893681165510659
2010-12-13,1.9015050360478678
2010-12-14,1.8974356998564859
2010-12-15,1.8858886622535749
2010-12-16,1.8863072914100554
2010-12-17,1.8887034482271823
2010-12-20,1.8918416199197796
2010-12-21,1.901580593138455
2010-12-22,1.9041649461199324
2010-12-23,1.9045113040973713
2010-12-27,1.9034713801978373
2010-12-28,1.906042194754661
2010-12-29,1.913427366240467
2010-12-30,1.9075505414745328
2010-12-31,1.920726611941756
2011-01-03,1.9272259047114002
2011-01-04,1.9161769079264201
2011-01-05,1.9149817364589135
2011-01-06,1.9034451976625608
2011-01-07,1.9013022033191473
2011-01-10,1.9032847134874018
2011-01-11,1.9126030898126052
2011-01-12,1.9263069511903623
2011-01-13,1.9217688184741661
2011-01-14,1.9232771058113705
2011-01-18,1.9247877471694181
2011-01-19,1.9181315156683847
2011-01-20,1.900633961027917
2011-01-21,1.900392208816964
2011-01-24,1.901196334530818
2011-01-25,1.8966324827292347
2011-01-26,1.904758625066135
2011-01-27,1.8941476334064482
2011-01-28,1.893057475834939
2011-01-31,1.9040308678426434
2011-02-01,1.9168084439615063
2011-02-02,1.9136775475511991
2011-02-03,1.9160078562354057
2011-02-04,1.9101254723327674
2011-02-07,1.9083606190569866
2011-02-08,1.9136272602127429
2011-02-09,1.905849857460933
2011-02-10,1.9008251444933202
2011-02-11,1.9011256601862239
2011-02-14,1.9011334653689982
2011-02-15,1.8992621060133759
2011-02-16,1.905540712334729
2011-02-17,1.9135616243265494
2011-02-18,1.9193293408261225
2011-02-22,1.9162680569138717
2011-02-23,1.9253380996637242
2011-02-24,1.9194075577057614
2011-02-25,1.934801207561336
2011-02-28,1.9385240362917968
2011-03-01,1.9405678794610834
2011-03-02,1.9492617262744514
2011-03-03,1.955083871952435
2011-03-04,1.9612832127247366
2011-03-07,1.9538169460082648
2011-03-08,1.9587017972126397
2011-03-09,1.9587573941404066
2011-03-10,1.9360919931751208
2011-03-11,1.9367279645913809
2011-03-14,1.9351964660596586
2011-03-15,1.909908076902471
2011-03-16,1.8970155438722176
2011-03-17,1.9172423467518638
2011-03-18,1.926014317936087
2011-03-21,1.9412617394155454
2011-03-22,1.9454928496831372
2011-03-23,1.9527138169540899
2011-03-24,1.9573450740607552
2011-03-25,1.9554032122702445
2011-03-28,1.9478669857513524
2011-03-29,1.9542093356100745
2011-03-30,1.9625858638060178
2011-03-31,1.9700596606083363
2011-04-01,1.9806788415721404
2011-04-04,1.985538837389405
2011-04-05,1.98701307553491
2011-04-06,1.9925259666498523
2011-04-07,1.9938399053573521
2011-04-08,2.003724478209383
2011-04-11,1.9893949535221902
2011-04-12,1.9719853461555379
2011-04-13,1.97829015154033
2011-04-14,1.9858796826443803
2011-04-15,1.9926356971748447
2011-04-18,1.9760498698624194
2011-04-19,1.984262155333609
2011-04-20,2.007888705031862
2011-04-21,2.015812813747501
2011-04-25,2.013883293611135
2011-04-26,2.021148572693303
2011-04-27,2.0328941652998567
2011-04-28,2.03475613548044
2011-04-29,2.0425368350798347
2011-05-02,2.0400473600253206
2011-05-03,2.0256273140669583
2011-05-04,2.010741210562612
2011-05-05,1.9736407339662176
2011-05-06,1.9784917206499368
2011-05-09,1.9988302830603373
2011-05-10,2.0057872409899287
2011-05-11,1.9814575048192942
2011-05-12,1.9823132654135938
2011-05-13,1.9726056794220719
2011-05-16,1.9658108326367985
2011-05-17,1.9676059937513917
2011-05-18,1.9803837618974396
2011-05-19,1.9786758231334953
2011-05-20,1.9775289505310112
2011-05-23,1.9584874003864237
2011-05-24,1.9692047583698755
2011-05-25,1.9756775510818
2011-05-26,1.9826296881910968
2011-05-27,1.9916439080250252
2011-05-31,2.008749121144076
2011-06-01,1.9914475054480354
2011-06-02,1.9903994650230223
2011-06-03,1.9897234184982793
2011-06-06,1.9756238784950682
2011-06-07,1.981700892205657
2011-06-08,1.980675398254414
2011-06-09,1.9880823586347103
2011-06-10,1.9651661871666257
2011-06-13,1.9572131117905895
2011-06-14,1.9718750278855661
2011-06-15,1.9499186945728855
2011-06-16,1.9505859763300935
2011-06-17,1.9530410686020585
2011-06-20,1.9534957485337603
2011-06-21,1.9631582854382243
2011-06-22,1.9573038997175178
2011-06-23,1.9529241345329023
2011-06-24,1.9452671257987313
2011-06-27,1.9443950271110695
2011-06-28,1.9435196487122772
2011-06-29,1.9509203804893875
2011-06-30,1.9569487126799612
2011-07-01,1.9638130819686954
2011-07-05,1.9699918368776
2011-07-06,1.9703248035796908
2011-07-07,1.9772369198487312
2011-07-08,1.9717552682921555
2011-07-11,1.9585223808566918
2011-07-12,1.956009680469829
2011-07-13,1.9605129239839338
2011-07-14,1.951177073355344
2011-07-15,1.9563676975473199
2011-07-18,1.948617625787285
2011-07-19,1.9522300762046656
2011-07-20,1.9557037389478316
2011-07-21,1.964213713530242
2011-07-22,1.9689719506789376
2011-07-25,1.9632094723754916
2011-07-26,1.9679589565193605
2011-07-27,1.9448480253679463
2011-07-28,1.9454453790618067
2011-07-29,1.9535170932234807
2011-08-01,1.9505128511841834
2011-08-02,1.9479719159436673
2011-08-03,1.9482828701684753
2011-08-04,1.953286927596466
2011-08-05,1.9475196919474147
2011-08-08,1.9572740586017539
2011-08-09,1.9645130601722864
2011-08-10,1.980659713018527
2011-08-11,1.9634292728114475
2011-08-12,1.9679039660021447
2011-08-15,1.9704838211615707
2011-08-16,1.976069415248142
2011-08-17,1.9795929446874736
2011-08-18,1.9862544002740998
2011-08-19,1.9894390215700222
2011-08-22,1.9941601886375409
2011-08-23,1.9803723169834988
2011-08-24,1.9650042865260062
2011-08-25,1.9693845424757968
2011-08-26,1.9779206962022586
2011-08-29,1.9718366393785245
2011-08-30,1.9829986567634603
2011-08-31,1.9807278838322242
2011-09-01,1.9838910749208527
2011-09-02,1.9959267250114519
2011-09-06,1.9979170608413068
2011-09-07,1.9885300903069274
2011-09-08,1.9962356758778215
2011-09-09,1.9965324693326136
2011-09-12,1.9881929573473514
2011-09-13,1.9901345888933661
2011-09-14,1.9883595680023662
2011-09-15,1.980982559472818
2011-09-16,1.9841348479027139
2011-09-19,1.9842392686684487
2011-09-20,1.9887108695770164
2011-09-21,1.9876565944040425
2011-09-22,1.9846695352431265
2011-09-23,1.9662385360921082
2011-09-26,1.9607847953223478
2011-09-27,1.9627786452072544
2011-09-28,1.954905866795339
2011-09-29,1.9568697617622044
2011-09-30,1.9611143846665307
2011-10-03,1.9693392064172777
2011-10-04,1.9600951653079786
2011-10-05,1.9620899555167328
2011-10-06,1.960574933513446
2011-10-07,1.9565904510903274
2011-10-10,1.9602707706407445
2011-10-11,1.9605727199654293
2011-10-12,1.9613956499208673
2011-10-13,1.9612884544141689
2011-10-14,1.961177321072572
2011-10-17,1.9624034735718867
2011-10-18,1.9615524371846875
2011-10-19,1.9599428850171
2011-10-20,1.956636331110185
2011-10-21,1.9598356655064424
2011-10-24,1.9628974008892384
2011-10-25,1.9744321066024095
2011-10-26,1.9744710408942423
2011-10-27,1.9736729626478304
2011-10-28,1.9771243677072632
2011-10-31,1.972894628778746
2011-11-01,1.9783301553727124
2011-11-02,1.9811249905054247
2011-11-03,1.9834473755382724
2011-11-04,1.9833586518001796
2011-11-07,1.9888537991342938
2011-11-08,1.9838003783312341
2011-11-09,1.9745385002105695
2011-11-10,1.9702980965892656
2011-11-11,1.9756958899502672
2011-11-14,1.9717437903040884
2011-11-15,1.97479814555692
2011-11-16,1.9780347412582373
2011-11-17,1.963111983374112
2011-11-18,1.9606802488463482
2011-11-21,1.9527967604537377
2011-11-22,1.9557890136047034
2011-11-23,1.9506236297646484
2011-11-25,1.9456564224583204
2011-11-28,1.950575364257767
2011-11-29,1.9545218670752205
2011-11-30,1.959796300774724
2011-12-01,1.9585856205558687
2011-12-02,1.9653208414923915
2011-12-05,1.9635355600707871
2011-12-06,1.9626394171377277
2011-12-07,1.9672345252107337
2011-12-08,1.9510156340574916
2011-12-09,1.953535447156858
2011-12-12,1.9405002410271948
2011-12-13,1.9423022001659591
2011-12-14,1.9235487673595275
2011-12-15,1.9232259722609402
2011-12-16,1.9265490366993543
2011-12-19,1.92846193213066
2011-12-20,1.9257833416831125
2011-12-21,1.9268976857596851
2011-12-22,1.9299034842341058
2011-12-23,1.9313657388293455
2011-12-27,1.9366207414115442
2011-12-28,1.9313797341976515
2011-12-29,1.9350561556759096
2011-12-30,1.9335467179018615
2012-01-03,1.9452115817337492
2012-01-04,1.9451788299717938
2012-01-05,1.9414891666421705
2012-01-06,1.9432658667602347
2012-01-09,1.9424735610659567
2012-01-10,1.9463265103606986
2012-01-11,1.9476763943387367
2012-01-12,1.943813083455455
2012-01-13,1.9440069679355285
2012-01-17,1.9518924663624193
2012-01-18,1.9549552569533921
2012-01-19,1.952866363413055
2012-01-20,1.9472458420747374
2012-01-23,1.9510885320843148
2012-01-24,1.9486059405636944
2012-01-25,1.9612232014126325
2012-01-26,1.9640795428055406
2012-01-27,1.968802961683107
2012-01-30,1.9624185307207722
2012-01-31,1.9650328009170797
2012-02-01,1.9698061778168672
2012-02-02,1.972323622885733
2012-02-03,1.9756088327662278
2012-02-06,1.9712802994777174
2012-02-07,1.979437797970645
2012-02-08,1.981811628641016
2012-02-09,1.9820762944988406
2012-02-10,1.9682680779148458
2012-02-13,1.9825832309186935
2012-02-14,1.9796825428979445
2012-02-15,1.9828842558041548
2012-02-16,1.990611754613919
2012-02-17,1.993877097015132
2012-02-21,2.001986192269931
2012-02-22,2.0070155419511426
2012-02-23,2.015585125721832
2012-02-24,2.0233904364250366
2012-02-27,2.0168109972585433
2012-02-28,2.0243788354697245
2012-02-29,2.006290980186764
2012-03-01,2.0195282441234914
2012-03-02,2.0111234477488513
2012-03-05,2.0033036074922954
2012-03-06,1.9748238650990517
2012-03-07,1.984712025912666
2012-03-08,2.000260880077806
2012-03-09,2.0032414432445393
2012-03-12,1.9951834833245017
2012-03-13,2.003823009639421
2012-03-14,1.9875945154987449
2012-03-15,1.9918568904940992
2012-03-16,1.9985921622987894
2012-03-19,1.9988139510191136
2012-03-20,1.9859407973505092
2012-03-21,1.9887710559868113
2012-03-22,1.9784129070689316
2012-03-23,1.987860996137603
2012-03-26,1.9994273310933794
2012-03-27,1.9972169654900567
2012-03-28,1.9859185823392025
2012-03-29,1.9802628896096224
2012-03-30,1.982741276438055
2012-04-02,1.997164547479266
2012-04-03,1.9827588516233676
2012-04-04,1.9674254906047672
2012-04-05,1.9718837525302495
2012-04-09,1.96780386771801
2012-04-10,1.9517417181201928
2012-04-11,1.9583605484532647
2012-04-12,1.9743894657655474
2012-04-13,1.964600191467187
2012-04-16,1.965162067478886
2012-04-17,1.9785161730616048
2012-04-18,1.9723060744831624
2012-04-19,1.967836457535121
2012-04-20,1.9750334238796732
2012-04-23,1.9618146582151577
2012-04-24,1.9646993403180977
2012-04-25,1.975390043656387
2012-04-26,1.9824732630840354
2012-04-27,1.9854069353134052
2012-04-30,1.982885171552835
2012-05-01,1.9890085365354446
2012-05-02,1.985788578454823
2012-05-03,1.9736446211563778
2012-05-04,1.9532760050187692
2012-05-07,1.9549816580608745
2012-05-08,1.947694402899967
2012-05-09,1.940129309838757
2012-05-10,1.9395481407263702
2012-05-11,1.9405203885276303
2012-05-14,1.9395182774239956
2012-05-15,1.937752158470694
2012-05-16,1.9370876178730836
2012-05-17,1.932750643299753
2012-05-18,1.9295221737193369
2012-05-21,1.9332668567096272
2012-05-22,1.9319329403431358
2012-05-23,1.9335640158462397
2012-05-24,1.9333654681260404
2012-05-25,1.9342593740039546
2012-05-29,1.9372087928663915
2012-05-30,1.937018244876773
2012-05-31,1.9398535883791397
2012-06-01,1.937926318993284
2012-06-04,1.9340143538567833
2012-06-05,1.9340257612986762
2012-06-06,1.936447053490335
2012-06-07,1.9380514640898507
2012-06-08,1.9409459249115826
2012-06-11,1.9386943614684817
2012-06-12,1.9392763901847891
2012-06-13,1.9405204105472462
2012-06-14,1.9419757032123963
2012-06-15,1.9471519617655713
2012-06-18,1.9473866554560149
2012-06-19,1.9483969671403045
2012-06-20,1.9472386512576008
2012-06-21,1.9429997745431942
2012-06-22,1.943277718114503
2012-06-25,1.942104029955765
2012-06-26,1.9427724590982718
2012-06-27,1.9457401754856867
2012-06-28,1.9464905183965509
2012-06-29,1.9510439286233012
2012-07-02,1.9562831218046888
2012-07-03,1.9595537330907682
2012-07-05,1.95373654944694
2012-07-06,1.953067800772822
2012-07-09,1.9540813305604605
2012-07-10,1.9521106744596612
2012-07-11,1.9523132831208319
2012-07-12,1.953360079241315
2012-07-13,1.957424613330191
2012-07-16,1.9582588187918284
2012-07-17,1.9592254135850364
2012-07-18,1.963116672293939
2012-07-19,1.9636315108171238
2012-07-20,1.957132780854897
2012-07-23,1.9544885739724296
2012-07-24,1.9535484915914099
2012-07-25,1.9542893993396762
2012-07-26,1.9577963013817494
2012-07-27,1.958649950283485
2012-07-30,1.960191112684756
2012-07-31,1.95889302912267
2012-08-01,1.9572297594828876
2012-08-02,1.956331458083882
2012-08-03,1.958727308254867
2012-08-06,1.9633182123991422
2012-08-07,1.9640486358371603
2012-08-08,1.9633475416821324
2012-08-09,1.9643209524048337
2012-08-10,1.9681001662003377
2012-08-13,1.9639238429747756
2012-08-14,1.961585289028799
2012-08-15,1.957612862521948
2012-08-16,1.9630757625905049
2012-08-17,1.963444197585234
2012-08-20,1.9637922073990426
2012-08-21,1.9650466193648735
2012-08-22,1.9693622293400879
2012-08-23,1.966553029025536
2012-08-24,1.9678215859518382
2012-08-27,1.9658471554822448
2012-08-28,1.9664314592027
2012-08-29,1.9633592410202765
2012-08-30,1.9585330406513315
2012-08-31,1.9715378904168877
2012-09-04,1.9692663796580463
2012-09-05,1.9681429889093824
2012-09-06,1.9767747372674134
2012-09-07,1.9876588249551108
2012-09-10,1.9795512140630007
2012-09-11,1.9863738316310493
2012-09-12,1.9877751598718392
2012-09-13,2.009692177569108
2012-09-14,2.012054137936873
2012-09-17,1.9994431754700077
2012-09-18,2.001804766291792
2012-09-19,2.004516823170397
2012-09-20,2.000823049876199
2012-09-21,2.0035659682981994
2012-09-24,2.001950482983384
2012-09-25,1.9952377979813076
2012-09-26,1.990766839434224
2012-09-27,2.002947173183589
2012-09-28,1.9955869205173054
2012-10-01,2.0023572901151856
2012-10-02,2.0038064995538236
2012-10-03,2.0029043912749938
2012-10-04,2.010527052573874
2012-10-05,2.0073895972414277
2012-10-08,2.0038644385601487
2012-10-09,1.9938354051517548
2012-10-10,1.9912634050027516
2012-10-11,1.9973637844978482
2012-10-12,1.9941520221153204
2012-10-15,1.9985828694151895
2012-10-16,2.0076909400204865
2012-10-17,2.010468901285012
2012-10-18,2.006025810777951
2012-10-19,1.993716065176487
2012-10-22,1.9970534450062114
2012-10-23,1.9820832098077692
2012-10-24,1.9795357697968496
2012-10-25,1.984051743144158
2012-10-26,1.9849612933226257
2012-10-31,1.9878998258695895
2012-11-01,1.9944246209153322
2012-11-02,1.9831722074112847
2012-11-05,1.986373190816038
2012-11-06,1.9942762532667075
2012-11-07,1.9842754377794254
2012-11-08,1.979345317197162
2012-11-09,1.9791687472325883
2012-11-12,1.9796715188249112
2012-11-13,1.9756897233068156
2012-11-14,1.9666544681993525
2012-11-15,1.9650765800689014
2012-11-16,1.9649512311447788
2012-11-19,1.9736726258466315
2012-11-20,1.9707146499623402
2012-11-21,1.9707615827127758
2012-11-23,1.9865863244798707
2012-11-26,1.9861134826531772
2012-11-27,1.9815199556304057
2012-11-28,1.9838305146283366
2012-11-29,1.990598440851003
2012-11-30,1.9889679234091815
2012-12-03,1.9882732875937084
2012-12-04,1.9875233472666134
2012-12-05,1.991475542448173
2012-12-06,1.9953462941332776
2012-12-07,1.9964280263223384
2012-12-10,1.9996688687454365
2012-12-11,2.0023690054404413
2012-12-12,2.0017137422819364
2012-12-13,1.9949283957309554
2012-12-14,1.9968162685047142
2012-12-17,1.9991526271273408
2012-12-18,2.0005137307845793
2012-12-19,2.000582644318789
2012-12-20,2.002600298441736
2012-12-21,1.99726374291943
2012-12-24,1.9949150746426798
2012-12-26,1.9957764390156234
2012-12-27,1.9994482434662029
2012-12-28,1.9955725675739286
2012-12-31,2.004231716129305
2013-01-02,2.0203673789496297
2013-01-03,2.009201217635522
2013-01-04,2.0110446157171378
2013-01-07,2.0076451518730667
2013-01-08,2.0037267289478238
2013-01-09,2.0065925199225516
2013-01-10,2.0133637073211292
2013-01-11,2.011125604087239
2013-01-14,2.011966488972139
2013-01-15,2.0106104173290777
2013-01-16,2.0097405321962207
2013-01-17,2.016633922094965
2013-01-18,2.0183730802259228
2013-01-22,2.02218387611859
2013-01-23,2.018080431295165
2013-01-24,2.0156627089279717
2013-01-25,2.014453864280855
2013-01-28,2.011731613199809
2013-01-29,2.0190365593110404
2013-01-30,2.017581566911382
2013-01-31,2.0139242558342287
2013-02-01,2.0194710554576107
2013-02-04,2.00638397674667
2013-02-05,2.011074333795803
2013-02-06,2.012757598907917
2013-02-07,2.0048696056242483
2013-02-08,2.010041545829679
2013-02-11,2.0093764048487146
2013-02-12,2.0125696208304653
2013-02-13,2.013160466221277
2013-02-14,2.0131806163740005
2013-02-15,2.0073204122675588
2013-02-19,2.014052594319584
2013-02-20,2.0009507315400366
2013-02-21,1.9873528332094177
2013-02-22,1.9947527980920583
2013-02-25,1.9802321220328025
2013-02-26,1.9844757032154192
2013-02-27,1.9934470929909132
2013-02-28,1.9918585501839532
2013-03-01,1.9940203500188884
2013-03-04,1.9931127549983236
2013-03-05,1.9999677644799136
2013-03-06,2.001152298011941
2013-03-07,2.001676478400632
2013-03-08,2.003857095118824
2013-03-11,2.0043733554831307
2013-03-12,2.0002012834483205
2013-03-13,1.9973770278976652
2013-03-14,2.0023039187880434
2013-03-15,2.002126617020551
2013-03-18,1.9963860718653497
2013-03-19,1.9897559576919002
2013-03-20,1.9934341656330141
2013-03-21,1.983818475946349
2013-03-22,1.989019255066634
2013-03-25,1.9863296196692002
2013-03-26,1.9982973352464954
2013-03-27,2.001204686388408
2013-03-28,2.0045309623384657
2013-04-01,1.9975162177474421
2013-04-02,2.0005309108125204
2013-04-03,1.9897121033788345
2013-04-04,1.9925105030782246
2013-04-05,1.9919228107582345
2013-04-08,1.993998822573375
2013-04-09,1.9986287703098715
2013-04-10,2.0069702153966293
2013-04-11,2.0077378235426293
2013-04-12,2.0061235424165966
2013-04-15,1.9900149686971809
2013-04-16,1.9960558008027365
2013-04-17,1.9840786613935892
2013-04-18,1.9820856239024474
2013-04-19,1.9864779371137795
2013-04-22,1.9891616130931207
2013-04-23,1.9964876657923982
2013-04-24,2.000458352164312
2013-04-25,2.004504791555169
2013-04-26,2.004065632133197
2013-04-29,2.0116381156044234
2013-04-30,2.015633954271865
2013-05-01,2.011246454744076
2013-05-02,2.016376139547997
2013-05-03,2.0188116164445407
2013-05-06,2.0196645485702103
2013-05-07,2.0215080221663086
2013-05-08,2.030940737886338
2013-05-09,2.0233071546461217
2013-05-10,2.018982666046952
2013-05-13,2.0133501941087713
2013-05-14,2.01309509128302
2013-05-15,2.0168395444174094
2013-05-16,2.0161070929030167
2013-05-17,2.020852323231331
2013-05-20,2.0238422968615324
2013-05-21,2.0229335783513864
2013-05-22,2.0060476840649106
2013-05-23,2.0001181489222057
2013-05-24,1.9953916284899662
2013-05-28,1.9964917501515476
2013-05-29,1.9842140835805893
2013-05-30,1.98610524356203
2013-05-31,1.977719549055085
2013-06-03,1.9800273404111095
2013-06-04,1.979740768106046
2013-06-05,1.9707555566218933
2013-06-06,1.9743596865292556
2013-06-07,1.9847813405591335
2013-06-10,1.9838662506848834
2013-06-11,1.9767363540933682
2013-06-12,1.9761559249369574
2013-06-13,1.985865208104047
2013-06-14,1.9845630823576412
2013-06-17,1.990188814955956
2013-06-18,1.995350483198567
2013-06-19,1.9859655531950915
2013-06-20,1.96249644422427
2013-06-21,1.9611731782689976
2013-06-24,1.9542253007120063
2013-06-25,1.9573000936766989
2013-06-26,1.961131709284275
2013-06-27,1.9688816505146276
2013-06-28,1.9663262798949555
2013-07-01,1.9736065809835575
2013-07-02,1.975982827482065
2013-07-03,1.9805953340472722
2013-07-05,1.989401084123481
2013-07-08,1.9913472143843745
2013-07-09,1.9969685452818606
2013-07-10,2.00226483966345
2013-07-11,2.0093474972597067
2013-07-12,2.011516468233203
2013-07-15,2.014769025626697
2013-07-16,2.012387746578288
2013-07-17,2.01593394653217
2013-07-18,2.022585354952466
2013-07-19,2.0235517813313675
2013-07-22,2.0219759550201113
2013-07-23,2.0231108690238653
2013-07-24,2.0172719220275144
2013-07-25,2.0195945261670847
2013-07-26,2.0158098984380652
2013-07-29,2.0120898218878267
2013-07-30,2.008932068843789
2013-07-31,2.0144198275717895
2013-08-01,2.026884722746255
2013-08-02,2.0272015405904824
2013-08-05,2.0255621035080136
2013-08-06,2.0212766034939684
2013-08-07,2.0163126654329346
2013-08-08,2.018344463469335
2013-08-09,2.0232022003446573
2013-08-12,2.0233518829128183
2013-08-13,2.026678036033706
2013-08-14,2.0267709855118974
2013-08-15,2.022103775858318
2013-08-16,2.0227774091174804
2013-08-19,2.0178432629165926
2013-08-20,2.014458658643808
2013-08-21,2.0075944305388624
2013-08-22,2.0148294288815904
2013-08-23,2.020616144602693
2013-08-26,2.0178968355322966
2013-08-27,2.01559467698696
2013-08-28,2.017556841772958
2013-08-29,2.0143101415161113
2013-08-30,2.0097497995072273
2013-09-03,2.0175538058025597
2013-09-04,2.019165433449291
2013-09-05,2.0215819735156577
2013-09-06,2.0274513086742356
2013-09-09,2.030656486977026
2013-09-10,2.03149022649628
2013-09-11,2.034290238336281
2013-09-12,2.031785916623434
2013-09-13,2.0334448690014657
2013-09-16,2.0320568010381304
2013-09-17,2.0303354497614823
2013-09-18,2.056996665958138
2013-09-19,2.049985223436582
2013-09-20,2.03853162284233
2013-09-23,2.0348083337523923
2013-09-24,2.0313042824314516
2013-09-25,2.026587395788892
2013-09-26,2.031036836680188
2013-09-27,2.0251609648921756
2013-09-30,2.0212467211952196
2013-10-01,2.0234275008866707
2013-10-02,2.0291857731480225
2013-10-03,2.0223150044217086
2013-10-04,2.0292664201526422
2013-10-07,2.0211273280544586
2013-10-08,2.0149618758504015
2013-10-09,2.012986661104659
2013-10-10,2.0326321297255014
2013-10-11,2.0343521031302405
2013-10-14,2.0385505646066586
2013-10-15,2.030231440228312
2013-10-16,2.0408227481404553
2013-10-17,2.043782387880695
2013-10-18,2.047752578838463
2013-10-21,2.0441593265894804
2013-10-22,2.046901250123945
2013-10-23,2.0337490486758196
2013-10-24,2.0354652003960894
2013-10-25,2.037170089305245
2013-10-28,2.0404263081743954
2013-10-29,2.0428116061112287
2013-10-30,2.0341819857655534
2013-10-31,2.0291035741590817
2013-11-01,2.027300178743473
2013-11-04,2.030979785909101
2013-11-05,2.0228708937657376
2013-11-06,2.0271537040700434
2013-11-07,2.01536565071407
2013-11-08,2.0196911769362935
2013-11-11,2.0189878410736313
2013-11-12,2.0176259549258506
2013-11-13,2.0204626518024256
2013-11-14,2.0228822905396795
2013-11-15,2.03084187497255
2013-11-18,2.0322369205460724
2013-11-19,2.0287980152850205
2013-11-20,2.0227658735608047
2013-11-21,2.02614551186512
2013-11-22,2.0299618129340957
2013-11-25,2.025683501659399
2013-11-26,2.0266075716543033
2013-11-27,2.0295253800338684
2013-11-29,2.0322595066605302
2013-12-02,2.0231775801802137
2013-12-03,2.019461461158722
2013-12-04,2.017774732857144
2013-12-05,2.013762335924656
2013-12-06,2.0252774946810943
2013-12-09,2.0260120905699326
2013-12-10,2.024798546376094
2013-12-11,2.010911992409221
2013-12-12,2.006784642814704
2013-12-13,2.006599910736296
2013-12-16,2.0116178527370185
2013-12-17,2.0082795928692105
2013-12-18,2.0165142140552534
2013-12-19,2.0112102227464606
2013-12-20,2.01641433086439
2013-12-23,2.0191089788574463
2013-12-24,2.0225083676533764
2013-12-26,2.023976784141604
2013-12-27,2.0303076405143057
2013-12-30,2.0310005637017126
2013-12-31,2.0329665221222943
2014-01-02,2.0167260968288474
2014-01-03,2.0173268365802133
2014-01-06,2.016840806492133
2014-01-07,2.0196069295236247
2014-01-08,2.018507710821324
2014-01-09,2.01905634380937
2014-01-10,2.023435768129544
2014-01-13,2.018594137221757
2014-01-14,2.022242775520707
2014-01-15,2.0245188619744425
2014-01-16,2.025262333274394
2014-01-17,2.023839474535759
2014-01-21,2.0255620018884186
2014-01-22,2.024569375883446
2014-01-23,2.022429750453146
2014-01-24,2.010464366187675
2014-01-27,2.0070487081871584
2014-01-28,2.0123601971654104
2014-01-29,2.008372435273033
2014-01-30,2.0122509832332938
2014-01-31,2.0087147165033534
2014-02-03,2.0017681526666578
2014-02-04,2.0038551734057912
2014-02-05,2.0017279155088827
2014-02-06,2.0086445804322675
2014-02-07,2.016881700754784
2014-02-10,2.016911981472502
2014-02-11,2.0216199779088466
2014-02-12,2.0215188363913463
2014-02-13,2.0256730809261176
2014-02-14,2.02861490103788
2014-02-18,2.0381974445525577
2014-02-19,2.033236682361206
2014-02-20,2.0347323420936183
2014-02-21,2.034410379087783
2014-02-24,2.0411727597651668
2014-02-25,2.042070944665422
2014-02-26,2.042280405013078
2014-02-27,2.0452510476554617
2014-02-28,2.0450013744859024
2014-03-03,2.0511592692904785
2014-03-04,2.049240308116002
2014-03-05,2.044281588476199
2014-03-06,2.0499520590660234
2014-03-07,2.0420003460803033
2014-03-10,2.0369090281935676
2014-03-11,2.0321131988692867
2014-03-12,2.0341521884753035
2014-03-13,2.0304848680756526
2014-03-14,2.0305603045526563
2014-03-17,2.031783820771535
2014-03-18,2.034922824812283
2014-03-19,2.0202101318929424
2014-03-20,2.0204791327495726
2014-03-21,2.021899122577386
2014-03-24,2.0179615687756356
2014-03-25,2.0220403529618065
2014-03-26,2.021028598953545
2014-03-27,2.028421008419985
2014-03-28,2.03295773821511
2014-03-31,2.0378349986197843
2014-04-01,2.0372938680706
2014-04-02,2.0372443352171117
2014-04-03,2.036061816499629
2014-04-04,2.0370026432698283
2014-04-07,2.033292095756189
2014-04-08,2.04280103751957
2014-04-09,2.053617448907029
2014-04-10,2.044244008921012
2014-04-11,2.0410441903093237
2014-04-14,2.0470597787416076
2014-04-15,2.04009639494554
2014-04-16,2.049711377361909
2014-04-17,2.049608409758529
2014-04-21,2.0493966425516934
2014-04-22,2.0465735008225714
2014-04-23,2.0443855355299974
2014-04-24,2.0462864463342516
2014-04-25,2.0367300151536503
2014-04-28,2.0395011137214745
2014-04-29,2.0452266447975043
2014-04-30,2.045636079176318
2014-05-01,2.04773852946726
2014-05-02,2.050525813037868
2014-05-05,2.04746032576034
2014-05-06,2.046746646564106
2014-05-07,2.0493727632280847
2014-05-08,2.048258725644693
2014-05-09,2.046489034931532
2014-05-12,2.0547724244792525
2014-05-13,2.061891989390142
2014-05-14,2.0661733031652125
2014-05-15,2.0591789691227556
2014-05-16,2.064227589539391
2014-05-19,2.0650297959115735
2014-05-20,2.0615085880688415
2014-05-21,2.0698781978954996
2014-05-22,2.072379580402665
2014-05-23,2.0758489071651978
2014-05-27,2.078025311152977
2014-05-28,2.078739724176305
2014-05-29,2.0827521171545653
2014-05-30,2.078150101006004
2014-06-02,2.0753092141420946
2014-06-03,2.0735839438763763
2014-06-04,2.071259941063877
2014-06-05,2.0790062448835154
2014-06-06,2.084873524968206
2014-06-09,2.0886398888215822
2014-06-10,2.0888379598612845
2014-06-11,2.0862771240293463
2014-06-12,2.091273554714465
2014-06-13,2.092021941443881
2014-06-16,2.0912813468176847
2014-06-17,2.088222816526846
2014-06-18,2.0989825735848466
2014-06-19,2.098031644385369
2014-06-20,2.0992173658106865
2014-06-23,2.097104738993019
2014-06-24,2.0962006404597457
2014-06-25,2.1000860082305737
2014-06-26,2.099394825350991
2014-06-27,2.1005439095856646
2014-06-30,2.102085846259909
2014-07-01,2.10561207793602
2014-07-02,2.101828692530889
2014-07-03,2.102098012449797
2014-07-07,2.0992979008852766
2014-07-08,2.0965522128727283
2014-07-09,2.098979354121836
2014-07-10,2.097009240549222
2014-07-11,2.094207747363677
2014-07-14,2.093053134307086
2014-07-15,2.0853203236324287
2014-07-16,2.0937183277512803
2014-07-17,2.09386802104178
2014-07-18,2.098790879236629
2014-07-21,2.101476601750922
2014-07-22,2.104895577281931
2014-07-23,2.1077936819185297
2014-07-24,2.101672499546065
2014-07-25,2.1035441489173445
2014-07-28,2.1036013891165806
2014-07-29,2.098674895135478
2014-07-30,2.088981771115317
2014-07-31,2.0665096587829352
2014-08-01,2.068251154401069
2014-08-04,2.075164357533474
2014-08-05,2.063475897868561
2014-08-06,2.0594541362652112
2014-08-07,2.0604320031075507
2014-08-08,2.0652731015761066
2014-08-11,2.068866088626542
2014-08-12,2.06639914502415
2014-08-13,2.0718621996424815
2014-08-14,2.0760395884734297
2014-08-15,2.0759043380656363
2014-08-18,2.0792531509420016
2014-08-19,2.081063913997293
2014-08-20,2.077817059065827
2014-08-21,2.077663858609855
2014-08-22,2.0756246308030333
2014-08-25,2.0813550815819934
2014-08-26,2.0832689079229256
2014-08-27,2.086480627993426
2014-08-28,2.084030982667759
2014-08-29,2.0840820008137
2014-09-02,2.0757087936858376
2014-09-03,2.0817988364761586
2014-09-04,2.0763978333514417
2014-09-05,2.079806293901212
2014-09-08,2.0723435328012063
2014-09-09,2.0651066983068214
2014-09-10,2.065048746304674
2014-09-11,2.061389537487962
2014-09-12,2.0540587850474794
2014-09-15,2.0525241099047298
2014-09-16,2.0587869865017874
2014-09-17,2.053280311364821
2014-09-18,2.0553083377076176
2014-09-19,2.054656842145791
2014-09-22,2.048786658427906
2014-09-23,2.0470780901746655
2014-09-24,2.0512608601518503
2014-09-25,2.0440392131313563
2014-09-26,2.0460915501202726
2014-09-29,2.041430639475562
2014-09-30,2.040741122869407
2014-10-01,2.0424010140857316
2014-10-02,2.0412405764779336
2014-10-03,2.044590991732346
2014-10-06,2.0450723785628635
2014-10-07,2.042267373312757
2014-10-08,2.0496584771137707
2014-10-09,2.0385399353789713
2014-10-10,2.0370255981735896
2014-10-13,2.0355728890134204
2014-10-14,2.0372270271323307
2014-10-15,2.039318522011271
2014-10-16,2.0378462670689985
2014-10-17,2.0366530778528027
2014-10-20,2.037779195821489
2014-10-21,2.041751411316377
2014-10-22,2.0393010002278102
2014-10-23,2.0401166366689645
2014-10-24,2.0424959145593835
2014-10-27,2.042823240853964
2014-10-28,2.043878669986131
2014-10-29,2.041617046629952
2014-10-30,2.0441093778810657
2014-10-31,2.0476714807171597
2014-11-03,2.0446005782913854
2014-11-04,2.044078559242338
2014-11-05,2.045385932545168
2014-11-06,2.0444110120349053
2014-11-07,2.0487711086792477
2014-11-10,2.046634076295561
2014-11-11,2.047004463761616
2014-11-12,2.046632853349854
2014-11-13,2.0471728118807797
2014-11-14,2.0483293513972294
2014-11-17,2.047292084364316
2014-11-18,2.0495119973921234
2014-11-19,2.046447540354577
2014-11-20,2.0488049169113496
2014-11-21,2.0520963028455137
2014-11-24,2.0514973715990243
2014-11-25,2.0536050209757075
2014-11-26,2.0557907020192667
2014-11-28,2.052563451635315
2014-12-01,2.0486852299838727
2014-12-02,2.046973952402365
2014-12-03,2.048086023790283
2014-12-04,2.0498816069784023
2014-12-05,2.046720394325008
2014-12-08,2.047702970363368
2014-12-09,2.049087593702662
2014-12-10,2.0464991281484943
2014-12-11,2.0470122771246393
2014-12-12,2.0461957536299997
2014-12-15,2.0434140701896775
2014-12-16,2.043199365776769
2014-12-17,2.046183432022192
2014-12-18,2.050651675476534
2014-12-19,2.0529773277029784
2014-12-22,2.055370316145212
2014-12-23,2.05044974749433
2014-12-24,2.051764015370714
2014-12-26,2.0532433661337453
2014-12-29,2.055498552459981
2014-12-30,2.054907484951476
2014-12-31,2.0528920926355823
2015-01-02,2.055686785271221
2015-01-05,2.0542232824473268
2015-01-06,2.0552251500228054
2015-01-07,2.0586726245182505
2015-01-08,2.0609655819536847
2015-01-09,2.061483483200716
2015-01-12,2.061070921549562
2015-01-13,2.0608877729914217
2015-01-14,2.061592033507388
2015-01-15,2.0639474569371004
2015-01-16,2.066371317828415
2015-01-20,2.0720917494252684
2015-01-21,2.071659895487536
2015-01-22,2.076685461065513
2015-01-23,2.0770557512917254
2015-01-26,2.07429807517818
2015-01-27,2.0742588569543763
2015-01-28,2.0737380672657517
2015-01-29,2.0688095187214226
2015-01-30,2.076632845655326
2015-02-02,2.077589396851301
2015-02-03,2.073152349353048
2015-02-04,2.0744803175801567
2015-02-05,2.075242320742475
2015-02-06,2.060693448638569
2015-02-09,2.059544885106951
2015-02-10,2.06066380462385
2015-02-11,2.0607716995505685
2015-02-12,2.0640513183842026
2015-02-13,2.062926359669815
2015-02-17,2.059260625104879
2015-02-18,2.0621625277649933
2015-02-19,2.061395793857498
2015-02-20,2.0656272309119244
2015-02-23,2.067207637434234
2015-02-24,2.0740764208330917
2015-02-25,2.0747154172387705
2015-02-26,2.069822739157618
2015-02-27,2.071247707575326
2015-03-02,2.0677930877473454
2015-03-03,2.064111098126048
2015-03-04,2.062151236469303
2015-03-05,2.0636370670923374
2015-03-06,2.049438029076489
2015-03-09,2.0533761380175526
2015-03-10,2.051316693774694
2015-03-11,2.0529907659117552
2015-03-12,2.0564477188208867
2015-03-13,2.053271224888673
2015-03-16,2.0584065224932417
2015-03-17,2.0585529388810615
2015-03-18,2.069651271021606
2015-03-19,2.062006050263665
2015-03-20,2.0725432702305526
2015-03-23,2.0743186912229468
2015-03-24,2.0741824069873784
2015-03-25,2.066704271446844
2015-03-26,2.059865967313296
2015-03-27,2.0635273936810967
2015-03-30,2.0673716410144567
2015-03-31,2.062687275381869
2015-04-01,2.0664288302356635
2015-04-02,2.068088086809168
2015-04-06,2.0732827933321456
2015-04-07,2.0721381822437195
2015-04-08,2.0792378505747173
2015-04-09,2.0802886652864068
2015-04-10,2.0826926519353948
2015-04-13,2.0790722682772347
2015-04-14,2.084308205466609
2015-04-15,2.089146413669292
2015-04-16,2.091738474143221
2015-04-17,2.082318749028616
2015-04-20,2.083447293546997
2015-04-21,2.0860955407323125
2015-04-22,2.086705429199828
2015-04-23,2.0921277162250322
2015-04-24,2.097073740771108
2015-04-27,2.0977736506475186
2015-04-28,2.0955607330506956
2015-04-29,2.0852086484934786
2015-04-30,2.0760375751019455
2015-05-01,2.0797249295876394
2015-05-04,2.0798400051574504
2015-05-05,2.069063022185831
2015-05-06,2.0622205227418773
2015-05-07,2.0637599261636734
2015-05-08,2.0782552582430958
2015-05-11,2.0654414597144957
2015-05-12,2.0638359912055106
2015-05-13,2.065932308964711
2015-05-14,2.0755612978220497
2015-05-15,2.0810940860606086
2015-05-18,2.073613228674283
2015-05-19,2.0673231752779015
2015-05-20,2.068419291689981
2015-05-21,2.071975029883608
2015-05-22,2.0696750363622107
2015-05-26,2.0603788260308957
2015-05-27,2.065505028036184
2015-05-28,2.0615270325143147
2015-05-29,2.0551923578738798
2015-06-01,2.0531783175507554
2015-06-02,2.0513270246396114
2015-06-03,2.048921780752473
2015-06-04,2.0440120923084404
2015-06-05,2.040535391861723
2015-06-08,2.038617004705907
2015-06-09,2.0371805588815386
2015-06-10,2.0455870254941098
2015-06-11,2.0471029155086735
2015-06-12,2.0431117021520797
2015-06-15,2.040474067252808
2015-06-16,2.041787095038786
2015-06-17,2.041617787536537
2015-06-18,2.0465658841384986
2015-06-19,2.0448121774919
2015-06-22,2.048807149659412
2015-06-23,2.049673295497142
2015-06-24,2.0438003284998802
2015-06-25,2.042910996364204
2015-06-26,2.0427458232712516
2015-06-29,2.0295451672268348
2015-06-30,2.0291605842783276
2015-07-01,2.0328316565647118
2015-07-02,2.032916952544034
2015-07-06,2.0270702546651034
2015-07-07,2.0286638073438485
2015-07-08,2.025417006253784
2015-07-09,2.0231823537810394
2015-07-10,2.026366684625952
2015-07-13,2.03010778998893
2015-07-14,2.0333317758390654
2015-07-15,2.032309999574034
2015-07-16,2.036542673245801
2015-07-17,2.036330272101851
2015-07-20,2.0371247827179637
2015-07-21,2.0353794663212983
2015-07-22,2.032973966280821
2015-07-23,2.0308762529670945
2015-07-24,2.025453105555314
2015-07-27,2.0229552955733014
2015-07-28,2.028536549185198
2015-07-29,2.03082956038272
2015-07-30,2.0306928291520805
2015-07-31,2.031805348118804
2015-08-03,2.0313189896736716
2015-08-04,2.0289666739370156
2015-08-05,2.0301554225674905
2015-08-06,2.027023418583436
2015-08-07,2.027071091294276
2015-08-10,2.0319893990563167
2015-08-11,2.0274912549409967
2015-08-12,2.0257275101202326
2015-08-13,2.024056726715104
2015-08-14,2.025112418523154
2015-08-17,2.0265047488859738
2015-08-18,2.0229995076599465
2015-08-19,2.0203131827684313
2015-08-20,2.016117449969709
2015-08-21,2.017565133018091
2015-08-24,2.0178948175374227
2015-08-25,2.0159170309894847
2015-08-26,2.0131920608217917
2015-08-27,2.0130504488028103
2015-08-28,2.0130975530374937
2015-08-31,2.0126724158362284
2015-09-01,2.0138025582596684
2015-09-02,2.012794991269407
2015-09-03,2.013409855944893
2015-09-04,2.014719485451788
2015-09-08,2.0130137544073854
2015-09-09,2.0131082225264323
2015-09-10,2.0125414157168726
2015-09-11,2.0132040581094337
2015-09-14,2.013439992862164
2015-09-15,2.010327906242456
2015-09-16,2.010327906242456
2015-09-17,2.010327906242456
2015-09-18,2.0117127885445596
2015-09-21,2.009614264037174
2015-09-22,2.0108632766981085
2015-09-23,2.0103745416175993
2015-09-24,2.0110728042066586
2015-09-25,2.0099788840076402
2015-09-28,2.011412892162687
2015-09-29,2.0126695904126923
2015-09-30,2.0128079746107894
2015-10-01,2.0131996598672637
2015-10-02,2.015172399368515
2015-10-05,2.012836423029343
2015-10-06,2.0139709716043144
2015-10-07,2.013157859203389
2015-10-08,2.012158877090806
2015-10-09,2.0120926110239568
2015-10-12,2.0135795805010686
2015-10-13,2.0138358790951787
2015-10-14,2.0161539025458564
2015-10-15,2.0136917363448523
2015-10-16,2.0115388185351604
2015-10-19,2.011652969732776
2015-10-20,2.009815078016546
2015-10-21,2.01252229054803
2015-10-22,2.0133602486021576
2015-10-23,2.01334341248152
2015-10-26,2.0139466159791115
2015-10-27,2.014521800813268
2015-10-28,2.0143383744637466
2015-10-29,2.009802462380625
2015-10-30,2.009881156912849
2015-11-02,2.0116371490407405
2015-11-03,2.0112442546950735
2015-11-04,2.0102214269088132
2015-11-05,2.0098047451878034
2015-11-06,2.007968432035058
2015-11-09,2.005626261827283
2015-11-10,2.006204510437886
2015-11-11,2.005218628937999
2015-11-12,2.0017194954370674
2015-11-13,2.0017194954370674
2015-11-16,2.0017194954370674
2015-11-17,2.0014662201998377
2015-11-18,2.0054357206475246
2015-11-19,2.0052193764724384
2015-11-20,2.005802245021848
2015-11-23,2.0058459751990796
2015-11-24,2.0064183201619854
2015-11-25,2.0066391609736542
2015-11-27,2.0071173877083806
2015-11-30,2.0062624951126673
2015-12-01,2.010866420485034
2015-12-02,2.0066904424927086
2015-12-03,1.995368810030201
2015-12-04,2.0002332918626213
2015-12-07,1.9995221111649182
2015-12-08,1.9980761791064787
2015-12-09,1.996509502577056
2015-12-10,1.9965678906439501
2015-12-11,1.9943516508469705
2015-12-14,1.991340538743349
2015-12-15,1.9907074353965788
2015-12-16,1.9900495886778686
2015-12-17,1.9862589824934602
2015-12-18,1.9871485081275144
2015-12-21,1.9870359895764442
2015-12-22,1.9863362242439275
2015-12-23,1.9857748873503591
2015-12-24,1.9858205915691647
2015-12-28,1.9853005499628513
2015-12-29,1.9866374370995292
2015-12-30,1.9848773908771602
2015-12-31,1.982395415117294
2016-01-04,1.982395415117294
2016-01-05,1.9823252872713624
2016-01-06,1.9838211674190962
2016-01-07,1.9843330626621978
2016-01-08,1.9855086385270755
2016-01-11,1.9840130293758884
2016-01-12,1.9856770305619997
2016-01-13,1.9872201774947047
2016-01-14,1.9866214012121743
2016-01-15,1.9880733335154117
2016-01-19,1.9875001700285602
2016-01-20,1.9889265886741556
2016-01-21,1.9879649100864614
2016-01-22,1.9875959191966555
2016-01-25,1.988288235644599
2016-01-26,1.988791562156956
2016-01-27,1.989020840154017
2016-01-28,1.9895475872998507
2016-01-29,1.9916063022096313
2016-02-01,1.9907315852782126
2016-02-02,1.9932478316628188
2016-02-03,1.9929519896039016
2016-02-04,1.9968049395319258
2016-02-05,2.0008459974312633
2016-02-08,2.007037906328404
2016-02-09,2.006509690081469
2016-02-10,2.0098182828775157
2016-02-11,2.021229911958379
2016-02-12,2.0157117756486334
2016-02-16,2.0066976651687205
2016-02-17,2.0074976923103547
2016-02-18,2.015524173107342
2016-02-19,2.01405777605848
2016-02-22,2.0094011548814965
2016-02-23,2.013709936658295
2016-02-24,2.014881464679097
2016-02-25,2.0183486022864097
2016-02-26,2.0148416321116476
2016-02-29,2.0190156487757687
2016-03-01,2.0130612811578135
2016-03-02,2.0148006894008463
2016-03-03,2.020939796088901
2016-03-04,2.019252512195157
2016-03-07,2.020216709152505
2016-03-08,2.0224738948006826
2016-03-09,2.018984842723699
2016-03-10,2.0232997894019586
2016-03-11,2.0184868245993943
2016-03-14,2.0159721042218886
2016-03-15,2.015390735336016
2016-03-16,2.026082726753852
2016-03-17,2.0283109454243795
2016-03-18,2.031190393263173
2016-03-21,2.0287178366068344
2016-03-22,2.0275618020261126
2016-03-23,2.0188255262753843
2016-03-24,2.017769477933435
2016-03-28,2.019206531475114
2016-03-29,2.0298149880623715
2016-03-30,2.0292615911583076
2016-03-31,2.0323274325131733
2016-04-01,2.032303424820629
2016-04-04,2.0273103332894875
2016-04-05,2.025281411941333
2016-04-06,2.025690290210314
2016-04-07,2.023744615776655
2016-04-08,2.0228332891476666
2016-04-11,2.0257713464235563
2016-04-12,2.02965205393049
2016-04-13,2.035191880040266
2016-04-14,2.0292051872876007
2016-04-15,2.031755402370471
2016-04-18,2.034328363986251
2016-04-19,2.047426356123907
2016-04-20,2.0427902314135484
2016-04-21,2.0374293874057035
2016-04-22,2.032776592434307
2016-04-25,2.0290240893018723
2016-04-26,2.0332873783321634
2016-04-27,2.0400254233410355
2016-04-28,2.0380524474824298
2016-04-29,2.039602299991177
2016-05-02,2.038873510914698
2016-05-03,2.0270978491189955
2016-05-04,2.020185577613195
2016-05-05,2.0216769084026174
2016-05-06,2.023372286810471
2016-05-09,2.018773857188087
2016-05-10,2.0230911348807368
2016-05-11,2.023158780460432
2016-05-12,2.019114350271893
2016-05-13,2.019961262632983
2016-05-16,2.020454950831271
2016-05-17,2.0182001012772988
2016-05-18,2.0040086234793697
2016-05-19,2.00366341542911
2016-05-20,2.005398281121569
2016-05-23,2.0044595323194434
2016-05-24,2.0023939708615126
2016-05-25,2.0064172306651633
2016-05-26,2.0082097760029054
2016-05-27,2.006804856072588
2016-05-31,2.0049830499034456
2016-06-01,2.00608991804137
2016-06-02,2.008762895092552
2016-06-03,2.0253185231909017
2016-06-06,2.033903839451283
2016-06-07,2.0430191310653645
2016-06-08,2.0556270683102396
2016-06-09,2.047822767533365
2016-06-10,2.0261204580819343
2016-06-13,2.0204700391906742
2016-06-14,2.0180104509127177
2016-06-15,2.018869769634786
2016-06-16,2.01686500999066
2016-06-17,2.018060144793013
2016-06-20,2.025964043918501
2016-06-21,2.0244061516982805
2016-06-22,2.0225370801767846
2016-06-23,2.040560013745789
2016-06-24,2.0002831891010335
2016-06-27,1.9981574130971882
2016-06-28,1.9971184138459515
2016-06-29,2.0074512473803345
2016-06-30,2.0119093765276452
2016-07-01,2.0257981081852776
2016-07-05,2.0106944001565497
2016-07-06,2.0139703137598843
2016-07-07,2.011728314514553
2016-07-08,2.024688202301874
2016-07-11,2.022960902476783
2016-07-12,2.020485097901489
2016-07-13,2.0240704669047744
2016-07-14,2.027483546783674
2016-07-15,2.021461419763127
2016-07-18,2.0254028558138666
2016-07-19,2.0225377452983
2016-07-20,2.022700859743467
2016-07-21,2.0248799417292336
2016-07-22,2.0261566614860658
2016-07-25,2.020219567900947
2016-07-26,2.024364387090793
2016-07-27,2.0328219927301228
2016-07-28,2.0320521511610825
2016-07-29,2.0420109301019878
2016-08-01,2.037189879911034
2016-08-02,2.031727967228211
2016-08-03,2.03196502208969
2016-08-04,2.037707890544827
2016-08-05,2.0358682096959977
2016-08-08,2.0380212098445254
2016-08-09,2.046030625685143
2016-08-10,2.049247990991536
2016-08-11,2.0510505014482847
2016-08-12,2.0513765174376086
2016-08-15,2.054677066270084
2016-08-16,2.0520201820252835
2016-08-17,2.0540872245191735
2016-08-18,2.0682778799242905
2016-08-19,2.0609544330370646
2016-08-22,2.0508334865779454
2016-08-23,2.054501523751906
2016-08-24,2.0438191463137705
2016-08-25,2.0447273850305927
2016-08-26,2.03795587216182
2016-08-29,2.043314771400048
2016-08-30,2.035973583756576
2016-08-31,2.0221747037309874
2016-09-01,2.0275065636221195
2016-09-02,2.036855850308959
2016-09-06,2.051707732437496
2016-09-07,2.0500524709140047
2016-09-08,2.042759924200134
2016-09-09,2.0085390418167743
2016-09-12,2.017227352510802
2016-09-13,1.9916435581486986
2016-09-14,1.9938561240458577
2016-09-15,2.001568044565504
2016-09-16,1.9957966628032446
2016-09-19,1.9989360034701888
2016-09-20,2.00163707549586
2016-09-21,2.0217950978879418
2016-09-22,2.03064949842384
2016-09-23,2.0156958075899003
2016-09-26,2.008861863032717
2016-09-27,2.007986567510145
2016-09-28,2.0126133619613666
2016-09-29,2.007781712355095
2016-09-30,2.0119077049300484
2016-10-03,2.0140576936465755
2016-10-04,1.9977853595198514
2016-10-05,2.007821361049857
2016-10-06,2.0075480791693345
2016-10-07,2.001363558322983
2016-10-10,2.0128533832797535
2016-10-11,1.9958570820550778
2016-10-12,1.9923411112482836
2016-10-13,1.9911623275943129
2016-10-14,1.9886952801974251
2016-10-17,1.9870916302934643
2016-10-18,1.9987457579032437
2016-10-19,2.0067893824230985
2016-10-20,1.9998646615607725
2016-10-21,2.0012085340556545
2016-10-24,2.000211413909222
2016-10-25,1.9950809911779603
2016-10-26,1.984027312918088
2016-10-27,1.9810282134455672
2016-10-28,1.9745046053338815
2016-10-31,1.9665533967934308
2016-11-01,1.9638079698191433
2016-11-02,1.9534750927903342
2016-11-03,1.951763722677033
2016-11-04,1.9488231806039797
2016-11-07,1.957163644657731
2016-11-08,1.9585601909074766
2016-11-09,1.9475270667196682
2016-11-10,1.9403357269626862
2016-11-11,1.9336836624763987
2016-11-14,1.9308111763169467
2016-11-15,1.9337577880301262
2016-11-16,1.9287555584374867
2016-11-17,1.9303422344094725
2016-11-18,1.9260585290604575
2016-11-21,1.9278766519913404
2016-11-22,1.9288712034038296
2016-11-23,1.926477221812825
2016-11-25,1.9208655143079434
2016-11-28,1.9206918352087117
2016-11-29,1.921499289797245
2016-11-30,1.9213296540116391
2016-12-01,1.926394802005505
2016-12-02,1.9299780449715283
2016-12-05,1.9306877807862917
2016-12-06,1.9331147019586539
2016-12-07,1.939671652481468
2016-12-08,1.9459396677054612
2016-12-09,1.9499737746509478
2016-12-12,1.9508325302690233
2016-12-13,1.9601112399711391
2016-12-14,1.938633709003861
2016-12-15,1.9403591655315209
2016-12-16,1.9430093841574854
2016-12-19,1.9404524776009298
2016-12-20,1.9447549777789803
2016-12-21,1.940380293742491
2016-12-22,1.9398385848143656
2016-12-23,1.9429416608541532
2016-12-27,1.9468211250700522
2016-12-28,1.9442955389486933
2016-12-29,1.944213767307499
2016-12-30,1.9424472194673565
2017-01-03,1.9429308041312525
2017-01-04,1.951957952230634
2017-01-05,1.9590346235454092
2017-01-06,1.9576477144265552
2017-01-09,1.948510852173707
2017-01-10,1.944808108188055
2017-01-11,1.956255286357501
2017-01-12,1.9607394058292975
2017-01-13,1.9592489062244463
2017-01-17,1.9577775944359477
2017-01-18,1.9505016851783321
2017-01-19,1.9484636101610688
2017-01-20,1.956026942629394
2017-01-23,1.958130764109244
2017-01-24,1.962921142669483
2017-01-25,1.9690037094157735
2017-01-26,1.9715071624688218
2017-01-27,1.9681289860519637
2017-01-30,1.960936484297648
2017-01-31,1.9626150366895692
2017-02-01,1.9672984357135261
2017-02-02,1.9692794804924598
2017-02-03,1.9741130356577608
2017-02-06,1.9678978912896117
2017-02-07,1.9623134872922088
2017-02-08,1.9654285562612004
2017-02-09,1.9716470410312121
2017-02-10,1.9787296485891344
2017-02-13,1.9779680494181775
2017-02-14,1.9801557738989148
2017-02-15,1.9839564894908153
2017-02-16,1.9845130538578029
2017-02-17,1.982785476262598
2017-02-21,1.9910563460864703
2017-02-22,1.987722813353728
2017-02-23,1.9922052350386017
2017-02-24,1.9862663245121643
2017-02-27,1.9862611506389927
2017-02-28,1.9823935922298033
2017-03-01,1.9912155924399662
2017-03-02,1.9786065133696813
2017-03-03,1.9847817707439386
2017-03-06,1.9831794662352669
2017-03-07,1.98162174250299
2017-03-08,1.96474278061938
2017-03-09,1.9640463878480237
2017-03-10,1.9697178811984912
2017-03-13,1.9745659699527143
2017-03-14,1.9703222372507574
2017-03-15,1.9823989951131689
2017-03-16,1.9846276995467145
2017-03-17,1.9843925609465347
2017-03-20,1.9864916176822858
2017-03-21,1.9794489470315078
2017-03-22,1.9812612134440943
2017-03-23,1.9816200740154912
2017-03-24,1.982743516373801
2017-03-27,1.9824424157856742
2017-03-28,1.9861255583415147
2017-03-29,1.986794118465634
2017-03-30,1.985404364720199
2017-03-31,1.9827169872936312
2017-04-03,1.9833121241392024
2017-04-04,1.9835156191380583
2017-04-05,1.9807119114404947
2017-04-06,1.981009305105504
2017-04-07,1.980157220007433
2017-04-10,1.9830834579304306
2017-04-11,1.9840512081732005
2017-04-12,1.9851516474198938
2017-04-13,1.9832276486726423
2017-04-17,1.9866484758579972
2017-04-18,1.984837626999276
2017-04-19,1.9684322599975839
2017-04-20,1.9751725367986603
2017-04-21,1.9753214968046404
2017-04-24,1.9854431451479229
2017-04-25,1.986512590283983
2017-04-26,1.9865577791047013
2017-04-27,1.9862227427353871
2017-04-28,1.9872907174533305
2017-05-01,1.986682145953566
2017-05-02,1.9908780080557098
2017-05-03,1.9845670534258255
2017-05-04,1.983757291847175
2017-05-05,1.9896683260401813
2017-05-08,1.9867853875973982
2017-05-09,1.9891410519946169
2017-05-10,1.991957051686732
2017-05-11,1.9915091382802217
2017-05-12,1.99476668130308
2017-05-15,1.99983312374125
2017-05-16,2.002124243163198
2017-05-17,1.9933942853492237
2017-05-18,1.988396244631207
2017-05-19,1.9982843262486762
2017-05-22,2.0004958131708652
2017-05-23,1.997838091564113
2017-05-24,2.001872615411237
2017-05-25,2.004364986280142
2017-05-26,2.0069815428242674
2017-05-30,2.0060437682074617
2017-05-31,2.0060154057418105
2017-06-01,2.0117884813484372
2017-06-02,2.021615987820365
2017-06-05,2.0184586734705885
2017-06-06,2.02193512230593
2017-06-07,2.0197586516581927
2017-06-08,2.018200836630199
2017-06-09,2.011949421394772
2017-06-12,2.009260036816763
2017-06-13,2.014325641796034
2017-06-14,2.016213642355397
2017-06-15,2.008248158588489
2017-06-16,2.0114151654231227
2017-06-19,2.0137589982413826
2017-06-20,2.008307339822984
2017-06-21,2.008635183826372
2017-06-22,2.0111687431521856
2017-06-23,2.0147463039418
2017-06-26,2.0164044799035605
2017-06-27,2.0092106586040437
2017-06-28,2.015911757100816
2017-06-29,2.004586478522008
2017-06-30,2.004613917728181
2017-07-03,2.000176782666751
2017-07-05,2.0010172117825356
2017-07-06,1.9930084458761317
2017-07-07,1.9944489017872489
2017-07-10,1.998226470040109
2017-07-11,2.001326769299727
2017-07-12,2.0126373853665918
2017-07-13,2.014051466137579
2017-07-14,2.0213493372413005
2017-07-17,2.020314333836843
2017-07-18,2.0240259845150685
2017-07-19,2.028525609966513
2017-07-20,2.0300919589507873
2017-07-21,2.0323692223074596
2017-07-24,2.0317943920507435
2017-07-25,2.027456261717108
2017-07-26,2.0353016902983945
2017-07-27,2.031509340375539
2017-07-28,2.0348812312896047
2017-07-31,2.0356427014472027
2017-08-01,2.0404137331495575
2017-08-02,2.0395306645822684
2017-08-03,2.0402985707975665
2017-08-04,2.037951319350023
2017-08-07,2.0401622274354008
2017-08-08,2.0373067182680944
2017-08-09,2.038454898319761
2017-08-10,2.0282179502308106
2017-08-11,2.03088183011296
2017-08-14,2.0351522627304757
2017-08-15,2.0318365543921026
2017-08-16,2.039890976458073
2017-08-17,2.0326216825434846
2017-08-18,2.0344117212963773
2017-08-21,2.0371310283589166
2017-08-22,2.0417496639581767
2017-08-23,2.0454752556482596
2017-08-24,2.0431007117038766
2017-08-25,2.0488673897223477
2017-08-28,2.0523654346378954
2017-08-29,2.0517647743892966
2017-08-30,2.0528622555940483
2017-08-31,2.0609877327432824
2017-09-01,2.0617244821982315
2017-09-05,2.062085641927627
2017-09-06,2.0631069379631075
2017-09-07,2.072527582078072
2017-09-08,2.068956078271999
2017-09-11,2.0706366257297746
2017-09-12,2.0715048590347385
2017-09-13,2.0658690789688725
2017-09-14,2.0688904971671653
2017-09-15,2.070195647666138
2017-09-18,2.0682008405522265
2017-09-19,2.0704984649595732
2017-09-20,2.0657221015084626
2017-09-21,2.062152703161012
2017-09-22,2.063694110871611
2017-09-25,2.0623611031602245
2017-09-26,2.056558507756085
2017-09-27,2.0520761219447246
2017-09-28,2.051536663081814
2017-09-29,2.05528489269517
2017-10-02,2.049206405306935
2017-10-03,2.0559444086898555
2017-10-04,2.056138258563445
2017-10-05,2.0573085620589553
2017-10-06,2.0558511107043183
2017-10-09,2.0582899190897233
2017-10-10,2.064915845441411
2017-10-11,2.068166441149405
2017-10-12,2.065026036450644
2017-10-13,2.0735125699634875
2017-10-16,2.0729172643185594
2017-10-17,2.0698340593484996
2017-10-18,2.068786330449728
2017-10-19,2.065330767969514
2017-10-20,2.065108431474741
2017-10-23,2.062420096307583
2017-10-24,2.063299499438648
2017-10-25,2.05776781256108
2017-10-26,2.0560644660942775
2017-10-27,2.071606957464281
2017-10-30,2.073320464090595
2017-10-31,2.0769853341775484
2017-11-01,2.079851253703817
2017-11-02,2.0838323025362695
2017-11-03,2.0871847362408373
2017-11-06,2.1014405902184867
2017-11-07,2.0971464495112873
2017-11-08,2.0979458916188105
2017-11-09,2.09511063182465
2017-11-10,2.0862470682373444
2017-11-13,2.084228869863385
2017-11-14,2.0771976133352488
2017-11-15,2.0745784649729235
2017-11-16,2.0825258415339856
2017-11-17,2.0927745203433847
2017-11-20,2.089655206529147
2017-11-21,2.1012169357256383
2017-11-22,2.111711440329472
2017-11-24,2.117005632487968
2017-11-27,2.1080465967433724
2017-11-28,2.114338335259932
2017-11-29,2.102229913047933
2017-11-30,2.0983383629885264
2017-12-01,2.1024623214589266
2017-12-04,2.09704507499793
2017-12-05,2.0956071747972818
2017-12-06,2.0851775270382373
2017-12-07,2.0891348700631407
2017-12-08,2.0980691572281795
2017-12-11,2.103284610716807
2017-12-12,2.0981555527360545
2017-12-13,2.102482050559786
2017-12-14,2.100795294054783
2017-12-15,2.10455570714989
2017-12-18,2.1101392031820043
2017-12-19,2.1050646420376773
2017-12-20,2.105804796517635
2017-12-21,2.110637315218963
2017-12-22,2.1142504192500247
2017-12-26,2.1225870690930586
2017-12-27,2.126529362154823
2017-12-28,2.1311474730330047
2017-12-29,2.134826502004912
2018-01-02,2.1461520687645987
2018-01-03,2.1575141881801385
2018-01-04,2.164718206511704
2018-01-05,2.1685030602523296
2018-01-08,2.1703247775917056
2018-01-09,2.171970887801591
2018-01-10,2.1725240554668677
2018-01-11,2.1801528588506454
2018-01-12,2.1942203902556567
2018-01-16,2.1904037887007837
2018-01-17,2.19520138359299
2018-01-18,2.192021027023383
2018-01-19,2.196553364741302
2018-01-22,2.2033144190574867
2018-01-23,2.2127504797315867
2018-01-24,2.2239731629459274
2018-01-25,2.2190438655752796
2018-01-26,2.2322153268429368
2018-01-29,2.2185254658114126
2018-01-30,2.203004723131327
2018-01-31,2.2092923682977887
2018-02-01,2.2112507406225386
2018-02-02,2.183335686730155
2018-02-05,2.1459557296544682
2018-02-06,2.1609696687990723
2018-02-07,2.139843898632381
2018-02-08,2.1079157580712122
2018-02-09,2.111746926010632
2018-02-12,2.1257523701861953
2018-02-13,2.1286987640839925
2018-02-14,2.155155291774199
2018-02-15,2.1694349591688376
2018-02-16,2.1700742479184214
2018-02-20,2.1586807960833183
2018-02-21,2.1524033328174426
2018-02-22,2.1622689056480366
2018-02-23,2.1770511292975887
2018-02-26,2.187871334669286
2018-02-27,2.1651148073189606
2018-02-28,2.149657128231505
2018-03-01,2.139697805070303
2018-03-02,2.1453399452517985
2018-03-05,2.15457897526893
2018-03-06,2.1618350843109653
2018-03-07,2.15547723834853
2018-03-08,2.1524060578723585
2018-03-09,2.1718975646524896
2018-03-12,2.1703415683395257
2018-03-13,2.1620083285483136
2018-03-14,2.162423005246448
2018-03-15,2.1605926939985998
2018-03-16,2.164038994940536
2018-03-19,2.1558638438197195
2018-03-20,2.1636472661244643
2018-03-21,2.1776803100305964
2018-03-22,2.150922298268699
2018-03-23,2.1470981293598896
2018-03-26,2.1631355326974915
2018-03-27,2.1473003500388885
2018-03-28,2.1421896989419817
2018-03-29,2.154814632717915
2018-04-02,2.136381891762812
2018-04-03,2.1436146768099493
2018-04-04,2.1480506285377703
2018-04-05,2.151451374888473
2018-04-06,2.1329765065406208
2018-04-09,2.1432119990681557
2018-04-10,2.1662763573465202
2018-04-11,2.170132056275132
2018-04-12,2.1715472580902504
2018-04-13,2.17068974705961
2018-04-16,2.170663584609703
2018-04-17,2.176224188805109
2018-04-18,2.1899224903394976
2018-04-19,2.1830748253220964
2018-04-20,2.1738359638624045
2018-04-23,2.1724584387823787
2018-04-24,2.1630537334211057
2018-04-25,2.160210895717796
2018-04-26,2.168239810938843
2018-04-27,2.170797207015488
2018-04-30,2.1652947180688056
2018-05-01,2.1578540863003437
2018-05-02,2.1548481733793845
2018-05-03,2.1580512481995076
2018-05-04,2.168332345816012
2018-05-07,2.167969014442036
2018-05-08,2.1672818808410166
2018-05-09,2.175957452502839
2018-05-10,2.1885492811848426
2018-05-11,2.186218347237083
2018-05-14,2.1885674771414045
2018-05-15,2.1750193750197573
2018-05-16,2.1776763581042426
2018-05-17,2.174275919279503
2018-05-18,2.171484062146156
2018-05-21,2.1797517464545777
2018-05-22,2.1766095699246217
2018-05-23,2.1734255921910326
2018-05-24,2.1679068117081615
2018-05-25,2.153929690680449
2018-05-29,2.142004376881132
2018-05-30,2.151919456220288
2018-05-31,2.1431309893960564
2018-06-01,2.1398299625938924
2018-06-04,2.13927896226365
2018-06-05,2.1390356899792526
2018-06-06,2.142460673490968
2018-06-07,2.140693255336127
2018-06-08,2.140185200695996
2018-06-11,2.1440651803427637
2018-06-12,2.143511919191461
2018-06-13,2.1444372114983903
2018-06-14,2.145536844458539
2018-06-15,2.134499280462802
2018-06-18,2.1369515808441224
2018-06-19,2.1329128144012865
2018-06-20,2.136208357676203
2018-06-21,2.135137573803246
2018-06-22,2.1498612010727562
2018-06-25,2.1414110493302347
2018-06-26,2.1517231800051295
2018-06-27,2.1566573192730694
2018-06-28,2.1620629794242108
2018-06-29,2.1660894977988088
2018-07-02,2.164870447004094
2018-07-03,2.1631912816320558
2018-07-05,2.1628599782978246
2018-07-06,2.168439288088985
2018-07-09,2.172148233798854
2018-07-10,2.1738479392827226
2018-07-11,2.1581566577312192
2018-07-12,2.1621104431620184
2018-07-13,2.1638258412200346
2018-07-16,2.1533721615809127
2018-07-17,2.15465412027884
2018-07-18,2.1581167042322025
2018-07-19,2.157673259265206
2018-07-20,2.1572147835974294
2018-07-23,2.1565728724526387
2018-07-24,2.160607807148398
2018-07-25,2.1665155945032812
2018-07-26,2.16559865898097
2018-07-27,2.1609580766651684
2018-07-30,2.1636578238315827
2018-07-31,2.160508617749043
2018-08-01,2.1550918185611803
2018-08-02,2.1617215326469226
2018-08-03,2.1611858606008303
2018-08-06,2.1629337436654423
2018-08-07,2.1647712918293585
2018-08-08,2.1559894224661025
2018-08-09,2.1552335100881215
2018-08-10,2.157310196584146
2018-08-13,2.155033316206026
2018-08-14,2.1558509591584722
2018-08-15,2.1456323805821453
2018-08-16,2.150257632416187
2018-08-17,2.152875365205765
2018-08-20,2.156894354366836
2018-08-21,2.157631331984203
2018-08-22,2.1667554681426977
2018-08-23,2.166310482762952
2018-08-24,2.1718970196592893
2018-08-27,2.1739738744802857
2018-08-28,2.1706446583779004
2018-08-29,2.1762989468773983
2018-08-30,2.17750013635026
2018-08-31,2.1767988064258694
2018-09-04,2.1730015711140314
2018-09-05,2.1704391511885315
2018-09-06,2.1670834679445674
2018-09-07,2.1639913158352355
2018-09-10,2.163550664077374
2018-09-11,2.1704239413002604
2018-09-12,2.1738344515834385
2018-09-13,2.170289785298486
2018-09-14,2.1696816102565117
2018-09-17,2.167684807188834
2018-09-18,2.173274586827169
2018-09-19,2.178187347308794
2018-09-20,2.177842345927878
2018-09-21,2.1805366145540424
2018-09-24,2.1849148604753346
2018-09-25,2.185019719063422
2018-09-26,2.181340646371264
2018-09-27,2.1848093813721423
2018-09-28,2.1893006778611794
2018-10-01,2.197833719714307
2018-10-02,2.196295461827323
2018-10-03,2.198776175525089
2018-10-04,2.1908166684429817
2018-10-05,2.1884138999088103
2018-10-08,2.1882395647157065
2018-10-09,2.190282743618454
2018-10-10,2.173998957724679
2018-10-11,2.160415609145181
2018-10-12,2.1634864354250056
2018-10-15,2.162146180724349
2018-10-16,2.169127733952263
2018-10-17,2.1625714427951754
2018-10-18,2.15392534931833
2018-10-19,2.156737954169177
2018-10-22,2.155894084167669
2018-10-23,2.1417243685701943
2018-10-24,2.1419150535234146
2018-10-25,2.144964039974314
2018-10-26,2.147228250377501
2018-10-29,2.143080970269871
2018-10-30,2.1409794857774966
2018-10-31,2.136401486879288
2018-11-01,2.136401486879288
2018-11-02,2.136401486879288
2018-11-05,2.136401486879288
2018-11-06,2.136401486879288
2018-11-07,2.1421186327803676
2018-11-08,2.1416327082305737
2018-11-09,2.1390177650015283
2018-11-12,2.1340217622455797
2018-11-13,2.1340217622455797
2018-11-14,2.1340217622455797
2018-11-15,2.1340217622455797
2018-11-16,2.134841950348329
2018-11-19,2.1352121650803353
2018-11-20,2.1350575251407884
2018-11-21,2.135183207372982
2018-11-23,2.1352649069032275
2018-11-26,2.13500320855621
2018-11-27,2.1353433844947207
2018-11-28,2.1358271124888772
2018-11-29,2.136056065518395
2018-11-30,2.1365053460894514
2018-12-03,2.1410618773508725
2018-12-04,2.134340829693991
2018-12-06,2.1356793308016555
2018-12-07,2.1368151517136647
2018-12-10,2.1371483148995667
2018-12-11,2.136549230547478
2018-12-12,2.135618192339376
2018-12-13,2.1358506183968964
2018-12-14,2.1363435733400657
2018-12-17,2.1375799768773454
2018-12-18,2.1390234997072373
2018-12-19,2.139998646729239
2018-12-20,2.1385319056607783
2018-12-21,2.1374732874884037
2018-12-24,2.1383229766803136
2018-12-26,2.1357506604099896
2018-12-27,2.1388843501919594
2018-12-28,2.142406138059221
2018-12-31,2.1445134273715656
2019-01-02,2.1462891408774465
2019-01-03,2.1520801957995244
2019-01-04,2.1467616611608125
2019-01-07,2.1465153409851156
2019-01-08,2.1455100180570708
2019-01-09,2.148629831232191
2019-01-10,2.1459092953916707
2019-01-11,2.148047348625295
2019-01-14,2.1474457795419934
2019-01-15,2.146942406703572
2019-01-16,2.1483931816590447
2019-01-17,2.1478923647421886
2019-01-18,2.144911425692669
2019-01-22,2.1474701224410753
2019-01-23,2.147923334277678
2019-01-24,2.1495127015630633
2019-01-25,2.1529284753562163
2019-01-28,2.15094435555903
2019-01-29,2.154515865904638
2019-01-30,2.1585215691065556
2019-01-31,2.164857663205932
2019-02-01,2.1595276951840847
2019-02-04,2.1576026726356137
2019-02-05,2.1652868614630396
2019-02-06,2.158967542437175
2019-02-07,2.155301762099214
2019-02-08,2.1564381044040664
2019-02-11,2.1529284077050623
2019-02-12,2.1557963293883713
2019-02-13,2.151852867909114
2019-02-14,2.155242596331585
2019-02-15,2.159669923154897
2019-02-19,2.1671422138596577
2019-02-20,2.1684913793184655
2019-02-21,2.161711535464745
2019-02-22,2.170039893092001
2019-02-25,2.1725694366719064
2019-02-26,2.1734233679164494
2019-02-27,2.1656604234424335
2019-02-28,2.1585582505635155
2019-03-01,2.1541754681820597
2019-03-04,2.1536357881419756
2019-03-05,2.1567060603612873
2019-03-06,2.154066509760475
2019-03-07,2.149156654285058
2019-03-08,2.1507208356431735
2019-03-11,2.1534259985015014
2019-03-12,2.1594528789683287
2019-03-13,2.16277645283414
2019-03-14,2.1566618648973814
2019-03-15,2.1685876931748527
2019-03-18,2.173150213009986
2019-03-19,2.1743463838651067
2019-03-20,2.180692489665156
2019-03-21,2.183313469355839
2019-03-22,2.1705124557873385
2019-03-25,2.175144118214217
2019-03-26,2.177938563332002
2019-03-27,2.1740161343082964
2019-03-28,2.1727244680210336
2019-03-29,2.1779683120442384
2019-04-01,2.183981439663627
2019-04-02,2.18546988865201
2019-04-03,2.1871495704163793
2019-04-04,2.1891315752343448
2019-04-05,2.1986229973674085
2019-04-08,2.2044543785130917
2019-04-09,2.201968445108369
2019-04-10,2.210287390524741
2019-04-11,2.1989941517949445
2019-04-12,2.203151092563332
2019-04-15,2.1997808071885387
2019-04-16,2.200273656823461
2019-04-17,2.1987945514547893
2019-04-18,2.201261968107769
2019-04-22,2.205320915983615
2019-04-23,2.212931855553481
2019-04-24,2.207888577550599
2019-04-25,2.203831232796616
2019-04-26,2.2024379904641758
2019-04-29,2.2041378193942904
2019-04-30,2.2071268657313197
2019-05-01,2.19810084745128
2019-05-02,2.1859777254224793
2019-05-03,2.1995551659417503
2019-05-06,2.1957126889644973
2019-05-07,2.1759441761264906
2019-05-08,2.173367108235585
2019-05-09,2.167086648341404
2019-05-10,2.1732547656389105
2019-05-13,2.152403518210889
2019-05-14,2.154730972178839
2019-05-15,2.1612841242468996
2019-05-16,2.1662744074882987
2019-05-17,2.1598088765556085
2019-05-20,2.156902091677925
2019-05-21,2.1599922903024407
2019-05-22,2.151391496647768
2019-05-23,2.1370247836260305
2019-05-24,2.141375461868284
2019-05-28,2.136987423525562
2019-05-29,2.1336613674547467
2019-05-30,2.1394053906954853
2019-05-31,2.140623502413773
2019-06-03,2.1472285768402264
2019-06-04,2.1492499918498704
2019-06-05,2.151856415930977
2019-06-06,2.1559829914254443
2019-06-07,2.166639164873463
2019-06-10,2.16289993478295
2019-06-11,2.167118444066267
2019-06-12,2.164585192135163
2019-06-13,2.1690996853415285
2019-06-14,2.1639669626935705
2019-06-17,2.1641044315229454
2019-06-18,2.1749604391653805
2019-06-19,2.184576981321874
2019-06-20,2.202853118276525
2019-06-21,2.1993654145263273
2019-06-24,2.205452577015096
2019-06-25,2.198455716758369
2019-06-26,2.196304463272021
2019-06-27,2.2028086621108236
2019-06-28,2.2068577434624097
2019-07-01,2.2089785051481767
2019-07-02,2.2179245910211476
2019-07-03,2.2237032550004985
2019-07-05,2.2108500815252503
2019-07-08,2.203486837367728
2019-07-09,2.2019543055784583
2019-07-10,2.2118842619390153
2019-07-11,2.206023391302526
2019-07-12,2.2097243011925847
2019-07-15,2.2076984760424394
2019-07-16,2.196309984225033
2019-07-17,2.2012073053577503
2019-07-18,2.210379070607647
2019-07-19,2.2013157682283206
2019-07-22,2.2036260715071725
2019-07-23,2.205512768931103
2019-07-24,2.2104455667147622
2019-07-25,2.200138457325601
2019-07-26,2.203938216542699
2019-07-29,2.2055424313423235
2019-07-30,2.2004734441178653
2019-07-31,2.1888112303032456
2019-08-01,2.1777486443865866
2019-08-02,2.1731919858451327
2019-08-05,2.165770709877372
2019-08-06,2.1746111289071814
2019-08-07,2.179756289185091
2019-08-08,2.190147290943111
2019-08-09,2.183893624970506
2019-08-12,2.185484086229144
2019-08-13,2.1865339515231286
2019-08-14,2.166388709816446
2019-08-15,2.173194312520005
2019-08-16,2.175022529462675
2019-08-19,2.1722150067573542
2019-08-20,2.174860748501714
2019-08-21,2.1758382809217136
2019-08-22,2.1722307861128063
2019-08-23,2.1711249165966455
2019-08-26,2.1738032361023825
2019-08-27,2.1788292717130413
2019-08-28,2.18009943287234
2019-08-29,2.1803442349309123
2019-08-30,2.1734706565186817
2019-09-03,2.175422885214625
2019-09-04,2.1854582821400768
2019-09-05,2.1784945958945623
2019-09-06,2.178710365571236
2019-09-09,2.180975308602083
2019-09-10,2.171037897246001
2019-09-11,2.1688905286713593
2019-09-12,2.172512144145183
2019-09-13,2.1666263482853725
2019-09-16,2.1667838044084258
2019-09-17,2.1593285780698284
2019-09-18,2.1532724759717334
2019-09-19,2.157428235302513
2019-09-20,2.163597132688623
2019-09-23,2.1651423275198534
2019-09-24,2.1566301041400187
2019-09-25,2.1457627299081286
2019-09-26,2.147717387261403
2019-09-27,2.141576446713602
2019-09-30,2.1408207876127143
2019-10-01,2.1380102939591015
2019-10-02,2.131955288304983
2019-10-03,2.140590210678071
2019-10-04,2.1483646102244007
2019-10-07,2.1415922330231827
2019-10-08,2.137700535946167
2019-10-09,2.1417007731245
2019-10-10,2.1388877728676574
2019-10-11,2.1417661501200422
2019-10-14,2.1423621779612443
2019-10-15,2.143381394340803
2019-10-16,2.1469589351684886
2019-10-17,2.1500169082287717
2019-10-18,2.1478009243654546
2019-10-21,2.149895524211925
2019-10-22,2.1508493518498155
2019-10-23,2.15424304905911
2019-10-24,2.1576993826290654
2019-10-25,2.160196019976775
2019-10-28,2.1597866713888325
2019-10-29,2.1570592925885097
2019-10-30,2.1647231338344994
2019-10-31,2.1683396222121836
2019-11-01,2.1774131456822374
2019-11-04,2.1784928099720275
2019-11-05,2.1707811163191986
2019-11-06,2.171013539583832
2019-11-07,2.165008098506054
2019-11-08,2.160460783650162
2019-11-11,2.155200181749151
2019-11-12,2.1555425509840993
2019-11-13,2.155553885209651
2019-11-14,2.158930499103196
2019-11-15,2.1637355216254797
2019-11-18,2.161851130463074
2019-11-19,2.1633521964063043
2019-11-20,2.1616142619046816
2019-11-21,2.1570806760076273
2019-11-22,2.156776665079323
2019-11-25,2.163733870476334
2019-11-26,2.1680551015819893
2019-11-27,2.1666828907116025
2019-11-29,2.148500276596583
2019-12-02,2.142215053905543
2019-12-03,2.1462793228184016
2019-12-04,2.1502214567040085
2019-12-05,2.150314909360404
2019-12-06,2.155635425225014
2019-12-09,2.152772799185828
2019-12-10,2.155193562768595
2019-12-11,2.164107956290533
2019-12-12,2.1690090294963866
2019-12-13,2.179219847684098
2019-12-16,2.186029451408506
2019-12-17,2.189609513678439
2019-12-18,2.1897356997882773
2019-12-19,2.1933283266507084
2019-12-20,2.192303233020359
2019-12-23,2.1955744398094708
2019-12-24,2.1998874989709027
2019-12-26,2.210400444385146
2019-12-27,2.2134052046719446
2019-12-30,2.2084480345867954
2019-12-31,2.207048428403941
2020-01-02,2.2226515142670764
2020-01-03,2.2272777890311573
2020-01-06,2.229789599648144
2020-01-07,2.2271055499413923
2020-01-08,2.217590786442009
2020-01-09,2.2184840549102347
2020-01-10,2.219858710593132
2020-01-13,2.21960799678504
2020-01-14,2.220617876076435
2020-01-15,2.2201542845763433
2020-01-16,2.2272628953462794
2020-01-17,2.2313692889781906
2020-01-21,2.223045953243448
2020-01-22,2.2186411498400704
2020-01-23,2.217464952810126
2020-01-24,2.2151808392024837
2020-01-27,2.2005887431724416
2020-01-28,2.2045904544756625
2020-01-29,2.210064585691417
2020-01-30,2.2070841394580154
2020-01-31,2.196349483767107
2020-02-03,2.199781995994508
2020-02-04,2.208911147860867
2020-02-05,2.2148922269038667
2020-02-06,2.218564827707774
2020-02-07,2.214541445259163
2020-02-10,2.2209233262126906
2020-02-11,2.224563542172209
2020-02-12,2.2297336162057304
2020-02-13,2.2256440525737244
2020-02-14,2.228559706803597
2020-02-18,2.2291536066201525
2020-02-19,2.234568948216512
2020-02-20,2.230929941106069
2020-02-21,2.2315836907557123
2020-02-24,2.2063572167341157
2020-02-25,2.1924034748732386
2020-02-26,2.191147912761206
2020-02-27,2.178817719528918
2020-02-28,2.1770018176213304
2020-03-02,2.1779531069628772
2020-03-03,2.186834859240794
2020-03-04,2.186893522538272
2020-03-05,2.181133943453664
2020-03-06,2.187911430246269
2020-03-09,2.1838275901661843
2020-03-10,2.1638252006726213
2020-03-11,2.1474129594505458
2020-03-12,2.126102438925191
2020-03-13,2.1162599832377897
2020-03-16,2.124642552586825
2020-03-17,2.114718428388315
2020-03-18,2.105782919939001
2020-03-19,2.1066467432074454
2020-03-20,2.113355765057431
2020-03-23,2.116482195798243
2020-03-24,2.129706171486135
2020-03-25,2.1289365780493408
2020-03-26,2.133804771332737
2020-03-27,2.135194029454216
2020-03-30,2.1372403837042087
2020-03-31,2.128501044057327
2020-04-01,2.13119649481048
2020-04-02,2.136002302422007
2020-04-03,2.137703742253256
2020-04-06,2.145204630409101
2020-04-07,2.142947249422506
2020-04-08,2.1404832233431392
2020-04-09,2.1639560474248882
2020-04-13,2.164115803737706
2020-04-14,2.1654157641576157
2020-04-15,2.169379059235213
2020-04-16,2.1684327478808427
2020-04-17,2.163031351794176
2020-04-20,2.1637442647225584
2020-04-21,2.161831772429879
2020-04-22,2.1664757406567103
2020-04-23,2.1711470422580095
2020-04-24,2.169724076560433
2020-04-27,2.1630395120457204
2020-04-28,2.1648132198866517
2020-04-29,2.1681425006729187
2020-04-30,2.16015372800116
2020-05-01,2.1611385048235126
2020-05-04,2.1627818230304876
2020-05-05,2.1631631055479343
2020-05-06,2.154565968169719
2020-05-07,2.1618990356819756
2020-05-08,2.1573756060729683
2020-05-11,2.1517664050108234
2020-05-12,2.154395226657542
2020-05-13,2.1585957564478093
2020-05-14,2.164467620202599
2020-05-15,2.166929509916093
2020-05-18,2.164359479549356
2020-05-19,2.168239593840852
2020-05-20,2.172619644127737
2020-05-21,2.1688405598019878
2020-05-22,2.171095741542956
2020-05-26,2.1657126532980433
2020-05-27,2.171963686831304
2020-05-28,2.1721699119893216
2020-05-29,2.1787256818370087
2020-06-01,2.180700044223362
2020-06-02,2.1818455676807798
2020-06-03,2.177989672893665
2020-06-04,2.172416823104029
2020-06-05,2.1740830954816968
2020-06-08,2.1870048815055645
2020-06-09,2.1829451439213434
2020-06-10,2.191685850548098
2020-06-11,2.142181409603048
2020-06-12,2.1467479546807384
2020-06-15,2.1532554825369083
2020-06-16,2.1564821681360904
2020-06-17,2.1555478370571617
2020-06-18,2.1566012095241938
2020-06-19,2.15841662046653
2020-06-22,2.1613162778539277
2020-06-23,2.1668027582674623
2020-06-24,2.148148692064439
2020-06-25,2.1526449962542515
2020-06-26,2.1454851664052503
2020-06-29,2.151308396772021
2020-06-30,2.1555811434255636
2020-07-01,2.1570485335144913
2020-07-02,2.16656326115481
2020-07-06,2.1842994609260487
2020-07-07,2.1763030387033515
2020-07-08,2.1861706408823434
2020-07-09,2.1838911107977994
2020-07-10,2.1828541063450615
2020-07-13,2.17679413698099
2020-07-14,2.1839694989824543
2020-07-15,2.1911021842040777
2020-07-16,2.183120516630484
2020-07-17,2.1902445507643282
2020-07-20,2.1998704101329163
2020-07-21,2.207682585291472
2020-07-22,2.2142055769904596
2020-07-23,2.209715888699281
2020-07-24,2.207684172711923
2020-07-27,2.22160171685593
2020-07-28,2.2186614621866654
2020-07-29,2.2337410756284757
2020-07-30,2.223309723666839
2020-07-31,2.220767501018547
2020-08-03,2.2306943356239692
2020-08-04,2.2454779410632866
2020-08-05,2.2519446321838603
2020-08-06,2.260674978816212
2020-08-07,2.2477132661754315
2020-08-10,2.248048778650692
2020-08-11,2.2273791935460507
2020-08-12,2.237806086202773
2020-08-13,2.237711656102906
2020-08-14,2.23293793622327
2020-08-17,2.246938258680252
2020-08-18,2.251284883345231
2020-08-19,2.234979820075443
2020-08-20,2.238280313820697
2020-08-21,2.2380058245004513
2020-08-24,2.245045271045531
2020-08-25,2.2468866152302005
2020-08-26,2.255339280442545
2020-08-27,2.2432403882521146
2020-08-28,2.257286009679353
2020-08-31,2.2507034568175426
2020-09-01,2.262075114284021
2020-09-02,2.267573572460502
2020-09-03,2.243541080006414
2020-09-04,2.2366071638610556
2020-09-08,2.2213266643257663
2020-09-09,2.2388573887008683
2020-09-10,2.225902359334485
2020-09-11,2.2324587906149453
2020-09-14,2.2448271441215453
2020-09-15,2.2505326230337475
2020-09-16,2.249721781377463
2020-09-17,2.2451924686521982
2020-09-18,2.2367737536998282
2020-09-21,2.218672379774374
2020-09-22,2.218365324846417
2020-09-23,2.19673151045196
2020-09-24,2.1964137426356283
2020-09-25,2.201275079313608
2020-09-28,2.217415231798569
2020-09-29,2.2176504628583484
2020-09-30,2.2199808050562657
2020-10-01,2.2297421195557856
2020-10-02,2.2225692381923747
2020-10-05,2.233213241401674
2020-10-06,2.2241482453653574
2020-10-07,2.2333862840619974
2020-10-08,2.242632320520516
2020-10-09,2.254907967149654
2020-10-12,2.2652067023857927
2020-10-13,2.2550013333594237
2020-10-14,2.2522605197091448
2020-10-15,2.2467527120693243
2020-10-16,2.247125863523229
2020-10-19,2.239817733707467
2020-10-20,2.245339826565191
2020-10-21,2.245210892110678
2020-10-22,2.242051959072658
2020-10-23,2.2476841846755726
2020-10-26,2.2353663335648184
2020-10-27,2.236576872128842
2020-10-28,2.2053515929283423
2020-10-29,2.2087133842453115
2020-10-30,2.199465572652361
2020-11-02,2.214350868130602
2020-11-03,2.228815411943538
2020-11-04,2.255078853343412
2020-11-05,2.2799070094369474
2020-11-06,2.2796740476116044
2020-11-09,2.275317391493409
2020-11-10,2.2739497421381025
2020-11-11,2.2797735095250142
2020-11-12,2.274779765218666
2020-11-13,2.2890281271437294
2020-11-16,2.3000087524047035
2020-11-17,2.298342043216745
2020-11-18,2.2914324341288026
2020-11-19,2.2967093281073594
2020-11-20,2.298602577430489
2020-11-23,2.294770233379832
2020-11-24,2.3020972928397305
2020-11-25,2.2996084417205465
2020-11-27,2.303706612659545
2020-11-30,2.2898287885959916
2020-12-01,2.303339654335586
2020-12-02,2.3052772225923825
2020-12-03,2.312873491343498
2020-12-04,2.317604401355043
2020-12-07,2.3196704568009663
2020-12-08,2.3223383706315803
2020-12-09,2.311184763158791
2020-12-10,2.316812958059195
2020-12-11,2.313172253010087
2020-12-14,2.3106597646136198
2020-12-15,2.328738456566887
2020-12-16,2.334746646886629
2020-12-17,2.3475567104381767
2020-12-18,2.3464841566751073
2020-12-21,2.3285002167789264
2020-12-22,2.3189853329134515
2020-12-23,2.3330867605147625
2020-12-24,2.337014645186962
2020-12-28,2.3389737296978446
2020-12-29,2.3476078724628215
2020-12-30,2.356304617159806
2020-12-31,2.357664121608967
2021-01-04,2.356136759604229
2021-01-05,2.3821162027385534
2021-01-06,2.3775738651657767
2021-01-07,2.3877385777086855
2021-01-08,2.3971123144729107
2021-01-11,2.3833306621162613
2021-01-12,2.395904668485415
2021-01-13,2.398115901944085
2021-01-14,2.403909457394003
2021-01-15,2.3823562623102896
2021-01-19,2.3961735652018885
2021-01-20,2.407888261994244
2021-01-21,2.4068683825829535
2021-01-22,2.3947022209344375
2021-01-25,2.403138773775982
2021-01-26,2.398872696661777
2021-01-27,2.374379635503466
2021-01-28,2.3781366018384276
2021-01-29,2.357258609394363
2021-02-01,2.382359404146712
2021-02-02,2.3943404735390934
2021-02-03,2.4007885950490393
2021-02-04,2.4081079303722905
2021-02-05,2.41597221691446
2021-02-08,2.428022370169739
2021-02-09,2.4340284021966823
2021-02-10,2.435493574296034
2021-02-11,2.4377188674839196
2021-02-12,2.4477667750613255
2021-02-16,2.4521968282383444
2021-02-17,2.4539127288264284
2021-02-18,2.44160363594254
2021-02-19,2.4372447280472147
2021-02-22,2.4374772511704306
2021-02-23,2.442001220507502
2021-02-24,2.450822240604743
2021-02-25,2.430955839934188
2021-02-26,2.4127961957366377
2021-03-01,2.4286708370989887
2021-03-02,2.4190453543612356
2021-03-03,2.420659049496132
2021-03-04,2.4211914768923046
2021-03-05,2.44164167409266
2021-03-08,2.424381933467927
2021-03-09,2.436720103399092
2021-03-10,2.442994718033208
2021-03-11,2.46333602447754
2021-03-12,2.457304043734332
2021-03-15,2.459493725332583
2021-03-16,2.4579492539630774
2021-03-17,2.461130550867382
2021-03-18,2.4246828417665136
2021-03-19,2.438437518531792
2021-03-22,2.43981094281389
2021-03-23,2.410249225881351
2021-03-24,2.416224751917824
2021-03-25,2.41021272709175
2021-03-26,2.4391922734916727
2021-03-29,2.4385896386128723
2021-03-30,2.432907320128586
2021-03-31,2.4296427071184525
2021-04-01,2.4496624931134416
2021-04-05,2.448296439596403
2021-04-06,2.44974742538796
2021-04-07,2.4474349802720914
2021-04-08,2.4528415985583263
2021-04-09,2.4520537742169166
2021-04-12,2.450604930629891
2021-04-13,2.4583008833461006
2021-04-14,2.4712128306531436
2021-04-15,2.481571470852791
2021-04-16,2.4850101840340884
2021-04-19,2.4827995598545085
2021-04-20,2.468282583589556
2021-04-21,2.4692708139837762
2021-04-22,2.4667092847223446
2021-04-23,2.4803806089027374
2021-04-26,2.4807111103311135
2021-04-27,2.485169345370255
2021-04-28,2.4912239626351718
2021-04-29,2.497813848876277
2021-04-30,2.4793592542341765
2021-05-03,2.4885252198798873
2021-05-04,2.4847772288489343
2021-05-05,2.4891074060364664
2021-05-06,2.4953742822786897
2021-05-07,2.5045426277449354
2021-05-10,2.4945107923468424
2021-05-11,2.489497427954024
2021-05-12,2.471746942521332
2021-05-13,2.46771651385548
2021-05-14,2.489529068644164
2021-05-17,2.4925896294762584
2021-05-18,2.491584931760675
2021-05-19,2.477519306133704
2021-05-20,2.481370451594209
2021-05-21,2.4870152406299315
2021-05-24,2.5045996068809586
2021-05-25,2.5092247242653745
2021-05-26,2.5133797017142845
2021-05-27,2.5167444347005
2021-05-28,2.5203562147240897
2021-06-01,2.5331612907467136
2021-06-02,2.540666270682189
2021-06-03,2.5287858730118327
2021-06-04,2.542578419262867
2021-06-07,2.543072135224533
2021-06-08,2.544563425655611
2021-06-09,2.539713739376364
2021-06-10,2.5490715415911858
2021-06-11,2.547532016493393
2021-06-14,2.5482817148993755
2021-06-15,2.5492933796051074
2021-06-16,2.5334245814025187
2021-06-17,2.5300236737994872
2021-06-18,2.5207721838997568
2021-06-21,2.535438949177308
2021-06-22,2.5366256082322436
2021-06-23,2.537568238542866
2021-06-24,2.5467849379770313
2021-06-25,2.553040906525277
2021-06-28,2.548790423665745
2021-06-29,2.5514438990894313
2021-06-30,2.5474889503772786
2021-07-01,2.5526753903704575
2021-07-02,2.558713986898586
2021-07-06,2.546153927388955
2021-07-07,2.5423867810457588
2021-07-08,2.5352236855877717
2021-07-09,2.551198480887763
2021-07-12,2.5530102988525116
2021-07-13,2.553996542322868
2021-07-14,2.550068109312716
2021-07-15,2.5438481502081354
2021-07-16,2.536416821371593
2021-07-19,2.506027985629215
2021-07-20,2.5172554733365073
2021-07-21,2.5345713884631818
2021-07-22,2.544637372350298
2021-07-23,2.5465128977143
2021-07-26,2.541766718848665
2021-07-27,2.541213094377411
2021-07-28,2.5451856777335906
2021-07-29,2.552195261918026
2021-07-30,2.548212595921792
2021-08-02,2.542837473167895
2021-08-03,2.546075025463204
2021-08-04,2.532772513011358
2021-08-05,2.5391945202045334
2021-08-06,2.529166124259933
2021-08-09,2.5196943520477864
2021-08-10,2.526385265792943
2021-08-11,2.5345842844354407
2021-08-12,2.534098973633514
2021-08-13,2.5372777293975384
2021-08-16,2.534835790232909
2021-08-17,2.525716946358734
2021-08-18,2.512699151977119
2021-08-19,2.5076820495261383
2021-08-20,2.5019649191474618
2021-08-23,2.525366742005923
2021-08-24,2.534957853412853
2021-08-25,2.536018766466086
2021-08-26,2.530236210121143
2021-08-27,2.544079576785219
2021-08-30,2.5470013280952988
2021-08-31,2.542213795276441
2021-09-01,2.545196855502797
2021-09-02,2.5546668912535413
2021-09-03,2.5516760483561467
2021-09-07,2.536838794709917
2021-09-08,2.5353510470669933
2021-09-09,2.531948598637908
2021-09-10,2.5331763092484474
2021-09-13,2.5424576563086774
2021-09-14,2.5411986334942056
2021-09-15,2.5524622418199168
2021-09-16,2.549508916808675
2021-09-17,2.537928584779641
2021-09-20,2.5254210357877307
2021-09-21,2.5280360139109535
2021-09-22,2.5397294271892856
2021-09-23,2.5460682449869014
2021-09-24,2.5441412104889065
2021-09-27,2.5491167149462726
2021-09-28,2.527945950884336
2021-09-29,2.5271996613125864
2021-09-30,2.5227084018909354
2021-10-01,2.5337156771507923
2021-10-04,2.532883226995355
2021-10-05,2.5407534130388947
2021-10-06,2.531656825791497
2021-10-07,2.539117706054605
2021-10-08,2.537666615521887
2021-10-11,2.538413398950786
2021-10-12,2.537400280125676
2021-10-13,2.543569582401469
2021-10-14,2.5578706652737715
2021-10-15,2.562952359539592
2021-10-18,2.561209140676681
2021-10-19,2.5664383457306075
2021-10-20,2.5719550057022973
2021-10-21,2.567346588578508
2021-10-22,2.572404906534423
2021-10-25,2.572527675579945
2021-10-26,2.575910454464343
2021-10-27,2.5666271318323126
2021-10-28,2.5748555207075854
2021-10-29,2.569247046402926
2021-11-01,2.5742768949139063
2021-11-02,2.5767859417658197
2021-11-03,2.5676456410012602
2021-11-04,2.5692794977663027
2021-11-05,2.584008153762333
2021-11-08,2.585761492279795
2021-11-09,2.59380868000709
2021-11-10,2.5732773155737125
2021-11-11,2.574263447616351
2021-11-12,2.577282684700519
2021-11-15,2.5731882213286497
2021-11-16,2.5716310896836707
2021-11-17,2.566526965976836
2021-11-18,2.5708398744504817
2021-11-19,2.556044120346207
2021-11-22,2.54577219468688
2021-11-23,2.5510819502655457
2021-11-24,2.547999475996402
2021-11-26,2.4967134815555063
2021-11-29,2.5036093720244463
2021-11-30,2.486501053174564
2021-12-01,2.4837383523339565
2021-12-02,2.4884943728906785
2021-12-03,2.4895899056063997
2021-12-06,2.4890665924843933
2021-12-07,2.500623656510566
2021-12-08,2.5031672258935243
2021-12-09,2.4906598748710875
2021-12-10,2.5010745375389396
2021-12-13,2.4958293591123
2021-12-14,2.4879890098343993
2021-12-15,2.4968201921412803
2021-12-16,2.4969478377402505
2021-12-17,2.484271167284726
2021-12-20,2.4721908859177493
2021-12-21,2.487157943253039
2021-12-22,2.4968129654266606
2021-12-23,2.503663273220882
2021-12-27,2.5206452610994097
2021-12-28,2.519420978389449
2021-12-29,2.517694877770613
2021-12-30,2.519634639680026
2021-12-31,2.5155421310357715
2022-01-03,2.5110111044061436
2022-01-04,2.519352369906454
2022-01-05,2.508683652408473
2022-01-06,2.511220191257366
2022-01-07,2.5096845727114956
2022-01-10,2.5035636788129683
2022-01-11,2.5247430157011412
2022-01-12,2.5335801096102837
2022-01-13,2.522394260074953
2022-01-14,2.5304949672851444
2022-01-18,2.525001220407551
2022-01-19,2.5271502978661835
2022-01-20,2.5208466169935204
2022-01-21,2.5142562149752483
2022-01-24,2.512518507437753
2022-01-25,2.514181586987556
2022-01-26,2.5127606316374673
2022-01-27,2.5096259884212704
2022-01-28,2.5101838214065526
2022-01-31,2.518417489752603
2022-02-01,2.5207964882543425
2022-02-02,2.5238069905980813
2022-02-03,2.5209388338093635
2022-02-04,2.529366995453662
2022-02-07,2.5295724752662267
2022-02-08,2.5279586988789764
2022-02-09,2.5363895842663386
2022-02-10,2.528452403650305
2022-02-11,2.5370383922959987
2022-02-14,2.541726157500052
2022-02-15,2.5287493556916774
2022-02-16,2.52871550329467
2022-02-17,2.529417733777336
2022-02-18,2.5319943238979232
2022-02-22,2.536566537910334
2022-02-23,2.5413821083419053
2022-02-24,2.5398126483976675
2022-02-25,2.5361710450517654
2022-02-28,2.5475512452898497
2022-03-01,2.573816088226511
2022-03-02,2.586594748068927
2022-03-03,2.5847042188376617
2022-03-04,2.6112223184069956
2022-03-07,2.628027202479966
2022-03-08,2.6492184359413917
2022-03-09,2.6007715677000856
2022-03-10,2.5957125010763766
2022-03-11,2.6036839905339093
2022-03-14,2.583612634076218
2022-03-15,2.558905755097659
2022-03-16,2.559277121047008
2022-03-17,2.5861414640813476
2022-03-18,2.5875119417121533
2022-03-21,2.6111219959392207
2022-03-22,2.608553237684031
2022-03-23,2.6228783847102153
2022-03-24,2.6213994948678767
2022-03-25,2.625725393664038
2022-03-28,2.596840991002747
2022-03-29,2.6080573206928563
2022-03-30,2.6161997340189163
2022-03-31,2.5953847093957654
2022-04-01,2.59445769676206
2022-04-04,2.610569780684722
2022-04-05,2.5956574746342764
2022-04-06,2.5855824928389355
2022-04-07,2.588699825649363
2022-04-08,2.594288147971035
2022-04-11,2.582433604608972
2022-04-12,2.601342114221526
2022-04-13,2.613341514337344
2022-04-14,2.617052817153726
2022-04-18,2.6215194671729107
2022-04-19,2.6021000118439
2022-04-20,2.6053002584871656
2022-04-21,2.6078519950515067
2022-04-22,2.5971299283769804
2022-04-25,2.5842337770495365
2022-04-26,2.592558714128152
2022-04-27,2.589728267919073
2022-04-28,2.5987241105177383
2022-04-29,2.594859892183852
2022-05-02,2.5939746310315
2022-05-03,2.5878423793634613
2022-05-04,2.6059093997322615
2022-05-05,2.605723720557019
2022-05-06,2.6129408540459886
2022-05-09,2.586100391820423
2022-05-10,2.5747579161511003
2022-05-11,2.590519808135276
2022-05-12,2.589903477542612
2022-05-13,2.5982798659819237
2022-05-16,2.6055923305853783
2022-05-17,2.597754548394757
2022-05-18,2.59046828213639
2022-05-19,2.595736453433236
2022-05-20,2.600271443947777
2022-05-23,2.6030568328832917
2022-05-24,2.6056233924221144
2022-05-25,2.605565972467219
2022-05-26,2.613295701414059
2022-05-27,2.6168255967435665
2022-05-31,2.6136278455233715
2022-06-01,2.6138954147712914
2022-06-02,2.6244489583060284
2022-06-03,2.629465632774592
2022-06-06,2.6240506333612426
2022-06-07,2.6301736217916742
2022-06-08,2.636989654159769
2022-06-09,2.63267962866268
2022-06-10,2.63366090824618
2022-06-13,2.62580588903247
2022-06-14,2.61886794797702
2022-06-15,2.613242353535382
2022-06-16,2.6159854739826742
2022-06-17,2.597181701080615
2022-06-21,2.5999475046052276
2022-06-22,2.587690145346266
2022-06-23,2.580091549202114
2022-06-24,2.589442638202736
2022-06-27,2.5960540637592016
2022-06-28,2.6030583733181474
2022-06-29,2.5962603557664305
2022-06-30,2.5860881538198384
2022-07-01,2.5913987257530327
2022-07-05,2.5640711635528977
2022-07-06,2.5593136739116362
2022-07-07,2.571820182769915
2022-07-08,2.580177329186766
2022-07-11,2.5789043334784276
2022-07-12,2.5565700693837394
2022-07-13,2.5582379535036988
2022-07-14,2.556752417528094
2022-07-15,2.560656858397593
2022-07-18,2.573982760217446
2022-07-19,2.5791769941443907
2022-07-20,2.57748341315227
2022-07-21,2.568561476465689
2022-07-22,2.5644784576294244
2022-07-25,2.571747300587482
2022-07-26,2.56727661406117
2022-07-27,2.578847457818994
2022-07-28,2.5757840810090737
2022-07-29,2.5796245716971744
2022-08-01,2.5675609611712713
2022-08-02,2.5709784652967915
2022-08-03,2.5608205036628617
2022-08-04,2.5521137834596246
2022-08-05,2.5521583916487995
2022-08-08,2.561077032825022
2022-08-09,2.5606852271910006
2022-08-10,2.564476587424749
2022-08-11,2.572930522745227
2022-08-12,2.567449403914678
2022-08-15,2.558460908353698
2022-08-16,2.551264361828131
2022-08-17,2.552626757385224
2022-08-18,2.562192446898438
2022-08-19,2.5615450732604987
2022-08-22,2.5642256110563224
2022-08-23,2.57345346482229
2022-08-24,2.578519643824887
2022-08-25,2.572159247608827
2022-08-26,2.569427372713812
2022-08-29,2.5814530551115644
2022-08-30,2.5682488968151587
2022-08-31,2.5582100256312734
2022-09-01,2.548762373159523
2022-09-02,2.550917789910342
2022-09-06,2.550873140205844
2022-09-07,2.533907817984605
2022-09-08,2.533907817984605
2022-09-09,2.533907817984605
2022-09-12,2.533907817984605
2022-09-13,2.532332219797461
2022-09-14,2.5354972007643246
2022-09-15,2.5225547605165177
2022-09-16,2.5225547605165177
2022-09-19,2.5225547605165177
2022-09-20,2.5225547605165177
2022-09-21,2.5225547605165177
2022-09-22,2.5225547605165177
2022-09-23,2.5225547605165177
2022-09-26,2.5225547605165177
2022-09-27,2.5225547605165177
2022-09-28,2.5225547605165177
2022-09-29,2.5225547605165177
2022-09-30,2.5225547605165177
2022-10-03,2.5225547605165177
2022-10-04,2.5225547605165177
2022-10-05,2.5225547605165177
2022-10-06,2.5225547605165177
2022-10-07,2.531670036992942
2022-10-10,2.5261077804281538
2022-10-11,2.5174197962259903
2022-10-12,2.5174197962259903
2022-10-13,2.5174197962259903
2022-10-14,2.5174197962259903
2022-10-17,2.5174197962259903
2022-10-18,2.5174197962259903
2022-10-19,2.5174197962259903
2022-10-20,2.5174197962259903
2022-10-21,2.5174197962259903
2022-10-24,2.5174197962259903
2022-10-25,2.5174197962259903
2022-10-26,2.5174197962259903
2022-10-27,2.5174197962259903
2022-10-28,2.5174197962259903
2022-10-31,2.5174197962259903
2022-11-01,2.5174197962259903
2022-11-02,2.5174197962259903
2022-11-03,2.5174197962259903
2022-11-04,2.5174197962259903
2022-11-07,2.516354750457623
2022-11-08,2.5077680661887505
2022-11-09,2.5077680661887505
2022-11-10,2.5077680661887505
2022-11-11,2.5077680661887505
2022-11-14,2.5044638713210716
2022-11-15,2.5044638713210716
2022-11-16,2.5044638713210716
2022-11-17,2.5044638713210716
2022-11-18,2.5044638713210716
2022-11-21,2.50210937239001
2022-11-22,2.50210937239001
2022-11-23,2.505544204126111
2022-11-25,2.5071508357953247
2022-11-28,2.5031052348235554
2022-11-29,2.504009218817512
2022-11-30,2.5095621590546244
2022-12-01,2.51236907816905
2022-12-02,2.510689918398232
2022-12-05,2.500919624238126
2022-12-06,2.499516275999709
2022-12-07,2.499516275999709
2022-12-08,2.5001191350469365
2022-12-09,2.4979696324258396
2022-12-12,2.498902970542067
2022-12-13,2.503333127879539
2022-12-14,2.5005795889950444
2022-12-15,2.487744946016539
2022-12-16,2.483677797289323
2022-12-19,2.4797871995876326
2022-12-20,2.4810221173502898
2022-12-21,2.483727217945168
2022-12-22,2.4774425954232293
2022-12-23,2.4794559180013667
2022-12-27,2.482539027865453
2022-12-28,2.477849041539631
2022-12-29,2.484469259812526
2022-12-30,2.482738012631068
2023-01-03,2.4880779987752217
2023-01-04,2.495138208363101
2023-01-05,2.487189753987743
2023-01-06,2.5074573652577996
2023-01-09,2.513082758023521
2023-01-10,2.515144977870102
2023-01-11,2.5213166913192198
2023-01-12,2.5381483704790626
2023-01-13,2.543057133045813
2023-01-17,2.5378919586975486
2023-01-18,2.5355552531475745
2023-01-19,2.5405185024022496
2023-01-20,2.5420721229978103
2023-01-23,2.547330443140512
2023-01-24,2.5510448432589805
2023-01-25,2.5559187093971625
2023-01-26,2.5580281310544954
2023-01-27,2.5543031391446687
2023-01-30,2.5379359223141322
2023-01-31,2.5484733705662936
2023-02-01,2.570420703332968
2023-02-02,2.5667492011871462
2023-02-03,2.5364682579424627
2023-02-06,2.5231094192865196
2023-02-07,2.5298791153513625
2023-02-08,2.525624856638415
2023-02-09,2.518559855633331
2023-02-10,2.511920161875141
2023-02-13,2.520910463045089
2023-02-14,2.519128583744891
2023-02-15,2.5117608284972492
2023-02-16,2.503202921793159
2023-02-17,2.500719315545296
2023-02-21,2.485908342501226
2023-02-22,2.4804994806270324
2023-02-23,2.485093348883621
2023-02-24,2.467386418430245
2023-02-27,2.4733092865314834
2023-02-28,2.47131809943265
2023-03-01,2.473564380401583
2023-03-02,2.4775174918491594
2023-03-03,2.493092480213566
2023-03-06,2.489841711044748
2023-03-07,2.4692224127064866
2023-03-08,2.47254168944649
2023-03-09,2.4607956680694736
2023-03-10,2.4597096111396417
2023-03-13,2.4649193979458324
2023-03-14,2.461608906636291
2023-03-15,2.4585675497256805
2023-03-16,2.4595347431716124
2023-03-17,2.4683384114700826
2023-03-20,2.472846980366384
2023-03-21,2.4736057261535356
2023-03-22,2.481369947706588
2023-03-23,2.489553084915327
2023-03-24,2.4879361063238163
2023-03-27,2.475982810762383
2023-03-28,2.481210613820969
2023-03-29,2.490080603873369
2023-03-30,2.5026988722654933
2023-03-31,2.5127144771181196
2023-04-03,2.524056240107781
2023-04-04,2.5318338775111195
2023-04-05,2.529514545184494
2023-04-06,2.5308083362599487
2023-04-10,2.5221410300337452
2023-04-11,2.5271663732689493
2023-04-12,2.533891196760983
2023-04-13,2.5473989372996106
2023-04-14,2.5351176910819633
2023-04-17,2.5245313118804176
2023-04-18,2.528808608834591
2023-04-19,2.5139728272271804
2023-04-20,2.517457926187376
2023-04-21,2.512122968789749
2023-04-24,2.5176377914299968
2023-04-25,2.510402366750908
2023-04-26,2.503399057853749
2023-04-27,2.513483767130756
2023-04-28,2.524144648835061
2023-05-01,2.5088533042419328
2023-05-02,2.5160831582493484
2023-05-03,2.520883759158788
2023-05-04,2.521447657853522
2023-05-05,2.527248140332297
2023-05-08,2.5220192477622625
2023-05-09,2.518885715269975
2023-05-10,2.525978856951062
2023-05-11,2.5241593620371092
2023-05-12,2.5133265533805482
2023-05-15,2.52010752007452
2023-05-16,2.505501064741558
2023-05-17,2.50960626304688
2023-05-18,2.5016872855826366
2023-05-19,2.504143250302769
2023-05-22,2.505210339155326
2023-05-23,2.4941332076931166
2023-05-24,2.4796511104502086
2023-05-25,2.474172956990935
2023-05-26,2.4894989474272387
2023-05-30,2.489215778140098
2023-05-31,2.4851411195536364
2023-06-01,2.4979195532378533
2023-06-02,2.5022904453563295
2023-06-05,2.5008879947516176
2023-06-06,2.5084649817556937
2023-06-07,2.4927572079977818
2023-06-08,2.510104439781719
2023-06-09,2.508038560709767
2023-06-12,2.514655096750198
2023-06-13,2.5154195502379717
2023-06-14,2.520740267398721
2023-06-15,2.5405210449594278
2023-06-16,2.5342457868959256
2023-06-20,2.5216137504283314
2023-06-21,2.5189824798855547
2023-06-22,2.5088930216632193
2023-06-23,2.501039486494442
2023-06-26,2.5032430335176032
2023-06-27,2.5091058249127913
2023-06-28,2.510419162095722
2023-06-29,2.5011893756758923
2023-06-30,2.5163098247978115
2023-07-03,2.5175600875753026
2023-07-05,2.5068998095828676
2023-07-06,2.4864986160372924
2023-07-07,2.4936030979128954
2023-07-10,2.497377397598453
2023-07-11,2.507984212063316
2023-07-12,2.533063200388612
2023-07-13,2.5575292032977432
2023-07-14,2.5396361899432076
2023-07-17,2.5381931371803566
2023-07-18,2.545347515771833
2023-07-19,2.547903171398674
2023-07-20,2.5355742508378687
2023-07-21,2.5402023496539092
2023-07-24,2.549921428389646
2023-07-25,2.556821873052631
2023-07-26,2.561442272570848
2023-07-27,2.5429637563413956
2023-07-28,2.564841298074582
2023-07-31,2.572646369010349
2023-08-01,2.5540571372609953
2023-08-02,2.5260892154701073
2023-08-03,2.5299498539005905
2023-08-04,2.5329642932306635
2023-08-07,2.5365668034972666
2023-08-08,2.5297135002732127
2023-08-09,2.531537009330539
2023-08-10,2.525059587824921
2023-08-11,2.5183203578500595
2023-08-14,2.514326866406802
2023-08-15,2.4972767244673038
2023-08-16,2.4852569484111053
2023-08-17,2.4833367225384766
2023-08-18,2.4869792785012717
2023-08-21,2.4892623892816186
2023-08-22,2.4865563348964894
2023-08-23,2.48943814216198
2023-08-24,2.48100593746335
2023-08-25,2.4893972074099926
2023-08-28,2.495371039119007
2023-08-29,2.5146837336538863
2023-08-30,2.5165761975365712
2023-08-31,2.516458230231767
2023-09-01,2.5248210462394782
2023-09-05,2.519042370746572
2023-09-06,2.5161465480205116
2023-09-07,2.5122108858548766
2023-09-08,2.5137541666074665
2023-09-11,2.5199426155970728
2023-09-12,2.5206516055801735
2023-09-13,2.519961257662997
2023-09-14,2.5325187787194325
2023-09-15,2.5274512469343247
2023-09-18,2.5290119001381286
2023-09-19,2.52851742050028
2023-09-20,2.519812123058729
2023-09-21,2.5081508594444673
2023-09-22,2.508303621689125
2023-09-25,2.5070739303266754
2023-09-26,2.5043800809904497
2023-09-27,2.512323514066167
2023-09-28,2.509105863285596
2023-09-29,2.5056146977138227
2023-10-02,2.4997963014863385
2023-10-03,2.4977388773426865
2023-10-04,2.4830597993578594
2023-10-05,2.476373046965511
2023-10-06,2.480759489294373
2023-10-09,2.4951635788105575
2023-10-10,2.4950885487187624
2023-10-11,2.492137720845475
2023-10-12,2.489209372593869
2023-10-13,2.5023878835448103
2023-10-16,2.503303035246139
2023-10-17,2.5049252584180532
2023-10-18,2.504885494983116
2023-10-19,2.5131934596829484
2023-10-20,2.5064219227717968
2023-10-23,2.497793851267292
2023-10-24,2.492356599847923
2023-10-25,2.495392547429102
2023-10-26,2.489643244046501
2023-10-27,2.499212199251656
2023-10-30,2.4882407071129564
2023-10-31,2.482331021119026
2023-11-01,2.480236666483581
2023-11-02,2.4931396949725713
2023-11-03,2.491676151640665
2023-11-06,2.49021528253985
2023-11-07,2.476887736666236
2023-11-08,2.4670858974890058
2023-11-09,2.4661727226933916
2023-11-10,2.4743779582208836
2023-11-13,2.478951578130633
2023-11-14,2.4867496538049494
2023-11-15,2.4829404328660325
2023-11-16,2.469319443019926
2023-11-17,2.474242103130218
2023-11-20,2.4891504240880025
2023-11-21,2.4897507568131467
2023-11-22,2.487032743392108
2023-11-24,2.48634843726178
2023-11-27,2.4843028176492354
2023-11-28,2.4984443533709397
2023-11-29,2.507108987116165
2023-11-30,2.4944467059237967
2023-12-01,2.508783708029004
2023-12-04,2.4904322408662236
2023-12-05,2.490723531138491
2023-12-06,2.4944118187480155
2023-12-07,2.4999926903525513
2023-12-08,2.491486773790167
2023-12-11,2.491806709494682
2023-12-12,2.496393828615996
2023-12-13,2.5291733131129464
2023-12-14,2.5475424209924324
2023-12-15,2.537635557696404
2023-12-18,2.538812254818878
2023-12-19,2.549674691610796
2023-12-20,2.5381334552393726
2023-12-21,2.553846175446768
2023-12-22,2.55340226872468
2023-12-26,2.562658867496204
2023-12-27,2.569893454077038
2023-12-28,2.5670189951925813
2023-12-29,2.563174291769451
2024-01-02,2.5484249959392695
2024-01-03,2.5392096429907207
2024-01-04,2.5332290547421357
2024-01-05,2.5312977742926606
2024-01-08,2.542265486028403
2024-01-09,2.5348991208367635
2024-01-10,2.5357694794384766
2024-01-11,2.5429246272904864
2024-01-12,2.550847090815714
2024-01-16,2.525372877409119
2024-01-17,2.514591151801205
2024-01-18,2.521181318548614
2024-01-19,2.5271941796043715
2024-01-22,2.5300660468992087
2024-01-23,2.528598510360339
2024-01-24,2.526513087166678
2024-01-25,2.5432286592525624
2024-01-26,2.546257494927261
2024-01-29,2.552971725243374
2024-01-30,2.5556361971360317
2024-01-31,2.5434885790189394
2024-02-01,2.552039084645315
2024-02-02,2.5389645048023155
2024-02-05,2.5260407052327585
2024-02-06,2.542855045656401
2024-02-07,2.5435070431334927
2024-02-08,2.537398895458064
2024-02-09,2.5400578879704394
2024-02-12,2.544470297442129
2024-02-13,2.517286643362371
2024-02-14,2.5272592695070566
2024-02-15,2.5451148734931426
2024-02-16,2.5456554101654363
2024-02-20,2.5452187012330056
2024-02-21,2.546992995957427
2024-02-22,2.563085795689503
2024-02-23,2.5616734756254047
2024-02-26,2.5596114924693256
2024-02-27,2.564438412259043
2024-02-28,2.559301301869241
2024-02-29,2.563430150973627
2024-03-01,2.5914755799672946
2024-03-04,2.5885936712241215
2024-03-05,2.5869204879575705
2024-03-06,2.6057965060973243
2024-03-07,2.618315962767745
2024-03-08,2.614883041057392
2024-03-11,2.614507110317726
2024-03-12,2.616234862063899
2024-03-13,2.6231277038470093
2024-03-14,2.615405574849534
2024-03-15,2.609876545614529
2024-03-18,2.618603854466604
2024-03-19,2.6236107865232836
2024-03-20,2.634866376362981
2024-03-21,2.6347740945905356
2024-03-22,2.6316685797733865
2024-03-25,2.63338756329003
2024-03-26,2.632720690592778
2024-03-27,2.645967314648361
2024-03-28,2.654822625940316
2024-04-01,2.652154453407769
2024-04-02,2.6568754448299683
2024-04-03,2.6649502639138327
2024-04-04,2.6613968691715866
2024-04-05,2.667577408209286
2024-04-08,2.6717673988645063
2024-04-09,2.6761207216684446
2024-04-10,2.651284795425606
2024-04-11,2.66032623961785
2024-04-12,2.6396358896115153
2024-04-15,2.6334308980176946
2024-04-16,2.622331434093308
2024-04-17,2.609977403709653
2024-04-18,2.608725774832277
2024-04-19,2.6066946381839515
2024-04-22,2.609706802445352
2024-04-23,2.625226229764262
2024-04-24,2.6214343668614157
2024-04-25,2.622748673375323
2024-04-26,2.634379985635308
2024-04-29,2.6380780674248516
2024-04-30,2.6097051099007236
2024-05-01,2.6035139554089675
2024-05-02,2.621834043015791
2024-05-03,2.6323855899128943
2024-05-06,2.6455791551085976
2024-05-07,2.644430154629478
2024-05-08,2.6434175620569507
2024-05-09,2.658009501493484
2024-05-10,2.654339811853864
2024-05-13,2.657514783140118
2024-05-14,2.664934433893554
2024-05-15,2.6910883616998738
2024-05-16,2.6880539658712217
2024-05-17,2.6969757940687127
2024-05-20,2.695707748892218
2024-05-21,2.692977890254036
2024-05-22,2.674504962852167
2024-05-23,2.655763799418964
2024-05-24,2.667645559838094
2024-05-28,2.675603020668304
2024-05-29,2.650479240651089
2024-05-30,2.6498471935738426
2024-05-31,2.6518339360850915
2024-06-03,2.652706719149216
2024-06-04,2.649374480454433
2024-06-05,2.668216421305447
2024-06-06,2.67321594536135
2024-06-07,2.6440213946166695
2024-06-10,2.64812953703675
2024-06-11,2.6495335414278087
2024-06-12,2.6678818383480674
2024-06-13,2.664692404480607
2024-06-14,2.668813096245173
2024-06-17,2.676383384878428
2024-06-18,2.6909620122098468
2024-06-20,2.6945230215265337
2024-06-21,2.6822891448912527
2024-06-24,2.6905690358501544
2024-06-25,2.6869707638210665
2024-06-26,2.675100520282823
2024-06-27,2.686828930396045
2024-06-28,2.6795843639223715
2024-07-01,2.6844584149327555
2024-07-02,2.691299153407714
2024-07-03,2.7125975727443223
2024-07-05,2.7283154869734227
2024-07-08,2.7193033270234013
2024-07-09,2.7160887128553757
2024-07-10,2.7319317481496457
2024-07-11,2.745741217669453
2024-07-12,2.752746428622798
2024-07-15,2.743408044883154
2024-07-16,2.7562489971470745
2024-07-17,2.749885238958389
2024-07-18,2.7319470330650186
2024-07-19,2.7069881547007077
2024-07-22,2.71471195225205
2024-07-23,2.70607554232361
2024-07-24,2.6850297389277413
2024-07-25,2.6804045113391215
2024-07-26,2.6942090420112117
2024-07-29,2.6890937917401536
2024-07-30,2.688062251191819
2024-07-31,2.7179293535130866
2024-08-01,2.6946748975342847
2024-08-02,2.6771494418853274
2024-08-05,2.6455909115994087
2024-08-06,2.641366409465014
2024-08-07,2.6388486566516853
2024-08-08,2.666296400867672
2024-08-09,2.6797537345645597
2024-08-12,2.699285794048474
2024-08-13,2.7148454145345253
2024-08-14,2.710546257980552
2024-08-15,2.7243432249853226
2024-08-16,2.73627918567074
2024-08-19,2.739410530945534
2024-08-20,2.73715909870197
2024-08-21,2.7444949286353166
2024-08-22,2.727054132317313
2024-08-23,2.751646697817426
2024-08-26,2.7567057445938707
2024-08-27,2.753927374833263
2024-08-28,2.7404329962985483
2024-08-29,2.7479146681888356
2024-08-30,2.736152526572762
2024-09-03,2.7201868243177767
2024-09-04,2.7237099807134943
2024-09-05,2.7296349318077944
2024-09-06,2.7094679925825256
2024-09-09,2.7226549020948343
2024-09-10,2.7260840652882856
2024-09-11,2.733403368520301
2024-09-12,2.7468095921384923
2024-09-13,2.7568658809670445
2024-09-16,2.7645029983943683
2024-09-17,2.7602652413718034
2024-09-18,2.7502719170698864
2024-09-19,2.775630547841386
2024-09-20,2.775196072768777
2024-09-23,2.7799055004991122
2024-09-24,2.801105044514037
2024-09-25,2.7894268285409276
2024-09-26,2.8128554491814532
2024-09-27,2.810562932213303
2024-09-30,2.799664755626705
2024-10-01,2.8040056213095546
2024-10-02,2.807911091974885
2024-10-03,2.794103793404375
2024-10-04,2.7971828470071296
2024-10-07,2.8025988114915625
2024-10-08,2.7806207851392664
2024-10-09,2.7739683237971535
2024-10-10,2.7871555582978043
2024-10-11,2.79622581455638
2024-10-14,2.790160500379944
2024-10-15,2.765796463950873
2024-10-16,2.7746765130887616
2024-10-17,2.7702150001681085
2024-10-18,2.7812260615278244
2024-10-21,2.765408687933174
2024-10-22,2.7659438237761003
2024-10-23,2.7502467107880877
2024-10-24,2.7575059589370468
2024-10-25,2.754352526940434
2024-10-28,2.7580745133721902
2024-10-29,2.7610233068550643
2024-10-30,2.7549791600686744
2024-10-31,2.7375972744421277
2024-11-01,2.733375218155727
2024-11-04,2.741092901545728
2024-11-05,2.7567097528946656
2024-11-06,2.735731713977365
2024-11-07,2.7632606478393984
2024-11-08,2.7516475262898625
2024-11-11,2.738994647015322
2024-11-12,2.7149016772848644
2024-11-13,2.708109420834818
2024-11-14,2.7029360222791383
2024-11-15,2.698200472124324
2024-11-18,2.7107790384864408
2024-11-19,2.716747947383153
2024-11-20,2.7167180354373177
2024-11-21,2.719905887951294
2024-11-22,2.7261970223748597
2024-11-25,2.7285373806917232
2024-11-26,2.727452390395853
2024-11-27,2.7312035576226266
2024-11-29,2.741723263505367
2024-12-02,2.741235006016784
2024-12-03,2.7418962481420657
2024-12-04,2.750256109346331
2024-12-05,2.751054372559977
2024-12-06,2.7540792962464913
2024-12-09,2.7595040395813446
2024-12-10,2.7527526377579967
2024-12-11,2.759516377200993
2024-12-12,2.743281592238643
2024-12-13,2.7345720430842086
2024-12-16,2.7358578700362273
2024-12-17,2.732349526305189
2024-12-18,2.698192143262617
2024-12-19,2.6958722418611547
2024-12-20,2.704341911878469
2024-12-23,2.7046683549054076
2024-12-24,2.7105181663441744
2024-12-26,2.7121981178962526
2024-12-27,2.7026593337289473
2024-12-30,2.6963395188140398
2024-12-31,2.6959479664991837
2025-01-02,2.705889216956545
2025-01-03,2.7114620937697302
2025-01-06,2.7099499575750055
2025-01-07,2.710650616735677
2025-01-08,2.7091757401643584
2025-01-10,2.721874700848273
2025-01-13,2.72572497410744
2025-01-14,2.725661990800395
2025-01-15,2.745549555497625
2025-01-16,2.741564583140935
2025-01-17,2.741451034440029
2025-01-21,2.7451703389640896
2025-01-22,2.743540413244803
2025-01-23,2.7394844394139715
2025-01-24,2.7470254833550047
2025-01-27,2.729438863137811
2025-01-28,2.738385361351681
2025-01-29,2.730230340715631
2025-01-30,2.747886509835688
2025-01-31,2.7389955057590676
2025-02-03,2.732003275053034
2025-02-04,2.7415668062027225
2025-02-05,2.7454862125053765
2025-02-06,2.7445595865321137
2025-02-07,2.73661516482968
2025-02-10,2.758315520470323
2025-02-11,2.7599407669151828
2025-02-12,2.750108784336803
2025-02-13,2.763809771766126
2025-02-14,2.761875928472149
2025-02-18,2.773825965406195
2025-02-19,2.773619949967506
2025-02-20,2.7799146548547724
2025-02-21,2.7624372557272516
2025-02-24,2.7622929692148976
2025-02-25,2.758535575566182
2025-02-26,2.7653573672957896
2025-02-27,2.7415613277856066
2025-02-28,2.7454241373647217
2025-03-03,2.739106759209431
2025-03-04,2.7377615001826694
2025-03-05,2.756368300403639
2025-03-06,2.741173986194153
2025-03-07,2.7471568111423785
2025-03-10,2.72393044853845
2025-03-11,2.724946080275603
2025-03-12,2.7277228887640845
2025-03-13,2.733605508738917
2025-03-14,2.7442215004281514
2025-03-17,2.7572216765318487
2025-03-18,2.7610349259938256
2025-03-19,2.7684240220084666
2025-03-20,2.7620851987401993
2025-03-21,2.7542926107049066
2025-03-24,2.749457359074073
2025-03-25,2.7539337566012
2025-03-26,2.739960263866068
2025-03-27,2.7463874497243475
2025-03-28,2.7430895495377055
2025-03-31,2.746763837850307
2025-04-01,2.7502832652716176
2025-04-02,2.755285356474737
2025-04-03,2.7196879772067573
2025-04-04,2.6901893579943175
2025-04-07,2.6681457126595967
2025-04-08,2.666551290986021
2025-04-09,2.678578444952691
2025-04-10,2.682035310885966
2025-04-11,2.6861996532519608
2025-04-14,2.686976839309053
2025-04-15,2.693449863840463
2025-04-16,2.705637066507226
2025-04-17,2.705996095553672
2025-04-21,2.7107637318381395
2025-04-22,2.713848047872999
2025-04-23,2.7082687998609227
2025-04-24,2.7214027294475462
2025-04-25,2.7228943691574314
2025-04-28,2.7337127856153516
2025-04-29,2.7348112851776465
2025-04-30,2.7313292298485154
2025-05-01,2.7194542316487014
2025-05-02,2.7315152055707395
2025-05-05,2.743682336863785
2025-05-06,2.753206915219186
2025-05-07,2.7443601519234853
2025-05-08,2.729992991806493
2025-05-09,2.737041646167825
2025-05-12,2.7332068209575313
2025-05-13,2.7373430026026724
2025-05-14,2.7292637361045413
2025-05-15,2.739953625287912
2025-05-16,2.7388681255597556
2025-05-19,2.747362444721905
2025-05-20,2.752833639772738
2025-05-21,2.742016316480334
2025-05-22,2.737806368041791
2025-05-23,2.7448467469396247
2025-05-27,2.7533162377408456
2025-05-28,2.7425905180192185
2025-05-29,2.7514483633311544
2025-05-30,2.747982917609478
2025-06-02,2.762171656157798
2025-06-03,2.758878295778241
2025-06-04,2.77393193036832
2025-06-05,2.7690893908158385
2025-06-06,2.7637332115269357
2025-06-09,2.7706695883227828
2025-06-10,2.777387520690942
2025-06-11,2.7828704088378418
2025-06-12,2.7976282793368408
2025-06-13,2.807715836183887
2025-06-16,2.802198057642225
2025-06-17,2.8110182818389666
2025-06-18,2.810209833484374
2025-06-20,2.8085241546570083
2025-06-23,2.7930654777072106
2025-06-24,2.793427262635199
2025-06-25,2.79424849120302
2025-06-26,2.8076531172210624
2025-06-27,2.8008599895097426
2025-06-30,2.811944653076026
2025-07-01,2.818425122081972
2025-07-02,2.831205548666918
2025-07-03,2.8286033302376143
2025-07-07,2.81898134473415
2025-07-08,2.820432097344544
2025-07-09,2.8313775281728253
2025-07-10,2.8265657623417453
2025-07-11,2.827813407130586
2025-07-14,2.819786877014523
2025-07-15,2.810307284272374
2025-07-16,2.818034126682016
2025-07-17,2.8277827837100555
2025-07-18,2.8278679645647604
2025-07-21,2.8401529621787884
2025-07-22,2.8471644438690467
2025-07-23,2.8552703936847252
2025-07-24,2.851193299889563
2025-07-25,2.8446439858472825
2025-07-28,2.843207974251997
2025-07-29,2.8613878306420206
2025-07-30,2.851538124638149
2025-07-31,2.8409006369465977
2025-08-01,2.839528999723071
2025-08-04,2.850587487490617
2025-08-05,2.845055579039263
2025-08-06,2.8447008783858023
2025-08-07,2.85088422140715
2025-08-08,2.852255521890217
2025-08-11,2.844835008927715
2025-08-12,2.85312688227899
2025-08-13,2.8663307261164714
2025-08-14,2.856328729419015
2025-08-15,2.851977406979526
2025-08-18,2.8516435708700283
2025-08-19,2.847025677027937
2025-08-20,2.851357632782815
2025-08-21,2.8453876271040435
2025-08-22,2.8762975773625854
2025-08-25,2.870188999755009
2025-08-26,2.866561853665477
2025-08-27,2.8693153400136375
2025-08-28,2.8804401815719873
2025-08-29,2.8739393461339926
2025-09-02,2.8819375174185304
2025-09-03,2.8842873926271415
2025-09-04,2.8895801584783998
2025-09-05,2.8975965618489585
2025-09-08,2.9131676194857574
2025-09-09,2.911727265087818
2025-09-10,2.919278580929823
2025-09-11,2.925548634137289
2025-09-12,2.922456461741304
2025-09-15,2.9356559896472043
2025-09-16,2.944751017225738
2025-09-17,2.9361564787176597
2025-09-18,2.932568974957203
2025-09-19,2.92984237462265
2025-09-22,2.9390268943138373
2025-09-23,2.9403664239663807
2025-09-24,2.9358913946605396
2025-09-25,2.9318796968181706
2025-09-26,2.9389356865729344
2025-09-29,2.942199770680687
2025-09-30,2.9449874465112957
2025-10-01,2.9533660294736355
2025-10-02,2.9561925136696705
2025-10-03,2.961749511207757
2025-10-06,2.9695344164329995
2025-10-07,2.9662381487534204
2025-10-08,2.9782599078305374
2025-10-09,2.961968370387773
2025-10-10,2.9400795813468172
2025-10-13,2.9704213896271088
2025-10-14,2.973739529587298
2025-10-15,2.9891604750349585
2025-10-16,3.003867579609974
2025-10-17,2.99767029781028
2025-10-20,3.0256844419929423
2025-10-21,2.9955318512393974
2025-10-22,2.9931314534647733
2025-10-23,2.999544961470814
2025-10-24,3.0057611010704637
2025-10-27,3.007395897503769
2025-10-28,3.0060116861214246
2025-10-29,2.998470506199708
2025-10-30,2.992923391899333
2025-10-31,2.9888357294450705
2025-11-03,2.991088417019714
2025-11-04,2.970576849139116
2025-11-05,2.9779933290039327
2025-11-06,2.9751859607899696
2025-11-07,2.9773935541228354
2025-11-10,3.003386322545805
2025-11-11,3.0126698414149407
2025-11-12,3.0208058219268787
2025-11-13,2.99895517209555
2025-11-14,2.9891859801016065
2025-11-17,2.9728767232889433
2025-11-18,2.9667934835008394
2025-11-19,2.966172696583347
2025-11-20,2.9520188936656826
2025-11-21,2.964161429810334
2025-11-24,2.982492363172958
2025-11-25,2.9942520212577524
2025-11-26,3.008823003138953
2025-11-28,3.0155581710786077
2025-12-01,3.0078445434177885
2025-12-02,3.0085654317210873
2025-12-03,3.0141511514793984
2025-12-04,3.0128816596130035
2025-12-05,3.0142016807765923
2025-12-08,3.007904127757718
2025-12-09,3.007018402695808
2025-12-10,3.0236468134390013
2025-12-11,3.028618428702917
2025-12-12,3.015779695948514
2025-12-15,3.017882204784524
2025-12-16,3.015434740805877
2025-12-17,3.0081628992685525
2025-12-18,3.020632887193918
2025-12-19,3.028348477538081
2025-12-22,3.041825610573323
2025-12-23,3.0532801543049253
2025-12-24,3.0576166924220165
2025-12-26,3.065742852472232
2025-12-29,3.047102083689133
2025-12-30,3.0480866795758224
2025-12-31,3.0362040541338904
2026-01-02,3.0528586013875008
2026-01-05,3.0769652007242265
2026-01-06,3.0864842180632377
2026-01-07,3.0785900287798693
2026-01-08,3.0779232285395426
2026-01-09,3.0911811204811466
2026-01-12,3.1056500355842918
2026-01-13,3.100891646475211
2026-01-14,3.104146189442423
2026-01-15,3.0952483051072615
2026-01-16,3.0893873717519282
2026-01-20,3.0812053127531978
2026-01-21,3.1141429385996005
2026-01-22,3.1205448542409457
2026-01-23,3.1434821236774715
2026-01-26,3.1528398860278553
2026-01-27,3.18876545196224
2026-01-28,3.2066624388130403
2026-01-29,3.221315958042826
2026-01-30,3.1672562450609085
2026-02-02,3.1347063916863216
2026-02-03,3.1703357059067825
2026-02-04,3.165378721696132
2026-02-05,3.142334469850853
2026-02-06,3.1831877827522836
2026-02-09,3.209005289730185
2026-02-10,3.2094412440053044
2026-02-11,3.2248817304860022
2026-02-12,3.1903856666490595
2026-02-13,3.205960456211712
2026-02-17,3.190216963452869
2026-02-18,3.2213092334802584
2026-02-19,3.2291215774960196
2026-02-20,3.249956610265687
2026-02-23,3.2535792719831025
2026-02-24,3.2571008750918575
2026-02-25,3.262054197602287
2026-02-26,3.261269592558606
2026-02-27,3.276515758942884
2026-03-02,3.287591359260739
2026-03-03,3.2453719976693645
2026-03-04,3.266493671972613
2026-03-05,3.257670698299812
2026-03-06,3.303554693788797
2026-03-09,3.305663276583234
2026-03-10,3.3127904427673487
2026-03-11,3.312478818443571
2026-03-12,3.3128511192955337
2026-03-13,3.3020850128504895
2026-03-16,3.311862449003075
2026-03-17,3.3332711830528043
2026-03-18,3.302733541747028
2026-03-19,3.2720176747438336
2026-03-20,3.2292644777101116
2026-03-23,3.2086200605387054
2026-03-24,3.21197878054215
2026-03-25,3.2358187790608053
2026-03-26,3.2035990951659605
2026-03-27,3.235724887140383
2026-03-30,3.253861508574865
2026-03-31,3.2912474172989286
2026-04-01,3.298046171838057
2026-04-02,3.3325705155155894
2026-04-06,3.337356727423762
2026-04-07,3.3417192090092147
2026-04-08,3.3462583180800234
2026-04-09,3.357947206529471
2026-04-10,3.3502105976593044
2026-04-13,3.374339096991252
2026-04-14,3.3890795946524017
2026-04-15,3.38032249755675
2026-04-16,3.3893641634354856
2026-04-17,3.386829908171399
2026-04-20,3.3963989631815066
2026-04-21,3.3852279682892763
2026-04-22,3.4098592345791134
2026-04-23,3.4090998156042236
2026-04-24,3.420739472996643
2026-04-27,3.4205053546053192
2026-04-28,3.419457450689409
2026-04-29,3.435912171142791
2026-04-30,3.456782523652788
2026-05-01,3.446498117077673
2026-05-04,3.4403691212996144
2026-05-05,3.452718066704058
2026-05-06,3.4707049465206183
2026-05-07,3.4555083552118044
2026-05-08,3.473969547759452
2026-05-11,3.487406047567317
2026-05-12,3.4841803347805533
2026-05-13,3.4898798089544893
2026-05-14,3.492073255749317
2026-05-15,3.4648264609739408
2026-05-18,3.472138866837296
2026-05-19,3.464857814748471
2026-05-20,3.466212740968005
2026-05-21,3.467606947771299
2026-05-22,3.459231365139115
2026-05-26,3.4728139853219666
2026-05-27,3.4474449403972454
2026-05-28,3.456750131760409
2026-05-29,3.4578449840504795
2026-06-01,3.4819706769065646
2026-06-02,3.4959585908594097
2026-06-03,3.4886828476657956
2026-06-04,3.48120464625969
2026-06-05,3.3977983530149736
2026-06-08,3.415763806482719
2026-06-09,3.4028850389948615
2026-06-10,3.391663151643475
2026-06-11,3.4158705861880447
2026-06-12,3.409704977484683
2026-06-15,3.4200787386773346
2026-06-16,3.392455269536925
2026-06-17,3.3770543434817055
2026-06-18,3.4025070423689168
2026-06-22,3.394020882181931
2026-06-23,3.3506577632891577
2026-06-24,3.335395178864499
2026-06-25,3.3567334383212035
2026-06-26,3.3332050075327686
2026-06-29,3.3525935353859238
2026-06-30,3.354973044768016
2026-07-01,3.3250995880269003
2026-07-02,3.3291349700771544
2026-07-06,3.3507640598584514
2026-07-07,3.34553110140946
2026-07-08,3.356180334757698
2026-07-09,3.353524579530266
2026-07-10,3.356119444104846
2026-07-13,3.368556552203171
2026-07-14,3.389134065459691
2026-07-15,3.397245596402291
2026-07-16,3.375278277803598
2026-07-17,3.3797164777427
2026-07-20,3.38193646248429
2026-07-21,3.4146923622054492
2026-07-22,3.4220638279885947
2026-07-23,3.434045638347712
2026-07-24,3.419553865067813
2026-07-27,3.386364127349406
2026-07-28,3.3644253352015014
2026-07-29,3.377934347038306
2026-07-30,3.4081846910873166
2026-07-31,3.41760288972942
