Date,Gross_Equity,Net_Equity
2008-02-08,1.0035954500866844,1.0030954500866842
2008-02-11,1.0071066655938332,1.0063368173620189
2008-02-12,1.0012364300194676,1.0004110027691269
2008-02-13,0.998611054182731,0.9977410646332421
2008-02-14,0.9968615212621104,0.9954494207337069
2008-02-15,0.9955777366999886,0.9940727905575134
2008-02-19,1.0078488871784774,1.0062316861771519
2008-02-20,1.0152249048852042,1.0135637798365502
2008-02-21,1.0056499655101967,1.0037911393612984
2008-02-22,1.0161009233334974,1.0135914395416827
2008-02-25,1.0273553042063894,1.0242893172959868
2008-02-26,1.0413262308744313,1.0381929306196167
2008-02-27,1.0442795426994418,1.0408040181926506
2008-02-28,1.0441860055510777,1.0406749610917287
2008-02-29,1.0318576565546038,1.0280668591224222
2008-03-03,1.0363121087592233,1.0321753520857904
2008-03-04,1.0230056544832014,1.018902424575334
2008-03-05,1.0387243721529742,1.0340757590572007
2008-03-06,1.0219452994074762,1.0168270423144208
2008-03-07,1.0189402586007048,1.0134025787389953
2008-03-10,1.0174478517255863,1.011915269215081
2008-03-11,1.0141039195204322,1.007920990574179
2008-03-12,1.0199982846835116,1.013316090660898
2008-03-13,1.0216799775371643,1.0146228433925883
2008-03-14,1.0203484725527345,1.0132297394423861
2008-03-17,1.0182718824675745,1.0109656209262874
2008-03-18,1.0116491003796715,1.0043781080249383
2008-03-19,0.9982631772154845,0.9909105557610686
2008-03-20,1.0027376349081236,0.9950333133125062
2008-03-24,1.000269727847551,0.9921064223389751
2008-03-25,0.9982216780120402,0.9898084289620913
2008-03-26,0.9971532566827381,0.9884500394044481
2008-03-27,0.9944853229285734,0.9857960596317082
2008-03-28,0.9949780662444911,0.9860331229258268
2008-03-31,0.9951609375485206,0.9860174869349905
2008-04-01,0.9972773700886602,0.988062434732438
2008-04-02,0.9981991231697458,0.9886976123821068
2008-04-03,1.000242808969781,0.9906632927711776
2008-04-04,1.005713714030248,0.9958413278318322
2008-04-07,1.00880187833565,0.9988836279844587
2008-04-08,1.0076079672878313,0.9976931431637597
2008-04-09,1.0057605395152465,0.9958564976854112
2008-04-10,1.0060513120213368,0.996114764087907
2008-04-11,1.003023460428029,0.993089548121156
2008-04-14,1.00143277201915,0.9914864758013086
2008-04-15,1.0002891550862634,0.9902926242643527
2008-04-16,1.0062751819462672,0.9961066725135727
2008-04-17,1.004737809319479,0.9940564000258664
2008-04-18,1.0117834061712407,1.0007380208551842
2008-04-21,1.011650012933775,1.0005975019830928
2008-04-22,1.00940011445864,0.9983591657827589
2008-04-23,1.0145658898387104,1.0031892846222696
2008-04-24,1.0124902977975525,1.0008591764370405
2008-04-25,1.0182864713998756,1.0064438492409045
2008-04-28,1.0210948887105635,1.0092103370509775
2008-04-29,1.0165006734246231,1.0046538333875819
2008-04-30,1.017101897602503,1.0051957452679408
2008-05-01,1.024885028321361,1.012647475690331
2008-05-02,1.0254660354498473,1.0131777771071164
2008-05-05,1.0262989986097384,1.0139703102167679
2008-05-06,1.0258452441114996,1.0135178893413974
2008-05-07,1.0205844861139017,1.0080504293140964
2008-05-08,1.0229683247050299,1.010129280772527
2008-05-09,1.021957128654183,1.009078596269474
2008-05-12,1.0223493688659926,1.0094596076899485
2008-05-13,1.0211973998547228,1.0082768415321857
2008-05-14,1.021245941777731,1.008058398919546
2008-05-15,1.028834798283359,1.0155420531043715
2008-05-16,1.029200309354574,1.015647896235646
2008-05-19,1.030730383426939,1.0170221084592759
2008-05-20,1.0284244720382285,1.0146210489266294
2008-05-21,1.026050854437858,1.0121537710656452
2008-05-22,1.0208343525392383,1.0069530136198537
2008-05-23,1.0156143572656653,1.0013108612510095
2008-05-27,1.0048332274502438,0.9901980341554737
2008-05-28,1.0098541066375426,0.9946676173582772
2008-05-29,0.9917459360594105,0.976830490593182
2008-05-30,0.9935451209838508,0.9779331020704566
2008-06-02,0.9867662825559875,0.9710437697571231
2008-06-03,0.9798644728428051,0.9638201598653489
2008-06-04,0.978253351625198,0.9618473267126194
2008-06-05,0.9735459242707889,0.957004904696079
2008-06-06,0.9585355625849958,0.9415544144763027
2008-06-09,0.938897829627148,0.9214586426812036
2008-06-10,0.9143288819242692,0.8973315512755335
2008-06-11,0.9158531875763766,0.8980990343245127
2008-06-12,0.9225019132416492,0.9046171895321331
2008-06-13,0.9201514059033743,0.9023056320646733
2008-06-16,0.9165756043995537,0.8987968861100647
2008-06-17,0.9143717322804163,0.8964684311133847
2008-06-18,0.9194982078763814,0.9014925737966757
2008-06-19,0.9163032859513346,0.8981676574044791
2008-06-20,0.9166097949904041,0.8984613580121091
2008-06-23,0.9019118294628679,0.8835721722814914
2008-06-24,0.8999784162520914,0.8809424911736061
2008-06-25,0.8961117466339263,0.8767857219808051
2008-06-26,0.9078940095447637,0.8878931387022224
2008-06-27,0.9184652124031857,0.8978976472355434
2008-06-30,0.9177193671619859,0.8971576745502613
2008-07-01,0.9259940956847496,0.9052461435845907
2008-07-02,0.9342673661044525,0.9133228045809452
2008-07-03,0.929178918532536,0.9083368333263117
2008-07-07,0.9248430899560703,0.9040882623948461
2008-07-08,0.9251095362874886,0.9039251968900648
2008-07-09,0.9284941961042373,0.9069718967740674
2008-07-10,0.9312201005466519,0.9096295063529528
2008-07-11,0.930485167493793,0.9086499798577461
2008-07-14,0.9352940079594105,0.913323165912391
2008-07-15,0.933826128706476,0.911880807163288
2008-07-16,0.9219703795105333,0.9002930812401566
2008-07-17,0.9172739482187885,0.8956487547723349
2008-07-18,0.9094391675231265,0.8873150788630497
2008-07-21,0.920287998350134,0.8978923182093765
2008-07-22,0.8987871339452291,0.8769136419641348
2008-07-23,0.882536936921772,0.8608912945016588
2008-07-24,0.874592732482484,0.8523879522851628
2008-07-25,0.8718011059334666,0.8488148135773717
2008-07-28,0.8691914754344593,0.8457503519003506
2008-07-29,0.8670160208203415,0.8432092013147373
2008-07-30,0.8664087221022646,0.8422699896033886
2008-07-31,0.8678890418518213,0.843457789846099
2008-08-01,0.8671859288863465,0.8426652501086596
2008-08-04,0.865090856343522,0.8406109834447888
2008-08-05,0.8659736101861437,0.8413226692993041
2008-08-06,0.8656174576688257,0.8404138120531247
2008-08-07,0.8673036243144036,0.8417497107497244
2008-08-08,0.8728554658486359,0.8467884450833943
2008-08-11,0.8728052413456312,0.8467196329313502
2008-08-12,0.8718914892359578,0.8454714950591414
2008-08-13,0.8691044330988742,0.842407285355682
2008-08-14,0.8725088329117865,0.8455594907496975
2008-08-15,0.8762053631272149,0.8491380763882359
2008-08-18,0.8750472141392438,0.8480120559968379
2008-08-19,0.8725269624721015,0.8455661405307859
2008-08-20,0.8739038331737988,0.8468948420851863
2008-08-21,0.8702963036405759,0.8433905044758921
2008-08-22,0.871654097751785,0.8446701114909514
2008-08-25,0.8725412611175218,0.8453779898915442
2008-08-26,0.8726899459964813,0.8453658743941939
2008-08-27,0.8730741100833271,0.8455818408407857
2008-08-28,0.8747530600897795,0.8471929419292448
2008-08-29,0.8727705972405015,0.8452396925380067
2008-09-02,0.8770527550578303,0.8493726358624795
2008-09-03,0.8782665270633673,0.8505407343293637
2008-09-04,0.8794859528984408,0.8515392257610298
2008-09-05,0.8788364262030475,0.8508607669820806
2008-09-08,0.8829159044318645,0.8547980733684222
2008-09-09,0.8851173808385306,0.8569206258068068
2008-09-10,0.8839970833472038,0.8558325207598908
2008-09-11,0.882983724775156,0.854843289919729
2008-09-12,0.8766876554081512,0.8487392926337028
2008-09-15,0.8698500498097665,0.841950099488032
2008-09-16,0.8675771857371138,0.8394776999434017
2008-09-17,0.8619537871586831,0.833972455614781
2008-09-18,0.8550125328315961,0.8270095020212215
2008-09-19,0.8537824822904686,0.8256106742620918
2008-09-22,0.8356217555484853,0.8077299410610514
2008-09-23,0.826547939738804,0.7982139236794347
2008-09-24,0.8151584546636343,0.7872125270834988
2008-09-25,0.81220779311192,0.7843617622464075
2008-09-26,0.816232726112559,0.788247597834778
2008-09-29,0.8035342590049911,0.7757187020960655
2008-09-30,0.7708748871003857,0.7437276171355337
2008-10-01,0.7714955314585762,0.7437403796362847
2008-10-02,0.7736548983084134,0.7455386319309074
2008-10-03,0.7752375337340404,0.7470598346795544
2008-10-06,0.7874186756582,0.7587940824466284
2008-10-07,0.7882636908977445,0.7596045494330762
2008-10-08,0.7857974518740812,0.7572249713210941
2008-10-09,0.7859154518139315,0.7573344607910698
2008-10-10,0.7753419813224306,0.7471438018841361
2008-10-13,0.7696528864958946,0.7416532750595118
2008-10-14,0.7693446313471494,0.740970381518255
2008-10-15,0.7782834638850347,0.7495795403867933
2008-10-16,0.7725295498259731,0.7438617966453827
2008-10-17,0.7737470457201472,0.7448594152152976
2008-10-20,0.7798346651169904,0.7507197550370356
2008-10-21,0.7926189317097105,0.76302672459625
2008-10-22,0.8020548397229988,0.7721103456112572
2008-10-23,0.7984165315908739,0.7681565056371779
2008-10-24,0.8062955198207782,0.7755370529299347
2008-10-27,0.8065541930477211,0.7757829107264003
2008-10-28,0.7961208513890694,0.7657326968262496
2008-10-29,0.7832365864565186,0.7529859665577309
2008-10-30,0.7810883575410424,0.750729899803809
2008-10-31,0.7927553418388782,0.7617531886720068
2008-11-03,0.7966442907645778,0.7654900531097318
2008-11-04,0.7851314709100848,0.7542466977183202
2008-11-05,0.7805675140329119,0.7495278876344922
2008-11-06,0.7826139219580609,0.7512198357314726
2008-11-07,0.7813052522859171,0.7497064575044853
2008-11-10,0.7800779635137903,0.748466986584006
2008-11-11,0.7869581368213453,0.7550233966257448
2008-11-12,0.7852994789622328,0.7534166264845347
2008-11-13,0.7764361526198809,0.7447068000450701
2008-11-14,0.7791547356397605,0.7471103249382134
2008-11-17,0.7819088560151236,0.7495741508855072
2008-11-18,0.7846279966405647,0.7521503345060643
2008-11-19,0.7904123531258886,0.7576891608378677
2008-11-20,0.7968236048582373,0.7638231755164351
2008-11-21,0.7953011766859028,0.7623268403985403
2008-11-24,0.7898491338209814,0.7570312352577807
2008-11-25,0.7999827071612552,0.7665678714712767
2008-11-26,0.7971974171308093,0.7638716574517741
2008-11-28,0.7970632974795238,0.7637184961534225
2008-12-01,0.7974257114172012,0.7639226437146412
2008-12-02,0.8000508542737076,0.7663726488975485
2008-12-03,0.8017037004032304,0.7679403420681141
2008-12-04,0.8035354843660931,0.7696790150603146
2008-12-05,0.7968315425497926,0.7630827916836832
2008-12-08,0.7976118301788561,0.7636692694536479
2008-12-09,0.7994781895575728,0.7652914236372099
2008-12-10,0.8067988856994924,0.7722447846719392
2008-12-11,0.8051577214576465,0.7706139003684709
2008-12-12,0.8073063751318807,0.7726074836529088
2008-12-15,0.810732885354048,0.7758277767477201
2008-12-16,0.8305267353444374,0.7947284500882259
2008-12-17,0.8394841625352196,0.8032480455248229
2008-12-18,0.8475407261782941,0.8108540197702673
2008-12-19,0.8423044797382196,0.8058197902760064
2008-12-22,0.847199620897072,0.8104913067639208
2008-12-23,0.8474142428709474,0.8106911157487154
2008-12-24,0.8497238540058435,0.8128610210414954
2008-12-26,0.8549065868085559,0.8177789632701921
2008-12-29,0.8578248554918857,0.8205642734046548
2008-12-30,0.8643646434118147,0.8268098900513218
2008-12-31,0.8678600699506012,0.8301492830333757
2009-01-02,0.8650578674258623,0.8274642014696849
2009-01-05,0.8687703676491192,0.8310069069499905
2009-01-06,0.8715048651282769,0.8335883395186429
2009-01-07,0.8526656872645406,0.8154850227911846
2009-01-08,0.8540706578285173,0.8167964226061774
2009-01-09,0.8514488238074762,0.8142750533165539
2009-01-12,0.8393219350352386,0.8026384717653253
2009-01-13,0.8395656006783916,0.8026374012043876
2009-01-14,0.8369112226636315,0.7999331764107546
2009-01-15,0.8370553707349243,0.7999556187183088
2009-01-16,0.836034895208234,0.7989795651801112
2009-01-20,0.8365042652463747,0.7992946892884266
2009-01-21,0.8329527498201685,0.7958867945058558
2009-01-22,0.8319310717724551,0.7949090568897992
2009-01-23,0.8441149342238898,0.8061074293403119
2009-01-26,0.8404488230317322,0.8024235744976325
2009-01-27,0.8375603949913403,0.799650546220162
2009-01-28,0.8432457773338928,0.804901015036866
2009-01-29,0.8415196372179291,0.8029791279391947
2009-01-30,0.8511513342767936,0.8118961211215452
2009-02-02,0.8389880491202097,0.8002742304033669
2009-02-03,0.8337315811974967,0.7951021200155529
2009-02-04,0.8410484629899069,0.8020747910661048
2009-02-05,0.8489951920886054,0.8096504057280637
2009-02-06,0.8456817978238407,0.8064892198150361
2009-02-09,0.8390666890215955,0.7999633763298197
2009-02-10,0.8370869766529846,0.7980738756094691
2009-02-11,0.8476956058255625,0.8079709963655421
2009-02-12,0.8503291722324585,0.8103820580926832
2009-02-13,0.8507169279266896,0.8107500743608446
2009-02-17,0.8630743579934235,0.8225240238643882
2009-02-18,0.8709552648196695,0.8299332218295418
2009-02-19,0.8619857436779123,0.8213831899275732
2009-02-20,0.8652340879373062,0.8244771396300695
2009-02-23,0.8703174539610548,0.8293030260996455
2009-02-24,0.8507510247940314,0.8106568289669768
2009-02-25,0.8509972430204501,0.8108700991627068
2009-02-26,0.8430705089571547,0.8032955399193192
2009-02-27,0.8419269718059602,0.8021945604882837
2009-03-02,0.8405668073825951,0.8008965929096211
2009-03-03,0.8364831498064907,0.7970032227332698
2009-03-04,0.8317908056096619,0.7921456382357233
2009-03-05,0.8309451647677284,0.7912253673719096
2009-03-06,0.8287845661532346,0.7887219580595168
2009-03-09,0.8245105526437619,0.7845998223167291
2009-03-10,0.8169703753224956,0.7770099506013886
2009-03-11,0.8027563566890978,0.7634862709839146
2009-03-12,0.7987897819517298,0.7596012043725942
2009-03-13,0.7936622435595536,0.7539656214942357
2009-03-16,0.8018594471208819,0.7617463220229859
2009-03-17,0.8264768650274594,0.7851312365887345
2009-03-18,0.843711320740883,0.8010370598657358
2009-03-19,0.8432777585807933,0.8000041910893501
2009-03-20,0.8385826192724141,0.7954420105388275
2009-03-23,0.8493902058580929,0.8056894119315485
2009-03-24,0.8383765273841423,0.7950494306346564
2009-03-25,0.8404964887718973,0.7966405022839285
2009-03-26,0.8538094850544707,0.8090717368859657
2009-03-27,0.8401882970469094,0.7959836800899422
2009-03-30,0.8133512168976726,0.770398095944917
2009-03-31,0.8205781247306296,0.7768232695246586
2009-04-01,0.8240324067762883,0.779856141542173
2009-04-02,0.8340744041455649,0.7893586444166192
2009-04-03,0.8337245385794352,0.789022003353871
2009-04-06,0.8292519192903512,0.7845276976612938
2009-04-07,0.8209575808572293,0.7765063340891772
2009-04-08,0.8306119949370392,0.7853058592514057
2009-04-09,0.8408894774575564,0.7946328101275325
2009-04-13,0.8449202376057577,0.7983400154768237
2009-04-14,0.8412552280867887,0.7947744687505958
2009-04-15,0.847548949507357,0.8006898108984182
2009-04-16,0.8501821221091911,0.8031763595333223
2009-04-17,0.850022564540755,0.8029170642784069
2009-04-20,0.8405578332522977,0.7938370556431981
2009-04-21,0.8438109935165229,0.7968147907006972
2009-04-22,0.8424018589266526,0.7953891786432423
2009-04-23,0.8442102726515882,0.7970828504049695
2009-04-24,0.8502561403576993,0.8026620066836461
2009-04-27,0.8455380293708673,0.7980702181038957
2009-04-28,0.8421677058491988,0.7947725649388169
2009-04-29,0.8477689365259954,0.8000070840951904
2009-04-30,0.850629502988124,0.8025822472619596
2009-05-01,0.8506398441024775,0.8025564872332122
2009-05-04,0.8606618071329416,0.811976412944177
2009-05-05,0.8614657273265597,0.812615868090933
2009-05-06,0.8702017392657979,0.8207822794164211
2009-05-07,0.862752010180996,0.8136852814146954
2009-05-08,0.8730266625163408,0.8233648867060702
2009-05-11,0.8694916199923749,0.820028759050858
2009-05-12,0.8745792842889581,0.8248246671400241
2009-05-13,0.8674717088020593,0.8181039661465589
2009-05-14,0.8694284310856683,0.8199388225385801
2009-05-15,0.8665835988349443,0.8172537706161178
2009-05-18,0.8720391936770714,0.822381182367528
2009-05-19,0.8758311622446852,0.8259374568559382
2009-05-20,0.8815338767245395,0.8313050641778709
2009-05-21,0.8777367253858601,0.8277196538748947
2009-05-22,0.8786161868277264,0.8285415148873689
2009-05-26,0.8802935407084941,0.8301062006178579
2009-05-27,0.875283733051908,0.8253627432904919
2009-05-28,0.8874239079423016,0.8363207300836154
2009-05-29,0.903873072153623,0.8514974453516728
2009-06-01,0.9076404429671364,0.8547901872327365
2009-06-02,0.9120633845002901,0.8586982719894228
2009-06-03,0.9034432924436644,0.8503624487549765
2009-06-04,0.9085684050292869,0.8551720570684096
2009-06-05,0.9001125280172577,0.8469874786604783
2009-06-08,0.8967551366855194,0.8438183728396437
2009-06-09,0.9030862091833842,0.8497713950406545
2009-06-10,0.9037399458639536,0.8503782451357531
2009-06-11,0.9085295177423385,0.854880090617647
2009-06-12,0.9068439593190233,0.8532881696871297
2009-06-15,0.8889817286303242,0.8363651263658645
2009-06-16,0.8843303644479448,0.8316509189707024
2009-06-17,0.8848777851697723,0.8318947644183838
2009-06-18,0.8805227196084733,0.8277993669364037
2009-06-19,0.8816587692531074,0.8285415309078366
2009-06-22,0.8730380773520056,0.8201099921008671
2009-06-23,0.8802577043452207,0.8266140656095627
2009-06-24,0.8781611806101653,0.8244067980328947
2009-06-25,0.886572085474663,0.832299333593275
2009-06-26,0.8866879199070608,0.8322181173452422
2009-06-29,0.8911839256917685,0.8364349774231402
2009-06-30,0.8886398389546962,0.834043109873681
2009-07-01,0.8880999402473073,0.8334236044484481
2009-07-02,0.8788242998804546,0.8246012322150774
2009-07-06,0.8763809571714836,0.8220666382071011
2009-07-07,0.8777851787169413,0.8232109320668991
2009-07-08,0.883918533231861,0.8289601163447033
2009-07-09,0.880236039324144,0.8255023118267899
2009-07-10,0.8842843916928083,0.8291319474868398
2009-07-13,0.8830553676903399,0.8279779387193491
2009-07-14,0.878716665063111,0.8239037431202435
2009-07-15,0.8693662442161656,0.815107307866862
2009-07-16,0.8725137060512123,0.8176690140574936
2009-07-17,0.8709213573130588,0.8161063075562235
2009-07-20,0.8787855325935636,0.8233720792183995
2009-07-21,0.8840984169245396,0.828314630741939
2009-07-22,0.8826410690879697,0.8268808209230271
2009-07-23,0.8878248220236004,0.8316687962507755
2009-07-24,0.890175516126572,0.8338228601904832
2009-07-27,0.8913498350124557,0.8348865750416136
2009-07-28,0.8882788975597902,0.8320042714707826
2009-07-29,0.8829456958926304,0.8269931723375522
2009-07-30,0.8905574507377773,0.8339442771006762
2009-07-31,0.8991877750027873,0.8419913138861236
2009-08-03,0.903198204015584,0.845561740993996
2009-08-04,0.9043578346724919,0.8466397814738814
2009-08-05,0.905269317211267,0.8474325270236523
2009-08-06,0.9020349586756972,0.844400202662302
2009-08-07,0.9031422254997731,0.8454321603242054
2009-08-10,0.8999187648237911,0.8421593894764032
2009-08-11,0.8971939760417299,0.839375585216683
2009-08-12,0.8989864258967328,0.8410508852824633
2009-08-13,0.9049748918022005,0.8466498359406673
2009-08-14,0.8998714625490573,0.8418125254484708
2009-08-17,0.8894101023326109,0.8320232434395782
2009-08-18,0.8904399235398979,0.8327788337958831
2009-08-19,0.8926812413619039,0.8347652330464251
2009-08-20,0.8974326775084487,0.8390407364884355
2009-08-21,0.9005983789859067,0.841953710222673
2009-08-24,0.9018849683154198,0.8430699566006027
2009-08-25,0.9035426128073739,0.8445328221092989
2009-08-26,0.9054059672920587,0.846264135607619
2009-08-27,0.9052612211229782,0.8461272991250164
2009-08-28,0.908591662360822,0.8491549455341141
2009-08-31,0.9065750650353692,0.847267001362699
2009-09-01,0.9002119806778095,0.8412507708181505
2009-09-02,0.9055951769859852,0.8461185284359889
2009-09-03,0.9096659780858934,0.8497286878757433
2009-09-04,0.9105188113648208,0.8504439868327984
2009-09-08,0.9140162286697,0.8536296929124894
2009-09-09,0.91508124573185,0.854510963708196
2009-09-10,0.924106054166489,0.8629329425017341
2009-09-11,0.926439327115213,0.8651071674292605
2009-09-14,0.9247580192481306,0.8635069095108623
2009-09-15,0.928264145084959,0.8667768874362566
2009-09-16,0.9372904586934234,0.8752012577908593
2009-09-17,0.9383157178083693,0.8761294071688105
2009-09-18,0.9348055456049714,0.8728450010004063
2009-09-21,0.9316413163022019,0.8698887469711443
2009-09-22,0.9371274043210532,0.8749826165338856
2009-09-23,0.9321127820938148,0.8702726815977738
2009-09-24,0.9266574985893942,0.8651504282937116
2009-09-25,0.9271811303424911,0.8656316126210526
2009-09-28,0.9336048739558116,0.8716239608200401
2009-09-29,0.9319626127985997,0.8700879376274641
2009-09-30,0.9343493203116436,0.8723121485324712
2009-10-01,0.9240122733926515,0.8626598303064476
2009-10-02,0.9214373393268444,0.8600970595909141
2009-10-05,0.9293485509966078,0.8673068048062478
2009-10-06,0.9334013530815697,0.8708278438885254
2009-10-07,0.9368189207567005,0.8738560728578718
2009-10-08,0.9391808431752408,0.8758983263838087
2009-10-09,0.9354376438211746,0.8722460437653755
2009-10-12,0.9390225112847614,0.8755006860537144
2009-10-13,0.9402215676710559,0.8766086593751258
2009-10-14,0.9475861605415558,0.8834622760771308
2009-10-15,0.9456186146624136,0.8816250567647905
2009-10-16,0.9428801508990577,0.8790684084788236
2009-10-19,0.9492563012169871,0.8849744351679978
2009-10-20,0.9459346482998284,0.8818400218185126
2009-10-21,0.9449702737784978,0.8807228236464719
2009-10-22,0.9480005866492606,0.8833292176741899
2009-10-23,0.9431825943575399,0.8786584408028931
2009-10-26,0.934818510227419,0.8706860505797593
2009-10-27,0.9296635051028266,0.865498885039316
2009-10-28,0.9239418976796763,0.8595877015995996
2009-10-29,0.9230193486157281,0.8582950895010492
2009-10-30,0.9209575091141708,0.8560844284339922
2009-11-02,0.9214200478981478,0.856145648686394
2009-11-03,0.923507500237574,0.8578995166104215
2009-11-04,0.9228782228784359,0.8570807049693026
2009-11-05,0.9226544526745161,0.8563083997108113
2009-11-06,0.9222938133714311,0.8554749382559313
2009-11-09,0.9261440940063194,0.859043413136524
2009-11-10,0.9248950762054802,0.8577669725109685
2009-11-11,0.9286794558083195,0.8612728176443781
2009-11-12,0.923835272910715,0.8567776843063936
2009-11-13,0.9250947920778856,0.8578406191653949
2009-11-16,0.9340345552381597,0.8660251724519017
2009-11-17,0.9345983587587949,0.8664450895220596
2009-11-18,0.9332996472965119,0.8652391803618743
2009-11-19,0.9303939269138196,0.8625393261599908
2009-11-20,0.929461730142,0.8616010457926614
2009-11-23,0.9321205286310357,0.8640630877130827
2009-11-24,0.9337203185291023,0.8655020505007968
2009-11-25,0.9380431857250792,0.8695057486308323
2009-11-27,0.931211316817193,0.8631701678917802
2009-11-30,0.9343504941014428,0.865876709201547
2009-12-01,0.9369188865149454,0.8680923487661807
2009-12-02,0.938489255094684,0.8695052246323314
2009-12-03,0.9357139985067731,0.8669310811124123
2009-12-04,0.9322666701762348,0.8636589952074298
2009-12-07,0.9304720439350568,0.8619027549629594
2009-12-08,0.9278999714607473,0.8595167075151525
2009-12-09,0.9265621290576989,0.8582069092945299
2009-12-10,0.9276278112671761,0.8591902835712715
2009-12-11,0.9278283403769971,0.8593211004787855
2009-12-14,0.9334672998527668,0.8640526316247715
2009-12-15,0.9303021511900366,0.8605895952139856
2009-12-16,0.9322903829349708,0.8618977201486029
2009-12-17,0.92735891644132,0.857241382592783
2009-12-18,0.9272146962074013,0.8565340824570807
2009-12-21,0.9322640372948104,0.8606250067209277
2009-12-22,0.9356574529065455,0.8637561246087859
2009-12-23,0.9366800930940093,0.8646988561120731
2009-12-24,0.9404468476150096,0.8681746860186146
2009-12-28,0.9417165960859651,0.8691174475943956
2009-12-29,0.9392744347243589,0.8668601429368634
2009-12-30,0.9410735210690347,0.8685161209350349
2009-12-31,0.9391125932002761,0.8667032232703539
2010-01-04,0.947049129681156,0.8739354049732881
2010-01-05,0.9496787433082404,0.8762757963195648
2010-01-06,0.9512753676633505,0.8774979069156361
2010-01-07,0.9531608212854876,0.879026304666645
2010-01-08,0.9550344528713144,0.8806897293236436
2010-01-11,0.9557176466741545,0.8810739751137623
2010-01-12,0.9480394256749873,0.8739032548278483
2010-01-13,0.948815645662126,0.8743559457706525
2010-01-14,0.9507603045953802,0.8758850295320032
2010-01-15,0.9463352189512313,0.8715697183250103
2010-01-19,0.9502916473721731,0.8751473430443923
2010-01-20,0.9461048159398314,0.871219234012645
2010-01-21,0.9387941577569034,0.8644243654116727
2010-01-22,0.9381341795486766,0.8634548714109117
2010-01-25,0.9373154248377417,0.8626990991423877
2010-01-26,0.9378660167021904,0.8632048345160772
2010-01-27,0.937128962328867,0.862525846948904
2010-01-28,0.9369649932019305,0.8621343669434056
2010-01-29,0.9414279828203121,0.8662401963963271
2010-02-01,0.9379315941596633,0.8627855910914384
2010-02-02,0.9382333772760337,0.8628266845808619
2010-02-03,0.9367313332685805,0.8611724503153927
2010-02-04,0.9406091953178084,0.8646829126638289
2010-02-05,0.9409731781824189,0.8650110073851041
2010-02-08,0.942095662875448,0.8658036694432625
2010-02-09,0.9380018770531369,0.8620413257638446
2010-02-10,0.936031907686785,0.8602272508161952
2010-02-11,0.9348816175829109,0.8590291716509324
2010-02-12,0.9360638570924035,0.8601149503638379
2010-02-16,0.934966510752288,0.8591064533670723
2010-02-17,0.9358160310675575,0.8597449631118569
2010-02-18,0.9419534793800606,0.8649027848127805
2010-02-19,0.9439336154588065,0.8665514587844019
2010-02-22,0.943536479609608,0.8659642791062535
2010-02-23,0.9385526171822398,0.8613875980828073
2010-02-24,0.9406334659797712,0.8628186864968534
2010-02-25,0.9399082391733136,0.8617811407700442
2010-02-26,0.9430290901953085,0.8645303030046757
2010-03-01,0.9447310136291734,0.8660808692986224
2010-03-02,0.9476638252952246,0.8687135220623844
2010-03-03,0.9487680473556597,0.8696906775539799
2010-03-04,0.9499580483816925,0.8707766710443993
2010-03-05,0.9529669817939727,0.8735183601494718
2010-03-08,0.9532378611653155,0.8737031378219167
2010-03-09,0.9540734426445406,0.8744667100624363
2010-03-10,0.954238950955587,0.87461670206455
2010-03-11,0.9548675653749987,0.875187029129765
2010-03-12,0.9550236992088215,0.875217751592762
2010-03-15,0.9538757695708543,0.8740920735711579
2010-03-16,0.9602180375861045,0.8798302845035879
2010-03-17,0.9631032618849847,0.8823599862359958
2010-03-18,0.9616746566933205,0.8810484235041919
2010-03-19,0.9571885134146934,0.8769166143787998
2010-03-22,0.9590268113505099,0.8785043129890788
2010-03-23,0.9599490145160894,0.8793435750784726
2010-03-24,0.9548017531657715,0.8746263629609042
2010-03-25,0.9537095777734215,0.8735356107296155
2010-03-26,0.9537408927198604,0.8732211481269879
2010-03-29,0.9564639868327391,0.8756676896332959
2010-03-30,0.9570055454258231,0.8761200808482779
2010-03-31,0.9556986948570673,0.8749228209331823
2010-04-01,0.960668191453681,0.8794685213039616
2010-04-05,0.9630272149614789,0.8814799372010456
2010-04-06,0.966689304678121,0.8845603380477459
2010-04-07,0.9646814755462427,0.8827180971032429
2010-04-08,0.9647815753510577,0.8825949030876474
2010-04-09,0.9683321753548175,0.8856282798304972
2010-04-12,0.9657908180559828,0.883119077022585
2010-04-13,0.968616771074465,0.8854801217346446
2010-04-14,0.9717731174649079,0.888061233640981
2010-04-15,0.971584417175637,0.8878203114379694
2010-04-16,0.9621763190645582,0.8792125770367224
2010-04-19,0.960536147821922,0.8776446248461269
2010-04-20,0.9657482958589882,0.8823767150511246
2010-04-21,0.9683334728212698,0.8846266297197788
2010-04-22,0.9674715375574138,0.8838107998490968
2010-04-23,0.9699526265701335,0.8860282386873757
2010-04-26,0.9694644446208954,0.8855070722976656
2010-04-27,0.9650018062635005,0.8814017272460737
2010-04-28,0.9638894178117834,0.8802298404511867
2010-04-29,0.9686997061252933,0.8845523063999357
2010-04-30,0.9697717244196943,0.8854648375863071
2010-05-03,0.9717290268014812,0.8871506646238084
2010-05-04,0.9681702936928107,0.8838396946165779
2010-05-05,0.9670150968244303,0.88257227911138
2010-05-06,0.9681015098858373,0.883522736534055
2010-05-07,0.9630765986349779,0.8786630879005455
2010-05-10,0.9598394423279855,0.8756511693190423
2010-05-11,0.9663690970078846,0.8813904145825467
2010-05-12,0.9671840351282989,0.8821254433273683
2010-05-13,0.9682397137508348,0.883087499708003
2010-05-14,0.9708793446167322,0.8854936553493352
2010-05-17,0.9688929645191653,0.8836458766465948
2010-05-18,0.9741442061355262,0.888432039574958
2010-05-19,0.9693979636145843,0.8840998219487408
2010-05-20,0.9691253846114503,0.883806439528642
2010-05-21,0.9693360466422617,0.8839940572230336
2010-05-24,0.9712279175607726,0.8856418448964445
2010-05-25,0.9718507412749507,0.8861292983575842
2010-05-26,0.9734742420028959,0.8873905015087367
2010-05-27,0.9676362784795057,0.8818514667703545
2010-05-28,0.969610180040857,0.8834344117724958
2010-06-01,0.9722072072234025,0.8857962656192689
2010-06-02,0.9703196318860569,0.8840723297937039
2010-06-03,0.9684958425112091,0.8823554821839776
2010-06-04,0.9766285245034083,0.8897625376761298
2010-06-07,0.9818522147129143,0.8945167559846353
2010-06-08,0.9800901077309043,0.8926980548004417
2010-06-09,0.9794132904813153,0.8920646286504491
2010-06-10,0.9729524644827687,0.8861784907013229
2010-06-11,0.9762019781530871,0.8889241773746612
2010-06-14,0.9748472404783151,0.8874297863434852
2010-06-15,0.9757626854221366,0.8882619611032332
2010-06-16,0.9761776078922336,0.8884356056351062
2010-06-17,0.9806504322940626,0.8925050130341068
2010-06-18,0.98198948638529,0.8937189677731776
2010-06-21,0.981230230285435,0.8930260657156819
2010-06-22,0.9806955933395407,0.8925369842462705
2010-06-23,0.9816508166992504,0.8933404018312363
2010-06-24,0.9788381345522541,0.8907786993569555
2010-06-25,0.984238255298849,0.8956918389846632
2010-06-28,0.9840414687154928,0.895485760569195
2010-06-29,0.9810093236542439,0.8926994944284691
2010-06-30,0.982534729985404,0.8940262394805596
2010-07-01,0.9779805079399743,0.88984698939409
2010-07-02,0.9758013337525315,0.8877460827367873
2010-07-06,0.9801144517430063,0.8916678869871654
2010-07-07,0.9819881379858653,0.8933008024411024
2010-07-08,0.9818071102258271,0.8931322317401136
2010-07-09,0.9807796866426922,0.892160959365601
2010-07-12,0.9803994938797592,0.8917715437380785
2010-07-13,0.9813523139476505,0.892583575761897
2010-07-14,0.9836971465422214,0.8946401607197927
2010-07-15,0.9853078677373139,0.8960045550345026
2010-07-16,0.9809599656144724,0.8920431374772427
2010-07-19,0.9805718267023594,0.8915261268396342
2010-07-20,0.9829943745327824,0.8936612394884654
2010-07-21,0.9843028552941693,0.8947823869722153
2010-07-22,0.9860650595041112,0.8962841034440305
2010-07-23,0.9867006402008864,0.896761524445984
2010-07-26,0.9884490672056984,0.8983465563692216
2010-07-27,0.9859754115628344,0.8960787750252288
2010-07-28,0.9862258698613388,0.8962380467337892
2010-07-29,0.9868448871309499,0.8967671722150634
2010-07-30,0.988913473850159,0.8986140786596719
2010-08-02,0.9928552514270789,0.9021324283304994
2010-08-03,0.9934816912203173,0.9026378807543743
2010-08-04,0.9923936942293775,0.9016477577424763
2010-08-05,0.9924427243972851,0.9016860229082635
2010-08-06,0.9939700689688836,0.9030709574315031
2010-08-09,0.9948399568564239,0.9037538564721646
2010-08-10,0.9934458128484265,0.902475828917303
2010-08-11,0.986041776093632,0.8957439155193547
2010-08-12,0.9841415778476087,0.8939183394809415
2010-08-13,0.9876064228794863,0.8968733158258199
2010-08-16,0.9942691618206356,0.9028846829232975
2010-08-17,0.9942741125161111,0.9028728958654944
2010-08-18,0.9944396796488564,0.9028729645035902
2010-08-19,0.9946351775843019,0.9030441141544701
2010-08-20,0.9943522553505494,0.9026899268935638
2010-08-23,0.9949125868190863,0.9031587991855717
2010-08-24,0.9975323340022212,0.9054964098619519
2010-08-25,0.9993006985539181,0.9069759463708755
2010-08-26,0.9999012224892326,0.9075121789572657
2010-08-27,0.9935925865354969,0.9017837105360726
2010-08-30,0.9994823639441537,0.9071118304192423
2010-08-31,1.0032118344890617,0.9104789370241951
2010-09-01,0.9975112412698036,0.9053028444147321
2010-09-02,0.998304396326518,0.9057871974110772
2010-09-03,0.9976746497548792,0.9051721432205525
2010-09-07,0.9988156833346846,0.9061141561770475
2010-09-08,0.9990843547768763,0.906259789073932
2010-09-09,0.9957230204357129,0.9032044544972343
2010-09-10,0.9985122456601296,0.905315874174582
2010-09-13,1.003394698227766,0.9097412717322192
2010-09-14,1.0091466456742055,0.914689598248793
2010-09-15,1.0078811069192202,0.9132553393677163
2010-09-16,1.0074603447274273,0.9127906211639344
2010-09-17,1.007326440448776,0.9122461101796935
2010-09-20,1.013544491912431,0.9176497805398292
2010-09-21,1.0161624328618744,0.9200121856788281
2010-09-22,1.0149321643574452,0.918641944440747
2010-09-23,1.0126051610398317,0.9164870599010416
2010-09-24,1.017095246551603,0.9205455306858583
2010-09-27,1.0177626515516685,0.9210954754499342
2010-09-28,1.021857922690832,0.9247554774098037
2010-09-29,1.0225976954545686,0.925423052648328
2010-09-30,1.024388184932504,0.9270281272840782
2010-10-01,1.027637825904571,0.9299662520424661
2010-10-04,1.0261476616552536,0.9286145161618501
2010-10-05,1.0357906363929006,0.9373378830289986
2010-10-06,1.038862986814339,0.9400648146402797
2010-10-07,1.034666000728837,0.9362187867580836
2010-10-08,1.0401356755741527,0.9411596000064284
2010-10-11,1.0404954337303076,0.9414821594243028
2010-10-12,1.039429023411078,0.9405151852500622
2010-10-13,1.046252932551481,0.9466408175811332
2010-10-14,1.0443369398477764,0.9449020097870927
2010-10-15,1.0412564254744652,0.942080688739128
2010-10-18,1.045558276645694,0.9456048348527278
2010-10-19,1.0339005788802131,0.9346993246935621
2010-10-20,1.0415698072817199,0.9416042077887531
2010-10-21,1.0369361992104842,0.9374125579489162
2010-10-22,1.0397788461810025,0.9399782451785825
2010-10-25,1.0437092436475246,0.9435247240994675
2010-10-26,1.0422409527835437,0.942194448719366
2010-10-27,1.0358755386366598,0.9360528204961696
2010-10-28,1.0395208722912808,0.9393352959178375
2010-10-29,1.0431241943321694,0.9425881974596789
2010-11-01,1.043537749892204,0.9425828462232265
2010-11-02,1.0497919569829979,0.9480930433002891
2010-11-03,1.050852481583825,0.9489092671217032
2010-11-04,1.0669952731596024,0.9634844977120436
2010-11-05,1.0671362979016246,0.963590271838386
2010-11-08,1.0672085907323499,0.9636528009275548
2010-11-09,1.0569061577538168,0.954342237070822
2010-11-10,1.0604646124918309,0.95714476241203
2010-11-11,1.0582460655821422,0.9551256813359975
2010-11-12,1.0435107851439749,0.9418223285133772
2010-11-15,1.0417991944180438,0.9401233290928871
2010-11-16,1.033975098692088,0.9325563821453696
2010-11-17,1.0339328543981636,0.9320539059391044
2010-11-18,1.0408873656995863,0.9383220893215952
2010-11-19,1.0415912457294807,0.9383086408699352
2010-11-22,1.0392191189994344,0.9361712779100254
2010-11-23,1.0398826207782967,0.9363076733346395
2010-11-24,1.0404794499739025,0.9365490366613685
2010-11-26,1.0345169956801503,0.9308197664073365
2010-11-29,1.0413500137821454,0.9366076899730262
2010-11-30,1.0490447501517126,0.9433742038852426
2010-12-01,1.0462300180456092,0.9406318736621089
2010-12-02,1.0497238925608499,0.9435228454007855
2010-12-03,1.0537221664939782,0.9468771386714354
2010-12-06,1.05612364990246,0.9487382071741314
2010-12-07,1.0505956626722674,0.9435573341341655
2010-12-08,1.0471048090993043,0.9402092464208158
2010-12-09,1.0488398013557363,0.9416003069698542
2010-12-10,1.049756669716508,0.9421710777351175
2010-12-13,1.05024963068774,0.9423625419358453
2010-12-14,1.0513096098662997,0.9430626084894654
2010-12-15,1.0463277186255062,0.9383668357702066
2010-12-16,1.0480801946307539,0.9395321366885571
2010-12-17,1.0496834657850331,0.9406893324699988
2010-12-20,1.0526096232847637,0.9433100739080076
2010-12-21,1.05711014838373,0.9471511620679466
2010-12-22,1.0596401180578474,0.9493420862386713
2010-12-23,1.058953998925816,0.9487144182196607
2010-12-27,1.0592214377822988,0.9489460971958497
2010-12-28,1.0638923894219865,0.9531269022158785
2010-12-29,1.06630441756333,0.9552850979785947
2010-12-30,1.064033543717491,0.9530827377865037
2010-12-31,1.070278140453626,0.9586744219002278
2011-01-03,1.0731919854677592,0.9608718640238586
2011-01-04,1.0686103133519556,0.9567114998379
2011-01-05,1.0668170978042066,0.9550374776072272
2011-01-06,1.062969469464249,0.9511826088525469
2011-01-07,1.0623645550683543,0.9504383403147257
2011-01-10,1.061751714697988,0.9496597700857777
2011-01-11,1.0641414009702748,0.9517511261838473
2011-01-12,1.067287896235575,0.9545349581850933
2011-01-13,1.0667838029695866,0.9539664554749797
2011-01-14,1.0682264388492075,0.9552207387945953
2011-01-18,1.0690298033326153,0.9559321641024704
2011-01-19,1.0645925355531518,0.9519625479484816
2011-01-20,1.059258260656927,0.9471867999469264
2011-01-21,1.0622510204302158,0.9497451904404107
2011-01-24,1.0647792941599579,0.9519849953616398
2011-01-25,1.0683014275565421,0.9551319621400676
2011-01-26,1.0668520080285548,0.9537659407460479
2011-01-27,1.0702688822564594,0.9567505827084912
2011-01-28,1.0632044905129887,0.9504269306733621
2011-01-31,1.066749612349996,0.9535632535812028
2011-02-01,1.0710861206531979,0.9572642531433966
2011-02-02,1.0710589376536648,0.9569090756805553
2011-02-03,1.0717950188036445,0.9574876315478088
2011-02-04,1.0735529332713947,0.9589789396641861
2011-02-07,1.0784143098782926,0.9633055077123109
2011-02-08,1.083889022649372,0.9681866841168673
2011-02-09,1.0800589263437728,0.9647639035924958
2011-02-10,1.0798826063314282,0.9644980198771691
2011-02-11,1.0829328628526134,0.9671140031597181
2011-02-14,1.0860197751481413,0.9698641929732691
2011-02-15,1.0846623011527168,0.9685405180344716
2011-02-16,1.0881277306846953,0.9716326949446992
2011-02-17,1.093416048957462,0.9763408860521957
2011-02-18,1.097963437851005,0.9803935670508569
2011-02-22,1.0897457206902696,0.9728542485281926
2011-02-23,1.0913365086411964,0.9739821420415006
2011-02-24,1.0887566752097837,0.9716657656851948
2011-02-25,1.0969004402826363,0.9788720322568418
2011-02-28,1.1024628447546987,0.9837736504948467
2011-03-01,1.100413760054387,0.9819390705886601
2011-03-02,1.0983947416883837,0.9800467256178221
2011-03-03,1.098883124581185,0.9803973932273027
2011-03-04,1.100799054778672,0.9820369035502207
2011-03-07,1.0983008206988363,0.9797444576120776
2011-03-08,1.0975406825732292,0.9788850122734514
2011-03-09,1.0984105568696383,0.9794716337837573
2011-03-10,1.092681389599384,0.9742991854369266
2011-03-11,1.0922487254736581,0.9735040062435617
2011-03-14,1.0939310109811038,0.9749383227289165
2011-03-15,1.088817028563144,0.9703796477295498
2011-03-16,1.093328477632186,0.9743353632954337
2011-03-17,1.094048722232798,0.9749706672369588
2011-03-18,1.0969635872685501,0.9775657197017654
2011-03-21,1.0964217217641612,0.977081382586986
2011-03-22,1.0984152390718136,0.9786229562540519
2011-03-23,1.1003938292754751,0.9803822698339004
2011-03-24,1.0977204931480835,0.9779991814767324
2011-03-25,1.0969857681817825,0.9772330390450981
2011-03-28,1.0953905341385475,0.9757665092250352
2011-03-29,1.0946045374908557,0.9750620083448147
2011-03-30,1.0997798195010466,0.9791860318636603
2011-03-31,1.1006766126912324,0.9794493073206367
2011-04-01,1.1041164823376413,0.9820678544953114
2011-04-04,1.1083868001506385,0.9856286505430175
2011-04-05,1.1090894606079136,0.9859866200874703
2011-04-06,1.1092649479240526,0.9858756638174079
2011-04-07,1.108393142411319,0.9850070004268607
2011-04-08,1.1130434259132063,0.9888866181732112
2011-04-11,1.106388715607098,0.9829711443501884
2011-04-12,1.0977893061066104,0.9753258247684004
2011-04-13,1.100766319134111,0.9775059619352489
2011-04-14,1.1032172492576577,0.9796163204305758
2011-04-15,1.1084632394195761,0.9842082997258469
2011-04-18,1.1056867084576985,0.9816762350333263
2011-04-19,1.1095958466324374,0.9850440347414533
2011-04-20,1.1152142881550933,0.9899317364136744
2011-04-21,1.1187179631809097,0.9930382319602613
2011-04-25,1.119388626633136,0.9936323982623433
2011-04-26,1.122888932715188,0.9967367067247741
2011-04-27,1.1269960125967868,1.0003757600198073
2011-04-28,1.130261588396645,1.003259663032745
2011-04-29,1.132839668856838,1.0055446996461441
2011-05-02,1.130122696415251,1.0031300530440044
2011-05-03,1.1261826283916652,0.9996255064270683
2011-05-04,1.123058243218054,0.9968088942837683
2011-05-05,1.1206036872265994,0.9945761525157687
2011-05-06,1.1209149167416825,0.9947843169277302
2011-05-09,1.1236585695517545,0.9971606477701299
2011-05-10,1.1243637742379489,0.9977835765251764
2011-05-11,1.122397300432504,0.9960340214658798
2011-05-12,1.121316627530852,0.9949727726882894
2011-05-13,1.1216423211355204,0.9952582684807881
2011-05-16,1.1229186332835634,0.9963842332334042
2011-05-17,1.12485021325624,0.9979753538120465
2011-05-18,1.1233293880707784,0.9966210660869993
2011-05-19,1.1233505371252306,0.9965641306440504
2011-05-20,1.1225941931588657,0.9958818927885265
2011-05-23,1.1222504404169709,0.9954930599155688
2011-05-24,1.122654486593225,0.9957887498389678
2011-05-25,1.1212573033355078,0.9943382944993391
2011-05-26,1.124708590385144,0.9973206406528159
2011-05-27,1.1254406016646676,0.9979654261955556
2011-05-31,1.1268909478226818,0.9990516094475135
2011-06-01,1.1236593961728214,0.9960297004900004
2011-06-02,1.1156037693280383,0.9884916323168641
2011-06-03,1.1183178401522207,0.9907587117306376
2011-06-06,1.1170098711101244,0.9895987000611269
2011-06-07,1.1198493428018719,0.9921114910283674
2011-06-08,1.1210848316847268,0.9932023162799694
2011-06-09,1.119358338711765,0.9916711054139828
2011-06-10,1.1179863323852102,0.9904337255812389
2011-06-13,1.115484266201443,0.9880879961102356
2011-06-14,1.110607043396937,0.9835587863807014
2011-06-15,1.1134999307994229,0.9856602910718347
2011-06-16,1.1135651720000983,0.9852361732929723
2011-06-17,1.1133361517239027,0.9850253760581164
2011-06-20,1.1129433980968835,0.9846760917703911
2011-06-21,1.1124166938188584,0.9842058613747634
2011-06-22,1.1124879083873658,0.984147570086609
2011-06-23,1.1118114424261663,0.9835483772859628
2011-06-24,1.1119259349927944,0.9834770224312012
2011-06-27,1.1076974601644751,0.9797349729126886
2011-06-28,1.102259440709067,0.9748251140977605
2011-06-29,1.100967132678871,0.9728575247647941
2011-06-30,1.1101038271115535,0.9800973978312901
2011-07-01,1.1221893870289004,0.9907639048269431
2011-07-05,1.122951963010543,0.9914335142997692
2011-07-06,1.122718397109544,0.9912266024505745
2011-07-07,1.1290105260735313,0.9964461671106282
2011-07-08,1.1285333519058944,0.9956931355814848
2011-07-11,1.125180823747351,0.9924469295206353
2011-07-12,1.1261299102495945,0.9931736505574805
2011-07-13,1.1291458315853724,0.9958126998896664
2011-07-14,1.1240438585633128,0.991238833373267
2011-07-15,1.1269253023695163,0.9937058273351079
2011-07-18,1.1245914287608902,0.9915706063950713
2011-07-19,1.126744259395831,0.9933264151338699
2011-07-20,1.1267162477756145,0.9931610124466301
2011-07-21,1.1283367163930293,0.9944907463796746
2011-07-22,1.1322014589819773,0.9978312343489921
2011-07-25,1.1280159623977752,0.9940744876979666
2011-07-26,1.1313214122372104,0.9969197150149598
2011-07-27,1.1213554834611092,0.988132548087539
2011-07-28,1.1226529743103892,0.9891612721389408
2011-07-29,1.1290354115168975,0.9947088447981584
2011-08-01,1.1297731291600963,0.9953159505202008
2011-08-02,1.1365536644277021,1.0012275984413617
2011-08-03,1.1380780911295756,1.002359392284652
2011-08-04,1.1427145288245795,1.0064427833814635
2011-08-05,1.1329612502686253,0.9977033052107752
2011-08-08,1.1398288989019818,1.0036030559287308
2011-08-09,1.1449951197096964,1.0081305015934516
2011-08-10,1.161435771181653,1.0225584928826932
2011-08-11,1.1383584131482456,1.0021915969282267
2011-08-12,1.144188629275707,1.007042048917652
2011-08-15,1.147038402165165,1.0092817503265763
2011-08-16,1.1536877368118987,1.0151305160599169
2011-08-17,1.1583305573286873,1.0192131580902994
2011-08-18,1.1654673081480182,1.0254911906210509
2011-08-19,1.1717866852533332,1.031048287284715
2011-08-22,1.17538040624647,1.0342082300846054
2011-08-23,1.1598795182205737,1.020564909192554
2011-08-24,1.1407596678314946,1.003468186293197
2011-08-25,1.1449797804435826,1.0071017651369507
2011-08-26,1.1538450864818004,1.0148203389605945
2011-08-29,1.145646043108387,1.007606183060502
2011-08-30,1.1573022229435703,1.0178553736594038
2011-08-31,1.1543161572981595,1.0151490204604738
2011-09-01,1.1562852292611006,1.0164960843175594
2011-09-02,1.1645062138004445,1.0235240319977317
2011-09-06,1.168461269062733,1.0269579945987242
2011-09-07,1.160964498685747,1.020265024381054
2011-09-08,1.1641158375571918,1.0228528621012105
2011-09-09,1.16336634749983,1.0220966377659373
2011-09-12,1.1586217643515924,1.0177912320552174
2011-09-13,1.158526765756758,1.0176613752035975
2011-09-14,1.1570542792797789,1.016280498163683
2011-09-15,1.154760410478005,1.014123254709874
2011-09-16,1.1566355684025706,1.0157066715983232
2011-09-19,1.1568101299351057,1.0157975730721678
2011-09-20,1.1581236255473994,1.0168409727732894
2011-09-21,1.158133899434249,1.0168491732682832
2011-09-22,1.1639118340828591,1.0218236812489114
2011-09-23,1.1570573359041036,1.0156896169459404
2011-09-26,1.1536549507193146,1.012694009727065
2011-09-27,1.148985976598798,1.0085936511216933
2011-09-28,1.1478355442474635,1.007339888283078
2011-09-29,1.1477511782974326,1.0066585381286808
2011-09-30,1.163697654160718,1.0206431100766393
2011-10-03,1.173147869661623,1.0283530984726403
2011-10-04,1.1667746536477936,1.022514865427974
2011-10-05,1.1624851537207688,1.0185055212129877
2011-10-06,1.1517798943338546,1.0085444431137651
2011-10-07,1.152102808351966,1.008825637066692
2011-10-10,1.1344241929857652,0.9933388836826675
2011-10-11,1.130264409334714,0.9892204453821393
2011-10-12,1.1270536307263517,0.9862146264043126
2011-10-13,1.1221379162598386,0.9812919418285491
2011-10-14,1.1358508105041394,0.9931286930930383
2011-10-17,1.1167725267938124,0.9761902645731615
2011-10-18,1.1333233013036026,0.9905309857765702
2011-10-19,1.1192570112819826,0.9781099075038835
2011-10-20,1.121898037682254,0.9800053167407825
2011-10-21,1.1351175097579194,0.991486029389433
2011-10-24,1.155207459708263,1.0089657134022514
2011-10-25,1.1481206404705449,1.0027660953352224
2011-10-26,1.1493188945303439,1.0033507199401663
2011-10-27,1.1733882394664934,1.0239764990740987
2011-10-28,1.1738790544989781,1.0243661237487465
2011-10-31,1.1611853304047852,1.0132872742387216
2011-11-01,1.1558225089525997,1.0082437502372998
2011-11-02,1.1623814826215322,1.0139158533783792
2011-11-03,1.1670219441056664,1.0179592648370939
2011-11-04,1.1653911086533266,1.016487260911361
2011-11-07,1.168339239388444,1.0190087386025095
2011-11-08,1.1674761027122795,1.0182535478860701
2011-11-09,1.1544570035417587,1.00684731755269
2011-11-10,1.152545326838207,1.0050220928798927
2011-11-11,1.155879077888267,1.0079234597870372
2011-11-14,1.1517351351763951,1.0041493733931552
2011-11-15,1.1531476731613557,1.0052231718440372
2011-11-16,1.149885752736915,1.002378444246229
2011-11-17,1.1416149860009588,0.994828327816255
2011-11-18,1.1404070227247967,0.9936265875184549
2011-11-21,1.1383427386287692,0.9918274048813227
2011-11-22,1.1403756895315833,0.993511007915733
2011-11-23,1.1434454673865755,0.996183747698465
2011-11-25,1.1423390756573186,0.995216012656353
2011-11-28,1.1427935856343383,0.9956053471149494
2011-11-29,1.1428257865371645,0.9956218183077972
2011-11-30,1.1378050518946177,0.9912451107971334
2011-12-01,1.1340789388984425,0.9873685222755423
2011-12-02,1.1390016329235995,0.9914902485672741
2011-12-05,1.1399963230606287,0.9918114803924846
2011-12-06,1.1381698723893636,0.9901399013129987
2011-12-07,1.139144955079421,0.9909173922170464
2011-12-08,1.1321483134385861,0.9846534703260245
2011-12-09,1.1330021959906487,0.9852084797240804
2011-12-12,1.1297054508119482,0.9822468610416892
2011-12-13,1.1332429964214505,0.9852280783944625
2011-12-14,1.132834770207983,0.9847916765862723
2011-12-15,1.1309387107450453,0.9830755698959042
2011-12-16,1.1354615754939226,0.9867324060021316
2011-12-19,1.1377703903058878,0.9887341538010301
2011-12-20,1.1366528638574946,0.987760379885831
2011-12-21,1.1338286460257025,0.9852568351893244
2011-12-22,1.1377703804642212,0.9886382732851358
2011-12-23,1.1377086922604145,0.9885227117197948
2011-12-27,1.139951555507336,0.990420644882368
2011-12-28,1.1384440221342789,0.9891058382860846
2011-12-29,1.140944292581625,0.9912102118895704
2011-12-30,1.1406691902363062,0.9909382006462955
2012-01-03,1.143297542194994,0.9931925151929595
2012-01-04,1.140671194165733,0.9908027668420215
2012-01-05,1.1404955855053798,0.9905356920876526
2012-01-06,1.1406608275476364,0.9906624350088812
2012-01-09,1.1399250080543857,0.9900062531833081
2012-01-10,1.1431321400787169,0.9927881890571467
2012-01-11,1.1451624888766472,0.9945463672778267
2012-01-12,1.1435968487501273,0.993090373975576
2012-01-13,1.145125060759722,0.9943813502625442
2012-01-17,1.1479078340252837,0.9967751593480872
2012-01-18,1.1484884586928419,0.9972244544650871
2012-01-19,1.1473784916135172,0.9962552756028638
2012-01-20,1.1469886083573109,0.9957605212902635
2012-01-23,1.1478952212666644,0.9965076171245002
2012-01-24,1.148197826196827,0.9963267328907689
2012-01-25,1.1605747349674087,1.006997110983102
2012-01-26,1.1638541682567956,1.009379885021431
2012-01-27,1.165797722268742,1.0110599773452904
2012-01-30,1.1636429360566847,1.0091820924208081
2012-01-31,1.167241953799357,1.0122413200664646
2012-02-01,1.1700999654294357,1.0147030061399112
2012-02-02,1.1722277443077564,1.0165441836812859
2012-02-03,1.1722301542556965,1.0165239586917416
2012-02-06,1.1721626116036545,1.01640706912693
2012-02-07,1.173496122242902,1.0175348875377623
2012-02-08,1.1738123559819238,1.0178057897988246
2012-02-09,1.1719003965273964,1.0161409481263588
2012-02-10,1.1668071468764425,1.011717537929055
2012-02-13,1.1712099690476379,1.0155239601791746
2012-02-14,1.1701146219038805,1.0145378895968882
2012-02-15,1.1691204105316508,1.0136657107789253
2012-02-16,1.172344043800154,1.016453941171388
2012-02-17,1.1720837657794172,1.016217201930316
2012-02-21,1.1735395040266356,1.0174741880564215
2012-02-22,1.1761543228753208,1.0194040888337648
2012-02-23,1.1801773093603565,1.0225332583677444
2012-02-24,1.1824754609441526,1.024466028388169
2012-02-27,1.1827346210368022,1.024685549353324
2012-02-28,1.1856500950302769,1.027144993165664
2012-02-29,1.17947611234603,1.0217358770980445
2012-03-01,1.1812328146800453,1.0232063245526302
2012-03-02,1.178576599781253,1.0208480055564224
2012-03-05,1.17429109109383,1.016987185839426
2012-03-06,1.1663344650320122,1.0100214094343065
2012-03-07,1.1656665656327712,1.009052188804955
2012-03-08,1.1651462124448375,1.008482666276747
2012-03-09,1.1678362696383604,1.0103743709339408
2012-03-12,1.1645106813799593,1.0074605156518077
2012-03-13,1.1707449661125233,1.0127549663990238
2012-03-14,1.1673499467814872,1.0094941579769008
2012-03-15,1.1677132162391677,1.0098062231913811
2012-03-16,1.168537027579557,1.0105138669474272
2012-03-19,1.1702669173285292,1.0117565115761924
2012-03-20,1.1628420889943791,1.0050225684921494
2012-03-21,1.1612108511784325,1.0033814101918224
2012-03-22,1.153826120607021,0.9967328366503705
2012-03-23,1.1531949427936488,0.995864758337646
2012-03-26,1.1660078337694193,1.0063145845489416
2012-03-27,1.164711569383449,1.0048505197679702
2012-03-28,1.1599648761291534,1.00045489073198
2012-03-29,1.1583769664028025,0.9987015744938245
2012-03-30,1.1580677455746033,0.997825438355075
2012-04-02,1.1676868639284061,1.0053223245427225
2012-04-03,1.160285466240748,0.9983439386521639
2012-04-04,1.148250493650519,0.9872892231117162
2012-04-05,1.1486123182693644,0.987161917641153
2012-04-09,1.139982306277547,0.9797434367898535
2012-04-10,1.1386920583209748,0.97793131712309
2012-04-11,1.1369091260919273,0.9763023213098776
2012-04-12,1.1345601851732268,0.9742841644961113
2012-04-13,1.1366465112656172,0.9757616204269142
2012-04-16,1.1356739518383603,0.9746121031186861
2012-04-17,1.1372172397890576,0.9757427419060768
2012-04-18,1.1368802693433055,0.9751882012652717
2012-04-19,1.136406838356113,0.9746875361512884
2012-04-20,1.138039225358786,0.9760861234313221
2012-04-23,1.137679011602123,0.9757758667898733
2012-04-24,1.13794147309996,0.9759993322661588
2012-04-25,1.1409194427275033,0.9785513650263185
2012-04-26,1.1430178045643073,0.9803461074977672
2012-04-27,1.144221282358493,0.9812366216814162
2012-04-30,1.1436055708172417,0.9806578718245829
2012-05-01,1.1447945794517542,0.9816244950017371
2012-05-02,1.145401860025317,0.9820565085433388
2012-05-03,1.143043299180716,0.9798978750206127
2012-05-04,1.141542880196909,0.9785554936946489
2012-05-07,1.143221665330675,0.9798404058638266
2012-05-08,1.144710905762827,0.9811131233804602
2012-05-09,1.1443217148816016,0.9807765055917234
2012-05-10,1.143267354416657,0.9798560748517479
2012-05-11,1.1458440012421114,0.9820634172968893
2012-05-14,1.1460805289228053,0.9822592714158044
2012-05-15,1.1460730115051851,0.9822410905616501
2012-05-16,1.1458079923752262,0.9818438049668164
2012-05-17,1.145631739781561,0.9816088860765836
2012-05-18,1.1442938223673003,0.9802216442873594
2012-05-21,1.1429728806826467,0.9790897441119212
2012-05-22,1.142885005322899,0.9790084499289617
2012-05-23,1.1456462702711672,0.981360108604604
2012-05-24,1.145683299088964,0.981390189710766
2012-05-25,1.1476674150586743,0.9830862106470805
2012-05-29,1.1466211061186236,0.9821887428587135
2012-05-30,1.154573427300019,0.9889981536007129
2012-05-31,1.15940259985445,0.992891695148774
2012-06-01,1.1641041064245896,0.996909357827539
2012-06-04,1.1591472061219723,0.9925980129191634
2012-06-05,1.1570300095603407,0.9907749141379368
2012-06-06,1.1512266856823217,0.9858023422107908
2012-06-07,1.1492151075333636,0.9838602304272106
2012-06-08,1.1506977848821929,0.9848783786859466
2012-06-11,1.151843191542611,0.9858548467350287
2012-06-12,1.149724333951822,0.9839744488834858
2012-06-13,1.151705572646193,0.9855328588674803
2012-06-14,1.1501484176015788,0.9841011748516166
2012-06-15,1.1528119803381895,0.9861953942836638
2012-06-18,1.1536697983488176,0.9868017383012356
2012-06-19,1.1545724503936623,0.9875682470057876
2012-06-20,1.1543038460665749,0.9872992054476564
2012-06-21,1.1473652640156997,0.9813590991459902
2012-06-22,1.1469791064958712,0.9809011281587253
2012-06-25,1.1464634991893499,0.9803325537697065
2012-06-26,1.145624761308684,0.9794592187491341
2012-06-27,1.1485634469161643,0.9818242155780506
2012-06-28,1.1500050326653033,0.9828911377020286
2012-06-29,1.1522360003432361,0.9847604817608654
2012-07-02,1.1558126812912697,0.9876237629039496
2012-07-03,1.1586081582540861,0.9899497909883638
2012-07-05,1.156537405787857,0.988116133686233
2012-07-06,1.1555330312101626,0.987097743421901
2012-07-09,1.1564739239146935,0.987833249924821
2012-07-10,1.1542744084452967,0.9859299586501287
2012-07-11,1.1563220720403597,0.987677110637608
2012-07-12,1.1572688042460484,0.9884851323534296
2012-07-13,1.159971649948269,0.9907592766584569
2012-07-16,1.1606435663096093,0.9912987294323675
2012-07-17,1.1621858712880861,0.9926139054429248
2012-07-18,1.1652692364977095,0.9952459604780889
2012-07-19,1.1666270705259907,0.9964000122506923
2012-07-20,1.165707216024925,0.9956110031946512
2012-07-23,1.1616802693910948,0.9921674405070837
2012-07-24,1.1622681958632723,0.992593985414504
2012-07-25,1.1621311578916196,0.9924220180940726
2012-07-26,1.1627940657665392,0.9929348398701704
2012-07-27,1.164445648242,0.9941873518654508
2012-07-30,1.1666290535056136,0.996042299757694
2012-07-31,1.1656963946805206,0.995245677588136
2012-08-01,1.1640174888594317,0.9938085728340849
2012-08-02,1.161929639356637,0.9919282816195466
2012-08-03,1.1639332228115575,0.9935579732213452
2012-08-06,1.1662881103187668,0.995402977140165
2012-08-07,1.1642608053164936,0.9936610021178379
2012-08-08,1.1627585588696747,0.9923681660640827
2012-08-09,1.1636080840856662,0.9926859916699966
2012-08-10,1.1652095361578738,0.994044977744958
2012-08-13,1.1613209143090533,0.9907219055840176
2012-08-14,1.1597351082761223,0.9893675516709171
2012-08-15,1.158766327091664,0.9881797573419869
2012-08-16,1.1675006057898765,0.9956260511117833
2012-08-17,1.1677915610059546,0.9957233527990637
2012-08-20,1.170351811636001,0.9978999592636085
2012-08-21,1.174988333574873,1.0016993889677386
2012-08-22,1.1783842136646687,1.0044378497848971
2012-08-23,1.1781957127812566,1.0041201561752435
2012-08-24,1.1813479418598074,1.0068026400048788
2012-08-27,1.1808216308592991,1.0059591021368068
2012-08-28,1.1819576959696627,1.0066034296583128
2012-08-29,1.1800601135921105,1.004948830252617
2012-08-30,1.1781581721345002,1.0033268559773023
2012-08-31,1.1870075510229625,1.0108598229067154
2012-09-04,1.1872348726896382,1.0109912179861893
2012-09-05,1.1864733614147458,1.010316549796075
2012-09-06,1.1876304824905248,1.0112584369461302
2012-09-07,1.1936848625713048,1.016347865556434
2012-09-10,1.1901252692050417,1.0132761137977553
2012-09-11,1.1934854900583234,1.0161319166772596
2012-09-12,1.193557576358578,1.0161879052642318
2012-09-13,1.2094365935661469,1.0293872608330206
2012-09-14,1.2093312796667297,1.0289784678821539
2012-09-17,1.2039807640281097,1.024106867384446
2012-09-18,1.2049979206295955,1.0249624450954908
2012-09-19,1.2053031463285175,1.0249068594824098
2012-09-20,1.2015163663968151,1.021681930722383
2012-09-21,1.2025605154505365,1.02247278499722
2012-09-24,1.2013582719159521,1.0214488656017693
2012-09-25,1.1976921556382174,1.0183247353528158
2012-09-26,1.1977940111725565,1.0182323980183292
2012-09-27,1.2025031599303346,1.0222329789569462
2012-09-28,1.2003429404875232,1.0202478114201246
2012-10-01,1.2028294092617764,1.0221589556528028
2012-10-02,1.2033489667461172,1.0225355481066265
2012-10-03,1.2032764811097199,1.0224724386355224
2012-10-04,1.2056770892183393,1.0243614293131913
2012-10-05,1.2032957469380707,1.0222766968106174
2012-10-08,1.2019119766792854,1.021093651173496
2012-10-09,1.1976569836111854,1.0174613635054808
2012-10-10,1.197199673247311,1.0168472299456428
2012-10-11,1.2001927346290324,1.0191245276355547
2012-10-12,1.1997814838683805,1.0185356233665879
2012-10-15,1.2022927734232924,1.0205436882245715
2012-10-16,1.2031767280007197,1.021221073403883
2012-10-17,1.2036177815408902,1.0214921261603271
2012-10-18,1.2012902744975538,1.0191380170998041
2012-10-19,1.1935631866143668,1.0124393431624858
2012-10-22,1.1927291009977854,1.011286350098941
2012-10-23,1.189081704538153,1.007748837212984
2012-10-24,1.1870339189220551,1.0055737687195814
2012-10-25,1.1849704276562183,1.0035934894163385
2012-10-26,1.186669593415171,1.004549197928439
2012-10-31,1.188602604842861,1.0056549830517787
2012-11-01,1.186316831449837,1.0035554711738273
2012-11-02,1.1860767446339222,1.0032402979532526
2012-11-05,1.187057021165051,1.003852557978836
2012-11-06,1.1836176833427658,1.0008395655690232
2012-11-07,1.1772496682550044,0.9946960717604078
2012-11-08,1.180047609180864,0.996335378467988
2012-11-09,1.1805228096901685,0.9967342092306848
2012-11-12,1.1806806553338955,0.9968668364590976
2012-11-13,1.1827034746858716,0.9985706617951489
2012-11-14,1.1828564751948911,0.9986767546889894
2012-11-15,1.1819147424312437,0.9978798516682884
2012-11-16,1.1827113981233812,0.9985387335642275
2012-11-19,1.180904523452163,0.9970089972734101
2012-11-20,1.1774575757467365,0.9939005230442398
2012-11-21,1.176815030733544,0.9932143908892238
2012-11-23,1.1767269807703056,0.9925826697077713
2012-11-26,1.1769648472784455,0.9919999371821391
2012-11-27,1.1761169755156475,0.9912812444631984
2012-11-28,1.174522234678384,0.9897526716667866
2012-11-29,1.1787956497614618,0.9930891457013645
2012-11-30,1.1772825125170314,0.9916989495267696
2012-12-03,1.1786942002755976,0.9926082961841038
2012-12-04,1.1789694340597825,0.9928375329357577
2012-12-05,1.180321321114611,0.9939650380877938
2012-12-06,1.1818041535552006,0.9952092026886804
2012-12-07,1.180803851730775,0.9943398021787236
2012-12-10,1.182071493375006,0.9954041890622665
2012-12-11,1.1816916438958225,0.9950834843024025
2012-12-12,1.1819263891680107,0.9950121440630624
2012-12-13,1.1742319968714598,0.9880901402790879
2012-12-14,1.1745058504016581,0.9882394481666512
2012-12-17,1.180612097615761,0.9933737478347545
2012-12-18,1.187990896561402,0.999498555113678
2012-12-19,1.1880913807685671,0.9995736005607135
2012-12-20,1.1952687211768758,1.0056101969343685
2012-12-21,1.1883669124854659,0.9997985216238024
2012-12-24,1.1854916217931046,0.9973756828387801
2012-12-26,1.1881050188669386,0.9995708992611568
2012-12-27,1.1912004975858106,1.0021702070271226
2012-12-28,1.1880983948145132,0.9992392580388108
2012-12-31,1.19048605321221,1.0008831753033496
2013-01-02,1.2079633486263142,1.0149861924040666
2013-01-03,1.2026180932522859,1.010169491491957
2013-01-04,1.2051834824633374,1.0120005268813883
2013-01-07,1.203032536076037,1.0101908836498525
2013-01-08,1.2009574768697344,1.0084451214920676
2013-01-09,1.204244915262622,1.011202999514118
2013-01-10,1.2057655170131765,1.012471519188633
2013-01-11,1.2050156267408783,1.0115608979198087
2013-01-14,1.2052584779914675,1.01142128739913
2013-01-15,1.2043541391461956,1.010318963250457
2013-01-16,1.2037347642356153,1.009658890166074
2013-01-17,1.206692096229364,1.0116970692702265
2013-01-18,1.208659768328607,1.0129411675997648
2013-01-22,1.2113420286945416,1.014989786292517
2013-01-23,1.209356260518152,1.0133076559708443
2013-01-24,1.2081799688899544,1.0119838119066398
2013-01-25,1.2091871125590774,1.01242242128004
2013-01-28,1.2071945194672216,1.0105417600932192
2013-01-29,1.210432309941018,1.0130683650374377
2013-01-30,1.2067124490169083,1.0097760756070822
2013-01-31,1.1997435226269155,1.003508124072153
2013-02-01,1.208391738677062,1.01055577812937
2013-02-04,1.1980413146722046,1.0015892935259294
2013-02-05,1.2017418266858553,1.004532778424737
2013-02-06,1.2036908322869935,1.0061577415088239
2013-02-07,1.1967718264114868,1.0003700378107447
2013-02-08,1.2002933324477678,1.0030477890712461
2013-02-11,1.2011104005568634,1.0035833089362534
2013-02-12,1.2040600341466354,1.0059680044784283
2013-02-13,1.2043124479105787,1.006170368970787
2013-02-14,1.203897377172819,1.0058226051719923
2013-02-15,1.201184572950581,1.0035532543824268
2013-02-19,1.2080466877961096,1.0092794396981044
2013-02-20,1.2019148906182853,1.0041520024878727
2013-02-21,1.1971087990930913,1.0000085700102879
2013-02-22,1.203405306917378,1.0050909380402788
2013-02-25,1.2006460558687977,1.002223871148756
2013-02-26,1.1997463764252427,1.0009373904349268
2013-02-27,1.1991241101068555,1.0002403174620473
2013-02-28,1.200265857594216,1.0010609448832097
2013-03-01,1.202730360677362,1.003113108012839
2013-03-04,1.2028962790781312,1.0032480218883149
2013-03-05,1.203498345901664,1.0037487009971677
2013-03-06,1.202332044416861,1.0027282816682441
2013-03-07,1.2002263782596492,1.0009167572983386
2013-03-08,1.205077476477013,1.0044429234917553
2013-03-11,1.2045877371183067,1.0039991308261762
2013-03-12,1.2013568570837576,1.001300166327145
2013-03-13,1.202827939073395,1.0024188922355515
2013-03-14,1.2065927369516631,1.0055557010977794
2013-03-15,1.205695326820353,1.0048029745787241
2013-03-18,1.2052105420646033,1.0040238149365048
2013-03-19,1.2054095831294729,1.0039929074790865
2013-03-20,1.204900105489197,1.003462060580744
2013-03-21,1.203729213819034,1.0024332865054795
2013-03-22,1.2040841988266988,1.002676892090194
2013-03-25,1.2034546961986619,1.002147259528208
2013-03-26,1.2062476955257386,1.0044223997176869
2013-03-27,1.2085962336989056,1.0063344694988046
2013-03-28,1.2085409840209949,1.0062448642488495
2013-04-01,1.208151834945007,1.0058770059720867
2013-04-02,1.2072372856050932,1.0050717427276272
2013-04-03,1.2063390756025338,1.004264879964407
2013-04-04,1.2102521303086797,1.0074778101173005
2013-04-05,1.2131271499139973,1.0098163277265202
2013-04-08,1.213764068992412,1.0101838064957132
2013-04-09,1.21478920259775,1.0108449060896427
2013-04-10,1.2159989905281439,1.0117410590093119
2013-04-11,1.2170145956515779,1.0125766283658313
2013-04-12,1.2204329039439221,1.0153795786922113
2013-04-15,1.2143764270737523,1.0103292044242793
2013-04-16,1.217711082598803,1.0130295265544866
2013-04-17,1.2148722251251358,1.0106048958235678
2013-04-18,1.2146530947102192,1.010307608960634
2013-04-19,1.2161526364758757,1.0115533008029725
2013-04-22,1.2172454122956406,1.0123444646647828
2013-04-23,1.2201399692203103,1.014633914980396
2013-04-24,1.2213291928009211,1.015516026373169
2013-04-25,1.2218304039776908,1.0158902588849608
2013-04-26,1.2222432548687896,1.0162033843604454
2013-04-29,1.2251683931379396,1.0185039061862764
2013-04-30,1.2267798078189673,1.0198091486119103
2013-05-01,1.2252975905648358,1.0185651441866588
2013-05-02,1.2285596972438324,1.0212445129255558
2013-05-03,1.2263115114499719,1.0193458243758071
2013-05-06,1.2263705462376788,1.0193638277390225
2013-05-07,1.227731724055594,1.0201133725206737
2013-05-08,1.232511251934294,1.0240833861833234
2013-05-09,1.2273995407076754,1.019831818555763
2013-05-10,1.2267428576580741,1.0189996613264136
2013-05-13,1.2247409460547822,1.017322831429967
2013-05-14,1.2282375735611388,1.0202175290469202
2013-05-15,1.2318306062040643,1.0231997177092818
2013-05-16,1.230598982897437,1.0221749281757304
2013-05-17,1.2363522659278678,1.0269502912671444
2013-05-20,1.2370096874106733,1.0274912837883077
2013-05-21,1.2382365188736129,1.028508066357631
2013-05-22,1.2284113069127836,1.0203418940980966
2013-05-23,1.220294482516812,1.013582088117791
2013-05-24,1.2164134429592028,1.009836824230945
2013-05-28,1.2256518775846421,1.0173008964891082
2013-05-29,1.2143678198878267,1.0079331658475053
2013-05-30,1.2109630352584333,1.0049469140026885
2013-05-31,1.1935839688138592,0.9898907255542629
2013-06-03,1.1906171967114185,0.9868015216583581
2013-06-04,1.1848937777918453,0.98143109601567
2013-06-05,1.1683041637602511,0.9676901486103705
2013-06-06,1.1683041637602511,0.9672063035360654
2013-06-07,1.187069343358357,0.9822578671304795
2013-06-10,1.1850758908917287,0.9799782689122509
2013-06-11,1.1746028309415986,0.9713163445692761
2013-06-12,1.1829455998840548,0.9775907828064954
2013-06-13,1.1933742599710073,0.9862090675180036
2013-06-14,1.193843138427616,0.9859712070801719
2013-06-17,1.194530324782337,0.9859135479984461
2013-06-18,1.2029968530372932,0.9922902435213937
2013-06-19,1.1902848054796296,0.9817996448618359
2013-06-20,1.150928139292204,0.9487228327829038
2013-06-21,1.150928139292204,0.9482484713665125
2013-06-24,1.150928139292204,0.9482484713665125
2013-06-25,1.150928139292204,0.9482484713665125
2013-06-26,1.150928139292204,0.9482484713665125
2013-06-27,1.1504170588704064,0.9473532685142155
2013-06-28,1.1508631920314252,0.9474571167737773
2013-07-01,1.1536823542225998,0.9497745005601479
2013-07-02,1.1642308234342205,0.9584551151779028
2013-07-03,1.1667274741450417,0.9605090632424997
2013-07-05,1.1855611383010813,0.9760124092915378
2013-07-08,1.1850897883150062,0.9753274823207174
2013-07-09,1.192463629761255,0.9813855355367621
2013-07-10,1.1939084029403952,0.9822816051792369
2013-07-11,1.200457681611001,0.9874553753596066
2013-07-12,1.2001833885699473,0.9871445667641497
2013-07-15,1.2049883371838621,0.9910951004067381
2013-07-16,1.2017398789264264,0.9882399064146797
2013-07-17,1.2079721769370593,0.9931767706414537
2013-07-18,1.2104598221959124,0.9948370925363418
2013-07-19,1.2111551440053285,0.9951654340815272
2013-07-22,1.2116523641858699,0.9953315717025635
2013-07-23,1.212199408181418,0.9956374065581759
2013-07-24,1.2029025699293208,0.9879999015401644
2013-07-25,1.204524051800004,0.989327601185431
2013-07-26,1.2029685885554746,0.9880484331003611
2013-07-29,1.198931383746633,0.9847297025476934
2013-07-30,1.197371663774241,0.9834146868523443
2013-07-31,1.198288793137721,0.9841670018703199
2013-08-01,1.1985142795040395,0.9842859936325072
2013-08-02,1.2010897725121912,0.9859614016097725
2013-08-05,1.197954243889413,0.9829532798967623
2013-08-06,1.1924877707207193,0.9783083070344054
2013-08-07,1.1891719922759354,0.9753870633963921
2013-08-08,1.1935843360822198,0.978803011811249
2013-08-09,1.1942001939868365,0.9791888358325693
2013-08-12,1.1980942091154567,0.9822981610038921
2013-08-13,1.1965350049677106,0.9810168298703529
2013-08-14,1.1998536909800446,0.9832493887749121
2013-08-15,1.2002173647688987,0.9835431504734246
2013-08-16,1.2027181980483268,0.9853175663640195
2013-08-19,1.196421863563865,0.9799778417929621
2013-08-20,1.1897328596743721,0.9744972393097551
2013-08-21,1.1810185366221428,0.9670763569852833
2013-08-22,1.1877565576625737,0.9720973063078641
2013-08-23,1.2171830349006996,0.9961805249946215
2013-08-26,1.2168011582018863,0.9952090677269374
2013-08-27,1.235115179888059,1.0097887740762561
2013-08-28,1.2323754636457933,1.0072091060686128
2013-08-29,1.218091753964909,0.9951962619749005
2013-08-30,1.2142448743248522,0.9914707091310954
2013-09-03,1.2201250069353573,0.9962668013284658
2013-09-04,1.2078842426425187,0.986072545253761
2013-09-05,1.2075046551758568,0.9857601587903674
2013-09-06,1.2172185469934966,0.9935386868961854
2013-09-09,1.219964380130929,0.9955777210694968
2013-09-10,1.2182839616649148,0.9939944105444528
2013-09-11,1.2196484355507564,0.9948977154970087
2013-09-12,1.2097696422479605,0.986627002313173
2013-09-13,1.2121544331105216,0.9884241160624416
2013-09-16,1.2175222704737116,0.9927876393936901
2013-09-17,1.219856205197414,0.9945841623326878
2013-09-18,1.23955266156007,1.0102942754681805
2013-09-19,1.2347114073029466,1.0060050157434899
2013-09-20,1.2285649624759802,1.0008966698847126
2013-09-23,1.229645871402502,1.0017467999051715
2013-09-24,1.2299073859453475,1.0019559450773299
2013-09-25,1.2302439880219835,1.0022283011376762
2013-09-26,1.230649335689266,1.002557576700284
2013-09-27,1.2285371218762553,1.0008315527173097
2013-09-30,1.2239624924884527,0.9971036169631367
2013-10-01,1.2282783370407167,1.000617906390276
2013-10-02,1.2297302023758863,1.0017967891538082
2013-10-03,1.2263891741969373,0.9990742195358101
2013-10-04,1.228235726460722,1.000575180229359
2013-10-07,1.2259183145072081,0.9986786166923782
2013-10-08,1.2231836472934428,0.996336731407392
2013-10-09,1.221993827901636,0.9952076491272553
2013-10-10,1.2280990065068815,1.0000827611920822
2013-10-11,1.231154174904541,1.0024150084136842
2013-10-14,1.2305612865970659,1.001930782379674
2013-10-15,1.227897680744325,0.9996688732809095
2013-10-16,1.2371091225686532,1.007166714541229
2013-10-17,1.2452801358353132,1.0137235368859627
2013-10-18,1.2482094688153085,1.016104707557128
2013-10-21,1.2460841413425028,1.0143709537088657
2013-10-22,1.25406664495455,1.020837924197625
2013-10-23,1.251416092516907,1.018635498290292
2013-10-24,1.2522733303821916,1.019322704161439
2013-10-25,1.2541958760302307,1.0208828452400518
2013-10-28,1.2536697700342851,1.0204508597077604
2013-10-29,1.255062847055077,1.0215815905493326
2013-10-30,1.2509997300068365,1.0182729829081432
2013-10-31,1.247400856954207,1.0153329225779237
2013-11-01,1.245655763547817,1.013779352452916
2013-11-04,1.2472133299157522,1.0149297344878507
2013-11-05,1.2411223462517476,1.0098910952189117
2013-11-06,1.243297100160064,1.011535633128491
2013-11-07,1.2408638151817049,1.0095141964423688
2013-11-08,1.2385754596761167,1.0074837297890473
2013-11-11,1.236057541065637,1.0049348938977418
2013-11-12,1.2345446777709588,1.0036948595516226
2013-11-13,1.2375950578977595,1.0060333200065539
2013-11-14,1.2408213146290004,1.008511845099794
2013-11-15,1.2422312994892586,1.009210384089307
2013-11-18,1.2423439148506927,1.0093007962287766
2013-11-19,1.2397516668628563,1.007146589926229
2013-11-20,1.2381094561575057,1.005491910449948
2013-11-21,1.2418688616184175,1.0082143991113652
2013-11-22,1.2421497653188893,1.008295842434539
2013-11-25,1.2430713880156856,1.0088122327678786
2013-11-26,1.2431101397146092,1.0088379517543815
2013-11-27,1.243952644373052,1.009518380276393
2013-11-29,1.2440840272489186,1.0096239006056713
2013-12-02,1.2403457354738474,1.0062683917426898
2013-12-03,1.2375071298661129,1.0034066595346434
2013-12-04,1.2362474409539712,1.0020724967444108
2013-12-05,1.2332890434913633,0.999434117958284
2013-12-06,1.2390848165321777,1.0038335784024697
2013-12-09,1.241865654259079,1.0059678325941614
2013-12-10,1.2428281124479605,1.0067407108974997
2013-12-11,1.2349646211818406,1.0000926346004015
2013-12-12,1.2329953493561476,0.998268946504803
2013-12-13,1.232451711610097,0.9974680103240902
2013-12-16,1.2346263978464094,0.9988748967953748
2013-12-17,1.2348437850374665,0.9988791305254503
2013-12-18,1.2357722905407638,0.9992662904913879
2013-12-19,1.2321526598637873,0.9959753364439534
2013-12-20,1.2359101335760188,0.9988428462129014
2013-12-23,1.2370182672637007,0.9995301423519537
2013-12-24,1.236682290634956,0.9992553585330805
2013-12-26,1.2390501955643505,1.001071249194797
2013-12-27,1.2401545223018802,1.0018756445934671
2013-12-30,1.2403234107207217,1.001913968395977
2013-12-31,1.2405601164680762,1.002065564051947
2014-01-02,1.2317396674012606,0.9948585278578368
2014-01-03,1.2340370205047988,0.9964074974090025
2014-01-06,1.2347944939474078,0.9969676547781
2014-01-07,1.2358098712783674,0.9975581368646893
2014-01-08,1.233185204759558,0.9953848893526179
2014-01-09,1.2341061097225123,0.9957975258084669
2014-01-10,1.2396541612550815,1.0001541613839742
2014-01-13,1.2383633659913207,0.9988853249293681
2014-01-14,1.2388160485432338,0.9991087418626529
2014-01-15,1.2411255249018973,1.0008257590177665
2014-01-16,1.2423416649080161,1.0017781467388511
2014-01-17,1.243369483756677,1.002595214584757
2014-01-21,1.2435848754904075,1.0027649741780562
2014-01-22,1.2421696023255957,1.0016155781411715
2014-01-23,1.242348724750209,1.001724368002578
2014-01-24,1.2361018724255306,0.99655619938442
2014-01-27,1.2304051563010185,0.9915685633628045
2014-01-28,1.2343906326897691,0.9946742870792623
2014-01-29,1.2361772954043617,0.9958048429802662
2014-01-30,1.236586519920774,0.9958727977284637
2014-01-31,1.239074185531574,0.9975122416471068
2014-02-03,1.240151257471522,0.9983766523201069
2014-02-04,1.2382231387312654,0.9965966722897965
2014-02-05,1.2349131295180145,0.9939244984679987
2014-02-06,1.234962401887937,0.9939298427876783
2014-02-07,1.2391684094787263,0.9970994682478492
2014-02-10,1.2412499976500901,0.9986332074403446
2014-02-11,1.2413782327926701,0.9987334388174831
2014-02-12,1.2397352454988777,0.9973095790072899
2014-02-13,1.2445667444691386,1.001192211085596
2014-02-14,1.2492759386053942,1.004947905660714
2014-02-18,1.2531492718854418,1.0080593717463415
2014-02-19,1.2495654968055863,1.0051685449402017
2014-02-20,1.2514209218204693,1.0066286770017006
2014-02-21,1.2527527538767356,1.0076675804645185
2014-02-24,1.255120048109626,1.0095711275989752
2014-02-25,1.2569862817780686,1.0110702327528127
2014-02-26,1.25796981746737,1.0118523004755642
2014-02-27,1.2607330830896706,1.0140677576842332
2014-02-28,1.2611679319203666,1.0144115607385502
2014-03-03,1.263357757506526,1.0161706381471063
2014-03-04,1.262121714343986,1.0151423815012055
2014-03-05,1.2607104269465175,1.0139738189165841
2014-03-06,1.2603957007716209,1.013716623337213
2014-03-07,1.254414691036613,1.0088330570901776
2014-03-10,1.2508128169536585,1.005502994276188
2014-03-11,1.2481251608662434,1.0033304826445266
2014-03-12,1.2530257836553005,1.0071138432418896
2014-03-13,1.25273088567494,1.0063657716309304
2014-03-14,1.2531807520504987,1.0066761277734055
2014-03-17,1.2518693027518633,1.0056158745843173
2014-03-18,1.2538463334117156,1.0072009830239765
2014-03-19,1.2435666197072162,0.9988576346716397
2014-03-20,1.2444968007471358,0.9987929048774887
2014-03-21,1.2450706728485468,0.9985364684958954
2014-03-24,1.243214814441415,0.9966815737064734
2014-03-25,1.244234150000888,0.9971290481815112
2014-03-26,1.2445358236980049,0.9970482305823503
2014-03-27,1.2458843577445788,0.9977834831350068
2014-03-28,1.2457512454511974,0.9974535610346115
2014-03-31,1.2473475184224991,0.9985799912514123
2014-04-01,1.2467240523065928,0.9980631066740219
2014-04-02,1.2465912538298072,0.9976926072515325
2014-04-03,1.247184577308795,0.9980823909327807
2014-04-04,1.248137247127753,0.9987612690530031
2014-04-07,1.2476122886418854,0.9980841953519645
2014-04-08,1.2498080872277455,0.9997833513880502
2014-04-09,1.251714366512281,1.0011421329799075
2014-04-10,1.248295228588554,0.9983363209401578
2014-04-11,1.24773491691264,0.9977637901707528
2014-04-14,1.248853720928378,0.9984194906493749
2014-04-15,1.2489419201867826,0.998171071058432
2014-04-16,1.2511220364171969,0.9998065399148577
2014-04-17,1.248254036953851,0.9973965426559188
2014-04-21,1.2489329404512262,0.9979304293982392
2014-04-22,1.2492252370432722,0.9981603268390778
2014-04-23,1.2493928035391086,0.9982921455566809
2014-04-24,1.2507452783076605,0.9993698737958241
2014-04-25,1.2479772474675892,0.9971549736801549
2014-04-28,1.248587374007574,0.9976383798084212
2014-04-29,1.250476195751802,0.9991463801274693
2014-04-30,1.2520878471352455,1.0004327233198504
2014-05-01,1.2548816973137393,1.0026170589053638
2014-05-02,1.2570880360766647,1.0043764200878675
2014-05-05,1.2556658525672424,1.0032380153101421
2014-05-06,1.2556959846578,1.0032106451160168
2014-05-07,1.2567014372090697,1.0040049254344543
2014-05-08,1.2565057555957098,1.0037941383694007
2014-05-09,1.2558820810069733,1.0032939523979452
2014-05-12,1.2575406863794725,1.0046153007164553
2014-05-13,1.2601181585681531,1.0065274637745434
2014-05-14,1.2628417512828696,1.0086602063145667
2014-05-15,1.2613970691382732,1.0074320134338461
2014-05-16,1.263118105894817,1.0087323407809694
2014-05-19,1.2627064913114174,1.0083956727616223
2014-05-20,1.261509240103077,1.0074377450378798
2014-05-21,1.262363343613525,1.008116151512815
2014-05-22,1.2631173049771307,1.0087135977172852
2014-05-23,1.2655167044682285,1.0106132825645076
2014-05-27,1.2677858941668638,1.012418032061984
2014-05-28,1.269820302015034,1.014040285616299
2014-05-29,1.2702695848815455,1.014391013706998
2014-05-30,1.2698021602919474,1.0140117460061275
2014-06-02,1.2676669640864966,1.0122952445262179
2014-06-03,1.2653999331350292,1.0104686008762431
2014-06-04,1.2652150338106232,1.010137226110548
2014-06-05,1.2690721669064848,1.0132139042362123
2014-06-06,1.2711429131370648,1.0148534236142892
2014-06-09,1.2717767379645555,1.0152229364368208
2014-06-10,1.2712159427848964,1.014638700585214
2014-06-11,1.269581085277761,1.0130510011461664
2014-06-12,1.26928350265584,1.012806716536421
2014-06-13,1.2701687244630695,1.0130643043960372
2014-06-16,1.2687313096055355,1.0118586436132042
2014-06-17,1.2686214978569719,1.0113653286756072
2014-06-18,1.273373016542421,1.0150754648590288
2014-06-19,1.274171941210381,1.0153027355491684
2014-06-20,1.275397659923426,1.0157798612822972
2014-06-23,1.274265989432096,1.0145200197700064
2014-06-24,1.2731949215776632,1.013434081361614
2014-06-25,1.2752028985255528,1.01475323338719
2014-06-26,1.2755280778115037,1.015007967320693
2014-06-27,1.2761692317434423,1.0155132415757162
2014-06-30,1.276216768737418,1.0155500577073882
2014-07-01,1.277102598298015,1.0162464743686628
2014-07-02,1.2749996057628306,1.0145673390392236
2014-07-03,1.2749231523590623,1.0140640659987858
2014-07-07,1.272276349086453,1.0119529270069383
2014-07-08,1.2695118202543645,1.0097467650740002
2014-07-09,1.2713227170051993,1.0107503851291386
2014-07-10,1.2707243450005103,1.0102721323598016
2014-07-11,1.273108497369678,1.0118823324884203
2014-07-14,1.2703788062556525,1.009704343950626
2014-07-15,1.2676709766976015,1.0075436247020664
2014-07-16,1.2705689916035774,1.0096339164695183
2014-07-17,1.2706630012976787,1.009700065312721
2014-07-18,1.2707887495728842,1.0097238446934678
2014-07-21,1.2711999488350405,1.0099915223213507
2014-07-22,1.2741209880264612,1.0123064727164988
2014-07-23,1.2749127527414792,1.0128879264788506
2014-07-24,1.271595794591104,1.0102512063730658
2014-07-25,1.2724718014691072,1.010865184514677
2014-07-28,1.2735633984701988,1.011651161517931
2014-07-29,1.27334627081667,1.0114771093688797
2014-07-30,1.2698443579392702,1.0086935257947724
2014-07-31,1.2629875734392082,1.0032352691858026
2014-08-01,1.2639990700132007,1.0033253133991673
2014-08-04,1.2645031050736144,1.003091978370674
2014-08-05,1.2643156050180424,1.0029388879541412
2014-08-06,1.2633794321531515,1.0021114140928977
2014-08-07,1.2667031876283026,1.0047398899308413
2014-08-08,1.2657429682863224,1.003913138492677
2014-08-11,1.2659078582418595,1.004037101031885
2014-08-12,1.2653054444589902,1.003484119180977
2014-08-13,1.2682001502170308,1.0057207349899384
2014-08-14,1.269548320770751,1.006567301628698
2014-08-15,1.2710744811653174,1.0077759319754342
2014-08-18,1.2718817432718506,1.0083696013708576
2014-08-19,1.2730009374151843,1.0091880958762094
2014-08-20,1.2739843355198168,1.0099653876578905
2014-08-21,1.275090461530092,1.0108350185349773
2014-08-22,1.274804440522338,1.0106033009834108
2014-08-25,1.277512473442779,1.012744538062937
2014-08-26,1.2783922762504072,1.0133818306412046
2014-08-27,1.2794696231746983,1.0142328884587
2014-08-28,1.2795949777875226,1.014326132651245
2014-08-29,1.2809183012362833,1.0153721205330501
2014-09-02,1.2788024423527629,1.0136919794773298
2014-09-03,1.2806145770133415,1.0151124847606374
2014-09-04,1.2793224001749695,1.0140772121717117
2014-09-05,1.2809918741105843,1.015241660543965
2014-09-08,1.2795617726867625,1.0140431334680577
2014-09-09,1.2732975207441557,1.008689442571683
2014-09-10,1.2705725942396398,1.0062436510623274
2014-09-11,1.2700054171545145,1.0054565829787248
2014-09-12,1.2670369821026988,1.0028888207273092
2014-09-15,1.2667580035455654,1.0026677768200623
2014-09-16,1.2679557609612042,1.0036154864060551
2014-09-17,1.2720418668497004,1.0067122118400593
2014-09-18,1.270151989408801,1.0050785921260519
2014-09-19,1.2744701551626363,1.0084858433563595
2014-09-22,1.2704730370919595,1.005305682029176
2014-09-23,1.2680556934777927,1.0033895236938721
2014-09-24,1.2736838566434647,1.0075094565012692
2014-09-25,1.2683109144899085,1.0028287382152736
2014-09-26,1.2730611693951883,1.0061560594453265
2014-09-29,1.2769168953699992,1.0090430276568574
2014-09-30,1.2741291435041717,1.0063033209960932
2014-10-01,1.2805095335768542,1.010733071660097
2014-10-02,1.2776382851845318,1.0077949364479208
2014-10-03,1.2827479115614793,1.011814170430162
2014-10-06,1.2805676324999797,1.010065434487356
2014-10-07,1.2853210347207644,1.0137872219985793
2014-10-08,1.2877674165538693,1.0157055947457592
2014-10-09,1.2853225768065426,1.0137733222123202
2014-10-10,1.2884588187238166,1.0162426717012025
2014-10-13,1.290462393739174,1.0178194423385363
2014-10-14,1.294103412841847,1.0205847184286496
2014-10-15,1.2940147619525233,1.0204394640788277
2014-10-16,1.2924232787084111,1.0190293058587139
2014-10-17,1.2906768574752023,1.0176484564160404
2014-10-20,1.2939236745603622,1.0200639079160025
2014-10-21,1.2952470127121796,1.0209417315319276
2014-10-22,1.2936170856615004,1.0195354386534365
2014-10-23,1.291232233836835,1.0176517116410744
2014-10-24,1.2921603226126666,1.0183218682028636
2014-10-27,1.291952862636215,1.0181543354207951
2014-10-28,1.2912089110724214,1.0175667086732765
2014-10-29,1.2871562040977753,1.0142588323718114
2014-10-30,1.2899877383911351,1.016322959932789
2014-10-31,1.2943358681169277,1.019692505222675
2014-11-03,1.293722446119762,1.019202255082777
2014-11-04,1.2924745904688724,1.018022564640684
2014-11-05,1.2932063956133788,1.01823203187312
2014-11-06,1.2918994168777,1.0172003837576162
2014-11-07,1.2902082006874787,1.015627242470534
2014-11-10,1.2889343653232832,1.0140085986845937
2014-11-11,1.2888626051630134,1.0133847300360037
2014-11-12,1.2857428052490207,1.0109280932040554
2014-11-13,1.285870400678317,1.0109196531109668
2014-11-14,1.281716354057732,1.0076517180615765
2014-11-17,1.28237710608582,1.007860086120248
2014-11-18,1.2856247650934882,1.010266933600808
2014-11-19,1.282786217333996,1.0078887625238824
2014-11-20,1.2820276852701178,1.007287428623392
2014-11-21,1.291276944265535,1.0144065734344632
2014-11-24,1.2913102352495365,1.0139185580851013
2014-11-25,1.2923191746616232,1.0144134538177751
2014-11-26,1.2949849993811613,1.0158757108767598
2014-11-28,1.2912321108749176,1.0129300360342945
2014-12-01,1.2858781949695461,1.0085381004546332
2014-12-02,1.2840690918803903,1.0070440736490727
2014-12-03,1.2855845952232607,1.0080271352670938
2014-12-04,1.2874002089348053,1.0092541385624383
2014-12-05,1.2836556680108382,1.0063049728475366
2014-12-08,1.2867416754153012,1.0082084431431626
2014-12-09,1.290849683455235,1.0108944992194895
2014-12-10,1.2898000075047933,1.0100659421456144
2014-12-11,1.2905894553760244,1.0106069673891795
2014-12-12,1.2923383894208311,1.0119668413968483
2014-12-15,1.2864107122675545,1.0073171960188787
2014-12-16,1.2884095395511264,1.008745008763026
2014-12-17,1.2855832881390137,1.0063737759365672
2014-12-18,1.2835012703436097,1.0044992385164508
2014-12-19,1.2865192216905983,1.0067367814922663
2014-12-22,1.2896772145125721,1.009204793798388
2014-12-23,1.2835083857177003,1.0043303914366877
2014-12-24,1.2851658889556332,1.005518580043952
2014-12-26,1.2863055188897883,1.0064038059395226
2014-12-29,1.2896713742863906,1.009035186082322
2014-12-30,1.2892364987819944,1.0086928315920445
2014-12-31,1.2862477812761481,1.006312921413278
2015-01-02,1.292597928410383,1.0112380722338905
2015-01-05,1.2937671548953906,1.0121469738980575
2015-01-06,1.3008127830168883,1.0174578442641184
2015-01-07,1.3031531973591537,1.019256915044379
2015-01-08,1.3004059676623745,1.017104375446105
2015-01-09,1.3027803049360622,1.0187443130262617
2015-01-12,1.3050169884173959,1.0204237405675887
2015-01-13,1.3065244236147948,1.0215486879190543
2015-01-14,1.3080297828717826,1.0226724451965183
2015-01-15,1.3142912395365403,1.0275615594192442
2015-01-16,1.3154034783236639,1.0284248550718798
2015-01-20,1.3187353538213042,1.031017613361615
2015-01-21,1.319645548517079,1.0316616122054079
2015-01-22,1.325955933497414,1.0365908190004516
2015-01-23,1.328328490172768,1.03838279086604
2015-01-26,1.3290699227620066,1.0389588758746742
2015-01-27,1.3274624700677387,1.037700101266752
2015-01-28,1.3294110751035433,1.039159779020306
2015-01-29,1.3267645409257485,1.0370855423104337
2015-01-30,1.3280324899125084,1.0380698389434975
2015-02-02,1.3283010308083874,1.038225017471847
2015-02-03,1.324960883757054,1.0355627343611429
2015-02-04,1.3234417992807015,1.0342972176248715
2015-02-05,1.3242619768814903,1.0349202027444147
2015-02-06,1.3133471402908183,1.0263663961589025
2015-02-09,1.3119987538849616,1.0248521703761995
2015-02-10,1.3122329439759841,1.0249850155608344
2015-02-11,1.3099699965802158,1.0228824460932728
2015-02-12,1.3138571892379316,1.0257903403779522
2015-02-13,1.319475337340292,1.0300503605261637
2015-02-17,1.3157380701747574,1.0270609197360272
2015-02-18,1.316677714347947,1.027722674058
2015-02-19,1.3160599619089344,1.0272393091918306
2015-02-20,1.31949328842296,1.0299051562790436
2015-02-23,1.3168114310302428,1.0278067827993036
2015-02-24,1.3206249675612722,1.0307401937693719
2015-02-25,1.3212763513912513,1.030985107137903
2015-02-26,1.319196673371286,1.029048355417594
2015-02-27,1.3187179546466388,1.028182564720494
2015-03-02,1.3173536067025338,1.026870024329689
2015-03-03,1.312826301822719,1.023092551323903
2015-03-04,1.3118931510421457,1.0223265409168596
2015-03-05,1.3142550756574456,1.0240560135356038
2015-03-06,1.3080545961230083,1.019223113610568
2015-03-09,1.3081707804824845,1.0192705102527895
2015-03-10,1.3006525388969419,1.0129959531405572
2015-03-11,1.3151208352821815,1.0237044978872025
2015-03-12,1.3081360894131522,1.018267495011957
2015-03-13,1.321606548687338,1.0287530484133156
2015-03-16,1.311628405393494,1.0209859521158262
2015-03-17,1.3097200425332896,1.0189020091731553
2015-03-18,1.3024215973894329,1.0126269233946326
2015-03-19,1.2982537787546717,1.0085741067597367
2015-03-20,1.3050945897088913,1.0138168745449965
2015-03-23,1.3055233664026886,1.0140362451475986
2015-03-24,1.3068358651160643,1.015048527419773
2015-03-25,1.2994834595837617,1.009262091586993
2015-03-26,1.2948847772247705,1.0055350267444898
2015-03-27,1.295360772419162,1.0058767093814642
2015-03-30,1.295726135433708,1.0061324638810492
2015-03-31,1.294268677032655,1.0047367016454012
2015-04-01,1.3007383779028976,1.00948433851503
2015-04-02,1.2998889702732064,1.0084975954608417
2015-04-06,1.3039384561365044,1.011633795009205
2015-04-07,1.3050600566899875,1.0124118267386544
2015-04-08,1.3040869971823073,1.0115721611481587
2015-04-09,1.3007447756930703,1.0088998655491286
2015-04-10,1.3043649818953837,1.0116206391482172
2015-04-13,1.3019742581448581,1.009727094777278
2015-04-14,1.3036845111150428,1.0110142916468208
2015-04-15,1.3080583951551799,1.0143926396075653
2015-04-16,1.3075903030519718,1.013946505839636
2015-04-17,1.3050212853867422,1.0119521273493062
2015-04-20,1.304508724153672,1.0115492532250543
2015-04-21,1.3049954036848523,1.0119222431043102
2015-04-22,1.3023362320148375,1.0097935155152946
2015-04-23,1.3062890376243388,1.012330385465944
2015-04-24,1.3072735333731427,1.0125622384403932
2015-04-27,1.3073878207500378,1.0125654716593002
2015-04-28,1.3059454971671838,1.0113700373093601
2015-04-29,1.3008856589200142,1.0070049418984681
2015-04-30,1.2902864723324392,0.9987990266268826
2015-05-01,1.2956679085559968,1.0025972429065102
2015-05-04,1.2966081544871415,1.003127243242553
2015-05-05,1.2895930775026136,0.997699719300724
2015-05-06,1.2842816077740207,0.9934279059090481
2015-05-07,1.2743675674032997,0.9850675679256338
2015-05-08,1.2882467742944366,0.9949318019977784
2015-05-11,1.2791317164020564,0.9869484443291211
2015-05-12,1.2800700585060079,0.9870534099494314
2015-05-13,1.2909695705537096,0.9952594134340826
2015-05-14,1.3033241354316718,1.0045490659572585
2015-05-15,1.3061352584065058,1.0063229886963958
2015-05-18,1.3046420265607048,1.0050627504281813
2015-05-19,1.2945040040215516,0.997143050260064
2015-05-20,1.295241804056262,0.9972733797547602
2015-05-21,1.2974829861422643,0.9989984305143614
2015-05-22,1.2924496060641297,0.9950422482857547
2015-05-26,1.283629588187325,0.9877412535753581
2015-05-27,1.2825365169927336,0.9861256633242413
2015-05-28,1.2811644503402955,0.9843372742060895
2015-05-29,1.278715925350945,0.9824549938488417
2015-06-01,1.2819375374276112,0.9847974849676498
2015-06-02,1.2782349045205401,0.9819505492311699
2015-06-03,1.2706419818821468,0.9761080125245721
2015-06-04,1.2599092526671887,0.9670775886804085
2015-06-05,1.2599092526671887,0.9665940498860683
2015-06-08,1.2454677458142707,0.9550313242706387
2015-06-09,1.2454677458142707,0.9545538086085035
2015-06-10,1.2719670795622962,0.9743862025405388
2015-06-11,1.2627231559983692,0.9673049252631981
2015-06-12,1.2520931546275669,0.9584340877905875
2015-06-15,1.2446806126462886,0.9520389569866481
2015-06-16,1.2446806126462886,0.9515629375081548
2015-06-17,1.2416087738332016,0.94873872389156
2015-06-18,1.2416087738332016,0.9482643545296142
2015-06-19,1.2340461334528563,0.9420143431463192
2015-06-22,1.2306380666558476,0.9390631987487167
2015-06-23,1.2325001342653128,0.9400722587052487
2015-06-24,1.2244441215130606,0.9335190333402964
2015-06-25,1.2199991233770828,0.9298340957013983
2015-06-26,1.2194423853179435,0.9287924576300645
2015-06-29,1.1819728967073941,0.9002536936574966
2015-06-30,1.1819728967073941,0.899803566810668
2015-07-01,1.1819728967073941,0.899803566810668
2015-07-02,1.1791620677175227,0.8972138579658431
2015-07-06,1.1815045143432763,0.8989962046268408
2015-07-07,1.1854065788514985,0.901242523425561
2015-07-08,1.1864975667107807,0.9019725270654315
2015-07-09,1.1808321210314727,0.8976644769288812
2015-07-10,1.1751360128207593,0.8933269014125075
2015-07-13,1.1828885199189267,0.898588471726102
2015-07-14,1.1845530239632498,0.8995471644145305
2015-07-15,1.1857458699469277,0.9002951798406751
2015-07-16,1.1914791435128416,0.9042257813789408
2015-07-17,1.1910201668203981,0.9036405611801915
2015-07-20,1.189986081732941,0.9026192443079998
2015-07-21,1.1884251133730568,0.9012600669621592
2015-07-22,1.1894087464464342,0.9018293513034468
2015-07-23,1.1890965535950593,0.9015877243455366
2015-07-24,1.1884143650593182,0.9010056727990416
2015-07-27,1.188252957544183,0.90077101691779
2015-07-28,1.1870435300222515,0.8998494077661702
2015-07-29,1.1888889541256398,0.9011433016950043
2015-07-30,1.18991299988077,0.9019163635291718
2015-07-31,1.1937111117429213,0.9047925907396296
2015-08-03,1.1960103904161967,0.9064705817189899
2015-08-04,1.1928435401410091,0.9040679340684283
2015-08-05,1.1906376236152592,0.9023944422302831
2015-08-06,1.1901275334542472,0.9018261443323892
2015-08-07,1.1930193014395034,0.9038158735728326
2015-08-10,1.1900167563851565,0.9015391516751952
2015-08-11,1.192416473374874,0.9032127799656544
2015-08-12,1.190073088733693,0.9013519862695513
2015-08-13,1.186156593905654,0.8981729620739518
2015-08-14,1.1858088413172705,0.8975902126059817
2015-08-17,1.190606117423482,0.9010832705505324
2015-08-18,1.185895074209532,0.8972304560128163
2015-08-19,1.188711024666365,0.8991070901988591
2015-08-20,1.1931272201192358,0.9021685238030257
2015-08-21,1.1914703789816083,0.9009106809725037
2015-08-24,1.1864273022533915,0.8969892734849634
2015-08-25,1.1793250148631707,0.8915486431827946
2015-08-26,1.1692832468935914,0.8836899860323376
2015-08-27,1.169934896027376,0.8834655865650048
2015-08-28,1.1714608696817548,0.8839322221301386
2015-08-31,1.1905370077651858,0.8976401751211502
2015-09-01,1.1764390781122205,0.8869991733631131
2015-09-02,1.1750466877606924,0.8852100586328255
2015-09-03,1.1778982561071658,0.8869157245165326
2015-09-04,1.1788301168020512,0.8871701633714874
2015-09-08,1.1754784983179218,0.8846450391039764
2015-09-09,1.1733046224366446,0.8828121208478528
2015-09-10,1.1738162075722216,0.8831073868226127
2015-09-11,1.1728670842648585,0.8820078548060335
2015-09-14,1.1718789894520443,0.8808769167918511
2015-09-15,1.1673169066093396,0.877442526237323
2015-09-16,1.170179958651603,0.8789496044493564
2015-09-17,1.1724043427454955,0.8803659745590277
2015-09-18,1.171710790635771,0.8792422548963492
2015-09-21,1.1697194257868102,0.8775363449807372
2015-09-22,1.1670331405191112,0.8751381479824305
2015-09-23,1.1657924719340167,0.8738196923133148
2015-09-24,1.168300012796675,0.875598767354179
2015-09-25,1.1659910692407474,0.8737539754536507
2015-09-28,1.161887969796707,0.8706108517224607
2015-09-29,1.1624889667785454,0.8709357189175779
2015-09-30,1.1637050633435957,0.8717537697882339
2015-10-01,1.164526445741487,0.8723679467417849
2015-10-02,1.1684177295924922,0.8752816549396023
2015-10-05,1.1696500119865385,0.8760232526319083
2015-10-06,1.1727331076814762,0.8782921000190106
2015-10-07,1.1766772619704349,0.8811382443186258
2015-10-08,1.175642671467441,0.8803586530192903
2015-10-09,1.1775805905995471,0.8816931710574544
2015-10-12,1.179114909386129,0.8828400121273587
2015-10-13,1.1767772411314528,0.8810877787684797
2015-10-14,1.181654737256725,0.8847367654183541
2015-10-15,1.1840875883512247,0.8864404756071601
2015-10-16,1.184423153170462,0.886572678078129
2015-10-19,1.1836520975494647,0.8859924752688827
2015-10-20,1.1825829547082296,0.8851739862013401
2015-10-21,1.1827861883779436,0.8853246774205258
2015-10-22,1.1867438300470468,0.8882856072887493
2015-10-23,1.1868147447019535,0.888248444456979
2015-10-26,1.186624558852995,0.8881009173741922
2015-10-27,1.186238970843016,0.8878077094221248
2015-10-28,1.1859545903424114,0.8875771445346436
2015-10-29,1.1783130030871505,0.8818520211199692
2015-10-30,1.1751613517697839,0.8789958720064889
2015-11-02,1.1800865426754377,0.8824324102491311
2015-11-03,1.1815111920927222,0.8832493514752227
2015-11-04,1.1789788460856718,0.8813129587359257
2015-11-05,1.178339801751751,0.8807920391829263
2015-11-06,1.173323641667679,0.8770396790894595
2015-11-09,1.1649120213907849,0.8706346619684882
2015-11-10,1.1679111467487129,0.8723891349828443
2015-11-11,1.1642358608716128,0.8696312697562256
2015-11-12,1.1551385317992844,0.8628297451741845
2015-11-13,1.1530736229259189,0.8612816161297838
2015-11-16,1.159340361279521,0.8656530844387471
2015-11-17,1.1602076499894503,0.8659975152716068
2015-11-18,1.166704167997893,0.8708442679348402
2015-11-19,1.161068960694742,0.8666329804497344
2015-11-20,1.165572227169369,0.8697845088320181
2015-11-23,1.1642883622708209,0.8688189309132577
2015-11-24,1.163345520659378,0.8678975672391502
2015-11-25,1.1647514812207103,0.8689413687936437
2015-11-27,1.1663855041767786,0.8701601056659702
2015-11-30,1.165574934957604,0.8690376650330943
2015-12-01,1.1724041575216588,0.8739748308553986
2015-12-02,1.1682922696023956,0.8705002934790709
2015-12-03,1.151583167248655,0.8579276415245962
2015-12-04,1.151583167248655,0.8574986777038339
2015-12-07,1.144606524434579,0.8518749392768945
2015-12-08,1.1422457326432354,0.8494548806043106
2015-12-09,1.1419641549424198,0.8487996853130285
2015-12-10,1.1412223800890344,0.8482457126021457
2015-12-11,1.147441338888272,0.8525961202949816
2015-12-14,1.1396535800455436,0.8465297510865999
2015-12-15,1.1329359344087573,0.8408181252031769
2015-12-16,1.140967037782126,0.8464202978140271
2015-12-17,1.1385072340459612,0.8443103487253466
2015-12-18,1.1345919390746937,0.8410493914441136
2015-12-21,1.1344382597475822,0.8403658807213272
2015-12-22,1.1313614265701741,0.8375175046365304
2015-12-23,1.1310561394319252,0.8372880990748842
2015-12-24,1.1319742961844717,0.8375504959973405
2015-12-28,1.1267919243665796,0.8335688918002891
2015-12-29,1.1211939284227967,0.8288823460687439
2015-12-30,1.1148851535077926,0.8236324574457717
2015-12-31,1.1027322942704463,0.814653782671667
2016-01-04,1.0894545072200672,0.8042693537706346
2016-01-05,1.0951752022707821,0.8078374003156458
2016-01-06,1.0976956680014156,0.8094981107235877
2016-01-07,1.0956344949579326,0.8074747318063673
2016-01-08,1.0946646161395834,0.806541797426197
2016-01-11,1.089651562385131,0.8026055799720666
2016-01-12,1.0928396216187282,0.804712363686154
2016-01-13,1.0960532798016032,0.8068695718297748
2016-01-14,1.0910998141367698,0.8031755315474655
2016-01-15,1.094911449873753,0.8057386802319061
2016-01-19,1.0941558954719135,0.8051786651592573
2016-01-20,1.097930923568322,0.807956323277247
2016-01-21,1.0960312787712332,0.8064963491919948
2016-01-22,1.0960263299102289,0.8064919404092629
2016-01-25,1.0982190254593462,0.8081049040410502
2016-01-26,1.101404334028536,0.8104475977344665
2016-01-27,1.1016877207623765,0.8106545101072797
2016-01-28,1.0987111310990378,0.8084619682782068
2016-01-29,1.102810676185678,0.8113263567318504
2016-02-01,1.1014182772591246,0.8099965286168817
2016-02-02,1.1051709047440983,0.812566635346812
2016-02-03,1.1038220604357485,0.8115700638761548
2016-02-04,1.108681226667875,0.8149905481991183
2016-02-05,1.1106366105177903,0.8163688086800445
2016-02-08,1.1204526036193612,0.8235247730720487
2016-02-09,1.1188008738698205,0.8220769761928949
2016-02-10,1.1232616880245794,0.8251213349043957
2016-02-11,1.1310793614975203,0.8306157315599708
2016-02-12,1.1255823850556987,0.8265710167990905
2016-02-16,1.1152882946176532,0.8187629295565458
2016-02-17,1.1163321043287044,0.8194750880680103
2016-02-18,1.1219544291632912,0.823485230550294
2016-02-19,1.1207314736620162,0.822376917349304
2016-02-22,1.1214918208994566,0.8229233605908537
2016-02-23,1.1200609353016333,0.8217155635622221
2016-02-24,1.1206751288951504,0.8221182321502526
2016-02-25,1.1256693974205367,0.8257773010858769
2016-02-26,1.1220595612185749,0.8230812364765426
2016-02-29,1.1247961725092057,0.8249950775905993
2016-03-01,1.126388521089098,0.8261291250199505
2016-03-02,1.1280307532630858,0.8272799785591993
2016-03-03,1.132012311244987,0.8301486349044962
2016-03-04,1.134114915148245,0.831596714263464
2016-03-07,1.1362500117055045,0.833103933464227
2016-03-08,1.1332059658773677,0.8308712218190344
2016-03-09,1.133623572396754,0.8311180052599749
2016-03-10,1.1372970079363622,0.8337517656259857
2016-03-11,1.14184886360035,0.8370857027811051
2016-03-14,1.138643851262961,0.8344107246937223
2016-03-15,1.134174930698098,0.8311299012885438
2016-03-16,1.1469709270742503,0.8405031317133735
2016-03-17,1.1534651699617235,0.8449317859182462
2016-03-18,1.1539882538829083,0.8453134128088501
2016-03-21,1.1520600967205727,0.8438976714593971
2016-03-22,1.151128264133581,0.8432066707350047
2016-03-23,1.1461909479815746,0.8395811836381311
2016-03-24,1.1449199966618722,0.8385645255439762
2016-03-28,1.1459876061934775,0.8393416102088771
2016-03-29,1.1526604397723332,0.8441583017189039
2016-03-30,1.1518787076071588,0.8435449457735681
2016-03-31,1.154459359169932,0.8453942041185485
2016-04-01,1.1527976279509853,0.8441409203729456
2016-04-04,1.151905063775518,0.8434353893713452
2016-04-05,1.1503442285045833,0.8422919946099281
2016-04-06,1.152145777503815,0.8435622419521928
2016-04-07,1.1509915273418796,0.8426704836095883
2016-04-08,1.1504351558718517,0.8421798158740901
2016-04-11,1.153368453768404,0.8441959213512971
2016-04-12,1.1561563185341097,0.8461994749306097
2016-04-13,1.1596166205143266,0.8487247889451531
2016-04-14,1.1575116504098077,0.8471464488039065
2016-04-15,1.1600454179898279,0.8489939474259289
2016-04-18,1.1618806308946774,0.8503354981006481
2016-04-19,1.1672439755030732,0.8542551710385985
2016-04-20,1.1641275918095717,0.8519366615333679
2016-04-21,1.160764136343641,0.8494097207404977
2016-04-22,1.1601902050826067,0.848935772611609
2016-04-25,1.1571287415478024,0.8465872609089631
2016-04-26,1.1593945324934738,0.8481369018626893
2016-04-27,1.165307215443975,0.8521567288223311
2016-04-28,1.1660654617568773,0.8524290350125552
2016-04-29,1.1675081150692046,0.8534328903810003
2016-05-02,1.165557814441073,0.8519328635608504
2016-05-03,1.1616885586020866,0.8489848492824076
2016-05-04,1.1606980098593236,0.8481545904053799
2016-05-05,1.1633481654172866,0.8500159642539992
2016-05-06,1.163508776462443,0.8501297179070587
2016-05-09,1.161005691229735,0.8482972360094648
2016-05-10,1.1642843708159274,0.8506873210530989
2016-05-11,1.1640272122068949,0.8503877838668228
2016-05-12,1.1621270262620642,0.8488879861616948
2016-05-13,1.1633786148047582,0.8497999730344026
2016-05-16,1.1634036459142536,0.8497164759137352
2016-05-17,1.1621976320409817,0.8488272083271954
2016-05-18,1.154913711439031,0.8435020010715542
2016-05-19,1.1549169519122742,0.8428815762795304
2016-05-20,1.1564959239142794,0.8440241891535339
2016-05-23,1.1563885044984608,0.8437744147359136
2016-05-24,1.1602777563143463,0.8466116737784748
2016-05-25,1.1627068854542753,0.8482022695918405
2016-05-26,1.1610791708508552,0.8469109627696233
2016-05-27,1.163943721531135,0.8488719278379012
2016-05-31,1.1633015801326814,0.8483216000613729
2016-06-01,1.1631376824787991,0.8478855055006035
2016-06-02,1.1654924454697833,0.8492856312444576
2016-06-03,1.1690880771730818,0.8516259973481807
2016-06-06,1.169554567634924,0.8518631876742168
2016-06-07,1.173173358400423,0.8544961571205381
2016-06-08,1.1770045149017443,0.8572855401260845
2016-06-09,1.176618959670447,0.8569367073248771
2016-06-10,1.1720007091387203,0.8535687467808845
2016-06-13,1.1700588093555957,0.8520698291338797
2016-06-14,1.1682590732469496,0.8506410920943398
2016-06-15,1.170587849745382,0.8522152933252811
2016-06-16,1.1699574632261798,0.8516534243777333
2016-06-17,1.1695442463023267,0.851245456392338
2016-06-20,1.169038396186616,0.8507426890521513
2016-06-21,1.168386666816146,0.8501375367172805
2016-06-22,1.1688500993355646,0.850471777957122
2016-06-23,1.1725053756401576,0.8531100699542292
2016-06-24,1.166101961949373,0.8484278872657536
2016-06-27,1.1730803172748807,0.8532335620588641
2016-06-28,1.1762874802850534,0.8555564010275689
2016-06-29,1.1789119986081928,0.8574281983008719
2016-06-30,1.1848615461416767,0.8616630858845046
2016-07-01,1.1914085293167815,0.8663738148594844
2016-07-05,1.1946357265077765,0.8687137138417935
2016-07-06,1.1966398557869016,0.8701675195146399
2016-07-07,1.1948165743179593,0.8688389749617197
2016-07-08,1.2035908549133512,0.8752158390310995
2016-07-11,1.2025009166724066,0.8744179584117093
2016-07-12,1.1993511289480407,0.8721004450931037
2016-07-13,1.2024440841785073,0.874342882674717
2016-07-14,1.2003609773182138,0.8728247473452513
2016-07-15,1.1969149030017592,0.8703152871786405
2016-07-18,1.1984550599565764,0.8714247682460986
2016-07-19,1.1994293023877969,0.8721318337167496
2016-07-20,1.1979881701634119,0.8710817250256435
2016-07-21,1.1998123412786157,0.87240520258504
2016-07-22,1.201690059949509,0.8737653447271486
2016-07-25,1.198917568823877,0.8717340315411568
2016-07-26,1.198518016190387,0.8714043276310465
2016-07-27,1.2022764988276735,0.8741357621459231
2016-07-28,1.201863883793991,0.8737966995967281
2016-07-29,1.205692048315534,0.8765777426855889
2016-08-01,1.2019362740401267,0.8737674995131607
2016-08-02,1.1965498612241852,0.8698453012633022
2016-08-03,1.1930540164911176,0.8667153376282477
2016-08-04,1.1954015883156286,0.8679374065337736
2016-08-05,1.1915724650678152,0.8649276493702078
2016-08-08,1.1947742503933612,0.8666818218481322
2016-08-09,1.1998374247300103,0.8703535680382558
2016-08-10,1.2009580307724834,0.8706231092923427
2016-08-11,1.1980605164733753,0.8684331799428164
2016-08-12,1.1998436642521375,0.8692470682403933
2016-08-15,1.199771533439859,0.8687897481436194
2016-08-16,1.1976801956216874,0.8668955135756284
2016-08-17,1.1992223362745897,0.867922364511844
2016-08-18,1.203590597261133,0.8707744176816639
2016-08-19,1.1996544505233728,0.8678631453080451
2016-08-22,1.1989055193395115,0.867258013604792
2016-08-23,1.2005266789213116,0.8683627809213921
2016-08-24,1.198199178006611,0.8666754922854465
2016-08-25,1.1975917781615832,0.8662352473478871
2016-08-26,1.1942793826912828,0.8638385782287638
2016-08-29,1.199706747129129,0.8673168517863161
2016-08-30,1.1980409383190769,0.8656710020282711
2016-08-31,1.195256015560522,0.8635505542204205
2016-09-01,1.196134527351253,0.8640359331011495
2016-09-02,1.198111250025136,0.8653349842082163
2016-09-06,1.2006571195320073,0.8669496169836122
2016-09-07,1.1999484666682092,0.8662331156853086
2016-09-08,1.19509674856823,0.8627214738932758
2016-09-09,1.1703102002507066,0.8443293134342794
2016-09-12,1.1758357651598998,0.8475096709242306
2016-09-13,1.1603835434220398,0.835598931283809
2016-09-14,1.1575647370032949,0.8327334934735172
2016-09-15,1.1575647370032949,0.8323171267267805
2016-09-16,1.1575647370032949,0.8323171267267805
2016-09-19,1.1547677127586395,0.8298898398798074
2016-09-20,1.1566324310683327,0.8312299455671713
2016-09-21,1.15150437588685,0.8275445975561078
2016-09-22,1.1554901123693018,0.8297818105505403
2016-09-23,1.1530909650746155,0.8276051400404782
2016-09-26,1.1506831910384054,0.8258085590620644
2016-09-27,1.1509448385125787,0.8258962530233771
2016-09-28,1.1538881762764455,0.8279051012735439
2016-09-29,1.1505968350880553,0.825458630785771
2016-09-30,1.1500643563773878,0.8249142769557545
2016-10-03,1.1488399154169522,0.8238765235522019
2016-10-04,1.1465016522312435,0.8220282765432526
2016-10-05,1.1521003711748175,0.8256487110426094
2016-10-06,1.1540547138538284,0.8269136725516071
2016-10-07,1.1515484258846151,0.8251156927608032
2016-10-10,1.158598190159171,0.8299189906499667
2016-10-11,1.1532256508949785,0.8259135628409827
2016-10-12,1.1532915886162596,0.8257206079101638
2016-10-13,1.1505408782519762,0.8237494870788947
2016-10-14,1.154048012135764,0.8262570929508337
2016-10-17,1.1515084429401061,0.8244352399076377
2016-10-18,1.1548031706874013,0.8267930468063891
2016-10-19,1.1579319410536701,0.8286793808515183
2016-10-20,1.1574857139662382,0.8280476367245186
2016-10-21,1.1587461355361934,0.8289461544926434
2016-10-24,1.1578118116047722,0.8282726682846225
2016-10-25,1.156119287679614,0.8267496241721691
2016-10-26,1.1515343164214757,0.8231224124349615
2016-10-27,1.1516746012273382,0.8231255637754797
2016-10-28,1.1428621988950398,0.8164543711868606
2016-10-31,1.1433119773482738,0.8166540854740459
2016-11-01,1.1374651655236634,0.8124777776436666
2016-11-02,1.1387675672220474,0.8130720139743809
2016-11-03,1.1373465528535227,0.8120571771387406
2016-11-04,1.1387640861743367,0.8125928955767331
2016-11-07,1.1213956858836294,0.8001984855875519
2016-11-08,1.1229539275088607,0.800849057088837
2016-11-09,1.1248758508823553,0.8019322527104825
2016-11-10,1.1279584980235855,0.8040237162527917
2016-11-11,1.1180005792645789,0.7969254534157258
2016-11-14,1.1255887025277362,0.8022168638750155
2016-11-15,1.129848205668261,0.8052321441574259
2016-11-16,1.1310081087564792,0.8060518106693054
2016-11-17,1.1372822344028628,0.8105213903961326
2016-11-18,1.1387980107015219,0.8115949669034878
2016-11-21,1.139165176553491,0.811850228191122
2016-11-22,1.139493575512332,0.8120070045799402
2016-11-23,1.1415086548187918,0.8132012456847312
2016-11-25,1.1417060854309986,0.8130998268397832
2016-11-28,1.1389285605359716,0.8108784778703193
2016-11-29,1.1379324680849479,0.8101662724490278
2016-11-30,1.1380819617573856,0.8100289779102745
2016-12-01,1.1355342540470699,0.8079370377390773
2016-12-02,1.1355939654815417,0.8077495673720243
2016-12-05,1.1345803511841654,0.8067966917708022
2016-12-06,1.1395258140303808,0.8100868550093161
2016-12-07,1.1470963096489217,0.8154656313589422
2016-12-08,1.1520646835511366,0.8189317152457467
2016-12-09,1.1553519092984523,0.8212607462103919
2016-12-12,1.1531813153374753,0.8197164920819908
2016-12-13,1.1589561555124068,0.8238174780004429
2016-12-14,1.1485157371517123,0.8163923040533212
2016-12-15,1.1519715499362797,0.8187811848800984
2016-12-16,1.1535564882388236,0.819899034977745
2016-12-19,1.1562662090922273,0.8218235648814117
2016-12-20,1.1596169428018799,0.8242038571640536
2016-12-21,1.1560051062875647,0.8216353363991178
2016-12-22,1.1559002841037744,0.8215566743632666
2016-12-23,1.1578094835550294,0.8229131306165989
2016-12-27,1.158112915232358,0.8229375550173194
2016-12-28,1.155175973280413,0.8206593630509738
2016-12-29,1.156531354582267,0.8214323905191582
2016-12-30,1.157263810279725,0.8217142057395369
2017-01-03,1.1616148651292297,0.8247521785929568
2017-01-04,1.1658242860212706,0.827735784302588
2017-01-05,1.170508698980984,0.8309807529989481
2017-01-06,1.1668261989697373,0.8282748978802897
2017-01-09,1.166480841189903,0.8279423848532842
2017-01-10,1.1670146421336094,0.8282143963159897
2017-01-11,1.1692950929605732,0.82983152182905
2017-01-12,1.170096868472021,0.830398527633845
2017-01-13,1.1696173757367467,0.8300244890703409
2017-01-17,1.1734898191834504,0.832752186103021
2017-01-18,1.1690976336494787,0.8296075770072405
2017-01-19,1.1648459486772995,0.8265749199664224
2017-01-20,1.1674820479333752,0.8284306670186398
2017-01-23,1.171998842481194,0.8316300661503425
2017-01-24,1.17171113214531,0.8314086208768471
2017-01-25,1.171695815190508,0.8313922279172258
2017-01-26,1.1697055655826334,0.8299246751171289
2017-01-27,1.1700972426529272,0.830182772521168
2017-01-30,1.1673496567392405,0.828164229430463
2017-01-31,1.1707681804517533,0.8305325952534999
2017-02-01,1.1707911311816384,0.8304935617865212
2017-02-02,1.1721200006513606,0.8312538504730106
2017-02-03,1.1752324411816635,0.8334572704714166
2017-02-06,1.1764730847066978,0.8341660828959299
2017-02-07,1.1757988315155876,0.8336671662472472
2017-02-08,1.1798033444635658,0.8364485484464216
2017-02-09,1.1787414599132828,0.8356527093292305
2017-02-10,1.1813635385584111,0.8375063699506468
2017-02-13,1.1809693681803752,0.8372011297134583
2017-02-14,1.180433318238712,0.8367559712108134
2017-02-15,1.1827626827312294,0.8380967111565243
2017-02-16,1.1829431719907166,0.8382224431625958
2017-02-17,1.1828818030565569,0.8379882841675188
2017-02-21,1.186641956903996,0.840395162997024
2017-02-22,1.1864716746922728,0.8402271085298534
2017-02-23,1.188865873749813,0.8418719013798086
2017-02-24,1.190912768795937,0.8432996020127296
2017-02-27,1.189890693507476,0.8425702361711367
2017-02-28,1.1887508252901928,0.8417605134468049
2017-03-01,1.1906365246882014,0.8430922941270108
2017-03-02,1.183514821142402,0.8380059448308929
2017-03-03,1.1843888928781485,0.8384559134663111
2017-03-06,1.1812928159705225,0.8362601099572561
2017-03-07,1.1760512373349992,0.8324900482387756
2017-03-08,1.1733860654897936,0.8301181331576426
2017-03-09,1.1746602714158678,0.8308749427356017
2017-03-10,1.1766971310824241,0.8323111659891828
2017-03-13,1.179464052552517,0.8342646630576334
2017-03-14,1.1757561598484614,0.8315086732915249
2017-03-15,1.1840690272518555,0.8373801716865755
2017-03-16,1.1844709321156583,0.8373558539475113
2017-03-17,1.1842226738447397,0.836871810869911
2017-03-20,1.185789991627279,0.8379766892682557
2017-03-21,1.1825762941164981,0.8352755103920351
2017-03-22,1.1851193836579381,0.8367949942656044
2017-03-23,1.1851145642946916,0.8367880299996927
2017-03-24,1.1864106363572884,0.8376963490307447
2017-03-27,1.190607356223192,0.8406104830519381
2017-03-28,1.1890804412442932,0.8395293649136684
2017-03-29,1.192071552290291,0.8415061057669782
2017-03-30,1.1890871563740724,0.8393981430106576
2017-03-31,1.1891981001661358,0.839385118662139
2017-04-03,1.1929603974158263,0.8419493632367112
2017-04-04,1.1922299017367164,0.8414274427217368
2017-04-05,1.191981605947535,0.8412223930769684
2017-04-06,1.1927078878414832,0.8417297902538199
2017-04-07,1.1917693394778852,0.8409767206196023
2017-04-10,1.193345878555866,0.8420856038906266
2017-04-11,1.1980306883946577,0.8453904269252699
2017-04-12,1.1999067735043032,0.8467110024232023
2017-04-13,1.1998940379636136,0.8466120151107974
2017-04-17,1.1997915991132653,0.8463975935164635
2017-04-18,1.2021192871838609,0.8479032793074021
2017-04-19,1.1963881517262314,0.843724244692351
2017-04-20,1.195236984762722,0.8429089548009604
2017-04-21,1.1946922583374204,0.8423523127983297
2017-04-24,1.1957940795177016,0.8430408523296292
2017-04-25,1.1937782212294608,0.8414927261987023
2017-04-26,1.1941681963130093,0.8417302316962405
2017-04-27,1.1942037889254973,0.8417518415943936
2017-04-28,1.1941525560894533,0.8417153588934463
2017-05-01,1.192282556564785,0.8403350631805618
2017-05-02,1.1949309634582859,0.8420601970544928
2017-05-03,1.1937950732861156,0.8411845027200634
2017-05-04,1.1918384778695175,0.8398048348187767
2017-05-05,1.1950755915077542,0.8420105474434584
2017-05-08,1.1932307890246714,0.8407073671292544
2017-05-09,1.1941247584588284,0.8410818905229068
2017-05-10,1.1974558118850858,0.8434255826022341
2017-05-11,1.1970466051469466,0.8431311822438484
2017-05-12,1.1997938007948905,0.8450592189223094
2017-05-15,1.2025332407131117,0.8467380351994434
2017-05-16,1.2043618025488754,0.8480238851194918
2017-05-17,1.2011393151967609,0.8457506733563055
2017-05-18,1.199225537861569,0.8442525500059783
2017-05-19,1.2033313106578203,0.8470717156106851
2017-05-22,1.2043791819652652,0.8477004862063535
2017-05-23,1.2025995142688166,0.8463876952832909
2017-05-24,1.204943756227251,0.8479774878942815
2017-05-25,1.2039039483159277,0.8471042599396725
2017-05-26,1.204799175310798,0.8477122571495086
2017-05-30,1.2057706641404273,0.8483388082186603
2017-05-31,1.2053146148377216,0.8480148707046206
2017-06-01,1.2079619268507298,0.8498569781161942
2017-06-02,1.213889378520277,0.8540209046229115
2017-06-05,1.211498758618504,0.8522829187376495
2017-06-06,1.2129547234711429,0.8533009687186422
2017-06-07,1.2115032348844326,0.8522777268037608
2017-06-08,1.2100321659511966,0.8512362659555887
2017-06-09,1.2080697813665244,0.8498540809659992
2017-06-12,1.2077589141253817,0.8496329745757417
2017-06-13,1.2098317788485025,0.8510895396839139
2017-06-14,1.2129922961949702,0.8532799316784381
2017-06-15,1.2096574361810641,0.8509239328094639
2017-06-16,1.2095436439735479,0.8506923839562379
2017-06-19,1.2108963990566288,0.8515843328672931
2017-06-20,1.209744511502014,0.8506461073667702
2017-06-21,1.2094680437401704,0.8502469128261041
2017-06-22,1.2102394091098638,0.8507228680915604
2017-06-23,1.210776543265341,0.8510467332350397
2017-06-26,1.2136172477315388,0.8528310511979492
2017-06-27,1.2066301201323144,0.8478316087608402
2017-06-28,1.2099136867295128,0.849910260838615
2017-06-29,1.203540622146945,0.845281451433025
2017-06-30,1.2021891089264747,0.843989512517303
2017-07-03,1.2040155757660174,0.8447882143033096
2017-07-05,1.1986366847736898,0.8406971590357992
2017-07-06,1.1929525335688145,0.8364060580543616
2017-07-07,1.1929525335688145,0.8359878550253345
2017-07-10,1.1929525335688145,0.8359878550253345
2017-07-11,1.1961054288243325,0.8377793221347121
2017-07-12,1.21924993860717,0.8534700481399262
2017-07-13,1.2202166186421448,0.8533685765835226
2017-07-14,1.2259933642962677,0.857376686082349
2017-07-17,1.2249357335740727,0.8566317754193463
2017-07-18,1.2271709994024866,0.8581137334050892
2017-07-19,1.2303193621383672,0.8600674477388192
2017-07-20,1.2305525626817417,0.8602295130534823
2017-07-21,1.2311677022604652,0.8605438158029409
2017-07-24,1.2306277135690042,0.8601318023336976
2017-07-25,1.228227074172999,0.8584495998017071
2017-07-26,1.2338236172088912,0.862090465020503
2017-07-27,1.2320523608638987,0.8606366429411557
2017-07-28,1.2341874920475364,0.8619122604376542
2017-07-31,1.2349477071434314,0.8622264113370757
2017-08-01,1.2371622193286747,0.8637704855797814
2017-08-02,1.235900650706639,0.8628338675069431
2017-08-03,1.2365958707836746,0.8633173312635133
2017-08-04,1.234227836304302,0.8616607522838392
2017-08-07,1.2347321647711007,0.8619798224069392
2017-08-08,1.2313863135855347,0.8596358838183704
2017-08-09,1.232965953578237,0.8606114112134788
2017-08-10,1.2281769222960155,0.8570587805546905
2017-08-11,1.2301776227730952,0.8581532596762331
2017-08-14,1.2265653152740768,0.8554176796675029
2017-08-15,1.222620956338153,0.8523406803275266
2017-08-16,1.2278099259108841,0.8558910073560684
2017-08-17,1.2250365545630213,0.8537471735720101
2017-08-18,1.224138634285684,0.8528474491616542
2017-08-21,1.2248106371427112,0.8532257611155297
2017-08-22,1.223963975380901,0.8526067439280884
2017-08-23,1.228412862761605,0.8557038771311701
2017-08-24,1.225401698321894,0.8535174251251568
2017-08-25,1.2283423493137355,0.855476980268333
2017-08-28,1.230192245715841,0.8565000810814599
2017-08-29,1.229924829771569,0.8562654263546496
2017-08-30,1.2302873435604813,0.8562826225938998
2017-08-31,1.234565906347844,0.8590007071218613
2017-09-01,1.2338205373726678,0.8584132098684476
2017-09-05,1.2361704817819672,0.8600404006876424
2017-09-06,1.2352023505092677,0.8592945600916224
2017-09-07,1.2405890420698626,0.8629721128921185
2017-09-08,1.2372675861954296,0.8606551120418242
2017-09-11,1.2371878009927124,0.8605792031333658
2017-09-12,1.2365936807051632,0.8601604186456396
2017-09-13,1.2345079946584592,0.8586893441321897
2017-09-14,1.2369169971948808,0.8601848845557085
2017-09-15,1.2374027447411728,0.8603447215244654
2017-09-18,1.2350105754272385,0.8586795918757514
2017-09-19,1.2357681663464872,0.8589176854357068
2017-09-20,1.2340424933160348,0.857717174389177
2017-09-21,1.2326796362610015,0.8566942130002956
2017-09-22,1.2323976536405654,0.8564963226372626
2017-09-25,1.2320205052834907,0.8561476818950218
2017-09-26,1.231233138303355,0.8551946071570639
2017-09-27,1.2307790530930305,0.8547709318930367
2017-09-28,1.2309137956028384,0.8546175861168939
2017-09-29,1.233101037705124,0.8561335454315516
2017-10-02,1.2337935698712286,0.8566111277711111
2017-10-03,1.2358150366319238,0.8580122444147236
2017-10-04,1.2345107667911939,0.8570434991960643
2017-10-05,1.237786953996998,0.8592460094033374
2017-10-06,1.2346798725454602,0.857086199214593
2017-10-09,1.2344165843742534,0.8568000143465538
2017-10-10,1.23679687165561,0.8583771135787394
2017-10-11,1.2374636746290384,0.858811932190423
2017-10-12,1.2373588524472279,0.8587289267911077
2017-10-13,1.2410295101979252,0.8612699487520218
2017-10-16,1.240339597594394,0.8605179091128157
2017-10-17,1.2405672683181004,0.8606484550753284
2017-10-18,1.2398991013601226,0.8601711449124659
2017-10-19,1.2383172006979748,0.8588277973018
2017-10-20,1.2376664696608932,0.8581452898673408
2017-10-23,1.2357127244517636,0.856559633113554
2017-10-24,1.235846390781412,0.856587561227243
2017-10-25,1.2316913534486016,0.8534999735571386
2017-10-26,1.2329142916428355,0.854341435795007
2017-10-27,1.2407414550580127,0.8593440111120685
2017-10-30,1.2388855767748488,0.8576393269182194
2017-10-31,1.2400481829460464,0.8581153473592844
2017-11-01,1.241026017946298,0.8585977842882225
2017-11-02,1.2424213160798079,0.8592337157935069
2017-11-03,1.2430172955009386,0.8595813001967506
2017-11-06,1.245918728557191,0.8614885168270288
2017-11-07,1.245302352410436,0.8609668524624011
2017-11-08,1.245869122608465,0.861343633976112
2017-11-09,1.2433515769164905,0.8595565366661725
2017-11-10,1.2384664603072433,0.8560301277511917
2017-11-13,1.2381650731613625,0.855409458909164
2017-11-14,1.231843440082625,0.8508508251553873
2017-11-15,1.2285372173316182,0.8482621535322615
2017-11-16,1.2276551952647354,0.8471389341368016
2017-11-17,1.2316052501867616,0.8493511219587524
2017-11-20,1.2287138900295462,0.8469643807351532
2017-11-21,1.2354039010129079,0.8511394429539948
2017-11-22,1.2382067177407643,0.8525442897919419
2017-11-24,1.2391905430884462,0.8530229599744992
2017-11-27,1.2363607044876754,0.8510712749679744
2017-11-28,1.238515458832362,0.852429696088531
2017-11-29,1.2338869237171275,0.849119971059592
2017-11-30,1.233549660091435,0.8486821154947628
2017-12-01,1.2336279744268417,0.848374919361293
2017-12-04,1.2320624105641047,0.8468361725868715
2017-12-05,1.2316684989951796,0.8465101179788398
2017-12-06,1.231409836926756,0.8461770572585664
2017-12-07,1.2296492894787014,0.8447630887257422
2017-12-08,1.230928965864834,0.8454372143478717
2017-12-11,1.231875602649526,0.8459121126569192
2017-12-12,1.2315540137190308,0.8456888349359748
2017-12-13,1.2324923895426627,0.8461155053786378
2017-12-14,1.2315666762254946,0.8452535460150655
2017-12-15,1.2345918202847475,0.8471804685856511
2017-12-18,1.235605195064055,0.8476584529186365
2017-12-19,1.2294465605395064,0.8433986520050342
2017-12-20,1.2285448481289083,0.8422683362704954
2017-12-21,1.231632299588222,0.8440611008642116
2017-12-22,1.2335566846398833,0.8451513968831587
2017-12-26,1.2364209761190106,0.8470245779687204
2017-12-27,1.2396631519555208,0.8492005994937611
2017-12-28,1.2409026809065533,0.8497903387815811
2017-12-29,1.2426863523650002,0.8509616253832198
2018-01-02,1.2445589225599782,0.852240917157102
2018-01-03,1.2485606272247238,0.8548839581338611
2018-01-04,1.2515679367571784,0.8569363215783886
2018-01-05,1.2540789689413216,0.8584205747076032
2018-01-08,1.254120435250243,0.8584461392070778
2018-01-09,1.25240185143963,0.8572669749289427
2018-01-10,1.2511019131149888,0.8561872197163295
2018-01-11,1.2567126015020555,0.8600233745318129
2018-01-12,1.2653578476217304,0.865928962205926
2018-01-16,1.263192817501825,0.864441153921787
2018-01-17,1.264226071051878,0.8649594136177267
2018-01-18,1.262308018537362,0.8634581783452494
2018-01-19,1.2666438805943574,0.8664218879329784
2018-01-22,1.2709946677165327,0.869396232768399
2018-01-23,1.2760473890901112,0.8728414432828822
2018-01-24,1.282959937710459,0.8775622883694909
2018-01-25,1.2789305982536607,0.8747499810528426
2018-01-26,1.2863393698599255,0.8798137465183495
2018-01-29,1.2774802529551923,0.8737434312698448
2018-01-30,1.2687808638425764,0.8677889645550495
2018-01-31,1.2742202679707666,0.8711718063416228
2018-02-01,1.274943973088786,0.8716621914048942
2018-02-02,1.2479665725817308,0.853214248606091
2018-02-05,1.241234441840264,0.8480101577527375
2018-02-06,1.2302634404130954,0.8405058323664393
2018-02-07,1.198295972100341,0.8181032462943812
2018-02-08,1.198295972100341,0.817694194671234
2018-02-09,1.198295972100341,0.817694194671234
2018-02-12,1.198295972100341,0.817694194671234
2018-02-13,1.198295972100341,0.817694194671234
2018-02-14,1.198295972100341,0.817694194671234
2018-02-15,1.1996977920530163,0.8182419226304496
2018-02-16,1.1957912041334322,0.815337974431964
2018-02-20,1.17961744291098,0.8043082193960327
2018-02-21,1.17961744291098,0.8039060652863347
2018-02-22,1.1756067594543322,0.8007708424329383
2018-02-23,1.1756067594543322,0.8003704570117218
2018-02-26,1.1782819895193102,0.8017916079506873
2018-02-27,1.172743213004462,0.7976290500295372
2018-02-28,1.176218830680598,0.7994476280026658
2018-03-01,1.1722467123725682,0.7967478747963147
2018-03-02,1.1672815928007512,0.7933732025321902
2018-03-05,1.1672815928007512,0.7933732025321902
2018-03-06,1.1643025890093897,0.7913484453588701
2018-03-07,1.160756544943567,0.7886255580959932
2018-03-08,1.1681878228429974,0.7933627662819577
2018-03-09,1.1724917439551834,0.796075154998698
2018-03-12,1.1719888717441183,0.7952760680447131
2018-03-13,1.1676132818788563,0.7922199654685341
2018-03-14,1.169961385702752,0.7934652340278128
2018-03-15,1.1705648943734142,0.7935018325480849
2018-03-16,1.1707376936524239,0.7935627444289785
2018-03-19,1.1660666544094174,0.7902281013968427
2018-03-20,1.167828928194528,0.7912453666652417
2018-03-21,1.1677694634031532,0.7908522468627633
2018-03-22,1.160326416085681,0.7855500280736102
2018-03-23,1.163060856300464,0.7868687015620556
2018-03-26,1.1635135277403785,0.7870137926096553
2018-03-27,1.1646266442320128,0.7877642739738925
2018-03-28,1.1640974950755305,0.7871908695175351
2018-03-29,1.1672795424645868,0.7891746536775232
2018-04-02,1.1644784306489988,0.7872703625636501
2018-04-03,1.1620453788141059,0.7855160276832919
2018-04-04,1.162673402384532,0.7858974259377624
2018-04-05,1.1617698861878298,0.785179421724046
2018-04-06,1.161989732073265,0.7852683635179514
2018-04-09,1.162386182102764,0.7853895929225296
2018-04-10,1.164424342914256,0.7865778766076192
2018-04-11,1.166805574347324,0.7880953886678354
2018-04-12,1.1632558215886648,0.7856847628344289
2018-04-13,1.1644414082866559,0.7863891859091644
2018-04-16,1.1642246756273178,0.7862032762679453
2018-04-17,1.1665595933215755,0.787687230930554
2018-04-18,1.1664955325580515,0.7876411947783108
2018-04-19,1.1610714613857083,0.783592072839304
2018-04-20,1.1584726127756644,0.7816388313235244
2018-04-23,1.155352532389608,0.7794717106790534
2018-04-24,1.1514618243455148,0.776726927087468
2018-04-25,1.1518096918915115,0.7766309796798186
2018-04-26,1.1570713744825485,0.7800435423214765
2018-04-27,1.1588588650627534,0.7808337254297798
2018-04-30,1.1585490714589994,0.7806220563325689
2018-05-01,1.1606624041548066,0.7819790292832628
2018-05-02,1.1610187211312575,0.7821512248203976
2018-05-03,1.1609443757793847,0.7820332574212551
2018-05-04,1.1654698680583417,0.7850781270464351
2018-05-07,1.167710551619629,0.7865221539566325
2018-05-08,1.167333141643207,0.7862603243642446
2018-05-09,1.1717557240499874,0.7892365328740432
2018-05-10,1.1748291948387999,0.7913043244830883
2018-05-11,1.1735046267160198,0.7902994581194788
2018-05-14,1.173116600769336,0.7900352835347779
2018-05-15,1.1676556081480205,0.7862955587790075
2018-05-16,1.1696977425541684,0.7873482397603783
2018-05-17,1.1679852559609356,0.7861143389456803
2018-05-18,1.1669229072350895,0.7852064611804482
2018-05-21,1.172104786363705,0.7886916179315169
2018-05-22,1.1705410610626514,0.7875158492800481
2018-05-23,1.1714477001297225,0.7878355999668752
2018-05-24,1.1695229057364758,0.7864313564719462
2018-05-25,1.1696626308302445,0.7860880138635051
2018-05-29,1.1748613178951726,0.789520013789303
2018-05-30,1.172565447734171,0.7878090104678331
2018-05-31,1.1709229424752692,0.7866991075200277
2018-06-01,1.1708831196513754,0.7866694144074323
2018-06-04,1.1704317913588242,0.7861879356216723
2018-06-05,1.170536398270016,0.7862222814132855
2018-06-06,1.1701221430598951,0.7858970300238074
2018-06-07,1.1705965036626533,0.7860834390381103
2018-06-08,1.170254567942292,0.7857241880000834
2018-06-11,1.1708600106085623,0.7861291455891315
2018-06-12,1.1712513700448814,0.7862627934438646
2018-06-13,1.1697001870574015,0.7851580390858662
2018-06-14,1.1773196338610716,0.7900588545638056
2018-06-15,1.1732684927623191,0.7869899548049317
2018-06-18,1.1728411826348484,0.7865989328797202
2018-06-19,1.1733357544094414,0.7869304289716774
2018-06-20,1.1723287198492234,0.7862528027306376
2018-06-21,1.1714030174505035,0.7855007508256787
2018-06-22,1.1719657551687241,0.7858725418170178
2018-06-25,1.1685799622957451,0.7835756018930113
2018-06-26,1.1720694421919602,0.7858459184430983
2018-06-27,1.1747484065947438,0.7876363866506187
2018-06-28,1.1759666540915397,0.7881936570661977
2018-06-29,1.1752258782362766,0.7876955545089025
2018-07-02,1.1748452824131337,0.7874333516876564
2018-07-03,1.1775023789980639,0.7892104870566348
2018-07-05,1.1794068933078967,0.7904848708119921
2018-07-06,1.1811307290301551,0.7916383482458216
2018-07-09,1.1812331785238415,0.7914243611353554
2018-07-10,1.1813577488174323,0.7914550537655636
2018-07-11,1.1778121451751367,0.7890763084005488
2018-07-12,1.1807861252369718,0.7909767361940839
2018-07-13,1.1812562357785819,0.791288193794749
2018-07-16,1.1782777572292782,0.7892912632849831
2018-07-17,1.1784553421231998,0.7893907947003278
2018-07-18,1.1781686320341453,0.7891537704386133
2018-07-19,1.179953258515289,0.7903317927543319
2018-07-20,1.1760529910096489,0.7876752772748374
2018-07-23,1.1739846905630462,0.7862163078418667
2018-07-24,1.1764043094661323,0.7876020169749829
2018-07-25,1.1790984092614973,0.7891580400617944
2018-07-26,1.1784301394285657,0.7886218397655411
2018-07-27,1.1766631563896008,0.7872325277598927
2018-07-30,1.1755619409418243,0.78629597873361
2018-07-31,1.1780790707289723,0.7876949965453233
2018-08-01,1.1767330098350897,0.7867228552542201
2018-08-02,1.1770418596466126,0.7868230887410428
2018-08-03,1.1802771648598902,0.7889831810649794
2018-08-06,1.1810114089558832,0.7892561996841424
2018-08-07,1.1809775112133847,0.7892317781423399
2018-08-08,1.1794346236343434,0.787982999503326
2018-08-09,1.1797212281758265,0.78817347555819
2018-08-10,1.1777129639134107,0.7866099124334839
2018-08-13,1.1771554271691125,0.7861232649242015
2018-08-14,1.1787787323721368,0.7871457521517402
2018-08-15,1.179026279949949,0.7872670756949808
2018-08-16,1.1809394446744443,0.7884864291790069
2018-08-17,1.182101731363257,0.7892580386784473
2018-08-20,1.1839656698477126,0.7904974681885772
2018-08-21,1.182422314758576,0.7894632706130277
2018-08-22,1.182407373301239,0.7894510690426094
2018-08-23,1.182089258597956,0.7891627402348047
2018-08-24,1.1841337128026916,0.7904575908228385
2018-08-27,1.1830630291198934,0.7897391996488891
2018-08-28,1.1811704654855284,0.7883758293044226
2018-08-29,1.1822619036966038,0.7890638610590943
2018-08-30,1.1805030002584158,0.7878861728088589
2018-08-31,1.1800403314940393,0.78755410297498
2018-09-04,1.176622343295651,0.7850918507508338
2018-09-05,1.175265476514023,0.7841015667473973
2018-09-06,1.1758024888407403,0.7843096135649743
2018-09-07,1.171792818612364,0.7815613609845986
2018-09-10,1.1727664368270572,0.781799322978993
2018-09-11,1.1736439925143654,0.7821919765844486
2018-09-12,1.1762819776459883,0.7839112592101402
2018-09-13,1.1777726465552212,0.7848187842370499
2018-09-14,1.1767440245266636,0.7839410374730147
2018-09-17,1.174734538467933,0.7822849419564454
2018-09-18,1.1757864579941177,0.782826417591451
2018-09-19,1.1766063110434102,0.783292358427311
2018-09-20,1.1809247531465128,0.7861253239582183
2018-09-21,1.1810356926475436,0.786195531074325
2018-09-24,1.1800126396397563,0.7855129283683882
2018-09-25,1.180398642122973,0.7857677816603607
2018-09-26,1.1790284461906866,0.7848108944564386
2018-09-27,1.1816456586935573,0.7864294380425108
2018-09-28,1.1821704959880857,0.7866506662024496
2018-10-01,1.1856673835843823,0.7889380357922596
2018-10-02,1.1846777105331618,0.7882685602216138
2018-10-03,1.1839519005271517,0.7877181269283922
2018-10-04,1.1777934028845947,0.7835532547819631
2018-10-05,1.176073151699246,0.7819643246001143
2018-10-08,1.1705645902964827,0.778074909469494
2018-10-09,1.1719403010501965,0.7787883042933598
2018-10-10,1.1645077870208105,0.7738487362492847
2018-10-11,1.1531216153264328,0.7661331219452449
2018-10-12,1.154743338339253,0.7668783901953304
2018-10-15,1.1559622413830877,0.7675958701758243
2018-10-16,1.1560575737663201,0.7676500364965515
2018-10-17,1.1552781181747809,0.7671247684235939
2018-10-18,1.1579127436324228,0.7687847589077677
2018-10-19,1.1575870591232262,0.7685427692660142
2018-10-22,1.157972212351567,0.7687950206097649
2018-10-23,1.161340174690998,0.7710308673615801
2018-10-24,1.1645822457975168,0.7731811655122296
2018-10-25,1.1647944005252338,0.773319152144945
2018-10-26,1.1651987906082657,0.7735863274574364
2018-10-29,1.1630732078590211,0.7717760758469608
2018-10-30,1.1646384668732508,0.772344093627267
2018-10-31,1.1603379733490002,0.769367391378578
2018-11-01,1.1603297056547206,0.7692376124304836
2018-11-02,1.158845926004461,0.7677676619315428
2018-11-05,1.1569154019813745,0.7660638887859107
2018-11-06,1.1543247096254652,0.7642518086800513
2018-11-07,1.1575342280062477,0.7662709165392296
2018-11-08,1.1553529021480675,0.7643326067950764
2018-11-09,1.1495957397080057,0.7602284487248084
2018-11-12,1.1519327157588486,0.7613525055508737
2018-11-13,1.1509732014221596,0.760607853991466
2018-11-14,1.149925460005061,0.7599117912830499
2018-11-15,1.150631540752777,0.7603780524597253
2018-11-16,1.1515708942075313,0.7609598256002666
2018-11-19,1.1511905740454818,0.7606226321120734
2018-11-20,1.1503066933765456,0.7600357424838
2018-11-21,1.1509086971760127,0.7603988230740418
2018-11-23,1.150508775758903,0.7601011944558467
2018-11-26,1.1505430514708843,0.7600904494876768
2018-11-27,1.1523620422410215,0.7612048095885914
2018-11-28,1.1534705943505597,0.7619355499308638
2018-11-29,1.1529836867286414,0.761519462722952
2018-11-30,1.1545939784762966,0.7625082446330584
2018-12-03,1.1597655034815308,0.765848707955279
2018-12-04,1.1570900588792392,0.7639048693225713
2018-12-06,1.1599447170517723,0.765607443320768
2018-12-07,1.1602059943783063,0.7656158140271287
2018-12-10,1.1607431119153389,0.7658294428418534
2018-12-11,1.1616980909684094,0.7663515798589806
2018-12-12,1.1606189177194777,0.7656336196431988
2018-12-13,1.16111973473338,0.7659296232564669
2018-12-14,1.1602254662188145,0.7652208169532339
2018-12-17,1.1625371121868067,0.766626656958345
2018-12-18,1.1656296175236758,0.7686530221223424
2018-12-19,1.1664673318193048,0.769197659604068
2018-12-20,1.1661354755079856,0.7689739191828299
2018-12-21,1.1644103346454635,0.7677286507237121
2018-12-24,1.1657340229830753,0.7685009994112866
2018-12-26,1.1639004870338854,0.7671917577828855
2018-12-27,1.1656063036460624,0.7682152811022706
2018-12-28,1.1712184795773,0.77181308355059
2018-12-31,1.1746173364000663,0.7740451733382775
2019-01-02,1.1770008581129718,0.7756136185249691
2019-01-03,1.1813004250731587,0.7783441420721591
2019-01-04,1.1768390379852676,0.7753014461438725
2019-01-07,1.1771973814622498,0.7754303780892465
2019-01-08,1.1782575170396337,0.7760923619223441
2019-01-09,1.1831398547306415,0.7792940266704695
2019-01-10,1.180988946587606,0.7778500876310064
2019-01-11,1.1817124017337512,0.7782996834586015
2019-01-14,1.1788880873809362,0.7764383604644848
2019-01-15,1.1804891630803016,0.7774889641113965
2019-01-16,1.1831152603138801,0.7792158244095414
2019-01-17,1.1840151530361376,0.7798038446900883
2019-01-18,1.1838070365639002,0.7796600929456526
2019-01-22,1.1820462416128517,0.7784136153706984
2019-01-23,1.1833663904381693,0.7792253030313395
2019-01-24,1.185301960432312,0.7803611233109012
2019-01-25,1.1889929219986246,0.7826547656265794
2019-01-28,1.1879943060722862,0.7819178075018848
2019-01-29,1.1915544644435836,0.7841972441799657
2019-01-30,1.1984674800336714,0.7886836080432162
2019-01-31,1.203676909316604,0.792108255278924
2019-02-01,1.200755803340818,0.7901746324827905
2019-02-04,1.199881935530533,0.7895941613618744
2019-02-05,1.203671546709664,0.7920229212102033
2019-02-06,1.2010092024328156,0.7901276638916351
2019-02-07,1.2007379192722758,0.7899456331426176
2019-02-08,1.2028053255518865,0.7913039228135956
2019-02-11,1.201046317491358,0.7901432053281008
2019-02-12,1.202917151436063,0.7913653227012039
2019-02-13,1.2013671227689657,0.7903423067921821
2019-02-14,1.20351927420821,0.791717945176583
2019-02-15,1.206765077990559,0.7938498399393322
2019-02-19,1.209823397507861,0.7958218108962664
2019-02-20,1.2101229409218635,0.7960147848483098
2019-02-21,1.2056004988840887,0.7930394373380643
2019-02-22,1.2099795156098982,0.7958581593771319
2019-02-25,1.2088999203420094,0.7950859145055459
2019-02-26,1.2100251417041499,0.7958217452768976
2019-02-27,1.2061122866175056,0.7932420233890245
2019-02-28,1.2040567597994896,0.7917888704860814
2019-03-01,1.2022439404138563,0.7905889035993006
2019-03-04,1.2034486576577401,0.7910967780641804
2019-03-05,1.204915573549327,0.7918393279118146
2019-03-06,1.2039366608408069,0.7911941903139248
2019-03-07,1.2045309006536717,0.7915768509734987
2019-03-08,1.2047567558255765,0.7916601720077319
2019-03-11,1.2079809304537004,0.79377039618078
2019-03-12,1.210574288784868,0.7954620515741615
2019-03-13,1.2119598445945752,0.7963196963741128
2019-03-14,1.2105620758430906,0.7953913634552117
2019-03-15,1.213151078354125,0.7970005227577464
2019-03-18,1.2136279525091358,0.7972249477564871
2019-03-19,1.213095421631373,0.7968717994617828
2019-03-20,1.2187396504330124,0.8004857083191506
2019-03-21,1.2213028072873995,0.8021187299180521
2019-03-22,1.2190312554350207,0.8005762362985519
2019-03-25,1.220784914979727,0.8015856247322194
2019-03-26,1.2230990362578136,0.8030750603657192
2019-03-27,1.2237395311268195,0.8034654963051474
2019-03-28,1.2261889245289446,0.8050242923292401
2019-03-29,1.227840603132519,0.8061077147467961
2019-04-01,1.2278818974972774,0.8061036995310278
2019-04-02,1.229842204070579,0.807373208566517
2019-04-03,1.2289832309564512,0.8068064908049379
2019-04-04,1.2302368119424338,0.8076269678957271
2019-04-05,1.233554874303974,0.8097893369632354
2019-04-08,1.2325171198791343,0.8091009865711771
2019-04-09,1.23167720167356,0.8085459323816475
2019-04-10,1.2358149315610265,0.8112179931352713
2019-04-11,1.2337763946396287,0.8098756917475582
2019-04-12,1.2344438657785335,0.8102694608493307
2019-04-15,1.2329337046353874,0.8092288228338721
2019-04-16,1.2311233381176276,0.8080382474303633
2019-04-17,1.2301514532498705,0.8073461828045521
2019-04-18,1.2319762255303122,0.8085382343008366
2019-04-22,1.2310335680507927,0.8079171377196378
2019-04-23,1.236127977183166,0.81107504541112
2019-04-24,1.2360436615534494,0.8108332562184343
2019-04-25,1.2355278739887279,0.8104059298189682
2019-04-26,1.2370642369066962,0.8113247314856668
2019-04-29,1.2352311234903495,0.8100324802290968
2019-04-30,1.235232371903805,0.8099434327454559
2019-05-01,1.2329428859945148,0.8083992346712372
2019-05-02,1.230438980619844,0.8067047894317491
2019-05-03,1.2344384539543563,0.8092509334958737
2019-05-06,1.232938266938482,0.8081790389690999
2019-05-07,1.228445630386362,0.8051988993127814
2019-05-08,1.22672021589789,0.803742798016412
2019-05-09,1.2273442108676538,0.8041468634189726
2019-05-10,1.2273189503829571,0.8041290755623902
2019-05-13,1.2302069406716525,0.805887677937038
2019-05-14,1.2312414991813894,0.8065626880250492
2019-05-15,1.2339639956685058,0.8083441638897245
2019-05-16,1.2328154926413812,0.8075901669122616
2019-05-17,1.2327587848105483,0.8075480201281623
2019-05-20,1.2296668128959938,0.8054411649842728
2019-05-21,1.2301400360857064,0.805690969056217
2019-05-22,1.232444905937738,0.8071430173261362
2019-05-23,1.2354405132635626,0.8091036792941699
2019-05-24,1.2356735153460359,0.8091760423491972
2019-05-28,1.2371163489545245,0.8101141538872727
2019-05-29,1.2372901675220653,0.8101482470026147
2019-05-30,1.2416669190890328,0.8129596473739569
2019-05-31,1.2463331552560126,0.8159308039887685
2019-06-03,1.249323628455725,0.8178373061283547
2019-06-04,1.2472382152750177,0.816295066079115
2019-06-05,1.2462605089101166,0.8155934165465767
2019-06-06,1.2481982757929644,0.8166893688230271
2019-06-07,1.2537217289874747,0.8203026137253021
2019-06-10,1.2490798101867067,0.8171741741687564
2019-06-11,1.250666861565759,0.8181768992313024
2019-06-12,1.250754626849584,0.8182334376696665
2019-06-13,1.2544820446746294,0.8206697405878508
2019-06-14,1.2531874501899865,0.8198207043358822
2019-06-17,1.2537811141431978,0.8200927783004354
2019-06-18,1.2610937279609191,0.8248449865496194
2019-06-19,1.2655328060720357,0.8277368469308575
2019-06-20,1.2747711436517553,0.8336633531869356
2019-06-21,1.2699105013526386,0.8304701871131628
2019-06-24,1.2734508385902585,0.8327674187412375
2019-06-25,1.2695681654391275,0.8302259179442664
2019-06-26,1.2662482436171438,0.8280494228584614
2019-06-27,1.2703657975831595,0.8306956424217973
2019-06-28,1.2714356163774052,0.8313917792579303
2019-07-01,1.271628309771466,0.831517054162284
2019-07-02,1.275438386137657,0.8340021988455149
2019-07-03,1.2801514117549146,0.8370400965647165
2019-07-05,1.271718196173649,0.8315247293027829
2019-07-08,1.2701883227862871,0.8304076890647923
2019-07-09,1.270363791688654,0.8305175548232483
2019-07-10,1.2739107247232224,0.832832779137576
2019-07-11,1.2686733423702896,0.8294043259796555
2019-07-12,1.2702368327827454,0.8303702175158537
2019-07-15,1.27198214519437,0.8315089121139086
2019-07-16,1.2705600091189844,0.8305774522760676
2019-07-17,1.2730612018960887,0.8322094625452836
2019-07-18,1.2757638314031223,0.8339159015863908
2019-07-19,1.2716219239683642,0.8310420595443
2019-07-22,1.2744374760406112,0.8326805970464237
2019-07-23,1.2757243883961884,0.8333476575368588
2019-07-24,1.2780422446374091,0.834804063836872
2019-07-25,1.2737863504407372,0.8320078091068508
2019-07-26,1.2755600903211224,0.833050133190173
2019-07-29,1.2759443664684238,0.8332443598680723
2019-07-30,1.2751187673170643,0.832634726196395
2019-07-31,1.2726861534869545,0.8309766025537833
2019-08-01,1.2774856259057152,0.8340491176347631
2019-08-02,1.2777931035127887,0.834046354699058
2019-08-05,1.2804470422905316,0.8357744524365872
2019-08-06,1.2856531556182214,0.8391059942124247
2019-08-07,1.2900993447249627,0.8420011947467652
2019-08-08,1.2933545207779307,0.8440634366694847
2019-08-09,1.2911473163388218,0.8426206754563901
2019-08-12,1.2975166454953444,0.8467742784735023
2019-08-13,1.2967336402232716,0.8462565535532144
2019-08-14,1.3006529761925412,0.8487905716550136
2019-08-15,1.3069523708089599,0.8528748496939236
2019-08-16,1.306294566577029,0.8524402614663823
2019-08-19,1.301991178847844,0.8496298902222884
2019-08-20,1.3057296490514085,0.8519291514814101
2019-08-21,1.3066558686874477,0.8525312256567407
2019-08-22,1.304530046430462,0.8511393505284803
2019-08-23,1.3074008993215536,0.8530075689576319
2019-08-26,1.3106648326569303,0.8551304421216165
2019-08-27,1.316297227165654,0.8588008915679533
2019-08-28,1.3181013942189235,0.8599735470671117
2019-08-29,1.3181849858121835,0.860006026772066
2019-08-30,1.3183510293456953,0.8600723940172172
2019-09-03,1.321978697742576,0.8624179493805175
2019-09-04,1.3245721714306233,0.864065590541123
2019-09-05,1.3189473618036893,0.8602547859053776
2019-09-06,1.3197462180680746,0.8607633660538001
2019-09-09,1.316411065900915,0.8585852491392906
2019-09-10,1.3112724172171932,0.8552288021526637
2019-09-11,1.3137954461634285,0.8565016743583355
2019-09-12,1.314415781976739,0.8569042725276168
2019-09-13,1.3104585320398412,0.8542911239424961
2019-09-16,1.3124779896259962,0.855562395224133
2019-09-17,1.3119286830754342,0.8551366033862792
2019-09-18,1.3103388617673588,0.8540950511598968
2019-09-19,1.3098824124591766,0.8537558230760419
2019-09-20,1.3113275035482186,0.8546559524028395
2019-09-23,1.3140574679832615,0.8562340832044375
2019-09-24,1.30927005231029,0.8529723313524855
2019-09-25,1.3052197965936168,0.8500271767148025
2019-09-26,1.3075094050975613,0.8511436584965585
2019-09-27,1.3027377958088766,0.8480362250837639
2019-09-30,1.3052938205758275,0.8494715729785616
2019-10-01,1.3014227100355458,0.8467813260401074
2019-10-02,1.2985453302481207,0.8446581817181321
2019-10-03,1.3025095454206455,0.8470737899182852
2019-10-04,1.305665774651196,0.8490341764440797
2019-10-07,1.3020679142275904,0.8466344102844278
2019-10-08,1.3020844438313068,0.8465851398205448
2019-10-09,1.3013827493515442,0.8461229980166138
2019-10-10,1.2955647060744913,0.8423368364141874
2019-10-11,1.2916967647437203,0.8395800877713435
2019-10-14,1.2905235622777793,0.838113839165504
2019-10-15,1.291535792921476,0.8383215396669588
2019-10-16,1.2916243955239481,0.8379292595926182
2019-10-17,1.2949712652416918,0.8399072896904178
2019-10-18,1.2954032488804146,0.8401643146666951
2019-10-21,1.297292124139888,0.8411844833405946
2019-10-22,1.2967023289596957,0.8405968962198445
2019-10-23,1.298834285744747,0.8419768908429308
2019-10-24,1.3002257610592978,0.8428535439223304
2019-10-25,1.301454112721955,0.8435543565437565
2019-10-28,1.2997487634844076,0.8424456269325761
2019-10-29,1.2986552664069646,0.8415201134068241
2019-10-30,1.3003150060405335,0.8425870735958955
2019-10-31,1.2961250002445668,0.8398699632716473
2019-11-01,1.3007819482673224,0.8424306183922945
2019-11-04,1.3008238305339423,0.8422369878681263
2019-11-05,1.2945575898232264,0.8380078667910446
2019-11-06,1.2926322808673671,0.8364333055973333
2019-11-07,1.2927797743671565,0.8363594296081716
2019-11-08,1.2933802706880473,0.8365293207974706
2019-11-11,1.2908368116952609,0.8348821106809781
2019-11-12,1.2909118244270728,0.8349292324302279
2019-11-13,1.2891043690712158,0.8337593159673924
2019-11-14,1.2882931083580176,0.8332316119513921
2019-11-15,1.2919241966825532,0.8354433766302186
2019-11-18,1.2907153467602825,0.834651552534306
2019-11-19,1.2887199937484985,0.833140526629246
2019-11-20,1.2890209278163596,0.8330359953705061
2019-11-21,1.2886328796989033,0.8327085652140135
2019-11-22,1.2905825926559271,0.8339669501619447
2019-11-25,1.2949120000794783,0.8367578553301009
2019-11-26,1.2963645220424482,0.8375242796642393
2019-11-27,1.2970651832481048,0.8379735388713293
2019-11-29,1.2916433498152837,0.8344168637767502
2019-12-02,1.2868810151668688,0.831221189942821
2019-12-03,1.290160043604886,0.8332781722228502
2019-12-04,1.2884186632666084,0.8317728995883312
2019-12-05,1.2878568759957463,0.8310798968177523
2019-12-06,1.2901974439194335,0.8325665173554198
2019-12-09,1.2892009461247675,0.8318003358666447
2019-12-10,1.2894311819960287,0.8318892900425948
2019-12-11,1.2932756438142126,0.8343053475979026
2019-12-12,1.2940039329866768,0.8346585740436023
2019-12-13,1.298050267321523,0.8369812912438674
2019-12-16,1.3002335177108093,0.8381075022540421
2019-12-17,1.301466101913231,0.8388549116775581
2019-12-18,1.3018317808174968,0.8390856228696336
2019-12-19,1.303266809961494,0.8398363307536152
2019-12-20,1.3040312163680072,0.8401174254343806
2019-12-23,1.30512655679501,0.8406823377261621
2019-12-24,1.3074646278243631,0.8420504620073397
2019-12-26,1.3109488384976806,0.8441558065257725
2019-12-27,1.3116965584641045,0.8444917381442252
2019-12-30,1.3102923102241673,0.8435860594038568
2019-12-31,1.3105980274779911,0.8437773416838749
2020-01-02,1.3178967298975832,0.8483070156608323
2020-01-03,1.3181450933707983,0.8482951838101522
2020-01-06,1.3187545503032871,0.8486475740058091
2020-01-07,1.3169665134535202,0.8474938488081811
2020-01-08,1.315452663267889,0.846478922167703
2020-01-09,1.317288061844342,0.847650068295811
2020-01-10,1.3190790581663359,0.8486641745465836
2020-01-13,1.3203535341292054,0.8494481691996948
2020-01-14,1.319991633839903,0.8492105745956996
2020-01-15,1.3221160771353433,0.850560747905874
2020-01-16,1.3242553326935607,0.8519344718246441
2020-01-17,1.3251816110669257,0.8525286580647967
2020-01-21,1.3243838897510098,0.8520125389443902
2020-01-22,1.3253719053229556,0.8526435927018604
2020-01-23,1.32600963325421,0.8530490722201244
2020-01-24,1.3259985622618247,0.8530382200171999
2020-01-27,1.325090703211226,0.8522657960132534
2020-01-28,1.3207411145251744,0.8493235470498572
2020-01-29,1.323853504637573,0.8512488237466291
2020-01-30,1.3235826490403224,0.8510716510158509
2020-01-31,1.3227474189474884,0.8504984896434316
2020-02-03,1.3221388366009579,0.8500344681179184
2020-02-04,1.3186439483359473,0.8477473537269177
2020-02-05,1.3203484524973426,0.8486426164233769
2020-02-06,1.3225731496422728,0.8500230172438678
2020-02-07,1.324276966353464,0.8511112613442066
2020-02-10,1.3278291254713528,0.8533452000091503
2020-02-11,1.3270457807873453,0.852838957697856
2020-02-12,1.3285704788937243,0.853771500955936
2020-02-13,1.3290123761695418,0.8540276682872718
2020-02-14,1.3314703416330644,0.8555336836982464
2020-02-18,1.334287593564301,0.857342541341386
2020-02-19,1.3349740521909694,0.857752511806204
2020-02-20,1.3387205754080185,0.8601458496403293
2020-02-21,1.3401428413684437,0.8610481247233436
2020-02-24,1.337790336478059,0.8595235376868389
2020-02-25,1.3317079991980165,0.8554382296632812
2020-02-26,1.3300722055580643,0.8542919223331208
2020-02-27,1.3276447598589456,0.8527256680323098
2020-02-28,1.3320116993226505,0.8555166935863707
2020-03-02,1.3301012226669233,0.8540255690156531
2020-03-03,1.3426860887754974,0.8621047360072358
2020-03-04,1.3413353221843236,0.8611502173858552
2020-03-05,1.3499523031077314,0.8666800984903198
2020-03-06,1.3654243510085526,0.8766065203760157
2020-03-09,1.3574616470542895,0.8714754447062969
2020-03-10,1.331314164224314,0.8546159839558557
2020-03-11,1.3108974797419555,0.8413025360230951
2020-03-12,1.2829049234351408,0.8227670707337116
2020-03-13,1.2539078857992259,0.8036784993655647
2020-03-16,1.2510000380418447,0.8012579838640621
2020-03-17,1.1675794444039058,0.7472725109264815
2020-03-18,1.1603925559257886,0.742148106860687
2020-03-19,1.1878799008827137,0.7595070056390428
2020-03-20,1.1844969380418178,0.7573440058479295
2020-03-23,1.1968099425454564,0.7650066899347465
2020-03-24,1.1807735903341854,0.7547528854240223
2020-03-25,1.169775094898761,0.7474961414942175
2020-03-26,1.1681568988941187,0.7462352394354174
2020-03-27,1.1690710786010607,0.7468145030142037
2020-03-30,1.1692452589026223,0.7466675695949558
2020-03-31,1.158826398478328,0.7397569987456601
2020-04-01,1.1633009310354732,0.7424572498311681
2020-04-02,1.1678827266241896,0.7453809791863087
2020-04-03,1.1719332265463904,0.7478139677994692
2020-04-06,1.1800658318214499,0.7530032467893409
2020-04-07,1.174958974071011,0.7496389916997458
2020-04-08,1.1767055759915812,0.7507521352309415
2020-04-09,1.1943717597803938,0.7619330511849868
2020-04-13,1.1887417089945291,0.7581743880149501
2020-04-14,1.1986791775983217,0.7643560984728824
2020-04-15,1.1922125728936004,0.7602318674363807
2020-04-16,1.1940518228062589,0.7612560790335362
2020-04-17,1.1945713865334757,0.761587075783713
2020-04-20,1.1905387025520704,0.7590148169682475
2020-04-21,1.1813452059322942,0.7531533172594105
2020-04-22,1.1905148685675093,0.7589987185896236
2020-04-23,1.1931254785231211,0.7606621658684379
2020-04-24,1.1927645732402796,0.7604319045055773
2020-04-27,1.1934336345764354,0.7607090308436002
2020-04-28,1.196030489097955,0.7623635085541567
2020-04-29,1.2080138551654813,0.7700009882393017
2020-04-30,1.1956672543040898,0.7621295203086353
2020-05-01,1.1860374832373088,0.7559904668704812
2020-05-04,1.1859804640346647,0.7559534280664152
2020-05-05,1.1884333565897232,0.757456908680619
2020-05-06,1.1798015262575323,0.75187538950311
2020-05-07,1.1856358994525873,0.7554144819114466
2020-05-08,1.1904708395424528,0.7584091735511542
2020-05-11,1.187801401157346,0.7566364822664805
2020-05-12,1.1809670060756485,0.7521238271523301
2020-05-13,1.1815686312158424,0.7523432448788333
2020-05-14,1.185831407161983,0.755055606572154
2020-05-15,1.1905804734604366,0.757931283128362
2020-05-18,1.1947084965718917,0.76043711969125
2020-05-19,1.1966832091273734,0.7615051585272303
2020-05-20,1.2075792995659036,0.7684126549719201
2020-05-21,1.2010672853622286,0.7642411986922576
2020-05-22,1.1998159495609495,0.7633974171252087
2020-05-26,1.2048543312300484,0.7665570328790158
2020-05-27,1.210750230409375,0.7702226258287636
2020-05-28,1.211217521798634,0.7704629263320013
2020-05-29,1.2188569811556687,0.775240125309133
2020-06-01,1.2268190044123004,0.7802830298853514
2020-06-02,1.2305325528317186,0.7826362942694332
2020-06-03,1.2316881295433877,0.7833658311808551
2020-06-04,1.22763406604618,0.7807099323709112
2020-06-05,1.2366858284209856,0.7864648901137512
2020-06-08,1.2437396465945385,0.7909433978955471
2020-06-09,1.2390575271757747,0.7879625213449636
2020-06-10,1.243645994567381,0.7908768683328335
2020-06-11,1.2167106968775452,0.7736697471190418
2020-06-12,1.2221023734343004,0.7770265152128697
2020-06-15,1.2279098523781686,0.7806470283051439
2020-06-16,1.2306642431459593,0.7823491023989739
2020-06-17,1.2294392261470373,0.7815650825608136
2020-06-18,1.2293048649582459,0.7814771625945934
2020-06-19,1.2303656845922417,0.7821467682057426
2020-06-22,1.2327776299323603,0.7836203176378158
2020-06-23,1.2344476298327138,0.7846778420219666
2020-06-24,1.2242381074924047,0.7781278960771602
2020-06-25,1.2290332547119058,0.7810698607111585
2020-06-26,1.2277976262691155,0.7802797318783872
2020-06-29,1.2307809406243804,0.7821319796800745
2020-06-30,1.2327703968588846,0.7833955866855487
2020-07-01,1.2341051408842705,0.7842013617429516
2020-07-02,1.2377250729966962,0.7864754111169174
2020-07-06,1.2441583872112094,0.7905604958627062
2020-07-07,1.243125693902179,0.7898331362845541
2020-07-08,1.2475433161293634,0.792545207414389
2020-07-09,1.2491528743882219,0.793566637032486
2020-07-10,1.2491974909633652,0.793591869351171
2020-07-13,1.247585198589979,0.792491629758107
2020-07-14,1.2532829462629151,0.7960350806151313
2020-07-15,1.2562239527400485,0.7978298596754784
2020-07-16,1.2543070575890725,0.7966018870342967
2020-07-17,1.2575653421902833,0.7986658011708202
2020-07-20,1.2626865415603434,0.8019172050797009
2020-07-21,1.2689915813805375,0.8059161685433266
2020-07-22,1.2761947624982182,0.8104885219831327
2020-07-23,1.2762030819468035,0.8104659788694238
2020-07-24,1.2758647090895703,0.8102498168292717
2020-07-27,1.281411655575236,0.8137478809167429
2020-07-28,1.2818878480846394,0.8140256301947753
2020-07-29,1.2874257530565296,0.8175409952373163
2020-07-30,1.2841365396035307,0.8154468465173897
2020-07-31,1.285866815446507,0.8165428798682954
2020-08-03,1.2866362099282347,0.8169975494531753
2020-08-04,1.2952178159902754,0.8224148444938472
2020-08-05,1.296317640161679,0.8231092463451509
2020-08-06,1.302468676373647,0.8270067495829712
2020-08-07,1.297265479692215,0.8236935240455283
2020-08-10,1.2972818847618093,0.8236886247737106
2020-08-11,1.282807407862683,0.8144884265464154
2020-08-12,1.2852567081404256,0.8159700011397537
2020-08-13,1.285547793015984,0.8157693646446104
2020-08-14,1.2807240102301716,0.8124703579150796
2020-08-17,1.2943347223115829,0.8210763761969357
2020-08-18,1.2955880089396865,0.82186400318009
2020-08-19,1.282740269098681,0.8137079137368511
2020-08-20,1.2856415782214894,0.8154618711834529
2020-08-21,1.2829053476359809,0.8136385449610852
2020-08-24,1.2904393064128412,0.8184154082456042
2020-08-25,1.2962561379233961,0.8220217521665351
2020-08-26,1.2999690944577666,0.8243746974656163
2020-08-27,1.2958916063054737,0.821705952170239
2020-08-28,1.3028980535296413,0.8260658984176601
2020-08-31,1.296730814130744,0.822080085825588
2020-09-01,1.3033554595900496,0.8262627736704963
2020-09-02,1.3059240972560346,0.827885099339113
2020-09-03,1.295760987909878,0.8209737086126087
2020-09-04,1.2900623060813108,0.8171355973152973
2020-09-08,1.2676984713777355,0.8023172138168876
2020-09-09,1.2656880212293635,0.8002424972131696
2020-09-10,1.2581261832674042,0.7949115531702106
2020-09-11,1.255632919807181,0.7927900134316846
2020-09-14,1.2552099766958968,0.7923145848371761
2020-09-15,1.2659685575793107,0.7985215727045091
2020-09-16,1.2663644914439807,0.7982285916887454
2020-09-17,1.2614654781299761,0.7950374817244011
2020-09-18,1.252284471058115,0.7887211008467253
2020-09-21,1.2205590586874462,0.7680982449515839
2020-09-22,1.2230629343981785,0.7689058365721096
2020-09-23,1.2215010746136032,0.7673937602673598
2020-09-24,1.221889934648796,0.7671089213870478
2020-09-25,1.2240775193469797,0.7684814395259064
2020-09-28,1.2203693310514585,0.76614689989762
2020-09-29,1.2171602485057744,0.7641308646463465
2020-09-30,1.2130861032640265,0.761568737230769
2020-10-01,1.211172023221175,0.7601011299114114
2020-10-02,1.2136302733078812,0.7613590940669845
2020-10-05,1.2109111859843473,0.759496393355916
2020-10-06,1.2076176750784464,0.7569771195490552
2020-10-07,1.2104979655418246,0.7586216059843292
2020-10-08,1.2158400103714353,0.7618088178787474
2020-10-09,1.215864325176196,0.7617870089699347
2020-10-12,1.2211768745049552,0.7648792870843614
2020-10-13,1.2135291762613132,0.7598729963244775
2020-10-14,1.2110656839408116,0.7581213610421743
2020-10-15,1.2089837444877802,0.7565151089774123
2020-10-16,1.2071441139304333,0.7550117161725041
2020-10-19,1.2016184306014472,0.7514907422455138
2020-10-20,1.2055881625733351,0.7537588739664179
2020-10-21,1.2016792791240365,0.7510585919966597
2020-10-22,1.2002772448552048,0.7499877962510808
2020-10-23,1.2018839993687833,0.7508118049696848
2020-10-26,1.1863810066718985,0.7410745057560558
2020-10-27,1.187372798262484,0.7411790445885774
2020-10-28,1.1787921561715609,0.7351309833163865
2020-10-29,1.1787921561715609,0.7347634178247283
2020-10-30,1.1766193797800428,0.7330417035481599
2020-11-02,1.178010661794982,0.7337304218511282
2020-11-03,1.1747104795053422,0.7314535530474308
2020-11-04,1.1849144007097197,0.7372552010529267
2020-11-05,1.1926791365568665,0.7415756327741576
2020-11-06,1.1898103392317654,0.7397748721461108
2020-11-09,1.18491148158672,0.73663627556231
2020-11-10,1.185844097683516,0.7368525316128391
2020-11-11,1.1896540636269006,0.7392146604645755
2020-11-12,1.1833989842537636,0.7353236768493924
2020-11-13,1.188458855758454,0.7381860689420876
2020-11-16,1.1942777027694271,0.7417811096846525
2020-11-17,1.1952099653290775,0.7423582963159696
2020-11-18,1.1929905983417026,0.7409772725450701
2020-11-19,1.1972006962019983,0.7435305801423583
2020-11-20,1.1981102269919228,0.7440925887471662
2020-11-23,1.1989620150438174,0.7446201946300023
2020-11-24,1.2023555065732545,0.7467211634384242
2020-11-25,1.2019494637603843,0.7464674199895968
2020-11-27,1.2049091786115957,0.7482455920390721
2020-11-30,1.2011688185678573,0.7458653170592703
2020-12-01,1.2023221132465003,0.746575959107063
2020-12-02,1.2018160585842714,0.7462038176132999
2020-12-03,1.205440145295721,0.7484526930925246
2020-12-04,1.207361803287817,0.7496231815399729
2020-12-07,1.207191274804155,0.7495135442745794
2020-12-08,1.207065476427577,0.7494329863903663
2020-12-09,1.2017617474208488,0.7460971871669312
2020-12-10,1.2060846332988537,0.7487170394741491
2020-12-11,1.205777310004088,0.7484695325494704
2020-12-14,1.2045174594480839,0.7476864334673311
2020-12-15,1.2096528259840538,0.7508734657446199
2020-12-16,1.2114612684143922,0.7519391827829526
2020-12-17,1.2160116193104928,0.7547202796253392
2020-12-18,1.2138232602331624,0.7533606540470279
2020-12-21,1.2096619363907362,0.7507765343930407
2020-12-22,1.2075117142434733,0.7494048277982891
2020-12-23,1.2102520867317208,0.7510186890671838
2020-12-24,1.212567433482729,0.7523684179942596
2020-12-28,1.214829688656111,0.7537342708898235
2020-12-29,1.215914899607382,0.754405628838673
2020-12-30,1.2193235063285142,0.7564827799027561
2020-12-31,1.2203636709710703,0.7570892036668477
2021-01-04,1.218007785038368,0.7556254559534152
2021-01-05,1.2228034146325422,0.7585625224313078
2021-01-06,1.2192524238735856,0.7562348259583289
2021-01-07,1.2252338645742473,0.7596485495092485
2021-01-08,1.2249693942287287,0.7594817837141282
2021-01-11,1.2151855217997212,0.7533345364047861
2021-01-12,1.2168250994947927,0.7541435862803877
2021-01-13,1.2181010579779845,0.7547267761539678
2021-01-14,1.2195624168146215,0.7554227715997754
2021-01-15,1.210708117586624,0.749728585989296
2021-01-19,1.215020487180276,0.7522149022044311
2021-01-20,1.2218764344475264,0.7564578262766931
2021-01-21,1.2205323321600503,0.7555904992848529
2021-01-22,1.2151660362365453,0.752096071742542
2021-01-25,1.2180192576936721,0.7536927307989661
2021-01-26,1.216275703515673,0.7526130170070224
2021-01-27,1.2016483636063207,0.7433927928452442
2021-01-28,1.2015534302016133,0.7427817374607798
2021-01-29,1.1949381147812397,0.7382825812140166
2021-02-01,1.217360226072997,0.751755624234978
2021-02-02,1.220341311984295,0.7532114466424001
2021-02-03,1.222793644381772,0.7547209462576226
2021-02-04,1.2271122243490298,0.7573220804299283
2021-02-05,1.2298079908133082,0.7589788436423581
2021-02-08,1.2353101947681455,0.7623680041911628
2021-02-09,1.2350290616134239,0.7621934718422971
2021-02-10,1.2350383106633303,0.7621969360938958
2021-02-11,1.2366523866198187,0.7631879767189493
2021-02-12,1.2418462932720358,0.7662243708353018
2021-02-16,1.2421254850837893,0.766226680612221
2021-02-17,1.2432839822254595,0.7669394846405999
2021-02-18,1.2376304977421984,0.763449856399803
2021-02-19,1.237509943021831,0.7633744804690474
2021-02-22,1.2373876063831104,0.763131281341172
2021-02-23,1.2397628700561694,0.7645319310281893
2021-02-24,1.2450013945142733,0.7677019131487905
2021-02-25,1.228337375847026,0.757365682770415
2021-02-26,1.2023006081423901,0.7407227355367866
2021-03-01,1.201135894730792,0.7395395239310121
2021-03-02,1.1959815477047024,0.7359596444309289
2021-03-03,1.195148634082103,0.735372893778833
2021-03-04,1.2116295737239,0.7450629192890796
2021-03-05,1.2220632427833147,0.7514761863733774
2021-03-08,1.2233180820477767,0.7522450138113068
2021-03-09,1.215750412164566,0.7475889392568492
2021-03-10,1.2204488411804308,0.7501158071040501
2021-03-11,1.2255693972750528,0.7532499241138685
2021-03-12,1.230873952426123,0.756506119032196
2021-03-15,1.2359998215215524,0.7596532936391687
2021-03-16,1.2342048053850874,0.7585451668163284
2021-03-17,1.2337490629637384,0.7582637195791048
2021-03-18,1.2215279400224968,0.7507489816568378
2021-03-19,1.2190416166821938,0.7491523903297773
2021-03-22,1.2209248678583,0.750253520173398
2021-03-23,1.2141857115688783,0.7461112870148944
2021-03-24,1.2131452999599202,0.7452807329190001
2021-03-25,1.2190019426562144,0.7487296964277775
2021-03-26,1.2280105907241499,0.7541122370054845
2021-03-29,1.227658921504047,0.7535534116590678
2021-03-30,1.2278886539691611,0.7536934613371887
2021-03-31,1.2284865884236555,0.7540589691961993
2021-04-01,1.2337349423797603,0.7572769587922366
2021-04-05,1.2358909821780384,0.7584664325647159
2021-04-06,1.2363271310595751,0.758689957440801
2021-04-07,1.2347179872315197,0.7574555491655341
2021-04-08,1.2365414842989082,0.7584990368625607
2021-04-09,1.2355236469879198,0.757799617241067
2021-04-12,1.2346222571096133,0.7572156819436154
2021-04-13,1.2392374460031328,0.7599186017119652
2021-04-14,1.2371570992286347,0.7586406142915388
2021-04-15,1.247776511750948,0.7650687088555906
2021-04-16,1.2469093070600936,0.7645335491434929
2021-04-19,1.244673368403993,0.7631615111433797
2021-04-20,1.2429302908721434,0.7620918513588207
2021-04-21,1.2491658823575333,0.7659117520450889
2021-04-22,1.2458865975017166,0.7638810758525836
2021-04-23,1.2494735756771393,0.7660613130202325
2021-04-26,1.2499829523488473,0.7663723686792219
2021-04-27,1.2477056441300751,0.764973567399435
2021-04-28,1.249442815054872,0.7660343453213889
2021-04-29,1.2501580200333375,0.7664721415832474
2021-04-30,1.2468638917085766,0.764451815597182
2021-05-03,1.2521013884974805,0.7676485134546807
2021-05-04,1.2493625569322278,0.7659485684331742
2021-05-05,1.250524575199802,0.7666281920203921
2021-05-06,1.2555549877925531,0.7697091989965572
2021-05-07,1.2592832391539484,0.7719626624401941
2021-05-10,1.2542678969705239,0.7688840102843093
2021-05-11,1.250257112534754,0.7663412567197437
2021-05-12,1.2354866368545416,0.7569634897821004
2021-05-13,1.232380737789118,0.7544728930610346
2021-05-14,1.2470271038327678,0.7634374050177143
2021-05-17,1.2485436491397506,0.7637062792649549
2021-05-18,1.245815687862272,0.7617068274383142
2021-05-19,1.2360250513335151,0.755306623761201
2021-05-20,1.2429499179155301,0.7595358005250152
2021-05-21,1.2422582847764698,0.758736307325911
2021-05-24,1.246539482519445,0.760898514921826
2021-05-25,1.2490953047207698,0.7624081825466908
2021-05-26,1.2491963348000659,0.7623835194670028
2021-05-27,1.2483548285496686,0.7618660935515724
2021-05-28,1.2495778885426125,0.7626090028399009
2021-06-01,1.2531088901761367,0.7647622855519115
2021-06-02,1.2567684111642148,0.7669920287774689
2021-06-03,1.2505292672374397,0.7631817237623928
2021-06-04,1.2560772437692511,0.7663186861564424
2021-06-07,1.2567088903743058,0.7664657889583593
2021-06-08,1.2587542689742848,0.7677091635736396
2021-06-09,1.2604946624899447,0.7687662525942656
2021-06-10,1.2652017988194684,0.7716324299747053
2021-06-11,1.2641515222480104,0.7709898904241517
2021-06-14,1.2623036044921925,0.769778262379553
2021-06-15,1.2614265314980608,0.7692398206393729
2021-06-16,1.2581672489522153,0.7672111182227721
2021-06-17,1.2618724996348865,0.7694470521933692
2021-06-18,1.2618086034537748,0.76940091184128
2021-06-21,1.2607425239488612,0.7686621446442786
2021-06-22,1.2613752856831753,0.7689652633531731
2021-06-23,1.260272358547203,0.768258570618274
2021-06-24,1.2626314486479056,0.7696567217161002
2021-06-25,1.2627118088769846,0.769666219272178
2021-06-28,1.2641363211175882,0.7705299875278863
2021-06-29,1.2655134915447301,0.7713297325887128
2021-06-30,1.266082298760298,0.7716757583250943
2021-07-01,1.267786271117782,0.7727105829478221
2021-07-02,1.270312817834429,0.7742495992766095
2021-07-06,1.272828973665656,0.775747273587689
2021-07-07,1.274549067801138,0.7767898025498288
2021-07-08,1.2737984694916176,0.7763298814619074
2021-07-09,1.2737444395592368,0.7762939478485676
2021-07-12,1.2742489463046707,0.7765948430481465
2021-07-13,1.271591489361057,0.7749314574602855
2021-07-14,1.273409443551373,0.7759956558029465
2021-07-15,1.2748074287763682,0.7768043207316924
2021-07-16,1.2724700132404045,0.7753563259781175
2021-07-19,1.2722645852908667,0.7751869066379034
2021-07-20,1.2704400549818726,0.773755006474714
2021-07-21,1.2673114878165537,0.7717079833749505
2021-07-22,1.2696092023791812,0.772911659438321
2021-07-23,1.2708449816161098,0.7736175506041623
2021-07-26,1.2692831041662143,0.7726203012610013
2021-07-27,1.2701871192671206,0.7731248452603429
2021-07-28,1.270767619858999,0.773431352486769
2021-07-29,1.272646553820664,0.7744631689170687
2021-07-30,1.2716652933082948,0.7738643219186077
2021-08-02,1.2715289797173086,0.7737796698099423
2021-08-03,1.2740588194224967,0.7750951386874697
2021-08-04,1.2729609004952602,0.7744255798238073
2021-08-05,1.272599721232526,0.774203557973482
2021-08-06,1.2635715213490184,0.7687078164089052
2021-08-09,1.2621965327555449,0.7676387736297438
2021-08-10,1.2615731971689839,0.7669247312783758
2021-08-11,1.2638578259634694,0.7683126354447695
2021-08-12,1.2656170774734725,0.7693802058631557
2021-08-13,1.2659106456124356,0.7695583669796714
2021-08-16,1.266124714863092,0.7691333208026092
2021-08-17,1.2646012137734675,0.7679825901049843
2021-08-18,1.2600899478244199,0.7647849439590803
2021-08-19,1.2623641035787312,0.7658609376863874
2021-08-20,1.2638676987509156,0.7665589120879472
2021-08-23,1.2632093409202843,0.7661531180894932
2021-08-24,1.2620627168143297,0.7652102072055799
2021-08-25,1.2608036087023429,0.764134808489385
2021-08-26,1.2596489237269786,0.763289741877472
2021-08-27,1.264277709937416,0.7660108039171976
2021-08-30,1.2665505591294235,0.7669686261109248
2021-08-31,1.2661372448348385,0.7666851724408529
2021-09-01,1.2696402207010535,0.7687610182913123
2021-09-02,1.2721572468277098,0.7702395237191199
2021-09-03,1.2716587921502924,0.7699365931894921
2021-09-07,1.2647637877856188,0.7655350567688904
2021-09-08,1.2625462455008463,0.7639748787053996
2021-09-09,1.2575965438532233,0.7609322331217665
2021-09-10,1.2535427881240806,0.75809787948452
2021-09-13,1.2572720783173374,0.7601578458046279
2021-09-14,1.258285527220199,0.7606089158099453
2021-09-15,1.2586085293852944,0.7607379007120015
2021-09-16,1.2548825548533271,0.7583809995078464
2021-09-17,1.251515177354465,0.7562242946284287
2021-09-20,1.2523941701120591,0.7566074669512161
2021-09-21,1.2527928557282273,0.7568444208910576
2021-09-22,1.255892481938691,0.7587030382837673
2021-09-23,1.2506814107595443,0.7555442462010716
2021-09-24,1.2493915921518368,0.7545013999494211
2021-09-27,1.2507576279608725,0.7550861728636922
2021-09-28,1.2483542829446785,0.7536332616244382
2021-09-29,1.2558250614142619,0.7577017674219938
2021-09-30,1.254937148123956,0.757160892749487
2021-10-01,1.2551500171453462,0.7572885763942371
2021-10-04,1.2557628365743863,0.7576575059531137
2021-10-05,1.261548295588351,0.7611475636956969
2021-10-06,1.2598513423610564,0.7601217057309466
2021-10-07,1.2632973971186106,0.7621991275968976
2021-10-08,1.2627994681540506,0.7618956392423909
2021-10-11,1.2681225380092447,0.7651062963864588
2021-10-12,1.2691889343007925,0.7657474513434217
2021-10-13,1.2633516199837074,0.7622238712611209
2021-10-14,1.2686841793865304,0.765195754258412
2021-10-15,1.2678050142500072,0.7643838122675193
2021-10-18,1.267189042715402,0.7639051119553393
2021-10-19,1.2725369185555453,0.7671236503844897
2021-10-20,1.2797337058393472,0.7713735862887184
2021-10-21,1.2759355313608625,0.768834159299861
2021-10-22,1.27860233168805,0.770186806660129
2021-10-25,1.2829973886580888,0.7725795196811884
2021-10-26,1.2826560138450005,0.7721164602315362
2021-10-27,1.2769555854048225,0.768674884394506
2021-10-28,1.2785092833557803,0.7694220441532046
2021-10-29,1.27278518151894,0.7657801669809496
2021-11-01,1.2739841850933813,0.7663090370075721
2021-11-02,1.2737464998368093,0.7659734160411418
2021-11-03,1.2700946852333994,0.7634333104682015
2021-11-04,1.2746867458317293,0.7660008519777992
2021-11-05,1.2809079830835712,0.7696249003976517
2021-11-08,1.2804043652077552,0.7692987944868218
2021-11-09,1.2823963269681073,0.7704601299289926
2021-11-10,1.2739422842689674,0.7652717270753883
2021-11-11,1.2747130647315748,0.7656228105767926
2021-11-12,1.275916935812911,0.7660304476060914
2021-11-15,1.2742284919943931,0.7648298909738566
2021-11-16,1.2728441304242237,0.763663058414911
2021-11-17,1.2735563867860522,0.7640878853035341
2021-11-18,1.2710979039010026,0.76253856374714
2021-11-19,1.2695244306436868,0.7615199504968474
2021-11-22,1.261831085252859,0.7565818172574146
2021-11-23,1.261105366701655,0.755720043529857
2021-11-24,1.26799445505305,0.7597288962251023
2021-11-26,1.2554673379819488,0.7521079210900894
2021-11-29,1.2553458824396246,0.7516599894082452
2021-11-30,1.2529066322615414,0.7500867193201852
2021-12-01,1.2547981733576912,0.7510515543032029
2021-12-02,1.255682730794037,0.751575671514924
2021-12-03,1.2614021826334454,0.7549932454806576
2021-12-06,1.2570786418084012,0.7524008437754247
2021-12-07,1.258968701616185,0.7532950074686431
2021-12-08,1.2552943025452887,0.7510359420463946
2021-12-09,1.2522187879012485,0.748906443142529
2021-12-10,1.2543415533865747,0.7501723472269342
2021-12-13,1.257194231933986,0.7518771646063509
2021-12-14,1.25382572089948,0.7495689502151333
2021-12-15,1.2548906990666489,0.7500364298422567
2021-12-16,1.2521763008019924,0.748177442698044
2021-12-17,1.254126648155096,0.7491570403804084
2021-12-20,1.2506362757597338,0.7470150621834167
2021-12-21,1.252691876106859,0.7481227845064227
2021-12-22,1.2552334288412994,0.7494735458760768
2021-12-23,1.256187923251566,0.7499102463969947
2021-12-27,1.2619785575865354,0.7532933795476134
2021-12-28,1.261262874481933,0.7528630452506379
2021-12-29,1.2595315126725253,0.7518288003265252
2021-12-30,1.2605676400628285,0.7521267353094139
2021-12-31,1.2606811754397038,0.7519427652402856
2022-01-03,1.2583278475962425,0.7504031429217373
2022-01-04,1.2600772569000844,0.751440559431031
2022-01-05,1.2481200002004003,0.7441512336554829
2022-01-06,1.2410050119975105,0.7394996070286212
2022-01-07,1.2364780688691424,0.7364750683738741
2022-01-10,1.2328998063610677,0.7340181204770808
2022-01-11,1.253693912819742,0.7461604059124017
2022-01-12,1.2656211264799908,0.7530196024274447
2022-01-13,1.2569124413118329,0.7475734950511945
2022-01-14,1.2570882131544843,0.7473286128873191
2022-01-18,1.254213707285627,0.7456165096977823
2022-01-19,1.272802705750626,0.7564824838399428
2022-01-20,1.2758755847047571,0.7582976890265982
2022-01-21,1.2664422989429958,0.7526904080359572
2022-01-24,1.2594287939044866,0.7485185426661518
2022-01-25,1.2628189279921478,0.7503311666508702
2022-01-26,1.2487129975105127,0.741949110948215
2022-01-27,1.2448859121642812,0.7392788037338004
2022-01-28,1.2447464851362728,0.7389061196108234
2022-01-31,1.2385456987436185,0.7352239785204794
2022-02-01,1.2379727239488658,0.7347273915380905
2022-02-02,1.234371278414675,0.7325685135597305
2022-02-03,1.2336534640970769,0.7316624859028316
2022-02-04,1.2608479450260839,0.7473367649036265
2022-02-07,1.2563802321378146,0.7446886374195718
2022-02-08,1.2528445072477938,0.7420730773495627
2022-02-09,1.2620428950382123,0.747190749124885
2022-02-10,1.2516299625489864,0.7407650737905
2022-02-11,1.267163533601479,0.7496999964135678
2022-02-14,1.2737140807506104,0.753201668940223
2022-02-15,1.2598046911243048,0.7449710197376199
2022-02-16,1.2629704372272317,0.7467416807211794
2022-02-17,1.2700174403981774,0.7505865416400415
2022-02-18,1.2697033521516587,0.7503970288470051
2022-02-22,1.2740156186783422,0.7525694904039335
2022-02-23,1.281074758594137,0.7567377711050418
2022-02-24,1.2816028514187268,0.7570412790544825
2022-02-25,1.2767118416992018,0.7541412352389271
2022-02-28,1.2869747766973572,0.7601981655624854
2022-03-01,1.3134234505618205,0.7757033184962444
2022-03-02,1.3051099452195947,0.7705494749306296
2022-03-03,1.3071726277150584,0.7714393272149457
2022-03-04,1.3275201181028593,0.7833417324433404
2022-03-07,1.3343412935358763,0.7872630005330234
2022-03-08,1.3481998195376264,0.7953426845416627
2022-03-09,1.3102888577543323,0.7728551304293998
2022-03-10,1.3142455210692903,0.7750712104407843
2022-03-11,1.3160389013311027,0.7761264613113347
2022-03-14,1.3001741724329026,0.7666515669842838
2022-03-15,1.2863191494379018,0.7584788845639875
2022-03-16,1.283702354364366,0.7568737793999615
2022-03-17,1.2886450092566442,0.7596565778999356
2022-03-18,1.2880834133750954,0.7591908596935898
2022-03-21,1.2902353821505768,0.7602287566050325
2022-03-22,1.2890033372434948,0.7593327212230409
2022-03-23,1.2914840244467658,0.7607921893161783
2022-03-24,1.2981347729768549,0.7647060220255428
2022-03-25,1.3003285675240635,0.7659952467411995
2022-03-28,1.2929428761810982,0.7616437617857124
2022-03-29,1.3030204550614264,0.7673928891369866
2022-03-30,1.2983053609930049,0.7643776476218354
2022-03-31,1.2891474788740622,0.758982288752897
2022-04-01,1.2945135909721461,0.7620832791710814
2022-04-04,1.3017733765329447,0.7662975117889151
2022-04-05,1.2906770846930087,0.7596092389804715
2022-04-06,1.2881102864541125,0.7577990775288165
2022-04-07,1.2874824436650418,0.7574275720804501
2022-04-08,1.2873884948780687,0.7572948166489786
2022-04-11,1.2803502631679995,0.7530791736488922
2022-04-12,1.2828882944002034,0.754391462817192
2022-04-13,1.286883486529396,0.756602917632444
2022-04-14,1.2844585981185839,0.7549762552382582
2022-04-18,1.2892001040161443,0.7575626519109105
2022-04-19,1.2844760103998634,0.7547815123459822
2022-04-20,1.284081319101453,0.7544164676559167
2022-04-21,1.2786891988561784,0.7511290602743573
2022-04-22,1.2742735144973327,0.7483520127297167
2022-04-25,1.27569243968637,0.7490285671702985
2022-04-26,1.2762145909530973,0.7492798629731842
2022-04-27,1.2832246611600473,0.7532025779045689
2022-04-28,1.292790811346657,0.7588166256617273
2022-04-29,1.273801344557944,0.7474873217738318
2022-05-02,1.281620409189016,0.7518951672648585
2022-05-03,1.2768451200093753,0.7490924699530472
2022-05-04,1.2662277745735229,0.742790683658686
2022-05-05,1.2761823700370531,0.748554637394513
2022-05-06,1.2810135521767487,0.7513853651910984
2022-05-09,1.2722859896818681,0.7462658624439092
2022-05-10,1.2750400233852373,0.7478025926093665
2022-05-11,1.2764168879176652,0.7486101146072156
2022-05-12,1.2880461163171213,0.755355592016066
2022-05-13,1.2883189163917173,0.7555106718630066
2022-05-16,1.2868944302812562,0.7546751309693589
2022-05-17,1.2740747760136302,0.7471565124575921
2022-05-18,1.2765094418426932,0.7485791742928962
2022-05-19,1.2672266442433526,0.7431325291408519
2022-05-20,1.2717151289989317,0.7457618988582732
2022-05-23,1.2646880064405015,0.741300114624527
2022-05-24,1.265150847672899,0.7408819372861667
2022-05-25,1.2728168605159826,0.7446849631703885
2022-05-26,1.278791985505656,0.7479433365598589
2022-05-27,1.285824033246082,0.7520493044315545
2022-05-31,1.277728140929464,0.7471946533522227
2022-06-01,1.2708566970799884,0.743098413389151
2022-06-02,1.2792392586636017,0.7479398948331457
2022-06-03,1.2704765828556204,0.742618618528864
2022-06-06,1.265309125681222,0.7394482260509125
2022-06-07,1.2722278460497256,0.7431298892738026
2022-06-08,1.2636725087748633,0.737830214831413
2022-06-09,1.2381855280104546,0.7225644319916734
2022-06-10,1.2396820581450119,0.7229750903396962
2022-06-13,1.2357244367732472,0.7204259242862043
2022-06-14,1.2330999024023728,0.7186555687229504
2022-06-15,1.2213716146531104,0.7118190138292083
2022-06-16,1.2136921020056965,0.7073393390912767
2022-06-17,1.2073829962022653,0.7033620247620986
2022-06-21,1.203063096542796,0.7004658606372738
2022-06-22,1.2013352322520094,0.6994598369706946
2022-06-23,1.202631106576849,0.700214340809134
2022-06-24,1.20003935792717,0.6987053331322551
2022-06-27,1.1978792169514327,0.6974476226995971
2022-06-28,1.2047909608335823,0.701471884303853
2022-06-29,1.2117027047157318,0.7054961459081088
2022-06-30,1.2078148905952109,0.7032325231008311
2022-07-01,1.2142166459298465,0.7067521688421678
2022-07-05,1.2216164959979017,0.7106695341436426
2022-07-06,1.2164711058464197,0.7076680921461319
2022-07-07,1.2136146774392305,0.7058431131601303
2022-07-08,1.2108502482017884,0.7041134803947469
2022-07-11,1.2248362285508374,0.7118808243279657
2022-07-12,1.226632040278366,0.7124272993375772
2022-07-13,1.2314191741944585,0.7152038692980848
2022-07-14,1.229277593494558,0.7139590097150861
2022-07-15,1.2320836787633282,0.715586603051539
2022-07-18,1.2242367802510543,0.7109183581315464
2022-07-19,1.2243284708915798,0.7109690419407209
2022-07-20,1.2252009402120556,0.7113224506324836
2022-07-21,1.2356669357269885,0.7173954110364705
2022-07-22,1.2400583765639095,0.7199404798120348
2022-07-25,1.2370307476099165,0.7181784570655002
2022-07-26,1.2354913997929668,0.7172788126267982
2022-07-27,1.2418201133389177,0.7209500372894222
2022-07-28,1.2517922519968385,0.7266837871828011
2022-07-29,1.2548724173689458,0.7284297921161047
2022-08-01,1.2578750782867612,0.7300438095510708
2022-08-02,1.2435639494059192,0.7216426359102859
2022-08-03,1.2529420252458687,0.7270780351568681
2022-08-04,1.2561818281658863,0.7287943124194084
2022-08-05,1.2444857179383957,0.7218938268173611
2022-08-08,1.2516118730803223,0.7259150218848022
2022-08-09,1.2484999758682676,0.7241048729679522
2022-08-10,1.2585978690235677,0.7298458953329225
2022-08-11,1.2511415873007155,0.7255177056087114
2022-08-12,1.2633794829121732,0.7325553746134682
2022-08-15,1.2587178922916684,0.7298224061590792
2022-08-16,1.2560377001462282,0.728263123075013
2022-08-17,1.2461827945386728,0.7225454256476108
2022-08-18,1.245923786188403,0.7222448003023548
2022-08-19,1.2351330300333951,0.715863677323542
2022-08-22,1.224072540009719,0.7091310647574169
2022-08-23,1.22069090050471,0.706836218796318
2022-08-24,1.2245930757385206,0.7089295700631449
2022-08-25,1.2261463445147536,0.70961612350265
2022-08-26,1.2109066732562774,0.7005800295697064
2022-08-29,1.2140956424037554,0.7020848567059276
2022-08-30,1.205461884296386,0.6968755668652818
2022-08-31,1.1985835027674168,0.6928973233200298
2022-09-01,1.2092888012818288,0.6989723023116182
2022-09-02,1.2097004629476866,0.6992102439034473
2022-09-06,1.2167000777034274,0.7032560407684546
2022-09-07,1.2080535429970236,0.6982583195753483
2022-09-08,1.21052396847089,0.6996862323942938
2022-09-09,1.2018774337644862,0.6946885112011876
2022-09-12,1.1957014156276924,0.6911187554806208
2022-09-13,1.203574741655355,0.6955166131901829
2022-09-14,1.2011217450135714,0.6939451660357315
2022-09-15,1.19622485714554,0.6909605331771779
2022-09-16,1.19622485714554,0.6908057340323648
2022-09-19,1.19559502360584,0.6902858644973286
2022-09-20,1.196144595180104,0.690601784689878
2022-09-21,1.2102227289787038,0.6987280568724157
2022-09-22,1.211932403748254,0.6997148410316844
2022-09-23,1.2159294561514846,0.7020225209319265
2022-09-26,1.2295645214315658,0.7097390240011007
2022-09-27,1.2299655632016924,0.7099705165251221
2022-09-28,1.2139242473008518,0.7007110204249091
2022-09-29,1.208935894276351,0.6976678480534864
2022-09-30,1.208935894276351,0.6975048037233543
2022-10-03,1.231796367673562,0.7105233284050767
2022-10-04,1.2314551456632246,0.7100814604763097
2022-10-05,1.231667045833911,0.7101969698994816
2022-10-06,1.2392315826769242,0.7144781664839268
2022-10-07,1.2368240359864815,0.7130861021934739
2022-10-10,1.227314931891229,0.7076000615383905
2022-10-11,1.2172444833763623,0.7015685891843261
2022-10-12,1.213818486333449,0.6995919558152816
2022-10-13,1.2129271469560072,0.6989505119520316
2022-10-14,1.211976285052034,0.6983991398077363
2022-10-17,1.2019338115856957,0.6926118369099531
2022-10-18,1.1963171081237185,0.6893707870941593
2022-10-19,1.1966045483266743,0.6892484330170211
2022-10-20,1.1977195259478213,0.6896027253418546
2022-10-21,1.1909156106414507,0.6856850196516769
2022-10-24,1.1946347998551008,0.6876610001077718
2022-10-25,1.2000342949418805,0.6904869436259599
2022-10-26,1.207860629680282,0.6947447624950661
2022-10-27,1.2089203259838752,0.695250787758453
2022-10-28,1.2191067414645897,0.7011077410913823
2022-10-31,1.206309014048764,0.6936667805990282
2022-11-01,1.2127282958692596,0.6973536786613912
2022-11-02,1.1984114613881107,0.688893939103133
2022-11-03,1.1951199406996553,0.6867774517915582
2022-11-04,1.2126363318612272,0.6967857723249042
2022-11-07,1.2127457278473983,0.6966394288668897
2022-11-08,1.2213761303653663,0.7015962115047176
2022-11-09,1.203227352916125,0.6911659925986259
2022-11-10,1.2588155719377971,0.7228974932860043
2022-11-11,1.2667983048494045,0.7270561426148889
2022-11-14,1.2589084040031413,0.7225264161677188
2022-11-15,1.2701743320404857,0.7289547026252623
2022-11-16,1.2703148115899385,0.7289986923164214
2022-11-17,1.2632408001250957,0.7249024780035718
2022-11-18,1.262403299755528,0.7244197547559014
2022-11-21,1.2596202427266199,0.7228220786273634
2022-11-22,1.2692952114280016,0.7283733517896631
2022-11-23,1.2799630879746202,0.7344934246264598
2022-11-25,1.2798187125261942,0.7344085867912389
2022-11-28,1.2688208687332267,0.7280924208055995
2022-11-29,1.2716621334562668,0.7297186328433727
2022-11-30,1.2927656810154398,0.7418229099022509
2022-12-01,1.3062730911883988,0.7495681655280146
2022-12-02,1.310235682474652,0.751834814692512
2022-12-05,1.2929328406924727,0.7419035141986552
2022-12-06,1.2929103782382028,0.741887403104165
2022-12-07,1.3032515616180735,0.7478132057276379
2022-12-08,1.3057118046689746,0.7492142008937819
2022-12-09,1.300202410024538,0.7460516453910766
2022-12-12,1.3015459469590753,0.7468187283370814
2022-12-13,1.315579483733807,0.7548686830032042
2022-12-14,1.3147262270562199,0.7543766505106375
2022-12-15,1.3020488664501704,0.7471004804232108
2022-12-16,1.297009388054309,0.7441550004182981
2022-12-19,1.2884136835883895,0.7391734857850055
2022-12-20,1.288198333846664,0.738984521557085
2022-12-21,1.2917757943445234,0.7409094378657702
2022-12-22,1.2851224344096626,0.7369055146925146
2022-12-23,1.2815611527020714,0.7346126539543564
2022-12-27,1.2822878690053703,0.7344918421705326
2022-12-28,1.2670471288046794,0.7254496791816694
2022-12-29,1.2757240040085942,0.7301091828653707
2022-12-30,1.2753341871454873,0.7295687252506737
2023-01-03,1.2697334052545375,0.7260476106200715
2023-01-04,1.2750173196143575,0.728752958031178
2023-01-05,1.2611065866916433,0.7205194457874133
2023-01-06,1.275326186387485,0.7284596979459068
2023-01-09,1.2790407937476131,0.7302048182887395
2023-01-10,1.2771082416764952,0.7290993133044761
2023-01-11,1.2868413162587575,0.7345920279962405
2023-01-12,1.2995110648535473,0.7417356725506951
2023-01-13,1.3027160671446976,0.743564198313449
2023-01-17,1.2991438413772518,0.7415221055075751
2023-01-18,1.298986990451836,0.7414278221188266
2023-01-19,1.298900417793859,0.7413326500559684
2023-01-20,1.3021119250747668,0.7431307930591984
2023-01-23,1.3024716291430323,0.7433316915334173
2023-01-24,1.3052247323715402,0.744867918534982
2023-01-25,1.307663674577443,0.7462579194206904
2023-01-26,1.3096029177914847,0.7473297841141563
2023-01-27,1.306266185270343,0.7454248488512131
2023-01-30,1.2966274769138626,0.7398896601023567
2023-01-31,1.3056743470469063,0.7450181608164237
2023-02-01,1.3163838424728753,0.7510608932469427
2023-02-02,1.3163480485007364,0.7510069190856912
2023-02-03,1.2988041821336511,0.7409596973606228
2023-02-06,1.2915228826628713,0.736686146787546
2023-02-07,1.2925628932773923,0.7372194164547542
2023-02-08,1.2895661270057228,0.7353689312305455
2023-02-09,1.282525730207395,0.7311855388327866
2023-02-10,1.2841342038997536,0.7316782809491331
2023-02-13,1.2892643340614487,0.7345308282328198
2023-02-14,1.2876882767978546,0.7336306564038005
2023-02-15,1.290432096812588,0.7351930780015761
2023-02-16,1.2836898314851857,0.7313489752252912
2023-02-17,1.2826713775920906,0.7306961128719782
2023-02-21,1.2718850866224936,0.7245484027693038
2023-02-22,1.2759472681335662,0.7264330552079629
2023-02-23,1.2763985446457982,0.7266899797562664
2023-02-24,1.2858767372046398,0.7320861842470996
2023-02-27,1.27910659966261,0.728231752467933
2023-02-28,1.2827174056755957,0.7302874869871294
2023-03-01,1.275947268133566,0.7264330552079629
2023-03-02,1.2827174056755954,0.7302874869871293
2023-03-03,1.2851812334620456,0.7315318748220921
2023-03-06,1.284860741331372,0.7311146605535536
2023-03-07,1.286976182837761,0.7320837397846588
2023-03-08,1.2865264734407074,0.7316702336295314
2023-03-09,1.282929094125723,0.7296243407402779
2023-03-10,1.2748349167016468,0.7250210396740557
2023-03-13,1.2803739789377147,0.7276823979223674
2023-03-14,1.2704072142627343,0.721780844266998
2023-03-15,1.283876999631796,0.729429980268061
2023-03-16,1.2808762005031238,0.7274006079156645
2023-03-17,1.2925651506325808,0.7340375513827018
2023-03-20,1.287792971132101,0.7313187790855247
2023-03-21,1.2817933083092532,0.7277291986170016
2023-03-22,1.2921115012760558,0.7334894636438116
2023-03-23,1.2954059426497826,0.7351977446651472
2023-03-24,1.2954774316969846,0.7350760750858899
2023-03-27,1.2802990004005714,0.7264623019245369
2023-03-28,1.2822767810603097,0.7275798579159797
2023-03-29,1.285369381528275,0.7291500013122872
2023-03-30,1.293540936961681,0.7336081337348894
2023-03-31,1.3029875312371302,0.7389332565712576
2023-04-03,1.3099993101339498,0.7428660701751771
2023-04-04,1.3149641532169827,0.7456790040962292
2023-04-05,1.3137381882602428,0.7449795002785057
2023-04-06,1.3150966064013105,0.7457051544566391
2023-04-10,1.31036063562566,0.742974789176026
2023-04-11,1.3145217965286218,0.7453285657635906
2023-04-12,1.3159138421263517,0.7461124206669646
2023-04-13,1.3227270718910173,0.7499729462596291
2023-04-14,1.314426358187609,0.7452636000899333
2023-04-17,1.3095681462080335,0.7424110629851871
2023-04-18,1.311892435516088,0.7435872648825083
2023-04-19,1.3071657110445025,0.7407765551596653
2023-04-20,1.3045039780965173,0.7391370583578758
2023-04-21,1.303276394588887,0.738310519919726
2023-04-24,1.3066176916789176,0.740072537764625
2023-04-25,1.3029076098304262,0.7378277361515023
2023-04-26,1.2952669247400668,0.7334398900550481
2023-04-27,1.294894784908887,0.7331223953607826
2023-04-28,1.3024208877703158,0.7372396801375013
2023-05-01,1.2904817923486651,0.7303330252233697
2023-05-02,1.2854458275775789,0.7270866842234324
2023-05-03,1.2863546671940809,0.7272827908755327
2023-05-04,1.285010065455165,0.7263960652691845
2023-05-05,1.2832305418177272,0.7251106400537296
2023-05-08,1.2804490911578832,0.7232158998960508
2023-05-09,1.2774155370870466,0.7213527973004342
2023-05-10,1.2773918144971201,0.7210299638861669
2023-05-11,1.2698911557599128,0.7164548331753137
2023-05-12,1.2677120428195547,0.7149671261472285
2023-05-15,1.2695710622741199,0.7156454343831149
2023-05-16,1.2632908918328798,0.7119802464404037
2023-05-17,1.2655395043541686,0.7127782089402437
2023-05-18,1.2729149063081373,0.7165825493501305
2023-05-19,1.2727387622233095,0.7164621144022322
2023-05-22,1.2733941927467578,0.716823561495988
2023-05-23,1.264003839435916,0.711399166084686
2023-05-24,1.2640731760715744,0.7111392450666397
2023-05-25,1.2698453210928697,0.7141574031214717
2023-05-26,1.2749675085608274,0.7168027423246464
2023-05-30,1.2709845456780757,0.7143973506885285
2023-05-31,1.2702405949163045,0.7138136270252264
2023-06-01,1.2637354325168373,0.7101552174137399
2023-06-02,1.275549487648542,0.716526314474244
2023-06-05,1.2731712307886034,0.7150128788270865
2023-06-06,1.2782889560662383,0.7178854091444867
2023-06-07,1.2773616131419556,0.717353360534913
2023-06-08,1.2770624512045938,0.7171456643893569
2023-06-09,1.2779297972792825,0.7174910456157357
2023-06-12,1.2793740730807641,0.7182987473783391
2023-06-13,1.2838404273816157,0.7207556021224135
2023-06-14,1.2848133510496478,0.7212995128180644
2023-06-15,1.2907433376863207,0.7246274468517252
2023-06-16,1.2881383491846716,0.7228452769891445
2023-06-20,1.2787385606594173,0.7174385098357109
2023-06-21,1.2777514963631815,0.7167537194374596
2023-06-22,1.2698445260999407,0.7123148685659504
2023-06-23,1.2651407312017489,0.7094686217596757
2023-06-26,1.264910817542204,0.7089520882951039
2023-06-27,1.2688814729224902,0.7108829474295397
2023-06-28,1.2721518403793248,0.7126459079704867
2023-06-29,1.2686166109543036,0.7105514960861397
2023-06-30,1.2750494039451656,0.713940410930891
2023-07-03,1.2756036996968996,0.7140782732721171
2023-07-05,1.2724647131007936,0.7121918953483343
2023-07-06,1.2614090160474702,0.7058466641212834
2023-07-07,1.2576444417264825,0.7033913935368246
2023-07-10,1.2600168509246743,0.7043954539198933
2023-07-11,1.2711324641532133,0.7102786022742551
2023-07-12,1.2857602374183799,0.7182498466770412
2023-07-13,1.2967585441799605,0.724058319220225
2023-07-14,1.2898234323766744,0.7201286580424844
2023-07-17,1.289997914296651,0.7201690144209666
2023-07-18,1.2948210886903433,0.7228571495024706
2023-07-19,1.2989013396616238,0.7250762622512131
2023-07-20,1.2909151584686565,0.7206156451394501
2023-07-21,1.2924054783271697,0.7213901803449942
2023-07-24,1.293701730751403,0.7221080846378222
2023-07-25,1.2953548188158945,0.723028199371138
2023-07-26,1.3002339414819966,0.7256216275356926
2023-07-27,1.286326656295434,0.7177295820871925
2023-07-28,1.2950434375231805,0.7223639522433558
2023-07-31,1.299496956334106,0.7247486647973257
2023-08-01,1.2918004646733134,0.7204504090640216
2023-08-02,1.2800060393659316,0.7137749655198554
2023-08-03,1.2785838176341127,0.7127887680579166
2023-08-04,1.2752025559685303,0.7106142355805779
2023-08-07,1.276234303575965,0.7109019107369243
2023-08-08,1.2760122682230135,0.710630642026665
2023-08-09,1.275855095109602,0.7104563898506643
2023-08-10,1.274951302962136,0.709783534542022
2023-08-11,1.2753345450496834,0.7099960267561488
2023-08-14,1.2763142394610396,0.7105373605674498
2023-08-15,1.2723593607466497,0.7083340969694526
2023-08-16,1.2707927678823185,0.7071322364003984
2023-08-17,1.2727711083548199,0.7082238145602177
2023-08-18,1.2766019280940202,0.7103518521458908
2023-08-21,1.274762216444197,0.7093260387284583
2023-08-22,1.2771007421256872,0.7106272011120146
2023-08-23,1.270096750768274,0.7067287053674864
2023-08-24,1.276071616212153,0.7098994264943137
2023-08-25,1.2788019218201023,0.7114140991732353
2023-08-28,1.2772701721767503,0.7104208637121671
2023-08-29,1.2824678074149802,0.7130393946702963
2023-08-30,1.282620096702477,0.7127410933445092
2023-08-31,1.284637408577623,0.7138592186646309
2023-09-01,1.2844507398775853,0.7137076586462517
2023-09-05,1.279995061417832,0.7109888479632053
2023-09-06,1.278611451032066,0.7100382203433286
2023-09-07,1.2804706119726967,0.710916981328536
2023-09-08,1.281624150187932,0.7115562634052415
2023-09-11,1.2801533094793656,0.7107338556936307
2023-09-12,1.2796285948821646,0.7101827873501896
2023-09-13,1.281372503585046,0.711009746369659
2023-09-14,1.285811171493578,0.7132170758465908
2023-09-15,1.281349410734001,0.7104858165815695
2023-09-18,1.2819300780671088,0.7106210872375721
2023-09-19,1.2808407466761413,0.7099252269195667
2023-09-20,1.2787416443659414,0.7084955893636244
2023-09-21,1.27292354562283,0.7052640308795353
2023-09-22,1.2768933079269418,0.7073247703867696
2023-09-25,1.274231920546226,0.7058475704170996
2023-09-26,1.2789732183320046,0.7081902567971688
2023-09-27,1.2909776252804306,0.7148323500566307
2023-09-28,1.2809692467228615,0.7092858708007027
2023-09-29,1.279127640770183,0.7082655131869108
2023-10-02,1.2819942642355124,0.7098435359221538
2023-10-03,1.2848640001379488,0.7114316384583093
2023-10-04,1.2668237427180065,0.7014413350658975
2023-10-05,1.2625868494623786,0.698944405716769
2023-10-06,1.2600447320930899,0.6975371372071243
2023-10-09,1.2596211078118345,0.697302626748192
2023-10-10,1.2566551803204122,0.6956607449015896
2023-10-11,1.2566551803204122,0.6956607449015896
2023-10-12,1.2672473669992619,0.7015243808381131
2023-10-13,1.2680948943230899,0.7019935560730158
2023-10-16,1.2619102220809937,0.6982427080058015
2023-10-17,1.2641324533049794,0.6993239912562946
2023-10-18,1.2668470551975968,0.700824649377206
2023-10-19,1.272923263323332,0.7040367328732005
2023-10-20,1.2743360117767302,0.7048166509085616
2023-10-23,1.2642124467615352,0.6992167194761284
2023-10-24,1.2682324553305198,0.7013616719004677
2023-10-25,1.271005954495689,0.7028909806513012
2023-10-26,1.272535083264666,0.7037359461406608
2023-10-27,1.2785047023823137,0.7070316617039694
2023-10-30,1.2749647724282107,0.7050639447162937
2023-10-31,1.27459181696497,0.7048551907332442
2023-11-01,1.2736974771644272,0.7043587891641615
2023-11-02,1.2790705891461116,0.7069328471642894
2023-11-03,1.2873931160256828,0.7113080437191492
2023-11-06,1.2819081888144186,0.70815003830791
2023-11-07,1.282549049343859,0.7085020917231423
2023-11-08,1.2833374145518848,0.7089344907074251
2023-11-09,1.2744293356799798,0.7040113134645304
2023-11-10,1.2775796224104798,0.7056265028751321
2023-11-13,1.2771414505778154,0.7053508380460777
2023-11-14,1.3009647590676126,0.7183754882643583
2023-11-15,1.2989019245244917,0.7171953891545787
2023-11-16,1.3039809814833574,0.7199983870676175
2023-11-17,1.3075981499111249,0.7219921687369294
2023-11-20,1.3114515755926672,0.7241174220654378
2023-11-21,1.312512081718347,0.7247016678624255
2023-11-22,1.314005143915108,0.7255244922778876
2023-11-24,1.315134445366319,0.7261471315746442
2023-11-27,1.3201235165456522,0.7288964698512713
2023-11-28,1.3273162271617445,0.7328663869984118
2023-11-29,1.3319807974402236,0.7354375952414199
2023-11-30,1.3305929509737537,0.7346663474485755
2023-12-01,1.3450221927038506,0.7426314097546014
2023-12-04,1.3344838501546228,0.7368094770189149
2023-12-05,1.3357562305470616,0.7375071396066274
2023-12-06,1.3371968269652519,0.7382975229272883
2023-12-07,1.3394485072749498,0.7395350938299239
2023-12-08,1.3328988168793254,0.7359170846015344
2023-12-11,1.3329952807194048,0.7359303248102897
2023-12-12,1.335373493157597,0.7371147559474853
2023-12-13,1.357017892924406,0.7489335220043938
2023-12-14,1.370878416305203,0.7564801159075113
2023-12-15,1.3642276500548327,0.7528076573930055
2023-12-18,1.363963104509111,0.7526562970505857
2023-12-19,1.3707902430876502,0.7564142822904306
2023-12-20,1.3653011647554179,0.7533574723133947
2023-12-21,1.373783421758875,0.7580091002654162
2023-12-22,1.3726524112968512,0.7573817236087913
2023-12-26,1.378009957516503,0.7603344909124078
2023-12-27,1.3849671629338878,0.7641461584328342
2023-12-28,1.3822269020065414,0.7626070436548246
2023-12-29,1.3778656816419388,0.7601625157024336
2024-01-02,1.3706532067161075,0.7561786995757466
2024-01-03,1.364073083319945,0.7525434584003996
2024-01-04,1.3599184106444862,0.7501462840903698
2024-01-05,1.3586296655813879,0.7494315144417907
2024-01-08,1.3638001881984734,0.7522597171234021
2024-01-09,1.3597863225630136,0.7498566065980027
2024-01-10,1.3607422124894644,0.7502619116746861
2024-01-11,1.3634394388686975,0.7516986484720304
2024-01-12,1.3657347547712027,0.7529146123972028
2024-01-16,1.3558160537039796,0.7473056097146219
2024-01-17,1.3497851907395644,0.7438416063799749
2024-01-18,1.355778603502495,0.7467847428747341
2024-01-19,1.359870953880473,0.7490337615999706
2024-01-22,1.3623548140363666,0.7503973472212107
2024-01-23,1.3629676563983864,0.750614386279444
2024-01-24,1.362922105381721,0.7504687454823985
2024-01-25,1.3702834674997701,0.754246432552558
2024-01-26,1.371601650864528,0.7547473578368997
2024-01-29,1.3748137007708363,0.7565128858797254
2024-01-30,1.3743781344327592,0.7562720778833637
2024-01-31,1.3705798795030208,0.7539395904362151
2024-02-01,1.3760735016820163,0.7569520302707322
2024-02-02,1.3698964966601808,0.7534445083575632
2024-02-05,1.3643903589652644,0.7502808189802141
2024-02-06,1.3660312955507234,0.7507681062266743
2024-02-07,1.368335282669088,0.7517321083011975
2024-02-08,1.3697373469632077,0.752460067382909
2024-02-09,1.3730500697587158,0.7542780347235964
2024-02-12,1.3745308362214015,0.7550901211218801
2024-02-13,1.3658561900336748,0.7503216108997623
2024-02-14,1.369652742031384,0.7520934393114315
2024-02-15,1.3758333130437133,0.7553391365989169
2024-02-16,1.3764799390296725,0.7554149716496876
2024-02-20,1.3722594025171715,0.7528700218716227
2024-02-21,1.3720677829598789,0.7525596524417498
2024-02-22,1.3813598886923106,0.7574510846393947
2024-02-23,1.3821704206983747,0.7575857735284309
2024-02-26,1.377393334603299,0.7549663739099491
2024-02-27,1.3798375668567113,0.7562097712846851
2024-02-28,1.3773865591743242,0.7548608310990438
2024-02-29,1.381142637243359,0.7568664638801451
2024-03-01,1.3918075840375062,0.7626559921714877
2024-03-04,1.394446723972713,0.7639574200721215
2024-03-05,1.3916682193537753,0.7623239004925549
2024-03-06,1.3981025506340956,0.765667385421411
2024-03-07,1.403424067502112,0.7684562826888955
2024-03-08,1.4039120550643713,0.7687212792471987
2024-03-11,1.4034023260351056,0.7684384538948282
2024-03-12,1.4024884364047758,0.7679344242438844
2024-03-13,1.4048313472544318,0.7692138251761634
2024-03-14,1.3969235526789394,0.7648786910764609
2024-03-15,1.394987889345243,0.7635494318563332
2024-03-18,1.3990527899719467,0.7657723792008276
2024-03-19,1.4014387791852372,0.7669031545380524
2024-03-20,1.4071339474584281,0.7699088832170154
2024-03-21,1.4063993108414878,0.7693303413528421
2024-03-22,1.4054685179231965,0.7686954848825666
2024-03-25,1.403870300688588,0.7677764409659538
2024-03-26,1.403287319464476,0.7674138689434034
2024-03-27,1.410226127171282,0.7711647915615364
2024-03-28,1.4130194351594902,0.7726573313905186
2024-04-01,1.408951586878326,0.7704309125314002
2024-04-02,1.4112171983319783,0.7714415277196398
2024-04-03,1.4154078856355208,0.7736829213171681
2024-04-04,1.410877973840897,0.7712015881240271
2024-04-05,1.4197377766391601,0.7756811792151629
2024-04-08,1.4237362330974102,0.7776360693395946
2024-04-09,1.425933470395805,0.7786397101781151
2024-04-10,1.4166709402871565,0.7735332674604524
2024-04-11,1.4254326158550357,0.7779301505242101
2024-04-12,1.416797112418769,0.7730894746763854
2024-04-15,1.4288408095226128,0.7794102803063508
2024-04-16,1.4258824300239772,0.7777888966571195
2024-04-17,1.4149317155070111,0.7718127132293263
2024-04-18,1.4172520509549709,0.7730711930639154
2024-04-19,1.4203410189306516,0.7747510968107907
2024-04-22,1.4056948267693716,0.7667602983785176
2024-04-23,1.4014480647342848,0.7643336939777234
2024-04-24,1.4003516677172145,0.7636209957659444
2024-04-25,1.4033957595965076,0.7652792770114186
2024-04-26,1.4067030797010298,0.767081650595943
2024-04-29,1.4046826541891855,0.7658341308573526
2024-04-30,1.3951575327433838,0.7603604170684952
2024-05-01,1.3945482501756183,0.7596156094421872
2024-05-02,1.3963579159908122,0.7604514347320867
2024-05-03,1.399467332692375,0.7618120934165135
2024-05-06,1.4031945437925313,0.7634422052197921
2024-05-07,1.4042263769514154,0.7638808406767534
2024-05-08,1.4018017434655052,0.7625159151331784
2024-05-09,1.405904721349824,0.7647090692681706
2024-05-10,1.4051677551452675,0.7642299319394479
2024-05-13,1.405531850973402,0.7644236208205817
2024-05-14,1.4105092594201871,0.7671294087933392
2024-05-15,1.4251533796751212,0.7749780480207019
2024-05-16,1.4225365515965591,0.7735499659571127
2024-05-17,1.4263684147285438,0.7756321822023413
2024-05-20,1.4258704186326414,0.775355414334848
2024-05-21,1.4267348874089645,0.7758244103228685
2024-05-22,1.4197032375247678,0.7719996802431274
2024-05-23,1.4095980200596785,0.7665001133745921
2024-05-24,1.4145924427242869,0.7691685902882899
2024-05-28,1.410978115048403,0.7672010546395315
2024-05-29,1.4001368078707574,0.7612183250704935
2024-05-30,1.3959834139108382,0.7584223724280923
2024-05-31,1.3996539278378084,0.75993144251655
2024-06-03,1.4066311562856681,0.7636000243075479
2024-06-04,1.4080806041324174,0.7643350390587985
2024-06-05,1.415046083056493,0.7680641654019169
2024-06-06,1.4174558153150696,0.7693206098086739
2024-06-07,1.4013290487694088,0.760512256200912
2024-06-10,1.401484611450097,0.7604562509132454
2024-06-11,1.4029467977670216,0.7611980605523725
2024-06-12,1.4084767828991034,0.7641170791549038
2024-06-13,1.410801954607442,0.7652987567665539
2024-06-14,1.41255092950091,0.7661676178487004
2024-06-17,1.4112532509131714,0.7654601216337059
2024-06-18,1.4168447260975956,0.7684393126664362
2024-06-20,1.4157172267058333,0.7678206748543787
2024-06-21,1.4137297212925757,0.7666899028227532
2024-06-24,1.4144941726074418,0.7670517162799041
2024-06-25,1.4137083927707728,0.7666230663247825
2024-06-26,1.4102656517734777,0.7647536792682167
2024-06-27,1.4126836979544128,0.7660158444749451
2024-06-28,1.408001730568131,0.763427817000895
2024-07-01,1.4077736996626942,0.7631501967157651
2024-07-02,1.4106286744659116,0.7645403841795775
2024-07-03,1.4139552584474386,0.7663406550218059
2024-07-05,1.4195437277846386,0.7690594316937566
2024-07-08,1.4183755564422433,0.7683845632256838
2024-07-09,1.4173773983705054,0.7678390333548066
2024-07-10,1.423002580639437,0.7708761901742263
2024-07-11,1.4290144831187603,0.7741294634045438
2024-07-12,1.433606081919632,0.7765017704543311
2024-07-15,1.4297973037109195,0.7744366214610736
2024-07-16,1.4386330881516622,0.779217619741409
2024-07-17,1.434148590373173,0.7767846268446618
2024-07-18,1.4258794661212197,0.7722946923185645
2024-07-19,1.418318980171995,0.7681825412177014
2024-07-22,1.4233500134199617,0.7708160153988225
2024-07-23,1.421445012058384,0.7697195300489856
2024-07-24,1.4103150750325864,0.7636278753516682
2024-07-25,1.4088243337672788,0.762535307062845
2024-07-26,1.4163705061714293,0.7664534190290343
2024-07-29,1.4174478748600277,0.7668542418724624
2024-07-30,1.4207537785750717,0.7685717101906536
2024-07-31,1.425215484470042,0.7708276089920496
2024-08-01,1.422840291938138,0.7693848155563315
2024-08-02,1.4307940550439897,0.7735503819685597
2024-08-05,1.4220522900108066,0.7688132712520827
2024-08-06,1.4150068615710514,0.7647361730752656
2024-08-07,1.4118794030822674,0.7627616316686294
2024-08-08,1.41424486249887,0.7640382348152192
2024-08-09,1.4186620062939352,0.7663653215228743
2024-08-12,1.4214568780464103,0.7678720956192927
2024-08-13,1.4273158265436872,0.770998574342353
2024-08-14,1.4299780901567738,0.7723979726946055
2024-08-15,1.42754074408383,0.7710805894954467
2024-08-16,1.4343084452787596,0.7745834474923494
2024-08-19,1.440359727325041,0.7778258226420306
2024-08-20,1.441250288411683,0.7783037263846789
2024-08-21,1.4451717099835433,0.7804156292309932
2024-08-22,1.437697984903768,0.7763763958056604
2024-08-23,1.4513815433105097,0.7837634070428056
2024-08-26,1.4489890491253175,0.7824651875501442
2024-08-27,1.4491683459953715,0.7825336632601964
2024-08-28,1.4439937106495992,0.7797384305615798
2024-08-29,1.4441797187960113,0.7798109815343706
2024-08-30,1.4409956387483147,0.7780645151251168
2024-09-03,1.4360887350610552,0.7753879322454481
2024-09-04,1.4414351359636721,0.7782015110429086
2024-09-05,1.4456770980036455,0.7804853597632894
2024-09-06,1.4399110569085163,0.7773449490113118
2024-09-09,1.4444954062510593,0.7796942462512978
2024-09-10,1.4478526993395884,0.7814532024473111
2024-09-11,1.4494685358122208,0.7822776321309632
2024-09-12,1.4532331953014481,0.7841685230323804
2024-09-13,1.4599771364033696,0.7876900183994925
2024-09-16,1.4649669412240178,0.7903777530974979
2024-09-17,1.462547337763574,0.7890714487370151
2024-09-18,1.4569318015108115,0.7860370210211025
2024-09-19,1.4655347442332811,0.7906740229383729
2024-09-20,1.4657739625833002,0.7908002109390496
2024-09-23,1.4660515813796227,0.7909477218783756
2024-09-24,1.4740136880208827,0.795239530562831
2024-09-25,1.4670552172919853,0.7914291146464612
2024-09-26,1.471009008922561,0.7934478875125862
2024-09-27,1.4718315540934808,0.7937770985365524
2024-09-30,1.4683804792921369,0.7919132506732947
2024-10-01,1.4705967596355947,0.7929993711108034
2024-10-02,1.4721019040496983,0.7937914436640947
2024-10-03,1.4688338947390296,0.7920268101393962
2024-10-04,1.472822193086438,0.7938331936144832
2024-10-07,1.4704479286819636,0.7924850145929461
2024-10-08,1.464455996179157,0.7891873519489672
2024-10-09,1.464557414107496,0.7892249567135363
2024-10-10,1.4683150695257545,0.7912463629144572
2024-10-11,1.4741978232987396,0.7944154559791112
2024-10-14,1.474846305213511,0.7946947770364299
2024-10-15,1.468379941496602,0.7912093061772876
2024-10-16,1.4740530012641193,0.7941787201411131
2024-10-17,1.4737556662808997,0.7940121527749432
2024-10-18,1.4809587405727953,0.7978902985521538
2024-10-21,1.476470760289352,0.7954450317167179
2024-10-22,1.4828940049996222,0.7985186716027334
2024-10-23,1.474287190216587,0.793836154532763
2024-10-24,1.4746325007935863,0.793891434616191
2024-10-25,1.4744475483712927,0.7937468274926581
2024-10-28,1.4706990658847383,0.7915897167587101
2024-10-29,1.4772998002281323,0.7950892594782193
2024-10-30,1.4742559573273795,0.7934484697655693
2024-10-31,1.4590298337521583,0.7852514962745387
2024-11-01,1.4601301625279721,0.7856711646988974
2024-11-04,1.457535203804415,0.784274698997623
2024-11-05,1.4560009160774035,0.7833874142925559
2024-11-06,1.4598966109262006,0.7850633686370572
2024-11-07,1.4615633919070656,0.7858366405472527
2024-11-08,1.460746187104116,0.7852609927121174
2024-11-11,1.4613902103034906,0.7854387131984462
2024-11-12,1.4591212843385877,0.784131878279611
2024-11-13,1.4617745246172005,0.7855519566905899
2024-11-14,1.4600929692809321,0.7846453117023405
2024-11-15,1.45649557328421,0.7827083045494394
2024-11-18,1.4569467693786222,0.7829449869709926
2024-11-19,1.4588967414052296,0.7839899405436537
2024-11-20,1.4608033456435132,0.7850136179137701
2024-11-21,1.4637036438706552,0.7865706729346987
2024-11-22,1.4680729980123937,0.7887998750523617
2024-11-25,1.4653174852124142,0.7872478094080277
2024-11-26,1.4645470676502004,0.7865266945218905
2024-11-27,1.4663982470917287,0.7875173410910677
2024-11-29,1.4706692106847223,0.789805845021507
2024-12-02,1.4714261248375486,0.7901486715963482
2024-12-03,1.4697031540670296,0.7892201726291895
2024-12-04,1.4731663480147268,0.791058809393456
2024-12-05,1.4720883877089623,0.790458844848117
2024-12-06,1.474643067156448,0.7918287202589802
2024-12-09,1.47193711264737,0.7903739626632419
2024-12-10,1.4677318431236146,0.7880503907816201
2024-12-11,1.4692540791361095,0.7888187563164947
2024-12-12,1.4618146414387125,0.7848021786195717
2024-12-13,1.4582033357733641,0.7827995557753684
2024-12-16,1.4579052251706923,0.7823697377265569
2024-12-17,1.454899528126817,0.7805919029259292
2024-12-18,1.4436156066578063,0.7744667705296954
2024-12-19,1.444446637531689,0.77437678976847
2024-12-20,1.440968531368457,0.7725120577226414
2024-12-23,1.4449402394521902,0.7746393911485503
2024-12-24,1.4505646302335575,0.7776536918956207
2024-12-26,1.4474556072728548,0.7757465235510508
2024-12-27,1.4435958805040452,0.7736757079654842
2024-12-30,1.4489390155040922,0.7763001498379445
2024-12-31,1.4570522204368705,0.7806449017136257
2025-01-02,1.4725625878600652,0.7889537057675552
2025-01-03,1.4706541984023864,0.787737698193008
2025-01-06,1.467904227333307,0.7858117136847476
2025-01-07,1.468609270784889,0.7861848271385624
2025-01-08,1.4704749661861005,0.7867290324496683
2025-01-10,1.4904256011021264,0.7974023142587381
2025-01-13,1.488806344409172,0.7964163888849334
2025-01-14,1.4835108880121248,0.7934642092060533
2025-01-15,1.4931768466032969,0.7986243136559114
2025-01-16,1.493569964611295,0.7984327699044447
2025-01-17,1.4922187834436602,0.7977071896175296
2025-01-21,1.4968599329246763,0.7999937984830076
2025-01-22,1.4946659839329068,0.7984831454346313
2025-01-23,1.4954554319169064,0.7986235167822302
2025-01-24,1.4977083451013304,0.7997720771665323
2025-01-27,1.4949840127155343,0.7980441431544312
2025-01-28,1.496294075098743,0.7986737978675564
2025-01-29,1.493683557859674,0.7972229068511378
2025-01-30,1.5031265831521297,0.8022619985465385
2025-01-31,1.4975180813539106,0.7992644540335747
2025-02-03,1.4972067576048704,0.7990053471991114
2025-02-04,1.5026478057431794,0.8018913678551574
2025-02-05,1.5118452856395737,0.8066803637159
2025-02-06,1.5119190069748862,0.8067142973615278
2025-02-07,1.5053211775183806,0.8031898731335648
2025-02-10,1.510641468492152,0.8060256410701789
2025-02-11,1.5079873591308015,0.8045134720219254
2025-02-12,1.5037125930047144,0.8021370293799004
2025-02-13,1.515172672617999,0.8080240136865253
2025-02-14,1.5166270393440482,0.808579495493582
2025-02-18,1.5183478899806353,0.8094923730781286
2025-02-19,1.518022034669514,0.8093142523562683
2025-02-20,1.5214670931538246,0.8111493123295365
2025-02-21,1.519717631777682,0.8102130388616414
2025-02-24,1.5204022678826856,0.8105211705919172
2025-02-25,1.526067165204428,0.8135393653419976
2025-02-26,1.5296705677080904,0.815453432870983
2025-02-27,1.520253883200941,0.8104176582002298
2025-02-28,1.5241347415890802,0.8124453517441195
2025-03-03,1.5265850937990049,0.8136456168816552
2025-03-04,1.523049709159432,0.8116552528712366
2025-03-05,1.5270548997509412,0.8137470346636547
2025-03-06,1.5192033449722881,0.8095139978920641
2025-03-07,1.520254182595298,0.8100241749203394
2025-03-10,1.5142912224126932,0.8068002122297626
2025-03-11,1.513855243689364,0.8062643083745358
2025-03-12,1.514048018871506,0.8062975604801151
2025-03-13,1.5220843766823213,0.8103950442911171
2025-03-14,1.523039325355135,0.8107013465413264
2025-03-17,1.5303714922634555,0.8145353192558016
2025-03-18,1.5333144495179536,0.8161002431021077
2025-03-19,1.538733236467848,0.8189787858798425
2025-03-20,1.5353981189414299,0.8169983919097012
2025-03-21,1.5297673739528599,0.814001116318397
2025-03-24,1.5242898497770947,0.8108825330315197
2025-03-25,1.5272091757807078,0.8121745001269796
2025-03-26,1.521918028228068,0.8093600357088329
2025-03-27,1.5362194346915852,0.8164145656368149
2025-03-28,1.5255298425306059,0.8107279999644006
2025-03-31,1.5350059279171882,0.8152078249505119
2025-04-01,1.5379082146305127,0.8166482755468273
2025-04-02,1.5400035477452005,0.8177589729006065
2025-04-03,1.5235598396463008,0.8089506386126684
2025-04-04,1.520868394674913,0.8073358430599888
2025-04-07,1.4925329555276992,0.7922870202814449
2025-04-08,1.4925329555276992,0.7918908767713042
2025-04-09,1.4925329555276992,0.7918908767713042
2025-04-10,1.5289859527383465,0.8108357410719407
2025-04-11,1.558169195109964,0.8263118910737726
2025-04-14,1.5492783175015474,0.8215969744183975
2025-04-15,1.557384729380759,0.8258958814631242
2025-04-16,1.6080632903713288,0.8527712026416179
2025-04-17,1.601002779595572,0.8490269468641504
2025-04-21,1.6505307376478224,0.8752920924000878
2025-04-22,1.6300988781265713,0.8641004144656129
2025-04-23,1.6094858070892688,0.8528217038965739
2025-04-24,1.6252649343851961,0.8606090276661247
2025-04-25,1.6265721621185965,0.8608344257111704
2025-04-28,1.6321811465007592,0.863801373988792
2025-04-29,1.6349908776061193,0.8651539521330411
2025-04-30,1.6297095733486104,0.862358443288634
2025-05-01,1.6249393681655535,0.8597897724488399
2025-05-02,1.630283849392821,0.8625283986281337
2025-05-05,1.6332543512512396,0.8640963592679484
2025-05-06,1.6361415645923938,0.8651978719464363
2025-05-07,1.63260738708244,0.8628738834606832
2025-05-08,1.6255291439502642,0.859083452083568
2025-05-09,1.628497741121325,0.8602242356178242
2025-05-12,1.6371167387477557,0.8645419504010566
2025-05-13,1.6346814253242243,0.8630226556757247
2025-05-14,1.6258581975723692,0.8582319218649463
2025-05-15,1.6291775564568605,0.8598364281647195
2025-05-16,1.6329033148188659,0.8615651647611601
2025-05-19,1.63256987156359,0.8613302196974801
2025-05-20,1.6329268073719483,0.8614595449922572
2025-05-21,1.621526812483165,0.8553827445262331
2025-05-22,1.616208271573854,0.852195838689742
2025-05-23,1.6165551307378616,0.8521469427975545
2025-05-27,1.6190314056892832,0.8532205055333936
2025-05-28,1.6162821101265938,0.8513967391852426
2025-05-29,1.619298837207088,0.8529243509252782
2025-05-30,1.618607056356921,0.8522725891358137
2025-06-02,1.6268155517389211,0.8565401745099269
2025-06-03,1.6258675357004375,0.8559869739332285
2025-06-04,1.6328237390836977,0.8596457395605192
2025-06-05,1.6334905116916472,0.8599144897744827
2025-06-06,1.6303548101894707,0.8582620736981169
2025-06-09,1.6371904351433013,0.8615649666856767
2025-06-10,1.6406441265931815,0.8633706970711325
2025-06-11,1.6453263352487084,0.8656168216932505
2025-06-12,1.6534604709858627,0.8698163205229619
2025-06-13,1.6490648543455295,0.8674978745599289
2025-06-16,1.6482037069890887,0.866976198304411
2025-06-17,1.649145001323828,0.8674013305279261
2025-06-18,1.6495156050413124,0.8675307513378507
2025-06-20,1.6478945672043057,0.8666738321369386
2025-06-23,1.6508275714544174,0.8681418581031257
2025-06-24,1.6576993478560753,0.8716822854419046
2025-06-25,1.6552270019860473,0.8703754646565594
2025-06-26,1.6628545854328176,0.874324928939851
2025-06-27,1.6589584945125997,0.8722693324596125
2025-06-30,1.6660781545459158,0.8759735766621775
2025-07-01,1.6669767063748064,0.8763860019223481
2025-07-02,1.6702862650688353,0.8780901012489708
2025-07-03,1.669844097513662,0.8778563498428428
2025-07-07,1.660222558230979,0.8727619946142839
2025-07-08,1.6601644726138394,0.8727233910834895
2025-07-09,1.6654433863398421,0.8754313063245258
2025-07-10,1.6670070192465198,0.87618634725403
2025-07-11,1.6631952217767698,0.8741809470987013
2025-07-14,1.6631719030856562,0.8740319652879515
2025-07-15,1.6580181016574536,0.8712846355522142
2025-07-16,1.6605604309676985,0.8722171457702078
2025-07-17,1.6649765699518078,0.8742991394681822
2025-07-18,1.6648849077988512,0.8740939314298112
2025-07-21,1.6693789459079347,0.8762527248125649
2025-07-22,1.6737618587790701,0.8784909590273415
2025-07-23,1.6769154374996589,0.8800377853036391
2025-07-24,1.6729348643398274,0.8778862649255298
2025-07-25,1.6722799226510854,0.8775414316013211
2025-07-28,1.6688743448848928,0.8755903034835194
2025-07-29,1.6750872558870649,0.8787793580068982
2025-07-30,1.6697738605456123,0.8759392020838042
2025-07-31,1.6674790474931998,0.8746598218174257
2025-08-01,1.6671808535317898,0.8744495786720573
2025-08-04,1.6700170387506508,0.8757926045817369
2025-08-05,1.6701244102309107,0.875695527059423
2025-08-06,1.6693609590516674,0.8752449174793862
2025-08-07,1.6704026947520056,0.8757408151590156
2025-08-08,1.6707901242304621,0.8758930889288697
2025-08-11,1.6688734853309553,0.8748823327803487
2025-08-12,1.6724010186321734,0.876703111942366
2025-08-13,1.6797043031239831,0.8804837333486639
2025-08-14,1.6729529486364054,0.8768511935059207
2025-08-15,1.6715114961524087,0.8760008816199216
2025-08-18,1.6708378633373087,0.8754930558997943
2025-08-19,1.6693682856733807,0.8746194551992101
2025-08-20,1.6697158034764903,0.8746980197588219
2025-08-21,1.6660374724863523,0.8727686103954276
2025-08-22,1.6801574247574829,0.8801060316110659
2025-08-25,1.6740067668175764,0.8767610218663818
2025-08-26,1.6745643370312062,0.8769513001734507
2025-08-27,1.6754215722688979,0.877380576031416
2025-08-28,1.6783576436070617,0.8788580829199408
2025-08-29,1.6758585804131738,0.8774547713650929
2025-09-02,1.673770647299041,0.8762707892225968
2025-09-03,1.677071577863938,0.877807075859901
2025-09-04,1.6827507055437165,0.8805621164182778
2025-09-05,1.6904122783915025,0.8845671848588829
2025-09-08,1.6974007965798505,0.8881389897237513
2025-09-09,1.6948930631496053,0.8868242960931026
2025-09-10,1.6989590064998996,0.8889467953541954
2025-09-11,1.7071792199905265,0.8932207857552149
2025-09-12,1.7056712212817708,0.8924036770044921
2025-09-15,1.7122662182036514,0.8958530390445353
2025-09-16,1.7129926065006496,0.8962047198903685
2025-09-17,1.7086065742854395,0.8939086453696403
2025-09-18,1.7076455012682903,0.8934013800693286
2025-09-19,1.7086950306290996,0.8939460631877117
2025-09-22,1.7115250298825269,0.8953452232769129
2025-09-23,1.7128756252018331,0.8959702049167044
2025-09-24,1.707957710275195,0.8933712291857852
2025-09-25,1.707668430528597,0.8931358380402961
2025-09-26,1.7105986138882545,0.8946176514367902
2025-09-29,1.7154819260286815,0.8970747776031784
2025-09-30,1.7163268924483701,0.8975146940587463
2025-10-01,1.721975388947914,0.9004451235227028
2025-10-02,1.7226521006695845,0.9007901349465645
2025-10-03,1.7247074984668769,0.9018587433666001
2025-10-06,1.7260176332588375,0.9025393652001863
2025-10-07,1.72564086621923,0.9022937250691969
2025-10-08,1.730273568725457,0.9047085521785453
2025-10-09,1.725560059667029,0.9022413451929284
2025-10-10,1.7190171809020276,0.8986285416210239
2025-10-13,1.7297414114199485,0.9039937769824012
2025-10-14,1.7304105868713668,0.9042020462263306
2025-10-15,1.736415899841708,0.907265213663074
2025-10-16,1.7402022364258423,0.9090294217644596
2025-10-17,1.7336608547757533,0.9053374079030594
2025-10-20,1.7441593630314294,0.9105487911410617
2025-10-21,1.7351301293971881,0.9058296501910826
2025-10-22,1.7345744824241383,0.9055246813913709
2025-10-23,1.735182858219716,0.9056773353029426
2025-10-24,1.7383003404539112,0.9071217238078729
2025-10-27,1.7403510369882702,0.9081875584345189
2025-10-28,1.7373354066940554,0.9065883098289411
2025-10-29,1.7323526951123975,0.9039133346902862
2025-10-30,1.726756340735693,0.9009654962049226
2025-10-31,1.726033289373673,0.9004425424036561
2025-11-03,1.7249622260141961,0.8998561963894376
2025-11-04,1.7118307745438752,0.8924803987604126
2025-11-05,1.7166431700272302,0.8946764350472186
2025-11-06,1.7043136580179314,0.8882493226122244
2025-11-07,1.7029840503883955,0.8870508664345834
2025-11-10,1.7115440362014565,0.8910047814891844
2025-11-11,1.7161527235671288,0.8927765031713432
2025-11-12,1.7156409560546453,0.8922113774605985
2025-11-13,1.7046422296422294,0.8864628946978401
2025-11-14,1.6983228678680877,0.8825955536456359
2025-11-17,1.6895007518975185,0.8779364393794743
2025-11-18,1.6976130597298957,0.881761728677219
2025-11-19,1.7015212329463492,0.8837836912777967
2025-11-20,1.6995514524620987,0.8826313009203696
2025-11-21,1.69634935113861,0.8809661955327026
2025-11-24,1.6993451706137692,0.8818524166740808
2025-11-25,1.7017625824334628,0.8828721167020945
2025-11-26,1.7063689833361328,0.8850878311551473
2025-11-28,1.7080675069057942,0.8859192776413889
2025-12-01,1.7017766096316371,0.8826326481177279
2025-12-02,1.703077290579523,0.8830133165342497
2025-12-03,1.704292488374043,0.8834155680008545
2025-12-04,1.7020343423259514,0.8820906956611783
2025-12-05,1.7025897186745345,0.8823198249278081
2025-12-08,1.6968508519007397,0.8790830785951429
2025-12-09,1.699900092311759,0.880312041515908
2025-12-10,1.7099361403166904,0.8855075932697674
2025-12-11,1.7118103040761037,0.8859878337961312
2025-12-12,1.7036606907346696,0.8817685864706563
2025-12-15,1.7086671892278507,0.8838722624577433
2025-12-16,1.7053421559402526,0.8820398026731521
2025-12-17,1.7038734003755551,0.8809567797173117
2025-12-18,1.70788830241476,0.8829479772006926
2025-12-19,1.709229840163151,0.8833999796311723
2025-12-22,1.7142824299891026,0.8858361009837399
2025-12-23,1.7196660432442408,0.8886147950021872
2025-12-24,1.723361313845852,0.8903405060666748
2025-12-26,1.727150370588875,0.892234244894626
2025-12-29,1.7215827610180137,0.8893306845092096
2025-12-30,1.723618484762399,0.8903741593985265
2025-12-31,1.7160343591979104,0.886453352199848
2026-01-02,1.7232158266542612,0.889962079760898
2026-01-05,1.7342374317330698,0.8956446256213653
2026-01-06,1.7370600340442304,0.8969214100088674
2026-01-07,1.73427925884128,0.8952904079931018
2026-01-08,1.7338566990153785,0.8950166612870449
2026-01-09,1.7395642016656077,0.8978268791171461
2026-01-12,1.7430391362314341,0.8994441886653702
2026-01-13,1.7450904690899263,0.9004398729015627
2026-01-14,1.7492309250058145,0.9025093631649734
2026-01-15,1.7493832570161898,0.9025853328653225
2026-01-16,1.7482072675651936,0.9019682479248063
2026-01-20,1.7384672900398346,0.8969400589509723
2026-01-21,1.7480837718023388,0.9015014628546356
2026-01-22,1.7487198362936691,0.9015063805612504
2026-01-23,1.7514580252904224,0.9028110809217512
2026-01-26,1.7558534967591868,0.9049637847579645
2026-01-27,1.7614781353043685,0.90785884307158
2026-01-28,1.7617480710805444,0.9079933665117295
2026-01-29,1.7635376601138157,0.908791027430372
2026-01-30,1.7489990501672878,0.9012414366549009
2026-02-02,1.7453354471088425,0.8993278456234348
2026-02-03,1.7487370796102684,0.9007222048674063
2026-02-04,1.745310507840042,0.8988649856019153
2026-02-05,1.73385431504454,0.8928471515205826
2026-02-06,1.7429140123487834,0.896851988642474
2026-02-09,1.747563723894305,0.8989311907089985
2026-02-10,1.7515763221008784,0.9009917741242771
2026-02-11,1.751479296447722,0.9009381691958913
2026-02-12,1.75077778621209,0.9005743195383153
2026-02-13,1.7567682779942968,0.9036027163610167
2026-02-17,1.7564870597213613,0.9034522980614863
2026-02-18,1.7576994467687936,0.9040666530963959
2026-02-19,1.7587639718965178,0.9045302964258438
2026-02-20,1.7616650997376806,0.9060150309132979
2026-02-23,1.7609915892512171,0.9056234315372504
2026-02-24,1.7616172504521967,0.9058999927581871
2026-02-25,1.7627606595545706,0.9064829677779083
2026-02-26,1.763248454092931,0.9066896139350142
2026-02-27,1.7642156744919335,0.9071838494599412
2026-03-02,1.7603099062453964,0.904864107722684
2026-03-03,1.750227842666174,0.8996726350474916
2026-03-04,1.7505661631341405,0.8997333724695777
2026-03-05,1.746272510177833,0.8972372769782091
2026-03-06,1.751641131875447,0.8995428080752239
2026-03-09,1.7524212157553316,0.8995287065590477
2026-03-10,1.7458585940678073,0.8956175747844968
2026-03-11,1.7447814652041052,0.8944196890874022
2026-03-12,1.762805325496686,0.9034083169843684
2026-03-13,1.7679898327236812,0.9060600264775377
2026-03-16,1.7502821300989342,0.8968343588974229
2026-03-17,1.7546240297565407,0.899058854435224
2026-03-18,1.7691918371611242,0.906522972240958
2026-03-19,1.7464059431519416,0.8948462692043363
2026-03-20,1.759612862796025,0.9016107234533526
2026-03-23,1.732899419933736,0.8879224716084045
2026-03-24,1.7452847730653025,0.8942608513628301
2026-03-25,1.745990310922367,0.8946222894668819
2026-03-26,1.7589707435166138,0.9012700095946127
2026-03-27,1.7726153161704656,0.9082611942632265
2026-03-30,1.7895854618182707,0.916954473677375
2026-03-31,1.7743257943515,0.9091316396134026
2026-04-01,1.766657919926645,0.9052017593900951
2026-04-02,1.7939147167064287,0.9191595824918115
2026-04-06,1.7953161533770328,0.9193988145038585
2026-04-07,1.7928043528410287,0.9181114945915552
2026-04-08,1.7887835349925476,0.9157785988772857
2026-04-09,1.7917510050075647,0.9167908682440923
2026-04-10,1.788542567747983,0.9151488414593514
2026-04-13,1.7967686677605434,0.9193550584662108
2026-04-14,1.8048559097995522,0.9234891102808571
2026-04-15,1.8028310211246228,0.9223111325821747
2026-04-16,1.8012709577244523,0.9215112593122832
2026-04-17,1.8127496940058363,0.9272882553644073
2026-04-20,1.810561546538318,0.9260695810488011
2026-04-21,1.7959382124349708,0.9185829711487054
2026-04-22,1.8001265175620094,0.9206754913291649
2026-04-23,1.796453199030052,0.9187468241976097
2026-04-24,1.8005495653018375,0.9208091677548573
2026-04-27,1.7969982560353974,0.9189598224905744
2026-04-28,1.7958288059675698,0.9182276178259315
2026-04-29,1.7901178014294592,0.9152857879173183
2026-04-30,1.7970188515238823,0.9183709373166097
2026-05-01,1.7959982046393788,0.9175804724384887
2026-05-04,1.7886744317849612,0.9133845401423484
2026-05-05,1.7974129081829153,0.9173947136201359
2026-05-06,1.8119026248868606,0.9245427362822374
2026-05-07,1.8046886166198506,0.9204818722050323
2026-05-08,1.8136009754955131,0.9249259591244562
2026-05-11,1.815334707591186,0.9258080251279779
2026-05-12,1.8105724737566653,0.923130923041103
2026-05-13,1.813302710948184,0.9243040928008948
2026-05-14,1.8124473342526086,0.9236142851578927
2026-05-15,1.794823258393458,0.91435404155188
2026-05-18,1.792272037087091,0.9127585377444446
2026-05-19,1.790969518996152,0.9119698307348967
2026-05-20,1.7957514261632148,0.9142338185973832
2026-05-21,1.7985634130772041,0.9155611639894455
2026-05-22,1.7996816181034767,0.9161277372050594
2026-05-26,1.8084472924671755,0.9205725697115676
2026-05-27,1.807732214681009,0.9197789697386389
2026-05-28,1.809130811522832,0.9204856344788995
2026-05-29,1.8088236051976758,0.9200546609674627
2026-06-01,1.810890374354096,0.9210440528533549
2026-06-02,1.8128789627485096,0.9220467614678375
2026-06-03,1.808221039281125,0.9196728825624477
2026-06-04,1.8100708944685446,0.9205972194761533
2026-06-05,1.7975995261132431,0.9141961101532843
2026-06-08,1.7924055662553382,0.9109907921950533
2026-06-09,1.7899856096090163,0.9093848319829083
2026-06-10,1.7881541524724263,0.907715423887447
2026-06-11,1.7918293931588474,0.9090031482855604
2026-06-12,1.7922782169770795,0.9086385089481888
2026-06-15,1.7965950593976963,0.9107676144587885
2026-06-16,1.7967547485048718,0.9108440734524429
2026-06-17,1.7920578931774376,0.9084596966782494
2026-06-18,1.8001828042169892,0.9124721322414386
2026-06-22,1.7974157874139598,0.9110092015989162
2026-06-23,1.7942008062832129,0.9093317147030382
2026-06-24,1.8012083437063973,0.9127616708182399
2026-06-25,1.8014074653273047,0.9128537031252747
2026-06-26,1.8018524010289478,0.9130119173125845
2026-06-29,1.802045895757569,0.9130426962383101
2026-06-30,1.7962467379955558,0.9100370527822944
2026-07-01,1.7931771759979709,0.9084270682945128
2026-07-02,1.7951512676763168,0.9094048328812232
2026-07-06,1.7969503841205057,0.9103118813950233
2026-07-07,1.791368459538656,0.9074792608884514
2026-07-08,1.7851632939661857,0.9039233205001386
2026-07-09,1.788889690843316,0.9058081448715568
2026-07-10,1.7909503758912126,0.9068475333661559
2026-07-13,1.7893057699236037,0.9060137327062495
2026-07-14,1.7877942596894845,0.9048906763065779
2026-07-15,1.7889684573963298,0.9051113440190419
2026-07-16,1.791007104175473,0.9061349518107097
2026-07-17,1.7889494900639384,0.9050886747236102
2026-07-20,1.7890596615489627,0.9050511389732459
2026-07-21,1.7926739425534415,0.9067907288869753
2026-07-22,1.7914169422859851,0.9059845793138459
2026-07-23,1.7890988240741645,0.9044547049942234
2026-07-24,1.795535176514931,0.9073756330472336
2026-07-27,1.7849167057462463,0.9020020252306519
2026-07-28,1.7820682055878416,0.9004052650995168
2026-07-29,1.7804299535903876,0.8995767593292551
2026-07-30,1.7617558591975107,0.8899839790437911
2026-07-31,1.7514382827058177,0.8841221145521099
