Date,Faber_Equity,Best_Strategy_Equity
2004-11-18,1.0,1.0
2004-11-19,1.0,1.0
2004-11-22,1.0,1.0
2004-11-23,1.0,1.0
2004-11-24,1.0,1.0
2004-11-26,1.0,1.0
2004-11-29,1.0,1.0
2004-11-30,1.0,1.0
2004-12-01,1.0,1.0
2004-12-02,1.0,1.0
2004-12-03,1.0,1.0
2004-12-06,1.0,1.0
2004-12-07,1.0,1.0
2004-12-08,1.0,1.0
2004-12-09,1.0,1.0
2004-12-10,1.0,1.0
2004-12-13,1.0,1.0
2004-12-14,1.0,1.0
2004-12-15,1.0,1.0
2004-12-16,1.0,1.0
2004-12-17,1.0,1.0
2004-12-20,1.0,1.0
2004-12-21,1.0,1.0
2004-12-22,1.0,1.0
2004-12-23,1.0,1.0
2004-12-27,1.0,1.0
2004-12-28,1.0,1.0
2004-12-29,1.0,1.0
2004-12-30,1.0,1.0
2004-12-31,1.0,1.0
2005-01-03,1.0,1.0
2005-01-04,1.0,1.0
2005-01-05,1.0,1.0
2005-01-06,1.0,1.0
2005-01-07,1.0,1.0
2005-01-10,1.0,1.0
2005-01-11,1.0,1.0
2005-01-12,1.0,1.0
2005-01-13,1.0,1.0
2005-01-14,1.0,1.0
2005-01-18,1.0,1.0
2005-01-19,1.0,1.0
2005-01-20,1.0,1.0
2005-01-21,1.0,1.0
2005-01-24,1.0,1.0
2005-01-25,1.0,1.0
2005-01-26,1.0,1.0
2005-01-27,1.0,1.0
2005-01-28,1.0,1.0
2005-01-31,1.0,1.0
2005-02-01,1.0,1.0
2005-02-02,1.0,1.0
2005-02-03,1.0,1.0
2005-02-04,1.0,1.0
2005-02-07,1.0,1.0
2005-02-08,1.0,1.0
2005-02-09,1.0,1.0
2005-02-10,1.0,1.0
2005-02-11,1.0,1.0
2005-02-14,1.0,1.0
2005-02-15,1.0,1.0
2005-02-16,1.0,1.0
2005-02-17,1.0,1.0
2005-02-18,1.0,1.0
2005-02-22,1.0,1.0
2005-02-23,1.0,1.0
2005-02-24,1.0,1.0
2005-02-25,1.0,1.0
2005-02-28,1.0,1.0
2005-03-01,1.0,1.0
2005-03-02,1.0,1.0
2005-03-03,1.0,1.0
2005-03-04,1.0,1.0
2005-03-07,1.0,1.0
2005-03-08,1.0,1.0
2005-03-09,1.0,1.0
2005-03-10,1.0,1.0
2005-03-11,1.0,1.0
2005-03-14,1.0,1.0
2005-03-15,1.0,1.0
2005-03-16,1.0,1.0
2005-03-17,1.0,1.0
2005-03-18,1.0,1.0
2005-03-21,1.0,1.0
2005-03-22,1.0,1.0
2005-03-23,1.0,1.0
2005-03-24,1.0,1.0
2005-03-28,1.0,1.0
2005-03-29,1.0,1.0
2005-03-30,1.0,1.0
2005-03-31,1.0,1.0
2005-04-01,1.0,1.0
2005-04-04,1.0,1.0
2005-04-05,1.0,1.0
2005-04-06,1.0,1.0
2005-04-07,1.0,1.0
2005-04-08,1.0,1.0
2005-04-11,1.0,1.0
2005-04-12,1.0,1.0
2005-04-13,1.0,1.0
2005-04-14,1.0,1.0
2005-04-15,1.0,1.0
2005-04-18,1.0,1.0
2005-04-19,1.0,1.0
2005-04-20,1.0,1.0
2005-04-21,1.0,1.0
2005-04-22,1.0,1.0
2005-04-25,1.0,1.0
2005-04-26,1.0,1.0
2005-04-27,1.0,1.0
2005-04-28,1.0,1.0
2005-04-29,1.0,1.0
2005-05-02,1.0,1.0
2005-05-03,1.0,1.0
2005-05-04,1.0,1.0
2005-05-05,1.0,1.0
2005-05-06,1.0,1.0
2005-05-09,1.0,1.0
2005-05-10,1.0,1.0
2005-05-11,1.0,1.0
2005-05-12,1.0,1.0
2005-05-13,1.0,1.0
2005-05-16,1.0,1.0
2005-05-17,1.0,1.0
2005-05-18,1.0,1.0
2005-05-19,1.0,1.0
2005-05-20,1.0,1.0
2005-05-23,1.0,1.0
2005-05-24,1.0,1.0
2005-05-25,1.0,1.0
2005-05-26,1.0,1.0
2005-05-27,1.0,1.0
2005-05-31,1.0,1.0
2005-06-01,1.0,1.0
2005-06-02,1.0,1.0
2005-06-03,1.0,1.0
2005-06-06,1.0,1.0
2005-06-07,1.0,1.0
2005-06-08,1.0,1.0
2005-06-09,1.0,1.0
2005-06-10,1.0,1.0
2005-06-13,1.0,1.0
2005-06-14,1.0,1.0
2005-06-15,1.0,1.0
2005-06-16,1.0,1.0
2005-06-17,1.0,1.0
2005-06-20,1.0,1.0
2005-06-21,1.0,1.0
2005-06-22,1.0,1.0
2005-06-23,1.0,1.0
2005-06-24,1.0,1.0
2005-06-27,1.0,1.0
2005-06-28,1.0,1.0
2005-06-29,1.0,1.0
2005-06-30,1.0,1.0
2005-07-01,1.0,1.0
2005-07-05,1.0,1.0
2005-07-06,1.0,1.0
2005-07-07,1.0,1.0
2005-07-08,1.0,1.0
2005-07-11,1.0,1.0
2005-07-12,1.0,1.0
2005-07-13,1.0,1.0
2005-07-14,1.0,1.0
2005-07-15,1.0,1.0
2005-07-18,1.0,1.0
2005-07-19,1.0,1.0
2005-07-20,1.0,1.0
2005-07-21,1.0,1.0
2005-07-22,1.0,1.0
2005-07-25,1.0,1.0
2005-07-26,1.0,1.0
2005-07-27,1.0,1.0
2005-07-28,1.0,1.0
2005-07-29,1.0,1.0
2005-08-01,1.0,1.0
2005-08-02,1.0,1.0
2005-08-03,1.0,1.0
2005-08-04,1.0,1.0
2005-08-05,1.0,1.0
2005-08-08,1.0,1.0
2005-08-09,1.0,1.0
2005-08-10,1.0,1.0
2005-08-11,1.0,1.0
2005-08-12,1.0,1.0
2005-08-15,1.0,1.0
2005-08-16,1.0,1.0
2005-08-17,1.0,1.0
2005-08-18,1.0,1.0
2005-08-19,1.0,1.0
2005-08-22,1.0,1.0
2005-08-23,1.0,1.0
2005-08-24,1.0,1.0
2005-08-25,1.0,1.0
2005-08-26,1.0,1.0
2005-08-29,1.0,1.0
2005-08-30,1.0,1.0
2005-08-31,1.0,1.0
2005-09-01,1.0,1.0
2005-09-02,1.0021521345599824,1.0021521345599824
2005-09-06,1.0091702635753232,1.0091702635753232
2005-09-07,1.0091402370179723,1.0091402370179723
2005-09-08,1.007811921087894,1.007811921087894
2005-09-09,1.0162508544799478,1.0162508544799478
2005-09-12,1.0139102747935211,1.0139102747935211
2005-09-13,1.0081339767163924,1.0081339767163924
2005-09-14,1.0084135444979339,1.0084135444979339
2005-09-15,1.0112010415955806,1.0112010415955806
2005-09-16,1.0193486883483662,1.0193486883483662
2005-09-19,1.0191244017945547,1.0191244017945547
2005-09-20,1.0169710753415773,1.0169710753415773
2005-09-21,1.0213185241879674,1.0213185241879674
2005-09-22,1.0169377279460072,1.0169377279460072
2005-09-23,1.0153674109304591,1.0153674109304591
2005-09-26,1.020390519258235,1.020390519258235
2005-09-27,1.0166658509070616,1.0166658509070616
2005-09-28,1.024256231326064,1.024256231326064
2005-09-29,1.032823675461745,1.032823675461745
2005-09-30,1.02992517862735,1.02992517862735
2005-10-03,1.0278568972592312,1.0278568972592312
2005-10-04,1.022686614656387,1.022686614656387
2005-10-05,1.0119415115645818,1.0119415115645818
2005-10-06,1.0063577085637978,1.0063577085637978
2005-10-07,1.0131819781574127,1.0131819781574127
2005-10-10,1.011473406501552,1.011473406501552
2005-10-11,1.0122366837283263,1.0122366837283263
2005-10-12,0.999799761057286,0.999799761057286
2005-10-13,0.9982252580321888,0.9982252580321888
2005-10-14,0.9985282974963225,0.9985282974963225
2005-10-17,1.0016277506711442,1.0016277506711442
2005-10-18,0.9908988245417513,0.9908988245417513
2005-10-19,0.997243418285264,0.997243418285264
2005-10-20,0.9796277217862049,0.9796277217862049
2005-10-21,0.9906788408427263,0.9906788408427263
2005-10-24,1.001224993033127,1.001224993033127
2005-10-25,0.999679967178207,0.999679967178207
2005-10-26,0.9987126618640961,0.9987126618640961
2005-10-27,0.9919286312664621,0.9919286312664621
2005-10-28,1.0043639193940515,1.0043639193940515
2005-10-31,1.0056435098794452,1.0056435098794452
2005-11-01,1.009339225341213,1.009339225341213
2005-11-02,1.0215535042248107,1.0215535042248107
2005-11-03,1.0218495373028027,1.0218495373028027
2005-11-04,1.0161305059683028,1.0161305059683028
2005-11-07,1.019489160881369,1.019489160881369
2005-11-08,1.0172562536556757,1.0172562536556757
2005-11-09,1.0248253059944974,1.0248253059944974
2005-11-10,1.0264629458656738,1.0264629458656738
2005-11-11,1.0310120681380714,1.0310120681380714
2005-11-14,1.0276619197591852,1.0276619197591852
2005-11-15,1.0240896225142646,1.0240896225142646
2005-11-16,1.032482929865451,1.032482929865451
2005-11-17,1.0468919911533325,1.0468919911533325
2005-11-18,1.050347580669716,1.050347580669716
2005-11-21,1.0547886423218158,1.0547886423218158
2005-11-22,1.058252738859703,1.058252738859703
2005-11-23,1.061849922732532,1.061849922732532
2005-11-25,1.061191235330413,1.061191235330413
2005-11-28,1.0599726044953313,1.0599726044953313
2005-11-29,1.057490879516994,1.057490879516994
2005-11-30,1.0509280851676914,1.0509280851676914
2005-12-01,1.0711385573704664,1.0711385573704664
2005-12-02,1.0729719605440602,1.0729719605440602
2005-12-05,1.0782167553764939,1.0782167553764939
2005-12-06,1.0821022613922149,1.0821022613922149
2005-12-07,1.078469836268517,1.078469836268517
2005-12-08,1.0802222645855521,1.0802222645855521
2005-12-09,1.0865066168233655,1.0865066168233655
2005-12-12,1.0925784468882933,1.0925784468882933
2005-12-13,1.0950345692704686,1.0950345692704686
2005-12-14,1.089408446247318,1.089408446247318
2005-12-15,1.0851779376415147,1.0851779376415147
2005-12-16,1.0847703899206795,1.0847703899206795
2005-12-19,1.0834994392070736,1.0834994392070736
2005-12-20,1.0805770833379786,1.0805770833379786
2005-12-21,1.0869239339650727,1.0869239339650727
2005-12-22,1.0932336109655059,1.0932336109655059
2005-12-23,1.095026736602207,1.095026736602207
2005-12-27,1.091185389485125,1.091185389485125
2005-12-28,1.0966569246399411,1.0966569246399411
2005-12-29,1.095931468870447,1.095931468870447
2005-12-30,1.0943557329694138,1.0943557329694138
2006-01-03,1.1203621174051697,1.1203621174051697
2006-01-04,1.126608840655979,1.126608840655979
2006-01-05,1.122710774348238,1.122710774348238
2006-01-06,1.1377038073607613,1.1377038073607613
2006-01-09,1.1446059465358975,1.1446059465358975
2006-01-10,1.13731687336813,1.13731687336813
2006-01-11,1.1444761969618744,1.1444761969618744
2006-01-12,1.1386947199817756,1.1386947199817756
2006-01-13,1.1444651148875116,1.1444651148875116
2006-01-17,1.1363428645409621,1.1363428645409621
2006-01-18,1.1276205397370884,1.1276205397370884
2006-01-19,1.1443545705685318,1.1443545705685318
2006-01-20,1.1284012897154039,1.1284012897154039
2006-01-23,1.1412391439829677,1.1412391439829677
2006-01-24,1.145664562332736,1.145664562332736
2006-01-25,1.1478822892302136,1.1478822892302136
2006-01-26,1.1555327123455386,1.1555327123455386
2006-01-27,1.1608104191008304,1.1608104191008304
2006-01-30,1.164135274344667,1.164135274344667
2006-01-31,1.1643170403577736,1.1643170403577736
2006-02-01,1.1658821766403056,1.1658821766403056
2006-02-02,1.1558698216555219,1.1558698216555219
2006-02-03,1.1496725559104026,1.1496725559104026
2006-02-06,1.156253516526918,1.156253516526918
2006-02-07,1.1376222915019008,1.1376222915019008
2006-02-08,1.142053851636178,1.142053851636178
2006-02-09,1.1484685795004004,1.1484685795004004
2006-02-10,1.1418478905313996,1.1418478905313996
2006-02-13,1.1299123657373058,1.1299123657373058
2006-02-14,1.1434029827419858,1.1434029827419858
2006-02-15,1.1381541703522324,1.1381541703522324
2006-02-16,1.1509354083223116,1.1509354083223116
2006-02-17,1.1521445568177953,1.1521445568177953
2006-02-21,1.1494001560684943,1.1494001560684943
2006-02-22,1.1556223928479776,1.1556223928479776
2006-02-23,1.1527430849124203,1.1527430849124203
2006-02-24,1.1589548587866576,1.1589548587866576
2006-02-27,1.1597378131843175,1.1597378131843175
2006-02-28,1.1534171598757805,1.1534171598757805
2006-03-01,1.1643438379043531,1.1643438379043531
2006-03-02,1.1661439960779822,1.1661439960779822
2006-03-03,1.1578551280874136,1.1578551280874136
2006-03-06,1.145589549699819,1.145589549699819
2006-03-07,1.1301141189613282,1.1301141189613282
2006-03-08,1.1283024470568135,1.1283024470568135
2006-03-09,1.1246415249144417,1.1246415249144417
2006-03-10,1.1353766308156772,1.1353766308156772
2006-03-13,1.1404892911050397,1.1404892911050397
2006-03-14,1.1555210550318644,1.1555210550318644
2006-03-15,1.1604873401046767,1.1604873401046767
2006-03-16,1.1615622366684653,1.1615622366684653
2006-03-17,1.1630788773177818,1.1630788773177818
2006-03-20,1.1646132098538844,1.1646132098538844
2006-03-21,1.1520972289035167,1.1520972289035167
2006-03-22,1.15827975335045,1.15827975335045
2006-03-23,1.1524625338775198,1.1524625338775198
2006-03-24,1.1611199992928807,1.1611199992928807
2006-03-27,1.1648274732085353,1.1648274732085353
2006-03-28,1.1549502457847973,1.1549502457847973
2006-03-29,1.1712841274363968,1.1712841274363968
2006-03-30,1.183636189827923,1.183636189827923
2006-03-31,1.1786500558454,1.1786500558454
2006-04-03,1.1918561491600306,1.1918561491600306
2006-04-04,1.197166275984178,1.197166275984178
2006-04-05,1.2039552987170652,1.2039552987170652
2006-04-06,1.2055449178619375,1.2055449178619375
2006-04-07,1.1909283683631902,1.1909283683631902
2006-04-10,1.1960363599241142,1.1960363599241142
2006-04-11,1.1859953563786478,1.1859953563786478
2006-04-12,1.1889245396435455,1.1889245396435455
2006-04-13,1.1910759621877416,1.1910759621877416
2006-04-17,1.2038184520735056,1.2038184520735056
2006-04-18,1.228483955772986,1.228483955772986
2006-04-19,1.2425064761893454,1.2425064761893454
2006-04-20,1.2268454321147257,1.2268454321147257
2006-04-21,1.2426223128343574,1.2426223128343574
2006-04-24,1.2306890623833489,1.2306890623833489
2006-04-25,1.2306485424327778,1.2306485424327778
2006-04-26,1.2429592936666563,1.2429592936666563
2006-04-27,1.2367500814558325,1.2367500814558325
2006-04-28,1.2513136511032528,1.2513136511032528
2006-05-01,1.248877443622923,1.248877443622923
2006-05-02,1.2681677802926874,1.2681677802926874
2006-05-03,1.2650283745791935,1.2650283745791935
2006-05-04,1.276552189323385,1.276552189323385
2006-05-05,1.2918233581328753,1.2918233581328753
2006-05-08,1.2914595895411856,1.2914595895411856
2006-05-09,1.3044486523986842,1.3044486523986842
2006-05-10,1.3030137382823144,1.3030137382823144
2006-05-11,1.2905035024826927,1.2905035024826927
2006-05-12,1.2740957761656524,1.2740957761656524
2006-05-15,1.2477523366542307,1.2477523366542307
2006-05-16,1.2539527604880611,1.2539527604880611
2006-05-17,1.2251370316283214,1.2251370316283214
2006-05-18,1.213670792197641,1.213670792197641
2006-05-19,1.2154232706568615,1.2154232706568615
2006-05-22,1.1908294811090356,1.1908294811090356
2006-05-23,1.1903288088888777,1.1903288088888777
2006-05-24,1.1800480065153416,1.1800480065153416
2006-05-25,1.2031647200920155,1.2031647200920155
2006-05-26,1.208088860242864,1.208088860242864
2006-05-30,1.1851763603380205,1.1851763603380205
2006-05-31,1.1916582431517622,1.1916582431517622
2006-06-01,1.1947794809996821,1.1947794809996821
2006-06-02,1.2054803160517513,1.2054803160517513
2006-06-05,1.1807736828119502,1.1807736828119502
2006-06-06,1.1734594235332574,1.1734594235332574
2006-06-07,1.1634840294801811,1.1634840294801811
2006-06-08,1.1513866878629195,1.1513866878629195
2006-06-09,1.1486019933746066,1.1486019933746066
2006-06-12,1.1396954112046607,1.1396954112046607
2006-06-13,1.1023071100999864,1.1023071100999864
2006-06-14,1.0963934601918206,1.0963934601918206
2006-06-15,1.1279190388513294,1.1279190388513294
2006-06-16,1.1269422143805952,1.1269422143805952
2006-06-19,1.111225277246647,1.111225277246647
2006-06-20,1.1238298337106172,1.1238298337106172
2006-06-21,1.1411859952787002,1.1411859952787002
2006-06-22,1.132316360249788,1.132316360249788
2006-06-23,1.1332337644779973,1.1332337644779973
2006-06-26,1.140527436275143,1.140527436275143
2006-06-27,1.1241129389678615,1.1241129389678615
2006-06-28,1.129137651699825,1.129137651699825
2006-06-29,1.1717482878078196,1.1717482878078196
2006-06-30,1.1841740223457462,1.1841740223457462
2006-07-03,1.1980736874615847,1.1980736874615847
2006-07-05,1.1829086763051124,1.1829086763051124
2006-07-06,1.1953907919787523,1.1953907919787523
2006-07-07,1.1845506862002755,1.1845506862002755
2006-07-10,1.1870789244006503,1.1870789244006503
2006-07-11,1.197160947449162,1.197160947449162
2006-07-12,1.1937430354972274,1.1937430354972274
2006-07-13,1.1909430859967267,1.1909430859967267
2006-07-14,1.1898973053345403,1.1898973053345403
2006-07-17,1.1720332172532542,1.1720332172532542
2006-07-18,1.1619911490261445,1.1619911490261445
2006-07-19,1.1903593326399435,1.1903593326399435
2006-07-20,1.1793968298073128,1.1793968298073128
2006-07-21,1.173938869131833,1.173938869131833
2006-07-24,1.191228715779248,1.191228715779248
2006-07-25,1.1940418763331246,1.1940418763331246
2006-07-26,1.196918373817501,1.196918373817501
2006-07-27,1.2053387493150425,1.2053387493150425
2006-07-28,1.2190842920058729,1.2190842920058729
2006-07-31,1.215548059947814,1.215548059947814
2006-08-01,1.2137905082724438,1.2137905082724438
2006-08-02,1.2230328853196335,1.2230328853196335
2006-08-03,1.220690163289878,1.220690163289878
2006-08-04,1.2223457802859399,1.2223457802859399
2006-08-07,1.219589978279768,1.219589978279768
2006-08-08,1.2157974671871006,1.2157974671871006
2006-08-09,1.2197894153485234,1.2197894153485234
2006-08-10,1.2182617328368046,1.2182617328368046
2006-08-11,1.2100171212580106,1.2100171212580106
2006-08-14,1.209939621550176,1.209939621550176
2006-08-15,1.2236618086836972,1.2236618086836972
2006-08-16,1.233031372841682,1.233031372841682
2006-08-17,1.227358571589943,1.227358571589943
2006-08-18,1.2275145788535873,1.2275145788535873
2006-08-21,1.2306539940489798,1.2306539940489798
2006-08-22,1.2283782714278788,1.2283782714278788
2006-08-23,1.2214064800483224,1.2214064800483224
2006-08-24,1.2195050252682287,1.2195050252682287
2006-08-25,1.2206358663985923,1.2206358663985923
2006-08-28,1.222331050969148,1.222331050969148
2006-08-29,1.2252690996050386,1.2252690996050386
2006-08-30,1.2287755787465302,1.2287755787465302
2006-08-31,1.231837883911229,1.231837883911229
2006-09-01,1.2373209344546836,1.2373209344546836
2006-09-05,1.2450124480201137,1.2450124480201137
2006-09-06,1.2295713679828733,1.2295713679828733
2006-09-07,1.2163023666385588,1.2163023666385588
2006-09-08,1.2169561671413178,1.2169561671413178
2006-09-11,1.21463570838693,1.21463570838693
2006-09-12,1.2270417762750616,1.2270417762750616
2006-09-13,1.2325143873079056,1.2325143873079056
2006-09-14,1.22997984062498,1.22997984062498
2006-09-15,1.2317857639375842,1.2317857639375842
2006-09-18,1.2369029396626203,1.2369029396626203
2006-09-19,1.2292163630142583,1.2292163630142583
2006-09-20,1.2405098856603927,1.2405098856603927
2006-09-21,1.2335265349458935,1.2335265349458935
2006-09-22,1.2305058280720071,1.2305058280720071
2006-09-25,1.236195418560044,1.236195418560044
2006-09-26,1.2431102845876612,1.2431102845876612
2006-09-27,1.2488626733340615,1.2488626733340615
2006-09-28,1.2514745826907419,1.2514745826907419
2006-09-29,1.2471752478655498,1.2471752478655498
2006-10-02,1.2466606642675249,1.2466606642675249
2006-10-03,1.2478192721426529,1.2478192721426529
2006-10-04,1.264016207665037,1.264016207665037
2006-10-05,1.268214167926448,1.268214167926448
2006-10-06,1.2630276583822087,1.2630276583822087
2006-10-09,1.2629315190555375,1.2629315190555375
2006-10-10,1.265340114943437,1.265340114943437
2006-10-11,1.2626971653336982,1.2626971653336982
2006-10-12,1.2768211969099503,1.2768211969099503
2006-10-13,1.279284362757052,1.279284362757052
2006-10-16,1.2823748583969126,1.2823748583969126
2006-10-17,1.2756590070471625,1.2756590070471625
2006-10-18,1.2803829610744788,1.2803829610744788
2006-10-19,1.2845627912739706,1.2845627912739706
2006-10-20,1.2840445381521275,1.2840445381521275
2006-10-23,1.2845787103927087,1.2845787103927087
2006-10-24,1.2877701536042911,1.2877701536042911
2006-10-25,1.295649434330507,1.295649434330507
2006-10-26,1.3010317541152405,1.3010317541152405
2006-10-27,1.2919715701046992,1.2919715701046992
2006-10-30,1.2900054215560506,1.2900054215560506
2006-10-31,1.2974825747008136,1.2974825747008136
2006-11-01,1.2979541496265319,1.2979541496265319
2006-11-02,1.3016584624845955,1.3016584624845955
2006-11-03,1.3012581644185366,1.3012581644185366
2006-11-06,1.3125169996080936,1.3125169996080936
2006-11-07,1.3139967528039738,1.3139967528039738
2006-11-08,1.3120856495055033,1.3120856495055033
2006-11-09,1.3182568399822558,1.3182568399822558
2006-11-10,1.3184385567260193,1.3184385567260193
2006-11-13,1.3167357057003604,1.3167357057003604
2006-11-14,1.3237218353749032,1.3237218353749032
2006-11-15,1.3252974643636894,1.3252974643636894
2006-11-16,1.3202430116378865,1.3202430116378865
2006-11-17,1.3219558630900297,1.3219558630900297
2006-11-20,1.3192043138349188,1.3192043138349188
2006-11-21,1.3274608943157802,1.3274608943157802
2006-11-22,1.3337844606623508,1.3337844606623508
2006-11-24,1.335589696160981,1.335589696160981
2006-11-27,1.3253662864521492,1.3253662864521492
2006-11-28,1.330584081684745,1.330584081684745
2006-11-29,1.338574618150263,1.338574618150263
2006-11-30,1.347076422202956,1.347076422202956
2006-12-01,1.3444169857250095,1.3444169857250095
2006-12-04,1.3540882169797663,1.3540882169797663
2006-12-05,1.3600423315944723,1.3600423315944723
2006-12-06,1.3523599569332678,1.3523599569332678
2006-12-07,1.3510748891450939,1.3510748891450939
2006-12-08,1.3462147945789535,1.3462147945789535
2006-12-11,1.3504223292987947,1.3504223292987947
2006-12-12,1.3485959248579233,1.3485959248579233
2006-12-13,1.3503662275432708,1.3503662275432708
2006-12-14,1.3565223502326755,1.3565223502326755
2006-12-15,1.3566161855004732,1.3566161855004732
2006-12-18,1.3530275530947342,1.3530275530947342
2006-12-19,1.3566049447369157,1.3566049447369157
2006-12-20,1.3580812689526103,1.3580812689526103
2006-12-21,1.3559462941584108,1.3559462941584108
2006-12-22,1.3555675399221692,1.3555675399221692
2006-12-26,1.3609429176246965,1.3609429176246965
2006-12-27,1.370312340862728,1.370312340862728
2006-12-28,1.3720346411925346,1.3720346411925346
2006-12-29,1.371418015148814,1.371418015148814
2007-01-03,1.3708925676514032,1.3708925676514032
2007-01-04,1.3647076910852178,1.3647076910852178
2007-01-05,1.346652502142896,1.346652502142896
2007-01-08,1.3513209730101388,1.3513209730101388
2007-01-09,1.3438150738880592,1.3438150738880592
2007-01-10,1.3412381304179755,1.3412381304179755
2007-01-11,1.348459364946118,1.348459364946118
2007-01-12,1.3655237009092318,1.3655237009092318
2007-01-16,1.3651074439557624,1.3651074439557624
2007-01-17,1.3670165532144798,1.3670165532144798
2007-01-18,1.3610035596139871,1.3610035596139871
2007-01-19,1.3728876457559986,1.3728876457559986
2007-01-22,1.369263501506745,1.369263501506745
2007-01-23,1.384802551957664,1.384802551957664
2007-01-24,1.391584694963963,1.391584694963963
2007-01-25,1.3737023911773276,1.3737023911773276
2007-01-26,1.3761058210260906,1.3761058210260906
2007-01-29,1.3705286549753193,1.3705286549753193
2007-01-30,1.3804157337381502,1.3804157337381502
2007-01-31,1.3883033244154632,1.3883033244154632
2007-02-01,1.397502664901969,1.397502664901969
2007-02-02,1.392849960986949,1.392849960986949
2007-02-05,1.3928757999739994,1.3928757999739994
2007-02-06,1.4004837285712555,1.4004837285712555
2007-02-07,1.4004502215877837,1.4004502215877837
2007-02-08,1.4014972064796836,1.4014972064796836
2007-02-09,1.3967868326493855,1.3967868326493855
2007-02-12,1.3906601238675962,1.3906601238675962
2007-02-13,1.4016682576614765,1.4016682576614765
2007-02-14,1.4166690409060598,1.4166690409060598
2007-02-15,1.4181088284784813,1.4181088284784813
2007-02-16,1.4184966360449676,1.4184966360449676
2007-02-20,1.4159067071149427,1.4159067071149427
2007-02-21,1.4240012450388495,1.4240012450388495
2007-02-22,1.422924978552876,1.422924978552876
2007-02-23,1.4237610934049336,1.4237610934049336
2007-02-26,1.4257563373949012,1.4257563373949012
2007-02-27,1.3698474496965494,1.3698474496965494
2007-02-28,1.3857380834922606,1.3857380834922606
2007-03-01,1.3752917586649769,1.3752917586649769
2007-03-02,1.357188341582021,1.357188341582021
2007-03-05,1.33853358227539,1.33853358227539
2007-03-06,1.3681780984477694,1.3681780984477694
2007-03-07,1.367167371635918,1.367167371635918
2007-03-08,1.3802787383643618,1.3802787383643618
2007-03-09,1.3795441336048457,1.3795441336048457
2007-03-12,1.3844638571275345,1.3844638571275345
2007-03-13,1.3623396559163499,1.3623396559163499
2007-03-14,1.3673380802910664,1.3673380802910664
2007-03-15,1.3710521478816424,1.3710521478816424
2007-03-16,1.37105089084183,1.37105089084183
2007-03-19,1.3849201275112468,1.3849201275112468
2007-03-20,1.3931486647270652,1.3931486647270652
2007-03-21,1.41473341532805,1.41473341532805
2007-03-22,1.411443072906511,1.411443072906511
2007-03-23,1.410820986497314,1.410820986497314
2007-03-26,1.41320912429739,1.41320912429739
2007-03-27,1.4094796300230867,1.4094796300230867
2007-03-28,1.4015503617411404,1.4015503617411404
2007-03-29,1.4077219939510563,1.4077219939510563
2007-03-30,1.4085626358855743,1.4085626358855743
2007-04-02,1.4123877886952865,1.4123877886952865
2007-04-03,1.422046833205773,1.422046833205773
2007-04-04,1.4298793629561495,1.4298793629561495
2007-04-05,1.431907742832955,1.431907742832955
2007-04-09,1.431226579481546,1.431226579481546
2007-04-10,1.4381934653142494,1.4381934653142494
2007-04-11,1.4324526974809961,1.4324526974809961
2007-04-12,1.4403892259990476,1.4403892259990476
2007-04-13,1.447266451266448,1.447266451266448
2007-04-16,1.459480744670105,1.459480744670105
2007-04-17,1.4578610831033856,1.4578610831033856
2007-04-18,1.458004114008634,1.458004114008634
2007-04-19,1.4507299475764612,1.4507299475764612
2007-04-20,1.4651431415931377,1.4651431415931377
2007-04-23,1.4584352746248754,1.4584352746248754
2007-04-24,1.456202783318564,1.456202783318564
2007-04-25,1.4660096177308373,1.4660096177308373
2007-04-26,1.4592469315647607,1.4592469315647607
2007-04-27,1.45988198144738,1.45988198144738
2007-04-30,1.4497159612427224,1.4497159612427224
2007-05-01,1.4494212435821878,1.4494212435821878
2007-05-02,1.459031733744966,1.459031733744966
2007-05-03,1.4667806267256975,1.4667806267256975
2007-05-04,1.4739803428405376,1.4739803428405376
2007-05-07,1.4769469159034045,1.4769469159034045
2007-05-08,1.4683769709098453,1.4683769709098453
2007-05-09,1.473318754620182,1.473318754620182
2007-05-10,1.451372711025511,1.451372711025511
2007-05-11,1.4675255655216788,1.4675255655216788
2007-05-14,1.4621801873270321,1.4621801873270321
2007-05-15,1.4641522418123778,1.4641522418123778
2007-05-16,1.4667618233774917,1.4667618233774917
2007-05-17,1.4607010407381156,1.4607010407381156
2007-05-18,1.4682056905664733,1.4682056905664733
2007-05-21,1.4684947671133943,1.4684947671133943
2007-05-22,1.465875500301855,1.465875500301855
2007-05-23,1.4682473564147138,1.4682473564147138
2007-05-24,1.4522994777873262,1.4522994777873262
2007-05-25,1.4605321615655067,1.4605321615655067
2007-05-29,1.4612474046565669,1.4612474046565669
2007-05-30,1.4666318816929076,1.4666318816929076
2007-05-31,1.4716826194246937,1.4716826194246937
2007-06-01,1.4861536841829406,1.4861536841829406
2007-06-04,1.4864779003667463,1.4864779003667463
2007-06-05,1.4811394015153674,1.4811394015153674
2007-06-06,1.466536256337584,1.466536256337584
2007-06-07,1.4416559707701997,1.4416559707701997
2007-06-08,1.4509043762860767,1.4509043762860767
2007-06-11,1.4585755324774812,1.4585755324774812
2007-06-12,1.4384043089406808,1.4384043089406808
2007-06-13,1.4580638179276495,1.4580638179276495
2007-06-14,1.469209874504602,1.469209874504602
2007-06-15,1.4840693782787862,1.4840693782787862
2007-06-18,1.4866082890208443,1.4866082890208443
2007-06-19,1.4913432450597959,1.4913432450597959
2007-06-20,1.4742011157989232,1.4742011157989232
2007-06-21,1.483337304062916,1.483337304062916
2007-06-22,1.4742368973268056,1.4742368973268056
2007-06-25,1.4691874143985655,1.4691874143985655
2007-06-26,1.455747189766039,1.455747189766039
2007-06-27,1.4669120796484507,1.4669120796484507
2007-06-28,1.4696692889471472,1.4696692889471472
2007-06-29,1.4735753688879338,1.4735753688879338
2007-07-02,1.490711662961733,1.490711662961733
2007-07-03,1.4939684499374235,1.4939684499374235
2007-07-05,1.4915256940989177,1.4915256940989177
2007-07-06,1.5056868840472197,1.5056868840472197
2007-07-09,1.5129753377588215,1.5129753377588215
2007-07-10,1.5013779997176024,1.5013779997176024
2007-07-11,1.5073644946091163,1.5073644946091163
2007-07-12,1.530182431128916,1.530182431128916
2007-07-13,1.5350937630512165,1.5350937630512165
2007-07-16,1.5309964843001655,1.5309964843001655
2007-07-17,1.5286843618437764,1.5286843618437764
2007-07-18,1.5281469178379912,1.5281469178379912
2007-07-19,1.5359019319984286,1.5359019319984286
2007-07-20,1.5308380006425082,1.5308380006425082
2007-07-23,1.5418064425710174,1.5418064425710174
2007-07-24,1.5218823130992496,1.5218823130992496
2007-07-25,1.5206794472826966,1.5206794472826966
2007-07-26,1.483255408448097,1.483255408448097
2007-07-27,1.46808870915119,1.46808870915119
2007-07-30,1.4889797718690612,1.4889797718690612
2007-07-31,1.4801797244845958,1.4801797244845958
2007-08-01,1.4808904865383614,1.4808904865383614
2007-08-02,1.4871007448322744,1.4871007448322744
2007-08-03,1.470496962806827,1.470496962806827
2007-08-06,1.482658923857099,1.482658923857099
2007-08-07,1.4886630969248869,1.4886630969248869
2007-08-08,1.5085749746478136,1.5085749746478136
2007-08-09,1.4729954662318876,1.4729954662318876
2007-08-10,1.4654563403363843,1.4654563403363843
2007-08-13,1.4691509716398141,1.4691509716398141
2007-08-14,1.4580572317025022,1.4580572317025022
2007-08-15,1.4384299943914916,1.4384299943914916
2007-08-16,1.4375559650566256,1.4375559650566256
2007-08-17,1.4581649682011621,1.4581649682011621
2007-08-20,1.4595389230035611,1.4595389230035611
2007-08-21,1.4603487473723202,1.4603487473723202
2007-08-22,1.4845345730984936,1.4845345730984936
2007-08-23,1.4870562327380585,1.4870562327380585
2007-08-24,1.5058950593732254,1.5058950593732254
2007-08-27,1.5015985322989722,1.5015985322989722
2007-08-28,1.4803066445572588,1.4803066445572588
2007-08-29,1.506204045038992,1.506204045038992
2007-08-30,1.5011731595809943,1.5011731595809943
2007-08-31,1.5206044806058057,1.5206044806058057
2007-09-04,1.5354648056325835,1.5354648056325835
2007-09-05,1.5252365897823974,1.5252365897823974
2007-09-06,1.5352687586988012,1.5352687586988012
2007-09-07,1.5246206660851267,1.5246206660851267
2007-09-10,1.524746401205476,1.524746401205476
2007-09-11,1.5431210399134228,1.5431210399134228
2007-09-12,1.5446354262738942,1.5446354262738942
2007-09-13,1.5489698015546196,1.5489698015546196
2007-09-14,1.5475699665467488,1.5475699665467488
2007-09-17,1.5440532206977333,1.5440532206977333
2007-09-18,1.5819643418314193,1.5819643418314193
2007-09-19,1.5868749395171797,1.5868749395171797
2007-09-20,1.5868498424439625,1.5868498424439625
2007-09-21,1.5925698595902733,1.5925698595902733
2007-09-24,1.5964152967724985,1.5964152967724985
2007-09-25,1.595459868675016,1.595459868675016
2007-09-26,1.601201073021667,1.601201073021667
2007-09-27,1.6157579400202484,1.6157579400202484
2007-09-28,1.617235353014093,1.617235353014093
2007-10-01,1.6358298028613283,1.6358298028613283
2007-10-02,1.6311821835482594,1.6311821835482594
2007-10-03,1.6172952900946553,1.6172952900946553
2007-10-04,1.6263870595971732,1.6263870595971732
2007-10-05,1.644206216413749,1.644206216413749
2007-10-08,1.6346087159136191,1.6346087159136191
2007-10-09,1.648258561885292,1.648258561885292
2007-10-10,1.6491733258771344,1.6491733258771344
2007-10-11,1.6489208063792058,1.6489208063792058
2007-10-12,1.6606144437309447,1.6606144437309447
2007-10-15,1.6536011938808766,1.6536011938808766
2007-10-16,1.6401886039656222,1.6401886039656222
2007-10-17,1.650656613454668,1.650656613454668
2007-10-18,1.6595194259271873,1.6595194259271873
2007-10-19,1.6295496827016238,1.6295496827016238
2007-10-22,1.6285700538409802,1.6285700538409802
2007-10-23,1.647495826439937,1.647495826439937
2007-10-24,1.6467317175164466,1.6467317175164466
2007-10-25,1.6545853811623252,1.6545853811623252
2007-10-26,1.6807564304350562,1.6807564304350562
2007-10-29,1.6939196110094452,1.6939196110094452
2007-10-30,1.6795736215093289,1.6795736215093289
2007-10-31,1.6997652522459976,1.6997652522459976
2007-11-01,1.6687905536996561,1.6687905536996561
2007-11-02,1.681423561818182,1.681423561818182
2007-11-05,1.6611790417870511,1.6611790417870511
2007-11-06,1.68984724368106,1.68984724368106
2007-11-07,1.6673956591771886,1.6673956591771886
2007-11-08,1.6706430136796,1.6706430136796
2007-11-09,1.6539016611300885,1.6539016611300885
2007-11-12,1.6041463364323327,1.6041463364323327
2007-11-13,1.648600906975064,1.648600906975064
2007-11-14,1.6521902961408328,1.6521902961408328
2007-11-15,1.6256420780689336,1.6256420780689336
2007-11-16,1.630650721531972,1.630650721531972
2007-11-19,1.6032124721901013,1.6032124721901013
2007-11-20,1.6339228435484259,1.6339228435484259
2007-11-21,1.609897549632338,1.609897549632338
2007-11-23,1.6394430240883218,1.6394430240883218
2007-11-26,1.6207323848405013,1.6207323848405013
2007-11-27,1.6340852463110467,1.6340852463110467
2007-11-28,1.6643700612145842,1.6643700612145842
2007-11-29,1.6503122175270735,1.6503122175270735
2007-11-30,1.6548667356380455,1.6548667356380455
2007-12-03,1.6544346700774233,1.6544346700774233
2007-12-04,1.6550908516035368,1.6550908516035368
2007-12-05,1.675332450877898,1.675332450877898
2007-12-06,1.691379109809522,1.691379109809522
2007-12-07,1.6807548626021214,1.6807548626021214
2007-12-10,1.6922469970658176,1.6922469970658176
2007-12-11,1.6565517707273558,1.6565517707273558
2007-12-12,1.6830185688111001,1.6830185688111001
2007-12-13,1.6565845459535367,1.6565845459535367
2007-12-14,1.642027762668061,1.642027762668061
2007-12-17,1.6167944341118068,1.6167944341118068
2007-12-18,1.6421577271028034,1.6421577271028034
2007-12-19,1.6467901454327118,1.6467901454327118
2007-12-20,1.645349264991894,1.645349264991894
2007-12-21,1.669266539883158,1.669266539883158
2007-12-24,1.6790230956944383,1.6790230956944383
2007-12-26,1.6871736710106469,1.6871736710106469
2007-12-27,1.6751068238644455,1.6751068238644455
2007-12-28,1.6899061866675427,1.6899061866675427
2007-12-31,1.6795799897950467,1.6795799897950467
2008-01-02,1.6892931085339795,1.6892931085339795
2008-01-03,1.700566258206632,1.700566258206632
2008-01-04,1.681792689732809,1.681792689732809
2008-01-07,1.6842434678557172,1.6842434678557172
2008-01-08,1.694629084129239,1.694629084129239
2008-01-09,1.7103266263286958,1.7103266263286958
2008-01-10,1.72707294458178,1.72707294458178
2008-01-11,1.7155142677133892,1.7155142677133892
2008-01-14,1.7305698362634516,1.7305698362634516
2008-01-15,1.6965716796180537,1.6965716796180537
2008-01-16,1.6815813871119483,1.6815813871119483
2008-01-17,1.6847203338949166,1.6847203338949166
2008-01-18,1.6935166051089217,1.6935166051089217
2008-01-22,1.7020927647950794,1.7020927647950794
2008-01-23,1.6968395168717916,1.6968395168717916
2008-01-24,1.7158404895325072,1.7158404895325072
2008-01-25,1.7194368496011931,1.7194368496011931
2008-01-28,1.7349109191190872,1.7349109191190872
2008-01-29,1.7265485112208268,1.7265485112208268
2008-01-30,1.736509784113066,1.736509784113066
2008-01-31,1.7340764915995588,1.7340764915995588
2008-02-01,1.7320507883352598,1.7320507883352598
2008-02-04,1.731877264763447,1.731877264763447
2008-02-05,1.7207690175416943,1.7207690175416943
2008-02-06,1.732563864396484,1.732563864396484
2008-02-07,1.7336883799801845,1.7336883799801845
2008-02-08,1.7489365525347609,1.7489365525347609
2008-02-11,1.7539800626135493,1.7539800626135493
2008-02-12,1.7344350013447412,1.7344350013447412
2008-02-13,1.7447191889980922,1.7447191889980922
2008-02-14,1.7446238215903154,1.7446238215903154
2008-02-15,1.7387507050092585,1.7387507050092585
2008-02-19,1.7593464757613804,1.7593464757613804
2008-02-20,1.7739468350624625,1.7739468350624625
2008-02-21,1.7705708779498828,1.7705708779498828
2008-02-22,1.7762564498415419,1.7762564498415419
2008-02-25,1.781064111254498,1.781064111254498
2008-02-26,1.7979895005220157,1.7979895005220157
2008-02-27,1.8111277318755303,1.8111277318755303
2008-02-28,1.8159580932451163,1.8159580932451163
2008-02-29,1.8212086445454554,1.8212086445454554
2008-03-03,1.8311027435668752,1.8311027435668752
2008-03-04,1.8077778690343105,1.8077778690343105
2008-03-05,1.8261442610040983,1.8261442610040983
2008-03-06,1.813394500020249,1.813394500020249
2008-03-07,1.812317399920649,1.812317399920649
2008-03-10,1.815059238997346,1.815059238997346
2008-03-11,1.8106862448673011,1.8106862448673011
2008-03-12,1.8295809043772273,1.8295809043772273
2008-03-13,1.8381983974686948,1.8381983974686948
2008-03-14,1.845526200553351,1.845526200553351
2008-03-17,1.8537853585279702,1.8537853585279702
2008-03-18,1.826671163388811,1.826671163388811
2008-03-19,1.7966781884162792,1.7966781884162792
2008-03-20,1.7695948949370515,1.7695948949370515
2008-03-24,1.7649627277618192,1.7649627277618192
2008-03-25,1.7923554405536806,1.7923554405536806
2008-03-26,1.8000823046257788,1.8000823046257788
2008-03-27,1.7971708503878026,1.7971708503878026
2008-03-28,1.7841698474904477,1.7841698474904477
2008-03-31,1.7685087807692732,1.7685087807692732
2008-04-01,1.7277790664671484,1.7277790664671484
2008-04-02,1.7521736825310594,1.7521736825310594
2008-04-03,1.7621044691138663,1.7621044691138663
2008-04-04,1.7747766197746169,1.7747766197746169
2008-04-07,1.7886083430727027,1.7886083430727027
2008-04-08,1.7799273219992056,1.7799273219992056
2008-04-09,1.8029456571974185,1.8029456571974185
2008-04-10,1.806297813466366,1.806297813466366
2008-04-11,1.8036091396669605,1.8036091396669605
2008-04-14,1.8006792774972002,1.8006792774972002
2008-04-15,1.8012915721412996,1.8012915721412996
2008-04-16,1.8274226279204484,1.8274226279204484
2008-04-17,1.8182486428419573,1.8182486428419573
2008-04-18,1.816302877718428,1.816302877718428
2008-04-21,1.8169607068218612,1.8169607068218612
2008-04-22,1.8123693963570358,1.8123693963570358
2008-04-23,1.8134412093322145,1.8134412093322145
2008-04-24,1.789888673491393,1.789888673491393
2008-04-25,1.7940310379542435,1.7940310379542435
2008-04-28,1.797239101570871,1.797239101570871
2008-04-29,1.7746713344704246,1.7746713344704246
2008-04-30,1.796243225164397,1.796243225164397
2008-05-01,1.7891955016566763,1.7891955016566763
2008-05-02,1.7971098296192058,1.7971098296192058
2008-05-05,1.8066966360056116,1.8066966360056116
2008-05-06,1.816889480828428,1.816889480828428
2008-05-07,1.7949298629726476,1.7949298629726476
2008-05-08,1.812024083412315,1.812024083412315
2008-05-09,1.8085755821836704,1.8085755821836704
2008-05-12,1.8158968904988122,1.8158968904988122
2008-05-13,1.8055920444819065,1.8055920444819065
2008-05-14,1.806341001417382,1.806341001417382
2008-05-15,1.8342437216965262,1.8342437216965262
2008-05-16,1.8511736664509728,1.8511736664509728
2008-05-19,1.8525711340515556,1.8525711340515556
2008-05-20,1.8467877484957733,1.8467877484957733
2008-05-21,1.841601478422216,1.841601478422216
2008-05-22,1.8406379481146822,1.8406379481146822
2008-05-23,1.8304158220958768,1.8304158220958768
2008-05-27,1.8168431332208568,1.8168431332208568
2008-05-28,1.8196787503196432,1.8196787503196432
2008-05-29,1.804980552749857,1.804980552749857
2008-05-30,1.815598245715609,1.815598245715609
2008-06-02,1.8141778321399415,1.8141778321399415
2008-06-03,1.7969692290376165,1.7969692290376165
2008-06-04,1.788029134954899,1.788029134954899
2008-06-05,1.8069981562935191,1.8069981562935191
2008-06-06,1.806719442032968,1.806719442032968
2008-06-09,1.7913034545136541,1.7913034545136541
2008-06-10,1.7617421396829083,1.7617421396829083
2008-06-11,1.778024059873219,1.778024059873219
2008-06-12,1.7490101434544822,1.7490101434544822
2008-06-13,1.7537096552707945,1.7537096552707945
2008-06-16,1.7778198484930032,1.7778198484930032
2008-06-17,1.7833161894659393,1.7833161894659393
2008-06-18,1.7976001790431535,1.7976001790431535
2008-06-19,1.8004509145594412,1.8004509145594412
2008-06-20,1.8085588693736183,1.8085588693736183
2008-06-23,1.7884734953307853,1.7884734953307853
2008-06-24,1.7941685117522943,1.7941685117522943
2008-06-25,1.7941040758142355,1.7941040758142355
2008-06-26,1.8280045484740484,1.8280045484740484
2008-06-27,1.8388707173798222,1.8388707173798222
2008-06-30,1.8386252110763885,1.8386252110763885
2008-07-01,1.8481177954276817,1.8481177954276817
2008-07-02,1.8520910233534646,1.8520910233534646
2008-07-03,1.841338356008938,1.841338356008938
2008-07-07,1.8362735283767344,1.8362735283767344
2008-07-08,1.8361336914168773,1.8361336914168773
2008-07-09,1.846168841573618,1.846168841573618
2008-07-10,1.8674732914826853,1.8674732914826853
2008-07-11,1.878465937500883,1.878465937500883
2008-07-14,1.8872742756181085,1.8872742756181085
2008-07-15,1.8934979156929492,1.8934979156929492
2008-07-16,1.8692331161779676,1.8692331161779676
2008-07-17,1.8648786736037735,1.8648786736037735
2008-07-18,1.8638889726524879,1.8638889726524879
2008-07-21,1.8826922336767657,1.8826922336767657
2008-07-22,1.841918940396991,1.841918940396991
2008-07-23,1.7926348833676813,1.7926348833676813
2008-07-24,1.8063856629640314,1.8063856629640314
2008-07-25,1.8135059950362928,1.8135059950362928
2008-07-28,1.8180039143068114,1.8180039143068114
2008-07-29,1.8056156482500343,1.8056156482500343
2008-07-30,1.7959471452411837,1.7959471452411837
2008-07-31,1.8061489468821283,1.8061489468821283
2008-08-01,1.79996996218351,1.79996996218351
2008-08-04,1.7829886489792508,1.7829886489792508
2008-08-05,1.7829886489792508,1.7829886489792508
2008-08-06,1.7829886489792508,1.7829886489792508
2008-08-07,1.7923231626302694,1.7923231626302694
2008-08-08,1.7896299281764754,1.7896299281764754
2008-08-11,1.7896299281764754,1.7896299281764754
2008-08-12,1.7971877917730907,1.7971877917730907
2008-08-13,1.7941295909433466,1.7941295909433466
2008-08-14,1.798449114382118,1.798449114382118
2008-08-15,1.8036680609828475,1.8036680609828475
2008-08-18,1.8067261460418154,1.8067261460418154
2008-08-19,1.8052878099156517,1.8052878099156517
2008-08-20,1.808167492208166,1.808167492208166
2008-08-21,1.8085277708643654,1.8085277708643654
2008-08-22,1.8065485536707968,1.8065485536707968
2008-08-25,1.8121265054491853,1.8121265054491853
2008-08-26,1.8099674962398464,1.8099674962398464
2008-08-27,1.8121265054491853,1.8121265054491853
2008-08-28,1.8137463701527656,1.8137463701527656
2008-08-29,1.8132061837100193,1.8132061837100193
2008-09-02,1.8192406196598068,1.8192406196598068
2008-09-03,1.8188796463789487,1.8188796463789487
2008-09-04,1.8255657560291687,1.8255657560291687
2008-09-05,1.820146410214467,1.820146410214467
2008-09-08,1.8315278352436974,1.8315278352436974
2008-09-09,1.8396577222465726,1.8396577222465726
2008-09-10,1.8383929265142531,1.8383929265142531
2008-09-11,1.836045558251689,1.836045558251689
2008-09-12,1.8286372704982004,1.8286372704982004
2008-09-15,1.8358643769866014,1.8358643769866014
2008-09-16,1.8172550350735348,1.8172550350735348
2008-09-17,1.8217711372906564,1.8217711372906564
2008-09-18,1.8167104493412845,1.8167104493412845
2008-09-19,1.8248440410090052,1.8248440410090052
2008-09-22,1.892760941849366,1.892760941849366
2008-09-23,1.8745082443872696,1.8745082443872696
2008-09-24,1.8745082443872696,1.8745082443872696
2008-09-25,1.8745082443872696,1.8745082443872696
2008-09-26,1.8745082443872696,1.8745082443872696
2008-09-29,1.9379005547150723,1.9379005547150723
2008-09-30,1.9379005547150723,1.9379005547150723
2008-10-01,1.9379005547150723,1.9379005547150723
2008-10-02,1.9379005547150723,1.9379005547150723
2008-10-03,1.9379005547150723,1.9379005547150723
2008-10-06,1.9379005547150723,1.9379005547150723
2008-10-07,1.9379005547150723,1.9379005547150723
2008-10-08,1.9856430700113648,1.9856430700113648
2008-10-09,1.99630193110278,1.99630193110278
2008-10-10,1.99630193110278,1.99630193110278
2008-10-13,1.99630193110278,1.99630193110278
2008-10-14,1.99630193110278,1.99630193110278
2008-10-15,1.99630193110278,1.99630193110278
2008-10-16,1.99630193110278,1.99630193110278
2008-10-17,1.99630193110278,1.99630193110278
2008-10-20,1.99630193110278,1.99630193110278
2008-10-21,1.99630193110278,1.99630193110278
2008-10-22,1.99630193110278,1.99630193110278
2008-10-23,1.99630193110278,1.99630193110278
2008-10-24,1.99630193110278,1.99630193110278
2008-10-27,1.99630193110278,1.99630193110278
2008-10-28,1.99630193110278,1.99630193110278
2008-10-29,1.99630193110278,1.99630193110278
2008-10-30,1.99630193110278,1.99630193110278
2008-10-31,1.99630193110278,1.99630193110278
2008-11-03,1.99630193110278,1.99630193110278
2008-11-04,1.99630193110278,1.99630193110278
2008-11-05,1.99630193110278,1.99630193110278
2008-11-06,1.99630193110278,1.99630193110278
2008-11-07,1.99630193110278,1.99630193110278
2008-11-10,1.99630193110278,1.99630193110278
2008-11-11,1.99630193110278,1.99630193110278
2008-11-12,1.99630193110278,1.99630193110278
2008-11-13,1.99630193110278,1.99630193110278
2008-11-14,1.99630193110278,1.99630193110278
2008-11-17,1.99630193110278,1.99630193110278
2008-11-18,1.99630193110278,1.99630193110278
2008-11-19,1.99630193110278,1.99630193110278
2008-11-20,1.99630193110278,1.99630193110278
2008-11-21,1.99630193110278,1.99630193110278
2008-11-24,1.99630193110278,1.99630193110278
2008-11-25,2.0461023667006004,2.0461023667006004
2008-11-26,2.0382497570141798,2.0382497570141798
2008-11-28,2.034324568475258,2.034324568475258
2008-12-01,2.063018185242065,2.063018185242065
2008-12-02,2.065093197919894,2.065093197919894
2008-12-03,2.065301093177426,2.065301093177426
2008-12-04,2.072146271075769,2.072146271075769
2008-12-05,2.0607352773067036,2.0607352773067036
2008-12-08,2.0580384174751067,2.0580384174751067
2008-12-09,2.077333671440426,2.077333671440426
2008-12-10,2.073600355909245,2.073600355909245
2008-12-11,2.0843888458749618,2.0843888458749618
2008-12-12,2.085011481008227,2.085011481008227
2008-12-15,2.0899909861153523,2.0899909861153523
2008-12-16,2.0982919561360838,2.0982919561360838
2008-12-17,2.11594333194971,2.11594333194971
2008-12-18,2.12926149628138,2.12926149628138
2008-12-19,2.1223951349434707,2.1223951349434707
2008-12-22,2.1338400804464808,2.1338400804464808
2008-12-23,2.15465243740561,2.15465243740561
2008-12-24,2.1648496242064357,2.1648496242064357
2008-12-26,2.188962255937141,2.188962255937141
2008-12-29,2.2069859557536264,2.2069859557536264
2008-12-30,2.2016587929792077,2.2016587929792077
2008-12-31,2.210344041708631,2.210344041708631
2009-01-02,2.1997464147511847,2.1997464147511847
2009-01-05,2.194950524343803,2.194950524343803
2009-01-06,2.1972389769097487,2.1972389769097487
2009-01-07,2.1770759332852925,2.1770759332852925
2009-01-08,2.1912732399478507,2.1912732399478507
2009-01-09,2.183817674382032,2.183817674382032
2009-01-12,2.1953209193214795,2.1953209193214795
2009-01-13,2.198944040431071,2.198944040431071
2009-01-14,2.195960040733514,2.195960040733514
2009-01-15,2.1957461493549224,2.1957461493549224
2009-01-16,2.207036712100708,2.207036712100708
2009-01-20,2.2254345811780385,2.2254345811780385
2009-01-21,2.2147335932702004,2.2147335932702004
2009-01-22,2.2156393333624904,2.2156393333624904
2009-01-23,2.2656391565996277,2.2656391565996277
2009-01-26,2.269902711999721,2.269902711999721
2009-01-27,2.268425924932093,2.268425924932093
2009-01-28,2.2567706801510488,2.2567706801510488
2009-01-29,2.2735911267813864,2.2735911267813864
2009-01-30,2.3037490897228707,2.3037490897228707
2009-02-02,2.270621107226537,2.270621107226537
2009-02-03,2.2608634567965615,2.2608634567965615
2009-02-04,2.268371495851892,2.268371495851892
2009-02-05,2.276732678375736,2.276732678375736
2009-02-06,2.273091010168244,2.273091010168244
2009-02-09,2.257091802838849,2.257091802838849
2009-02-10,2.2881729936977218,2.2881729936977218
2009-02-11,2.314326442939764,2.314326442939764
2009-02-12,2.3315130193544884,2.3315130193544884
2009-02-13,2.320216472440053,2.320216472440053
2009-02-17,2.3574798583562093,2.3574798583562093
2009-02-18,2.373079401984887,2.373079401984887
2009-02-19,2.3572529916641916,2.3572529916641916
2009-02-20,2.376198037962303,2.376198037962303
2009-02-23,2.381465458690194,2.381465458690194
2009-02-24,2.3425680351757294,2.3425680351757294
2009-02-25,2.321993008211208,2.321993008211208
2009-02-26,2.314790665884927,2.314790665884927
2009-02-27,2.309557865446478,2.309557865446478
2009-03-02,2.29224193427518,2.29224193427518
2009-03-03,2.2795439443619423,2.2795439443619423
2009-03-04,2.2609264727296057,2.2609264727296057
2009-03-05,2.3027634235082224,2.3027634235082224
2009-03-06,2.30961330696258,2.30961330696258
2009-03-09,2.280178510304513,2.280178510304513
2009-03-10,2.252211857333307,2.252211857333307
2009-03-11,2.268706343995626,2.268706343995626
2009-03-12,2.2936244865641062,2.2936244865641062
2009-03-13,2.2972824064005875,2.2972824064005875
2009-03-16,2.2874561838736476,2.2874561838736476
2009-03-17,2.2744633950441995,2.2744633950441995
2009-03-18,2.3310561506913117,2.3310561506913117
2009-03-19,2.349699339823049,2.349699339823049
2009-03-20,2.3336636330523386,2.3336636330523386
2009-03-23,2.3148378001396535,2.3148378001396535
2009-03-24,2.2927536152646444,2.2927536152646444
2009-03-25,2.300724145025458,2.300724145025458
2009-03-26,2.302394026604406,2.302394026604406
2009-03-27,2.2877836748477463,2.2877836748477463
2009-03-30,2.284179202833469,2.284179202833469
2009-03-31,2.293870247364008,2.293870247364008
2009-04-01,2.302841418731067,2.302841418731067
2009-04-02,2.2709893580036344,2.2709893580036344
2009-04-03,2.251797550281643,2.251797550281643
2009-04-06,2.221751734187126,2.221751734187126
2009-04-07,2.2391323432828405,2.2391323432828405
2009-04-08,2.241140051818528,2.241140051818528
2009-04-09,2.2355870953948638,2.2355870953948638
2009-04-13,2.264046365724779,2.264046365724779
2009-04-14,2.257252506809051,2.257252506809051
2009-04-15,2.2620574993842353,2.2620574993842353
2009-04-16,2.238203514564623,2.238203514564623
2009-04-17,2.2243194136520974,2.2243194136520974
2009-04-20,2.253303544669869,2.253303544669869
2009-04-21,2.248966092637408,2.248966092637408
2009-04-22,2.2583151987614576,2.2583151987614576
2009-04-23,2.2781153665285037,2.2781153665285037
2009-04-24,2.2911527980099753,2.2911527980099753
2009-04-27,2.2838945481121553,2.2838945481121553
2009-04-28,2.267392545939617,2.267392545939617
2009-04-29,2.3090273168512314,2.3090273168512314
2009-04-30,2.3105625742168887,2.3105625742168887
2009-05-01,2.3160493178765944,2.3160493178765944
2009-05-04,2.3850098508272413,2.3850098508272413
2009-05-05,2.3760071464206374,2.3760071464206374
2009-05-06,2.4030037592617512,2.4030037592617512
2009-05-07,2.37862690104403,2.37862690104403
2009-05-08,2.4289672202388286,2.4289672202388286
2009-05-11,2.407951367631695,2.407951367631695
2009-05-12,2.4271535578623276,2.4271535578623276
2009-05-13,2.401661936598468,2.401661936598468
2009-05-14,2.4131078841557665,2.4131078841557665
2009-05-15,2.412098499214198,2.412098499214198
2009-05-18,2.4589871028040577,2.4589871028040577
2009-05-19,2.476132035307877,2.476132035307877
2009-05-20,2.4927726696904924,2.4927726696904924
2009-05-21,2.485295443616745,2.485295443616745
2009-05-22,2.4919164969403957,2.4919164969403957
2009-05-26,2.5078319990039253,2.5078319990039253
2009-05-27,2.4829297454525054,2.4829297454525054
2009-05-28,2.51391198480808,2.51391198480808
2009-05-29,2.556381257627734,2.556381257627734
2009-06-01,2.5940577413848116,2.5940577413848116
2009-06-02,2.598466279449732,2.598466279449732
2009-06-03,2.5489224704106963,2.5489224704106963
2009-06-04,2.5719759181101858,2.5719759181101858
2009-06-05,2.550689610274352,2.550689610274352
2009-06-08,2.5374211694522946,2.5374211694522946
2009-06-09,2.5509188573739765,2.5509188573739765
2009-06-10,2.5557879659113802,2.5557879659113802
2009-06-11,2.5787018676463496,2.5787018676463496
2009-06-12,2.563291942957079,2.563291942957079
2009-06-15,2.510715003003545,2.510715003003545
2009-06-16,2.4958030781512015,2.4958030781512015
2009-06-17,2.4943756217854105,2.4943756217854105
2009-06-18,2.488506650302016,2.488506650302016
2009-06-19,2.5041267549164683,2.5041267549164683
2009-06-22,2.4481845786691343,2.4481845786691343
2009-06-23,2.461835915510875,2.461835915510875
2009-06-24,2.478877745640821,2.478877745640821
2009-06-25,2.5218306796688394,2.5218306796688394
2009-06-26,2.5235725319754976,2.5235725319754976
2009-06-29,2.534517531129268,2.534517531129268
2009-06-30,2.514736213641221,2.514736213641221
2009-07-01,2.5408527179011435,2.5408527179011435
2009-07-02,2.4933535669845934,2.4933535669845934
2009-07-06,2.4897971194818296,2.4897971194818296
2009-07-07,2.4576661831182665,2.4576661831182665
2009-07-08,2.4445281171845776,2.4445281171845776
2009-07-09,2.460154410980631,2.460154410980631
2009-07-10,2.449485092803948,2.449485092803948
2009-07-13,2.4765554581852776,2.4765554581852776
2009-07-14,2.4893323550783775,2.4893323550783775
2009-07-15,2.5522303647487816,2.5522303647487816
2009-07-16,2.556990717448211,2.556990717448211
2009-07-17,2.5656974025139103,2.5656974025139103
2009-07-20,2.6076025770647107,2.6076025770647107
2009-07-21,2.614574072205186,2.614574072205186
2009-07-22,2.6145283271164077,2.6145283271164077
2009-07-23,2.6473552342264424,2.6473552342264424
2009-07-24,2.6510894621730654,2.6510894621730654
2009-07-27,2.657935776736759,2.657935776736759
2009-07-28,2.6427172856384353,2.6427172856384353
2009-07-29,2.620930035389437,2.620930035389437
2009-07-30,2.6526821652771564,2.6526821652771564
2009-07-31,2.6767963775831443,2.6767963775831443
2009-08-03,2.719959973179581,2.719959973179581
2009-08-04,2.7185909442584455,2.7185909442584455
2009-08-05,2.710321593894077,2.710321593894077
2009-08-06,2.6989091722436855,2.6989091722436855
2009-08-07,2.7027589157902248,2.7027589157902248
2009-08-10,2.6917550377060606,2.6917550377060606
2009-08-11,2.6729004237606704,2.6729004237606704
2009-08-12,2.6901797191346812,2.6901797191346812
2009-08-13,2.717684446343888,2.717684446343888
2009-08-14,2.695795219267142,2.695795219267142
2009-08-17,2.638221996659278,2.638221996659278
2009-08-18,2.663951338209423,2.663951338209423
2009-08-19,2.6783425126922387,2.6783425126922387
2009-08-20,2.6963214683405536,2.6963214683405536
2009-08-21,2.7317666007367385,2.7317666007367385
2009-08-24,2.7286024426648297,2.7286024426648297
2009-08-25,2.7372658673309496,2.7372658673309496
2009-08-26,2.7343559684370247,2.7343559684370247
2009-08-27,2.740610700306287,2.740610700306287
2009-08-28,2.7415682469452194,2.7415682469452194
2009-08-31,2.721382125471943,2.721382125471943
2009-09-01,2.687494011227398,2.687494011227398
2009-09-02,2.7065334900587175,2.7065334900587175
2009-09-03,2.7322359201960507,2.7322359201960507
2009-09-04,2.7581380291491726,2.7581380291491726
2009-09-08,2.7838242177963135,2.7838242177963135
2009-09-09,2.797033768147179,2.797033768147179
2009-09-10,2.8214741265165535,2.8214741265165535
2009-09-11,2.827125873651522,2.827125873651522
2009-09-14,2.823418566592324,2.823418566592324
2009-09-15,2.837169098281365,2.837169098281365
2009-09-16,2.8774569455708243,2.8774569455708243
2009-09-17,2.869226421804618,2.869226421804618
2009-09-18,2.8674683478992233,2.8674683478992233
2009-09-21,2.8526940531402136,2.8526940531402136
2009-09-22,2.879815187645884,2.879815187645884
2009-09-23,2.8580037625800587,2.8580037625800587
2009-09-24,2.825412570494685,2.825412570494685
2009-09-25,2.8208878631913485,2.8208878631913485
2009-09-28,2.8461782730488525,2.8461782730488525
2009-09-29,2.844334368782148,2.844334368782148
2009-09-30,2.8551958516671587,2.8551958516671587
2009-10-01,2.8063116716239955,2.8063116716239955
2009-10-02,2.7993063494818067,2.7993063494818067
2009-10-05,2.8373847019344525,2.8373847019344525
2009-10-06,2.8776207690549467,2.8776207690549467
2009-10-07,2.8834992013864915,2.8834992013864915
2009-10-08,2.91013452991397,2.91013452991397
2009-10-09,2.904105410051063,2.904105410051063
2009-10-12,2.920068460300768,2.920068460300768
2009-10-13,2.9240313357353953,2.9240313357353953
2009-10-14,2.965186295460883,2.965186295460883
2009-10-15,2.9583696960550134,2.9583696960550134
2009-10-16,2.9386380579676117,2.9386380579676117
2009-10-19,2.971338036083605,2.971338036083605
2009-10-20,2.954004920637083,2.954004920637083
2009-10-21,2.9450421073324726,2.9450421073324726
2009-10-22,2.961737873067854,2.961737873067854
2009-10-23,2.9375363729427653,2.9375363729427653
2009-10-26,2.904104321296195,2.904104321296195
2009-10-27,2.888952681339309,2.888952681339309
2009-10-28,2.8321757764044664,2.8321757764044664
2009-10-29,2.895987255111509,2.895987255111509
2009-10-30,2.834152573708136,2.834152573708136
2009-11-02,2.859241458046258,2.859241458046258
2009-11-03,2.8727595946680964,2.8727595946680964
2009-11-04,2.893227335861351,2.893227335861351
2009-11-05,2.9241062259142656,2.9241062259142656
2009-11-06,2.9295726496825343,2.9295726496825343
2009-11-09,2.9858256847363775,2.9858256847363775
2009-11-10,2.981281372929629,2.981281372929629
2009-11-11,2.998114204413769,2.998114204413769
2009-11-12,2.9635355611626717,2.9635355611626717
2009-11-13,2.994196151724224,2.994196151724224
2009-11-16,3.03921145347851,3.03921145347851
2009-11-17,3.0360938383632794,3.0360938383632794
2009-11-18,3.0292601934004124,3.0292601934004124
2009-11-19,2.999623192100621,2.999623192100621
2009-11-20,2.9952997056271715,2.9952997056271715
2009-11-23,3.033199686910605,3.033199686910605
2009-11-24,3.0324148858226057,3.0324148858226057
2009-11-25,3.060273963642057,3.060273963642057
2009-11-27,3.001256670602028,3.001256670602028
2009-11-30,3.015122081827561,3.015122081827561
2009-12-01,3.063997201644338,3.063997201644338
2009-12-02,3.0754232041914484,3.0754232041914484
2009-12-03,3.061059500357842,3.061059500357842
2009-12-04,3.0412573606773003,3.0412573606773003
2009-12-07,3.0289229275179053,3.0289229275179053
2009-12-08,2.9896618288995906,2.9896618288995906
2009-12-09,2.99359595284384,2.99359595284384
2009-12-10,3.0017535214773874,3.0017535214773874
2009-12-11,2.996716444720388,2.996716444720388
2009-12-14,3.016097455956784,3.016097455956784
2009-12-15,2.9985494785839695,2.9985494785839695
2009-12-16,3.018597780841039,3.018597780841039
2009-12-17,2.9577721575831806,2.9577721575831806
2009-12-18,2.9730140590113727,2.9730140590113727
2009-12-21,2.966642194306308,2.966642194306308
2009-12-22,2.9724865173663155,2.9724865173663155
2009-12-23,2.9873206338093157,2.9873206338093157
2009-12-24,3.0076449771159046,3.0076449771159046
2009-12-28,3.0109765133412627,3.0109765133412627
2009-12-29,3.0036586681703668,3.0036586681703668
2009-12-30,3.002096464027543,3.002096464027543
2009-12-31,2.9955378543598634,2.9955378543598634
2010-01-04,3.053479132999182,3.053479132999182
2010-01-05,3.0622888423840666,3.0622888423840666
2010-01-06,3.0763407979369237,3.0763407979369237
2010-01-07,3.068478037957406,3.068478037957406
2010-01-08,3.0836514277227556,3.0836514277227556
2010-01-11,3.0960109650725274,3.0960109650725274
2010-01-12,3.0640264276478137,3.0640264276478137
2010-01-13,3.0794744891256953,3.0794744891256953
2010-01-14,3.088567124194018,3.088567124194018
2010-01-15,3.059539213339737,3.059539213339737
2010-01-19,3.088235644815331,3.088235644815331
2010-01-20,3.0386437948806098,3.0386437948806098
2010-01-21,2.9870517509842793,2.9870517509842793
2010-01-22,2.9480567124491537,2.9480567124491537
2010-01-25,2.964270142430145,2.964270142430145
2010-01-26,2.9472618041845626,2.9472618041845626
2010-01-27,2.941809118496744,2.941809118496744
2010-01-28,2.9203144993406878,2.9203144993406878
2010-01-29,2.8976725510523766,2.8976725510523766
2010-02-01,2.945157104353403,2.945157104353403
2010-02-02,2.9718098778024333,2.9718098778024333
2010-02-03,2.95573896548177,2.95573896548177
2010-02-04,2.8645754791348637,2.8645754791348637
2010-02-05,2.8602857024050694,2.8602857024050694
2010-02-08,2.845007929161457,2.845007929161457
2010-02-09,2.8950827741807683,2.8950827741807683
2010-02-10,2.8858315504786822,2.8858315504786822
2010-02-11,2.9225390835835627,2.9225390835835627
2010-02-12,2.909278488424723,2.909278488424723
2010-02-16,2.961828237382877,2.961828237382877
2010-02-17,2.9637043955538296,2.9637043955538296
2010-02-18,2.976535599243848,2.976535599243848
2010-02-19,2.966684806870023,2.966684806870023
2010-02-22,2.965470413465982,2.965470413465982
2010-02-23,2.9318901236918764,2.9318901236918764
2010-02-24,2.9443546748187996,2.9443546748187996
2010-02-25,2.941527737915394,2.941527737915394
2010-02-26,2.957643495778027,2.957643495778027
2010-03-01,2.9792852528198743,2.9792852528198743
2010-03-02,3.0010844463107103,3.0010844463107103
2010-03-03,3.0128562085650423,3.0128562085650423
2010-03-04,3.006744512736468,3.006744512736468
2010-03-05,3.0414595080599836,3.0414595080599836
2010-03-08,3.037314103688185,3.037314103688185
2010-03-09,3.040110568251962,3.040110568251962
2010-03-10,3.0423143430830275,3.0423143430830275
2010-03-11,3.048050177386778,3.048050177386778
2010-03-12,3.046536273401343,3.046536273401343
2010-03-15,3.0410790253308524,3.0410790253308524
2010-03-16,3.0740305282435036,3.0740305282435036
2010-03-17,3.0835788117438088,3.0835788117438088
2010-03-18,3.0786444815596137,3.0786444815596137
2010-03-19,3.0493209006529995,3.0493209006529995
2010-03-22,3.05404538158377,3.05404538158377
2010-03-23,3.0702636087788435,3.0702636087788435
2010-03-24,3.0334794598677046,3.0334794598677046
2010-03-25,3.0317041195574395,3.0317041195574395
2010-03-26,3.051530037347342,3.051530037347342
2010-03-29,3.0717570839851103,3.0717570839851103
2010-03-30,3.0703543862200617,3.0703543862200617
2010-03-31,3.075944265580202,3.075944265580202
2010-04-01,3.1142623351316576,3.1142623351316576
2010-04-05,3.125335406471861,3.125335406471861
2010-04-06,3.1284946380228993,3.1284946380228993
2010-04-07,3.1259756032455197,3.1259756032455197
2010-04-08,3.1299265889662244,3.1299265889662244
2010-04-09,3.1522993638140444,3.1522993638140444
2010-04-12,3.1482099554563066,3.1482099554563066
2010-04-13,3.1460755270712517,3.1460755270712517
2010-04-14,3.1720306509537455,3.1720306509537455
2010-04-15,3.1732927254853145,3.1732927254853145
2010-04-16,3.118130687378158,3.118130687378158
2010-04-19,3.1146965944331444,3.1146965944331444
2010-04-20,3.1342327884993257,3.1342327884993257
2010-04-21,3.1328269704250005,3.1328269704250005
2010-04-22,3.1278101993791823,3.1278101993791823
2010-04-23,3.1467133943806,3.1467133943806
2010-04-26,3.1424989042361062,3.1424989042361062
2010-04-27,3.092383813849618,3.092383813849618
2010-04-28,3.0997361640057988,3.0997361640057988
2010-04-29,3.1273109802579193,3.1273109802579193
2010-04-30,3.1099795315765735,3.1099795315765735
2010-05-03,3.1267198099376343,3.1267198099376343
2010-05-04,3.0698086457908875,3.0698086457908875
2010-05-05,3.0522331485284404,3.0522331485284404
2010-05-06,3.049955831717392,3.049955831717392
2010-05-07,3.028485570911793,3.028485570911793
2010-05-10,3.1117950873978026,3.1117950873978026
2010-05-11,3.1188762074600547,3.1188762074600547
2010-05-12,3.143442939820578,3.143442939820578
2010-05-13,3.122025173611634,3.122025173611634
2010-05-14,3.105315996393893,3.105315996393893
2010-05-17,3.096388864738037,3.096388864738037
2010-05-18,3.0870081022461067,3.0870081022461067
2010-05-19,3.057007014024583,3.057007014024583
2010-05-20,3.0453504683078725,3.0453504683078725
2010-05-21,3.043698742044589,3.043698742044589
2010-05-24,3.064233595982608,3.064233595982608
2010-05-25,3.0729330297186928,3.0729330297186928
2010-05-26,3.085727325820008,3.085727325820008
2010-05-27,3.119663688555231,3.119663688555231
2010-05-28,3.1237840405702935,3.1237840405702935
2010-06-01,3.1398951917414126,3.1398951917414126
2010-06-02,3.164923579473622,3.164923579473622
2010-06-03,3.15202696419638,3.15202696419638
2010-06-04,3.1724985085275925,3.1724985085275925
2010-06-07,3.2077614888677717,3.2077614888677717
2010-06-08,3.199475736300563,3.199475736300563
2010-06-09,3.19456615934242,3.19456615934242
2010-06-10,3.1686747457789277,3.1686747457789277
2010-06-11,3.1834250008809497,3.1834250008809497
2010-06-14,3.1802464532765944,3.1802464532765944
2010-06-15,3.216670948782277,3.216670948782277
2010-06-16,3.212060003098449,3.212060003098449
2010-06-17,3.2302779182191923,3.2302779182191923
2010-06-18,3.2379363846132443,3.2379363846132443
2010-06-21,3.235284420192407,3.235284420192407
2010-06-22,3.251202786912789,3.251202786912789
2010-06-23,3.2486356847229416,3.2486356847229416
2010-06-24,3.251965165329457,3.251965165329457
2010-06-25,3.2738244419938756,3.2738244419938756
2010-06-28,3.254622928475163,3.254622928475163
2010-06-29,3.2619135277799036,3.2619135277799036
2010-06-30,3.2675797218252707,3.2675797218252707
2010-07-01,3.2044234354781667,3.2044234354781667
2010-07-02,3.2220234626010336,3.2220234626010336
2010-07-06,3.2000850075493115,3.2000850075493115
2010-07-07,3.2147463130097544,3.2147463130097544
2010-07-08,3.2073460234239555,3.2073460234239555
2010-07-09,3.229230481692004,3.229230481692004
2010-07-12,3.2171296555640625,3.2171296555640625
2010-07-13,3.23618325725615,3.23618325725615
2010-07-14,3.237128456994887,3.237128456994887
2010-07-15,3.238440738425276,3.238440738425276
2010-07-16,3.222064965609303,3.222064965609303
2010-07-19,3.207585939747447,3.207585939747447
2010-07-20,3.2404077622069947,3.2404077622069947
2010-07-21,3.2363955878500934,3.2363955878500934
2010-07-22,3.2774331931556713,3.2774331931556713
2010-07-23,3.2757903442325382,3.2757903442325382
2010-07-26,3.2857189511179894,3.2857189511179894
2010-07-27,3.269658925693393,3.269658925693393
2010-07-28,3.263304238816348,3.263304238816348
2010-07-29,3.2710428104840465,3.2710428104840465
2010-07-30,3.2896058918483604,3.2896058918483604
2010-08-02,3.3430388356391783,3.3430388356391783
2010-08-03,3.3387312249694405,3.3387312249694405
2010-08-04,3.3477862061340176,3.3477862061340176
2010-08-05,3.3458739044857215,3.3458739044857215
2010-08-06,3.350418909634665,3.350418909634665
2010-08-09,3.355745520225013,3.355745520225013
2010-08-10,3.3405652219548605,3.3405652219548605
2010-08-11,3.302411151002659,3.302411151002659
2010-08-12,3.31600120881994,3.31600120881994
2010-08-13,3.324296608033668,3.324296608033668
2010-08-16,3.3475802506932135,3.3475802506932135
2010-08-17,3.358113569339922,3.358113569339922
2010-08-18,3.360455804516406,3.360455804516406
2010-08-19,3.357022441722555,3.357022441722555
2010-08-20,3.3483056522419057,3.3483056522419057
2010-08-23,3.3376045592542782,3.3376045592542782
2010-08-24,3.352303958033665,3.352303958033665
2010-08-25,3.3623797720435586,3.3623797720435586
2010-08-26,3.3590068091639247,3.3590068091639247
2010-08-27,3.377877107801542,3.377877107801542
2010-08-30,3.3878849180615505,3.3878849180615505
2010-08-31,3.4055197543906273,3.4055197543906273
2010-09-01,3.439423957517438,3.439423957517438
2010-09-02,3.4455316074618536,3.4455316074618536
2010-09-03,3.458624179816574,3.458624179816574
2010-09-07,3.4531481418089665,3.4531481418089665
2010-09-08,3.464897252267955,3.464897252267955
2010-09-09,3.4657206214579297,3.4657206214579297
2010-09-10,3.4732854526918695,3.4732854526918695
2010-09-13,3.511165380449731,3.511165380449731
2010-09-14,3.5315051692633057,3.5315051692633057
2010-09-15,3.53368084794912,3.53368084794912
2010-09-16,3.529264864560619,3.529264864560619
2010-09-17,3.5253838165911304,3.5253838165911304
2010-09-20,3.56166682959722,3.56166682959722
2010-09-21,3.5675209207048177,3.5675209207048177
2010-09-22,3.5647338958722234,3.5647338958722234
2010-09-23,3.548003656004053,3.548003656004053
2010-09-24,3.595072644247052,3.595072644247052
2010-09-27,3.5893199540637575,3.5893199540637575
2010-09-28,3.609339685995857,3.609339685995857
2010-09-29,3.6093835890486634,3.6093835890486634
2010-09-30,3.6056146474693853,3.6056146474693853
2010-10-01,3.63130646364499,3.63130646364499
2010-10-04,3.611816707180697,3.611816707180697
2010-10-05,3.674144813688289,3.674144813688289
2010-10-06,3.6852518689369753,3.6852518689369753
2010-10-07,3.667622898559583,3.667622898559583
2010-10-08,3.6941168839279195,3.6941168839279195
2010-10-11,3.6965539305729167,3.6965539305729167
2010-10-12,3.6916400822397426,3.6916400822397426
2010-10-13,3.731097525547778,3.731097525547778
2010-10-14,3.7331565174484966,3.7331565174484966
2010-10-15,3.7238204778443587,3.7238204778443587
2010-10-18,3.7354552073530827,3.7354552073530827
2010-10-19,3.6629730651293917,3.6629730651293917
2010-10-20,3.703243704657793,3.703243704657793
2010-10-21,3.689288723166471,3.689288723166471
2010-10-22,3.695223518416077,3.695223518416077
2010-10-25,3.714724154635896,3.714724154635896
2010-10-26,3.70788912067013,3.70788912067013
2010-10-27,3.6768813811245917,3.6768813811245917
2010-10-28,3.6989925617162984,3.6989925617162984
2010-10-29,3.7107368388248414,3.7107368388248414
2010-11-01,3.712241661750586,3.712241661750586
2010-11-02,3.74416304734261,3.74416304734261
2010-11-03,3.7516209819196016,3.7516209819196016
2010-11-04,3.8291998401223046,3.8291998401223046
2010-11-05,3.8271749229427314,3.8271749229427314
2010-11-08,3.8254333716404685,3.8254333716404685
2010-11-09,3.7867053100953405,3.7867053100953405
2010-11-10,3.8061107546621114,3.8061107546621114
2010-11-11,3.7915388750336665,3.7915388750336665
2010-11-12,3.7330513773541174,3.7330513773541174
2010-11-15,3.7199642054486626,3.7199642054486626
2010-11-16,3.6649711353157457,3.6649711353157457
2010-11-17,3.670033079132823,3.670033079132823
2010-11-18,3.7260819723870293,3.7260819723870293
2010-11-19,3.730068136175874,3.730068136175874
2010-11-22,3.7282269527217258,3.7282269527217258
2010-11-23,3.6773097250240014,3.6773097250240014
2010-11-24,3.7120771934127728,3.7120771934127728
2010-11-26,3.668217752162352,3.668217752162352
2010-11-29,3.6723627805980574,3.6723627805980574
2010-11-30,3.663945667921985,3.663945667921985
2010-12-01,3.717236969527574,3.717236969527574
2010-12-02,3.7531131193704548,3.7531131193704548
2010-12-03,3.7825309929168407,3.7825309929168407
2010-12-06,3.785495698354806,3.785495698354806
2010-12-07,3.7626886920945144,3.7626886920945144
2010-12-08,3.7498095000835883,3.7498095000835883
2010-12-09,3.756692661917567,3.756692661917567
2010-12-10,3.7649621590695537,3.7649621590695537
2010-12-13,3.7824552647465004,3.7824552647465004
2010-12-14,3.7870669210980163,3.7870669210980163
2010-12-15,3.7446303203456326,3.7446303203456326
2010-12-16,3.7517137743892497,3.7517137743892497
2010-12-17,3.7557715623949632,3.7557715623949632
2010-12-20,3.7614731151382963,3.7614731151382963
2010-12-21,3.786111853933036,3.786111853933036
2010-12-22,3.7901457454118455,3.7901457454118455
2010-12-23,3.7842290275927466,3.7842290275927466
2010-12-27,3.784701093961508,3.784701093961508
2010-12-28,3.8031093936306637,3.8031093936306637
2010-12-29,3.8280823779549604,3.8280823779549604
2010-12-30,3.822721609404964,3.822721609404964
2010-12-31,3.8454115487123155,3.8454115487123155
2011-01-03,3.862264753339806,3.862264753339806
2011-01-04,3.8450313106253686,3.8450313106253686
2011-01-05,3.8379525037425943,3.8379525037425943
2011-01-06,3.816563179205109,3.816563179205109
2011-01-07,3.80601665505422,3.80601665505422
2011-01-10,3.8009350306944127,3.8009350306944127
2011-01-11,3.8199026328561216,3.8199026328561216
2011-01-12,3.862023583621341,3.862023583621341
2011-01-13,3.8508709044619915,3.8508709044619915
2011-01-14,3.8539858560798157,3.8539858560798157
2011-01-18,3.863016350654085,3.863016350654085
2011-01-19,3.8459996404299797,3.8459996404299797
2011-01-20,3.8125499969532304,3.8125499969532304
2011-01-21,3.811865148176164,3.811865148176164
2011-01-24,3.8258805127861137,3.8258805127861137
2011-01-25,3.821053824568749,3.821053824568749
2011-01-26,3.8393026371132746,3.8393026371132746
2011-01-27,3.8227700749802387,3.8227700749802387
2011-01-28,3.783376124228586,3.783376124228586
2011-01-31,3.7998135810284093,3.7998135810284093
2011-02-01,3.852247615817906,3.852247615817906
2011-02-02,3.8398536738090723,3.8398536738090723
2011-02-03,3.8537860261776227,3.8537860261776227
2011-02-04,3.852052263993986,3.852052263993986
2011-02-07,3.8624719853237353,3.8624719853237353
2011-02-08,3.8843174531682987,3.8843174531682987
2011-02-09,3.8564548998018244,3.8564548998018244
2011-02-10,3.8398144566072587,3.8398144566072587
2011-02-11,3.853901689016194,3.853901689016194
2011-02-14,3.8578498005913104,3.8578498005913104
2011-02-15,3.8612764328178373,3.8612764328178373
2011-02-16,3.887969334079272,3.887969334079272
2011-02-17,3.9043968124812984,3.9043968124812984
2011-02-18,3.918366130596716,3.918366130596716
2011-02-22,3.845764050584258,3.845764050584258
2011-02-23,3.850599741737502,3.850599741737502
2011-02-24,3.8458866351219982,3.8458866351219982
2011-02-25,3.8796524459115935,3.8796524459115935
2011-02-28,3.8991125245871077,3.8991125245871077
2011-03-01,3.880007082985164,3.880007082985164
2011-03-02,3.894511470305885,3.894511470305885
2011-03-03,3.9302811726691207,3.9302811726691207
2011-03-04,3.9240285603326917,3.9240285603326917
2011-03-07,3.895673689568521,3.895673689568521
2011-03-08,3.917796264887387,3.917796264887387
2011-03-09,3.920583119049866,3.920583119049866
2011-03-10,3.856932238814976,3.856932238814976
2011-03-11,3.8728986095663194,3.8728986095663194
2011-03-14,3.862955454638196,3.862955454638196
2011-03-15,3.8109640895205943,3.8109640895205943
2011-03-16,3.759636713454596,3.759636713454596
2011-03-17,3.807417050655934,3.807417050655934
2011-03-18,3.829561963258003,3.829561963258003
2011-03-21,3.8775287426034106,3.8775287426034106
2011-03-22,3.8745435859547097,3.8745435859547097
2011-03-23,3.8947230009864895,3.8947230009864895
2011-03-24,3.9131818567677263,3.9131818567677263
2011-03-25,3.904666280848188,3.904666280848188
2011-03-28,3.8917979817188533,3.8917979817188533
2011-03-29,3.912254472568851,3.912254472568851
2011-03-30,3.946422406499405,3.946422406499405
2011-03-31,3.9574001742695675,3.9574001742695675
2011-04-01,3.982151961312271,3.982151961312271
2011-04-04,3.995576139934784,3.995576139934784
2011-04-05,4.006742709645025,4.006742709645025
2011-04-06,4.025929011811246,4.025929011811246
2011-04-07,4.0183387888307855,4.0183387888307855
2011-04-08,4.032248019784105,4.032248019784105
2011-04-11,4.008195879934958,4.008195879934958
2011-04-12,3.9652862119353323,3.9652862119353323
2011-04-13,3.9765747673669045,3.9765747673669045
2011-04-14,3.9981772002601845,3.9981772002601845
2011-04-15,4.010679930996168,4.010679930996168
2011-04-18,3.971392010323858,3.971392010323858
2011-04-19,3.9948299245530037,3.9948299245530037
2011-04-20,4.046945415961666,4.046945415961666
2011-04-21,4.065352072497958,4.065352072497958
2011-04-25,4.059039043663471,4.059039043663471
2011-04-26,4.079600686450747,4.079600686450747
2011-04-27,4.108666303358665,4.108666303358665
2011-04-28,4.115538071019112,4.115538071019112
2011-04-29,4.133274472673463,4.133274472673463
2011-05-02,4.12731132395182,4.12731132395182
2011-05-03,4.096624422200343,4.096624422200343
2011-05-04,4.060425114223895,4.060425114223895
2011-05-05,4.007690756410568,4.007690756410568
2011-05-06,4.032202788864128,4.032202788864128
2011-05-09,4.055044147170591,4.055044147170591
2011-05-10,4.080661191870321,4.080661191870321
2011-05-11,4.031581402317758,4.031581402317758
2011-05-12,4.039474664318438,4.039474664318438
2011-05-13,3.998971257617941,3.998971257617941
2011-05-16,3.9915490701528284,3.9915490701528284
2011-05-17,3.9931364959960054,3.9931364959960054
2011-05-18,4.021537988455938,4.021537988455938
2011-05-19,4.022522280405909,4.022522280405909
2011-05-20,4.009196119108021,4.009196119108021
2011-05-23,3.967161459191263,3.967161459191263
2011-05-24,3.983360555672902,3.983360555672902
2011-05-25,3.9926209561404207,3.9926209561404207
2011-05-26,4.013828740925767,4.013828740925767
2011-05-27,4.040017179594181,4.040017179594181
2011-05-31,4.078275357801388,4.078275357801388
2011-06-01,4.031008090674783,4.031008090674783
2011-06-02,4.036462091189734,4.036462091189734
2011-06-03,4.0297474205293,4.0297474205293
2011-06-06,3.99935116249017,3.99935116249017
2011-06-07,4.013774101179197,4.013774101179197
2011-06-08,3.9917628703072827,3.9917628703072827
2011-06-09,4.0151947244789685,4.0151947244789685
2011-06-10,3.9609222185842348,3.9609222185842348
2011-06-13,3.9525504281514787,3.9525504281514787
2011-06-14,3.9912017214828994,3.9912017214828994
2011-06-15,3.9749236348362276,3.9749236348362276
2011-06-16,3.9773745713184474,3.9773745713184474
2011-06-17,3.997500720116851,3.997500720116851
2011-06-20,4.000718332656351,4.000718332656351
2011-06-21,4.048366471993225,4.048366471993225
2011-06-22,4.0333463474053035,4.0333463474053035
2011-06-23,4.007365970732455,4.007365970732455
2011-06-24,3.9718827486885657,3.9718827486885657
2011-06-27,3.976545898275979,3.976545898275979
2011-06-28,4.0069448958317855,4.0069448958317855
2011-06-29,4.037978016451553,4.037978016451553
2011-06-30,4.059537274533971,4.059537274533971
2011-07-01,4.084305137719394,4.084305137719394
2011-07-05,4.096823793747177,4.096823793747177
2011-07-06,4.094769905741435,4.094769905741435
2011-07-07,4.120681504855803,4.120681504855803
2011-07-08,4.10561532909175,4.10561532909175
2011-07-11,4.052517933784347,4.052517933784347
2011-07-12,4.058330240617155,4.058330240617155
2011-07-13,4.095224726240883,4.095224726240883
2011-07-14,4.079321622741894,4.079321622741894
2011-07-15,4.096597060128998,4.096597060128998
2011-07-18,4.0954211425379485,4.0954211425379485
2011-07-19,4.1246663602487015,4.1246663602487015
2011-07-20,4.142372230011669,4.142372230011669
2011-07-21,4.177066845386554,4.177066845386554
2011-07-22,4.186684467069654,4.186684467069654
2011-07-25,4.179103811609957,4.179103811609957
2011-07-26,4.188057463242761,4.188057463242761
2011-07-27,4.131350375339741,4.131350375339741
2011-07-28,4.1299803540824795,4.1299803540824795
2011-07-29,4.139982411461006,4.139982411461006
2011-08-01,4.133469364486132,4.133469364486132
2011-08-02,4.192057588161151,4.192057588161151
2011-08-03,4.193791688228083,4.193791688228083
2011-08-04,4.193943769697715,4.193943769697715
2011-08-05,4.194615667976543,4.194615667976543
2011-08-08,4.265212068887159,4.265212068887159
2011-08-09,4.296793472411106,4.296793472411106
2011-08-10,4.390364434554066,4.390364434554066
2011-08-11,4.314898821024961,4.314898821024961
2011-08-12,4.314565326251633,4.314565326251633
2011-08-15,4.341150192430947,4.341150192430947
2011-08-16,4.372495671856213,4.372495671856213
2011-08-17,4.382373014388607,4.382373014388607
2011-08-18,4.4270216126425685,4.4270216126425685
2011-08-19,4.455801921150846,4.455801921150846
2011-08-22,4.510412144758749,4.510412144758749
2011-08-23,4.420532902679313,4.420532902679313
2011-08-24,4.333142444436504,4.333142444436504
2011-08-25,4.346477019451992,4.346477019451992
2011-08-26,4.413892128778507,4.413892128778507
2011-08-29,4.366950331928511,4.366950331928511
2011-08-30,4.439165248833161,4.439165248833161
2011-08-31,4.4200377567368845,4.4200377567368845
2011-09-01,4.4290234567438755,4.4290234567438755
2011-09-02,4.502547371633199,4.502547371633199
2011-09-06,4.50430687230785,4.50430687230785
2011-09-07,4.4273308931936945,4.4273308931936945
2011-09-08,4.487065102594228,4.487065102594228
2011-09-09,4.476424905889277,4.476424905889277
2011-09-12,4.422039007252462,4.422039007252462
2011-09-13,4.446246269773503,4.446246269773503
2011-09-14,4.430089574524528,4.430089574524528
2011-09-15,4.388521680033656,4.388521680033656
2011-09-16,4.4122321417706685,4.4122321417706685
2011-09-19,4.382962399873256,4.382962399873256
2011-09-20,4.418576548546598,4.418576548546598
2011-09-21,4.394656963374626,4.394656963374626
2011-09-22,4.343552594352533,4.343552594352533
2011-09-23,4.213546249245226,4.213546249245226
2011-09-26,4.179499789155848,4.179499789155848
2011-09-27,4.21709817140865,4.21709817140865
2011-09-28,4.1574806442424075,4.1574806442424075
2011-09-29,4.17641574139907,4.17641574139907
2011-09-30,4.188987606743662,4.188987606743662
2011-10-03,4.235974393070677,4.235974393070677
2011-10-04,4.185761186962014,4.185761186962014
2011-10-05,4.2028859962869145,4.2028859962869145
2011-10-06,4.213007994733292,4.213007994733292
2011-10-07,4.191579210399135,4.191579210399135
2011-10-10,4.241207526675647,4.241207526675647
2011-10-11,4.231069503961465,4.231069503961465
2011-10-12,4.242142319976212,4.242142319976212
2011-10-13,4.230837778506924,4.230837778506924
2011-10-14,4.241686240304802,4.241686240304802
2011-10-17,4.239932950941741,4.239932950941741
2011-10-18,4.227438492649028,4.227438492649028
2011-10-19,4.204805491733727,4.204805491733727
2011-10-20,4.1760356845276565,4.1760356845276565
2011-10-21,4.200342367552873,4.200342367552873
2011-10-24,4.216827165716158,4.216827165716158
2011-10-25,4.287474995741863,4.287474995741863
2011-10-26,4.305051348056917,4.305051348056917
2011-10-27,4.367966666367419,4.367966666367419
2011-10-28,4.373968257984302,4.373968257984302
2011-10-31,4.354954580068862,4.354954580068862
2011-11-01,4.3659322638030265,4.3659322638030265
2011-11-02,4.387842689218778,4.387842689218778
2011-11-03,4.417587197817104,4.417587197817104
2011-11-04,4.405794589956132,4.405794589956132
2011-11-07,4.460847515693471,4.460847515693471
2011-11-08,4.465578023581304,4.465578023581304
2011-11-09,4.4506507060644775,4.4506507060644775
2011-11-10,4.4343794466489594,4.4343794466489594
2011-11-11,4.484810753257575,4.484810753257575
2011-11-14,4.476850959679012,4.476850959679012
2011-11-15,4.4760672222358995,4.4760672222358995
2011-11-16,4.451368270657758,4.451368270657758
2011-11-17,4.392922885659178,4.392922885659178
2011-11-18,4.399358131966765,4.399358131966765
2011-11-21,4.344887966245965,4.344887966245965
2011-11-22,4.370524410589151,4.370524410589151
2011-11-23,4.366170730885644,4.366170730885644
2011-11-25,4.344249867958778,4.344249867958778
2011-11-28,4.386989441780272,4.386989441780272
2011-11-29,4.391079522975303,4.391079522975303
2011-11-30,4.4282321775940225,4.4282321775940225
2011-12-01,4.422497286601306,4.422497286601306
2011-12-02,4.430662910614312,4.430662910614312
2011-12-05,4.426631669450446,4.426631669450446
2011-12-06,4.433333688476791,4.433333688476791
2011-12-07,4.452262585868079,4.452262585868079
2011-12-08,4.409557792832928,4.409557792832928
2011-12-09,4.437373822647014,4.437373822647014
2011-12-12,4.379181969987532,4.379181969987532
2011-12-13,4.335735420438487,4.335735420438487
2011-12-14,4.346413237867897,4.346413237867897
2011-12-15,4.337316639693165,4.337316639693165
2011-12-16,4.351949071709139,4.351949071709139
2011-12-19,4.356298879220097,4.356298879220097
2011-12-20,4.350368300011567,4.350368300011567
2011-12-21,4.339295289657764,4.339295289657764
2011-12-22,4.3618763852178875,4.3618763852178875
2011-12-23,4.378795548430293,4.378795548430293
2011-12-27,4.384478781251916,4.384478781251916
2011-12-28,4.359497049184801,4.359497049184801
2011-12-29,4.3871672975681255,4.3871672975681255
2011-12-30,4.3736033857047785,4.3736033857047785
2012-01-03,4.4040886816364395,4.4040886816364395
2012-01-04,4.404541123405898,4.404541123405898
2012-01-05,4.413410399144815,4.413410399144815
2012-01-06,4.40952936073887,4.40952936073887
2012-01-09,4.413077806418675,4.413077806418675
2012-01-10,4.445546063154158,4.445546063154158
2012-01-11,4.461223742541957,4.461223742541957
2012-01-12,4.470193402071239,4.470193402071239
2012-01-13,4.455456835005929,4.455456835005929
2012-01-17,4.473186121703842,4.473186121703842
2012-01-18,4.498002800089541,4.498002800089541
2012-01-19,4.499944220740802,4.499944220740802
2012-01-20,4.509634949762048,4.509634949762048
2012-01-23,4.514640797099362,4.514640797099362
2012-01-24,4.503552196277529,4.503552196277529
2012-01-25,4.557905545108666,4.557905545108666
2012-01-26,4.555577889679698,4.555577889679698
2012-01-27,4.5744379317764565,4.5744379317764565
2012-01-30,4.565164230314507,4.565164230314507
2012-01-31,4.585221278253731,4.585221278253731
2012-02-01,4.620249578058401,4.620249578058401
2012-02-02,4.635765444226586,4.635765444226586
2012-02-03,4.659827175214828,4.659827175214828
2012-02-06,4.644966946203866,4.644966946203866
2012-02-07,4.668032581119482,4.668032581119482
2012-02-08,4.6733657461512035,4.6733657461512035
2012-02-09,4.672346386858445,4.672346386858445
2012-02-10,4.623441042643509,4.623441042643509
2012-02-13,4.658374955500462,4.658374955500462
2012-02-14,4.6411894060785315,4.6411894060785315
2012-02-15,4.645642810515357,4.645642810515357
2012-02-16,4.678064115434453,4.678064115434453
2012-02-17,4.681577537905957,4.681577537905957
2012-02-21,4.697415418036318,4.697415418036318
2012-02-22,4.706539182308297,4.706539182308297
2012-02-23,4.717965291835576,4.717965291835576
2012-02-24,4.731154644934127,4.731154644934127
2012-02-27,4.718601411305011,4.718601411305011
2012-02-28,4.752440837909836,4.752440837909836
2012-02-29,4.684363558273941,4.684363558273941
2012-03-01,4.720060362497624,4.720060362497624
2012-03-02,4.706676510402984,4.706676510402984
2012-03-05,4.676348504614232,4.676348504614232
2012-03-06,4.585068799828552,4.585068799828552
2012-03-07,4.61820924253207,4.61820924253207
2012-03-08,4.673890037890126,4.673890037890126
2012-03-09,4.68004556062084,4.68004556062084
2012-03-12,4.660922246498949,4.660922246498949
2012-03-13,4.728676269216043,4.728676269216043
2012-03-14,4.691844233904194,4.691844233904194
2012-03-15,4.718642232700688,4.718642232700688
2012-03-16,4.7271796003853455,4.7271796003853455
2012-03-19,4.72964461996537,4.72964461996537
2012-03-20,4.693493338501348,4.693493338501348
2012-03-21,4.688881960644333,4.688881960644333
2012-03-22,4.6554868725500675,4.6554868725500675
2012-03-23,4.678784460531843,4.678784460531843
2012-03-26,4.73617791810343,4.73617791810343
2012-03-27,4.720086897684341,4.720086897684341
2012-03-28,4.686048375201705,4.686048375201705
2012-03-29,4.678387820300481,4.678387820300481
2012-03-30,4.700456796672276,4.700456796672276
2012-04-02,4.739036366140373,4.739036366140373
2012-04-03,4.701613308145661,4.701613308145661
2012-04-04,4.644979569754627,4.644979569754627
2012-04-05,4.646368491755449,4.646368491755449
2012-04-09,4.616246636213289,4.616246636213289
2012-04-10,4.560596487396479,4.560596487396479
2012-04-11,4.598244095646675,4.598244095646675
2012-04-12,4.662654039045092,4.662654039045092
2012-04-13,4.612408694928381,4.612408694928381
2012-04-16,4.614492700789169,4.614492700789169
2012-04-17,4.663376659386331,4.663376659386331
2012-04-18,4.649323208031828,4.649323208031828
2012-04-19,4.628805560110989,4.628805560110989
2012-04-20,4.650079045122889,4.650079045122889
2012-04-23,4.595943038442343,4.595943038442343
2012-04-24,4.610351423884173,4.610351423884173
2012-04-25,4.652898195904826,4.652898195904826
2012-04-26,4.6769511737559135,4.6769511737559135
2012-04-27,4.685202720594871,4.685202720594871
2012-04-30,4.671231397801307,4.671231397801307
2012-05-01,4.690597696074395,4.690597696074395
2012-05-02,4.676934414083024,4.676934414083024
2012-05-03,4.6502068070636415,4.6502068070636415
2012-05-04,4.594403180292828,4.594403180292828
2012-05-07,4.6081735195255344,4.6081735195255344
2012-05-08,4.568343222715608,4.568343222715608
2012-05-09,4.5554105916214205,4.5554105916214205
2012-05-10,4.557849221144004,4.557849221144004
2012-05-11,4.552626426592034,4.552626426592034
2012-05-14,4.532584357566396,4.532584357566396
2012-05-15,4.518346584979429,4.518346584979429
2012-05-16,4.509300307901468,4.509300307901468
2012-05-17,4.477282681408463,4.477282681408463
2012-05-18,4.457519088194527,4.457519088194527
2012-05-21,4.49542427115638,4.49542427115638
2012-05-22,4.493874526585389,4.493874526585389
2012-05-23,4.497702265438139,4.497702265438139
2012-05-24,4.500295597065887,4.500295597065887
2012-05-25,4.496450773407064,4.496450773407064
2012-05-29,4.522464526229551,4.522464526229551
2012-05-30,4.497201312115026,4.497201312115026
2012-05-31,4.498923416851205,4.498923416851205
2012-06-01,4.447905682851101,4.447905682851101
2012-06-04,4.441682813732449,4.441682813732449
2012-06-05,4.4539122538760045,4.4539122538760045
2012-06-06,4.497334789749644,4.497334789749644
2012-06-07,4.50214830084927,4.50214830084927
2012-06-08,4.519033269517053,4.519033269517053
2012-06-11,4.49238195651622,4.49238195651622
2012-06-12,4.516370919949549,4.516370919949549
2012-06-13,4.5078345428132405,4.5078345428132405
2012-06-14,4.530105087519044,4.530105087519044
2012-06-15,4.558570795205171,4.558570795205171
2012-06-18,4.562373481995568,4.562373481995568
2012-06-19,4.581775410468603,4.581775410468603
2012-06-20,4.574559852984767,4.574559852984767
2012-06-21,4.526327252052418,4.526327252052418
2012-06-22,4.5405005093301085,4.5405005093301085
2012-06-25,4.51125248555696,4.51125248555696
2012-06-26,4.520160628201825,4.520160628201825
2012-06-27,4.541552688702773,4.541552688702773
2012-06-28,4.537724621432883,4.537724621432883
2012-06-29,4.627973606018214,4.627973606018214
2012-07-02,4.645769121738934,4.645769121738934
2012-07-03,4.686366192162182,4.686366192162182
2012-07-05,4.681903521644157,4.681903521644157
2012-07-06,4.661336548058173,4.661336548058173
2012-07-09,4.663007787033813,4.663007787033813
2012-07-10,4.6437172658984265,4.6437172658984265
2012-07-11,4.643857335153438,4.643857335153438
2012-07-12,4.636761206538587,4.636761206538587
2012-07-13,4.6764848741628855,4.6764848741628855
2012-07-16,4.672851544428788,4.672851544428788
2012-07-17,4.688060247342339,4.688060247342339
2012-07-18,4.710023235159747,4.710023235159747
2012-07-19,4.727361348029724,4.727361348029724
2012-07-20,4.709106884819033,4.709106884819033
2012-07-23,4.687391185841154,4.687391185841154
2012-07-24,4.670183572817383,4.670183572817383
2012-07-25,4.671536173162269,4.671536173162269
2012-07-26,4.708618893302817,4.708618893302817
2012-07-27,4.765901444674843,4.765901444674843
2012-07-30,4.766698003183383,4.766698003183383
2012-07-31,4.752356713184153,4.752356713184153
2012-08-01,4.747537018273888,4.747537018273888
2012-08-02,4.731570609672755,4.731570609672755
2012-08-03,4.829138046091132,4.829138046091132
2012-08-06,4.849392397451221,4.849392397451221
2012-08-07,4.865699712787316,4.865699712787316
2012-08-08,4.867361015032917,4.867361015032917
2012-08-09,4.873903759093386,4.873903759093386
2012-08-10,4.885688341109143,4.885688341109143
2012-08-13,4.86828935418705,4.86828935418705
2012-08-14,4.8681610683098695,4.8681610683098695
2012-08-15,4.860280440032168,4.860280440032168
2012-08-16,4.893947061580957,4.893947061580957
2012-08-17,4.892637673517591,4.892637673517591
2012-08-20,4.8902766019183765,4.8902766019183765
2012-08-21,4.893435931731352,4.893435931731352
2012-08-22,4.907973499285852,4.907973499285852
2012-08-23,4.894301316682005,4.894301316682005
2012-08-24,4.898744430272654,4.898744430272654
2012-08-27,4.896739529225906,4.896739529225906
2012-08-28,4.89746404279093,4.89746404279093
2012-08-29,4.8854990243512875,4.8854990243512875
2012-08-30,4.858814394689738,4.858814394689738
2012-08-31,4.907086967538962,4.907086967538962
2012-09-04,4.90148773207681,4.90148773207681
2012-09-05,4.895838240495552,4.895838240495552
2012-09-06,4.9525228950313736,4.9525228950313736
2012-09-07,5.0157381050025,5.0157381050025
2012-09-10,4.982624074658094,4.982624074658094
2012-09-11,5.011115892112167,5.011115892112167
2012-09-12,5.02370196735497,5.02370196735497
2012-09-13,5.104054593837116,5.104054593837116
2012-09-14,5.1293395313706736,5.1293395313706736
2012-09-17,5.102622690503002,5.102622690503002
2012-09-18,5.106542411904472,5.106542411904472
2012-09-19,5.1135314452439395,5.1135314452439395
2012-09-20,5.098730288329675,5.098730288329675
2012-09-21,5.1058684486889625,5.1058684486889625
2012-09-24,5.095482884142676,5.095482884142676
2012-09-25,5.062343744268852,5.062343744268852
2012-09-26,5.037143751616497,5.037143751616497
2012-09-27,5.089084281749911,5.089084281749911
2012-09-28,5.05690002725582,5.05690002725582
2012-10-01,5.079775368515405,5.079775368515405
2012-10-02,5.08597859590449,5.08597859590449
2012-10-03,5.0806163422326955,5.0806163422326955
2012-10-04,5.116410524652185,5.116410524652185
2012-10-05,5.109870873453463,5.109870873453463
2012-10-08,5.0894987853805755,5.0894987853805755
2012-10-09,5.049731646309631,5.049731646309631
2012-10-10,5.035052339780782,5.035052339780782
2012-10-11,5.055503960145183,5.055503960145183
2012-10-12,5.041249545602204,5.041249545602204
2012-10-15,5.055770886953329,5.055770886953329
2012-10-16,5.09806013493751,5.09806013493751
2012-10-17,5.117774545780647,5.117774545780647
2012-10-18,5.103412199707157,5.103412199707157
2012-10-19,5.047173868608982,5.047173868608982
2012-10-22,5.066463581840583,5.066463581840583
2012-10-23,4.999125886617294,4.999125886617294
2012-10-24,4.993675985057351,4.993675985057351
2012-10-25,5.018393097243125,5.018393097243125
2012-10-26,5.010748161380651,5.010748161380651
2012-10-31,5.015408285442998,5.015408285442998
2012-11-01,5.0481495835155075,5.0481495835155075
2012-11-02,5.003713734737979,5.003713734737979
2012-11-05,5.013729272099911,5.013729272099911
2012-11-06,5.0550366693452276,5.0550366693452276
2012-11-07,5.003926663687279,5.003926663687279
2012-11-08,4.980583181083089,4.980583181083089
2012-11-09,4.982233685716684,4.982233685716684
2012-11-12,4.983452924043386,4.983452924043386
2012-11-13,4.965815852507679,4.965815852507679
2012-11-14,4.949313960482696,4.949313960482696
2012-11-15,4.9427325183682225,4.9427325183682225
2012-11-16,4.940288427929109,4.940288427929109
2012-11-19,5.011637649250568,5.011637649250568
2012-11-20,5.006886480052309,5.006886480052309
2012-11-21,5.007814064007075,5.007814064007075
2012-11-23,5.072297483861379,5.072297483861379
2012-11-26,5.067012425374649,5.067012425374649
2012-11-27,5.045340528974137,5.045340528974137
2012-11-28,5.05361921589161,5.05361921589161
2012-11-29,5.079435341218405,5.079435341218405
2012-11-30,5.073047392077007,5.073047392077007
2012-12-03,5.069489021439053,5.069489021439053
2012-12-04,5.0637430739846225,5.0637430739846225
2012-12-05,5.076938756689784,5.076938756689784
2012-12-06,5.092335343405713,5.092335343405713
2012-12-07,5.102065438520321,5.102065438520321
2012-12-10,5.11345911121659,5.11345911121659
2012-12-11,5.130249903042522,5.130249903042522
2012-12-12,5.135035102083826,5.135035102083826
2012-12-13,5.110789363607321,5.110789363607321
2012-12-14,5.115493795800534,5.115493795800534
2012-12-17,5.133759936449707,5.133759936449707
2012-12-18,5.145911437982168,5.145911437982168
2012-12-19,5.140738100426682,5.140738100426682
2012-12-20,5.164574681242865,5.164574681242865
2012-12-21,5.131320188786184,5.131320188786184
2012-12-24,5.121408795999658,5.121408795999658
2012-12-26,5.121372825442323,5.121372825442323
2012-12-27,5.133472406356959,5.133472406356959
2012-12-28,5.112678966379705,5.112678966379705
2012-12-31,5.168374115996149,5.168374115996149
2013-01-02,5.2372697751999375,5.2372697751999375
2013-01-03,5.202042381716411,5.202042381716411
2013-01-04,5.2183664014725535,5.2183664014725535
2013-01-07,5.198560920715284,5.198560920715284
2013-01-08,5.177082901309929,5.177082901309929
2013-01-09,5.191593220132585,5.191593220132585
2013-01-10,5.231758856516733,5.231758856516733
2013-01-11,5.225176913807298,5.225176913807298
2013-01-14,5.234248611826563,5.234248611826563
2013-01-15,5.235778388910649,5.235778388910649
2013-01-16,5.230787031255511,5.230787031255511
2013-01-17,5.254189492767008,5.254189492767008
2013-01-18,5.257361086092533,5.257361086092533
2013-01-22,5.265101459195451,5.265101459195451
2013-01-23,5.258238037273778,5.258238037273778
2013-01-24,5.246847206532956,5.246847206532956
2013-01-25,5.26073648856395,5.26073648856395
2013-01-28,5.241563665767153,5.241563665767153
2013-01-29,5.269451693737782,5.269451693737782
2013-01-30,5.268779766937943,5.268779766937943
2013-01-31,5.26451809844743,5.26451809844743
2013-02-01,5.299217697035786,5.299217697035786
2013-02-04,5.260779713510641,5.260779713510641
2013-02-05,5.275013589377069,5.275013589377069
2013-02-06,5.2790257681294674,5.2790257681294674
2013-02-07,5.256416995334267,5.256416995334267
2013-02-08,5.275215682242466,5.275215682242466
2013-02-11,5.271686402829178,5.271686402829178
2013-02-12,5.283762744890951,5.283762744890951
2013-02-13,5.298281936644601,5.298281936644601
2013-02-14,5.294111248833439,5.294111248833439
2013-02-15,5.284482420639377,5.284482420639377
2013-02-19,5.3220892288066315,5.3220892288066315
2013-02-20,5.281526297064021,5.281526297064021
2013-02-21,5.236237618574547,5.236237618574547
2013-02-22,5.274358777795926,5.274358777795926
2013-02-25,5.205058232889184,5.205058232889184
2013-02-26,5.2314131682328755,5.2314131682328755
2013-02-27,5.2791481836203795,5.2791481836203795
2013-02-28,5.27029443368464,5.27029443368464
2013-03-01,5.275437918365614,5.275437918365614
2013-03-04,5.27469724384859,5.27469724384859
2013-03-05,5.314529920618815,5.314529920618815
2013-03-06,5.324702778609018,5.324702778609018
2013-03-07,5.33183388767947,5.33183388767947
2013-03-08,5.358748618252643,5.358748618252643
2013-03-11,5.3612284196010265,5.3612284196010265
2013-03-12,5.338642971945689,5.338642971945689
2013-03-13,5.321637849455343,5.321637849455343
2013-03-14,5.348786105753087,5.348786105753087
2013-03-15,5.338837678143788,5.338837678143788
2013-03-18,5.302990763463248,5.302990763463248
2013-03-19,5.288397741761596,5.288397741761596
2013-03-20,5.311816580348707,5.311816580348707
2013-03-21,5.27511715171389,5.27511715171389
2013-03-22,5.302664761660368,5.302664761660368
2013-03-25,5.278858560800195,5.278858560800195
2013-03-26,5.318192562496397,5.318192562496397
2013-03-27,5.319427325908072,5.319427325908072
2013-03-28,5.332661007946239,5.332661007946239
2013-04-01,5.296397049366829,5.296397049366829
2013-04-02,5.316226600631648,5.316226600631648
2013-04-03,5.281943276829824,5.281943276829824
2013-04-04,5.298950222642491,5.298950222642491
2013-04-05,5.287589084420327,5.287589084420327
2013-04-08,5.301673311306035,5.301673311306035
2013-04-09,5.324488324447763,5.324488324447763
2013-04-10,5.370470085104679,5.370470085104679
2013-04-11,5.386878235052936,5.386878235052936
2013-04-12,5.364034757364901,5.364034757364901
2013-04-15,5.288182386043538,5.288182386043538
2013-04-16,5.353629722620045,5.353629722620045
2013-04-17,5.2904140534586475,5.2904140534586475
2013-04-18,5.273672437168234,5.273672437168234
2013-04-19,5.303203171390174,5.303203171390174
2013-04-22,5.322731396785806,5.322731396785806
2013-04-23,5.361048280356622,5.361048280356622
2013-04-24,5.38120432732953,5.38120432732953
2013-04-25,5.40523270160482,5.40523270160482
2013-04-26,5.393129234915017,5.393129234915017
2013-04-29,5.43427065738426,5.43427065738426
2013-04-30,5.458441782617325,5.458441782617325
2013-05-01,5.424147672949632,5.424147672949632
2013-05-02,5.451815819023721,5.451815819023721
2013-05-03,5.489421755301109,5.489421755301109
2013-05-06,5.490821414160953,5.490821414160953
2013-05-07,5.508997317873571,5.508997317873571
2013-05-08,5.541704577031108,5.541704577031108
2013-05-09,5.512540159508828,5.512540159508828
2013-05-10,5.505155090271845,5.505155090271845
2013-05-13,5.4917103119104045,5.4917103119104045
2013-05-14,5.511653952808618,5.511653952808618
2013-05-15,5.527321748198898,5.527321748198898
2013-05-16,5.510390733881713,5.510390733881713
2013-05-17,5.5358726652643995,5.5358726652643995
2013-05-20,5.545597488853282,5.545597488853282
2013-05-21,5.548700296475007,5.548700296475007
2013-05-22,5.495910848188419,5.495910848188419
2013-05-23,5.450748419258424,5.450748419258424
2013-05-24,5.417617291697718,5.417617291697718
2013-05-28,5.442960097414106,5.442960097414106
2013-05-29,5.399224947672357,5.399224947672357
2013-05-30,5.419810711669214,5.419810711669214
2013-05-31,5.32827636742607,5.32827636742607
2013-06-03,5.353146390681234,5.353146390681234
2013-06-04,5.350045136992382,5.350045136992382
2013-06-05,5.252921119983238,5.252921119983238
2013-06-06,5.291348914788571,5.291348914788571
2013-06-07,5.360573162422876,5.360573162422876
2013-06-10,5.363240640187958,5.363240640187958
2013-06-11,5.302702837555078,5.302702837555078
2013-06-12,5.27764389465229,5.27764389465229
2013-06-13,5.3581014890709495,5.3581014890709495
2013-06-14,5.312052189747088,5.312052189747088
2013-06-17,5.370758823458937,5.370758823458937
2013-06-18,5.41102250508803,5.41102250508803
2013-06-19,5.3231541415292,5.3231541415292
2013-06-20,5.159532440846027,5.159532440846027
2013-06-21,5.17630260847833,5.17630260847833
2013-06-24,5.110891736748354,5.110891736748354
2013-06-25,5.168170876729969,5.168170876729969
2013-06-26,5.204045663301953,5.204045663301953
2013-06-27,5.245503525847463,5.245503525847463
2013-06-28,5.2297328024379945,5.2297328024379945
2013-07-01,5.269698329554062,5.269698329554062
2013-07-02,5.254038485171579,5.254038485171579
2013-07-03,5.256091972148913,5.256091972148913
2013-07-05,5.296770083526273,5.296770083526273
2013-07-08,5.328362101900784,5.328362101900784
2013-07-09,5.362185476358524,5.362185476358524
2013-07-10,5.370948583101163,5.370948583101163
2013-07-11,5.47707683814842,5.47707683814842
2013-07-12,5.460028119899621,5.460028119899621
2013-07-15,5.487348322913977,5.487348322913977
2013-07-16,5.475244837364719,5.475244837364719
2013-07-17,5.490465241243738,5.490465241243738
2013-07-18,5.523708295421158,5.523708295421158
2013-07-19,5.526340161011356,5.526340161011356
2013-07-22,5.547215201907206,5.547215201907206
2013-07-23,5.547233367318436,5.547233367318436
2013-07-24,5.533439260804216,5.533439260804216
2013-07-25,5.545607180832092,5.545607180832092
2013-07-26,5.531337930936194,5.531337930936194
2013-07-29,5.496452118697701,5.496452118697701
2013-07-30,5.495995539283359,5.495995539283359
2013-07-31,5.504340619211967,5.504340619211967
2013-08-01,5.573547465725204,5.573547465725204
2013-08-02,5.601060928855958,5.601060928855958
2013-08-05,5.59106205191832,5.59106205191832
2013-08-06,5.571087693125794,5.571087693125794
2013-08-07,5.549822090173422,5.549822090173422
2013-08-08,5.584936945703017,5.584936945703017
2013-08-09,5.5818544697571495,5.5818544697571495
2013-08-12,5.570885361480538,5.570885361480538
2013-08-13,5.59718838964614,5.59718838964614
2013-08-14,5.584185400926493,5.584185400926493
2013-08-15,5.521756674562527,5.521756674562527
2013-08-16,5.517561909501515,5.517561909501515
2013-08-19,5.480250827295448,5.480250827295448
2013-08-20,5.4901405694538905,5.4901405694538905
2013-08-21,5.440921203220533,5.440921203220533
2013-08-22,5.492270880306476,5.492270880306476
2013-08-23,5.525374168534072,5.525374168534072
2013-08-26,5.494903194275531,5.494903194275531
2013-08-27,5.4039608543620625,5.4039608543620625
2013-08-28,5.410407923425265,5.410407923425265
2013-08-29,5.4101935558803245,5.4101935558803245
2013-08-30,5.3682098771498925,5.3682098771498925
2013-09-03,5.432061013048744,5.432061013048744
2013-09-04,5.478849459789117,5.478849459789117
2013-09-05,5.480068836462512,5.480068836462512
2013-09-06,5.496263809123679,5.496263809123679
2013-09-09,5.560341940130487,5.560341940130487
2013-09-10,5.608991541833094,5.608991541833094
2013-09-11,5.622780833634774,5.622780833634774
2013-09-12,5.599217198828249,5.599217198828249
2013-09-13,5.618946409903392,5.618946409903392
2013-09-16,5.665325629003523,5.665325629003523
2013-09-17,5.670862777845241,5.670862777845241
2013-09-18,5.822359274168405,5.822359274168405
2013-09-19,5.799541636347662,5.799541636347662
2013-09-20,5.728871773309862,5.728871773309862
2013-09-23,5.726247941624479,5.726247941624479
2013-09-24,5.702513062577503,5.702513062577503
2013-09-25,5.684566148291639,5.684566148291639
2013-09-26,5.707570093546916,5.707570093546916
2013-09-27,5.6842766327737975,5.6842766327737975
2013-09-30,5.648786002777758,5.648786002777758
2013-10-01,5.711144294754079,5.711144294754079
2013-10-02,5.716078762249794,5.716078762249794
2013-10-03,5.67872416483338,5.67872416483338
2013-10-04,5.7221126677039855,5.7221126677039855
2013-10-07,5.669601005406858,5.669601005406858
2013-10-08,5.614830386223033,5.614830386223033
2013-10-09,5.63827814816737,5.63827814816737
2013-10-10,5.7567324038174,5.7567324038174
2013-10-11,5.787824582628269,5.787824582628269
2013-10-14,5.813379080628358,5.813379080628358
2013-10-15,5.771138261575249,5.771138261575249
2013-10-16,5.827686753227236,5.827686753227236
2013-10-17,5.878635358957458,5.878635358957458
2013-10-18,5.905315724335536,5.905315724335536
2013-10-21,5.9052263919740176,5.9052263919740176
2013-10-22,5.948048087861042,5.948048087861042
2013-10-23,5.8913141672277645,5.8913141672277645
2013-10-24,5.902789152726044,5.902789152726044
2013-10-25,5.912805072945052,5.912805072945052
2013-10-28,5.920670989093554,5.920670989093554
2013-10-29,5.938291408328457,5.938291408328457
2013-10-30,5.91455328425375,5.91455328425375
2013-10-31,5.887073094609358,5.887073094609358
2013-11-01,5.883153548917321,5.883153548917321
2013-11-04,5.911628199341747,5.911628199341747
2013-11-05,5.848688132390719,5.848688132390719
2013-11-06,5.881708674568728,5.881708674568728
2013-11-07,5.790501618803142,5.790501618803142
2013-11-08,5.823641995041325,5.823641995041325
2013-11-11,5.830385847494471,5.830385847494471
2013-11-12,5.814656359504786,5.814656359504786
2013-11-13,5.847355942596364,5.847355942596364
2013-11-14,5.897560218475943,5.897560218475943
2013-11-15,5.959441456759537,5.959441456759537
2013-11-18,5.9705437040860785,5.9705437040860785
2013-11-19,5.94896529174842,5.94896529174842
2013-11-20,5.901800864291845,5.901800864291845
2013-11-21,5.92809494047299,5.92809494047299
2013-11-22,5.957871231168231,5.957871231168231
2013-11-25,5.924386431888651,5.924386431888651
2013-11-26,5.931592364923888,5.931592364923888
2013-11-27,5.954022490366229,5.954022490366229
2013-11-29,5.976967579537002,5.976967579537002
2013-12-02,5.915187713236334,5.915187713236334
2013-12-03,5.886214980924865,5.886214980924865
2013-12-04,5.873104795103628,5.873104795103628
2013-12-05,5.841961082115382,5.841961082115382
2013-12-06,5.931042361976993,5.931042361976993
2013-12-09,5.936779315871407,5.936779315871407
2013-12-10,5.9272975663562315,5.9272975663562315
2013-12-11,5.842892523342302,5.842892523342302
2013-12-12,5.811984875661619,5.811984875661619
2013-12-13,5.8153005395505595,5.8153005395505595
2013-12-16,5.8540802516131185,5.8540802516131185
2013-12-17,5.832070649456379,5.832070649456379
2013-12-18,5.934534316871984,5.934534316871984
2013-12-19,5.931104575480196,5.931104575480196
2013-12-20,5.965313734477048,5.965313734477048
2013-12-23,6.0111475881254695,6.0111475881254695
2013-12-24,6.031293044649937,6.031293044649937
2013-12-26,6.035349234399886,6.035349234399886
2013-12-27,6.076729597724692,6.076729597724692
2013-12-30,6.093747424704638,6.093747424704638
2013-12-31,6.1266278274512675,6.1266278274512675
2014-01-02,6.042943235386604,6.042943235386604
2014-01-03,6.045656805201373,6.045656805201373
2014-01-06,6.0332315742049945,6.0332315742049945
2014-01-07,6.068695980389541,6.068695980389541
2014-01-08,6.0684409829133275,6.0684409829133275
2014-01-09,6.068135477548802,6.068135477548802
2014-01-10,6.102531957034188,6.102531957034188
2014-01-13,6.059707768887192,6.059707768887192
2014-01-14,6.094868502778096,6.094868502778096
2014-01-15,6.112632102844595,6.112632102844595
2014-01-16,6.113835376238166,6.113835376238166
2014-01-17,6.10008364661604,6.10008364661604
2014-01-21,6.116751155294383,6.116751155294383
2014-01-22,6.1137089588968045,6.1137089588968045
2014-01-23,6.088679017464656,6.088679017464656
2014-01-24,5.994025160570284,5.994025160570284
2014-01-27,5.970680863743075,5.970680863743075
2014-01-28,6.003137407898444,6.003137407898444
2014-01-29,5.96743531400813,5.96743531400813
2014-01-30,5.999085258533824,5.999085258533824
2014-01-31,5.957086502347666,5.957086502347666
2014-02-03,5.878553854881501,5.878553854881501
2014-02-04,5.910215058920392,5.910215058920392
2014-02-05,5.906879498512965,5.906879498512965
2014-02-06,5.966846346446732,5.966846346446732
2014-02-07,6.020632504247996,6.020632504247996
2014-02-10,6.019585699326851,6.019585699326851
2014-02-11,6.0694862846959206,6.0694862846959206
2014-02-12,6.0704817612557695,6.0704817612557695
2014-02-13,6.09138460041396,6.09138460041396
2014-02-14,6.125680889517607,6.125680889517607
2014-02-18,6.144645414573641,6.144645414573641
2014-02-19,6.115819319323084,6.115819319323084
2014-02-20,6.145373372609743,6.145373372609743
2014-02-21,6.147795589510135,6.147795589510135
2014-02-24,6.185191586815347,6.185191586815347
2014-02-25,6.187744445869694,6.187744445869694
2014-02-26,6.172673512307881,6.172673512307881
2014-02-27,6.188709069709497,6.188709069709497
2014-02-28,6.187521644046077,6.187521644046077
2014-03-03,6.180248137369738,6.180248137369738
2014-03-04,6.207797509222175,6.207797509222175
2014-03-05,6.211219047574044,6.211219047574044
2014-03-06,6.254180317615508,6.254180317615508
2014-03-07,6.229015958263381,6.229015958263381
2014-03-10,6.2190040302764205,6.2190040302764205
2014-03-11,6.2086341251880794,6.2086341251880794
2014-03-12,6.229412078619888,6.229412078619888
2014-03-13,6.192278221940228,6.192278221940228
2014-03-14,6.194313826197637,6.194313826197637
2014-03-17,6.209970656192048,6.209970656192048
2014-03-18,6.220545845620814,6.220545845620814
2014-03-19,6.1562411092629565,6.1562411092629565
2014-03-20,6.155449872514754,6.155449872514754
2014-03-21,6.1559072841417315,6.1559072841417315
2014-03-24,6.128414116670646,6.128414116670646
2014-03-25,6.153564772517028,6.153564772517028
2014-03-26,6.150603918397751,6.150603918397751
2014-03-27,6.176224872631757,6.176224872631757
2014-03-28,6.2054094239697335,6.2054094239697335
2014-03-31,6.236435872480231,6.236435872480231
2014-04-01,6.272610544904992,6.272610544904992
2014-04-02,6.281271950892196,6.281271950892196
2014-04-03,6.269916394423052,6.269916394423052
2014-04-04,6.268528925238174,6.268528925238174
2014-04-07,6.252920876362533,6.252920876362533
2014-04-08,6.285122263735507,6.285122263735507
2014-04-09,6.326767279331955,6.326767279331955
2014-04-10,6.274183221084242,6.274183221084242
2014-04-11,6.25571703955763,6.25571703955763
2014-04-14,6.2795866785335255,6.2795866785335255
2014-04-15,6.240936762885061,6.240936762885061
2014-04-16,6.286415427932179,6.286415427932179
2014-04-17,6.306075621822057,6.306075621822057
2014-04-21,6.3037703290619564,6.3037703290619564
2014-04-22,6.31301553326085,6.31301553326085
2014-04-23,6.295835158782425,6.295835158782425
2014-04-24,6.3017693869383775,6.3017693869383775
2014-04-25,6.260147249188379,6.260147249188379
2014-04-28,6.276638095295646,6.276638095295646
2014-04-29,6.309796914356307,6.309796914356307
2014-04-30,6.320916363079414,6.320916363079414
2014-05-01,6.329692987991752,6.329692987991752
2014-05-02,6.335574204141688,6.335574204141688
2014-05-05,6.341356925740172,6.341356925740172
2014-05-06,6.332438383613537,6.332438383613537
2014-05-07,6.351996505392698,6.351996505392698
2014-05-08,6.347760822254355,6.347760822254355
2014-05-09,6.343681945250921,6.343681945250921
2014-05-12,6.394942575069368,6.394942575069368
2014-05-13,6.407398958298132,6.407398958298132
2014-05-14,6.424050448153541,6.424050448153541
2014-05-15,6.391299725301576,6.391299725301576
2014-05-16,6.419708172454222,6.419708172454222
2014-05-19,6.421727356640226,6.421727356640226
2014-05-20,6.389156641931202,6.389156641931202
2014-05-21,6.4268657546802865,6.4268657546802865
2014-05-22,6.443381389056281,6.443381389056281
2014-05-23,6.452713064642037,6.452713064642037
2014-05-27,6.461771534865309,6.461771534865309
2014-05-28,6.469096269586649,6.469096269586649
2014-05-29,6.49093714442702,6.49093714442702
2014-05-30,6.473072380709047,6.473072380709047
2014-06-02,6.478205800251783,6.478205800251783
2014-06-03,6.478211141100477,6.478211141100477
2014-06-04,6.4713698313085,6.4713698313085
2014-06-05,6.5122571350981895,6.5122571350981895
2014-06-06,6.544236308672417,6.544236308672417
2014-06-09,6.5487883416525055,6.5487883416525055
2014-06-10,6.551658440933182,6.551658440933182
2014-06-11,6.533389915367418,6.533389915367418
2014-06-12,6.517621106329478,6.517621106329478
2014-06-13,6.524056928248651,6.524056928248651
2014-06-16,6.517489285199825,6.517489285199825
2014-06-17,6.518230135106826,6.518230135106826
2014-06-18,6.566585787867483,6.566585787867483
2014-06-19,6.61146502119182,6.61146502119182
2014-06-20,6.606904566282359,6.606904566282359
2014-06-23,6.602654791400453,6.602654791400453
2014-06-24,6.589491972854384,6.589491972854384
2014-06-25,6.599684085191459,6.599684085191459
2014-06-26,6.601070572850606,6.601070572850606
2014-06-27,6.606733730662896,6.606733730662896
2014-06-30,6.618080052718629,6.618080052718629
2014-07-01,6.645969184256577,6.645969184256577
2014-07-02,6.65272761012355,6.65272761012355
2014-07-03,6.663363962618568,6.663363962618568
2014-07-07,6.646323391688504,6.646323391688504
2014-07-08,6.621031802444911,6.621031802444911
2014-07-09,6.6479110025060155,6.6479110025060155
2014-07-10,6.628691364012625,6.628691364012625
2014-07-11,6.634092302995233,6.634092302995233
2014-07-14,6.628263423053905,6.628263423053905
2014-07-15,6.607317264832288,6.607317264832288
2014-07-16,6.629443503279961,6.629443503279961
2014-07-17,6.599013498510838,6.599013498510838
2014-07-18,6.632108117030007,6.632108117030007
2014-07-21,6.631942619509918,6.631942619509918
2014-07-22,6.651765043289954,6.651765043289954
2014-07-23,6.6576235751643145,6.6576235751643145
2014-07-24,6.649171945589316,6.649171945589316
2014-07-25,6.6501242708137935,6.6501242708137935
2014-07-28,6.658088873956128,6.658088873956128
2014-07-29,6.638958999166597,6.638958999166597
2014-07-30,6.622031047982266,6.622031047982266
2014-07-31,6.530636547703985,6.530636547703985
2014-08-01,6.540180458739767,6.540180458739767
2014-08-04,6.574567429864813,6.574567429864813
2014-08-05,6.5124686317852465,6.5124686317852465
2014-08-06,6.525630168182901,6.525630168182901
2014-08-07,6.520180559069262,6.520180559069262
2014-08-08,6.554438735463596,6.554438735463596
2014-08-11,6.577783118553444,6.577783118553444
2014-08-12,6.576989415548739,6.576989415548739
2014-08-13,6.605287507676346,6.605287507676346
2014-08-14,6.622497850876669,6.622497850876669
2014-08-15,6.611823407698695,6.611823407698695
2014-08-18,6.636030045477251,6.636030045477251
2014-08-19,6.647560269855338,6.647560269855338
2014-08-20,6.637915573353614,6.637915573353614
2014-08-21,6.645626956517223,6.645626956517223
2014-08-22,6.630336921812567,6.630336921812567
2014-08-25,6.663049309661814,6.663049309661814
2014-08-26,6.674508064903506,6.674508064903506
2014-08-27,6.6876780788118335,6.6876780788118335
2014-08-28,6.677807620424675,6.677807620424675
2014-08-29,6.676946740984091,6.676946740984091
2014-09-02,6.671681785868666,6.671681785868666
2014-09-03,6.70619602346722,6.70619602346722
2014-09-04,6.689244815588017,6.689244815588017
2014-09-05,6.710441169938793,6.710441169938793
2014-09-08,6.666881526999643,6.666881526999643
2014-09-09,6.628663467902362,6.628663467902362
2014-09-10,6.6351101935215535,6.6351101935215535
2014-09-11,6.614945012788297,6.614945012788297
2014-09-12,6.582129483339008,6.582129483339008
2014-09-15,6.568830469273018,6.568830469273018
2014-09-16,6.609674633027726,6.609674633027726
2014-09-17,6.589742092069535,6.589742092069535
2014-09-18,6.613725873984949,6.613725873984949
2014-09-19,6.596773760286341,6.596773760286341
2014-09-22,6.549431497651299,6.549431497651299
2014-09-23,6.5267001974276155,6.5267001974276155
2014-09-24,6.573513546547952,6.573513546547952
2014-09-25,6.494673507130313,6.494673507130313
2014-09-26,6.521415926599261,6.521415926599261
2014-09-29,6.519071681354364,6.519071681354364
2014-09-30,6.508400187388077,6.508400187388077
2014-10-01,6.482496989535809,6.482496989535809
2014-10-02,6.4776703988584865,6.4776703988584865
2014-10-03,6.511847294893708,6.511847294893708
2014-10-06,6.53968570459805,6.53968570459805
2014-10-07,6.501766930246102,6.501766930246102
2014-10-08,6.578204683523907,6.578204683523907
2014-10-09,6.506402032061702,6.506402032061702
2014-10-10,6.471637494127884,6.471637494127884
2014-10-13,6.490462796185676,6.490462796185676
2014-10-14,6.5051739676157885,6.5051739676157885
2014-10-15,6.516941413006818,6.516941413006818
2014-10-16,6.511647554333915,6.511647554333915
2014-10-17,6.502818240907992,6.502818240907992
2014-10-20,6.5382135115659,6.5382135115659
2014-10-21,6.600024273547075,6.600024273547075
2014-10-22,6.574763599971318,6.574763599971318
2014-10-23,6.6052459755044195,6.6052459755044195
2014-10-24,6.631857655322668,6.631857655322668
2014-10-27,6.628501806217676,6.628501806217676
2014-10-28,6.66141081778528,6.66141081778528
2014-10-29,6.649116603434027,6.649116603434027
2014-10-30,6.687742796475076,6.687742796475076
2014-10-31,6.722795675058396,6.722795675058396
2014-11-03,6.718269533078835,6.718269533078835
2014-11-04,6.706922669552436,6.706922669552436
2014-11-05,6.729322475082025,6.729322475082025
2014-11-06,6.736968864199001,6.736968864199001
2014-11-07,6.751495609449093,6.751495609449093
2014-11-10,6.75413620038486,6.75413620038486
2014-11-11,6.758987116446417,6.758987116446417
2014-11-12,6.755653041616331,6.755653041616331
2014-11-13,6.761003900407338,6.761003900407338
2014-11-14,6.76490947281803,6.76490947281803
2014-11-17,6.763059509065431,6.763059509065431
2014-11-18,6.7856670087345305,6.7856670087345305
2014-11-19,6.77218851728381,6.77218851728381
2014-11-20,6.784306413467428,6.784306413467428
2014-11-21,6.871113251502419,6.871113251502419
2014-11-24,6.882007285160528,6.882007285160528
2014-11-25,6.887028016755175,6.887028016755175
2014-11-26,6.923870875013723,6.923870875013723
2014-11-28,6.927211088466345,6.927211088466345
2014-12-01,6.895351996333779,6.895351996333779
2014-12-02,6.910744917526477,6.910744917526477
2014-12-03,6.92095052514382,6.92095052514382
2014-12-04,6.92752588188847,6.92752588188847
2014-12-05,6.918409600469755,6.918409600469755
2014-12-08,6.90381166295819,6.90381166295819
2014-12-09,6.906815074501409,6.906815074501409
2014-12-10,6.857413076185401,6.857413076185401
2014-12-11,6.873551676030895,6.873551676030895
2014-12-12,6.8289225953537205,6.8289225953537205
2014-12-15,6.796203187038506,6.796203187038506
2014-12-16,6.777271623982479,6.777271623982479
2014-12-17,6.839413375139612,6.839413375139612
2014-12-18,6.914995865202609,6.914995865202609
2014-12-19,6.935359242004537,6.935359242004537
2014-12-22,6.956656996243267,6.956656996243267
2014-12-23,6.945290637704489,6.945290637704489
2014-12-24,6.949395138813334,6.949395138813334
2014-12-26,6.962183572764055,6.962183572764055
2014-12-29,6.974153625558475,6.974153625558475
2014-12-30,6.959249234962506,6.959249234962506
2014-12-31,6.925666930842458,6.925666930842458
2015-01-02,6.933563243878833,6.933563243878833
2015-01-05,6.878488996715611,6.878488996715611
2015-01-06,6.85479739044459,6.85479739044459
2015-01-07,6.896887248459875,6.896887248459875
2015-01-08,6.952795191752621,6.952795191752621
2015-01-09,6.933414794882285,6.933414794882285
2015-01-12,6.909063649962446,6.909063649962446
2015-01-13,6.900282347605915,6.900282347605915
2015-01-14,6.8878326622506165,6.8878326622506165
2015-01-15,6.935112479386461,6.935112479386461
2015-01-16,6.9867486726637935,6.9867486726637935
2015-01-20,7.027617157205435,7.027617157205435
2015-01-21,7.0358145682286235,7.0358145682286235
2015-01-22,7.088307618312377,7.088307618312377
2015-01-23,7.062422062256509,7.062422062256509
2015-01-26,7.043384334343839,7.043384334343839
2015-01-27,7.0380701713292995,7.0380701713292995
2015-01-28,6.999382212253736,6.999382212253736
2015-01-29,6.968790402404169,6.968790402404169
2015-01-30,6.999622962665323,6.999622962665323
2015-02-02,7.008967401677316,7.008967401677316
2015-02-03,7.007652788927915,7.007652788927915
2015-02-04,7.01253766012991,7.01253766012991
2015-02-05,7.035370108181665,7.035370108181665
2015-02-06,7.005175746550822,7.005175746550822
2015-02-09,6.988867720808409,6.988867720808409
2015-02-10,7.02231995065153,7.02231995065153
2015-02-11,7.022773536756568,7.022773536756568
2015-02-12,7.057175953089872,7.057175953089872
2015-02-13,7.06756254498703,7.06756254498703
2015-02-17,7.058764119358686,7.058764119358686
2015-02-18,7.079577920456987,7.079577920456987
2015-02-19,7.078906657158674,7.078906657158674
2015-02-20,7.115466274398888,7.115466274398888
2015-02-23,7.1110328637646045,7.1110328637646045
2015-02-24,7.142884110931272,7.142884110931272
2015-02-25,7.144400712451885,7.144400712451885
2015-02-26,7.126460247103952,7.126460247103952
2015-02-27,7.125459492005321,7.125459492005321
2015-03-02,7.132038688866358,7.132038688866358
2015-03-03,7.10468126712604,7.10468126712604
2015-03-04,7.086484491084267,7.086484491084267
2015-03-05,7.095628964257813,7.095628964257813
2015-03-06,7.022598163651991,7.022598163651991
2015-03-09,7.046112227362065,7.046112227362065
2015-03-10,6.99729030477488,6.99729030477488
2015-03-11,6.99608134369972,6.99608134369972
2015-03-12,7.043404861402666,7.043404861402666
2015-03-13,7.015119812242022,7.015119812242022
2015-03-16,7.069609893912373,7.069609893912373
2015-03-17,7.058463668106018,7.058463668106018
2015-03-18,7.154264680027591,7.154264680027591
2015-03-19,7.107153372329615,7.107153372329615
2015-03-20,7.187690250855975,7.187690250855975
2015-03-23,7.1954937869019755,7.1954937869019755
2015-03-24,7.183390758241906,7.183390758241906
2015-03-25,7.132526930165945,7.132526930165945
2015-03-26,7.097652907661041,7.097652907661041
2015-03-27,7.112669009973815,7.112669009973815
2015-03-30,7.144116719112027,7.144116719112027
2015-03-31,7.090470833374203,7.090470833374203
2015-04-01,7.106727945747353,7.106727945747353
2015-04-02,7.132591061676901,7.132591061676901
2015-04-06,7.1866861480863795,7.1866861480863795
2015-04-07,7.1707654173074,7.1707654173074
2015-04-08,7.222140287776639,7.222140287776639
2015-04-09,7.245926266244246,7.245926266244246
2015-04-10,7.260642142565453,7.260642142565453
2015-04-13,7.2323025940932135,7.2323025940932135
2015-04-14,7.259223350226313,7.259223350226313
2015-04-15,7.2907299205738125,7.2907299205738125
2015-04-16,7.308527894701011,7.308527894701011
2015-04-17,7.23405903980241,7.23405903980241
2015-04-20,7.249513129348057,7.249513129348057
2015-04-21,7.2722166154131695,7.2722166154131695
2015-04-22,7.298806061068223,7.298806061068223
2015-04-23,7.326483942045046,7.326483942045046
2015-04-24,7.351229477726275,7.351229477726275
2015-04-27,7.360371178329948,7.360371178329948
2015-04-28,7.364224880602089,7.364224880602089
2015-04-29,7.313522832616507,7.313522832616507
2015-04-30,7.248174047362913,7.248174047362913
2015-05-01,7.293826095232977,7.293826095232977
2015-05-04,7.3042161261096075,7.3042161261096075
2015-05-05,7.234685384920012,7.234685384920012
2015-05-06,7.203468821909142,7.203468821909142
2015-05-07,7.206566751647543,7.206566751647543
2015-05-08,7.300854334441173,7.300854334441173
2015-05-11,7.2471879774185215,7.2471879774185215
2015-05-12,7.23454710893198,7.23454710893198
2015-05-13,7.2516367053868995,7.2516367053868995
2015-05-14,7.313058033792705,7.313058033792705
2015-05-15,7.338127568332956,7.338127568332956
2015-05-18,7.317068937773184,7.317068937773184
2015-05-19,7.306158500805364,7.306158500805364
2015-05-20,7.309925710820085,7.309925710820085
2015-05-21,7.324173388175972,7.324173388175972
2015-05-22,7.312043315395883,7.312043315395883
2015-05-26,7.234994560308479,7.234994560308479
2015-05-27,7.272009973243928,7.272009973243928
2015-05-28,7.242294726233589,7.242294726233589
2015-05-29,7.2048533701284425,7.2048533701284425
2015-06-01,7.196619202580466,7.196619202580466
2015-06-02,7.2031985961033635,7.2031985961033635
2015-06-03,7.232700082162725,7.232700082162725
2015-06-04,7.163374000926783,7.163374000926783
2015-06-05,7.114635818440455,7.114635818440455
2015-06-08,7.087881735205005,7.087881735205005
2015-06-09,7.067905996723174,7.067905996723174
2015-06-10,7.184568452581819,7.184568452581819
2015-06-11,7.205864865253807,7.205864865253807
2015-06-12,7.149667441085368,7.149667441085368
2015-06-15,7.112747757991662,7.112747757991662
2015-06-16,7.131054814476251,7.131054814476251
2015-06-17,7.12868953016858,7.12868953016858
2015-06-18,7.19780140338739,7.19780140338739
2015-06-19,7.173128378113617,7.173128378113617
2015-06-22,7.2593685415194535,7.2593685415194535
2015-06-23,7.291369025164403,7.291369025164403
2015-06-24,7.2335615732519125,7.2335615732519125
2015-06-25,7.220971878839987,7.220971878839987
2015-06-26,7.218636512717925,7.218636512717925
2015-06-29,7.032044681643764,7.032044681643764
2015-06-30,7.026712951130384,7.026712951130384
2015-07-01,7.077563398337918,7.077563398337918
2015-07-02,7.078752151053504,7.078752151053504
2015-07-06,7.058606437203213,7.058606437203213
2015-07-07,7.102996124401583,7.102996124401583
2015-07-08,7.0518812798754675,7.0518812798754675
2015-07-09,7.0646385049311515,7.0646385049311515
2015-07-10,7.2248543615075125,7.2248543615075125
2015-07-13,7.278209185382318,7.278209185382318
2015-07-14,7.324443511770361,7.324443511770361
2015-07-15,7.309721649262208,7.309721649262208
2015-07-16,7.370614668255438,7.370614668255438
2015-07-17,7.367541345278336,7.367541345278336
2015-07-20,7.379040944437069,7.379040944437069
2015-07-21,7.353753509494971,7.353753509494971
2015-07-22,7.318987321484314,7.318987321484314
2015-07-23,7.28877876936712,7.28877876936712
2015-07-24,7.210926305179893,7.210926305179893
2015-07-27,7.1634284267411585,7.1634284267411585
2015-07-28,7.252604592568683,7.252604592568683
2015-07-29,7.290537314565823,7.290537314565823
2015-07-30,7.288574208699178,7.288574208699178
2015-07-31,7.3087995025905315,7.3087995025905315
2015-08-03,7.296706658863026,7.296706658863026
2015-08-04,7.29240177419457,7.29240177419457
2015-08-05,7.323588702161177,7.323588702161177
2015-08-06,7.278396641127993,7.278396641127993
2015-08-07,7.273471122032522,7.273471122032522
2015-08-10,7.363759098925018,7.363759098925018
2015-08-11,7.31218015919025,7.31218015919025
2015-08-12,7.296133049206059,7.296133049206059
2015-08-13,7.289311553917093,7.289311553917093
2015-08-14,7.30828889987488,7.30828889987488
2015-08-17,7.321575157140052,7.321575157140052
2015-08-18,7.283463322948777,7.283463322948777
2015-08-19,7.266026287035674,7.266026287035674
2015-08-20,7.2773225374980495,7.2773225374980495
2015-08-21,7.289939994884826,7.289939994884826
2015-08-24,7.287281770547334,7.287281770547334
2015-08-25,7.270009842772877,7.270009842772877
2015-08-26,7.270009842772877,7.270009842772877
2015-08-27,7.270009842772877,7.270009842772877
2015-08-28,7.270009842772877,7.270009842772877
2015-08-31,7.270009842772877,7.270009842772877
2015-09-01,7.2915482342091105,7.2915482342091105
2015-09-02,7.2915482342091105,7.2915482342091105
2015-09-03,7.302264187257307,7.302264187257307
2015-09-04,7.317672001235396,7.317672001235396
2015-09-08,7.317672001235396,7.317672001235396
2015-09-09,7.317672001235396,7.317672001235396
2015-09-10,7.317672001235396,7.317672001235396
2015-09-11,7.317672001235396,7.317672001235396
2015-09-14,7.319688751226715,7.319688751226715
2015-09-15,7.319688751226715,7.319688751226715
2015-09-16,7.319688751226715,7.319688751226715
2015-09-17,7.365558331499154,7.365558331499154
2015-09-18,7.371634653909398,7.371634653909398
2015-09-21,7.371634653909398,7.371634653909398
2015-09-22,7.389221915025901,7.389221915025901
2015-09-23,7.383132216708025,7.383132216708025
2015-09-24,7.392599647200611,7.392599647200611
2015-09-25,7.392599647200611,7.392599647200611
2015-09-28,7.410216832471104,7.410216832471104
2015-09-29,7.421736514950549,7.421736514950549
2015-09-30,7.424447604794748,7.424447604794748
2015-10-01,7.430215493926369,7.430215493926369
2015-10-02,7.452615226433635,7.452615226433635
2015-10-05,7.424784216621044,7.424784216621044
2015-10-06,7.4431159147286365,7.4431159147286365
2015-10-07,7.4376783390731305,7.4376783390731305
2015-10-08,7.427498805548678,7.427498805548678
2015-10-09,7.421395004407453,7.421395004407453
2015-10-12,7.440395727267512,7.440395727267512
2015-10-13,7.4410745494535915,7.4410745494535915
2015-10-14,7.519849636470931,7.519849636470931
2015-10-15,7.497544690387175,7.497544690387175
2015-10-16,7.4900394878436725,7.4900394878436725
2015-10-19,7.497544690387175,7.497544690387175
2015-10-20,7.4825328783824565,7.4825328783824565
2015-10-21,7.50027411075167,7.50027411075167
2015-10-22,7.564310247406528,7.564310247406528
2015-10-23,7.599233770507802,7.599233770507802
2015-10-26,7.591627614949269,7.591627614949269
2015-10-27,7.589823534892237,7.589823534892237
2015-10-28,7.6216008618536835,7.6216008618536835
2015-10-29,7.603070953373418,7.603070953373418
2015-10-30,7.596788813462189,7.596788813462189
2015-11-02,7.6342511525492185,7.6342511525492185
2015-11-03,7.65638538954803,7.65638538954803
2015-11-04,7.633161717071469,7.633161717071469
2015-11-05,7.625542275370509,7.625542275370509
2015-11-06,7.621550541497518,7.621550541497518
2015-11-09,7.550432008524022,7.550432008524022
2015-11-10,7.567847780888458,7.567847780888458
2015-11-11,7.538091459531372,7.538091459531372
2015-11-12,7.538091459531372,7.538091459531372
2015-11-13,7.538091459531372,7.538091459531372
2015-11-16,7.6527227537763745,7.6527227537763745
2015-11-17,7.6471397924644995,7.6471397924644995
2015-11-18,7.768468742930715,7.768468742930715
2015-11-19,7.761771086709502,7.761771086709502
2015-11-20,7.790055199485039,7.790055199485039
2015-11-23,7.781122732436474,7.781122732436474
2015-11-24,7.789915343243192,7.789915343243192
2015-11-25,7.791146585706453,7.791146585706453
2015-11-27,7.794539416233253,7.794539416233253
2015-11-30,7.779791791163965,7.779791791163965
2015-12-01,7.830516083059824,7.830516083059824
2015-12-02,7.785884668632855,7.785884668632855
2015-12-03,7.676858906430053,7.676858906430053
2015-12-04,7.826579326337971,7.826579326337971
2015-12-07,7.808657429947282,7.808657429947282
2015-12-08,7.783861903274002,7.783861903274002
2015-12-09,7.753584112843581,7.753584112843581
2015-12-10,7.762877870011792,7.762877870011792
2015-12-11,7.782208064756183,7.782208064756183
2015-12-14,7.782208064756183,7.782208064756183
2015-12-15,7.782208064756183,7.782208064756183
2015-12-16,7.896079217095833,7.896079217095833
2015-12-17,7.896079217095833,7.896079217095833
2015-12-18,7.912870369754267,7.912870369754267
2015-12-21,7.912870369754267,7.912870369754267
2015-12-22,7.912870369754267,7.912870369754267
2015-12-23,8.01085657189174,8.01085657189174
2015-12-24,7.997636915058082,7.997636915058082
2015-12-28,7.979362062577268,7.979362062577268
2015-12-29,8.06451568258607,8.06451568258607
2015-12-30,8.007356712786448,8.007356712786448
2015-12-31,8.007356712786448,8.007356712786448
2016-01-04,8.007356712786448,8.007356712786448
2016-01-05,8.007356712786448,8.007356712786448
2016-01-06,8.037746700609038,8.037746700609038
2016-01-07,8.037005573902865,8.037005573902865
2016-01-08,8.054798683442245,8.054798683442245
2016-01-11,8.031819204107471,8.031819204107471
2016-01-12,8.049609279351229,8.049609279351229
2016-01-13,8.06813972272725,8.06813972272725
2016-01-14,8.065176733050373,8.065176733050373
2016-01-15,8.074812138804518,8.074812138804518
2016-01-19,8.066657469314906,8.066657469314906
2016-01-20,8.073332919687799,8.073332919687799
2016-01-21,8.06221146765178,8.06221146765178
2016-01-22,8.068139722727253,8.068139722727253
2016-01-25,8.063694479638032,8.063694479638032
2016-01-26,8.074074046393973,8.074074046393973
2016-01-27,8.075554782658504,8.075554782658504
2016-01-28,8.082224923014055,8.082224923014055
2016-01-29,8.105944770481095,8.105944770481095
2016-02-01,8.096143237041534,8.096143237041534
2016-02-02,8.120652759944731,8.120652759944731
2016-02-03,8.163855798574458,8.163855798574458
2016-02-04,8.217284126145996,8.217284126145996
2016-02-05,8.278556037186528,8.278556037186528
2016-02-08,8.35010957823048,8.35010957823048
2016-02-09,8.34055934175852,8.34055934175852
2016-02-10,8.383128616892188,8.383128616892188
2016-02-11,8.554249980334928,8.554249980334928
2016-02-12,8.517445938351587,8.517445938351587
2016-02-16,8.377798416164532,8.377798416164532
2016-02-17,8.401417296647637,8.401417296647637
2016-02-18,8.516300477326054,8.516300477326054
2016-02-19,8.491520259848182,8.491520259848182
2016-02-22,8.417208260154197,8.417208260154197
2016-02-23,8.48101728540935,8.48101728540935
2016-02-24,8.496671196102481,8.496671196102481
2016-02-25,8.518694757583695,8.518694757583695
2016-02-26,8.481704884147566,8.481704884147566
2016-02-29,8.542122904466288,8.542122904466288
2016-03-01,8.498012711706316,8.498012711706316
2016-03-02,8.526190895452075,8.526190895452075
2016-03-03,8.604895457771002,8.604895457771002
2016-03-04,8.591447297469692,8.591447297469692
2016-03-07,8.6116497013782,8.6116497013782
2016-03-08,8.602375927336773,8.602375927336773
2016-03-09,8.564744479291246,8.564744479291246
2016-03-10,8.635455961558538,8.635455961558538
2016-03-11,8.627142507340226,8.627142507340226
2016-03-14,8.587943978821766,8.587943978821766
2016-03-15,8.582850586743225,8.582850586743225
2016-03-16,8.67548619162246,8.67548619162246
2016-03-17,8.733317552887982,8.733317552887982
2016-03-18,8.74929546713182,8.74929546713182
2016-03-21,8.736796745422485,8.736796745422485
2016-03-22,8.735532627611184,8.735532627611184
2016-03-23,8.656783508492216,8.656783508492216
2016-03-24,8.648838567782544,8.648838567782544
2016-03-28,8.659327284960487,8.659327284960487
2016-03-29,8.75569219946714,8.75569219946714
2016-03-30,8.756486668769892,8.756486668769892
2016-03-31,8.766288400677151,8.766288400677151
2016-04-01,8.75965045637854,8.75965045637854
2016-04-04,8.713838467308333,8.713838467308333
2016-04-05,8.726527613505361,8.726527613505361
2016-04-06,8.762988381250842,8.762988381250842
2016-04-07,8.776082405615378,8.776082405615378
2016-04-08,8.776632996457053,8.776632996457053
2016-04-11,8.830974703106294,8.830974703106294
2016-04-12,8.882276023309956,8.882276023309956
2016-04-13,8.921489363282586,8.921489363282586
2016-04-14,8.875747600977256,8.875747600977256
2016-04-15,8.882093540223037,8.882093540223037
2016-04-18,8.915163031409687,8.915163031409687
2016-04-19,9.006630179486347,9.006630179486347
2016-04-20,8.988105782380842,8.988105782380842
2016-04-21,8.95406545936048,8.95406545936048
2016-04-22,8.921364781684447,8.921364781684447
2016-04-25,8.901144347789403,8.901144347789403
2016-04-26,8.935563325046669,8.935563325046669
2016-04-27,8.96172618820921,8.96172618820921
2016-04-28,8.940006299804162,8.940006299804162
2016-04-29,8.961518823149174,8.961518823149174
2016-05-02,8.980789318135106,8.980789318135106
2016-05-03,8.896713321629697,8.896713321629697
2016-05-04,8.863420005212872,8.863420005212872
2016-05-05,8.866921726960383,8.866921726960383
2016-05-06,8.900092690103676,8.900092690103676
2016-05-09,8.84348088568184,8.84348088568184
2016-05-10,8.920307898816604,8.920307898816604
2016-05-11,8.915058951116217,8.915058951116217
2016-05-12,8.889886095622828,8.889886095622828
2016-05-13,8.88312248372231,8.88312248372231
2016-05-16,8.909461776361931,8.909461776361931
2016-05-17,8.887970707530261,8.887970707530261
2016-05-18,8.82515492024524,8.82515492024524
2016-05-19,8.811195707543826,8.811195707543826
2016-05-20,8.82769157943507,8.82769157943507
2016-05-23,8.814790685522825,8.814790685522825
2016-05-24,8.835966515194977,8.835966515194977
2016-05-25,8.883274363219327,8.883274363219327
2016-05-26,8.897187376745695,8.897187376745695
2016-05-27,8.887508121855069,8.887508121855069
2016-05-31,8.885678538330554,8.885678538330554
2016-06-01,8.883891986769802,8.883891986769802
2016-06-02,8.904159676781315,8.904159676781315
2016-06-03,8.996731263503873,8.996731263503873
2016-06-06,9.033302219383016,9.033302219383016
2016-06-07,9.065743523325066,9.065743523325066
2016-06-08,9.115941226992863,9.115941226992863
2016-06-09,9.081601559321841,9.081601559321841
2016-06-10,9.014896975997365,9.014896975997365
2016-06-13,8.98440687015262,8.98440687015262
2016-06-14,8.973889257384666,8.973889257384666
2016-06-15,9.016048369279064,9.016048369279064
2016-06-16,8.992371105750257,8.992371105750257
2016-06-17,9.017329644849374,9.017329644849374
2016-06-20,9.089877702240274,9.089877702240274
2016-06-21,9.087490988029659,9.087490988029659
2016-06-22,9.090075786523885,9.090075786523885
2016-06-23,9.192983328772737,9.192983328772737
2016-06-24,9.096041642567734,9.096041642567734
2016-06-27,9.138880698678,9.138880698678
2016-06-28,9.2257503157411,9.2257503157411
2016-06-29,9.331343878884178,9.331343878884178
2016-06-30,9.402944500006935,9.402944500006935
2016-07-01,9.471578527036609,9.471578527036609
2016-07-05,9.42988594575785,9.42988594575785
2016-07-06,9.455998903148492,9.455998903148492
2016-07-07,9.437683114786408,9.437683114786408
2016-07-08,9.541552987251237,9.541552987251237
2016-07-11,9.543982313345179,9.543982313345179
2016-07-12,9.573238450174708,9.573238450174708
2016-07-13,9.588035751254894,9.588035751254894
2016-07-14,9.626538863581908,9.626538863581908
2016-07-15,9.595481607317685,9.595481607317685
2016-07-18,9.625929109880683,9.625929109880683
2016-07-19,9.59553802063405,9.59553802063405
2016-07-20,9.601334831059818,9.601334831059818
2016-07-21,9.611416715603642,9.611416715603642
2016-07-22,9.6237447685548,9.6237447685548
2016-07-25,9.581263226954725,9.581263226954725
2016-07-26,9.613382314714935,9.613382314714935
2016-07-27,9.661449993438788,9.661449993438788
2016-07-28,9.656443001112551,9.656443001112551
2016-07-29,9.71775222362417,9.71775222362417
2016-08-01,9.6987439466699,9.6987439466699
2016-08-02,9.67267964715974,9.67267964715974
2016-08-03,9.670920689700083,9.670920689700083
2016-08-04,9.70178699534653,9.70178699534653
2016-08-05,9.707729139376333,9.707729139376333
2016-08-08,9.723928116467272,9.723928116467272
2016-08-09,9.766686901083522,9.766686901083522
2016-08-10,9.780491946621382,9.780491946621382
2016-08-11,9.810133832468377,9.810133832468377
2016-08-12,9.796699295518474,9.796699295518474
2016-08-15,9.833687799931857,9.833687799931857
2016-08-16,9.82018606769019,9.82018606769019
2016-08-17,9.814839768188179,9.814839768188179
2016-08-18,9.859687863322025,9.859687863322025
2016-08-19,9.809418526840126,9.809418526840126
2016-08-22,9.78529328611966,9.78529328611966
2016-08-23,9.789850603122915,9.789850603122915
2016-08-24,9.758038891643096,9.758038891643096
2016-08-25,9.746553334386478,9.746553334386478
2016-08-26,9.708543567779396,9.708543567779396
2016-08-29,9.748090654206365,9.748090654206365
2016-08-30,9.716306466348106,9.716306466348106
2016-08-31,9.68099208448834,9.68099208448834
2016-09-01,9.718798843507868,9.718798843507868
2016-09-02,9.799006789322949,9.799006789322949
2016-09-06,9.897354713573511,9.897354713573511
2016-09-07,9.8862369391175,9.8862369391175
2016-09-08,9.853587251663088,9.853587251663088
2016-09-09,9.680140749217879,9.680140749217879
2016-09-12,9.73609572707261,9.73609572707261
2016-09-13,9.601519952734275,9.601519952734275
2016-09-14,9.612982378473237,9.612982378473237
2016-09-15,9.67069119440188,9.67069119440188
2016-09-16,9.621754595241354,9.621754595241354
2016-09-19,9.649894514767785,9.649894514767785
2016-09-20,9.665262522331384,9.665262522331384
2016-09-21,9.808032677247727,9.808032677247727
2016-09-22,9.862933472105457,9.862933472105457
2016-09-23,9.810973208827036,9.810973208827036
2016-09-26,9.749096645150617,9.749096645150617
2016-09-27,9.786582624790965,9.786582624790965
2016-09-28,9.82226332727773,9.82226332727773
2016-09-29,9.743522251525539,9.743522251525539
2016-09-30,9.773145257132299,9.773145257132299
2016-10-03,9.76953663678404,9.76953663678404
2016-10-04,9.663035973639651,9.663035973639651
2016-10-05,9.701812024828723,9.701812024828723
2016-10-06,9.692311771942354,9.692311771942354
2016-10-07,9.661209806514464,9.661209806514464
2016-10-10,9.70381203622113,9.70381203622113
2016-10-11,9.57917067055315,9.57917067055315
2016-10-12,9.573292777144855,9.573292777144855
2016-10-13,9.538521290349877,9.538521290349877
2016-10-14,9.543718133055455,9.543718133055455
2016-10-17,9.529884562401394,9.529884562401394
2016-10-18,9.61429968274042,9.61429968274042
2016-10-19,9.64857343464345,9.64857343464345
2016-10-20,9.635741376784553,9.635741376784553
2016-10-21,9.634477345619098,9.634477345619098
2016-10-24,9.65089421375892,9.65089421375892
2016-10-25,9.659714404281305,9.659714404281305
2016-10-26,9.613754653075576,9.613754653075576
2016-10-27,9.577834668292185,9.577834668292185
2016-10-28,9.572784779848245,9.572784779848245
2016-10-31,9.592835372470976,9.592835372470976
2016-11-01,9.56653562428408,9.56653562428408
2016-11-02,9.535634246610076,9.535634246610076
2016-11-03,9.527270535241469,9.527270535241469
2016-11-04,9.507029213310279,9.507029213310279
2016-11-07,9.607519838196533,9.607519838196533
2016-11-08,9.636630965507935,9.636630965507935
2016-11-09,9.568892337779916,9.568892337779916
2016-11-10,9.477356102153445,9.477356102153445
2016-11-11,9.390714760448299,9.390714760448299
2016-11-14,9.368887241171274,9.368887241171274
2016-11-15,9.469839120947158,9.469839120947158
2016-11-16,9.421701629503023,9.421701629503023
2016-11-17,9.466319027471606,9.466319027471606
2016-11-18,9.445133203282076,9.445133203282076
2016-11-21,9.527218383900298,9.527218383900298
2016-11-22,9.589451341892005,9.589451341892005
2016-11-23,9.540677206206972,9.540677206206972
2016-11-25,9.581518928738904,9.581518928738904
2016-11-28,9.578053532449823,9.578053532449823
2016-11-29,9.59415945561587,9.59415945561587
2016-11-30,9.590773250922423,9.590773250922423
2016-12-01,9.516413055452668,9.516413055452668
2016-12-02,9.52422128525722,9.52422128525722
2016-12-05,9.600861979673292,9.600861979673292
2016-12-06,9.649963199928628,9.649963199928628
2016-12-07,9.794230016576181,9.794230016576181
2016-12-08,9.813865176514131,9.813865176514131
2016-12-09,9.830517528935367,9.830517528935367
2016-12-12,9.790503553056492,9.790503553056492
2016-12-13,9.883784153017658,9.883784153017658
2016-12-14,9.710144479648664,9.710144479648664
2016-12-15,9.721754185732484,9.721754185732484
2016-12-16,9.702961810696124,9.702961810696124
2016-12-19,9.706014790322849,9.706014790322849
2016-12-20,9.741458856318108,9.741458856318108
2016-12-21,9.729256194441614,9.729256194441614
2016-12-22,9.709884769952568,9.709884769952568
2016-12-23,9.729652730581604,9.729652730581604
2016-12-27,9.735818605290369,9.735818605290369
2016-12-28,9.676997868265152,9.676997868265152
2016-12-29,9.737149818115833,9.737149818115833
2016-12-30,9.713557708784297,9.713557708784297
2017-01-03,9.7973612725504,9.7973612725504
2017-01-04,9.878783646431557,9.878783646431557
2017-01-05,9.940165203797884,9.940165203797884
2017-01-06,9.927064641619257,9.927064641619257
2017-01-09,9.908334477927221,9.908334477927221
2017-01-10,9.928209026190219,9.928209026190219
2017-01-11,9.994356853023547,9.994356853023547
2017-01-12,10.005637567066097,10.005637567066097
2017-01-13,10.02292817368776,10.02292817368776
2017-01-17,9.996999289935742,9.996999289935742
2017-01-18,9.976642153471497,9.976642153471497
2017-01-19,9.945862594396557,9.945862594396557
2017-01-20,9.98351492593585,9.98351492593585
2017-01-23,10.032604801352468,10.032604801352468
2017-01-24,10.083282359227672,10.083282359227672
2017-01-25,10.184339014441909,10.184339014441909
2017-01-26,10.152834999280755,10.152834999280755
2017-01-27,10.144601409414362,10.144601409414362
2017-01-30,10.08133465142299,10.08133465142299
2017-01-31,10.092430316364638,10.092430316364638
2017-02-01,10.109102013054928,10.109102013054928
2017-02-02,10.127443211310407,10.127443211310407
2017-02-03,10.184931265547677,10.184931265547677
2017-02-06,10.146494294546718,10.146494294546718
2017-02-07,10.126180140260718,10.126180140260718
2017-02-08,10.156981247188101,10.156981247188101
2017-02-09,10.20650048802195,10.20650048802195
2017-02-10,10.259306914372226,10.259306914372226
2017-02-13,10.302303341241798,10.302303341241798
2017-02-14,10.314487887526594,10.314487887526594
2017-02-15,10.37332373266343,10.37332373266343
2017-02-16,10.36586731352618,10.36586731352618
2017-02-17,10.3478588401801,10.3478588401801
2017-02-21,10.417538224000653,10.417538224000653
2017-02-22,10.425189250170485,10.425189250170485
2017-02-23,10.435879218999164,10.435879218999164
2017-02-24,10.37403784496171,10.37403784496171
2017-02-27,10.37095081146447,10.37095081146447
2017-02-28,10.32312546939034,10.32312546939034
2017-03-01,10.460661869694237,10.460661869694237
2017-03-02,10.354367172274422,10.354367172274422
2017-03-03,10.40346306917287,10.40346306917287
2017-03-06,10.384138291741642,10.384138291741642
2017-03-07,10.365454879274564,10.365454879274564
2017-03-08,10.313965273416018,10.313965273416018
2017-03-09,10.304213611373005,10.304213611373005
2017-03-10,10.383561875406134,10.383561875406134
2017-03-13,10.451713538089797,10.451713538089797
2017-03-14,10.391813501760895,10.391813501760895
2017-03-15,10.561667585849232,10.561667585849232
2017-03-16,10.593331323213137,10.593331323213137
2017-03-17,10.589984212570887,10.589984212570887
2017-03-20,10.619856870594647,10.619856870594647
2017-03-21,10.519456828021289,10.519456828021289
2017-03-22,10.545137156944795,10.545137156944795
2017-03-23,10.55023107618256,10.55023107618256
2017-03-24,10.566179107073015,10.566179107073015
2017-03-27,10.561901617064397,10.561901617064397
2017-03-28,10.61422949305288,10.61422949305288
2017-03-29,10.623758356604565,10.623758356604565
2017-03-30,10.603939469313072,10.603939469313072
2017-03-31,10.565664974274602,10.565664974274602
2017-04-03,10.574122839968899,10.574122839968899
2017-04-04,10.577014680371757,10.577014680371757
2017-04-05,10.537147317863813,10.537147317863813
2017-04-06,10.54136702586059,10.54136702586059
2017-04-07,10.529275013887446,10.529275013887446
2017-04-10,10.513127060356897,10.513127060356897
2017-04-11,10.554371922043815,10.554371922043815
2017-04-12,10.57278319036521,10.57278319036521
2017-04-13,10.549024916729104,10.549024916729104
2017-04-17,10.595481940861882,10.595481940861882
2017-04-18,10.571385679989747,10.571385679989747
2017-04-19,10.523895021517273,10.523895021517273
2017-04-20,10.584551409246505,10.584551409246505
2017-04-21,10.585829494429458,10.585829494429458
2017-04-24,10.67546072523229,10.67546072523229
2017-04-25,10.706309235568721,10.706309235568721
2017-04-26,10.7042109801679,10.7042109801679
2017-04-27,10.699339552649962,10.699339552649962
2017-04-28,10.70602186758967,10.70602186758967
2017-05-01,10.707416938350535,10.707416938350535
2017-05-02,10.73726652001146,10.73726652001146
2017-05-03,10.70801509560553,10.70801509560553
2017-05-04,10.704470379876517,10.704470379876517
2017-05-05,10.76735355594874,10.76735355594874
2017-05-08,10.739050585188684,10.739050585188684
2017-05-09,10.772402360895093,10.772402360895093
2017-05-10,10.808207751777994,10.808207751777994
2017-05-11,10.799900342358434,10.799900342358434
2017-05-12,10.831503292610583,10.831503292610583
2017-05-15,10.886755018403461,10.886755018403461
2017-05-16,10.907810990510352,10.907810990510352
2017-05-17,10.858033711106454,10.858033711106454
2017-05-18,10.827004557411676,10.827004557411676
2017-05-19,10.923245322207851,10.923245322207851
2017-05-22,10.946856475085166,10.946856475085166
2017-05-23,10.936080911492025,10.936080911492025
2017-05-24,10.963425681196421,10.963425681196421
2017-05-25,10.983120090293967,10.983120090293967
2017-05-26,11.002971414717836,11.002971414717836
2017-05-30,10.984050553488043,10.984050553488043
2017-05-31,10.980217206255194,10.980217206255194
2017-06-01,11.031448523469408,11.031448523469408
2017-06-02,11.097686155621982,11.097686155621982
2017-06-05,11.079929688524816,11.079929688524816
2017-06-06,11.09699559909785,11.09699559909785
2017-06-07,11.084764850380074,11.084764850380074
2017-06-08,11.078459026972675,11.078459026972675
2017-06-09,11.02782857556627,11.02782857556627
2017-06-12,11.004104838613651,11.004104838613651
2017-06-13,11.045287068568829,11.045287068568829
2017-06-14,11.035252648009148,11.035252648009148
2017-06-15,10.974671483742464,10.974671483742464
2017-06-16,10.999323928003891,10.999323928003891
2017-06-19,11.028690178413305,11.028690178413305
2017-06-20,10.961697822417246,10.961697822417246
2017-06-21,10.96998139129169,10.96998139129169
2017-06-22,10.988270361276147,10.988270361276147
2017-06-23,11.017844502737635,11.017844502737635
2017-06-26,11.026514234257556,11.026514234257556
2017-06-27,10.984396899449004,10.984396899449004
2017-06-28,11.042694299400901,11.042694299400901
2017-06-29,10.958426536511615,10.958426536511615
2017-06-30,10.965610633905344,10.965610633905344
2017-07-03,10.977898891286399,10.977898891286399
2017-07-05,10.9804802156985,10.9804802156985
2017-07-06,10.90483762118855,10.90483762118855
2017-07-07,10.92724868910108,10.92724868910108
2017-07-10,10.964081745940605,10.964081745940605
2017-07-11,10.993332639483308,10.993332639483308
2017-07-12,11.097419398334448,11.097419398334448
2017-07-13,11.12071827697313,11.12071827697313
2017-07-14,11.190915089218763,11.190915089218763
2017-07-17,11.17347972006443,11.17347972006443
2017-07-18,11.204139424143376,11.204139424143376
2017-07-19,11.244733038957488,11.244733038957488
2017-07-20,11.255949747381615,11.255949747381615
2017-07-21,11.266956524016544,11.266956524016544
2017-07-24,11.265923455955596,11.265923455955596
2017-07-25,11.253424734374082,11.253424734374082
2017-07-26,11.308451615880736,11.308451615880736
2017-07-27,11.283943278826271,11.283943278826271
2017-07-28,11.304121653020525,11.304121653020525
2017-07-31,11.310256971644245,11.310256971644245
2017-08-01,11.338847241009107,11.338847241009107
2017-08-02,11.336668723385774,11.336668723385774
2017-08-03,11.332463405054924,11.332463405054924
2017-08-04,11.326523467824122,11.326523467824122
2017-08-07,11.344346198382883,11.344346198382883
2017-08-08,11.331748837587133,11.331748837587133
2017-08-09,11.336947046633801,11.336947046633801
2017-08-10,11.23813527506703,11.23813527506703
2017-08-11,11.255131758002273,11.255131758002273
2017-08-14,11.29993192038269,11.29993192038269
2017-08-15,11.279844590101538,11.279844590101538
2017-08-16,11.340791355459377,11.340791355459377
2017-08-17,11.265829484760054,11.265829484760054
2017-08-18,11.282777488855967,11.282777488855967
2017-08-21,11.302259936543692,11.302259936543692
2017-08-22,11.349918036603892,11.349918036603892
2017-08-23,11.366581846214748,11.366581846214748
2017-08-24,11.35337247980637,11.35337247980637
2017-08-25,11.395589130516763,11.395589130516763
2017-08-28,11.424602860539549,11.424602860539549
2017-08-29,11.412263951464773,11.412263951464773
2017-08-30,11.422047898684298,11.422047898684298
2017-08-31,11.486837539274212,11.486837539274212
2017-09-01,11.509259236093772,11.509259236093772
2017-09-05,11.482175249897246,11.482175249897246
2017-09-06,11.50490130839838,11.50490130839838
2017-09-07,11.57003404786021,11.57003404786021
2017-09-08,11.546688559599241,11.546688559599241
2017-09-11,11.581920817346493,11.581920817346493
2017-09-12,11.597757351431545,11.597757351431545
2017-09-13,11.554314600362847,11.554314600362847
2017-09-14,11.57517705881408,11.57517705881408
2017-09-15,11.582144470545767,11.582144470545767
2017-09-18,11.575621348991127,11.575621348991127
2017-09-19,11.597445436449982,11.597445436449982
2017-09-20,11.562061596460197,11.562061596460197
2017-09-21,11.533121340647005,11.533121340647005
2017-09-22,11.539761018706441,11.539761018706441
2017-09-25,11.512345873836797,11.512345873836797
2017-09-26,11.475922381591703,11.475922381591703
2017-09-27,11.449999041954571,11.449999041954571
2017-09-28,11.461795323961676,11.461795323961676
2017-09-29,11.496012368274073,11.496012368274073
2017-10-02,11.490578013566076,11.490578013566076
2017-10-03,11.542658212062156,11.542658212062156
2017-10-04,11.546381931196319,11.546381931196319
2017-10-05,11.562523862055889,11.562523862055889
2017-10-06,11.55415937416804,11.55415937416804
2017-10-09,11.571564795111057,11.571564795111057
2017-10-10,11.628764747259764,11.628764747259764
2017-10-11,11.656579385235593,11.656579385235593
2017-10-12,11.654746234480992,11.654746234480992
2017-10-13,11.714263747705818,11.714263747705818
2017-10-16,11.695769306477521,11.695769306477521
2017-10-17,11.662490574563144,11.662490574563144
2017-10-18,11.66463207843289,11.66463207843289
2017-10-19,11.656520524863167,11.656520524863167
2017-10-20,11.652464254232331,11.652464254232331
2017-10-23,11.625919450340707,11.625919450340707
2017-10-24,11.619842619322164,11.619842619322164
2017-10-25,11.593111735817418,11.593111735817418
2017-10-26,11.558036687891907,11.558036687891907
2017-10-27,11.631881079013654,11.631881079013654
2017-10-30,11.624787666039246,11.624787666039246
2017-10-31,11.649623571696019,11.649623571696019
2017-11-01,11.676648011943238,11.676648011943238
2017-11-02,11.690428089618212,11.690428089618212
2017-11-03,11.673650630964552,11.673650630964552
2017-11-06,11.728878233940403,11.728878233940403
2017-11-07,11.695660496955018,11.695660496955018
2017-11-08,11.725028618593623,11.725028618593623
2017-11-09,11.69648782259551,11.69648782259551
2017-11-10,11.650740056686205,11.650740056686205
2017-11-13,11.641581498563733,11.641581498563733
2017-11-14,11.626008527107572,11.626008527107572
2017-11-15,11.592683549610806,11.592683549610806
2017-11-16,11.676504304448262,11.676504304448262
2017-11-17,11.703379914602728,11.703379914602728
2017-11-20,11.693651945024918,11.693651945024918
2017-11-21,11.764082571948261,11.764082571948261
2017-11-22,11.800122050077801,11.800122050077801
2017-11-24,11.81352015711376,11.81352015711376
2017-11-27,11.773418052598847,11.773418052598847
2017-11-28,11.82792463087511,11.82792463087511
2017-11-29,11.7589407029769,11.7589407029769
2017-11-30,11.734159854868832,11.734159854868832
2017-12-01,11.722881374115127,11.722881374115127
2017-12-04,11.708133034864789,11.708133034864789
2017-12-05,11.692333252979575,11.692333252979575
2017-12-06,11.650453208831339,11.650453208831339
2017-12-07,11.671839034175832,11.671839034175832
2017-12-08,11.736280209448237,11.736280209448237
2017-12-11,11.76629547643266,11.76629547643266
2017-12-12,11.754170354060847,11.754170354060847
2017-12-13,11.808749480689611,11.808749480689611
2017-12-14,11.759508012937912,11.759508012937912
2017-12-15,11.790338079084655,11.790338079084655
2017-12-18,11.87341947930817,11.87341947930817
2017-12-19,11.826759397633092,11.826759397633092
2017-12-20,11.81722455038369,11.81722455038369
2017-12-21,11.855864396628014,11.855864396628014
2017-12-22,11.89490996880376,11.89490996880376
2017-12-26,11.9076311882386,11.9076311882386
2017-12-27,11.93578804762099,11.93578804762099
2017-12-28,11.968817995736082,11.968817995736082
2017-12-29,11.990723667936198,11.990723667936198
2018-01-02,12.096502568472518,12.096502568472518
2018-01-03,12.140439330240818,12.140439330240818
2018-01-04,12.200202791802319,12.200202791802319
2018-01-05,12.246973113063408,12.246973113063408
2018-01-08,12.249712217692048,12.249712217692048
2018-01-09,12.235894272461547,12.235894272461547
2018-01-10,12.217838618724285,12.217838618724285
2018-01-11,12.27674888183426,12.27674888183426
2018-01-12,12.370220906529152,12.370220906529152
2018-01-16,12.35468837494789,12.35468837494789
2018-01-17,12.400853100276658,12.400853100276658
2018-01-18,12.38870250322212,12.38870250322212
2018-01-19,12.459181096118238,12.459181096118238
2018-01-22,12.524049385486535,12.524049385486535
2018-01-23,12.571168083798675,12.571168083798675
2018-01-24,12.640199856754556,12.640199856754556
2018-01-25,12.606360953098035,12.606360953098035
2018-01-26,12.716757941042282,12.716757941042282
2018-01-29,12.600430738941435,12.600430738941435
2018-01-30,12.48532829996466,12.48532829996466
2018-01-31,12.530727816838457,12.530727816838457
2018-02-01,12.50402975276315,12.50402975276315
2018-02-02,12.251541090126539,12.251541090126539
2018-02-05,11.895453894355231,11.895453894355231
2018-02-06,12.078205971279683,12.078205971279683
2018-02-07,11.920512435755318,11.920512435755318
2018-02-08,11.63224263665874,11.63224263665874
2018-02-09,11.72984908881955,11.72984908881955
2018-02-12,11.878020053219918,11.878020053219918
2018-02-13,11.915941224726001,11.915941224726001
2018-02-14,12.134336412585439,12.134336412585439
2018-02-15,12.257775356317312,12.257775356317312
2018-02-16,12.252573602199327,12.252573602199327
2018-02-20,12.121440441080553,12.121440441080553
2018-02-21,12.075400203755132,12.075400203755132
2018-02-22,12.112406445659188,12.112406445659188
2018-02-23,12.234725193903364,12.234725193903364
2018-02-26,12.334784768906692,12.334784768906692
2018-02-27,12.128547968184208,12.128547968184208
2018-02-28,12.02247864546444,12.02247864546444
2018-03-01,11.915937948742487,11.915937948742487
2018-03-02,11.97395705373552,11.97395705373552
2018-03-05,12.023851370415228,12.023851370415228
2018-03-06,12.109611570476817,12.109611570476817
2018-03-07,12.091370865427626,12.091370865427626
2018-03-08,12.105865872311806,12.105865872311806
2018-03-09,12.245411338281384,12.245411338281384
2018-03-12,12.252414681795104,12.252414681795104
2018-03-13,12.190516956624345,12.190516956624345
2018-03-14,12.185234145473467,12.185234145473467
2018-03-15,12.149721634179782,12.149721634179782
2018-03-16,12.136792296775258,12.136792296775258
2018-03-19,12.045093559559934,12.045093559559934
2018-03-20,12.069680836948827,12.069680836948827
2018-03-21,12.139090908531932,12.139090908531932
2018-03-22,11.893734809390653,11.893734809390653
2018-03-23,11.780175223739436,11.780175223739436
2018-03-26,12.024563166061725,12.024563166061725
2018-03-27,11.878096862747245,11.878096862747245
2018-03-28,11.830636008474093,11.830636008474093
2018-03-29,11.958741697612016,11.958741697612016
2018-04-02,11.83408630654449,11.83408630654449
2018-04-03,11.897958642501166,11.897958642501166
2018-04-04,11.944881638818481,11.944881638818481
2018-04-05,11.980371193217485,11.980371193217485
2018-04-06,11.849320087089543,11.849320087089543
2018-04-09,11.901474134796937,11.901474134796937
2018-04-10,12.045794656440929,12.045794656440929
2018-04-11,12.043217889964925,12.043217889964925
2018-04-12,12.043254760426661,12.043254760426661
2018-04-13,12.027064825807077,12.027064825807077
2018-04-16,12.064496314196015,12.064496314196015
2018-04-17,12.119546026276778,12.119546026276778
2018-04-18,12.165928006748763,12.165928006748763
2018-04-19,12.113945731262385,12.113945731262385
2018-04-20,12.01581217420117,12.01581217420117
2018-04-23,11.963444102418931,11.963444102418931
2018-04-24,11.911428792269628,11.911428792269628
2018-04-25,11.871413733692341,11.871413733692341
2018-04-26,11.948842362404008,11.948842362404008
2018-04-27,11.985706705741546,11.985706705741546
2018-04-30,11.909669330825773,11.909669330825773
2018-05-01,11.868811094869557,11.868811094869557
2018-05-02,11.826421034596832,11.826421034596832
2018-05-03,11.850127650876695,11.850127650876695
2018-05-04,11.918617521329669,11.918617521329669
2018-05-07,11.933576962956472,11.933576962956472
2018-05-08,11.934776013901036,11.934776013901036
2018-05-09,11.970323196302981,11.970323196302981
2018-05-10,12.100532346484158,12.100532346484158
2018-05-11,12.108346513396768,12.108346513396768
2018-05-14,12.106752505073942,12.106752505073942
2018-05-15,12.021283346928202,12.021283346928202
2018-05-16,12.104096619078462,12.104096619078462
2018-05-17,12.108294045128881,12.108294045128881
2018-05-18,12.071172198986353,12.071172198986353
2018-05-21,12.15462962919302,12.15462962919302
2018-05-22,12.130115215959291,12.130115215959291
2018-05-23,12.07996381226432,12.07996381226432
2018-05-24,12.048850017704728,12.048850017704728
2018-05-25,11.995288196384172,11.995288196384172
2018-05-29,11.857325449432325,11.857325449432325
2018-05-30,12.026938549476851,12.026938549476851
2018-05-31,11.953262796138183,11.953262796138183
2018-06-01,12.063609399047863,12.063609399047863
2018-06-04,12.135571218732487,12.135571218732487
2018-06-05,12.130478151964493,12.130478151964493
2018-06-06,12.261573304150717,12.261573304150717
2018-06-07,12.226236984078053,12.226236984078053
2018-06-08,12.251262456232686,12.251262456232686
2018-06-11,12.298559073660819,12.298559073660819
2018-06-12,12.26745665340816,12.26745665340816
2018-06-13,12.256595807021125,12.256595807021125
2018-06-14,12.25898919649595,12.25898919649595
2018-06-15,12.219804807153427,12.219804807153427
2018-06-18,12.19467020899156,12.19467020899156
2018-06-19,12.147930115430146,12.147930115430146
2018-06-20,12.168658654630788,12.168658654630788
2018-06-21,12.092374864236753,12.092374864236753
2018-06-22,12.114421877445281,12.114421877445281
2018-06-25,11.949510036262916,11.949510036262916
2018-06-26,11.975965388214817,11.975965388214817
2018-06-27,11.876753068849057,11.876753068849057
2018-06-28,11.944657899928421,11.944657899928421
2018-06-29,11.961858096294128,11.961858096294128
2018-07-02,11.98743193248283,11.98743193248283
2018-07-03,11.945100937592168,11.945100937592168
2018-07-05,12.042547185722002,12.042547185722002
2018-07-06,12.14440937186903,12.14440937186903
2018-07-09,12.253757602656801,12.253757602656801
2018-07-10,12.29785238900124,12.29785238900124
2018-07-11,12.207899024858586,12.207899024858586
2018-07-12,12.318577888492356,12.318577888492356
2018-07-13,12.329213017444436,12.329213017444436
2018-07-16,12.318188672385993,12.318188672385993
2018-07-17,12.368020140822301,12.368020140822301
2018-07-18,12.39403823354778,12.39403823354778
2018-07-19,12.37999317506656,12.37999317506656
2018-07-20,12.36584440156197,12.36584440156197
2018-07-23,12.388836158506926,12.388836158506926
2018-07-24,12.451182049252937,12.451182049252937
2018-07-25,12.550608950758933,12.550608950758933
2018-07-26,12.521005862429995,12.521005862429995
2018-07-27,12.490434836513941,12.490434836513941
2018-07-30,12.45690258912227,12.45690258912227
2018-07-31,12.495755535874311,12.495755535874311
2018-08-01,12.474876113578546,12.474876113578546
2018-08-02,12.542843700674931,12.542843700674931
2018-08-03,12.596581650689046,12.596581650689046
2018-08-06,12.642774195747545,12.642774195747545
2018-08-07,12.684526150956444,12.684526150956444
2018-08-08,12.679199127208232,12.679199127208232
2018-08-09,12.661873860863459,12.661873860863459
2018-08-10,12.633192809615323,12.633192809615323
2018-08-13,12.613113900847624,12.613113900847624
2018-08-14,12.647424325787187,12.647424325787187
2018-08-15,12.609132617738055,12.609132617738055
2018-08-16,12.663703182278724,12.663703182278724
2018-08-17,12.689563422267637,12.689563422267637
2018-08-20,12.71565489196746,12.71565489196746
2018-08-21,12.725205473717956,12.725205473717956
2018-08-22,12.726796214801185,12.726796214801185
2018-08-23,12.714771627638292,12.714771627638292
2018-08-24,12.760187089098633,12.760187089098633
2018-08-27,12.802194024238258,12.802194024238258
2018-08-28,12.793275075400846,12.793275075400846
2018-08-29,12.826488858203515,12.826488858203515
2018-08-30,12.803544719645014,12.803544719645014
2018-08-31,12.803163341371501,12.803163341371501
2018-09-04,12.78502134698718,12.78502134698718
2018-09-05,12.764800822724691,12.764800822724691
2018-09-06,12.756427307440754,12.756427307440754
2018-09-07,12.721209467055145,12.721209467055145
2018-09-10,12.738276955119558,12.738276955119558
2018-09-11,12.780276475656548,12.780276475656548
2018-09-12,12.786054588210945,12.786054588210945
2018-09-13,12.828098969352908,12.828098969352908
2018-09-14,12.830305001367364,12.830305001367364
2018-09-17,12.762377155485995,12.762377155485995
2018-09-18,12.831632269422924,12.831632269422924
2018-09-19,12.845304802783366,12.845304802783366
2018-09-20,12.949398802737697,12.949398802737697
2018-09-21,12.937564375997157,12.937564375997157
2018-09-24,12.894588561419198,12.894588561419198
2018-09-25,12.882624904684702,12.882624904684702
2018-09-26,12.844077878017224,12.844077878017224
2018-09-27,12.879962766809228,12.879962766809228
2018-09-28,12.881296116276271,12.881296116276271
2018-10-01,12.926049223359328,12.926049223359328
2018-10-02,12.929650943329621,12.929650943329621
2018-10-03,12.93674798194887,12.93674798194887
2018-10-04,12.835636484913739,12.835636484913739
2018-10-05,12.763797228855985,12.763797228855985
2018-10-08,12.763797228855985,12.763797228855985
2018-10-09,12.745168263312213,12.745168263312213
2018-10-10,12.341617774148407,12.341617774148407
2018-10-11,12.341617774148407,12.341617774148407
2018-10-12,12.513025879784774,12.513025879784774
2018-10-15,12.442736482412466,12.442736482412466
2018-10-16,12.714812074946252,12.714812074946252
2018-10-17,12.717081407233303,12.717081407233303
2018-10-18,12.533429643203517,12.533429643203517
2018-10-19,12.526628648053228,12.526628648053228
2018-10-22,12.470399464059001,12.470399464059001
2018-10-23,12.470399464059001,12.470399464059001
2018-10-24,12.470399464059001,12.470399464059001
2018-10-25,12.470399464059001,12.470399464059001
2018-10-26,12.470399464059001,12.470399464059001
2018-10-29,12.470399464059001,12.470399464059001
2018-10-30,12.470399464059001,12.470399464059001
2018-10-31,12.470399464059001,12.470399464059001
2018-11-01,12.470399464059001,12.470399464059001
2018-11-02,12.470399464059001,12.470399464059001
2018-11-05,12.470399464059001,12.470399464059001
2018-11-06,12.549311471150162,12.549311471150162
2018-11-07,12.817975098291637,12.817975098291637
2018-11-08,12.794712975530077,12.794712975530077
2018-11-09,12.669732183149511,12.669732183149511
2018-11-12,12.669732183149511,12.669732183149511
2018-11-13,12.669732183149511,12.669732183149511
2018-11-14,12.669732183149511,12.669732183149511
2018-11-15,12.669732183149511,12.669732183149511
2018-11-16,12.69034993331878,12.69034993331878
2018-11-19,12.689136377347234,12.689136377347234
2018-11-20,12.684286772132689,12.684286772132689
2018-11-21,12.692778199929776,12.692778199929776
2018-11-23,12.689136377347234,12.689136377347234
2018-11-26,12.68671272940787,12.68671272940787
2018-11-27,12.69034993331878,12.69034993331878
2018-11-28,12.848575098361696,12.848575098361696
2018-11-29,12.854704481264852,12.854704481264852
2018-11-30,12.892038528475654,12.892038528475654
2018-12-03,12.987930663726116,12.987930663726116
2018-12-04,13.022626907242683,13.022626907242683
2018-12-06,13.054846024992068,13.054846024992068
2018-12-07,13.072201210797218,13.072201210797218
2018-12-10,13.080874683005788,13.080874683005788
2018-12-11,13.084591548997707,13.084591548997707
2018-12-12,13.074673627199827,13.074673627199827
2018-12-13,13.078398734579753,13.078398734579753
2018-12-14,13.08211560057167,13.08211560057167
2018-12-17,13.104421505887752,13.104421505887752
2018-12-18,13.142914674594035,13.142914674594035
2018-12-19,13.155340333028844,13.155340333028844
2018-12-20,13.250511876728801,13.250511876728801
2018-12-21,13.244255306772109,13.244255306772109
2018-12-24,13.321148196026993,13.321148196026993
2018-12-26,13.288589143949471,13.288589143949471
2018-12-27,13.349807420706345,13.349807420706345
2018-12-28,13.40152799061023,13.40152799061023
2018-12-31,13.42908004690836,13.42908004690836
2019-01-02,13.43855712732692,13.43855712732692
2019-01-03,13.527217448286287,13.527217448286287
2019-01-04,13.452299129676543,13.452299129676543
2019-01-07,13.464212353230868,13.464212353230868
2019-01-08,13.440924914109388,13.440924914109388
2019-01-09,13.48974477784697,13.48974477784697
2019-01-10,13.442435792850429,13.442435792850429
2019-01-11,13.463521753112346,13.463521753112346
2019-01-14,13.470070615414729,13.470070615414729
2019-01-15,13.459754832066684,13.459754832066684
2019-01-16,13.486980099056002,13.486980099056002
2019-01-17,13.473090752808405,13.473090752808405
2019-01-18,13.407894424847765,13.407894424847765
2019-01-22,13.437389222263795,13.437389222263795
2019-01-23,13.43492643112443,13.43492643112443
2019-01-24,13.435750657585759,13.435750657585759
2019-01-25,13.558257120754918,13.558257120754918
2019-01-28,13.57817337623154,13.57817337623154
2019-01-29,13.633997395148167,13.633997395148167
2019-01-30,13.769094257519816,13.769094257519816
2019-01-31,13.823670188954045,13.823670188954045
2019-02-01,13.76854339840793,13.76854339840793
2019-02-04,13.780568234492675,13.780568234492675
2019-02-05,13.858773572543454,13.858773572543454
2019-02-06,13.781773901673038,13.781773901673038
2019-02-07,13.748961835169203,13.748961835169203
2019-02-08,13.750696150197605,13.750696150197605
2019-02-11,13.708269569236123,13.708269569236123
2019-02-12,13.788732328978211,13.788732328978211
2019-02-13,13.755772532926967,13.755772532926967
2019-02-14,13.779058078204981,13.779058078204981
2019-02-15,13.834810529314487,13.834810529314487
2019-02-19,13.922502849276162,13.922502849276162
2019-02-20,13.943493455870387,13.943493455870387
2019-02-21,13.876540235935252,13.876540235935252
2019-02-22,13.95757573100214,13.95757573100214
2019-02-25,13.996651183148257,13.996651183148257
2019-02-26,14.006312455434664,14.006312455434664
2019-02-27,13.942627895664529,13.942627895664529
2019-02-28,13.864997558327795,13.864997558327795
2019-03-01,13.848999006736943,13.848999006736943
2019-03-04,13.836423411921958,13.836423411921958
2019-03-05,13.868013149412091,13.868013149412091
2019-03-06,13.829708076436603,13.829708076436603
2019-03-07,13.743715713658446,13.743715713658446
2019-03-08,13.790675247477703,13.790675247477703
2019-03-11,13.888734068686775,13.888734068686775
2019-03-12,13.947317389310482,13.947317389310482
2019-03-13,14.01124323434587,14.01124323434587
2019-03-14,13.95739348495622,13.95739348495622
2019-03-15,14.06201656190775,14.06201656190775
2019-03-18,14.114547456886823,14.114547456886823
2019-03-19,14.12837890464467,14.12837890464467
2019-03-20,14.15557892421283,14.15557892421283
2019-03-21,14.178845468695508,14.178845468695508
2019-03-22,14.007550299002236,14.007550299002236
2019-03-25,14.04259279714813,14.04259279714813
2019-03-26,14.072645311276892,14.072645311276892
2019-03-27,14.020112590250148,14.020112590250148
2019-03-28,14.002988990171962,14.002988990171962
2019-03-29,14.06363478250041,14.06363478250041
2019-04-01,14.155574328373739,14.155574328373739
2019-04-02,14.162360680740951,14.162360680740951
2019-04-03,14.198934771301609,14.198934771301609
2019-04-04,14.227303007783387,14.227303007783387
2019-04-05,14.26942702993364,14.26942702993364
2019-04-08,14.284407396688612,14.284407396688612
2019-04-09,14.262381337254494,14.262381337254494
2019-04-10,14.31078418726025,14.31078418726025
2019-04-11,14.233035942906216,14.233035942906216
2019-04-12,14.284515435365826,14.284515435365826
2019-04-15,14.263200812350295,14.263200812350295
2019-04-16,14.257970917401616,14.257970917401616
2019-04-17,14.261767629588627,14.261767629588627
2019-04-18,14.26958644640109,14.26958644640109
2019-04-22,14.245336343386223,14.245336343386223
2019-04-23,14.282046020203442,14.282046020203442
2019-04-24,14.232298599927919,14.232298599927919
2019-04-25,14.226592996277287,14.226592996277287
2019-04-26,14.287166668259331,14.287166668259331
2019-04-29,14.29141200841948,14.29141200841948
2019-04-30,14.302578682546482,14.302578682546482
2019-05-01,14.226274690576506,14.226274690576506
2019-05-02,14.205200147058964,14.205200147058964
2019-05-03,14.31879540365225,14.31879540365225
2019-05-06,14.223084199656695,14.223084199656695
2019-05-07,14.082758060173996,14.082758060173996
2019-05-08,14.0708377259082,14.0708377259082
2019-05-09,14.013199488936822,14.013199488936822
2019-05-10,14.07064794394552,14.07064794394552
2019-05-13,14.008445626799466,14.008445626799466
2019-05-14,14.072143996671263,14.072143996671263
2019-05-15,14.109427542561694,14.109427542561694
2019-05-16,14.140891327884614,14.140891327884614
2019-05-17,14.070671887467201,14.070671887467201
2019-05-20,14.028160616135093,14.028160616135093
2019-05-21,14.074693953800235,14.074693953800235
2019-05-22,14.052107844834893,14.052107844834893
2019-05-23,14.014620147089628,14.014620147089628
2019-05-24,14.065327794889432,14.065327794889432
2019-05-28,13.989946576141767,13.989946576141767
2019-05-29,13.961471777116172,13.961471777116172
2019-05-30,14.017060773358216,14.017060773358216
2019-05-31,14.144041266823393,14.144041266823393
2019-06-03,14.250733142866517,14.250733142866517
2019-06-04,14.366762332647193,14.366762332647193
2019-06-05,14.40398993394313,14.40398993394313
2019-06-06,14.453039233248196,14.453039233248196
2019-06-07,14.565505096328456,14.565505096328456
2019-06-10,14.580651094347445,14.580651094347445
2019-06-11,14.6235034680531,14.6235034680531
2019-06-12,14.58427620904408,14.58427620904408
2019-06-13,14.618268558604067,14.618268558604067
2019-06-14,14.585357547638907,14.585357547638907
2019-06-17,14.586082063820593,14.586082063820593
2019-06-18,14.748680331638162,14.748680331638162
2019-06-19,14.826176345817045,14.826176345817045
2019-06-20,15.003675062598164,15.003675062598164
2019-06-21,14.988825103622615,14.988825103622615
2019-06-24,15.037283250122423,15.037283250122423
2019-06-25,14.965278107619392,14.965278107619392
2019-06-26,14.960138328656544,14.960138328656544
2019-06-27,15.004551475400435,15.004551475400435
2019-06-28,15.03957806370431,15.03957806370431
2019-07-01,15.06077909456284,15.06077909456284
2019-07-02,15.139416872256618,15.139416872256618
2019-07-03,15.188491525086393,15.188491525086393
2019-07-05,15.094049949533249,15.094049949533249
2019-07-08,15.020794514622063,15.020794514622063
2019-07-09,15.012315414839714,15.012315414839714
2019-07-10,15.112177352510246,15.112177352510246
2019-07-11,15.076028600316532,15.076028600316532
2019-07-12,15.117442935779877,15.117442935779877
2019-07-15,15.136859876012405,15.136859876012405
2019-07-16,15.08156643864405,15.08156643864405
2019-07-17,15.105331348855888,15.105331348855888
2019-07-18,15.191503337535822,15.191503337535822
2019-07-19,15.102027972095474,15.102027972095474
2019-07-22,15.116734917530591,15.116734917530591
2019-07-23,15.140702778641776,15.140702778641776
2019-07-24,15.181925175359366,15.181925175359366
2019-07-25,15.083674544716843,15.083674544716843
2019-07-26,15.12177286002601,15.12177286002601
2019-07-29,15.138563326071377,15.138563326071377
2019-07-30,15.082487686517785,15.082487686517785
2019-07-31,14.954202686541654,14.954202686541654
2019-08-01,15.030306643629878,15.030306643629878
2019-08-02,14.955708925315157,14.955708925315157
2019-08-05,14.897307126517715,14.897307126517715
2019-08-06,15.014930813989986,15.014930813989986
2019-08-07,15.08657462691378,15.08657462691378
2019-08-08,15.21989735228946,15.21989735228946
2019-08-09,15.149886803042978,15.149886803042978
2019-08-12,15.155771810979312,15.155771810979312
2019-08-13,15.222558896578334,15.222558896578334
2019-08-14,15.122970739692015,15.122970739692015
2019-08-15,15.192985412781166,15.192985412781166
2019-08-16,15.23127832362665,15.23127832362665
2019-08-19,15.245812672804986,15.245812672804986
2019-08-20,15.26038215410778,15.26038215410778
2019-08-21,15.304224443149868,15.304224443149868
2019-08-22,15.275928041064365,15.275928041064365
2019-08-23,15.265545883421645,15.265545883421645
2019-08-26,15.320287100828374,15.320287100828374
2019-08-27,15.365292640087873,15.365292640087873
2019-08-28,15.387379739759432,15.387379739759432
2019-08-29,15.43987464775754,15.43987464775754
2019-08-30,15.446961648495911,15.446961648495911
2019-09-03,15.469863477427758,15.469863477427758
2019-09-04,15.599259885494712,15.599259885494712
2019-09-05,15.559760080311728,15.559760080311728
2019-09-06,15.546421120488901,15.546421120488901
2019-09-09,15.528896471076884,15.528896471076884
2019-09-10,15.480437617663531,15.480437617663531
2019-09-11,15.560650908627633,15.560650908627633
2019-09-12,15.613386703063464,15.613386703063464
2019-09-13,15.602314590477109,15.602314590477109
2019-09-16,15.574802959110356,15.574802959110356
2019-09-17,15.604078074845024,15.604078074845024
2019-09-18,15.573473972118103,15.573473972118103
2019-09-19,15.58809945827946,15.58809945827946
2019-09-20,15.617464062267574,15.617464062267574
2019-09-23,15.630499028461138,15.630499028461138
2019-09-24,15.6162749140129,15.6162749140129
2019-09-25,15.53938232181372,15.53938232181372
2019-09-26,15.55109113706447,15.55109113706447
2019-09-27,15.501830547990988,15.501830547990988
2019-09-30,15.474977779468215,15.474977779468215
2019-10-01,15.419186041176255,15.419186041176255
2019-10-02,15.320016315751923,15.320016315751923
2019-10-03,15.40906493782571,15.40906493782571
2019-10-04,15.497548735492726,15.497548735492726
2019-10-07,15.432411946301853,15.432411946301853
2019-10-08,15.3714883817411,15.3714883817411
2019-10-09,15.437312186228876,15.437312186228876
2019-10-10,15.443620492524259,15.443620492524259
2019-10-11,15.553218520389333,15.553218520389333
2019-10-14,15.554973249377294,15.554973249377294
2019-10-15,15.61781813028401,15.61781813028401
2019-10-16,15.649920661058225,15.649920661058225
2019-10-17,15.682262001337229,15.682262001337229
2019-10-18,15.649641737203039,15.649641737203039
2019-10-21,15.692663122990984,15.692663122990984
2019-10-22,15.691045742434653,15.691045742434653
2019-10-23,15.727806847677774,15.727806847677774
2019-10-24,15.761815607418264,15.761815607418264
2019-10-25,15.803202584333254,15.803202584333254
2019-10-28,15.819753701105363,15.819753701105363
2019-10-29,15.793175583521,15.793175583521
2019-10-30,15.8563845018498,15.8563845018498
2019-10-31,15.859397498825922,15.859397498825922
2019-11-01,15.968451429271552,15.968451429271552
2019-11-04,16.012385508425226,16.012385508425226
2019-11-05,15.957341483610609,15.957341483610609
2019-11-06,15.965013762033994,15.965013762033994
2019-11-07,15.944806126078507,15.944806126078507
2019-11-08,15.899861935060267,15.899861935060267
2019-11-11,15.859964516974339,15.859964516974339
2019-11-12,15.859532684701708,15.859532684701708
2019-11-13,15.843485690724437,15.843485690724437
2019-11-14,15.863840537576065,15.863840537576065
2019-11-15,15.922397039914754,15.922397039914754
2019-11-18,15.938703982278431,15.938703982278431
2019-11-19,15.944128458148032,15.944128458148032
2019-11-20,15.90740239983594,15.90740239983594
2019-11-21,15.869469877816389,15.869469877816389
2019-11-22,15.881133604201288,15.881133604201288
2019-11-25,15.950713904716814,15.950713904716814
2019-11-26,15.96638033437491,15.96638033437491
2019-11-27,15.971828646841942,15.971828646841942
2019-11-29,15.903251534204632,15.903251534204632
2019-12-02,15.854040128814308,15.854040128814308
2019-12-03,15.849438587541934,15.849438587541934
2019-12-04,15.912395840052081,15.912395840052081
2019-12-05,15.92439899358192,15.92439899358192
2019-12-06,15.964952703089693,15.964952703089693
2019-12-09,15.926350823908173,15.926350823908173
2019-12-10,15.943231911217314,15.943231911217314
2019-12-11,16.04619542128108,16.04619542128108
2019-12-12,16.12620419454917,16.12620419454917
2019-12-13,16.176425076970084,16.176425076970084
2019-12-16,16.253839246712996,16.253839246712996
2019-12-17,16.26510985441293,16.26510985441293
2019-12-18,16.272600135947332,16.272600135947332
2019-12-19,16.299342225904937,16.299342225904937
2019-12-20,16.32643619910595,16.32643619910595
2019-12-23,16.34874607757569,16.34874607757569
2019-12-24,16.37314500580109,16.37314500580109
2019-12-26,16.456920311153244,16.456920311153244
2019-12-27,16.478219261673598,16.478219261673598
2019-12-30,16.420452263793727,16.420452263793727
2019-12-31,16.449603641324735,16.449603641324735
2020-01-02,16.613507030040836,16.613507030040836
2020-01-03,16.53925850267849,16.53925850267849
2020-01-06,16.58873606929136,16.58873606929136
2020-01-07,16.577651165704065,16.577651165704065
2020-01-08,16.595437963941755,16.595437963941755
2020-01-09,16.632459038384233,16.632459038384233
2020-01-10,16.653732405762348,16.653732405762348
2020-01-13,16.71899853948682,16.71899853948682
2020-01-14,16.698457794835424,16.698457794835424
2020-01-15,16.704399405320068,16.704399405320068
2020-01-16,16.762021685909374,16.762021685909374
2020-01-17,16.80378569296175,16.80378569296175
2020-01-21,16.698589491705576,16.698589491705576
2020-01-22,16.73601943080357,16.73601943080357
2020-01-23,16.709047771765317,16.709047771765317
2020-01-24,16.663917235735333,16.663917235735333
2020-01-27,16.459350557079468,16.459350557079468
2020-01-28,16.520058308719086,16.520058308719086
2020-01-29,16.559225682151286,16.559225682151286
2020-01-30,16.518252774141708,16.518252774141708
2020-01-31,16.36452580635735,16.36452580635735
2020-02-03,16.410809440184003,16.410809440184003
2020-02-04,16.54685383842509,16.54685383842509
2020-02-05,16.634903870629046,16.634903870629046
2020-02-06,16.678206646494427,16.678206646494427
2020-02-07,16.601019448363704,16.601019448363704
2020-02-10,16.663241409629467,16.663241409629467
2020-02-11,16.71970484405964,16.71970484405964
2020-02-12,16.79197587072495,16.79197587072495
2020-02-13,16.742037895243538,16.742037895243538
2020-02-14,16.7606305795706,16.7606305795706
2020-02-18,16.756055627316304,16.756055627316304
2020-02-19,16.82637344811118,16.82637344811118
2020-02-20,16.761442176414885,16.761442176414885
2020-02-21,16.749123837894814,16.749123837894814
2020-02-24,16.504662081134907,16.504662081134907
2020-02-25,16.24915894940483,16.24915894940483
2020-02-26,16.247285105580858,16.247285105580858
2020-02-27,16.250276585868182,16.250276585868182
2020-02-28,16.01362406099813,16.01362406099813
2020-03-02,16.272401061287198,16.272401061287198
2020-03-03,16.58359423381864,16.58359423381864
2020-03-04,16.835538172426997,16.835538172426997
2020-03-05,17.043351798637822,17.043351798637822
2020-03-06,17.109236157199987,17.109236157199987
2020-03-09,17.112463122312644,17.112463122312644
2020-03-10,16.835242659227198,16.835242659227198
2020-03-11,16.685208253342495,16.685208253342495
2020-03-12,16.019664347890217,16.019664347890217
2020-03-13,15.901060109132512,15.901060109132512
2020-03-16,15.942970347570144,15.942970347570144
2020-03-17,16.159084962133758,16.159084962133758
2020-03-18,16.159084962133758,16.159084962133758
2020-03-19,16.159084962133758,16.159084962133758
2020-03-20,16.159084962133758,16.159084962133758
2020-03-23,16.70769327551072,16.70769327551072
2020-03-24,17.18207681220431,17.18207681220431
2020-03-25,17.15222076552982,17.15222076552982
2020-03-26,17.288346296367497,17.288346296367497
2020-03-27,17.26930950654888,17.26930950654888
2020-03-30,17.315525005132503,17.315525005132503
2020-03-31,17.016605172305223,17.016605172305223
2020-04-01,17.068162457123172,17.068162457123172
2020-04-02,17.220710463243286,17.220710463243286
2020-04-03,17.269216989359553,17.269216989359553
2020-04-06,17.55054329595649,17.55054329595649
2020-04-07,17.515704648964526,17.515704648964526
2020-04-08,17.446018847519223,17.446018847519223
2020-04-09,17.782358532199282,17.782358532199282
2020-04-13,17.893045310824196,17.893045310824196
2020-04-14,17.96804228263564,17.96804228263564
2020-04-15,17.95913627697399,17.95913627697399
2020-04-16,17.962860353849454,17.962860353849454
2020-04-17,17.77775187788702,17.77775187788702
2020-04-20,17.82820727489852,17.82820727489852
2020-04-21,17.771931706619803,17.771931706619803
2020-04-22,17.94672629691761,17.94672629691761
2020-04-23,18.057506413883115,18.057506413883115
2020-04-24,18.014199716754675,18.014199716754675
2020-04-27,17.912942890971532,17.912942890971532
2020-04-28,17.908297995553646,17.908297995553646
2020-04-29,17.96395276132609,17.96395276132609
2020-04-30,17.781330496583916,17.781330496583916
2020-05-01,17.836651532575974,17.836651532575974
2020-05-04,17.875541932094528,17.875541932094528
2020-05-05,17.90657063390107,17.90657063390107
2020-05-06,17.755469920416587,17.755469920416587
2020-05-07,17.919199906042973,17.919199906042973
2020-05-08,17.841565391182126,17.841565391182126
2020-05-11,17.759148935137024,17.759148935137024
2020-05-12,17.816625881082018,17.816625881082018
2020-05-13,17.916888039410946,17.916888039410946
2020-05-14,18.023823162660424,18.023823162660424
2020-05-15,18.08008390572055,18.08008390572055
2020-05-18,17.99856814685383,17.99856814685383
2020-05-19,18.095425712731796,18.095425712731796
2020-05-20,18.140111224815968,18.140111224815968
2020-05-21,18.014860368612116,18.014860368612116
2020-05-22,18.07276227223539,18.07276227223539
2020-05-26,18.05160306792918,18.05160306792918
2020-05-27,18.160702985096083,18.160702985096083
2020-05-28,18.165693611754644,18.165693611754644
2020-05-29,18.25322928977292,18.25322928977292
2020-06-01,18.302410816865947,18.302410816865947
2020-06-02,18.31861287330289,18.31861287330289
2020-06-03,18.463532216750426,18.463532216750426
2020-06-04,18.493769449274758,18.493769449274758
2020-06-05,18.676867451489358,18.676867451489358
2020-06-08,18.837997603227983,18.837997603227983
2020-06-09,18.776484826716537,18.776484826716537
2020-06-10,18.844018297641085,18.844018297641085
2020-06-11,18.425912272825432,18.425912272825432
2020-06-12,18.51444252763131,18.51444252763131
2020-06-15,18.581520155529912,18.581520155529912
2020-06-16,18.685610480375086,18.685610480375086
2020-06-17,18.666349025729062,18.666349025729062
2020-06-18,18.662844693905328,18.662844693905328
2020-06-19,18.69804169159456,18.69804169159456
2020-06-22,18.814423177329925,18.814423177329925
2020-06-23,18.919816180384533,18.919816180384533
2020-06-24,18.719276948149957,18.719276948149957
2020-06-25,18.791955565708754,18.791955565708754
2020-06-26,18.678574819978454,18.678574819978454
2020-06-29,18.774735087295138,18.774735087295138
2020-06-30,18.887987563300605,18.887987563300605
2020-07-01,18.955562222855676,18.955562222855676
2020-07-02,19.105326490541373,19.105326490541373
2020-07-06,19.413798141320367,19.413798141320367
2020-07-07,19.320755650452963,19.320755650452963
2020-07-08,19.505693529047342,19.505693529047342
2020-07-09,19.477519486987283,19.477519486987283
2020-07-10,19.519221330069,19.519221330069
2020-07-13,19.449881244578265,19.449881244578265
2020-07-14,19.5872630454497,19.5872630454497
2020-07-15,19.683141857482862,19.683141857482862
2020-07-16,19.55455916111271,19.55455916111271
2020-07-17,19.647055089138536,19.647055089138536
2020-07-20,19.77175871464132,19.77175871464132
2020-07-21,19.87471785665033,19.87471785665033
2020-07-22,19.954402597231415,19.954402597231415
2020-07-23,19.882863165368438,19.882863165368438
2020-07-24,19.8644690636372,19.8644690636372
2020-07-27,20.083083523229046,20.083083523229046
2020-07-28,20.035107252672372,20.035107252672372
2020-07-29,20.22590038193726,20.22590038193726
2020-07-30,20.073552907519097,20.073552907519097
2020-07-31,20.03032467004794,20.03032467004794
2020-08-03,20.170173243329955,20.170173243329955
2020-08-04,20.355356705394165,20.355356705394165
2020-08-05,20.468287920694483,20.468287920694483
2020-08-06,20.57314550766597,20.57314550766597
2020-08-07,20.404659515076446,20.404659515076446
2020-08-10,20.42268259125145,20.42268259125145
2020-08-11,20.161923652640745,20.161923652640745
2020-08-12,20.33480139428154,20.33480139428154
2020-08-13,20.37853162054793,20.37853162054793
2020-08-14,20.324937543869023,20.324937543869023
2020-08-17,20.513733089573694,20.513733089573694
2020-08-18,20.558352244642283,20.558352244642283
2020-08-19,20.33639699639495,20.33639699639495
2020-08-20,20.358365566615763,20.358365566615763
2020-08-21,20.343892133897857,20.343892133897857
2020-08-24,20.459096898168106,20.459096898168106
2020-08-25,20.51340120155624,20.51340120155624
2020-08-26,20.637044979817656,20.637044979817656
2020-08-27,20.507362280645122,20.507362280645122
2020-08-28,20.693542679723592,20.693542679723592
2020-08-31,20.574164748877415,20.574164748877415
2020-09-01,20.70099541333651,20.70099541333651
2020-09-02,20.759307023266064,20.759307023266064
2020-09-03,20.41095183962222,20.41095183962222
2020-09-04,20.376142298319852,20.376142298319852
2020-09-08,20.140758303083302,20.140758303083302
2020-09-09,20.39437946313467,20.39437946313467
2020-09-10,20.197512692144052,20.197512692144052
2020-09-11,20.283416465138085,20.283416465138085
2020-09-14,20.4566886379085,20.4566886379085
2020-09-15,20.53736535145003,20.53736535145003
2020-09-16,20.525161497032567,20.525161497032567
2020-09-17,20.456792774552365,20.456792774552365
2020-09-18,20.34527980328762,20.34527980328762
2020-09-21,20.078386156502575,20.078386156502575
2020-09-22,20.07157038431596,20.07157038431596
2020-09-23,19.787380704966402,19.787380704966402
2020-09-24,19.790845664637263,19.790845664637263
2020-09-25,19.861809717733866,19.861809717733866
2020-09-28,20.075341957259166,20.075341957259166
2020-09-29,20.080846490697905,20.080846490697905
2020-09-30,20.126056285000914,20.126056285000914
2020-10-01,20.25416750482836,20.25416750482836
2020-10-02,20.153311081462874,20.153311081462874
2020-10-05,20.346692346317518,20.346692346317518
2020-10-06,20.208457460070516,20.208457460070516
2020-10-07,20.35322401900296,20.35322401900296
2020-10-08,20.470627067286742,20.470627067286742
2020-10-09,20.64250765633561,20.64250765633561
2020-10-12,20.76505585912764,20.76505585912764
2020-10-13,20.61009862184006,20.61009862184006
2020-10-14,20.564703238418147,20.564703238418147
2020-10-15,20.49288515237771,20.49288515237771
2020-10-16,20.507645886581933,20.507645886581933
2020-10-19,20.415582492239086,20.415582492239086
2020-10-20,20.513351156656526,20.513351156656526
2020-10-21,20.523591969682663,20.523591969682663
2020-10-22,20.50083148666718,20.50083148666718
2020-10-23,20.567051950409663,20.567051950409663
2020-10-26,20.367220442543807,20.367220442543807
2020-10-27,20.359151909884872,20.359151909884872
2020-10-28,19.924846199744298,19.924846199744298
2020-10-29,20.0005928973676,20.0005928973676
2020-10-30,19.900387417543385,19.900387417543385
2020-11-02,20.09344194210736,20.09344194210736
2020-11-03,20.308575403474393,20.308575403474393
2020-11-04,20.596381595644328,20.596381595644328
2020-11-05,20.94444554002543,20.94444554002543
2020-11-06,20.968410767019552,20.968410767019552
2020-11-09,20.966989438894675,20.966989438894675
2020-11-10,20.957684221453945,20.957684221453945
2020-11-11,21.03578933864042,21.03578933864042
2020-11-12,20.945243435051484,20.945243435051484
2020-11-13,21.155788934762718,21.155788934762718
2020-11-16,21.304449359737028,21.304449359737028
2020-11-17,21.26598447217174,21.26598447217174
2020-11-18,21.15607984960315,21.15607984960315
2020-11-19,21.210545334565275,21.210545334565275
2020-11-20,21.234817391278682,21.234817391278682
2020-11-23,21.181377624551857,21.181377624551857
2020-11-24,21.299122305640065,21.299122305640065
2020-11-25,21.259798011254123,21.259798011254123
2020-11-27,21.370566251852974,21.370566251852974
2020-11-30,21.098051245958644,21.098051245958644
2020-12-01,21.40209287733869,21.40209287733869
2020-12-02,21.44519893679182,21.44519893679182
2020-12-03,21.54138440954332,21.54138440954332
2020-12-04,21.635651804378064,21.635651804378064
2020-12-07,21.662725381060877,21.662725381060877
2020-12-08,21.707640520882986,21.707640520882986
2020-12-09,21.556683286511195,21.556683286511195
2020-12-10,21.619189363899185,21.619189363899185
2020-12-11,21.5833078876629,21.5833078876629
2020-12-14,21.517863124942583,21.517863124942583
2020-12-15,21.72926167476089,21.72926167476089
2020-12-16,21.79572947683736,21.79572947683736
2020-12-17,21.924790283146532,21.924790283146532
2020-12-18,21.869641029746315,21.869641029746315
2020-12-21,21.719811249718965,21.719811249718965
2020-12-22,21.638940354796585,21.638940354796585
2020-12-23,21.759520085327843,21.759520085327843
2020-12-24,21.78064486571294,21.78064486571294
2020-12-28,21.850681145017745,21.850681145017745
2020-12-29,21.952356283344592,21.952356283344592
2020-12-30,22.05932942154178,22.05932942154178
2020-12-31,22.065330918397617,22.065330918397617
2021-01-04,22.149045678964082,22.149045678964082
2021-01-05,22.3405642003248,22.3405642003248
2021-01-06,22.28622808584248,22.28622808584248
2021-01-07,22.384453629254583,22.384453629254583
2021-01-08,22.411659170474934,22.411659170474934
2021-01-11,22.24615604527039,22.24615604527039
2021-01-12,22.3436392178147,22.3436392178147
2021-01-13,22.35444372375352,22.35444372375352
2021-01-14,22.405226400722626,22.405226400722626
2021-01-15,22.20341800669996,22.20341800669996
2021-01-19,22.386786452864673,22.386786452864673
2021-01-20,22.631106152895985,22.631106152895985
2021-01-21,22.63749256764711,22.63749256764711
2021-01-22,22.52484552705558,22.52484552705558
2021-01-25,22.586518721628504,22.586518721628504
2021-01-26,22.540463645428073,22.540463645428073
2021-01-27,22.11785993780819,22.11785993780819
2021-01-28,22.23573794729207,22.23573794729207
2021-01-29,21.864948556672772,21.864948556672772
2021-02-01,22.153037299163817,22.153037299163817
2021-02-02,22.350615114675165,22.350615114675165
2021-02-03,22.412211884992516,22.412211884992516
2021-02-04,22.507861632401006,22.507861632401006
2021-02-05,22.648454637316124,22.648454637316124
2021-02-08,22.768950216470476,22.768950216470476
2021-02-09,22.886083619571814,22.886083619571814
2021-02-10,22.88940697267324,22.88940697267324
2021-02-11,23.034801615473608,23.034801615473608
2021-02-12,23.121872422464246,23.121872422464246
2021-02-16,23.189419627399495,23.189419627399495
2021-02-17,23.14860201588029,23.14860201588029
2021-02-18,22.97088349531349,22.97088349531349
2021-02-19,23.029084261760687,23.029084261760687
2021-02-22,22.72541074462006,22.72541074462006
2021-02-23,22.775496081979437,22.775496081979437
2021-02-24,22.834360392706497,22.834360392706497
2021-02-25,22.3479381384831,22.3479381384831
2021-02-26,22.104515207349984,22.104515207349984
2021-03-01,22.61897714738476,22.61897714738476
2021-03-02,22.47834876153123,22.47834876153123
2021-03-03,22.318251421423323,22.318251421423323
2021-03-04,21.98233625040377,21.98233625040377
2021-03-05,22.244380151653917,22.244380151653917
2021-03-08,21.981902303060814,21.981902303060814
2021-03-09,22.34591378818071,22.34591378818071
2021-03-10,22.390506852724762,22.390506852724762
2021-03-11,22.740912266883576,22.740912266883576
2021-03-12,22.634912011957613,22.634912011957613
2021-03-15,22.704005475576167,22.704005475576167
2021-03-16,22.739509833379596,22.739509833379596
2021-03-17,22.819726612563564,22.819726612563564
2021-03-18,22.500053381123063,22.500053381123063
2021-03-19,22.599502236937262,22.599502236937262
2021-03-22,22.644268433684708,22.644268433684708
2021-03-23,22.336080901980772,22.336080901980772
2021-03-24,22.090399348642944,22.090399348642944
2021-03-25,22.22095468246537,22.22095468246537
2021-03-26,22.628900845515375,22.628900845515375
2021-03-29,22.54315959291861,22.54315959291861
2021-03-30,22.537524094263947,22.537524094263947
2021-03-31,22.57366125184272,22.57366125184272
2021-04-01,22.82645983135269,22.82645983135269
2021-04-05,23.07621062318654,23.07621062318654
2021-04-06,23.03247680757282,23.03247680757282
2021-04-07,22.944316610660497,22.944316610660497
2021-04-08,23.08696529510377,23.08696529510377
2021-04-09,23.101124582955098,23.101124582955098
2021-04-12,23.015464036939786,23.015464036939786
2021-04-13,23.11441955484777,23.11441955484777
2021-04-14,23.132952602282778,23.132952602282778
2021-04-15,23.35032168687767,23.35032168687767
2021-04-16,23.452796267715144,23.452796267715144
2021-04-19,23.37181916924165,23.37181916924165
2021-04-20,23.111708408789763,23.111708408789763
2021-04-21,23.31122300324218,23.31122300324218
2021-04-22,23.18721020956657,23.18721020956657
2021-04-23,23.461965347258314,23.461965347258314
2021-04-26,23.49424870788294,23.49424870788294
2021-04-27,23.462531794821203,23.462531794821203
2021-04-28,23.538769058875015,23.538769058875015
2021-04-29,23.573227771043943,23.573227771043943
2021-04-30,23.284547626715018,23.284547626715018
2021-05-03,23.386741141951344,23.386741141951344
2021-05-04,23.135057328816146,23.135057328816146
2021-05-05,23.278661499158197,23.278661499158197
2021-05-06,23.478387538715324,23.478387538715324
2021-05-07,23.70489959496409,23.70489959496409
2021-05-10,23.44280636590084,23.44280636590084
2021-05-11,23.24865460104037,23.24865460104037
2021-05-12,22.746167747447906,22.746167747447906
2021-05-13,22.883669882694804,22.883669882694804
2021-05-14,23.26636170892781,23.26636170892781
2021-05-17,23.30280422545932,23.30280422545932
2021-05-18,23.35461097472211,23.35461097472211
2021-05-19,23.27452311810301,23.27452311810301
2021-05-20,23.474156784306285,23.474156784306285
2021-05-21,23.412419622627365,23.412419622627365
2021-05-24,23.566695346290757,23.566695346290757
2021-05-25,23.66681928048909,23.66681928048909
2021-05-26,23.70831806317976,23.70831806317976
2021-05-27,23.725899337707176,23.725899337707176
2021-05-28,23.81092422729151,23.81092422729151
2021-06-01,23.933611923520925,23.933611923520925
2021-06-02,24.001817052094914,24.001817052094914
2021-06-03,23.768389558650547,23.768389558650547
2021-06-04,23.990975880194515,23.990975880194515
2021-06-07,23.99902633257486,23.99902633257486
2021-06-08,23.94974853609016,23.94974853609016
2021-06-09,23.895973400116745,23.895973400116745
2021-06-10,24.013719179280596,24.013719179280596
2021-06-11,23.949641994187726,23.949641994187726
2021-06-14,23.954547970758135,23.954547970758135
2021-06-15,23.88727455035717,23.88727455035717
2021-06-16,23.685348679326435,23.685348679326435
2021-06-17,23.67158706151356,23.67158706151356
2021-06-18,23.34687166775941,23.34687166775941
2021-06-21,23.59337547844075,23.59337547844075
2021-06-22,23.600306404993425,23.600306404993425
2021-06-23,23.588285044533034,23.588285044533034
2021-06-24,23.782474573550317,23.782474573550317
2021-06-25,23.893775315614054,23.893775315614054
2021-06-28,23.866220615071754,23.866220615071754
2021-06-29,23.866771178837975,23.866771178837975
2021-06-30,23.760823996408025,23.760823996408025
2021-07-01,23.779231904314216,23.779231904314216
2021-07-02,23.85137894146214,23.85137894146214
2021-07-06,23.716063620441982,23.716063620441982
2021-07-07,23.773000294647346,23.773000294647346
2021-07-08,23.530928083654352,23.530928083654352
2021-07-09,23.77617203205567,23.77617203205567
2021-07-12,23.824822127770926,23.824822127770926
2021-07-13,23.765883343525072,23.765883343525072
2021-07-14,23.83376347552821,23.83376347552821
2021-07-15,23.783808420316262,23.783808420316262
2021-07-16,23.642097694596686,23.642097694596686
2021-07-19,23.37949633397805,23.37949633397805
2021-07-20,23.51915992518104,23.51915992518104
2021-07-21,23.674957682542118,23.674957682542118
2021-07-22,23.714509147267634,23.714509147267634
2021-07-23,23.725001353386293,23.725001353386293
2021-07-26,23.74858977104421,23.74858977104421
2021-07-27,23.698987418360144,23.698987418360144
2021-07-28,23.737211863475814,23.737211863475814
2021-07-29,23.85917830731876,23.85917830731876
2021-07-30,23.790685668069038,23.790685668069038
2021-08-02,23.83079460256013,23.83079460256013
2021-08-03,23.95482477863648,23.95482477863648
2021-08-04,23.891043864792678,23.891043864792678
2021-08-05,23.962429677996948,23.962429677996948
2021-08-06,23.910191148162202,23.910191148162202
2021-08-09,23.885282136161745,23.885282136161745
2021-08-10,23.902707615992586,23.902707615992586
2021-08-11,23.98457179141674,23.98457179141674
2021-08-12,24.002316817751915,24.002316817751915
2021-08-13,24.094396376282887,24.094396376282887
2021-08-16,24.07603093262398,24.07603093262398
2021-08-17,23.941902483184492,23.941902483184492
2021-08-18,23.82440959962753,23.82440959962753
2021-08-19,23.771916019525094,23.771916019525094
2021-08-20,23.866684475260854,23.866684475260854
2021-08-23,24.010763931305345,24.010763931305345
2021-08-24,24.028724583830144,24.028724583830144
2021-08-25,24.033326334951873,24.033326334951873
2021-08-26,23.94487784975031,23.94487784975031
2021-08-27,24.15955876443252,24.15955876443252
2021-08-30,24.201995849585547,24.201995849585547
2021-08-31,24.193328111801552,24.193328111801552
2021-09-01,24.253581038404956,24.253581038404956
2021-09-02,24.31961360937576,24.31961360937576
2021-09-03,24.400214618343384,24.400214618343384
2021-09-07,24.40213910621392,24.40213910621392
2021-09-08,24.341233208255687,24.341233208255687
2021-09-09,24.318500431955087,24.318500431955087
2021-09-10,24.220589493789575,24.220589493789575
2021-09-13,24.315371995046373,24.315371995046373
2021-09-14,24.256104400953063,24.256104400953063
2021-09-15,24.33980916488998,24.33980916488998
2021-09-16,24.300071884508863,24.300071884508863
2021-09-17,24.107932346902047,24.107932346902047
2021-09-20,23.840456733096243,23.840456733096243
2021-09-21,23.914823807872523,23.914823807872523
2021-09-22,24.03529251574278,24.03529251574278
2021-09-23,24.18025245600157,24.18025245600157
2021-09-24,24.104016253062618,24.104016253062618
2021-09-27,24.06488563689959,24.06488563689959
2021-09-28,23.560019380560682,23.560019380560682
2021-09-29,23.552835570689094,23.552835570689094
2021-09-30,23.36228932360746,23.36228932360746
2021-10-01,23.49757641997569,23.49757641997569
2021-10-04,23.337892357685142,23.337892357685142
2021-10-05,23.539232372986934,23.539232372986934
2021-10-06,23.593278343364563,23.593278343364563
2021-10-07,23.786723673371952,23.786723673371952
2021-10-08,23.76351270214244,23.76351270214244
2021-10-11,23.639398325428782,23.639398325428782
2021-10-12,23.61638442496028,23.61638442496028
2021-10-13,23.740543493408985,23.740543493408985
2021-10-14,23.967431514805725,23.967431514805725
2021-10-15,24.15841359300365,24.15841359300365
2021-10-18,24.142823735821228,24.142823735821228
2021-10-19,24.308708850053335,24.308708850053335
2021-10-20,24.398926095799354,24.398926095799354
2021-10-21,24.37308510777045,24.37308510777045
2021-10-22,24.433560641739415,24.433560641739415
2021-10-25,24.517361366255688,24.517361366255688
2021-10-26,24.55281066491503,24.55281066491503
2021-10-27,24.53771788210763,24.53771788210763
2021-10-28,24.650312733387985,24.650312733387985
2021-10-29,24.617135410895408,24.617135410895408
2021-11-01,24.705747637672886,24.705747637672886
2021-11-02,24.738380632766116,24.738380632766116
2021-11-03,24.839280343307053,24.839280343307053
2021-11-04,24.90074178914723,24.90074178914723
2021-11-05,25.037212065752154,25.037212065752154
2021-11-08,25.05286336831036,25.05286336831036
2021-11-09,25.06667579937221,25.06667579937221
2021-11-10,24.965934150798894,24.965934150798894
2021-11-11,25.01391982942732,25.01391982942732
2021-11-12,25.1058642088953,25.1058642088953
2021-11-15,25.080354639335937,25.080354639335937
2021-11-16,25.034441075544702,25.034441075544702
2021-11-17,25.08012102780369,25.08012102780369
2021-11-18,25.089948695092865,25.089948695092865
2021-11-19,24.98943879752784,24.98943879752784
2021-11-22,24.73050283838193,24.73050283838193
2021-11-23,24.73451282750638,24.73451282750638
2021-11-24,24.685381105998218,24.685381105998218
2021-11-26,24.49802464245639,24.49802464245639
2021-11-29,24.65469551895435,24.65469551895435
2021-11-30,24.435274732552156,24.435274732552156
2021-12-01,24.30191917304806,24.30191917304806
2021-12-02,24.485906298612132,24.485906298612132
2021-12-03,24.42851281908389,24.42851281908389
2021-12-06,24.53071259906283,24.53071259906283
2021-12-07,24.859449821886148,24.859449821886148
2021-12-08,24.87532709411768,24.87532709411768
2021-12-09,24.751285903434045,24.751285903434045
2021-12-10,24.848894258791866,24.848894258791866
2021-12-13,24.782344233367475,24.782344233367475
2021-12-14,24.673313626128735,24.673313626128735
2021-12-15,24.90703899340996,24.90703899340996
2021-12-16,24.936819816572537,24.936819816572537
2021-12-17,24.84073580604373,24.84073580604373
2021-12-20,24.690223839981734,24.690223839981734
2021-12-21,24.899737620122263,24.899737620122263
2021-12-22,25.08390328858229,25.08390328858229
2021-12-23,25.166339228210074,25.166339228210074
2021-12-27,25.32246145525782,25.32246145525782
2021-12-28,25.289631384495713,25.289631384495713
2021-12-29,25.294720846757738,25.294720846757738
2021-12-30,25.319931468007795,25.319931468007795
2021-12-31,25.348815507466313,25.348815507466313
2022-01-03,25.322522597338,25.322522597338
2022-01-04,25.429840451643088,25.429840451643088
2022-01-05,25.167071704671763,25.167071704671763
2022-01-06,25.091486607523922,25.091486607523922
2022-01-07,25.07862546441138,25.07862546441138
2022-01-10,25.01616790986452,25.01616790986452
2022-01-11,25.283547608229185,25.283547608229185
2022-01-12,25.410863760797692,25.410863760797692
2022-01-13,25.203707918017276,25.203707918017276
2022-01-14,25.1744521782155,25.1744521782155
2022-01-18,24.930766013491986,24.930766013491986
2022-01-19,24.999287440459913,24.999287440459913
2022-01-20,24.829706424748945,24.829706424748945
2022-01-21,24.748701033121353,24.748701033121353
2022-01-24,24.869236807571784,24.869236807571784
2022-01-25,24.948747103660317,24.948747103660317
2022-01-26,24.545414058893936,24.545414058893936
2022-01-27,24.545414058893936,24.545414058893936
2022-01-28,25.155015507107716,25.155015507107716
2022-01-31,25.608077233011077,25.608077233011077
2022-02-01,25.78111532196955,25.78111532196955
2022-02-02,25.953074681792,25.953074681792
2022-02-03,25.343047171186104,25.343047171186104
2022-02-04,25.42217321907252,25.42217321907252
2022-02-07,25.475474877851084,25.475474877851084
2022-02-08,25.619216194420765,25.619216194420765
2022-02-09,25.85024332465574,25.85024332465574
2022-02-10,25.56896180081517,25.56896180081517
2022-02-11,26.056175256737635,26.056175256737635
2022-02-14,26.195594450533733,26.195594450533733
2022-02-15,26.282395414109104,26.282395414109104
2022-02-16,26.43226988823074,26.43226988823074
2022-02-17,26.7935481032564,26.7935481032564
2022-02-18,26.773896243841477,26.773896243841477
2022-02-22,26.829827926817117,26.829827926817117
2022-02-23,26.950756058906965,26.950756058906965
2022-02-24,26.7769201391106,26.7769201391106
2022-02-25,26.68773483439964,26.68773483439964
2022-02-28,26.964362434339897,26.964362434339897
2022-03-01,27.454127366350093,27.454127366350093
2022-03-02,27.168430387158722,27.168430387158722
2022-03-03,27.330175338991115,27.330175338991115
2022-03-04,27.76552168893837,27.76552168893837
2022-03-07,28.178196897314116,28.178196897314116
2022-03-08,28.94912411889013,28.94912411889013
2022-03-09,28.089011592603157,28.089011592603157
2022-03-10,28.17668379640142,28.17668379640142
2022-03-11,27.978661327564577,27.978661327564577
2022-03-14,27.556919046493988,27.556919046493988
2022-03-15,27.041454464530613,27.041454464530613
2022-03-16,27.210755694701422,27.210755694701422
2022-03-17,27.343779407867785,27.343779407867785
2022-03-18,27.373350912704883,27.373350912704883
2022-03-21,27.473925977973646,27.473925977973646
2022-03-22,27.535063827866004,27.535063827866004
2022-03-23,27.54581698201493,27.54581698201493
2022-03-24,27.853434036619355,27.853434036619355
2022-03-25,27.86440975530546,27.86440975530546
2022-03-28,27.70989250045257,27.70989250045257
2022-03-29,27.887478468536855,27.887478468536855
2022-03-30,27.913463933265025,27.913463933265025
2022-03-31,27.704060349406483,27.704060349406483
2022-04-01,27.65513781586677,27.65513781586677
2022-04-04,27.840613635580326,27.840613635580326
2022-04-05,27.577571398948045,27.577571398948045
2022-04-06,27.472004260948967,27.472004260948967
2022-04-07,27.593210140274604,27.593210140274604
2022-04-08,27.642766850775846,27.642766850775846
2022-04-11,27.779860151488297,27.779860151488297
2022-04-12,27.993119237881913,27.993119237881913
2022-04-13,28.127165349329267,28.127165349329267
2022-04-14,28.034245833501018,28.034245833501018
2022-04-18,28.121073295123452,28.121073295123452
2022-04-19,27.696082203455344,27.696082203455344
2022-04-20,27.83165307169744,27.83165307169744
2022-04-21,27.732639177338992,27.732639177338992
2022-04-22,27.463019873325162,27.463019873325162
2022-04-25,26.96948213130083,26.96948213130083
2022-04-26,27.010611051244318,27.010611051244318
2022-04-27,26.806491208321617,26.806491208321617
2022-04-28,26.951201320034624,26.951201320034624
2022-04-29,26.94815645509391,26.94815645509391
2022-05-02,26.44852433453938,26.44852433453938
2022-05-03,26.518593417365963,26.518593417365963
2022-05-04,26.779073477908884,26.779073477908884
2022-05-05,26.677014718609726,26.677014718609726
2022-05-06,26.72118850349393,26.72118850349393
2022-05-09,26.334279142504215,26.334279142504215
2022-05-10,26.334279142504215,26.334279142504215
2022-05-11,26.549354584639595,26.549354584639595
2022-05-12,26.549354584639595,26.549354584639595
2022-05-13,26.549354584639595,26.549354584639595
2022-05-16,26.549354584639595,26.549354584639595
2022-05-17,26.549354584639595,26.549354584639595
2022-05-18,26.549354584639595,26.549354584639595
2022-05-19,26.939556682799164,26.939556682799164
2022-05-20,26.958360796534656,26.958360796534656
2022-05-23,27.08372713415397,27.08372713415397
2022-05-24,27.28744713388986,27.28744713388986
2022-05-25,27.12290396521226,27.12290396521226
2022-05-26,27.07275647369893,27.07275647369893
2022-05-27,27.086861950164558,27.086861950164558
2022-05-31,27.086861950164558,27.086861950164558
2022-06-01,27.25937907319789,27.25937907319789
2022-06-02,27.59491973342806,27.59491973342806
2022-06-03,27.314775631813376,27.314775631813376
2022-06-06,27.314775631813376,27.314775631813376
2022-06-07,27.492824834645596,27.492824834645596
2022-06-08,27.467388541172863,27.467388541172863
2022-06-09,27.379952798446876,27.379952798446876
2022-06-10,27.747180492157558,27.747180492157558
2022-06-13,27.747180492157558,27.747180492157558
2022-06-14,27.747180492157558,27.747180492157558
2022-06-15,27.747180492157558,27.747180492157558
2022-06-16,28.059147081168934,28.059147081168934
2022-06-17,28.059147081168934,28.059147081168934
2022-06-21,28.059147081168934,28.059147081168934
2022-06-22,28.059147081168934,28.059147081168934
2022-06-23,28.059147081168934,28.059147081168934
2022-06-24,28.059147081168934,28.059147081168934
2022-06-27,28.059147081168934,28.059147081168934
2022-06-28,28.059147081168934,28.059147081168934
2022-06-29,28.059147081168934,28.059147081168934
2022-06-30,28.059147081168934,28.059147081168934
2022-07-01,28.059147081168934,28.059147081168934
2022-07-05,28.059147081168934,28.059147081168934
2022-07-06,28.059147081168934,28.059147081168934
2022-07-07,28.059147081168934,28.059147081168934
2022-07-08,28.059147081168934,28.059147081168934
2022-07-11,28.059147081168934,28.059147081168934
2022-07-12,28.059147081168934,28.059147081168934
2022-07-13,28.059147081168934,28.059147081168934
2022-07-14,28.059147081168934,28.059147081168934
2022-07-15,28.059147081168934,28.059147081168934
2022-07-18,28.059147081168934,28.059147081168934
2022-07-19,28.059147081168934,28.059147081168934
2022-07-20,28.059147081168934,28.059147081168934
2022-07-21,28.059147081168934,28.059147081168934
2022-07-22,28.059147081168934,28.059147081168934
2022-07-25,28.059147081168934,28.059147081168934
2022-07-26,28.059147081168934,28.059147081168934
2022-07-27,28.059147081168934,28.059147081168934
2022-07-28,28.059147081168934,28.059147081168934
2022-07-29,28.059147081168934,28.059147081168934
2022-08-01,28.059147081168934,28.059147081168934
2022-08-02,28.059147081168934,28.059147081168934
2022-08-03,28.059147081168934,28.059147081168934
2022-08-04,28.059147081168934,28.059147081168934
2022-08-05,28.059147081168934,28.059147081168934
2022-08-08,28.059147081168934,28.059147081168934
2022-08-09,28.059147081168934,28.059147081168934
2022-08-10,28.059147081168934,28.059147081168934
2022-08-11,28.059147081168934,28.059147081168934
2022-08-12,28.059147081168934,28.059147081168934
2022-08-15,28.059147081168934,28.059147081168934
2022-08-16,28.114108978527447,28.114108978527447
2022-08-17,28.114108978527447,28.114108978527447
2022-08-18,28.114108978527447,28.114108978527447
2022-08-19,28.114108978527447,28.114108978527447
2022-08-22,28.114108978527447,28.114108978527447
2022-08-23,28.114108978527447,28.114108978527447
2022-08-24,28.114108978527447,28.114108978527447
2022-08-25,28.114108978527447,28.114108978527447
2022-08-26,28.114108978527447,28.114108978527447
2022-08-29,28.114108978527447,28.114108978527447
2022-08-30,28.114108978527447,28.114108978527447
2022-08-31,28.114108978527447,28.114108978527447
2022-09-01,28.114108978527447,28.114108978527447
2022-09-02,28.114108978527447,28.114108978527447
2022-09-06,28.114108978527447,28.114108978527447
2022-09-07,28.114108978527447,28.114108978527447
2022-09-08,28.114108978527447,28.114108978527447
2022-09-09,28.114108978527447,28.114108978527447
2022-09-12,28.114108978527447,28.114108978527447
2022-09-13,28.114108978527447,28.114108978527447
2022-09-14,28.114108978527447,28.114108978527447
2022-09-15,28.114108978527447,28.114108978527447
2022-09-16,28.114108978527447,28.114108978527447
2022-09-19,28.114108978527447,28.114108978527447
2022-09-20,28.114108978527447,28.114108978527447
2022-09-21,28.114108978527447,28.114108978527447
2022-09-22,28.114108978527447,28.114108978527447
2022-09-23,28.114108978527447,28.114108978527447
2022-09-26,28.114108978527447,28.114108978527447
2022-09-27,28.114108978527447,28.114108978527447
2022-09-28,28.114108978527447,28.114108978527447
2022-09-29,28.114108978527447,28.114108978527447
2022-09-30,28.114108978527447,28.114108978527447
2022-10-03,28.114108978527447,28.114108978527447
2022-10-04,28.114108978527447,28.114108978527447
2022-10-05,28.114108978527447,28.114108978527447
2022-10-06,28.114108978527447,28.114108978527447
2022-10-07,28.114108978527447,28.114108978527447
2022-10-10,28.114108978527447,28.114108978527447
2022-10-11,28.114108978527447,28.114108978527447
2022-10-12,28.114108978527447,28.114108978527447
2022-10-13,28.114108978527447,28.114108978527447
2022-10-14,28.114108978527447,28.114108978527447
2022-10-17,28.114108978527447,28.114108978527447
2022-10-18,28.114108978527447,28.114108978527447
2022-10-19,28.114108978527447,28.114108978527447
2022-10-20,28.114108978527447,28.114108978527447
2022-10-21,28.114108978527447,28.114108978527447
2022-10-24,28.114108978527447,28.114108978527447
2022-10-25,28.114108978527447,28.114108978527447
2022-10-26,28.114108978527447,28.114108978527447
2022-10-27,28.114108978527447,28.114108978527447
2022-10-28,28.114108978527447,28.114108978527447
2022-10-31,28.114108978527447,28.114108978527447
2022-11-01,28.114108978527447,28.114108978527447
2022-11-02,28.114108978527447,28.114108978527447
2022-11-03,28.114108978527447,28.114108978527447
2022-11-04,28.114108978527447,28.114108978527447
2022-11-07,28.114108978527447,28.114108978527447
2022-11-08,28.114108978527447,28.114108978527447
2022-11-09,28.114108978527447,28.114108978527447
2022-11-10,28.114108978527447,28.114108978527447
2022-11-11,28.674809948438188,28.674809948438188
2022-11-14,28.674809948438188,28.674809948438188
2022-11-15,28.674809948438188,28.674809948438188
2022-11-16,28.674809948438188,28.674809948438188
2022-11-17,28.674809948438188,28.674809948438188
2022-11-18,28.73214333855214,28.73214333855214
2022-11-21,28.73214333855214,28.73214333855214
2022-11-22,29.132062773872043,29.132062773872043
2022-11-23,29.452002511241496,29.452002511241496
2022-11-25,29.603084794749357,29.603084794749357
2022-11-28,29.220934817355644,29.220934817355644
2022-11-29,29.305364496357697,29.305364496357697
2022-11-30,30.026881912495575,30.026881912495575
2022-12-01,30.300456413471142,30.300456413471142
2022-12-02,30.271803016001673,30.271803016001673
2022-12-05,29.87395365338043,29.87395365338043
2022-12-06,29.73985330369302,29.73985330369302
2022-12-07,29.73985330369302,29.73985330369302
2022-12-08,29.891838935781205,29.891838935781205
2022-12-09,29.90972038712653,29.90972038712653
2022-12-12,29.999127643853143,29.999127643853143
2022-12-13,30.387453945135384,30.387453945135384
2022-12-14,30.337038519635094,30.337038519635094
2022-12-15,29.562152804297618,29.562152804297618
2022-12-16,29.302363247952968,29.302363247952968
2022-12-19,29.230695251736766,29.230695251736766
2022-12-20,29.53145712486715,29.53145712486715
2022-12-21,29.66025172395989,29.66025172395989
2022-12-22,29.360054981624337,29.360054981624337
2022-12-23,29.455490317120702,29.455490317120702
2022-12-27,29.601997481029297,29.601997481029297
2022-12-28,29.3783052276228,29.3783052276228
2022-12-29,29.692271375252115,29.692271375252115
2022-12-30,29.609508832266282,29.609508832266282
2023-01-03,29.864250760081582,29.864250760081582
2023-01-04,30.389760062564246,30.389760062564246
2023-01-05,30.13160424929589,30.13160424929589
2023-01-06,30.786364314944834,30.786364314944834
2023-01-09,30.91344951134818,30.91344951134818
2023-01-10,31.055474694658812,31.055474694658812
2023-01-11,31.241088864295985,31.241088864295985
2023-01-12,31.504081810275018,31.504081810275018
2023-01-13,31.655591839899785,31.655591839899785
2023-01-17,31.57563940445854,31.57563940445854
2023-01-18,31.549614551860742,31.549614551860742
2023-01-19,31.704402859776714,31.704402859776714
2023-01-20,31.928553600436736,31.928553600436736
2023-01-23,32.07332151594415,32.07332151594415
2023-01-24,32.114398824406734,32.114398824406734
2023-01-25,32.202562796979876,32.202562796979876
2023-01-26,32.270707008624825,32.270707008624825
2023-01-27,32.22391620139777,32.22391620139777
2023-01-30,31.938219712329975,31.938219712329975
2023-01-31,32.10454786045218,32.10454786045218
2023-02-01,32.43555702816638,32.43555702816638
2023-02-02,32.354738316937855,32.354738316937855
2023-02-03,31.886985866310198,31.886985866310198
2023-02-06,31.667322328270572,31.667322328270572
2023-02-07,31.824054584248287,31.824054584248287
2023-02-08,31.73202727548504,31.73202727548504
2023-02-09,31.64335305309973,31.64335305309973
2023-02-10,31.56632356319435,31.56632356319435
2023-02-13,31.742895046282104,31.742895046282104
2023-02-14,31.745968112714,31.745968112714
2023-02-15,31.590431175728252,31.590431175728252
2023-02-16,31.438361853177963,31.438361853177963
2023-02-17,31.375976894617526,31.375976894617526
2023-02-21,31.004314753551586,31.004314753551586
2023-02-22,30.869396315799936,30.869396315799936
2023-02-23,30.98373579409647,30.98373579409647
2023-02-24,30.626993308843513,30.626993308843513
2023-02-27,30.82304156082207,30.82304156082207
2023-02-28,30.756873782249798,30.756873782249798
2023-03-01,30.97771279950648,30.97771279950648
2023-03-02,31.07672359846821,31.07672359846821
2023-03-03,31.467454474975018,31.467454474975018
2023-03-06,31.385394733611108,31.385394733611108
2023-03-07,30.865566240498826,30.865566240498826
2023-03-08,30.948549481265896,30.948549481265896
2023-03-09,30.784554176490584,30.784554176490584
2023-03-10,30.95230719758666,30.95230719758666
2023-03-13,31.20047689982705,31.20047689982705
2023-03-14,31.342592567938294,31.342592567938294
2023-03-15,31.204692977137732,31.204692977137732
2023-03-16,31.447856817326528,31.447856817326528
2023-03-17,31.54050767719106,31.54050767719106
2023-03-20,31.710873908064226,31.710873908064226
2023-03-21,31.761010079034,31.761010079034
2023-03-22,31.809638328818846,31.809638328818846
2023-03-23,32.011006284611675,32.011006284611675
2023-03-24,31.95587310183345,31.95587310183345
2023-03-27,31.865404598299932,31.865404598299932
2023-03-28,31.98752951763233,31.98752951763233
2023-03-29,32.15190317985327,32.15190317985327
2023-03-30,32.39389283105276,32.39389283105276
2023-03-31,32.50737865458817,32.50737865458817
2023-04-03,32.67225179026281,32.67225179026281
2023-04-04,32.78293343899236,32.78293343899236
2023-04-05,32.685909049800934,32.685909049800934
2023-04-06,32.7166263039643,32.7166263039643
2023-04-10,32.63206666487182,32.63206666487182
2023-04-11,32.74050761148986,32.74050761148986
2023-04-12,32.74922196218407,32.74922196218407
2023-04-13,33.095831890141724,33.095831890141724
2023-04-14,32.86814433557076,32.86814433557076
2023-04-17,32.84585296342989,32.84585296342989
2023-04-18,32.91264512245963,32.91264512245963
2023-04-19,32.78342178967888,32.78342178967888
2023-04-20,32.79332204550706,32.79332204550706
2023-04-21,32.693846301286406,32.693846301286406
2023-04-24,32.748041301888485,32.748041301888485
2023-04-25,32.596476554618526,32.596476554618526
2023-04-26,32.54241226792724,32.54241226792724
2023-04-27,32.81840031177163,32.81840031177163
2023-04-28,32.94090413848747,32.94090413848747
2023-05-01,32.805469385148925,32.805469385148925
2023-05-02,32.79218154684357,32.79218154684357
2023-05-03,32.83866723744447,32.83866723744447
2023-05-04,32.86976286533572,32.86976286533572
2023-05-05,33.05210484861057,33.05210484861057
2023-05-08,33.03063807013735,33.03063807013735
2023-05-09,32.97543416448736,32.97543416448736
2023-05-10,33.022648853431406,33.022648853431406
2023-05-11,32.93452535542861,32.93452535542861
2023-05-12,32.788367164828834,32.788367164828834
2023-05-15,32.97952492689294,32.97952492689294
2023-05-16,32.728009044693415,32.728009044693415
2023-05-17,32.835593269884214,32.835593269884214
2023-05-18,32.73800396970289,32.73800396970289
2023-05-19,32.82212783160166,32.82212783160166
2023-05-22,32.85907348943893,32.85907348943893
2023-05-23,32.60224960806265,32.60224960806265
2023-05-24,32.34171037243301,32.34171037243301
2023-05-25,32.289195790780624,32.289195790780624
2023-05-26,32.5818031461976,32.5818031461976
2023-05-30,32.52691021515996,32.52691021515996
2023-05-31,32.439033653842266,32.439033653842266
2023-06-01,32.78349650947371,32.78349650947371
2023-06-02,32.945083515257416,32.945083515257416
2023-06-05,32.93169432099422,32.93169432099422
2023-06-06,33.07435193071013,33.07435193071013
2023-06-07,32.85041014994413,32.85041014994413
2023-06-08,33.12812629039232,33.12812629039232
2023-06-09,33.125665249129355,33.125665249129355
2023-06-12,33.233453815611,33.233453815611
2023-06-13,33.32663830447871,33.32663830447871
2023-06-14,33.41879769606287,33.41879769606287
2023-06-15,33.72835090327135,33.72835090327135
2023-06-16,33.63605029482775,33.63605029482775
2023-06-20,33.32329234496613,33.32329234496613
2023-06-21,33.26888256844924,33.26888256844924
2023-06-22,33.127820521885226,33.127820521885226
2023-06-23,32.915984848070686,32.915984848070686
2023-06-26,32.938779631209314,32.938779631209314
2023-06-27,33.09255945620387,33.09255945620387
2023-06-28,33.06477888433879,33.06477888433879
2023-06-29,32.988307751552554,32.988307751552554
2023-06-30,33.25883106849092,33.25883106849092
2023-07-03,33.33275704451815,33.33275704451815
2023-07-05,33.15468660419717,33.15468660419717
2023-07-06,32.7526958373825,32.7526958373825
2023-07-07,32.94760906007233,32.94760906007233
2023-07-10,33.0044229292256,33.0044229292256
2023-07-11,33.21191450895097,33.21191450895097
2023-07-12,33.68470635647445,33.68470635647445
2023-07-13,33.98053087434155,33.98053087434155
2023-07-14,33.84585642746728,33.84585642746728
2023-07-17,33.88181570677326,33.88181570677326
2023-07-18,34.009910831628886,34.009910831628886
2023-07-19,34.02993060140717,34.02993060140717
2023-07-20,33.83000432694352,33.83000432694352
2023-07-21,33.81780073127852,33.81780073127852
2023-07-24,33.882439239735604,33.882439239735604
2023-07-25,33.994765942834945,33.994765942834945
2023-07-26,34.1092583331725,34.1092583331725
2023-07-27,33.798791486465134,33.798791486465134
2023-07-28,34.15729059278012,34.15729059278012
2023-07-31,34.2022001561487,34.2022001561487
2023-08-01,33.87428160702103,33.87428160702103
2023-08-02,33.35592474301197,33.35592474301197
2023-08-03,33.339127292212375,33.339127292212375
2023-08-04,33.344505339452645,33.344505339452645
2023-08-07,33.456428859453084,33.456428859453084
2023-08-08,33.215201426877684,33.215201426877684
2023-08-09,33.15875848560704,33.15875848560704
2023-08-10,33.200820992210986,33.200820992210986
2023-08-11,33.018007369888586,33.018007369888586
2023-08-14,32.96220542782419,32.96220542782419
2023-08-15,32.66887333618204,32.66887333618204
2023-08-16,32.415420480179066,32.415420480179066
2023-08-17,32.17671311541126,32.17671311541126
2023-08-18,32.18445528933397,32.18445528933397
2023-08-21,32.349062668611566,32.349062668611566
2023-08-22,32.27525744991926,32.27525744991926
2023-08-23,32.621291570166576,32.621291570166576
2023-08-24,32.319024544514534,32.319024544514534
2023-08-25,32.45362062706717,32.45362062706717
2023-08-28,32.69309388221478,32.69309388221478
2023-08-29,33.09643010199646,33.09643010199646
2023-08-30,33.1195715684936,33.1195715684936
2023-08-31,33.04200153234544,33.04200153234544
2023-09-01,33.15392896376878,33.15392896376878
2023-09-05,32.91164973849673,32.91164973849673
2023-09-06,32.764937356519056,32.764937356519056
2023-09-07,32.707555983576164,32.707555983576164
2023-09-08,32.712184367824044,32.712184367824044
2023-09-11,32.91718615104541,32.91718615104541
2023-09-12,32.759788663966475,32.759788663966475
2023-09-13,32.728010556563326,32.728010556563326
2023-09-14,33.03845395072135,33.03845395072135
2023-09-15,32.953863750901945,32.953863750901945
2023-09-18,32.98650576460011,32.98650576460011
2023-09-19,32.962556795087615,32.962556795087615
2023-09-20,32.8432814555773,32.8432814555773
2023-09-21,32.30043353116457,32.30043353116457
2023-09-22,32.31582030483068,32.31582030483068
2023-09-25,32.45171510837031,32.45171510837031
2023-09-26,31.974961128780556,31.974961128780556
2023-09-27,31.987723262630002,31.987723262630002
2023-09-28,32.17316879867179,32.17316879867179
2023-09-29,32.09508634297307,32.09508634297307
2023-10-02,32.08232420912363,32.08232420912363
2023-10-03,31.652869517810046,31.652869517810046
2023-10-04,31.883360527960722,31.883360527960722
2023-10-05,31.87134492561779,31.87134492561779
2023-10-06,32.24975582141618,32.24975582141618
2023-10-09,32.456215626881,32.456215626881
2023-10-10,32.62514978195174,32.62514978195174
2023-10-11,32.75879314126538,32.75879314126538
2023-10-12,32.55907818871338,32.55907818871338
2023-10-13,32.39690547614448,32.39690547614448
2023-10-16,32.7377670221359,32.7377670221359
2023-10-17,32.73626447935771,32.73626447935771
2023-10-18,32.755019025475946,32.755019025475946
2023-10-19,32.81213665213307,32.81213665213307
2023-10-20,32.655342527348935,32.655342527348935
2023-10-23,32.571904562477854,32.571904562477854
2023-10-24,32.692908953527464,32.692908953527464
2023-10-25,32.83050764165707,32.83050764165707
2023-10-26,32.88232903689523,32.88232903689523
2023-10-27,33.26474393918229,33.26474393918229
2023-10-30,33.07711258695245,33.07711258695245
2023-10-31,32.89662525237713,32.89662525237713
2023-11-01,33.020217462092425,33.020217462092425
2023-11-02,33.39150611599205,33.39150611599205
2023-11-03,33.60458357583129,33.60458357583129
2023-11-06,33.512302984281014,33.512302984281014
2023-11-07,33.49053289090913,33.49053289090913
2023-11-08,33.33589009751901,33.33589009751901
2023-11-09,33.272287556531296,33.272287556531296
2023-11-10,33.79149212415291,33.79149212415291
2023-11-13,33.86951010748617,33.86951010748617
2023-11-14,34.550900391946946,34.550900391946946
2023-11-15,34.60546905135747,34.60546905135747
2023-11-16,34.62476493467482,34.62476493467482
2023-11-17,34.76282053765206,34.76282053765206
2023-11-20,34.956372368703114,34.956372368703114
2023-11-21,34.94293637829424,34.94293637829424
2023-11-22,34.942455117460604,34.942455117460604
2023-11-24,35.06441209434416,35.06441209434416
2023-11-27,35.04201402149788,35.04201402149788
2023-11-28,35.233818675657105,35.233818675657105
2023-11-29,35.24754637159507,35.24754637159507
2023-11-30,35.23101382956072,35.23101382956072
2023-12-01,35.560577208404204,35.560577208404204
2023-12-04,35.206396712871616,35.206396712871616
2023-12-05,35.15687990745694,35.15687990745694
2023-12-06,35.18494734271326,35.18494734271326
2023-12-07,35.32065896611305,35.32065896611305
2023-12-08,35.211902827799236,35.211902827799236
2023-12-11,35.221106085162276,35.221106085162276
2023-12-12,35.28481012576468,35.28481012576468
2023-12-13,35.80285773725777,35.80285773725777
2023-12-14,36.08323106288946,36.08323106288946
2023-12-15,35.87517791792297,35.87517791792297
2023-12-18,35.94739545856036,35.94739545856036
2023-12-19,36.170813709903356,36.170813709903356
2023-12-20,35.85434963386935,35.85434963386935
2023-12-21,36.223244304793596,36.223244304793596
2023-12-22,36.23242102844872,36.23242102844872
2023-12-26,36.422918838772915,36.422918838772915
2023-12-27,36.59651793728017,36.59651793728017
2023-12-28,36.578005652319696,36.578005652319696
2023-12-29,36.53552037193911,36.53552037193911
2024-01-02,36.27595344422129,36.27595344422129
2024-01-03,36.065198315422414,36.065198315422414
2024-01-04,36.01287330406072,36.01287330406072
2024-01-05,36.021047769565214,36.021047769565214
2024-01-08,36.191556971552636,36.191556971552636
2024-01-09,36.01423558488443,36.01423558488443
2024-01-10,36.05451403985277,36.05451403985277
2024-01-11,36.135316455787425,36.135316455787425
2024-01-12,36.28012533958352,36.28012533958352
2024-01-16,35.940808612133004,35.940808612133004
2024-01-17,35.682002516739,35.682002516739
2024-01-18,35.90590060346517,35.90590060346517
2024-01-19,36.06715016871946,36.06715016871946
2024-01-22,36.09675605100842,36.09675605100842
2024-01-23,36.11065436508289,36.11065436508289
2024-01-24,36.17837482114388,36.17837482114388
2024-01-25,36.30874172984114,36.30874172984114
2024-01-26,36.32401488454537,36.32401488454537
2024-01-29,36.5080448446239,36.5080448446239
2024-01-30,36.45871984734514,36.45871984734514
2024-01-31,36.298862350654524,36.298862350654524
2024-02-01,36.65234051701489,36.65234051701489
2024-02-02,36.51421651962846,36.51421651962846
2024-02-05,36.35785873045004,36.35785873045004
2024-02-06,36.66503465905439,36.66503465905439
2024-02-07,36.71467133952761,36.71467133952761
2024-02-08,36.63534464511395,36.63534464511395
2024-02-09,36.70403269040028,36.70403269040028
2024-02-12,36.7533063928786,36.7533063928786
2024-02-13,36.23171321009485,36.23171321009485
2024-02-14,36.51011487406663,36.51011487406663
2024-02-15,36.74446684073935,36.74446684073935
2024-02-16,36.758012098624945,36.758012098624945
2024-02-20,36.80989943397995,36.80989943397995
2024-02-21,36.81361549380723,36.81361549380723
2024-02-22,37.13312074837955,37.13312074837955
2024-02-23,37.21373328057596,37.21373328057596
2024-02-26,37.11026696588735,37.11026696588735
2024-02-27,37.14109455674186,37.14109455674186
2024-02-28,37.01892024782489,37.01892024782489
2024-02-29,37.11877851895635,37.11877851895635
2024-03-01,37.52754140882511,37.52754140882511
2024-03-04,37.58649660628829,37.58649660628829
2024-03-05,37.51704091826978,37.51704091826978
2024-03-06,37.82582299197362,37.82582299197362
2024-03-07,38.09623712640435,38.09623712640435
2024-03-08,38.08951720820882,38.08951720820882
2024-03-11,38.06195900212395,38.06195900212395
2024-03-12,38.18577295474857,38.18577295474857
2024-03-13,38.19023252244255,38.19023252244255
2024-03-14,38.00011947779688,38.00011947779688
2024-03-15,37.879445537057265,37.879445537057265
2024-03-18,37.93989379077033,37.93989379077033
2024-03-19,37.96841782611071,37.96841782611071
2024-03-20,38.31141192723698,38.31141192723698
2024-03-21,38.33976562495175,38.33976562495175
2024-03-22,38.21772579128486,38.21772579128486
2024-03-25,38.19625505502819,38.19625505502819
2024-03-26,38.21772403920775,38.21772403920775
2024-03-27,38.42154152130359,38.42154152130359
2024-03-28,38.52067716940997,38.52067716940997
2024-04-01,38.510227208249816,38.510227208249816
2024-04-02,38.53956494987824,38.53956494987824
2024-04-03,38.668977604593735,38.668977604593735
2024-04-04,38.45426153126698,38.45426153126698
2024-04-05,38.669475451684924,38.669475451684924
2024-04-08,38.803589926782465,38.803589926782465
2024-04-09,38.93310164923991,38.93310164923991
2024-04-10,38.47902700973136,38.47902700973136
2024-04-11,38.7555727466636,38.7555727466636
2024-04-12,38.25762334180719,38.25762334180719
2024-04-15,38.186883041186405,38.186883041186405
2024-04-16,37.96127744346512,37.96127744346512
2024-04-17,37.89477445191961,37.89477445191961
2024-04-18,37.893326386185265,37.893326386185265
2024-04-19,37.83143952889009,37.83143952889009
2024-04-22,37.889367059123444,37.889367059123444
2024-04-23,38.12149398381318,38.12149398381318
2024-04-24,38.0954511768377,38.0954511768377
2024-04-25,38.09304742430061,38.09304742430061
2024-04-26,38.35580014288739,38.35580014288739
2024-04-29,38.49477268918258,38.49477268918258
2024-04-30,37.98310324818185,37.98310324818185
2024-05-01,38.0447840403216,38.0447840403216
2024-05-02,38.42601965065371,38.42601965065371
2024-05-03,38.70059776202563,38.70059776202563
2024-05-06,38.92782779697141,38.92782779697141
2024-05-07,38.89339877453549,38.89339877453549
2024-05-08,38.84819727889367,38.84819727889367
2024-05-09,39.11353641952789,39.11353641952789
2024-05-10,39.2020826309878,39.2020826309878
2024-05-13,39.17841342974615,39.17841342974615
2024-05-14,39.40243678910142,39.40243678910142
2024-05-15,39.821370059513455,39.821370059513455
2024-05-16,39.73859526978748,39.73859526978748
2024-05-17,39.917746014972266,39.917746014972266
2024-05-20,39.92834354816358,39.92834354816358
2024-05-21,39.88893693626243,39.88893693626243
2024-05-22,39.6084319027376,39.6084319027376
2024-05-23,39.27161676583491,39.27161676583491
2024-05-24,39.426276592045745,39.426276592045745
2024-05-28,39.46402799292763,39.46402799292763
2024-05-29,39.062668515469746,39.062668515469746
2024-05-30,39.10586404136601,39.10586404136601
2024-05-31,39.15534564634135,39.15534564634135
2024-06-03,39.38357451308006,39.38357451308006
2024-06-04,39.23042398188975,39.23042398188975
2024-06-05,39.62209605914904,39.62209605914904
2024-06-06,39.749390407327716,39.749390407327716
2024-06-07,39.21005027874965,39.21005027874965
2024-06-10,39.340528290274044,39.340528290274044
2024-06-11,39.29321136697486,39.29321136697486
2024-06-12,39.587458273928654,39.587458273928654
2024-06-13,39.44695413040807,39.44695413040807
2024-06-14,39.48420073569736,39.48420073569736
2024-06-17,39.55977094620581,39.55977094620581
2024-06-18,39.74394981350009,39.74394981350009
2024-06-20,39.79988514623078,39.79988514623078
2024-06-21,39.58304625200403,39.58304625200403
2024-06-24,39.65808761492394,39.65808761492394
2024-06-25,39.64905689866502,39.64905689866502
2024-06-26,39.47494979946076,39.47494979946076
2024-06-27,39.60150673982701,39.60150673982701
2024-06-28,39.55612231856997,39.55612231856997
2024-07-01,39.58329351486961,39.58329351486961
2024-07-02,39.705800461713956,39.705800461713956
2024-07-03,40.08121356363698,40.08121356363698
2024-07-05,40.36261993442742,40.36261993442742
2024-07-08,40.235834210476725,40.235834210476725
2024-07-09,40.25076222313187,40.25076222313187
2024-07-10,40.52766525526724,40.52766525526724
2024-07-11,40.71401673987859,40.71401673987859
2024-07-12,40.90248957837052,40.90248957837052
2024-07-15,40.764535415409554,40.764535415409554
2024-07-16,41.09420317871343,41.09420317871343
2024-07-17,40.769544060219594,40.769544060219594
2024-07-18,40.47506119185566,40.47506119185566
2024-07-19,40.131275486857845,40.131275486857845
2024-07-22,40.365665998982095,40.365665998982095
2024-07-23,40.26418928120852,40.26418928120852
2024-07-24,39.81017812411946,39.81017812411946
2024-07-25,39.58353267503704,39.58353267503704
2024-07-26,39.96603183620755,39.96603183620755
2024-07-29,39.91086035919473,39.91086035919473
2024-07-30,39.94047995308353,39.94047995308353
2024-07-31,40.54570134882067,40.54570134882067
2024-08-01,40.08038211035506,40.08038211035506
2024-08-02,39.76553903268941,39.76553903268941
2024-08-05,39.027514445979506,39.027514445979506
2024-08-06,39.04820226319053,39.04820226319053
2024-08-07,39.05247459532121,39.05247459532121
2024-08-08,39.65221396206559,39.65221396206559
2024-08-09,39.80910774736275,39.80910774736275
2024-08-12,39.98268975049331,39.98268975049331
2024-08-13,40.36064932248503,40.36064932248503
2024-08-14,40.3210499537255,40.3210499537255
2024-08-15,40.638205139252214,40.638205139252214
2024-08-16,40.99738906772551,40.99738906772551
2024-08-19,41.25072691024096,41.25072691024096
2024-08-20,41.20291613439005,41.20291613439005
2024-08-21,41.34427355266563,41.34427355266563
2024-08-22,40.99591231712361,40.99591231712361
2024-08-23,41.502476852857605,41.502476852857605
2024-08-26,41.3946165026841,41.3946165026841
2024-08-27,41.48044061195011,41.48044061195011
2024-08-28,41.28606780417998,41.28606780417998
2024-08-29,41.353723316624105,41.353723316624105
2024-08-30,41.38416029431258,41.38416029431258
2024-09-03,40.91820959702259,40.91820959702259
2024-09-04,40.90431371219593,40.90431371219593
2024-09-05,40.987242501171295,40.987242501171295
2024-09-06,40.49469497035122,40.49469497035122
2024-09-09,40.78047934310104,40.78047934310104
2024-09-10,40.80542361741337,40.80542361741337
2024-09-11,40.98288224080498,40.98288224080498
2024-09-12,41.32355997097136,41.32355997097136
2024-09-13,41.52407924855536,41.52407924855536
2024-09-16,41.649617701543185,41.649617701543185
2024-09-17,41.56185422463315,41.56185422463315
2024-09-18,41.39156979956455,41.39156979956455
2024-09-19,42.00162201278177,42.00162201278177
2024-09-20,41.98624975812019,41.98624975812019
2024-09-23,42.11720907460679,42.11720907460679
2024-09-24,42.60756118006059,42.60756118006059
2024-09-25,42.40826871324867,42.40826871324867
2024-09-26,42.98422961187119,42.98422961187119
2024-09-27,42.85967202760766,42.85967202760766
2024-09-30,42.638475632019244,42.638475632019244
2024-10-01,42.67224453136779,42.67224453136779
2024-10-02,42.81053620511489,42.81053620511489
2024-10-03,42.57282265084324,42.57282265084324
2024-10-04,42.706662564832044,42.706662564832044
2024-10-07,42.59478070708962,42.59478070708962
2024-10-08,42.40313943548358,42.40313943548358
2024-10-09,42.3497673325128,42.3497673325128
2024-10-10,42.39829520227625,42.39829520227625
2024-10-11,42.64845993808593,42.64845993808593
2024-10-14,42.68652069088872,42.68652069088872
2024-10-15,42.361235266888166,42.361235266888166
2024-10-16,42.53900568664935,42.53900568664935
2024-10-17,42.53694175601838,42.53694175601838
2024-10-18,42.807666151754006,42.807666151754006
2024-10-21,42.57153456169679,42.57153456169679
2024-10-22,42.593537846759475,42.593537846759475
2024-10-23,42.25523990404677,42.25523990404677
2024-10-24,42.389458375715655,42.389458375715655
2024-10-25,42.35073548400538,42.35073548400538
2024-10-28,42.468918013301945,42.468918013301945
2024-10-29,42.52786471335424,42.52786471335424
2024-10-30,42.402368033316705,42.402368033316705
2024-10-31,41.99589509632857,41.99589509632857
2024-11-01,41.98802291774045,41.98802291774045
2024-11-04,42.07067730048774,42.07067730048774
2024-11-05,42.409505654890204,42.409505654890204
2024-11-06,42.068902871922376,42.068902871922376
2024-11-07,42.64668490827174,42.64668490827174
2024-11-08,42.31216283728343,42.31216283728343
2024-11-11,42.040397624729565,42.040397624729565
2024-11-12,41.65683399835257,41.65683399835257
2024-11-13,41.48769022725096,41.48769022725096
2024-11-14,41.33205597863044,41.33205597863044
2024-11-15,41.18245161293996,41.18245161293996
2024-11-18,41.547407744307485,41.547407744307485
2024-11-19,41.686138035684706,41.686138035684706
2024-11-20,41.72571361504436,41.72571361504436
2024-11-21,41.841720198849984,41.841720198849984
2024-11-22,42.01890936506374,42.01890936506374
2024-11-25,41.84688011849883,41.84688011849883
2024-11-26,41.86240236999192,41.86240236999192
2024-11-27,41.897183873339614,41.897183873339614
2024-11-29,42.110907903492475,42.110907903492475
2024-12-02,42.10985547825779,42.10985547825779
2024-12-03,42.17984243501912,42.17984243501912
2024-12-04,42.3128432816672,42.3128432816672
2024-12-05,42.335685534816285,42.335685534816285
2024-12-06,42.364254448150774,42.364254448150774
2024-12-09,42.548545879417446,42.548545879417446
2024-12-10,42.41032595653239,42.41032595653239
2024-12-11,42.625193888110985,42.625193888110985
2024-12-12,42.317807490775124,42.317807490775124
2024-12-13,42.157576372759806,42.157576372759806
2024-12-16,42.180271723234874,42.180271723234874
2024-12-17,42.071125552897755,42.071125552897755
2024-12-18,41.27732878422009,41.27732878422009
2024-12-19,41.257173122732496,41.257173122732496
2024-12-20,41.558059158106964,41.558059158106964
2024-12-23,41.59819813880681,41.59819813880681
2024-12-24,41.77814093660885,41.77814093660885
2024-12-26,41.820167164037386,41.820167164037386
2024-12-27,41.569933734417134,41.569933734417134
2024-12-30,41.42209235602861,41.42209235602861
2024-12-31,41.44085540523606,41.44085540523606
2025-01-02,41.59603798999599,41.59603798999599
2025-01-03,41.64605655427523,41.64605655427523
2025-01-06,41.694576490403016,41.694576490403016
2025-01-07,41.57635961951309,41.57635961951309
2025-01-08,41.717236927836055,41.717236927836055
2025-01-10,41.59815041717872,41.59815041717872
2025-01-13,41.423424235470605,41.423424235470605
2025-01-14,41.56064485204007,41.56064485204007
2025-01-15,42.09426547615315,42.09426547615315
2025-01-16,42.19472418617783,42.19472418617783
2025-01-17,42.26128672281192,42.26128672281192
2025-01-21,42.758444648850954,42.758444648850954
2025-01-22,42.855688588127414,42.855688588127414
2025-01-23,42.966532946594164,42.966532946594164
2025-01-24,43.11345979834572,43.11345979834572
2025-01-27,42.90884926752089,42.90884926752089
2025-01-28,43.10648942206704,43.10648942206704
2025-01-29,43.030369338308134,43.030369338308134
2025-01-30,43.45972556467148,43.45972556467148
2025-01-31,43.232772467260666,43.232772467260666
2025-02-03,43.10111645854417,43.10111645854417
2025-02-04,43.51445555072763,43.51445555072763
2025-02-05,43.71268261977916,43.71268261977916
2025-02-06,43.789044813354295,43.789044813354295
2025-02-07,43.60582001001697,43.60582001001697
2025-02-10,43.97958612045843,43.97958612045843
2025-02-11,43.94180539058548,43.94180539058548
2025-02-12,44.019384508464114,44.019384508464114
2025-02-13,44.41496845434469,44.41496845434469
2025-02-14,44.39684087986515,44.39684087986515
2025-02-18,44.65443984980148,44.65443984980148
2025-02-19,44.58728807171805,44.58728807171805
2025-02-20,44.69195446443294,44.69195446443294
2025-02-21,44.487925572948846,44.487925572948846
2025-02-24,44.368990659959216,44.368990659959216
2025-02-25,44.34956137068832,44.34956137068832
2025-02-26,44.48202492293665,44.48202492293665
2025-02-27,43.917244632481996,43.917244632481996
2025-02-28,43.93644048257335,43.93644048257335
2025-03-03,43.93697716840825,43.93697716840825
2025-03-04,43.958968275159656,43.958968275159656
2025-03-05,44.51416844460814,44.51416844460814
2025-03-06,44.154081297130105,44.154081297130105
2025-03-07,44.33332527960554,44.33332527960554
2025-03-10,43.763531415762436,43.763531415762436
2025-03-11,43.90676801712352,43.90676801712352
2025-03-12,44.06123391928185,44.06123391928185
2025-03-13,44.1721649468791,44.1721649468791
2025-03-14,44.55880443566921,44.55880443566921
2025-03-17,44.948842603928924,44.948842603928924
2025-03-18,45.03309083583565,45.03309083583565
2025-03-19,45.17318443450738,45.17318443450738
2025-03-20,44.96623438716688,44.96623438716688
2025-03-21,44.73745253145854,44.73745253145854
2025-03-24,44.86248680791158,44.86248680791158
2025-03-25,44.955039337233586,44.955039337233586
2025-03-26,44.7047492447835,44.7047492447835
2025-03-27,44.92851831825245,44.92851831825245
2025-03-28,44.768068424105955,44.768068424105955
2025-03-31,44.83337965093312,44.83337965093312
2025-04-01,44.90506548754103,44.90506548754103
2025-04-02,44.957039257269805,44.957039257269805
2025-04-03,44.63120809850927,44.63120809850927
2025-04-04,44.129403261840885,44.129403261840885
2025-04-07,43.37580255975868,43.37580255975868
2025-04-08,43.38123381845737,43.38123381845737
2025-04-09,44.2324430844933,44.2324430844933
2025-04-10,44.598668508369485,44.598668508369485
2025-04-11,45.44990834494234,45.44990834494234
2025-04-14,45.61552072978092,45.61552072978092
2025-04-15,45.863390852838826,45.863390852838826
2025-04-16,46.35048073360429,46.35048073360429
2025-04-17,46.410815247521725,46.410815247521725
2025-04-21,46.712203046830936,46.712203046830936
2025-04-22,46.842356767771676,46.842356767771676
2025-04-23,46.568988555745584,46.568988555745584
2025-04-24,47.09301316590218,47.09301316590218
2025-04-25,47.037481272172165,47.037481272172165
2025-04-28,47.33709448509129,47.33709448509129
2025-04-29,47.30694983360314,47.30694983360314
2025-04-30,47.223583605694124,47.223583605694124
2025-05-01,46.90586367414792,46.90586367414792
2025-05-02,47.42908902787795,47.42908902787795
2025-05-05,47.87290419720429,47.87290419720429
2025-05-06,48.17490015849044,48.17490015849044
2025-05-07,47.833534036392955,47.833534036392955
2025-05-08,47.4860747130445,47.4860747130445
2025-05-09,47.722470101433835,47.722470101433835
2025-05-12,47.99160801624518,47.99160801624518
2025-05-13,48.11497794743428,48.11497794743428
2025-05-14,47.91050298251378,47.91050298251378
2025-05-15,48.26505102770792,48.26505102770792
2025-05-16,48.23137633400338,48.23137633400338
2025-05-19,48.475843540358106,48.475843540358106
2025-05-20,48.64268788230905,48.64268788230905
2025-05-21,48.42452875680268,48.42452875680268
2025-05-22,48.275834168924916,48.275834168924916
2025-05-23,48.48838386800424,48.48838386800424
2025-05-27,48.687437658416826,48.687437658416826
2025-05-28,48.4344644299555,48.4344644299555
2025-05-29,48.64452142913716,48.64452142913716
2025-05-30,48.489543088910814,48.489543088910814
2025-06-02,48.9505035972322,48.9505035972322
2025-06-03,48.86192862203976,48.86192862203976
2025-06-04,49.145502570007544,49.145502570007544
2025-06-05,49.06740320553225,49.06740320553225
2025-06-06,49.05292858605288,49.05292858605288
2025-06-09,49.20271178686869,49.20271178686869
2025-06-10,49.35292764346859,49.35292764346859
2025-06-11,49.436569275095216,49.436569275095216
2025-06-12,49.72761141729766,49.72761141729766
2025-06-13,49.42577344119857,49.42577344119857
2025-06-16,49.51695270891631,49.51695270891631
2025-06-17,49.2163101228735,49.2163101228735
2025-06-18,49.18370732787348,49.18370732787348
2025-06-20,49.020433252676646,49.020433252676646
2025-06-23,49.321498334449274,49.321498334449274
2025-06-24,49.69124399730672,49.69124399730672
2025-06-25,49.68010280584357,49.68010280584357
2025-06-26,49.95149571848718,49.95149571848718
2025-06-27,49.842787270748794,49.842787270748794
2025-06-30,50.086947559881956,50.086947559881956
2025-07-01,50.16575475456057,50.16575475456057
2025-07-02,50.32733698334308,50.32733698334308
2025-07-03,50.36545722143509,50.36545722143509
2025-07-07,50.01043844475307,50.01043844475307
2025-07-08,50.03226977885954,50.03226977885954
2025-07-09,50.2374550143218,50.2374550143218
2025-07-10,50.30543729929664,50.30543729929664
2025-07-11,50.195187480850265,50.195187480850265
2025-07-14,50.19118550962022,50.19118550962022
2025-07-15,50.044621237868306,50.044621237868306
2025-07-16,50.23057000927275,50.23057000927275
2025-07-17,50.357974130282116,50.357974130282116
2025-07-18,50.344368658865456,50.344368658865456
2025-07-21,50.66513702296926,50.66513702296926
2025-07-22,50.84431632038204,50.84431632038204
2025-07-23,51.13762829145718,51.13762829145718
2025-07-24,50.94091904961775,50.94091904961775
2025-07-25,50.86319185627853,50.86319185627853
2025-07-28,50.54989025782443,50.54989025782443
2025-07-29,50.58926016990744,50.58926016990744
2025-07-30,50.22638649756865,50.22638649756865
2025-07-31,50.09509853671189,50.09509853671189
2025-08-01,50.120301530072126,50.120301530072126
2025-08-04,50.576323167974856,50.576323167974856
2025-08-05,50.56416627184478,50.56416627184478
2025-08-06,50.73004379104812,50.73004379104812
2025-08-07,50.97493047024398,50.97493047024398
2025-08-08,51.08679200515204,51.08679200515204
2025-08-11,50.855048589448,50.855048589448
2025-08-12,51.20221077096336,51.20221077096336
2025-08-13,51.490690112043765,51.490690112043765
2025-08-14,51.272043306096556,51.272043306096556
2025-08-15,51.311273153231625,51.311273153231625
2025-08-18,51.33006977608626,51.33006977608626
2025-08-19,51.15523979394832,51.15523979394832
2025-08-20,51.26009803265219,51.26009803265219
2025-08-21,51.07260004192901,51.07260004192901
2025-08-22,51.75283874781168,51.75283874781168
2025-08-25,51.47082827637688,51.47082827637688
2025-08-26,51.5633598683573,51.5633598683573
2025-08-27,51.53174755558191,51.53174755558191
2025-08-28,51.73459882610107,51.73459882610107
2025-08-29,51.64895191600292,51.64895191600292
2025-09-02,51.679308288429155,51.679308288429155
2025-09-03,51.90930201139202,51.90930201139202
2025-09-04,52.03435289655545,52.03435289655545
2025-09-05,52.36414866638565,52.36414866638565
2025-09-08,52.745171897316744,52.745171897316744
2025-09-09,52.74735109874142,52.74735109874142
2025-09-10,52.9066405563023,52.9066405563023
2025-09-11,53.26503812601754,53.26503812601754
2025-09-12,53.22461532251646,53.22461532251646
2025-09-15,53.55842495419265,53.55842495419265
2025-09-16,53.61903204512959,53.61903204512959
2025-09-17,53.510115557702086,53.510115557702086
2025-09-18,53.50275337821375,53.50275337821375
2025-09-19,53.60382523130589,53.60382523130589
2025-09-22,53.91442275631333,53.91442275631333
2025-09-23,53.90228392664965,53.90228392664965
2025-09-24,53.650942231439096,53.650942231439096
2025-09-25,53.492014771042626,53.492014771042626
2025-09-26,53.68492729743795,53.68492729743795
2025-09-29,54.05211555554878,54.05211555554878
2025-09-30,54.27093703511099,54.27093703511099
2025-10-01,54.527604511236326,54.527604511236326
2025-10-02,54.58218844025092,54.58218844025092
2025-10-03,54.78151234737458,54.78151234737458
2025-10-06,55.07908338417081,55.07908338417081
2025-10-07,54.93294732952312,54.93294732952312
2025-10-08,55.300690488234835,55.300690488234835
2025-10-09,54.84658930874456,54.84658930874456
2025-10-10,54.09912953785376,54.09912953785376
2025-10-13,54.94991207202361,54.94991207202361
2025-10-14,54.98339160412957,54.98339160412957
2025-10-15,55.45204032052653,55.45204032052653
2025-10-16,55.80551828198589,55.80551828198589
2025-10-17,55.66145034697056,55.66145034697056
2025-10-20,56.44513617751699,56.44513617751699
2025-10-21,55.52228144439963,55.52228144439963
2025-10-22,55.43797298982672,55.43797298982672
2025-10-23,55.67811748424182,55.67811748424182
2025-10-24,55.83364530244124,55.83364530244124
2025-10-27,55.86340825410081,55.86340825410081
2025-10-28,55.81096348937283,55.81096348937283
2025-10-29,55.72227291005198,55.72227291005198
2025-10-30,55.63298046303193,55.63298046303193
2025-10-31,55.55164964646135,55.55164964646135
2025-11-03,55.65380712813366,55.65380712813366
2025-11-04,55.01421885183849,55.01421885183849
2025-11-05,55.31917467119337,55.31917467119337
2025-11-06,55.121200278759105,55.121200278759105
2025-11-07,55.20394370839911,55.20394370839911
2025-11-10,55.9838991890884,55.9838991890884
2025-11-11,56.1815120235489,56.1815120235489
2025-11-12,56.43305895597114,56.43305895597114
2025-11-13,55.868432257838826,55.868432257838826
2025-11-14,55.626072712645716,55.626072712645716
2025-11-17,55.12071620332222,55.12071620332222
2025-11-18,54.91699006856083,54.91699006856083
2025-11-19,54.905559081639275,54.905559081639275
2025-11-20,54.44530829347873,54.44530829347873
2025-11-21,54.72923439389461,54.72923439389461
2025-11-24,55.210454413499356,55.210454413499356
2025-11-25,55.49965650860541,55.49965650860541
2025-11-26,55.88491055818426,55.88491055818426
2025-11-28,56.123471644055066,56.123471644055066
2025-12-01,56.01417837836338,56.01417837836338
2025-12-02,56.01931375428779,56.01931375428779
2025-12-03,56.13731619002644,56.13731619002644
2025-12-04,56.1544209554074,56.1544209554074
2025-12-05,56.22815183629309,56.22815183629309
2025-12-08,56.086832982473986,56.086832982473986
2025-12-09,56.09091568601876,56.09091568601876
2025-12-10,56.49923951593879,56.49923951593879
2025-12-11,56.6629933971969,56.6629933971969
2025-12-12,56.37772111985188,56.37772111985188
2025-12-15,56.417926812613295,56.417926812613295
2025-12-16,56.28750076670201,56.28750076670201
2025-12-17,56.08486859857523,56.08486859857523
2025-12-18,56.385141938261015,56.385141938261015
2025-12-19,56.66995765455579,56.66995765455579
2025-12-22,57.08731249525036,57.08731249525036
2025-12-23,57.42461391440788,57.42461391440788
2025-12-24,57.48042510600518,57.48042510600518
2025-12-26,57.715148776549455,57.715148776549455
2025-12-29,57.12125678964115,57.12125678964115
2025-12-30,57.17602099744676,57.17602099744676
2025-12-31,56.905886273463594,56.905886273463594
2026-01-02,57.41788952219564,57.41788952219564
2026-01-05,58.07634680492342,58.07634680492342
2026-01-06,58.372246923476474,58.372246923476474
2026-01-07,58.10309792223165,58.10309792223165
2026-01-08,58.150477006707845,58.150477006707845
2026-01-09,58.49574249933628,58.49574249933628
2026-01-12,58.96215272666174,58.96215272666174
2026-01-13,58.77728296060179,58.77728296060179
2026-01-14,58.96103572170714,58.96103572170714
2026-01-15,58.97028869339319,58.97028869339319
2026-01-16,58.87098060432118,58.87098060432118
2026-01-20,58.739500904981234,58.739500904981234
2026-01-21,59.40092491445388,59.40092491445388
2026-01-22,59.82120326067003,59.82120326067003
2026-01-23,60.14236387408362,60.14236387408362
2026-01-26,60.47795441241507,60.47795441241507
2026-01-27,61.248633739294995,61.248633739294995
2026-01-28,61.67111853479761,61.67111853479761
2026-01-29,61.700156813698385,61.700156813698385
2026-01-30,60.00417118844313,60.00417118844313
2026-02-02,59.68455237610683,59.68455237610683
2026-02-03,60.414174374681025,60.414174374681025
2026-02-04,60.21698267332753,60.21698267332753
2026-02-05,59.5709302409533,59.5709302409533
2026-02-06,60.75702255758179,60.75702255758179
2026-02-09,61.38036531228985,61.38036531228985
2026-02-10,61.30960503517609,61.30960503517609
2026-02-11,61.693978090363395,61.693978090363395
2026-02-12,60.89706147948746,60.89706147948746
2026-02-13,61.309920347859,61.309920347859
2026-02-17,60.89620230872753,60.89620230872753
2026-02-18,61.29263577766514,61.29263577766514
2026-02-19,61.23285349779769,61.23285349779769
2026-02-20,61.92614829405013,61.92614829405013
2026-02-23,61.97096627658465,61.97096627658465
2026-02-24,62.105610196774364,62.105610196774364
2026-02-25,62.428684651008055,62.428684651008055
2026-02-26,62.35721510971861,62.35721510971861
2026-02-27,62.437444633160645,62.437444633160645
2026-03-02,62.09398542721083,62.09398542721083
2026-03-03,60.40906570310186,60.40906570310186
2026-03-04,60.869965283196066,60.869965283196066
2026-03-05,60.061328676548634,60.061328676548634
2026-03-06,59.9084661850401,59.9084661850401
2026-03-09,60.34968648292612,60.34968648292612
2026-03-10,60.50231812341562,60.50231812341562
2026-03-11,60.39703757334402,60.39703757334402
2026-03-12,59.356238627250306,59.356238627250306
2026-03-13,58.953341037252756,58.953341037252756
2026-03-16,59.657557950850894,59.657557950850894
2026-03-17,59.7913020123766,59.7913020123766
2026-03-18,58.749345231867196,58.749345231867196
2026-03-19,58.24071001340817,58.24071001340817
2026-03-20,56.731994218527916,56.731994218527916
2026-03-23,57.231396729480004,57.231396729480004
2026-03-24,56.91324956443917,56.91324956443917
2026-03-25,57.82595310536646,57.82595310536646
2026-03-26,56.410728958954294,56.410728958954294
2026-03-27,56.707445654064145,56.707445654064145
2026-03-30,56.70051025511786,56.70051025511786
2026-03-31,58.259847986208165,58.259847986208165
2026-04-01,58.85937650700896,58.85937650700896
2026-04-02,58.35532603741841,58.35532603741841
2026-04-06,58.47606882404636,58.47606882404636
2026-04-07,58.66640098822022,58.66640098822022
2026-04-08,60.16884845406479,60.16884845406479
2026-04-09,60.27901830230196,60.27901830230196
2026-04-10,60.312164589089605,60.312164589089605
2026-04-13,60.5814449275797,60.5814449275797
2026-04-14,61.36147117730878,61.36147117730878
2026-04-15,61.26400767927842,61.26400767927842
2026-04-16,61.279993441814376,61.279993441814376
2026-04-17,62.02602234718421,62.02602234718421
2026-04-20,61.754728605662685,61.754728605662685
2026-04-21,60.82550733358661,60.82550733358661
2026-04-22,61.38848542382293,61.38848542382293
2026-04-23,60.9146566193828,60.9146566193828
2026-04-24,61.42405772261763,61.42405772261763
2026-04-27,61.265097577563026,61.265097577563026
2026-04-28,60.79718271547694,60.79718271547694
2026-04-29,60.429826750350585,60.429826750350585
2026-04-30,61.28782535570834,61.28782535570834
2026-05-01,61.32447633735292,61.32447633735292
2026-05-04,60.8217015858362,60.8217015858362
2026-05-05,61.45449233235105,61.45449233235105
2026-05-06,62.776922024726055,62.776922024726055
2026-05-07,62.331592985738496,62.331592985738496
2026-05-08,62.90622711930329,62.90622711930329
2026-05-11,62.89153907554584,62.89153907554584
2026-05-12,62.32956564396007,62.32956564396007
2026-05-13,62.68105022523295,62.68105022523295
2026-05-14,62.667434947261924,62.667434947261924
2026-05-15,61.31458491460742,61.31458491460742
2026-05-18,61.46377421913739,61.46377421913739
2026-05-19,60.8282531744517,60.8282531744517
2026-05-20,61.73977423695578,61.73977423695578
2026-05-21,61.97452896196655,61.97452896196655
2026-05-22,61.888496823827545,61.888496823827545
2026-05-26,62.62161836640088,62.62161836640088
2026-05-27,62.418190765491936,62.418190765491936
2026-05-28,62.67375201126722,62.67375201126722
2026-05-29,62.85602062023845,62.85602062023845
2026-06-01,62.935439006157004,62.935439006157004
2026-06-02,63.17669515887644,63.17669515887644
2026-06-03,62.67067533079974,62.67067533079974
2026-06-04,62.79580245472579,62.79580245472579
2026-06-05,60.35287270263185,60.35287270263185
2026-06-08,60.88169452175178,60.88169452175178
2026-06-09,60.88718862801649,60.88718862801649
2026-06-10,60.17291418066568,60.17291418066568
2026-06-11,61.64456907059929,61.64456907059929
2026-06-12,61.838644754826795,61.838644754826795
2026-06-15,62.737888413687465,62.737888413687465
2026-06-16,62.448481745949714,62.448481745949714
2026-06-17,62.0992096978471,62.0992096978471
2026-06-18,62.905486806312034,62.905486806312034
2026-06-22,62.931971812395425,62.931971812395425
2026-06-23,61.504737234028404,61.504737234028404
2026-06-24,61.560681338531055,61.560681338531055
2026-06-25,61.88866802479622,61.88866802479622
2026-06-26,61.5240119338478,61.5240119338478
2026-06-29,61.973497240375444,61.973497240375444
2026-06-30,62.32290887278655,62.32290887278655
2026-07-01,61.70974535530845,61.70974535530845
2026-07-02,61.727857959558456,61.727857959558456
2026-07-06,62.47076537071345,62.47076537071345
2026-07-07,61.70520235072467,61.70520235072467
2026-07-08,61.64329715838605,61.64329715838605
2026-07-09,62.007231318890334,62.007231318890334
2026-07-10,62.215007710989546,62.215007710989546
2026-07-13,61.0955877541755,61.0955877541755
2026-07-14,61.67933982806261,61.67933982806261
2026-07-15,61.84135064727637,61.84135064727637
2026-07-16,61.130348687642076,61.130348687642076
2026-07-17,60.705057067225056,60.705057067225056
2026-07-20,60.60988386490841,60.60988386490841
2026-07-21,61.63768421382806,61.63768421382806
2026-07-22,61.5412536718649,61.5412536718649
2026-07-23,60.89917680849348,60.89917680849348
2026-07-24,60.62133263819142,60.62133263819142
2026-07-27,60.81594409373641,60.81594409373641
2026-07-28,60.45910043172873,60.45910043172873
2026-07-29,59.631232213477354,59.631232213477354
2026-07-30,61.33657064570912,61.33657064570912
2026-07-31,61.517519846945966,61.517519846945966
