Date,Faber_Equity,Best_Strategy_Equity
2004-11-18,1.0,1.0
2004-11-19,1.0,1.0
2004-11-22,1.0,1.0
2004-11-23,1.0,1.0
2004-11-24,1.0,1.0
2004-11-26,1.0,1.0
2004-11-29,1.0,1.0
2004-11-30,1.0,1.0
2004-12-01,1.0,1.0
2004-12-02,1.0,1.0
2004-12-03,1.0,1.0
2004-12-06,1.0,1.0
2004-12-07,1.0,1.0
2004-12-08,1.0,1.0
2004-12-09,1.0,1.0
2004-12-10,1.0,1.0
2004-12-13,1.0,1.0
2004-12-14,1.0,1.0
2004-12-15,1.0,1.0
2004-12-16,1.0,1.0
2004-12-17,1.0,1.0
2004-12-20,1.0,1.0
2004-12-21,1.0,1.0
2004-12-22,1.0,1.0
2004-12-23,1.0,1.0
2004-12-27,1.0,1.0
2004-12-28,1.0,1.0
2004-12-29,1.0,1.0
2004-12-30,1.0,1.0
2004-12-31,1.0,1.0
2005-01-03,1.0,1.0
2005-01-04,1.0,1.0
2005-01-05,1.0,1.0
2005-01-06,1.0,1.0
2005-01-07,1.0,1.0
2005-01-10,1.0,1.0
2005-01-11,1.0,1.0
2005-01-12,1.0,1.0
2005-01-13,1.0,1.0
2005-01-14,1.0,1.0
2005-01-18,1.0,1.0
2005-01-19,1.0,1.0
2005-01-20,1.0,1.0
2005-01-21,1.0,1.0
2005-01-24,1.0,1.0
2005-01-25,1.0,1.0
2005-01-26,1.0,1.0
2005-01-27,1.0,1.0
2005-01-28,1.0,1.0
2005-01-31,1.0,1.0
2005-02-01,1.0,1.0
2005-02-02,1.0,1.0
2005-02-03,1.0,1.0
2005-02-04,1.0,1.0
2005-02-07,1.0,1.0
2005-02-08,1.0,1.0
2005-02-09,1.0,1.0
2005-02-10,1.0,1.0
2005-02-11,1.0,1.0
2005-02-14,1.0,1.0
2005-02-15,1.0,1.0
2005-02-16,1.0,1.0
2005-02-17,1.0,1.0
2005-02-18,1.0,1.0
2005-02-22,1.0,1.0
2005-02-23,1.0,1.0
2005-02-24,1.0,1.0
2005-02-25,1.0,1.0
2005-02-28,1.0,1.0
2005-03-01,1.0,1.0
2005-03-02,1.0,1.0
2005-03-03,1.0,1.0
2005-03-04,1.0,1.0
2005-03-07,1.0,1.0
2005-03-08,1.0,1.0
2005-03-09,1.0,1.0
2005-03-10,1.0,1.0
2005-03-11,1.0,1.0
2005-03-14,1.0,1.0
2005-03-15,1.0,1.0
2005-03-16,1.0,1.0
2005-03-17,1.0,1.0
2005-03-18,1.0,1.0
2005-03-21,1.0,1.0
2005-03-22,1.0,1.0
2005-03-23,1.0,1.0
2005-03-24,1.0,1.0
2005-03-28,1.0,1.0
2005-03-29,1.0,1.0
2005-03-30,1.0,1.0
2005-03-31,1.0,1.0
2005-04-01,1.0,1.0
2005-04-04,1.0,1.0
2005-04-05,1.0,1.0
2005-04-06,1.0,1.0
2005-04-07,1.0,1.0
2005-04-08,1.0,1.0
2005-04-11,1.0,1.0
2005-04-12,1.0,1.0
2005-04-13,1.0,1.0
2005-04-14,1.0,1.0
2005-04-15,1.0,1.0
2005-04-18,1.0,1.0
2005-04-19,1.0,1.0
2005-04-20,1.0,1.0
2005-04-21,1.0,1.0
2005-04-22,1.0,1.0
2005-04-25,1.0,1.0
2005-04-26,1.0,1.0
2005-04-27,1.0,1.0
2005-04-28,1.0,1.0
2005-04-29,1.0,1.0
2005-05-02,1.0,1.0
2005-05-03,1.0,1.0
2005-05-04,1.0,1.0
2005-05-05,1.0,1.0
2005-05-06,1.0,1.0
2005-05-09,1.0,1.0
2005-05-10,1.0,1.0
2005-05-11,1.0,1.0
2005-05-12,1.0,1.0
2005-05-13,1.0,1.0
2005-05-16,1.0,1.0
2005-05-17,1.0,1.0
2005-05-18,1.0,1.0
2005-05-19,1.0,1.0
2005-05-20,1.0,1.0
2005-05-23,1.0,1.0
2005-05-24,1.0,1.0
2005-05-25,1.0,1.0
2005-05-26,1.0,1.0
2005-05-27,1.0,1.0
2005-05-31,1.0,1.0
2005-06-01,1.0,1.0
2005-06-02,1.0,1.0
2005-06-03,1.0,1.0
2005-06-06,1.0,1.0
2005-06-07,1.0,1.0
2005-06-08,1.0,1.0
2005-06-09,1.0,1.0
2005-06-10,1.0,1.0
2005-06-13,1.0,1.0
2005-06-14,1.0,1.0
2005-06-15,1.0,1.0
2005-06-16,1.0,1.0
2005-06-17,1.0,1.0
2005-06-20,1.0,1.0
2005-06-21,1.0,1.0
2005-06-22,1.0,1.0
2005-06-23,1.0,1.0
2005-06-24,1.0,1.0
2005-06-27,1.0,1.0
2005-06-28,1.0,1.0
2005-06-29,1.0,1.0
2005-06-30,1.0,1.0
2005-07-01,1.0,1.0
2005-07-05,1.0,1.0
2005-07-06,1.0,1.0
2005-07-07,1.0,1.0
2005-07-08,1.0,1.0
2005-07-11,1.0,1.0
2005-07-12,1.0,1.0
2005-07-13,1.0,1.0
2005-07-14,1.0,1.0
2005-07-15,1.0,1.0
2005-07-18,1.0,1.0
2005-07-19,1.0,1.0
2005-07-20,1.0,1.0
2005-07-21,1.0,1.0
2005-07-22,1.0,1.0
2005-07-25,1.0,1.0
2005-07-26,1.0,1.0
2005-07-27,1.0,1.0
2005-07-28,1.0,1.0
2005-07-29,1.0,1.0
2005-08-01,1.0,1.0
2005-08-02,1.0,1.0
2005-08-03,1.0,1.0
2005-08-04,1.0,1.0
2005-08-05,1.0,1.0
2005-08-08,1.0,1.0
2005-08-09,1.0,1.0
2005-08-10,1.0,1.0
2005-08-11,1.0,1.0
2005-08-12,1.0,1.0
2005-08-15,1.0,1.0
2005-08-16,1.0,1.0
2005-08-17,1.0,1.0
2005-08-18,1.0,1.0
2005-08-19,1.0,1.0
2005-08-22,1.0,1.0
2005-08-23,1.0,1.0
2005-08-24,1.0,1.0
2005-08-25,1.0,1.0
2005-08-26,1.0,1.0
2005-08-29,1.0,1.0
2005-08-30,1.0,1.0
2005-08-31,1.0,1.0
2005-09-01,1.0,1.0
2005-09-02,1.0021521098480257,1.0021521098480257
2005-09-06,1.0091706103753308,1.0091706103753308
2005-09-07,1.009140613542747,1.009140613542747
2005-09-08,1.0078123333968336,1.0078123333968336
2005-09-09,1.0162511798913705,1.0162511798913705
2005-09-12,1.0139104831010701,1.0139104831010701
2005-09-13,1.0081344555985499,1.0081344555985499
2005-09-14,1.008413853904695,1.008413853904695
2005-09-15,1.0112018232015223,1.0112018232015223
2005-09-16,1.0193488507955886,1.0193488507955886
2005-09-19,1.0191247045064373,1.0191247045064373
2005-09-20,1.0169713283203914,1.0169713283203914
2005-09-21,1.0213187899827294,1.0213187899827294
2005-09-22,1.0169380007125783,1.0169380007125783
2005-09-23,1.0153675984468848,1.0153675984468848
2005-09-26,1.0203910965407827,1.0203910965407827
2005-09-27,1.0166662142212788,1.0166662142212788
2005-09-28,1.024256591064931,1.024256591064931
2005-09-29,1.0328236658099412,1.0328236658099412
2005-09-30,1.0299255491627348,1.0299255491627348
2005-10-03,1.0278570348405118,1.0278570348405118
2005-10-04,1.0226870814404092,1.0226870814404092
2005-10-05,1.0119419115323036,1.0119419115323036
2005-10-06,1.00635830126375,1.00635830126375
2005-10-07,1.0131824393202595,1.0131824393202595
2005-10-10,1.011473506765692,1.011473506765692
2005-10-11,1.0122371419985707,1.0122371419985707
2005-10-12,0.9998000410836123,0.9998000410836123
2005-10-13,0.9982255588873058,0.9982255588873058
2005-10-14,0.9985284921958126,0.9985284921958126
2005-10-17,1.0016276718928787,1.0016276718928787
2005-10-18,0.9908989721703927,0.9908989721703927
2005-10-19,0.9972433817480562,0.9972433817480562
2005-10-20,0.9796278617588443,0.9796278617588443
2005-10-21,0.9906790825976686,0.9906790825976686
2005-10-24,1.0012251649803305,1.0012251649803305
2005-10-25,0.9996802464496118,0.9996802464496118
2005-10-26,0.9987127755088812,0.9987127755088812
2005-10-27,0.991928911392526,0.991928911392526
2005-10-28,1.0043642553236438,1.0043642553236438
2005-10-31,1.0056438326493393,1.0056438326493393
2005-11-01,1.009339534940077,1.009339534940077
2005-11-02,1.0215537544367073,1.0215537544367073
2005-11-03,1.0218498495135255,1.0218498495135255
2005-11-04,1.016130875539135,1.016130875539135
2005-11-07,1.0194894053828218,1.0194894053828218
2005-11-08,1.0172567209908818,1.0172567209908818
2005-11-09,1.0248255433610196,1.0248255433610196
2005-11-10,1.0264632481468774,1.0264632481468774
2005-11-11,1.0310122436823368,1.0310122436823368
2005-11-14,1.0276623525148463,1.0276623525148463
2005-11-15,1.024089983915512,1.024089983915512
2005-11-16,1.0324831630644589,1.0324831630644589
2005-11-17,1.046892489078847,1.046892489078847
2005-11-18,1.0503480438300814,1.0503480438300814
2005-11-21,1.0547890039105112,1.0547890039105112
2005-11-22,1.0582529845610675,1.0582529845610675
2005-11-23,1.0618503840784155,1.0618503840784155
2005-11-25,1.0611917630439156,1.0611917630439156
2005-11-28,1.0599722975101127,1.0599722975101127
2005-11-29,1.0574912010208803,1.0574912010208803
2005-11-30,1.0509284218738295,1.0509284218738295
2005-12-01,1.0711389829454576,1.0711389829454576
2005-12-02,1.0729721957412541,1.0729721957412541
2005-12-05,1.078216898550743,1.078216898550743
2005-12-06,1.0821020895122204,1.0821020895122204
2005-12-07,1.0784696122826847,1.0784696122826847
2005-12-08,1.0802223047401835,1.0802223047401835
2005-12-09,1.0865066875970628,1.0865066875970628
2005-12-12,1.0925785263685965,1.0925785263685965
2005-12-13,1.0950344772691545,1.0950344772691545
2005-12-14,1.089408299802352,1.089408299802352
2005-12-15,1.0851778918446788,1.0851778918446788
2005-12-16,1.0847700694273579,1.0847700694273579
2005-12-19,1.083499203740819,1.083499203740819
2005-12-20,1.0805766954858453,1.0805766954858453
2005-12-21,1.0869237452572689,1.0869237452572689
2005-12-22,1.0932333987608909,1.0932333987608909
2005-12-23,1.0950266227381504,1.0950266227381504
2005-12-27,1.0911852020887562,1.0911852020887562
2005-12-28,1.096656613058861,1.096656613058861
2005-12-29,1.0959312117973847,1.0959312117973847
2005-12-30,1.0943555992767626,1.0943555992767626
2006-01-03,1.1203619792468467,1.1203619792468467
2006-01-04,1.126608780583014,1.126608780583014
2006-01-05,1.122710683584718,1.122710683584718
2006-01-06,1.137703721848952,1.137703721848952
2006-01-09,1.1446059653945806,1.1446059653945806
2006-01-10,1.1373163541205091,1.1373163541205091
2006-01-11,1.1444759198181773,1.1444759198181773
2006-01-12,1.1386946508614666,1.1386946508614666
2006-01-13,1.144465012959958,1.144465012959958
2006-01-17,1.1363428166688831,1.1363428166688831
2006-01-18,1.1276206382448408,1.1276206382448408
2006-01-19,1.1443543051765264,1.1443543051765264
2006-01-20,1.1284013631952243,1.1284013631952243
2006-01-23,1.1412391937450044,1.1412391937450044
2006-01-24,1.1456645005111328,1.1456645005111328
2006-01-25,1.1478823905949005,1.1478823905949005
2006-01-26,1.155532566864945,1.155532566864945
2006-01-27,1.1608104960137897,1.1608104960137897
2006-01-30,1.1641350730131175,1.1641350730131175
2006-01-31,1.164316919507438,1.164316919507438
2006-02-01,1.1658819135244929,1.1658819135244929
2006-02-02,1.1558694055048233,1.1558694055048233
2006-02-03,1.1496723183001203,1.1496723183001203
2006-02-06,1.1562533025538233,1.1562533025538233
2006-02-07,1.137622082040677,1.137622082040677
2006-02-08,1.1420537921942133,1.1420537921942133
2006-02-09,1.1484684902541942,1.1484684902541942
2006-02-10,1.1418478434351336,1.1418478434351336
2006-02-13,1.129912578815725,1.129912578815725
2006-02-14,1.1434027942890672,1.1434027942890672
2006-02-15,1.1381538156034072,1.1381538156034072
2006-02-16,1.1509350660661701,1.1509350660661701
2006-02-17,1.1521442943827305,1.1521442943827305
2006-02-21,1.1494000480297588,1.1494000480297588
2006-02-22,1.1556225054412133,1.1556225054412133
2006-02-23,1.152742932627596,1.152742932627596
2006-02-24,1.1589547626070351,1.1589547626070351
2006-02-27,1.1597375005984902,1.1597375005984902
2006-02-28,1.1534170991827177,1.1534170991827177
2006-03-01,1.1643436008321317,1.1643436008321317
2006-03-02,1.1661440268902816,1.1661440268902816
2006-03-03,1.1578552265289344,1.1578552265289344
2006-03-06,1.1455893590098354,1.1455893590098354
2006-03-07,1.1301139677223648,1.1301139677223648
2006-03-08,1.1283021889205314,1.1283021889205314
2006-03-09,1.1246414722082845,1.1246414722082845
2006-03-10,1.1353761685473638,1.1353761685473638
2006-03-13,1.1404890495011863,1.1404890495011863
2006-03-14,1.1555208072667225,1.1555208072667225
2006-03-15,1.1604870562678844,1.1604870562678844
2006-03-16,1.161561976593394,1.161561976593394
2006-03-17,1.1630787734842802,1.1630787734842802
2006-03-20,1.1646132125954305,1.1646132125954305
2006-03-21,1.1520973389407039,1.1520973389407039
2006-03-22,1.1582800220984233,1.1582800220984233
2006-03-23,1.1524627222824726,1.1524627222824726
2006-03-24,1.1611200627644385,1.1611200627644385
2006-03-27,1.164827890369727,1.164827890369727
2006-03-28,1.1549502618667296,1.1549502618667296
2006-03-29,1.171284203049609,1.171284203049609
2006-03-30,1.1836363775072243,1.1836363775072243
2006-03-31,1.1786502330672706,1.1786502330672706
2006-04-03,1.1918561936840306,1.1918561936840306
2006-04-04,1.1971662258730502,1.1971662258730502
2006-04-05,1.2039551668894461,1.2039551668894461
2006-04-06,1.2055450258999674,1.2055450258999674
2006-04-07,1.1909285268414669,1.1909285268414669
2006-04-10,1.1960364437449627,1.1960364437449627
2006-04-11,1.185995584982695,1.185995584982695
2006-04-12,1.18892455385402,1.18892455385402
2006-04-13,1.1910760277306285,1.1910760277306285
2006-04-17,1.2038183332613321,1.2038183332613321
2006-04-18,1.2284839018480742,1.2284839018480742
2006-04-19,1.2425064486023807,1.2425064486023807
2006-04-20,1.2268454439458163,1.2268454439458163
2006-04-21,1.2426224913350294,1.2426224913350294
2006-04-24,1.230689020702165,1.230689020702165
2006-04-25,1.230648389002819,1.230648389002819
2006-04-26,1.2429591745273036,1.2429591745273036
2006-04-27,1.2367499847678938,1.2367499847678938
2006-04-28,1.251313876863314,1.251313876863314
2006-05-01,1.2488773111700318,1.2488773111700318
2006-05-02,1.2681679288384575,1.2681679288384575
2006-05-03,1.2650284981836786,1.2650284981836786
2006-05-04,1.2765522220239829,1.2765522220239829
2006-05-05,1.2918235132472229,1.2918235132472229
2006-05-08,1.2914596325563088,1.2914596325563088
2006-05-09,1.304448687552763,1.304448687552763
2006-05-10,1.303013733369875,1.303013733369875
2006-05-11,1.290503579218399,1.290503579218399
2006-05-12,1.2740958398387705,1.2740958398387705
2006-05-15,1.2477525009277568,1.2477525009277568
2006-05-16,1.253952728858105,1.253952728858105
2006-05-17,1.2251370122444862,1.2251370122444862
2006-05-18,1.213670847124471,1.213670847124471
2006-05-19,1.2154232639105902,1.2154232639105902
2006-05-22,1.190829456269137,1.190829456269137
2006-05-23,1.19032861783899,1.19032861783899
2006-05-24,1.1800481313441904,1.1800481313441904
2006-05-25,1.2031647023311396,1.2031647023311396
2006-05-26,1.2080886541085751,1.2080886541085751
2006-05-30,1.1851763484961184,1.1851763484961184
2006-05-31,1.1916582694729396,1.1916582694729396
2006-06-01,1.1947795855235654,1.1947795855235654
2006-06-02,1.2054805275357532,1.2054805275357532
2006-06-05,1.1807738296704515,1.1807738296704515
2006-06-06,1.1734594846804498,1.1734594846804498
2006-06-07,1.1634843030216344,1.1634843030216344
2006-06-08,1.1513866816818223,1.1513866816818223
2006-06-09,1.1486019418588034,1.1486019418588034
2006-06-12,1.1396952965484608,1.1396952965484608
2006-06-13,1.1023071235174378,1.1023071235174378
2006-06-14,1.0963934735372902,1.0963934735372902
2006-06-15,1.1279191843129515,1.1279191843129515
2006-06-16,1.1269423597162413,1.1269423597162413
2006-06-19,1.111225737744769,1.111225737744769
2006-06-20,1.123830046071856,1.123830046071856
2006-06-21,1.1411858940964186,1.1411858940964186
2006-06-22,1.132316448599545,1.132316448599545
2006-06-23,1.1332337263185517,1.1332337263185517
2006-06-26,1.1405275896682192,1.1405275896682192
2006-06-27,1.124113090153301,1.124113090153301
2006-06-28,1.129137930775939,1.129137930775939
2006-06-29,1.1717485442426527,1.1717485442426527
2006-06-30,1.184174289617817,1.184174289617817
2006-07-03,1.1980740911842418,1.1980740911842418
2006-07-05,1.1829089753275301,1.1829089753275301
2006-07-06,1.1953909297483878,1.1953909297483878
2006-07-07,1.1845510631152318,1.1845510631152318
2006-07-10,1.1870792182569112,1.1870792182569112
2006-07-11,1.1971611816594228,1.1971611816594228
2006-07-12,1.1937434241548142,1.1937434241548142
2006-07-13,1.1909433727893373,1.1909433727893373
2006-07-14,1.1898972603546898,1.1898972603546898
2006-07-17,1.1720334283351712,1.1720334283351712
2006-07-18,1.1619917848483223,1.1619917848483223
2006-07-19,1.1903597570798152,1.1903597570798152
2006-07-20,1.1793974086718544,1.1793974086718544
2006-07-21,1.1739391034326914,1.1739391034326914
2006-07-24,1.1912290418826206,1.1912290418826206
2006-07-25,1.1940422377421693,1.1940422377421693
2006-07-26,1.1969190283890472,1.1969190283890472
2006-07-27,1.205338993795061,1.205338993795061
2006-07-28,1.2190844181395806,1.2190844181395806
2006-07-31,1.2155481389120504,1.2155481389120504
2006-08-01,1.2137904825187162,1.2137904825187162
2006-08-02,1.2230330211311924,1.2230330211311924
2006-08-03,1.2206902668714696,1.2206902668714696
2006-08-04,1.222346172545261,1.222346172545261
2006-08-07,1.2195902478380558,1.2195902478380558
2006-08-08,1.2157976743050147,1.2157976743050147
2006-08-09,1.2197898935677525,1.2197898935677525
2006-08-10,1.2182618542019021,1.2182618542019021
2006-08-11,1.2100173650121302,1.2100173650121302
2006-08-14,1.2099399010395235,1.2099399010395235
2006-08-15,1.2236623436162222,1.2236623436162222
2006-08-16,1.2330317735622771,1.2330317735622771
2006-08-17,1.227358591355262,1.227358591355262
2006-08-18,1.2275151257563022,1.2275151257563022
2006-08-21,1.230654042325048,1.230654042325048
2006-08-22,1.2283784938122202,1.2283784938122202
2006-08-23,1.221406979938304,1.221406979938304
2006-08-24,1.2195054625151034,1.2195054625151034
2006-08-25,1.2206363320132543,1.2206363320132543
2006-08-28,1.222331364181064,1.222331364181064
2006-08-29,1.2252694360182315,1.2252694360182315
2006-08-30,1.2287761408976943,1.2287761408976943
2006-08-31,1.2318380828912567,1.2318380828912567
2006-09-01,1.2373211324372282,1.2373211324372282
2006-09-05,1.2450130220401532,1.2450130220401532
2006-09-06,1.2295715370656781,1.2295715370656781
2006-09-07,1.2163027493686964,1.2163027493686964
2006-09-08,1.2169563329470152,1.2169563329470152
2006-09-11,1.2146358412851177,1.2146358412851177
2006-09-12,1.2270423217079456,1.2270423217079456
2006-09-13,1.232515563889523,1.232515563889523
2006-09-14,1.2299802102542223,1.2299802102542223
2006-09-15,1.2317861100828484,1.2317861100828484
2006-09-18,1.23690342172801,1.23690342172801
2006-09-19,1.2292169241991502,1.2292169241991502
2006-09-20,1.2405102441521354,1.2405102441521354
2006-09-21,1.2335268754613453,1.2335268754613453
2006-09-22,1.2305062532755227,1.2305062532755227
2006-09-25,1.2361951057153744,1.2361951057153744
2006-09-26,1.243110281096444,1.243110281096444
2006-09-27,1.2488627007833923,1.2488627007833923
2006-09-28,1.2514746475024943,1.2514746475024943
2006-09-29,1.247175103865277,1.247175103865277
2006-10-02,1.2466608453998587,1.2466608453998587
2006-10-03,1.2478188768339178,1.2478188768339178
2006-10-04,1.2640156446210693,1.2640156446210693
2006-10-05,1.2682141573594405,1.2682141573594405
2006-10-06,1.2630275511583227,1.2630275511583227
2006-10-09,1.2629316355872922,1.2629316355872922
2006-10-10,1.2653400648370658,1.2653400648370658
2006-10-11,1.2626976570658253,1.2626976570658253
2006-10-12,1.276821296001168,1.276821296001168
2006-10-13,1.2792839761687924,1.2792839761687924
2006-10-16,1.2823752302758218,1.2823752302758218
2006-10-17,1.2756590089154132,1.2756590089154132
2006-10-18,1.2803828364602587,1.2803828364602587
2006-10-19,1.2845628336083963,1.2845628336083963
2006-10-20,1.2840446351306611,1.2840446351306611
2006-10-23,1.284578335853911,1.284578335853911
2006-10-24,1.287770140038002,1.287770140038002
2006-10-25,1.2956495185583403,1.2956495185583403
2006-10-26,1.3010316286704169,1.3010316286704169
2006-10-27,1.291971180365189,1.291971180365189
2006-10-30,1.290005426634529,1.290005426634529
2006-10-31,1.2974827280150587,1.2974827280150587
2006-11-01,1.2979541677976232,1.2979541677976232
2006-11-02,1.3016584071038835,1.3016584071038835
2006-11-03,1.301258018268225,1.301258018268225
2006-11-06,1.3125170151379713,1.3125170151379713
2006-11-07,1.3139970165883053,1.3139970165883053
2006-11-08,1.312085466063652,1.312085466063652
2006-11-09,1.3182570863452405,1.3182570863452405
2006-11-10,1.3184386514283908,1.3184386514283908
2006-11-13,1.3167356066717675,1.3167356066717675
2006-11-14,1.3237218760990852,1.3237218760990852
2006-11-15,1.3252970455136128,1.3252970455136128
2006-11-16,1.3202430155643528,1.3202430155643528
2006-11-17,1.321955916244094,1.321955916244094
2006-11-20,1.3192042653226863,1.3192042653226863
2006-11-21,1.3274606801204465,1.3274606801204465
2006-11-22,1.333784287526604,1.333784287526604
2006-11-24,1.3355895363347865,1.3355895363347865
2006-11-27,1.3253663502209168,1.3253663502209168
2006-11-28,1.3305842385908038,1.3305842385908038
2006-11-29,1.3385746019752742,1.3385746019752742
2006-11-30,1.3470765294055649,1.3470765294055649
2006-12-01,1.3444168106994514,1.3444168106994514
2006-12-04,1.3540881627847516,1.3540881627847516
2006-12-05,1.3600422017894247,1.3600422017894247
2006-12-06,1.3523599965893665,1.3523599965893665
2006-12-07,1.3510748186710844,1.3510748186710844
2006-12-08,1.3462144325723957,1.3462144325723957
2006-12-11,1.3504221450822076,1.3504221450822076
2006-12-12,1.3485956869420523,1.3485956869420523
2006-12-13,1.350366157700296,1.350366157700296
2006-12-14,1.3565221852415368,1.3565221852415368
2006-12-15,1.3566162414104017,1.3566162414104017
2006-12-18,1.3530274590116158,1.3530274590116158
2006-12-19,1.3566051755586834,1.3566051755586834
2006-12-20,1.358081134780487,1.358081134780487
2006-12-21,1.35594627043101,1.35594627043101
2006-12-22,1.3555674110161755,1.3555674110161755
2006-12-26,1.3609427625099486,1.3609427625099486
2006-12-27,1.3703123771131127,1.3703123771131127
2006-12-28,1.372034612502543,1.372034612502543
2006-12-29,1.371417439647129,1.371417439647129
2007-01-03,1.3708924469354995,1.3708924469354995
2007-01-04,1.3647077340700842,1.3647077340700842
2007-01-05,1.346652234732285,1.346652234732285
2007-01-08,1.3513212055957418,1.3513212055957418
2007-01-09,1.3438153940733728,1.3438153940733728
2007-01-10,1.3412383390804412,1.3412383390804412
2007-01-11,1.348459280011052,1.348459280011052
2007-01-12,1.3655234155357794,1.3655234155357794
2007-01-16,1.3651072276671015,1.3651072276671015
2007-01-17,1.3670165775779823,1.3670165775779823
2007-01-18,1.3610035306475807,1.3610035306475807
2007-01-19,1.3728877242927002,1.3728877242927002
2007-01-22,1.3692632848734094,1.3692632848734094
2007-01-23,1.384802047730395,1.384802047730395
2007-01-24,1.391584694675687,1.391584694675687
2007-01-25,1.3737022830583023,1.3737022830583023
2007-01-26,1.3761054280270824,1.3761054280270824
2007-01-29,1.370528298385666,1.370528298385666
2007-01-30,1.380415742697291,1.380415742697291
2007-01-31,1.388303649088352,1.388303649088352
2007-02-01,1.397502867348668,1.397502867348668
2007-02-02,1.3928497195635126,1.3928497195635126
2007-02-05,1.3928757243513357,1.3928757243513357
2007-02-06,1.400483306756436,1.400483306756436
2007-02-07,1.4004502199461988,1.4004502199461988
2007-02-08,1.4014968799482386,1.4014968799482386
2007-02-09,1.3967870266641602,1.3967870266641602
2007-02-12,1.3906603814180294,1.3906603814180294
2007-02-13,1.4016680350551542,1.4016680350551542
2007-02-14,1.4166689840770765,1.4166689840770765
2007-02-15,1.418108879618898,1.418108879618898
2007-02-16,1.418496545655622,1.418496545655622
2007-02-20,1.415906562459395,1.415906562459395
2007-02-21,1.4240012269414573,1.4240012269414573
2007-02-22,1.4229253171757945,1.4229253171757945
2007-02-23,1.4237609702697687,1.4237609702697687
2007-02-26,1.425756302693886,1.425756302693886
2007-02-27,1.369847591571357,1.369847591571357
2007-02-28,1.3857381854458029,1.3857381854458029
2007-03-01,1.3752914780495447,1.3752914780495447
2007-03-02,1.3571882877593242,1.3571882877593242
2007-03-05,1.3385336945447426,1.3385336945447426
2007-03-06,1.3681778080079323,1.3681778080079323
2007-03-07,1.3671673356405138,1.3671673356405138
2007-03-08,1.3802785305392278,1.3802785305392278
2007-03-09,1.3795440084194623,1.3795440084194623
2007-03-12,1.384463885483121,1.384463885483121
2007-03-13,1.3623391516922096,1.3623391516922096
2007-03-14,1.3673379421642249,1.3673379421642249
2007-03-15,1.3710524025334943,1.3710524025334943
2007-03-16,1.3710510993280483,1.3710510993280483
2007-03-19,1.3849200770627794,1.3849200770627794
2007-03-20,1.3931486452959965,1.3931486452959965
2007-03-21,1.4147334160740637,1.4147334160740637
2007-03-22,1.411443081480456,1.411443081480456
2007-03-23,1.4108210698426706,1.4108210698426706
2007-03-26,1.4132089494240647,1.4132089494240647
2007-03-27,1.409479282536128,1.409479282536128
2007-03-28,1.4015502412720997,1.4015502412720997
2007-03-29,1.4077217657602843,1.4077217657602843
2007-03-30,1.4085622772051307,1.4085622772051307
2007-04-02,1.4123880766132242,1.4123880766132242
2007-04-03,1.4220469368096085,1.4220469368096085
2007-04-04,1.4298796048616906,1.4298796048616906
2007-04-05,1.4319073706197272,1.4319073706197272
2007-04-09,1.4312265682910186,1.4312265682910186
2007-04-10,1.4381936501128143,1.4381936501128143
2007-04-11,1.4324525468124065,1.4324525468124065
2007-04-12,1.4403893329645425,1.4403893329645425
2007-04-13,1.4472662928917361,1.4472662928917361
2007-04-16,1.4594803066322135,1.4594803066322135
2007-04-17,1.457860810966768,1.457860810966768
2007-04-18,1.458003957858856,1.458003957858856
2007-04-19,1.4507299836904022,1.4507299836904022
2007-04-20,1.4651433496191988,1.4651433496191988
2007-04-23,1.458435158121713,1.458435158121713
2007-04-24,1.456202535155632,1.456202535155632
2007-04-25,1.4660095500933377,1.4660095500933377
2007-04-26,1.4592472100999037,1.4592472100999037
2007-04-27,1.4598819776645504,1.4598819776645504
2007-04-30,1.4497156387387722,1.4497156387387722
2007-05-01,1.44942091972239,1.44942091972239
2007-05-02,1.459031932570581,1.459031932570581
2007-05-03,1.4667802539719164,1.4667802539719164
2007-05-04,1.473980479139507,1.473980479139507
2007-05-07,1.47694616604098,1.47694616604098
2007-05-08,1.4683768419948287,1.4683768419948287
2007-05-09,1.473318513066468,1.473318513066468
2007-05-10,1.4513727795719722,1.4513727795719722
2007-05-11,1.4675256360555502,1.4675256360555502
2007-05-14,1.462179813683601,1.462179813683601
2007-05-15,1.4641523725997154,1.4641523725997154
2007-05-16,1.4667615924371336,1.4667615924371336
2007-05-17,1.4607012970877746,1.4607012970877746
2007-05-18,1.4682055505743892,1.4682055505743892
2007-05-21,1.4684946447230633,1.4684946447230633
2007-05-22,1.4658753105181799,1.4658753105181799
2007-05-23,1.468247433089487,1.468247433089487
2007-05-24,1.4522994512531586,1.4522994512531586
2007-05-25,1.4605323280240812,1.4605323280240812
2007-05-29,1.4612474801015616,1.4612474801015616
2007-05-30,1.46663155403899,1.46663155403899
2007-05-31,1.4716825148802766,1.4716825148802766
2007-06-01,1.4861536692969426,1.4861536692969426
2007-06-04,1.486477877467584,1.486477877467584
2007-06-05,1.4811392437332813,1.4811392437332813
2007-06-06,1.4665365999369124,1.4665365999369124
2007-06-07,1.4416563729037326,1.4416563729037326
2007-06-08,1.4509044298960176,1.4509044298960176
2007-06-11,1.45857566871409,1.45857566871409
2007-06-12,1.4384044723116411,1.4384044723116411
2007-06-13,1.4580640350126546,1.4580640350126546
2007-06-14,1.4692099608429512,1.4692099608429512
2007-06-15,1.4840695120524752,1.4840695120524752
2007-06-18,1.4866079015231568,1.4866079015231568
2007-06-19,1.4913435364451202,1.4913435364451202
2007-06-20,1.474201517155185,1.474201517155185
2007-06-21,1.4833379168246748,1.4833379168246748
2007-06-22,1.4742370753664222,1.4742370753664222
2007-06-25,1.4691875514540702,1.4691875514540702
2007-06-26,1.4557471573748104,1.4557471573748104
2007-06-27,1.46691249606251,1.46691249606251
2007-06-28,1.4696697635100513,1.4696697635100513
2007-06-29,1.4735758042892375,1.4735758042892375
2007-07-02,1.4907120811570214,1.4907120811570214
2007-07-03,1.4939687726166815,1.4939687726166815
2007-07-05,1.4915257141248615,1.4915257141248615
2007-07-06,1.5056872458631922,1.5056872458631922
2007-07-09,1.5129756643666228,1.5129756643666228
2007-07-10,1.5013785744187575,1.5013785744187575
2007-07-11,1.5073651500323664,1.5073651500323664
2007-07-12,1.530183222867548,1.530183222867548
2007-07-13,1.535094280945318,1.535094280945318
2007-07-16,1.5309973305807996,1.5309973305807996
2007-07-17,1.5286851117921942,1.5286851117921942
2007-07-18,1.528147386183006,1.528147386183006
2007-07-19,1.5359026877321365,1.5359026877321365
2007-07-20,1.53083872434944,1.53083872434944
2007-07-23,1.5418067246602405,1.5418067246602405
2007-07-24,1.5218831312073262,1.5218831312073262
2007-07-25,1.5206803021377657,1.5206803021377657
2007-07-26,1.4832561308557466,1.4832561308557466
2007-07-27,1.4680893491918603,1.4680893491918603
2007-07-30,1.4889799831619723,1.4889799831619723
2007-07-31,1.4801805825508283,1.4801805825508283
2007-08-01,1.4808914868162018,1.4808914868162018
2007-08-02,1.487101531828186,1.487101531828186
2007-08-03,1.4704976689007418,1.4704976689007418
2007-08-06,1.4826598084381382,1.4826598084381382
2007-08-07,1.4886641104176968,1.4886641104176968
2007-08-08,1.508575451618847,1.508575451618847
2007-08-09,1.4729965714601265,1.4729965714601265
2007-08-10,1.4654571426609846,1.4654571426609846
2007-08-13,1.4691517697214038,1.4691517697214038
2007-08-14,1.4580580471168092,1.4580580471168092
2007-08-15,1.4384304996497213,1.4384304996497213
2007-08-16,1.4375577471838636,1.4375577471838636
2007-08-17,1.4581664507016139,1.4581664507016139
2007-08-20,1.4595405060006437,1.4595405060006437
2007-08-21,1.4603506680663387,1.4603506680663387
2007-08-22,1.4845363320759126,1.4845363320759126
2007-08-23,1.4870579193606175,1.4870579193606175
2007-08-24,1.5058971373205328,1.5058971373205328
2007-08-27,1.5016002334061846,1.5016002334061846
2007-08-28,1.4803083902562397,1.4803083902562397
2007-08-29,1.506205514092033,1.506205514092033
2007-08-30,1.5011741848037619,1.5011741848037619
2007-08-31,1.5206059993707801,1.5206059993707801
2007-09-04,1.5354663609951558,1.5354663609951558
2007-09-05,1.5252383230682727,1.5252383230682727
2007-09-06,1.5352704382045848,1.5352704382045848
2007-09-07,1.5246220794132572,1.5246220794132572
2007-09-10,1.5247476315624728,1.5247476315624728
2007-09-11,1.5431224279169464,1.5431224279169464
2007-09-12,1.5446372510838016,1.5446372510838016
2007-09-13,1.5489713317315592,1.5489713317315592
2007-09-14,1.5475715742932445,1.5475715742932445
2007-09-17,1.5440543388523098,1.5440543388523098
2007-09-18,1.5819658798261076,1.5819658798261076
2007-09-19,1.5868765847229318,1.5868765847229318
2007-09-20,1.586852025336479,1.586852025336479
2007-09-21,1.592571838287787,1.592571838287787
2007-09-24,1.596417349542195,1.596417349542195
2007-09-25,1.5954610468930222,1.5954610468930222
2007-09-26,1.601202291023201,1.601202291023201
2007-09-27,1.6157595701220488,1.6157595701220488
2007-09-28,1.6172375901577887,1.6172375901577887
2007-10-01,1.6358314207878946,1.6358314207878946
2007-10-02,1.631183677778068,1.631183677778068
2007-10-03,1.6172964599550212,1.6172964599550212
2007-10-04,1.6263882769679288,1.6263882769679288
2007-10-05,1.6442080092586753,1.6442080092586753
2007-10-08,1.634610189992927,1.634610189992927
2007-10-09,1.6482604058950772,1.6482604058950772
2007-10-10,1.6491745359433898,1.6491745359433898
2007-10-11,1.6489224815262846,1.6489224815262846
2007-10-12,1.6606161775482107,1.6606161775482107
2007-10-15,1.6536030210101789,1.6536030210101789
2007-10-16,1.6401902641968396,1.6401902641968396
2007-10-17,1.6506580986213637,1.6506580986213637
2007-10-18,1.659521057183349,1.659521057183349
2007-10-19,1.6295510846439927,1.6295510846439927
2007-10-22,1.6285720131496277,1.6285720131496277
2007-10-23,1.6474977972658815,1.6474977972658815
2007-10-24,1.64673302094485,1.64673302094485
2007-10-25,1.6545870772755216,1.6545870772755216
2007-10-26,1.6807575025972985,1.6807575025972985
2007-10-29,1.6939208597752464,1.6939208597752464
2007-10-30,1.6795755122336546,1.6795755122336546
2007-10-31,1.69976709550797,1.69976709550797
2007-11-01,1.6687922515689475,1.6687922515689475
2007-11-02,1.6814249647127106,1.6814249647127106
2007-11-05,1.661180574603701,1.661180574603701
2007-11-06,1.6898488793447237,1.6898488793447237
2007-11-07,1.6673976288473662,1.6673976288473662
2007-11-08,1.6706444825280709,1.6706444825280709
2007-11-09,1.6539039661866335,1.6539039661866335
2007-11-12,1.6041482445002624,1.6041482445002624
2007-11-13,1.6486028493825726,1.6486028493825726
2007-11-14,1.6521920126922216,1.6521920126922216
2007-11-15,1.6256438838422491,1.6256438838422491
2007-11-16,1.6306526268901598,1.6306526268901598
2007-11-19,1.6032144541242053,1.6032144541242053
2007-11-20,1.6339247050114776,1.6339247050114776
2007-11-21,1.6098993457922384,1.6098993457922384
2007-11-23,1.6394453720923596,1.6394453720923596
2007-11-26,1.6207346548800896,1.6207346548800896
2007-11-27,1.6340868092682976,1.6340868092682976
2007-11-28,1.6643723805082367,1.6643723805082367
2007-11-29,1.6503144293945016,1.6503144293945016
2007-11-30,1.6548689631386793,1.6548689631386793
2007-12-03,1.6544368320393044,1.6544368320393044
2007-12-04,1.6550926440893774,1.6550926440893774
2007-12-05,1.6753349196587877,1.6753349196587877
2007-12-06,1.691381558111111,1.691381558111111
2007-12-07,1.6807569538336902,1.6807569538336902
2007-12-10,1.6922489253827204,1.6922489253827204
2007-12-11,1.6565543767870583,1.6565543767870583
2007-12-12,1.6830207540148803,1.6830207540148803
2007-12-13,1.6565866088171848,1.6565866088171848
2007-12-14,1.6420299759491888,1.6420299759491888
2007-12-17,1.6167970023920442,1.6167970023920442
2007-12-18,1.642160192014268,1.642160192014268
2007-12-19,1.646792481290706,1.646792481290706
2007-12-20,1.64535143591085,1.64535143591085
2007-12-21,1.6692689362665614,1.6692689362665614
2007-12-24,1.679025523832903,1.679025523832903
2007-12-26,1.6871760404013758,1.6871760404013758
2007-12-27,1.675109366677299,1.675109366677299
2007-12-28,1.6899081870689192,1.6899081870689192
2007-12-31,1.6795821430588098,1.6795821430588098
2008-01-02,1.6892951767197675,1.6892951767197675
2008-01-03,1.7005684871777678,1.7005684871777678
2008-01-04,1.6817952523718949,1.6817952523718949
2008-01-07,1.6842461714112356,1.6842461714112356
2008-01-08,1.6946318484211877,1.6946318484211877
2008-01-09,1.7103293284509105,1.7103293284509105
2008-01-10,1.7270754871232428,1.7270754871232428
2008-01-11,1.7155173948998337,1.7155173948998337
2008-01-14,1.7305719666138466,1.7305719666138466
2008-01-15,1.6965741603973012,1.6965741603973012
2008-01-16,1.68158422718243,1.68158422718243
2008-01-17,1.6847222025428126,1.6847222025428126
2008-01-18,1.6935181600529663,1.6935181600529663
2008-01-22,1.7020954668325323,1.7020954668325323
2008-01-23,1.6968417220122096,1.6968417220122096
2008-01-24,1.7158417401598975,1.7158417401598975
2008-01-25,1.7194396482674537,1.7194396482674537
2008-01-28,1.7349133563726462,1.7349133563726462
2008-01-29,1.7265511586550024,1.7265511586550024
2008-01-30,1.7365123911335274,1.7365123911335274
2008-01-31,1.734078816167902,1.734078816167902
2008-02-01,1.7320531531054588,1.7320531531054588
2008-02-04,1.731879755465665,1.731879755465665
2008-02-05,1.72077121597823,1.72077121597823
2008-02-06,1.7325672291129515,1.7325672291129515
2008-02-07,1.7336905928723159,1.7336905928723159
2008-02-08,1.748938898592651,1.748938898592651
2008-02-11,1.7539825281656538,1.7539825281656538
2008-02-12,1.7344374953817203,1.7344374953817203
2008-02-13,1.7447214773115935,1.7447214773115935
2008-02-14,1.7446266694184533,1.7446266694184533
2008-02-15,1.738754331188199,1.738754331188199
2008-02-19,1.7593491629757,1.7593491629757
2008-02-20,1.7739500219791071,1.7739500219791071
2008-02-21,1.7705742105629039,1.7705742105629039
2008-02-22,1.7762597928825143,1.7762597928825143
2008-02-25,1.7810671659942552,1.7810671659942552
2008-02-26,1.7979914652613842,1.7979914652613842
2008-02-27,1.8111307359954607,1.8111307359954607
2008-02-28,1.8159606790744816,1.8159606790744816
2008-02-29,1.8212119404143785,1.8212119404143785
2008-03-03,1.831106278289279,1.831106278289279
2008-03-04,1.8077808896336176,1.8077808896336176
2008-03-05,1.8261483530603515,1.8261483530603515
2008-03-06,1.813398387082245,1.813398387082245
2008-03-07,1.8123206384032626,1.8123206384032626
2008-03-10,1.815062484555006,1.815062484555006
2008-03-11,1.8106902956524602,1.8106902956524602
2008-03-12,1.8295842331806835,1.8295842331806835
2008-03-13,1.8382022082635987,1.8382022082635987
2008-03-14,1.8455299670370298,1.8455299670370298
2008-03-17,1.8537895545624625,1.8537895545624625
2008-03-18,1.8266740010746916,1.8266740010746916
2008-03-19,1.7966819143886799,1.7966819143886799
2008-03-20,1.7695983929036854,1.7695983929036854
2008-03-24,1.7649660478910967,1.7649660478910967
2008-03-25,1.792359432555444,1.792359432555444
2008-03-26,1.800085972248483,1.800085972248483
2008-03-27,1.79717491483572,1.79717491483572
2008-03-28,1.7841738239913525,1.7841738239913525
2008-03-31,1.76851238176222,1.76851238176222
2008-04-01,1.7277823590743642,1.7277823590743642
2008-04-02,1.752176966172563,1.752176966172563
2008-04-03,1.7621077804090244,1.7621077804090244
2008-04-04,1.7747791645189275,1.7747791645189275
2008-04-07,1.7886114634817076,1.7886114634817076
2008-04-08,1.779930475623746,1.779930475623746
2008-04-09,1.8029499891272267,1.8029499891272267
2008-04-10,1.8063015867311418,1.8063015867311418
2008-04-11,1.8036135404895675,1.8036135404895675
2008-04-14,1.8006834423629783,1.8006834423629783
2008-04-15,1.8012957959894225,1.8012957959894225
2008-04-16,1.827426866320216,1.827426866320216
2008-04-17,1.8182526330821964,1.8182526330821964
2008-04-18,1.8163080571870578,1.8163080571870578
2008-04-21,1.8169648246326326,1.8169648246326326
2008-04-22,1.8123732706831521,1.8123732706831521
2008-04-23,1.813445202456817,1.813445202456817
2008-04-24,1.7898926597982505,1.7898926597982505
2008-04-25,1.7940355028098107,1.7940355028098107
2008-04-28,1.797243090790592,1.797243090790592
2008-04-29,1.7746755506011798,1.7746755506011798
2008-04-30,1.7962475692670379,1.7962475692670379
2008-05-01,1.7891997384865828,1.7891997384865828
2008-05-02,1.797114202611486,1.797114202611486
2008-05-05,1.8067012883633502,1.8067012883633502
2008-05-06,1.816894049114612,1.816894049114612
2008-05-07,1.7949343675452212,1.7949343675452212
2008-05-08,1.8120279788302174,1.8120279788302174
2008-05-09,1.8085793321423278,1.8085793321423278
2008-05-12,1.8159010039335413,1.8159010039335413
2008-05-13,1.8055957117960748,1.8055957117960748
2008-05-14,1.8063447666555843,1.8063447666555843
2008-05-15,1.8342481860582767,1.8342481860582767
2008-05-16,1.8511778753791743,1.8511778753791743
2008-05-19,1.852575153766499,1.852575153766499
2008-05-20,1.8467918458840875,1.8467918458840875
2008-05-21,1.8416058230592462,1.8416058230592462
2008-05-22,1.8406415694072524,1.8406415694072524
2008-05-23,1.8304203513732258,1.8304203513732258
2008-05-27,1.8168472470208605,1.8168472470208605
2008-05-28,1.8196825125486789,1.8196825125486789
2008-05-29,1.8049846510152951,1.8049846510152951
2008-05-30,1.8156022266642855,1.8156022266642855
2008-06-02,1.8141817825610986,1.8141817825610986
2008-06-03,1.7969732585620106,1.7969732585620106
2008-06-04,1.7880328601189366,1.7880328601189366
2008-06-05,1.8070024902092467,1.8070024902092467
2008-06-06,1.8067228436210208,1.8067228436210208
2008-06-09,1.791307869030149,1.791307869030149
2008-06-10,1.761745906729846,1.761745906729846
2008-06-11,1.7780275759364648,1.7780275759364648
2008-06-12,1.749013602142371,1.749013602142371
2008-06-13,1.7537131232520224,1.7537131232520224
2008-06-16,1.7778233641524186,1.7778233641524186
2008-06-17,1.7833190766466271,1.7833190766466271
2008-06-18,1.7976032068423577,1.7976032068423577
2008-06-19,1.8004539471602998,1.8004539471602998
2008-06-20,1.8085626784404811,1.8085626784404811
2008-06-23,1.7884758537326735,1.7884758537326735
2008-06-24,1.7941715770212572,1.7941715770212572
2008-06-25,1.7941073738701458,1.7941073738701458
2008-06-26,1.8280079087726873,1.8280079087726873
2008-06-27,1.838874156704571,1.838874156704571
2008-06-30,1.838628055853605,1.838628055853605
2008-07-01,1.8481211875377783,1.8481211875377783
2008-07-02,1.8520953210144162,1.8520953210144162
2008-07-03,1.8413419675469918,1.8413419675469918
2008-07-07,1.83627677065176,1.83627677065176
2008-07-08,1.8361366369741523,1.8361366369741523
2008-07-09,1.8461729276080767,1.8461729276080767
2008-07-10,1.8674765360088064,1.8674765360088064
2008-07-11,1.8784690209652903,1.8784690209652903
2008-07-14,1.8872777976501063,1.8872777976501063
2008-07-15,1.8935017524437194,1.8935017524437194
2008-07-16,1.8692358754524212,1.8692358754524212
2008-07-17,1.8648814264504028,1.8648814264504028
2008-07-18,1.8638917240381672,1.8638917240381672
2008-07-21,1.8826950128189393,1.8826950128189393
2008-07-22,1.8419216593515368,1.8419216593515368
2008-07-23,1.7926375295714085,1.7926375295714085
2008-07-24,1.8063885618936233,1.8063885618936233
2008-07-25,1.8135089053927587,1.8135089053927587
2008-07-28,1.8180060666865299,1.8180060666865299
2008-07-29,1.805618137546519,1.805618137546519
2008-07-30,1.7959499138814066,1.7959499138814066
2008-07-31,1.8061518482480887,1.8061518482480887
2008-08-01,1.7999729116430228,1.7999729116430228
2008-08-04,1.7829914546976484,1.7829914546976484
2008-08-05,1.7829914546976484,1.7829914546976484
2008-08-06,1.7829914546976484,1.7829914546976484
2008-08-07,1.7923266843858572,1.7923266843858572
2008-08-08,1.7896340206554338,1.7896340206554338
2008-08-11,1.7896340206554338,1.7896340206554338
2008-08-12,1.7971932878536239,1.7971932878536239
2008-08-13,1.7941326500265535,1.7941326500265535
2008-08-14,1.7984526447505056,1.7984526447505056
2008-08-15,1.8036725274280765,1.8036725274280765
2008-08-18,1.8067306182932297,1.8067306182932297
2008-08-19,1.8052917005812104,1.8052917005812104
2008-08-20,1.808171156799196,1.808171156799196
2008-08-21,1.8085318992234176,1.8085318992234176
2008-08-22,1.806552446730047,1.806552446730047
2008-08-25,1.8121319141218775,1.8121319141218775
2008-08-26,1.8099719746453995,1.8099719746453995
2008-08-27,1.8121319141218775,1.8121319141218775
2008-08-28,1.8137512030460075,1.8137512030460075
2008-08-29,1.8132102051806709,1.8132102051806709
2008-09-02,1.8192444210456535,1.8192444210456535
2008-09-03,1.8188825209114696,1.8188825209114696
2008-09-04,1.8255673697752093,1.8255673697752093
2008-09-05,1.820148939839121,1.820148939839121
2008-09-08,1.8315317757294711,1.8315317757294711
2008-09-09,1.8396621412520149,1.8396621412520149
2008-09-10,1.838397111576318,1.838397111576318
2008-09-11,1.8360485811469975,1.8360485811469975
2008-09-12,1.8286401635568823,1.8286401635568823
2008-09-15,1.8358661260569544,1.8358661260569544
2008-09-16,1.8172580222925092,1.8172580222925092
2008-09-17,1.8217743646260507,1.8217743646260507
2008-09-18,1.8167140143812712,1.8167140143812712
2008-09-19,1.824846695323739,1.824846695323739
2008-09-22,1.8927636949521751,1.8927636949521751
2008-09-23,1.8745109709407393,1.8745109709407393
2008-09-24,1.8745109709407393,1.8745109709407393
2008-09-25,1.8745109709407393,1.8745109709407393
2008-09-26,1.8745109709407393,1.8745109709407393
2008-09-29,1.9379033734754043,1.9379033734754043
2008-09-30,1.9379033734754043,1.9379033734754043
2008-10-01,1.9379033734754043,1.9379033734754043
2008-10-02,1.9379033734754043,1.9379033734754043
2008-10-03,1.9379033734754043,1.9379033734754043
2008-10-06,1.9379033734754043,1.9379033734754043
2008-10-07,1.9379033734754043,1.9379033734754043
2008-10-08,1.9856459582152541,1.9856459582152541
2008-10-09,1.9963048348104446,1.9963048348104446
2008-10-10,1.9963048348104446,1.9963048348104446
2008-10-13,1.9963048348104446,1.9963048348104446
2008-10-14,1.9963048348104446,1.9963048348104446
2008-10-15,1.9963048348104446,1.9963048348104446
2008-10-16,1.9963048348104446,1.9963048348104446
2008-10-17,1.9963048348104446,1.9963048348104446
2008-10-20,1.9963048348104446,1.9963048348104446
2008-10-21,1.9963048348104446,1.9963048348104446
2008-10-22,1.9963048348104446,1.9963048348104446
2008-10-23,1.9963048348104446,1.9963048348104446
2008-10-24,1.9963048348104446,1.9963048348104446
2008-10-27,1.9963048348104446,1.9963048348104446
2008-10-28,1.9963048348104446,1.9963048348104446
2008-10-29,1.9963048348104446,1.9963048348104446
2008-10-30,1.9963048348104446,1.9963048348104446
2008-10-31,1.9963048348104446,1.9963048348104446
2008-11-03,1.9963048348104446,1.9963048348104446
2008-11-04,1.9963048348104446,1.9963048348104446
2008-11-05,1.9963048348104446,1.9963048348104446
2008-11-06,1.9963048348104446,1.9963048348104446
2008-11-07,1.9963048348104446,1.9963048348104446
2008-11-10,1.9963048348104446,1.9963048348104446
2008-11-11,1.9963048348104446,1.9963048348104446
2008-11-12,1.9963048348104446,1.9963048348104446
2008-11-13,1.9963048348104446,1.9963048348104446
2008-11-14,1.9963048348104446,1.9963048348104446
2008-11-17,1.9963048348104446,1.9963048348104446
2008-11-18,1.9963048348104446,1.9963048348104446
2008-11-19,1.9963048348104446,1.9963048348104446
2008-11-20,1.9963048348104446,1.9963048348104446
2008-11-21,1.9963048348104446,1.9963048348104446
2008-11-24,1.9963048348104446,1.9963048348104446
2008-11-25,2.0461016328425305,2.0461016328425305
2008-11-26,2.0382495422202016,2.0382495422202016
2008-11-28,2.034324744544236,2.034324744544236
2008-12-01,2.063020222790875,2.063020222790875
2008-12-02,2.0650947118017347,2.0650947118017347
2008-12-03,2.0653031325449756,2.0653031325449756
2008-12-04,2.0721491038768387,2.0721491038768387
2008-12-05,2.0607367877166896,2.0607367877166896
2008-12-08,2.0580391377564418,2.0580391377564418
2008-12-09,2.0773357203940517,2.0773357203940517
2008-12-10,2.0736013512484575,2.0736013512484575
2008-12-11,2.084392345079512,2.084392345079512
2008-12-12,2.085014324058711,2.085014324058711
2008-12-15,2.089992388502662,2.089992388502662
2008-12-16,2.098292183166395,2.098292183166395
2008-12-17,2.1159434334168403,2.1159434334168403
2008-12-18,2.1292631899427663,2.1292631899427663
2008-12-19,2.1223956371358463,2.1223956371358463
2008-12-22,2.1338420414958272,2.1338420414958272
2008-12-23,2.1546525720576364,2.1546525720576364
2008-12-24,2.1648520070341117,2.1648520070341117
2008-12-26,2.188964205131887,2.188964205131887
2008-12-29,2.206987855718544,2.206987855718544
2008-12-30,2.2016610896157105,2.2016610896157105
2008-12-31,2.210345947282291,2.210345947282291
2009-01-02,2.1997492459832126,2.1997492459832126
2009-01-05,2.194953405716652,2.194953405716652
2009-01-06,2.19724120741653,2.19724120741653
2009-01-07,2.17707880686984,2.17707880686984
2009-01-08,2.1912767976313487,2.1912767976313487
2009-01-09,2.18381854019555,2.18381854019555
2009-01-12,2.195320583340793,2.195320583340793
2009-01-13,2.1989454533800252,2.1989454533800252
2009-01-14,2.1959637357825206,2.1959637357825206
2009-01-15,2.195749575558557,2.195749575558557
2009-01-16,2.2070386676655427,2.2070386676655427
2009-01-20,2.2254367559758346,2.2254367559758346
2009-01-21,2.214735011097615,2.214735011097615
2009-01-22,2.2156412955710603,2.2156412955710603
2009-01-23,2.2656412319610717,2.2656412319610717
2009-01-26,2.2699040205390695,2.2699040205390695
2009-01-27,2.268427656563616,2.268427656563616
2009-01-28,2.256773031945308,2.256773031945308
2009-01-29,2.273592111749144,2.273592111749144
2009-01-30,2.303751717408668,2.303751717408668
2009-02-02,2.270622275987023,2.270622275987023
2009-02-03,2.260865882134191,2.260865882134191
2009-02-04,2.2683725254863942,2.2683725254863942
2009-02-05,2.2767342035411704,2.2767342035411704
2009-02-06,2.2730916097819445,2.2730916097819445
2009-02-09,2.257093459582254,2.257093459582254
2009-02-10,2.2881736902664036,2.2881736902664036
2009-02-11,2.314328067360703,2.314328067360703
2009-02-12,2.331514513399978,2.331514513399978
2009-02-13,2.320217599624083,2.320217599624083
2009-02-17,2.3574812190101326,2.3574812190101326
2009-02-18,2.3730814251607684,2.3730814251607684
2009-02-19,2.35725632191228,2.35725632191228
2009-02-20,2.3762008920271964,2.3762008920271964
2009-02-23,2.381468831306863,2.381468831306863
2009-02-24,2.342570397386601,2.342570397386601
2009-02-25,2.3219934610361572,2.3219934610361572
2009-02-26,2.3147921917937233,2.3147921917937233
2009-02-27,2.309559532408032,2.309559532408032
2009-03-02,2.292243949329885,2.292243949329885
2009-03-03,2.2795459486223946,2.2795459486223946
2009-03-04,2.2609278230657495,2.2609278230657495
2009-03-05,2.3027643755714213,2.3027643755714213
2009-03-06,2.309615341129596,2.309615341129596
2009-03-09,2.280180233194312,2.280180233194312
2009-03-10,2.2522130592620924,2.2522130592620924
2009-03-11,2.2687086817722335,2.2687086817722335
2009-03-12,2.2936264958844723,2.2936264958844723
2009-03-13,2.2972844186414147,2.2972844186414147
2009-03-16,2.2874579739827725,2.2874579739827725
2009-03-17,2.274465175198906,2.274465175198906
2009-03-18,2.3310581875772924,2.3310581875772924
2009-03-19,2.3497012486531954,2.3497012486531954
2009-03-20,2.3336649519313273,2.3336649519313273
2009-03-23,2.31483910837915,2.31483910837915
2009-03-24,2.292754407283246,2.292754407283246
2009-03-25,2.3007250784392066,2.3007250784392066
2009-03-26,2.3023961847607284,2.3023961847607284
2009-03-27,2.2877860344250815,2.2877860344250815
2009-03-30,2.2841807713113655,2.2841807713113655
2009-03-31,2.2938710437286143,2.2938710437286143
2009-04-01,2.3028427841585266,2.3028427841585266
2009-04-02,2.2709911300842625,2.2709911300842625
2009-04-03,2.251799729716786,2.251799729716786
2009-04-06,2.2217536746855338,2.2217536746855338
2009-04-07,2.239133746885074,2.239133746885074
2009-04-08,2.241141387881318,2.241141387881318
2009-04-09,2.2355892622231495,2.2355892622231495
2009-04-13,2.2640475143885492,2.2640475143885492
2009-04-14,2.2572540710602413,2.2572540710602413
2009-04-15,2.262058510057655,2.262058510057655
2009-04-16,2.2382056968357493,2.2382056968357493
2009-04-17,2.224320204946074,2.224320204946074
2009-04-20,2.2533056616595886,2.2533056616595886
2009-04-21,2.248967859582051,2.248967859582051
2009-04-22,2.2583169728653916,2.2583169728653916
2009-04-23,2.27811701680528,2.27811701680528
2009-04-24,2.2911548788077787,2.2911548788077787
2009-04-27,2.283895775860743,2.283895775860743
2009-04-28,2.267393834830178,2.267393834830178
2009-04-29,2.3090279815828505,2.3090279815828505
2009-04-30,2.31056406294988,2.31056406294988
2009-05-01,2.316050293864654,2.316050293864654
2009-05-04,2.3850107991109697,2.3850107991109697
2009-05-05,2.376008119776996,2.376008119776996
2009-05-06,2.4030051081588786,2.4030051081588786
2009-05-07,2.3786277103093605,2.3786277103093605
2009-05-08,2.4289688009627044,2.4289688009627044
2009-05-11,2.4079530806106164,2.4079530806106164
2009-05-12,2.427155108353825,2.427155108353825
2009-05-13,2.4016642317113908,2.4016642317113908
2009-05-14,2.4131096033417476,2.4131096033417476
2009-05-15,2.412100469849096,2.412100469849096
2009-05-18,2.4589888108596774,2.4589888108596774
2009-05-19,2.4761333709167115,2.4761333709167115
2009-05-20,2.492774582693836,2.492774582693836
2009-05-21,2.4852967139808784,2.4852967139808784
2009-05-22,2.4919185971604265,2.4919185971604265
2009-05-26,2.507833629706694,2.507833629706694
2009-05-27,2.4829310669227986,2.4829310669227986
2009-05-28,2.513914070404404,2.513914070404404
2009-05-29,2.556383281119803,2.556383281119803
2009-06-01,2.5940598194087694,2.5940598194087694
2009-06-02,2.598468532645918,2.598468532645918
2009-06-03,2.5489241783159198,2.5489241783159198
2009-06-04,2.571977675135279,2.571977675135279
2009-06-05,2.550691348024958,2.550691348024958
2009-06-08,2.537423520021127,2.537423520021127
2009-06-09,2.5509202607661954,2.5509202607661954
2009-06-10,2.55578968055911,2.55578968055911
2009-06-11,2.5787033645586863,2.5787033645586863
2009-06-12,2.563293707465049,2.563293707465049
2009-06-15,2.5107166727011725,2.5107166727011725
2009-06-16,2.4958045468522587,2.4958045468522587
2009-06-17,2.494377528915595,2.494377528915595
2009-06-18,2.4885083126152967,2.4885083126152967
2009-06-19,2.5041289442062236,2.5041289442062236
2009-06-22,2.448186115725693,2.448186115725693
2009-06-23,2.461837253194314,2.461837253194314
2009-06-24,2.4788789386886125,2.4788789386886125
2009-06-25,2.521832444337616,2.521832444337616
2009-06-26,2.5235741235467404,2.5235741235467404
2009-06-29,2.5345197845021104,2.5345197845021104
2009-06-30,2.514737916062663,2.514737916062663
2009-07-01,2.5408539915589508,2.5408539915589508
2009-07-02,2.493355292677763,2.493355292677763
2009-07-06,2.4897987589178876,2.4897987589178876
2009-07-07,2.4576679881941996,2.4576679881941996
2009-07-08,2.4445299428108993,2.4445299428108993
2009-07-09,2.46015651478932,2.46015651478932
2009-07-10,2.449487332570082,2.449487332570082
2009-07-13,2.4765571936230684,2.4765571936230684
2009-07-14,2.4893343682840547,2.4893343682840547
2009-07-15,2.552231708593279,2.552231708593279
2009-07-16,2.556992072886799,2.556992072886799
2009-07-17,2.5656984716441684,2.5656984716441684
2009-07-20,2.6076044768280378,2.6076044768280378
2009-07-21,2.61457575679594,2.61457575679594
2009-07-22,2.6145297084214265,2.6145297084214265
2009-07-23,2.647357506876446,2.647357506876446
2009-07-24,2.6510915959032957,2.6510915959032957
2009-07-27,2.6579381993038433,2.6579381993038433
2009-07-28,2.6427187166493056,2.6427187166493056
2009-07-29,2.6209317947775665,2.6209317947775665
2009-07-30,2.6526841670847885,2.6526841670847885
2009-07-31,2.676798530266272,2.676798530266272
2009-08-03,2.7199620032894054,2.7199620032894054
2009-08-04,2.7185939134912323,2.7185939134912323
2009-08-05,2.7103236147971215,2.7103236147971215
2009-08-06,2.698910700277505,2.698910700277505
2009-08-07,2.7027608508441405,2.7027608508441405
2009-08-10,2.691756953204387,2.691756953204387
2009-08-11,2.672902090772675,2.672902090772675
2009-08-12,2.690181719891525,2.690181719891525
2009-08-13,2.717686621655598,2.717686621655598
2009-08-14,2.6957969850118886,2.6957969850118886
2009-08-17,2.6382239095666313,2.6382239095666313
2009-08-18,2.6639529062534786,2.6639529062534786
2009-08-19,2.6783444491205524,2.6783444491205524
2009-08-20,2.6963237267312463,2.6963237267312463
2009-08-21,2.7317680399850492,2.7317680399850492
2009-08-24,2.7286043358082965,2.7286043358082965
2009-08-25,2.7372679590615987,2.7372679590615987
2009-08-26,2.7343573979230653,2.7343573979230653
2009-08-27,2.740612914686714,2.740612914686714
2009-08-28,2.741570413683449,2.741570413683449
2009-08-31,2.721383810759393,2.721383810759393
2009-09-01,2.687495845142236,2.687495845142236
2009-09-02,2.7065353057726647,2.7065353057726647
2009-09-03,2.7322375509455994,2.7322375509455994
2009-09-04,2.75814017683663,2.75814017683663
2009-09-08,2.783826164159091,2.783826164159091
2009-09-09,2.7970353946271937,2.7970353946271937
2009-09-10,2.8214762055223206,2.8214762055223206
2009-09-11,2.8271280061857236,2.8271280061857236
2009-09-14,2.8234209871695923,2.8234209871695923
2009-09-15,2.8371715925984606,2.8371715925984606
2009-09-16,2.877459239824883,2.877459239824883
2009-09-17,2.869228621784398,2.869228621784398
2009-09-18,2.8674708984849357,2.8674708984849357
2009-09-21,2.852697212039427,2.852697212039427
2009-09-22,2.8798172905089117,2.8798172905089117
2009-09-23,2.8580059005303777,2.8580059005303777
2009-09-24,2.825414491152237,2.825414491152237
2009-09-25,2.8208888345092697,2.8208888345092697
2009-09-28,2.8461808167705134,2.8461808167705134
2009-09-29,2.8443364192899305,2.8443364192899305
2009-09-30,2.855197901898009,2.855197901898009
2009-10-01,2.8063139732055755,2.8063139732055755
2009-10-02,2.7993082056465126,2.7993082056465126
2009-10-05,2.8373865701908403,2.8373865701908403
2009-10-06,2.8776223968748726,2.8776223968748726
2009-10-07,2.8835015893991707,2.8835015893991707
2009-10-08,2.9101368398660137,2.9101368398660137
2009-10-09,2.9041071383775687,2.9041071383775687
2009-10-12,2.9200702825226768,2.9200702825226768
2009-10-13,2.924033566685826,2.924033566685826
2009-10-14,2.965188760523056,2.965188760523056
2009-10-15,2.958372055390541,2.958372055390541
2009-10-16,2.9386397596164127,2.9386397596164127
2009-10-19,2.9713397497282,2.9713397497282
2009-10-20,2.954006953040727,2.954006953040727
2009-10-21,2.9450439669063635,2.9450439669063635
2009-10-22,2.9617405353778876,2.9617405353778876
2009-10-23,2.937537726009002,2.937537726009002
2009-10-26,2.9041064985160756,2.9041064985160756
2009-10-27,2.888954208720753,2.888954208720753
2009-10-28,2.8321778055030298,2.8321778055030298
2009-10-29,2.8959895170056464,2.8959895170056464
2009-10-30,2.834155099528761,2.834155099528761
2009-11-02,2.859243724233354,2.859243724233354
2009-11-03,2.8727619231994797,2.8727619231994797
2009-11-04,2.8932292903063437,2.8932292903063437
2009-11-05,2.9241075272958446,2.9241075272958446
2009-11-06,2.9295745582552555,2.9295745582552555
2009-11-09,2.9858275304947344,2.9858275304947344
2009-11-10,2.9812835514142333,2.9812835514142333
2009-11-11,2.998117316334224,2.998117316334224
2009-11-12,2.9635373671709324,2.9635373671709324
2009-11-13,2.9941986068343303,2.9941986068343303
2009-11-16,3.0392136826248097,3.0392136826248097
2009-11-17,3.0360953296111632,3.0360953296111632
2009-11-18,3.0292620083958965,3.0292620083958965
2009-11-19,2.9996254212942888,2.9996254212942888
2009-11-20,2.9953022404779572,2.9953022404779572
2009-11-23,3.033201565956647,3.033201565956647
2009-11-24,3.0324167823007104,3.0324167823007104
2009-11-25,3.060275897312634,3.060275897312634
2009-11-27,3.0012583238225288,3.0012583238225288
2009-11-30,3.0151242817314405,3.0151242817314405
2009-12-01,3.063999194835362,3.063999194835362
2009-12-02,3.0754248734666985,3.0754248734666985
2009-12-03,3.061061915317453,3.061061915317453
2009-12-04,3.0412595136585203,3.0412595136585203
2009-12-07,3.028925634561225,3.028925634561225
2009-12-08,2.9896642061851604,2.9896642061851604
2009-12-09,2.9935979083489346,2.9935979083489346
2009-12-10,3.001755780374442,3.001755780374442
2009-12-11,2.996718433186276,2.996718433186276
2009-12-14,3.016099602231822,3.016099602231822
2009-12-15,2.998551120576183,2.998551120576183
2009-12-16,3.018600142596768,3.018600142596768
2009-12-17,2.9577743288716833,2.9577743288716833
2009-12-18,2.9730161300786127,2.9730161300786127
2009-12-21,2.9666442426245063,2.9666442426245063
2009-12-22,2.9724882133859887,2.9724882133859887
2009-12-23,2.987322363720948,2.987322363720948
2009-12-24,3.0076468943878996,3.0076468943878996
2009-12-28,3.0109788644306428,3.0109788644306428
2009-12-29,3.0036609007637396,3.0036609007637396
2009-12-30,3.0020987079645347,3.0020987079645347
2009-12-31,2.995539585113895,2.995539585113895
2010-01-04,3.053481386380519,3.053481386380519
2010-01-05,3.0622909721776876,3.0622909721776876
2010-01-06,3.0763435432340054,3.0763435432340054
2010-01-07,3.068479324772416,3.068479324772416
2010-01-08,3.0836534684578347,3.0836534684578347
2010-01-11,3.09601363218117,3.09601363218117
2010-01-12,3.0640292104841507,3.0640292104841507
2010-01-13,3.079476365898406,3.079476365898406
2010-01-14,3.088569002246669,3.088569002246669
2010-01-15,3.059540769440311,3.059540769440311
2010-01-19,3.0882378766624408,3.0882378766624408
2010-01-20,3.0386461739526127,3.0386461739526127
2010-01-21,2.987053925440115,2.987053925440115
2010-01-22,2.9480593506805,2.9480593506805
2010-01-25,2.9642721694164633,2.9642721694164633
2010-01-26,2.947263916974875,2.947263916974875
2010-01-27,2.9418109534721384,2.9418109534721384
2010-01-28,2.920316862469166,2.920316862469166
2010-01-29,2.8976746377369778,2.8976746377369778
2010-02-01,2.945159578860127,2.945159578860127
2010-02-02,2.9718122307496064,2.9718122307496064
2010-02-03,2.9557403034108694,2.9557403034108694
2010-02-04,2.8645779480899134,2.8645779480899134
2010-02-05,2.860287511665552,2.860287511665552
2010-02-08,2.845010345584388,2.845010345584388
2010-02-09,2.895084948817356,2.895084948817356
2010-02-10,2.8858334685079963,2.8858334685079963
2010-02-11,2.9225414177723352,2.9225414177723352
2010-02-12,2.9092803896224186,2.9092803896224186
2010-02-16,2.961829965652709,2.961829965652709
2010-02-17,2.963706799886437,2.963706799886437
2010-02-18,2.9765379166056323,2.9765379166056323
2010-02-19,2.966686515021341,2.966686515021341
2010-02-22,2.9654728238578922,2.9654728238578922
2010-02-23,2.931892405622331,2.931892405622331
2010-02-24,2.944357280432594,2.944357280432594
2010-02-25,2.941530338066481,2.941530338066481
2010-02-26,2.957646164966832,2.957646164966832
2010-03-01,2.9792874651232455,2.9792874651232455
2010-03-02,3.0010865377859446,3.0010865377859446
2010-03-03,3.0128576845782393,3.0128576845782393
2010-03-04,3.00674673726273,3.00674673726273
2010-03-05,3.041461562296578,3.041461562296578
2010-03-08,3.03731677746374,3.03731677746374
2010-03-09,3.0401126041326556,3.0401126041326556
2010-03-10,3.0423168503464164,3.0423168503464164
2010-03-11,3.048052812828081,3.048052812828081
2010-03-12,3.046538726074797,3.046538726074797
2010-03-15,3.0410809216583443,3.0410809216583443
2010-03-16,3.0740327315890443,3.0740327315890443
2010-03-17,3.0835808917268728,3.0835808917268728
2010-03-18,3.0786465503296485,3.0786465503296485
2010-03-19,3.0493229810051248,3.0493229810051248
2010-03-22,3.0540473672569566,3.0540473672569566
2010-03-23,3.070265469023683,3.070265469023683
2010-03-24,3.0334821595956747,3.0334821595956747
2010-03-25,3.031706030956497,3.031706030956497
2010-03-26,3.051532868041661,3.051532868041661
2010-03-29,3.0717593611897676,3.0717593611897676
2010-03-30,3.0703566189824287,3.0703566189824287
2010-03-31,3.075946943636585,3.075946943636585
2010-04-01,3.114264737177097,3.114264737177097
2010-04-05,3.125336542447495,3.125336542447495
2010-04-06,3.1284974960120944,3.1284974960120944
2010-04-07,3.1259776688064513,3.1259776688064513
2010-04-08,3.1299287269396374,3.1299287269396374
2010-04-09,3.152301768175979,3.152301768175979
2010-04-12,3.148211970669198,3.148211970669198
2010-04-13,3.1460770034585384,3.1460770034585384
2010-04-14,3.1720325998294014,3.1720325998294014
2010-04-15,3.1732947670728153,3.1732947670728153
2010-04-16,3.1181327455461068,3.1181327455461068
2010-04-19,3.1146989448397195,3.1146989448397195
2010-04-20,3.134235053351725,3.134235053351725
2010-04-21,3.1328294783547745,3.1328294783547745
2010-04-22,3.1278125252899045,3.1278125252899045
2010-04-23,3.146715143237836,3.146715143237836
2010-04-26,3.1425008675577564,3.1425008675577564
2010-04-27,3.0923852093309185,3.0923852093309185
2010-04-28,3.099738816797119,3.099738816797119
2010-04-29,3.12731368174179,3.12731368174179
2010-04-30,3.1099823894565004,3.1099823894565004
2010-05-03,3.126722541403792,3.126722541403792
2010-05-04,3.069811294413613,3.069811294413613
2010-05-05,3.0522362182937055,3.0522362182937055
2010-05-06,3.049957029407996,3.049957029407996
2010-05-07,3.028488256909506,3.028488256909506
2010-05-10,3.1117977995903807,3.1117977995903807
2010-05-11,3.118878560184599,3.118878560184599
2010-05-12,3.143445486447145,3.143445486447145
2010-05-13,3.1220272608260933,3.1220272608260933
2010-05-14,3.105317736997114,3.105317736997114
2010-05-17,3.0963911136901516,3.0963911136901516
2010-05-18,3.0870098717099705,3.0870098717099705
2010-05-19,3.0570092788944923,3.0570092788944923
2010-05-20,3.0453523770133715,3.0453523770133715
2010-05-21,3.043700134322636,3.043700134322636
2010-05-24,3.064236374468307,3.064236374468307
2010-05-25,3.072936856848778,3.072936856848778
2010-05-26,3.0857287377244798,3.0857287377244798
2010-05-27,3.119664908541308,3.119664908541308
2010-05-28,3.1237859716352006,3.1237859716352006
2010-06-01,3.1398983732704924,3.1398983732704924
2010-06-02,3.1649266783779653,3.1649266783779653
2010-06-03,3.1520296511958037,3.1520296511958037
2010-06-04,3.17250103389577,3.17250103389577
2010-06-07,3.207763862980371,3.207763862980371
2010-06-08,3.199480273537624,3.199480273537624
2010-06-09,3.194568883231658,3.194568883231658
2010-06-10,3.1686770878422847,3.1686770878422847
2010-06-11,3.183427712404922,3.183427712404922
2010-06-14,3.18024880191733,3.18024880191733
2010-06-15,3.2166730219365958,3.2166730219365958
2010-06-16,3.2120629711381214,3.2120629711381214
2010-06-17,3.2302796944983787,3.2302796944983787
2010-06-18,3.237938764713224,3.237938764713224
2010-06-21,3.2352864330375315,3.2352864330375315
2010-06-22,3.251204264939782,3.251204264939782
2010-06-23,3.2486369822947916,3.2486369822947916
2010-06-24,3.251967008777284,3.251967008777284
2010-06-25,3.2738270281761794,3.2738270281761794
2010-06-28,3.2546258662970278,3.2546258662970278
2010-06-29,3.2619159261874553,3.2619159261874553
2010-06-30,3.2675837595566315,3.2675837595566315
2010-07-01,3.2044255760450344,3.2044255760450344
2010-07-02,3.2220261498382805,3.2220261498382805
2010-07-06,3.2000876764894124,3.2000876764894124
2010-07-07,3.21474881616405,3.21474881616405
2010-07-08,3.2073483417190634,3.2073483417190634
2010-07-09,3.2292328648000685,3.2292328648000685
2010-07-12,3.217134372807882,3.217134372807882
2010-07-13,3.236186594544698,3.236186594544698
2010-07-14,3.237132111854631,3.237132111854631
2010-07-15,3.238445115552457,3.238445115552457
2010-07-16,3.2220693178283337,3.2220693178283337
2010-07-19,3.2075906304782285,3.2075906304782285
2010-07-20,3.2404118727296045,3.2404118727296045
2010-07-21,3.2364004146102094,3.2364004146102094
2010-07-22,3.2774376108065395,3.2774376108065395
2010-07-23,3.275795392168987,3.275795392168987
2010-07-26,3.2857234701936253,3.2857234701936253
2010-07-27,3.2696639119957607,3.2696639119957607
2010-07-28,3.263309449479676,3.263309449479676
2010-07-29,3.2710473104967366,3.2710473104967366
2010-07-30,3.2896113971399976,3.2896113971399976
2010-08-02,3.3430441593503915,3.3430441593503915
2010-08-03,3.338736738631036,3.338736738631036
2010-08-04,3.3477925241813935,3.3477925241813935
2010-08-05,3.3458793183903457,3.3458793183903457
2010-08-06,3.3504245611825234,3.3504245611825234
2010-08-09,3.3557508555750695,3.3557508555750695
2010-08-10,3.340571140338863,3.340571140338863
2010-08-11,3.3024166220096247,3.3024166220096247
2010-08-12,3.316005294790173,3.316005294790173
2010-08-13,3.3243008293798826,3.3243008293798826
2010-08-16,3.347585261816112,3.347585261816112
2010-08-17,3.358118548260485,3.358118548260485
2010-08-18,3.3604619072168003,3.3604619072168003
2010-08-19,3.3570255350298006,3.3570255350298006
2010-08-20,3.348310101788992,3.348310101788992
2010-08-23,3.337609972435915,3.337609972435915
2010-08-24,3.3523082950439016,3.3523082950439016
2010-08-25,3.3623854017707497,3.3623854017707497
2010-08-26,3.3590113286343195,3.3590113286343195
2010-08-27,3.3778820531051776,3.3778820531051776
2010-08-30,3.387888763539148,3.387888763539148
2010-08-31,3.4055249144380286,3.4055249144380286
2010-09-01,3.4394303142481224,3.4394303142481224
2010-09-02,3.4455370259416243,3.4455370259416243
2010-09-03,3.458630280550159,3.458630280550159
2010-09-07,3.453153926723695,3.453153926723695
2010-09-08,3.464902454287402,3.464902454287402
2010-09-09,3.4657266938707765,3.4657266938707765
2010-09-10,3.473290747005979,3.473290747005979
2010-09-13,3.5111705746615947,3.5111705746615947
2010-09-14,3.5315112395353494,3.5315112395353494
2010-09-15,3.533686051691332,3.533686051691332
2010-09-16,3.5292709213853724,3.5292709213853724
2010-09-17,3.5253902013893166,3.5253902013893166
2010-09-20,3.5616715887002397,3.5616715887002397
2010-09-21,3.567527364479432,3.567527364479432
2010-09-22,3.5647395313998835,3.5647395313998835
2010-09-23,3.548010253582022,3.548010253582022
2010-09-24,3.5950792960670337,3.5950792960670337
2010-09-27,3.589326231182789,3.589326231182789
2010-09-28,3.609345953420818,3.609345953420818
2010-09-29,3.609388914934633,3.609388914934633
2010-09-30,3.6056213071730467,3.6056213071730467
2010-10-01,3.6313123398400755,3.6313123398400755
2010-10-04,3.611823032116724,3.611823032116724
2010-10-05,3.6741519817544903,3.6741519817544903
2010-10-06,3.6852578058281846,3.6852578058281846
2010-10-07,3.6676294270103327,3.6676294270103327
2010-10-08,3.6941238322583154,3.6941238322583154
2010-10-11,3.6965589511868067,3.6965589511868067
2010-10-12,3.691646902178441,3.691646902178441
2010-10-13,3.7311033179303936,3.7311033179303936
2010-10-14,3.733163451746913,3.733163451746913
2010-10-15,3.7238270083392093,3.7238270083392093
2010-10-18,3.735461802481351,3.735461802481351
2010-10-19,3.662979308777294,3.662979308777294
2010-10-20,3.7032506931681253,3.7032506931681253
2010-10-21,3.6892943175709285,3.6892943175709285
2010-10-22,3.6952300209749294,3.6952300209749294
2010-10-25,3.714729925047236,3.714729925047236
2010-10-26,3.707895008899969,3.707895008899969
2010-10-27,3.6768883491572044,3.6768883491572044
2010-10-28,3.6989991653783623,3.6989991653783623
2010-10-29,3.7107424686037955,3.7107424686037955
2010-11-01,3.7122476249208414,3.7122476249208414
2010-11-02,3.7441696492501397,3.7441696492501397
2010-11-03,3.7516271871313616,3.7516271871313616
2010-11-04,3.8292056231697513,3.8292056231697513
2010-11-05,3.827181597249083,3.827181597249083
2010-11-08,3.825440170511751,3.825440170511751
2010-11-09,3.786711510327947,3.786711510327947
2010-11-10,3.806117810934789,3.806117810934789
2010-11-11,3.7915458659207513,3.7915458659207513
2010-11-12,3.733057494436654,3.733057494436654
2010-11-15,3.7199704315160407,3.7199704315160407
2010-11-16,3.66497776698088,3.66497776698088
2010-11-17,3.6700390265400875,3.6700390265400875
2010-11-18,3.726088496743702,3.726088496743702
2010-11-19,3.730074420949697,3.730074420949697
2010-11-22,3.7282329369915432,3.7282329369915432
2010-11-23,3.6773166432922015,3.6773166432922015
2010-11-24,3.7120832644988115,3.7120832644988115
2010-11-26,3.6682239022480934,3.6682239022480934
2010-11-29,3.6723694301075045,3.6723694301075045
2010-11-30,3.6639512510087577,3.6639512510087577
2010-12-01,3.717243376972413,3.717243376972413
2010-12-02,3.753118614186559,3.753118614186559
2010-12-03,3.7825379053589576,3.7825379053589576
2010-12-06,3.7855028399239252,3.7855028399239252
2010-12-07,3.7626955461197085,3.7626955461197085
2010-12-08,3.749815760875141,3.749815760875141
2010-12-09,3.75669892576139,3.75669892576139
2010-12-10,3.7649686347325457,3.7649686347325457
2010-12-13,3.7824616289567463,3.7824616289567463
2010-12-14,3.7870729387457716,3.7870729387457716
2010-12-15,3.744636912503935,3.744636912503935
2010-12-16,3.751719900366458,3.751719900366458
2010-12-17,3.7557780719296496,3.7557780719296496
2010-12-20,3.7614802848373907,3.7614802848373907
2010-12-21,3.7861184450693037,3.7861184450693037
2010-12-22,3.7901533546811703,3.7901533546811703
2010-12-23,3.7842358594119623,3.7842358594119623
2010-12-27,3.7847079449897545,3.7847079449897545
2010-12-28,3.8031163614789496,3.8031163614789496
2010-12-29,3.8280891365924945,3.8280891365924945
2010-12-30,3.8227286185383096,3.8227286185383096
2010-12-31,3.845418728050695,3.845418728050695
2011-01-03,3.86227123368745,3.86227123368745
2011-01-04,3.845037800060412,3.845037800060412
2011-01-05,3.837959929086979,3.837959929086979
2011-01-06,3.816569388667557,3.816569388667557
2011-01-07,3.8060229120951585,3.8060229120951585
2011-01-10,3.800941694765677,3.800941694765677
2011-01-11,3.819909165480493,3.819909165480493
2011-01-12,3.862030926667404,3.862030926667404
2011-01-13,3.850877883003738,3.850877883003738
2011-01-14,3.8539926099516846,3.8539926099516846
2011-01-18,3.8630227255771827,3.8630227255771827
2011-01-19,3.8460071298716625,3.8460071298716625
2011-01-20,3.812556624858776,3.812556624858776
2011-01-21,3.8118716492770433,3.8118716492770433
2011-01-24,3.8258882269852106,3.8258882269852106
2011-01-25,3.82106127563281,3.82106127563281
2011-01-26,3.839309462982506,3.839309462982506
2011-01-27,3.8227769769786475,3.8227769769786475
2011-01-28,3.7833831131344287,3.7833831131344287
2011-01-31,3.799819987001871,3.799819987001871
2011-02-01,3.852254626343746,3.852254626343746
2011-02-02,3.839860450381074,3.839860450381074
2011-02-03,3.8537929861326714,3.8537929861326714
2011-02-04,3.852059379417361,3.852059379417361
2011-02-07,3.862479264119804,3.862479264119804
2011-02-08,3.884324359647363,3.884324359647363
2011-02-09,3.8564618878553203,3.8564618878553203
2011-02-10,3.8398213414273736,3.8398213414273736
2011-02-11,3.8539090845985715,3.8539090845985715
2011-02-14,3.85785669869859,3.85785669869859
2011-02-15,3.861283813005488,3.861283813005488
2011-02-16,3.887976036403885,3.887976036403885
2011-02-17,3.90440357692451,3.90440357692451
2011-02-18,3.918373444198205,3.918373444198205
2011-02-22,3.845770956022449,3.845770956022449
2011-02-23,3.8506066154069107,3.8506066154069107
2011-02-24,3.8458939173299562,3.8458939173299562
2011-02-25,3.879659573453873,3.879659573453873
2011-02-28,3.899119746594105,3.899119746594105
2011-03-01,3.8800141788274503,3.8800141788274503
2011-03-02,3.8945186002822987,3.8945186002822987
2011-03-03,3.9302888505496494,3.9302888505496494
2011-03-04,3.9240356842094326,3.9240356842094326
2011-03-07,3.8956807410545244,3.8956807410545244
2011-03-08,3.9178034085350655,3.9178034085350655
2011-03-09,3.92059066074909,3.92059066074909
2011-03-10,3.856939788389335,3.856939788389335
2011-03-11,3.8729056242743667,3.8729056242743667
2011-03-14,3.8629623333259735,3.8629623333259735
2011-03-15,3.8109707221597304,3.8109707221597304
2011-03-16,3.759643812573456,3.759643812573456
2011-03-17,3.8074244559699197,3.8074244559699197
2011-03-18,3.829569177005728,3.829569177005728
2011-03-21,3.8775355059897243,3.8775355059897243
2011-03-22,3.8745511107579156,3.8745511107579156
2011-03-23,3.894730360458196,3.894730360458196
2011-03-24,3.9131889942652904,3.9131889942652904
2011-03-25,3.90467311160094,3.90467311160094
2011-03-28,3.891804798968177,3.891804798968177
2011-03-29,3.9122610287489676,3.9122610287489676
2011-03-30,3.9464294208709676,3.9464294208709676
2011-03-31,3.9574071612696198,3.9574071612696198
2011-04-01,3.9821587619500636,3.9821587619500636
2011-04-04,3.9955833162875085,3.9955833162875085
2011-04-05,4.006749572950463,4.006749572950463
2011-04-06,4.025936032192054,4.025936032192054
2011-04-07,4.018345957309051,4.018345957309051
2011-04-08,4.032255152172814,4.032255152172814
2011-04-11,4.008203187966252,4.008203187966252
2011-04-12,3.9652933794386946,3.9652933794386946
2011-04-13,3.9765811881069784,3.9765811881069784
2011-04-14,3.998183614662715,3.998183614662715
2011-04-15,4.010686523102088,4.010686523102088
2011-04-18,3.9713980673327725,3.9713980673327725
2011-04-19,3.9948357411307995,3.9948357411307995
2011-04-20,4.046951843450319,4.046951843450319
2011-04-21,4.065358858604156,4.065358858604156
2011-04-25,4.059045981290611,4.059045981290611
2011-04-26,4.07960739278375,4.07960739278375
2011-04-27,4.10867274083918,4.10867274083918
2011-04-28,4.115545190348774,4.115545190348774
2011-04-29,4.1332817262048245,4.1332817262048245
2011-05-02,4.127317350355976,4.127317350355976
2011-05-03,4.096630801420532,4.096630801420532
2011-05-04,4.0604318249900615,4.0604318249900615
2011-05-05,4.007697526429982,4.007697526429982
2011-05-06,4.032209512902505,4.032209512902505
2011-05-09,4.055051092167705,4.055051092167705
2011-05-10,4.080666837754479,4.080666837754479
2011-05-11,4.031588116116913,4.031588116116913
2011-05-12,4.039480980817302,4.039480980817302
2011-05-13,3.9989779130248553,3.9989779130248553
2011-05-16,3.991555910322613,3.991555910322613
2011-05-17,3.993143279604792,3.993143279604792
2011-05-18,4.021545010477379,4.021545010477379
2011-05-19,4.0225295169325905,4.0225295169325905
2011-05-20,4.009202311599892,4.009202311599892
2011-05-23,3.9671672372444173,3.9671672372444173
2011-05-24,3.9833675081257613,3.9833675081257613
2011-05-25,3.9926274957318943,3.9926274957318943
2011-05-26,4.013835255237046,4.013835255237046
2011-05-27,4.040024430126631,4.040024430126631
2011-05-31,4.078281387283377,4.078281387283377
2011-06-01,4.031014866885005,4.031014866885005
2011-06-02,4.036468809419196,4.036468809419196
2011-06-03,4.029754141741782,4.029754141741782
2011-06-06,3.9993580963430957,3.9993580963430957
2011-06-07,4.013781530560431,4.013781530560431
2011-06-08,3.99176970797404,3.99176970797404
2011-06-09,4.015200585798954,4.015200585798954
2011-06-10,3.960928993645282,3.960928993645282
2011-06-13,3.9525569927744058,3.9525569927744058
2011-06-14,3.9912089473533494,3.9912089473533494
2011-06-15,3.9749297041131344,3.9749297041131344
2011-06-16,3.977381563687673,3.977381563687673
2011-06-17,3.9975056555657535,3.9975056555657535
2011-06-20,4.000724861681279,4.000724861681279
2011-06-21,4.048373826043239,4.048373826043239
2011-06-22,4.033352969412363,4.033352969412363
2011-06-23,4.007373310550776,4.007373310550776
2011-06-24,3.971887902041163,3.971887902041163
2011-06-27,3.9765523318852645,3.9765523318852645
2011-06-28,4.0069513838620185,4.0069513838620185
2011-06-29,4.037984246730591,4.037984246730591
2011-06-30,4.059543838848194,4.059543838848194
2011-07-01,4.084312225569783,4.084312225569783
2011-07-05,4.096830708977195,4.096830708977195
2011-07-06,4.094777468723875,4.094777468723875
2011-07-07,4.120688303514351,4.120688303514351
2011-07-08,4.105622212272817,4.105622212272817
2011-07-11,4.052524445753261,4.052524445753261
2011-07-12,4.058337268397774,4.058337268397774
2011-07-13,4.095231526811588,4.095231526811588
2011-07-14,4.079328264804373,4.079328264804373
2011-07-15,4.096603706037905,4.096603706037905
2011-07-18,4.09542895320825,4.09542895320825
2011-07-19,4.1246746871418125,4.1246746871418125
2011-07-20,4.142380315753563,4.142380315753563
2011-07-21,4.177074356364301,4.177074356364301
2011-07-22,4.186692501398287,4.186692501398287
2011-07-25,4.179110870114185,4.179110870114185
2011-07-26,4.188065206833179,4.188065206833179
2011-07-27,4.131357739965982,4.131357739965982
2011-07-28,4.129988340413596,4.129988340413596
2011-07-29,4.139990479759891,4.139990479759891
2011-08-01,4.133477535943219,4.133477535943219
2011-08-02,4.192065215780901,4.192065215780901
2011-08-03,4.193799540120985,4.193799540120985
2011-08-04,4.193951620696165,4.193951620696165
2011-08-05,4.1946246207838405,4.1946246207838405
2011-08-08,4.265219622561978,4.265219622561978
2011-08-09,4.296801083342028,4.296801083342028
2011-08-10,4.390373339428439,4.390373339428439
2011-08-11,4.3149075841948275,4.3149075841948275
2011-08-12,4.314572948629317,4.314572948629317
2011-08-15,4.34115763592238,4.34115763592238
2011-08-16,4.372504760763049,4.372504760763049
2011-08-17,4.38237983789329,4.38237983789329
2011-08-18,4.4270280502385315,4.4270280502385315
2011-08-19,4.455809784565143,4.455809784565143
2011-08-22,4.510420800048587,4.510420800048587
2011-08-23,4.42054068138467,4.42054068138467
2011-08-24,4.333149375248691,4.333149375248691
2011-08-25,4.346484428747005,4.346484428747005
2011-08-26,4.413899425721005,4.413899425721005
2011-08-29,4.366959168320048,4.366959168320048
2011-08-30,4.439174228500042,4.439174228500042
2011-08-31,4.420046466585802,4.420046466585802
2011-09-01,4.429030563774419,4.429030563774419
2011-09-02,4.502555984887021,4.502555984887021
2011-09-06,4.5043157217322465,4.5043157217322465
2011-09-07,4.427338658979767,4.427338658979767
2011-09-08,4.487071592820262,4.487071592820262
2011-09-09,4.476433480912891,4.476433480912891
2011-09-12,4.422047711259851,4.422047711259851
2011-09-13,4.446254101676849,4.446254101676849
2011-09-14,4.430098764308101,4.430098764308101
2011-09-15,4.388529405927891,4.388529405927891
2011-09-16,4.412239223718989,4.412239223718989
2011-09-19,4.382970355144606,4.382970355144606
2011-09-20,4.418583658242271,4.418583658242271
2011-09-21,4.3946628913492,4.3946628913492
2011-09-22,4.343560732670104,4.343560732670104
2011-09-23,4.21355436917101,4.21355436917101
2011-09-26,4.179507189079617,4.179507189079617
2011-09-27,4.217105420417191,4.217105420417191
2011-09-28,4.157487351528975,4.157487351528975
2011-09-29,4.176424427565167,4.176424427565167
2011-09-30,4.188996532572522,4.188996532572522
2011-10-03,4.235982978839736,4.235982978839736
2011-10-04,4.185770111591035,4.185770111591035
2011-10-05,4.202893659559408,4.202893659559408
2011-10-06,4.213016551120713,4.213016551120713
2011-10-07,4.191587285927171,4.191587285927171
2011-10-10,4.2412159175749675,4.2412159175749675
2011-10-11,4.231077651301778,4.231077651301778
2011-10-12,4.242149606061403,4.242149606061403
2011-10-13,4.230846154724823,4.230846154724823
2011-10-14,4.241694196798898,4.241694196798898
2011-10-17,4.239940681189288,4.239940681189288
2011-10-18,4.227445094533032,4.227445094533032
2011-10-19,4.2048127220109475,4.2048127220109475
2011-10-20,4.176043303503068,4.176043303503068
2011-10-21,4.200349595226155,4.200349595226155
2011-10-24,4.216835515934459,4.216835515934459
2011-10-25,4.287483262298705,4.287483262298705
2011-10-26,4.3050580906758205,4.3050580906758205
2011-10-27,4.367975129538278,4.367975129538278
2011-10-28,4.37397491382299,4.37397491382299
2011-10-31,4.3549637205123455,4.3549637205123455
2011-11-01,4.3659405199390795,4.3659405199390795
2011-11-02,4.38785098678824,4.38785098678824
2011-11-03,4.417594646151905,4.417594646151905
2011-11-04,4.40580270336578,4.40580270336578
2011-11-07,4.460855958525875,4.460855958525875
2011-11-08,4.465586358983297,4.465586358983297
2011-11-09,4.450658782530707,4.450658782530707
2011-11-10,4.434389332373087,4.434389332373087
2011-11-11,4.4848191915978814,4.4848191915978814
2011-11-14,4.4768617076530335,4.4768617076530335
2011-11-15,4.476076115840429,4.476076115840429
2011-11-16,4.451376882980615,4.451376882980615
2011-11-17,4.392932538732377,4.392932538732377
2011-11-18,4.399366659588703,4.399366659588703
2011-11-21,4.344898442953423,4.344898442953423
2011-11-22,4.370533369449653,4.370533369449653
2011-11-23,4.366180814479353,4.366180814479353
2011-11-25,4.344257865839437,4.344257865839437
2011-11-28,4.386997969103154,4.386997969103154
2011-11-29,4.391088513834534,4.391088513834534
2011-11-30,4.428241016144843,4.428241016144843
2011-12-01,4.4225068048062175,4.4225068048062175
2011-12-02,4.430671985932261,4.430671985932261
2011-12-05,4.426641841398662,4.426641841398662
2011-12-06,4.433342116963164,4.433342116963164
2011-12-07,4.452270591454763,4.452270591454763
2011-12-08,4.409567796836393,4.409567796836393
2011-12-09,4.437384278361182,4.437384278361182
2011-12-12,4.379192747429948,4.379192747429948
2011-12-13,4.335744955844268,4.335744955844268
2011-12-14,4.346423690770831,4.346423690770831
2011-12-15,4.337327521087366,4.337327521087366
2011-12-16,4.351958193541237,4.351958193541237
2011-12-19,4.356307562611494,4.356307562611494
2011-12-20,4.350376523414226,4.350376523414226
2011-12-21,4.339303042292976,4.339303042292976
2011-12-22,4.361885435587267,4.361885435587267
2011-12-23,4.378804050648911,4.378804050648911
2011-12-27,4.384485884747686,4.384485884747686
2011-12-28,4.359505189298731,4.359505189298731
2011-12-29,4.387177934787653,4.387177934787653
2011-12-30,4.373612085536628,4.373612085536628
2012-01-03,4.404097542388568,4.404097542388568
2012-01-04,4.404549929148208,4.404549929148208
2012-01-05,4.4134199552793145,4.4134199552793145
2012-01-06,4.409538460159375,4.409538460159375
2012-01-09,4.413087195407094,4.413087195407094
2012-01-10,4.445556425907407,4.445556425907407
2012-01-11,4.4612342178811755,4.4612342178811755
2012-01-12,4.470203063449636,4.470203063449636
2012-01-13,4.45546657554792,4.45546657554792
2012-01-17,4.473195596831692,4.473195596831692
2012-01-18,4.498012480738699,4.498012480738699
2012-01-19,4.499954479738375,4.499954479738375
2012-01-20,4.509643763689073,4.509643763689073
2012-01-23,4.514650720053026,4.514650720053026
2012-01-24,4.503560769180667,4.503560769180667
2012-01-25,4.557915131942848,4.557915131942848
2012-01-26,4.555586690533623,4.555586690533623
2012-01-27,4.574447479815929,4.574447479815929
2012-01-30,4.565173291023007,4.565173291023007
2012-01-31,4.5852291030316135,4.5852291030316135
2012-02-01,4.620259126728841,4.620259126728841
2012-02-02,4.635773873974808,4.635773873974808
2012-02-03,4.65983671773054,4.65983671773054
2012-02-06,4.644975554965822,4.644975554965822
2012-02-07,4.668041387279952,4.668041387279952
2012-02-08,4.673375366486012,4.673375366486012
2012-02-09,4.6723544449320435,4.6723544449320435
2012-02-10,4.6234500768631275,4.6234500768631275
2012-02-13,4.65838360549041,4.65838360549041
2012-02-14,4.641198169297112,4.641198169297112
2012-02-15,4.645651161220434,4.645651161220434
2012-02-16,4.678072778353847,4.678072778353847
2012-02-17,4.6815864491383685,4.6815864491383685
2012-02-21,4.69742460115544,4.69742460115544
2012-02-22,4.706548082182449,4.706548082182449
2012-02-23,4.717974742817846,4.717974742817846
2012-02-24,4.731164023720287,4.731164023720287
2012-02-27,4.7186105786541885,4.7186105786541885
2012-02-28,4.752449901607509,4.752449901607509
2012-02-29,4.684372109529324,4.684372109529324
2012-03-01,4.720068985062954,4.720068985062954
2012-03-02,4.706684597506545,4.706684597506545
2012-03-05,4.67635719273693,4.67635719273693
2012-03-06,4.58507752800124,4.58507752800124
2012-03-07,4.618218038182121,4.618218038182121
2012-03-08,4.673897796275872,4.673897796275872
2012-03-09,4.680054293642272,4.680054293642272
2012-03-12,4.660930905466339,4.660930905466339
2012-03-13,4.728685110362493,4.728685110362493
2012-03-14,4.691853640597477,4.691853640597477
2012-03-15,4.718651651317062,4.718651651317062
2012-03-16,4.727188225931304,4.727188225931304
2012-03-19,4.72965339109475,4.72965339109475
2012-03-20,4.693502773541375,4.693502773541375
2012-03-21,4.68889135939735,4.68889135939735
2012-03-22,4.655495381731599,4.655495381731599
2012-03-23,4.678793225804901,4.678793225804901
2012-03-26,4.736187029920174,4.736187029920174
2012-03-27,4.720096114598895,4.720096114598895
2012-03-28,4.686056783294623,4.686056783294623
2012-03-29,4.678397052029438,4.678397052029438
2012-03-30,4.700465936876489,4.700465936876489
2012-04-02,4.739044447094384,4.739044447094384
2012-04-03,4.701621354056276,4.701621354056276
2012-04-04,4.644987797421737,4.644987797421737
2012-04-05,4.64637768916303,4.64637768916303
2012-04-09,4.616256022039944,4.616256022039944
2012-04-10,4.560603831588905,4.560603831588905
2012-04-11,4.598254042217081,4.598254042217081
2012-04-12,4.662662273351839,4.662662273351839
2012-04-13,4.612417356179514,4.612417356179514
2012-04-16,4.614500763990719,4.614500763990719
2012-04-17,4.663385092042219,4.663385092042219
2012-04-18,4.649332328715594,4.649332328715594
2012-04-19,4.628814526524541,4.628814526524541
2012-04-20,4.65008673779071,4.65008673779071
2012-04-23,4.5959509013230155,4.5959509013230155
2012-04-24,4.610360486310983,4.610360486310983
2012-04-25,4.652906253488459,4.652906253488459
2012-04-26,4.676960010223517,4.676960010223517
2012-04-27,4.685211936183371,4.685211936183371
2012-04-30,4.671240836375746,4.671240836375746
2012-05-01,4.6906065760835896,4.6906065760835896
2012-05-02,4.676942925283901,4.676942925283901
2012-05-03,4.650214820322644,4.650214820322644
2012-05-04,4.594413007309267,4.594413007309267
2012-05-07,4.60818182530258,4.60818182530258
2012-05-08,4.568351059534156,4.568351059534156
2012-05-09,4.555420510166448,4.555420510166448
2012-05-10,4.55785818976428,4.55785818976428
2012-05-11,4.552635386589659,4.552635386589659
2012-05-14,4.532593283829085,4.532593283829085
2012-05-15,4.5183568828879945,4.5183568828879945
2012-05-16,4.509309174355517,4.509309174355517
2012-05-17,4.4772923445534865,4.4772923445534865
2012-05-18,4.4575273160652396,4.4575273160652396
2012-05-21,4.495434827925578,4.495434827925578
2012-05-22,4.493883705181834,4.493883705181834
2012-05-23,4.4977122578084465,4.4977122578084465
2012-05-24,4.500305078622642,4.500305078622642
2012-05-25,4.496459006124271,4.496459006124271
2012-05-29,4.522474499937339,4.522474499937339
2012-05-30,4.4972098020656786,4.4972098020656786
2012-05-31,4.498933801423135,4.498933801423135
2012-06-01,4.447915323259392,4.447915323259392
2012-06-04,4.44169372631543,4.44169372631543
2012-06-05,4.453922424849178,4.453922424849178
2012-06-06,4.4973439925737075,4.4973439925737075
2012-06-07,4.5021580741307154,4.5021580741307154
2012-06-08,4.519043378232169,4.519043378232169
2012-06-11,4.492389966861868,4.492389966861868
2012-06-12,4.516381692110944,4.516381692110944
2012-06-13,4.507843654645205,4.507843654645205
2012-06-14,4.530115702106143,4.530115702106143
2012-06-15,4.558581132762413,4.558581132762413
2012-06-18,4.562383432379981,4.562383432379981
2012-06-19,4.581784928357927,4.581784928357927
2012-06-20,4.574570309244432,4.574570309244432
2012-06-21,4.5263353589761435,4.5263353589761435
2012-06-22,4.5405105059213255,4.5405105059213255
2012-06-25,4.511261823743866,4.511261823743866
2012-06-26,4.520167496105883,4.520167496105883
2012-06-27,4.541562290343321,4.541562290343321
2012-06-28,4.537735546053229,4.537735546053229
2012-06-29,4.627984283217836,4.627984283217836
2012-07-02,4.645778552808022,4.645778552808022
2012-07-03,4.686375920713226,4.686375920713226
2012-07-05,4.681914836989503,4.681914836989503
2012-07-06,4.661348168304582,4.661348168304582
2012-07-09,4.663018608588629,4.663018608588629
2012-07-10,4.6437296783097946,4.6437296783097946
2012-07-11,4.643866988705729,4.643866988705729
2012-07-12,4.636771038522489,4.636771038522489
2012-07-13,4.67649576494365,4.67649576494365
2012-07-16,4.672861160442662,4.672861160442662
2012-07-17,4.688072556453238,4.688072556453238
2012-07-18,4.710033326804721,4.710033326804721
2012-07-19,4.727371744432617,4.727371744432617
2012-07-20,4.709114930131823,4.709114930131823
2012-07-23,4.687403639050206,4.687403639050206
2012-07-24,4.670193153054568,4.670193153054568
2012-07-25,4.67154432220676,4.67154432220676
2012-07-26,4.708628854537245,4.708628854537245
2012-07-27,4.765911906490312,4.765911906490312
2012-07-30,4.766708102911126,4.766708102911126
2012-07-31,4.752369950814195,4.752369950814195
2012-08-01,4.74754846063291,4.74754846063291
2012-08-02,4.731581070845508,4.731581070845508
2012-08-03,4.829149043278083,4.829149043278083
2012-08-06,4.849403179155443,4.849403179155443
2012-08-07,4.865709624832027,4.865709624832027
2012-08-08,4.8673713110010635,4.8673713110010635
2012-08-09,4.873913443060953,4.873913443060953
2012-08-10,4.885698207108716,4.885698207108716
2012-08-13,4.86829979888548,4.86829979888548
2012-08-14,4.868172164031519,4.868172164031519
2012-08-15,4.86029100643368,4.86029100643368
2012-08-16,4.893956575601494,4.893956575601494
2012-08-17,4.892649114430984,4.892649114430984
2012-08-20,4.89028681976594,4.89028681976594
2012-08-21,4.893447272564353,4.893447272564353
2012-08-22,4.907983528895889,4.907983528895889
2012-08-23,4.89431339098313,4.89431339098313
2012-08-24,4.898755628103753,4.898755628103753
2012-08-27,4.896751403299425,4.896751403299425
2012-08-28,4.897473832779759,4.897473832779759
2012-08-29,4.8855105911241905,4.8855105911241905
2012-08-30,4.85882438089111,4.85882438089111
2012-08-31,4.907098031135791,4.907098031135791
2012-09-04,4.901499940415067,4.901499940415067
2012-09-05,4.895849378231872,4.895849378231872
2012-09-06,4.952532441478892,4.952532441478892
2012-09-07,5.015748116194245,5.015748116194245
2012-09-10,4.982633554720975,4.982633554720975
2012-09-11,5.011125577663902,5.011125577663902
2012-09-12,5.023711991292131,5.023711991292131
2012-09-13,5.104065423908995,5.104065423908995
2012-09-14,5.129350815467014,5.129350815467014
2012-09-17,5.1026331735195996,5.1026331735195996
2012-09-18,5.106552084414295,5.106552084414295
2012-09-19,5.113540889117787,5.113540889117787
2012-09-20,5.098740627408631,5.098740627408631
2012-09-21,5.1058783425854735,5.1058783425854735
2012-09-24,5.095494267592307,5.095494267592307
2012-09-25,5.062353675130683,5.062353675130683
2012-09-26,5.037155550731579,5.037155550731579
2012-09-27,5.089095664424914,5.089095664424914
2012-09-28,5.056910999493552,5.056910999493552
2012-10-01,5.079785637441804,5.079785637441804
2012-10-02,5.085989814231353,5.085989814231353
2012-10-03,5.080626446171146,5.080626446171146
2012-10-04,5.1164216798759306,5.1164216798759306
2012-10-05,5.1098819342191915,5.1098819342191915
2012-10-08,5.089509026210404,5.089509026210404
2012-10-09,5.049743140186798,5.049743140186798
2012-10-10,5.035062563329141,5.035062563329141
2012-10-11,5.055514837184163,5.055514837184163
2012-10-12,5.0412598427469595,5.0412598427469595
2012-10-15,5.055781169703379,5.055781169703379
2012-10-16,5.098070049136529,5.098070049136529
2012-10-17,5.117786013720033,5.117786013720033
2012-10-18,5.1034233718458255,5.1034233718458255
2012-10-19,5.047184251390119,5.047184251390119
2012-10-22,5.066475464298784,5.066475464298784
2012-10-23,4.9991361948797435,4.9991361948797435
2012-10-24,4.993686357477268,4.993686357477268
2012-10-25,5.018404579138835,5.018404579138835
2012-10-26,5.010757818635371,5.010757818635371
2012-10-31,5.015418519802093,5.015418519802093
2012-11-01,5.048160765837773,5.048160765837773
2012-11-02,5.003723720006928,5.003723720006928
2012-11-05,5.013739088799995,5.013739088799995
2012-11-06,5.055046734238614,5.055046734238614
2012-11-07,5.003937195693092,5.003937195693092
2012-11-08,4.980593444071127,4.980593444071127
2012-11-09,4.982244217264787,4.982244217264787
2012-11-12,4.983464075986903,4.983464075986903
2012-11-13,4.965825954936649,4.965825954936649
2012-11-14,4.949323613520245,4.949323613520245
2012-11-15,4.942742363873125,4.942742363873125
2012-11-16,4.9402990820579955,4.9402990820579955
2012-11-19,5.0116478616055,5.0116478616055
2012-11-20,5.006897030541676,5.006897030541676
2012-11-21,5.007825188579649,5.007825188579649
2012-11-23,5.072307849094153,5.072307849094153
2012-11-26,5.067022729933009,5.067022729933009
2012-11-27,5.045352058793787,5.045352058793787
2012-11-28,5.053629510349929,5.053629510349929
2012-11-29,5.079446353193846,5.079446353193846
2012-11-30,5.073057084915287,5.073057084915287
2012-12-03,5.069499557299029,5.069499557299029
2012-12-04,5.063753594902465,5.063753594902465
2012-12-05,5.076949615316634,5.076949615316634
2012-12-06,5.092345936917039,5.092345936917039
2012-12-07,5.102077322782611,5.102077322782611
2012-12-10,5.11346997941075,5.11346997941075
2012-12-11,5.130262081868216,5.130262081868216
2012-12-12,5.135045504617277,5.135045504617277
2012-12-13,5.110801174936647,5.110801174936647
2012-12-14,5.115504436348251,5.115504436348251
2012-12-17,5.133770651570678,5.133770651570678
2012-12-18,5.145923056748075,5.145923056748075
2012-12-19,5.140749206534699,5.140749206534699
2012-12-20,5.1645843855761315,5.1645843855761315
2012-12-21,5.131331005215369,5.131331005215369
2012-12-24,5.121420024052899,5.121420024052899
2012-12-26,5.1213829081304745,5.1213829081304745
2012-12-27,5.13348240024672,5.13348240024672
2012-12-28,5.112689897871549,5.112689897871549
2012-12-31,5.168384775134958,5.168384775134958
2013-01-02,5.237279840502062,5.237279840502062
2013-01-03,5.202053533470235,5.202053533470235
2013-01-04,5.2183769005322675,5.2183769005322675
2013-01-07,5.198571321557012,5.198571321557012
2013-01-08,5.177093810450504,5.177093810450504
2013-01-09,5.191603638915493,5.191603638915493
2013-01-10,5.231769963892153,5.231769963892153
2013-01-11,5.225187698380652,5.225187698380652
2013-01-14,5.2342584856600975,5.2342584856600975
2013-01-15,5.235790127576187,5.235790127576187
2013-01-16,5.230798070383251,5.230798070383251
2013-01-17,5.2541993257568675,5.2541993257568675
2013-01-18,5.2573714844538495,5.2573714844538495
2013-01-22,5.265111540015305,5.265111540015305
2013-01-23,5.258248829805702,5.258248829805702
2013-01-24,5.246857718566482,5.246857718566482
2013-01-25,5.260747055608417,5.260747055608417
2013-01-28,5.241573861448001,5.241573861448001
2013-01-29,5.269461951992473,5.269461951992473
2013-01-30,5.268790573386785,5.268790573386785
2013-01-31,5.264528347742695,5.264528347742695
2013-02-01,5.299228364279679,5.299228364279679
2013-02-04,5.26079027159393,5.26079027159393
2013-02-05,5.275023718072717,5.275023718072717
2013-02-06,5.279035157833826,5.279035157833826
2013-02-07,5.256428514322857,5.256428514322857
2013-02-08,5.275226455979694,5.275226455979694
2013-02-11,5.27169789415498,5.27169789415498
2013-02-12,5.283774133807278,5.283774133807278
2013-02-13,5.298293448195952,5.298293448195952
2013-02-14,5.294123304722793,5.294123304722793
2013-02-15,5.284493200972091,5.284493200972091
2013-02-19,5.322100276638405,5.322100276638405
2013-02-20,5.281539582358665,5.281539582358665
2013-02-21,5.236248344941158,5.236248344941158
2013-02-22,5.274369590684716,5.274369590684716
2013-02-25,5.205070685661519,5.205070685661519
2013-02-26,5.231423822687944,5.231423822687944
2013-02-27,5.279159945969833,5.279159945969833
2013-02-28,5.2703065837503535,5.2703065837503535
2013-03-01,5.275450207087177,5.275450207087177
2013-03-04,5.274708807488347,5.274708807488347
2013-03-05,5.31454275579727,5.31454275579727
2013-03-06,5.324714328274933,5.324714328274933
2013-03-07,5.331844623598967,5.331844623598967
2013-03-08,5.358759506380548,5.358759506380548
2013-03-11,5.3612391257556915,5.3612391257556915
2013-03-12,5.338652418696401,5.338652418696401
2013-03-13,5.321648732901377,5.321648732901377
2013-03-14,5.3487959043234765,5.3487959043234765
2013-03-15,5.338847917610388,5.338847917610388
2013-03-18,5.302998923447986,5.302998923447986
2013-03-19,5.28840831441086,5.28840831441086
2013-03-20,5.311826879110202,5.311826879110202
2013-03-21,5.2751274156634285,5.2751274156634285
2013-03-22,5.3026754304356745,5.3026754304356745
2013-03-25,5.278867328826538,5.278867328826538
2013-03-26,5.318201974714146,5.318201974714146
2013-03-27,5.319436820257891,5.319436820257891
2013-03-28,5.3326714219078255,5.3326714219078255
2013-04-01,5.2964066813689215,5.2964066813689215
2013-04-02,5.316237219376282,5.316237219376282
2013-04-03,5.281953674989291,5.281953674989291
2013-04-04,5.298960128127142,5.298960128127142
2013-04-05,5.287599619744028,5.287599619744028
2013-04-08,5.301682798615034,5.301682798615034
2013-04-09,5.324498189323035,5.324498189323035
2013-04-10,5.370480012423388,5.370480012423388
2013-04-11,5.386887625756808,5.386887625756808
2013-04-12,5.364043939354716,5.364043939354716
2013-04-15,5.2881914101277,5.2881914101277
2013-04-16,5.353639899638198,5.353639899638198
2013-04-17,5.290424166189424,5.290424166189424
2013-04-18,5.273680846845799,5.273680846845799
2013-04-19,5.30321376910035,5.30321376910035
2013-04-22,5.3227431079926175,5.3227431079926175
2013-04-23,5.361058704946353,5.361058704946353
2013-04-24,5.381216118354307,5.381216118354307
2013-04-25,5.405243112794597,5.405243112794597
2013-04-26,5.393140403402426,5.393140403402426
2013-04-29,5.43428087564891,5.43428087564891
2013-04-30,5.458451811647777,5.458451811647777
2013-05-01,5.424158579972775,5.424158579972775
2013-05-02,5.451825377939624,5.451825377939624
2013-05-03,5.489433681715231,5.489433681715231
2013-05-06,5.490831926379838,5.490831926379838
2013-05-07,5.509008399261965,5.509008399261965
2013-05-08,5.541715845142282,5.541715845142282
2013-05-09,5.512551404153897,5.512551404153897
2013-05-10,5.505164622861796,5.505164622861796
2013-05-13,5.4917205271425065,5.4917205271425065
2013-05-14,5.511663796390427,5.511663796390427
2013-05-15,5.527332333467794,5.527332333467794
2013-05-16,5.510399965602058,5.510399965602058
2013-05-17,5.535882647618155,5.535882647618155
2013-05-20,5.545608132782389,5.545608132782389
2013-05-21,5.548711095080673,5.548711095080673
2013-05-22,5.495920568002545,5.495920568002545
2013-05-23,5.450759633215032,5.450759633215032
2013-05-24,5.417627916424556,5.417627916424556
2013-05-28,5.442972370480835,5.442972370480835
2013-05-29,5.399234884172679,5.399234884172679
2013-05-30,5.4198205536242305,5.4198205536242305
2013-05-31,5.328285917722894,5.328285917722894
2013-06-03,5.353157370434432,5.353157370434432
2013-06-04,5.350056536896234,5.350056536896234
2013-06-05,5.252932840758425,5.252932840758425
2013-06-06,5.2913564396203645,5.2913564396203645
2013-06-07,5.360584769110606,5.360584769110606
2013-06-10,5.363251236869778,5.363251236869778
2013-06-11,5.302711649537446,5.302711649537446
2013-06-12,5.277653955923174,5.277653955923174
2013-06-13,5.35811239881115,5.35811239881115
2013-06-14,5.3120622578681145,5.3120622578681145
2013-06-17,5.370768122926228,5.370768122926228
2013-06-18,5.411033321827209,5.411033321827209
2013-06-19,5.323162907690877,5.323162907690877
2013-06-20,5.159542441032603,5.159542441032603
2013-06-21,5.176310928036766,5.176310928036766
2013-06-24,5.110904234734898,5.110904234734898
2013-06-25,5.16818346605308,5.16818346605308
2013-06-26,5.204058187520847,5.204058187520847
2013-06-27,5.24551651643559,5.24551651643559
2013-06-28,5.229747086596082,5.229747086596082
2013-07-01,5.269711638213256,5.269711638213256
2013-07-02,5.254050709514856,5.254050709514856
2013-07-03,5.2561050405139635,5.2561050405139635
2013-07-05,5.29678314066521,5.29678314066521
2013-07-08,5.32837487645798,5.32837487645798
2013-07-09,5.362199988648412,5.362199988648412
2013-07-10,5.370962291767944,5.370962291767944
2013-07-11,5.4770917366720555,5.4770917366720555
2013-07-12,5.460042352737995,5.460042352737995
2013-07-15,5.487360617124494,5.487360617124494
2013-07-16,5.475259783223869,5.475259783223869
2013-07-17,5.490479914530415,5.490479914530415
2013-07-18,5.523722119366701,5.523722119366701
2013-07-19,5.526353794490797,5.526353794490797
2013-07-22,5.547229311039461,5.547229311039461
2013-07-23,5.547247931875088,5.547247931875088
2013-07-24,5.533452971717819,5.533452971717819
2013-07-25,5.545620922132149,5.545620922132149
2013-07-26,5.531353077585041,5.531353077585041
2013-07-29,5.496465928864195,5.496465928864195
2013-07-30,5.496009859019181,5.496009859019181
2013-07-31,5.504354813685627,5.504354813685627
2013-08-01,5.57356002773314,5.57356002773314
2013-08-02,5.60107556626915,5.60107556626915
2013-08-05,5.591075613762623,5.591075613762623
2013-08-06,5.571101487767169,5.571101487767169
2013-08-07,5.549836455514679,5.549836455514679
2013-08-08,5.584951149276707,5.584951149276707
2013-08-09,5.581868490119261,5.581868490119261
2013-08-12,5.570900861488354,5.570900861488354
2013-08-13,5.597201945617846,5.597201945617846
2013-08-14,5.584200248772804,5.584200248772804
2013-08-15,5.521769287586797,5.521769287586797
2013-08-16,5.5175736912788516,5.5175736912788516
2013-08-19,5.4802639658557935,5.4802639658557935
2013-08-20,5.490155449280476,5.490155449280476
2013-08-21,5.440933867604282,5.440933867604282
2013-08-22,5.4922849315124145,5.4922849315124145
2013-08-23,5.525387672899638,5.525387672899638
2013-08-26,5.494916121508452,5.494916121508452
2013-08-27,5.4039758825009265,5.4039758825009265
2013-08-28,5.410423533160152,5.410423533160152
2013-08-29,5.4102068373014145,5.4102068373014145
2013-08-30,5.368223751579503,5.368223751579503
2013-09-03,5.4320752688380285,5.4320752688380285
2013-09-04,5.478863456388381,5.478863456388381
2013-09-05,5.480083213460015,5.480083213460015
2013-09-06,5.496276153155671,5.496276153155671
2013-09-09,5.560355325462095,5.560355325462095
2013-09-10,5.609004870997837,5.609004870997837
2013-09-11,5.6227933000722965,5.6227933000722965
2013-09-12,5.599231238598995,5.599231238598995
2013-09-13,5.618960118332904,5.618960118332904
2013-09-16,5.6653381548954584,5.6653381548954584
2013-09-17,5.67087546763245,5.67087546763245
2013-09-18,5.822372770080321,5.822372770080321
2013-09-19,5.799555231484755,5.799555231484755
2013-09-20,5.728885058690838,5.728885058690838
2013-09-23,5.726260990192195,5.726260990192195
2013-09-24,5.702524883217691,5.702524883217691
2013-09-25,5.684578756840185,5.684578756840185
2013-09-26,5.707583228107148,5.707583228107148
2013-09-27,5.684288122893031,5.684288122893031
2013-09-30,5.648799149776455,5.648799149776455
2013-10-01,5.711156786364317,5.711156786364317
2013-10-02,5.716093252330331,5.716093252330331
2013-10-03,5.678737882392231,5.678737882392231
2013-10-04,5.722125696599641,5.722125696599641
2013-10-07,5.669616115397775,5.669616115397775
2013-10-08,5.614843827481428,5.614843827481428
2013-10-09,5.638291835110138,5.638291835110138
2013-10-10,5.756745453743985,5.756745453743985
2013-10-11,5.787838434605849,5.787838434605849
2013-10-14,5.813391679441195,5.813391679441195
2013-10-15,5.771152072923658,5.771152072923658
2013-10-16,5.827699777708716,5.827699777708716
2013-10-17,5.878649555206337,5.878649555206337
2013-10-18,5.9053314906931496,5.9053314906931496
2013-10-21,5.905240233963229,5.905240233963229
2013-10-22,5.948063921251628,5.948063921251628
2013-10-23,5.891329095459462,5.891329095459462
2013-10-24,5.902803617537686,5.902803617537686
2013-10-25,5.91282032960687,5.91282032960687
2013-10-28,5.920686952758194,5.920686952758194
2013-10-29,5.9383073867305445,5.9383073867305445
2013-10-30,5.914568323111931,5.914568323111931
2013-10-31,5.88708738091568,5.88708738091568
2013-11-01,5.883168539678428,5.883168539678428
2013-11-04,5.91164313545871,5.91164313545871
2013-11-05,5.848702257284776,5.848702257284776
2013-11-06,5.881723584085348,5.881723584085348
2013-11-07,5.790516115509713,5.790516115509713
2013-11-08,5.823657184337795,5.823657184337795
2013-11-11,5.830400176850914,5.830400176850914
2013-11-12,5.814669655437262,5.814669655437262
2013-11-13,5.8473718727007205,5.8473718727007205
2013-11-14,5.897574718642741,5.897574718642741
2013-11-15,5.959457708456081,5.959457708456081
2013-11-18,5.970558194290534,5.970558194290534
2013-11-19,5.948982632863101,5.948982632863101
2013-11-20,5.901815315487872,5.901815315487872
2013-11-21,5.928109972967956,5.928109972967956
2013-11-22,5.957886950416002,5.957886950416002
2013-11-25,5.924402866585302,5.924402866585302
2013-11-26,5.931609646378885,5.931609646378885
2013-11-27,5.954038205259657,5.954038205259657
2013-11-29,5.976984061252229,5.976984061252229
2013-12-02,5.9152032469468026,5.9152032469468026
2013-12-03,5.886231411186596,5.886231411186596
2013-12-04,5.873120839315221,5.873120839315221
2013-12-05,5.841977466168102,5.841977466168102
2013-12-06,5.931056588047796,5.931056588047796
2013-12-09,5.936795634185344,5.936795634185344
2013-12-10,5.927313478474881,5.927313478474881
2013-12-11,5.842907225033697,5.842907225033697
2013-12-12,5.812000227195487,5.812000227195487
2013-12-13,5.815317725593438,5.815317725593438
2013-12-16,5.854096371844735,5.854096371844735
2013-12-17,5.83208696265315,5.83208696265315
2013-12-18,5.934550769695601,5.934550769695601
2013-12-19,5.93112132731774,5.93112132731774
2013-12-20,5.965332532965407,5.965332532965407
2013-12-23,6.011166560946651,6.011166560946651
2013-12-24,6.031311715390349,6.031311715390349
2013-12-26,6.035367054834331,6.035367054834331
2013-12-27,6.0767484915206165,6.0767484915206165
2013-12-30,6.093766085481733,6.093766085481733
2013-12-31,6.126645844829087,6.126645844829087
2014-01-02,6.042963108483705,6.042963108483705
2014-01-03,6.045676093612103,6.045676093612103
2014-01-06,6.03325076704699,6.03325076704699
2014-01-07,6.068714914033592,6.068714914033592
2014-01-08,6.068460227597028,6.068460227597028
2014-01-09,6.068152886237376,6.068152886237376
2014-01-10,6.102548677515556,6.102548677515556
2014-01-13,6.05972514187197,6.05972514187197
2014-01-14,6.094886587445071,6.094886587445071
2014-01-15,6.112647468680918,6.112647468680918
2014-01-16,6.113852230223072,6.113852230223072
2014-01-17,6.100100146517444,6.100100146517444
2014-01-21,6.116767163521123,6.116767163521123
2014-01-22,6.113724954005858,6.113724954005858
2014-01-23,6.088695553614736,6.088695553614736
2014-01-24,5.994041714613813,5.994041714613813
2014-01-27,5.970698154988317,5.970698154988317
2014-01-28,6.003151502087576,6.003151502087576
2014-01-29,5.967451577395838,5.967451577395838
2014-01-30,5.999102999259269,5.999102999259269
2014-01-31,5.957103497969082,5.957103497969082
2014-02-03,5.878569388756022,5.878569388756022
2014-02-04,5.910230958454343,5.910230958454343
2014-02-05,5.906897089160078,5.906897089160078
2014-02-06,5.966863587130184,5.966863587130184
2014-02-07,6.020649264835482,6.020649264835482
2014-02-10,6.01960296552697,6.01960296552697
2014-02-11,6.069502752744824,6.069502752744824
2014-02-12,6.070498832325424,6.070498832325424
2014-02-13,6.091400317788727,6.091400317788727
2014-02-14,6.125696792389592,6.125696792389592
2014-02-18,6.144661693185122,6.144661693185122
2014-02-19,6.115835643216468,6.115835643216468
2014-02-20,6.1453907916850525,6.1453907916850525
2014-02-21,6.147811510562471,6.147811510562471
2014-02-24,6.185209176299949,6.185209176299949
2014-02-25,6.187760449820794,6.187760449820794
2014-02-26,6.172691633349486,6.172691633349486
2014-02-27,6.188726622181455,6.188726622181455
2014-02-28,6.1875366843148845,6.1875366843148845
2014-03-03,6.18026419403072,6.18026419403072
2014-03-04,6.207815068162775,6.207815068162775
2014-03-05,6.211235153604185,6.211235153604185
2014-03-06,6.254196097165542,6.254196097165542
2014-03-07,6.22903141608263,6.22903141608263
2014-03-10,6.219020779028469,6.219020779028469
2014-03-11,6.208650978614489,6.208650978614489
2014-03-12,6.2294297843556485,6.2294297843556485
2014-03-13,6.192294636053997,6.192294636053997
2014-03-14,6.1943297313227506,6.1943297313227506
2014-03-17,6.209989073447158,6.209989073447158
2014-03-18,6.22056386320376,6.22056386320376
2014-03-19,6.156260024685147,6.156260024685147
2014-03-20,6.155465675181671,6.155465675181671
2014-03-21,6.1559234189995236,6.1559234189995236
2014-03-24,6.128431885583085,6.128431885583085
2014-03-25,6.153580488461877,6.153580488461877
2014-03-26,6.150621343883322,6.150621343883322
2014-03-27,6.1762421091645825,6.1762421091645825
2014-03-28,6.205426402736431,6.205426402736431
2014-03-31,6.236453365526872,6.236453365526872
2014-04-01,6.272628462515277,6.272628462515277
2014-04-02,6.281289489943081,6.281289489943081
2014-04-03,6.269934528281536,6.269934528281536
2014-04-04,6.268546414789064,6.268546414789064
2014-04-07,6.252937624504982,6.252937624504982
2014-04-08,6.285139594086232,6.285139594086232
2014-04-09,6.326785114610057,6.326785114610057
2014-04-10,6.274199550480009,6.274199550480009
2014-04-11,6.255734803653663,6.255734803653663
2014-04-14,6.279604523951328,6.279604523951328
2014-04-15,6.240953525494045,6.240953525494045
2014-04-16,6.286431372622964,6.286431372622964
2014-04-17,6.306091912816535,6.306091912816535
2014-04-21,6.303789122411582,6.303789122411582
2014-04-22,6.3130337461850905,6.3130337461850905
2014-04-23,6.295851320390757,6.295851320390757
2014-04-24,6.3017876145681075,6.3017876145681075
2014-04-25,6.260163532111492,6.260163532111492
2014-04-28,6.276654026359096,6.276654026359096
2014-04-29,6.309815823279048,6.309815823279048
2014-04-30,6.320933248074629,6.320933248074629
2014-05-01,6.329712644185765,6.329712644185765
2014-05-02,6.335592537926613,6.335592537926613
2014-05-05,6.341374954055137,6.341374954055137
2014-05-06,6.332455205184163,6.332455205184163
2014-05-07,6.352012041762376,6.352012041762376
2014-05-08,6.347776356376093,6.347776356376093
2014-05-09,6.343698239001586,6.343698239001586
2014-05-12,6.394960860711014,6.394960860711014
2014-05-13,6.407415593197861,6.407415593197861
2014-05-14,6.424067824520491,6.424067824520491
2014-05-15,6.39131716302391,6.39131716302391
2014-05-16,6.419724957083198,6.419724957083198
2014-05-19,6.421744860539264,6.421744860539264
2014-05-20,6.38917360600106,6.38917360600106
2014-05-21,6.426884862643,6.426884862643
2014-05-22,6.443400535679857,6.443400535679857
2014-05-23,6.452731180794517,6.452731180794517
2014-05-27,6.461790708292613,6.461790708292613
2014-05-28,6.469114695853653,6.469114695853653
2014-05-29,6.490955641275005,6.490955641275005
2014-05-30,6.4730912266934295,6.4730912266934295
2014-06-02,6.4782242408385295,6.4782242408385295
2014-06-03,6.478228377625213,6.478228377625213
2014-06-04,6.471387245347355,6.471387245347355
2014-06-05,6.512274944042194,6.512274944042194
2014-06-06,6.544254877230536,6.544254877230536
2014-06-09,6.5488043043888275,6.5488043043888275
2014-06-10,6.551676468929454,6.551676468929454
2014-06-11,6.53340950845424,6.53340950845424
2014-06-12,6.517638556274699,6.517638556274699
2014-06-13,6.524075523324633,6.524075523324633
2014-06-16,6.517508058727077,6.517508058727077
2014-06-17,6.518247668727597,6.518247668727597
2014-06-18,6.5666043771939115,6.5666043771939115
2014-06-19,6.611482340793111,6.611482340793111
2014-06-20,6.606922398527733,6.606922398527733
2014-06-23,6.602671592614083,6.602671592614083
2014-06-24,6.58950945999149,6.58950945999149
2014-06-25,6.5997030812267,6.5997030812267
2014-06-26,6.6010897941829745,6.6010897941829745
2014-06-27,6.606752645450071,6.606752645450071
2014-06-30,6.6180980654163655,6.6180980654163655
2014-07-01,6.645987353169,6.645987353169
2014-07-02,6.652744789565871,6.652744789565871
2014-07-03,6.6633825363826755,6.6633825363826755
2014-07-07,6.6463421214761,6.6463421214761
2014-07-08,6.621050218394662,6.621050218394662
2014-07-09,6.64793010876149,6.64793010876149
2014-07-10,6.628710175894235,6.628710175894235
2014-07-11,6.634110295758972,6.634110295758972
2014-07-14,6.628281806379588,6.628281806379588
2014-07-15,6.607335440941504,6.607335440941504
2014-07-16,6.629461894930922,6.629461894930922
2014-07-17,6.599031232825195,6.599031232825195
2014-07-18,6.632128103460245,6.632128103460245
2014-07-21,6.631960160306286,6.631960160306286
2014-07-22,6.651784593336055,6.651784593336055
2014-07-23,6.657642743154765,6.657642743154765
2014-07-24,6.649191142192014,6.649191142192014
2014-07-25,6.6501424744665245,6.6501424744665245
2014-07-28,6.6581069845229095,6.6581069845229095
2014-07-29,6.6389780234884554,6.6389780234884554
2014-07-30,6.6220495262251005,6.6220495262251005
2014-07-31,6.53065349979093,6.53065349979093
2014-08-01,6.540198365193616,6.540198365193616
2014-08-04,6.574586194178398,6.574586194178398
2014-08-05,6.512487669647237,6.512487669647237
2014-08-06,6.525648663301929,6.525648663301929
2014-08-07,6.520199040360586,6.520199040360586
2014-08-08,6.554456617399246,6.554456617399246
2014-08-11,6.577800871140053,6.577800871140053
2014-08-12,6.57700777290612,6.57700777290612
2014-08-13,6.605306772882283,6.605306772882283
2014-08-14,6.622516283940705,6.622516283940705
2014-08-15,6.611842152686907,6.611842152686907
2014-08-18,6.636049899993368,6.636049899993368
2014-08-19,6.647579618736762,6.647579618736762
2014-08-20,6.637933768638495,6.637933768638495
2014-08-21,6.645643904642118,6.645643904642118
2014-08-22,6.6303553240997894,6.6303553240997894
2014-08-25,6.663069085600908,6.663069085600908
2014-08-26,6.674528709922808,6.674528709922808
2014-08-27,6.687696882786681,6.687696882786681
2014-08-28,6.677826853282007,6.677826853282007
2014-08-29,6.67696569030992,6.67696569030992
2014-09-02,6.671699601061831,6.671699601061831
2014-09-03,6.706215554529074,6.706215554529074
2014-09-04,6.689262362318696,6.689262362318696
2014-09-05,6.710460522072666,6.710460522072666
2014-09-08,6.666898873361403,6.666898873361403
2014-09-09,6.628683345199387,6.628683345199387
2014-09-10,6.635131130142497,6.635131130142497
2014-09-11,6.614962986095928,6.614962986095928
2014-09-12,6.582147837691244,6.582147837691244
2014-09-15,6.568848844834028,6.568848844834028
2014-09-16,6.6096921835755715,6.6096921835755715
2014-09-17,6.589758950141205,6.589758950141205
2014-09-18,6.6137432881946046,6.6137432881946046
2014-09-19,6.596792356510021,6.596792356510021
2014-09-22,6.549449858075387,6.549449858075387
2014-09-23,6.526717584150174,6.526717584150174
2014-09-24,6.5735308753531445,6.5735308753531445
2014-09-25,6.494691375416369,6.494691375416369
2014-09-26,6.521433945287102,6.521433945287102
2014-09-29,6.519091594214895,6.519091594214895
2014-09-30,6.508422270741305,6.508422270741305
2014-10-01,6.482514913207382,6.482514913207382
2014-10-02,6.477687998473587,6.477687998473587
2014-10-03,6.511865932589805,6.511865932589805
2014-10-06,6.539705901558226,6.539705901558226
2014-10-07,6.5017845066694875,6.5017845066694875
2014-10-08,6.578222365012368,6.578222365012368
2014-10-09,6.506421093870636,6.506421093870636
2014-10-10,6.471651764653692,6.471651764653692
2014-10-13,6.490480852081203,6.490480852081203
2014-10-14,6.505193310385405,6.505193310385405
2014-10-15,6.5169651417256365,6.5169651417256365
2014-10-16,6.511665051655509,6.511665051655509
2014-10-17,6.502840684501105,6.502840684501105
2014-10-20,6.538235790586703,6.538235790586703
2014-10-21,6.6000439292190505,6.6000439292190505
2014-10-22,6.574786023573063,6.574786023573063
2014-10-23,6.605267890341025,6.605267890341025
2014-10-24,6.631879657097854,6.631879657097854
2014-10-27,6.628522835294267,6.628522835294267
2014-10-28,6.66143132253846,6.66143132253846
2014-10-29,6.6491370617556305,6.6491370617556305
2014-10-30,6.687765122419189,6.687765122419189
2014-10-31,6.722816593795701,6.722816593795701
2014-11-03,6.718289793182413,6.718289793182413
2014-11-04,6.706939679458646,6.706939679458646
2014-11-05,6.729345670518209,6.729345670518209
2014-11-06,6.736989167559399,6.736989167559399
2014-11-07,6.751517254832793,6.751517254832793
2014-11-10,6.754157872055013,6.754157872055013
2014-11-11,6.759007162189408,6.759007162189408
2014-11-12,6.755676361115982,6.755676361115982
2014-11-13,6.761024947750211,6.761024947750211
2014-11-14,6.764932121215583,6.764932121215583
2014-11-17,6.76308283648737,6.76308283648737
2014-11-18,6.785687506066266,6.785687506066266
2014-11-19,6.772209931824088,6.772209931824088
2014-11-20,6.784327806844785,6.784327806844785
2014-11-21,6.871133304278918,6.871133304278918
2014-11-24,6.882026792632558,6.882026792632558
2014-11-25,6.887048772276335,6.887048772276335
2014-11-26,6.923891683135183,6.923891683135183
2014-11-28,6.927228279741507,6.927228279741507
2014-12-01,6.8953717598258955,6.8953717598258955
2014-12-02,6.910766273796352,6.910766273796352
2014-12-03,6.920969947344968,6.920969947344968
2014-12-04,6.927544088113652,6.927544088113652
2014-12-05,6.918428753155778,6.918428753155778
2014-12-08,6.9038323156736645,6.9038323156736645
2014-12-09,6.906833544399796,6.906833544399796
2014-12-10,6.857431690917915,6.857431690917915
2014-12-11,6.873571971538616,6.873571971538616
2014-12-12,6.82894043945028,6.82894043945028
2014-12-15,6.7962209595116505,6.7962209595116505
2014-12-16,6.777291890827284,6.777291890827284
2014-12-17,6.839431558421123,6.839431558421123
2014-12-18,6.915012967158356,6.915012967158356
2014-12-19,6.935377741217504,6.935377741217504
2014-12-22,6.956676508163296,6.956676508163296
2014-12-23,6.945308440331068,6.945308440331068
2014-12-24,6.949413548226125,6.949413548226125
2014-12-26,6.962201419401518,6.962201419401518
2014-12-29,6.974174808470222,6.974174808470222
2014-12-30,6.959268354859971,6.959268354859971
2014-12-31,6.925687996506469,6.925687996506469
2015-01-02,6.9335839448782295,6.9335839448782295
2015-01-05,6.878511213079452,6.878511213079452
2015-01-06,6.854818228131955,6.854818228131955
2015-01-07,6.896907565616142,6.896907565616142
2015-01-08,6.952818623572637,6.952818623572637
2015-01-09,6.933432901801446,6.933432901801446
2015-01-12,6.909087839371995,6.909087839371995
2015-01-13,6.90030038172296,6.90030038172296
2015-01-14,6.8878541890888645,6.8878541890888645
2015-01-15,6.935133505838547,6.935133505838547
2015-01-16,6.9867694197906935,6.9867694197906935
2015-01-20,7.027638249799834,7.027638249799834
2015-01-21,7.035834592560687,7.035834592560687
2015-01-22,7.0883295088414755,7.0883295088414755
2015-01-23,7.062443498867458,7.062443498867458
2015-01-26,7.043403530510596,7.043403530510596
2015-01-27,7.038090381035194,7.038090381035194
2015-01-28,6.999402807859196,6.999402807859196
2015-01-29,6.968810470031489,6.968810470031489
2015-01-30,6.9996416033843785,6.9996416033843785
2015-02-02,7.008986287548052,7.008986287548052
2015-02-03,7.007674061749,7.007674061749
2015-02-04,7.012558954875529,7.012558954875529
2015-02-05,7.03539166691753,7.03539166691753
2015-02-06,7.005195941911333,7.005195941911333
2015-02-09,6.988887539050957,6.988887539050957
2015-02-10,7.022338587629172,7.022338587629172
2015-02-11,7.022792435706955,7.022792435706955
2015-02-12,7.057194664508534,7.057194664508534
2015-02-13,7.0675852189140524,7.0675852189140524
2015-02-17,7.058783456025557,7.058783456025557
2015-02-18,7.07959861549899,7.07959861549899
2015-02-19,7.078926877577223,7.078926877577223
2015-02-20,7.1154866092961235,7.1154866092961235
2015-02-23,7.111052569228201,7.111052569228201
2015-02-24,7.14290643978437,7.14290643978437
2015-02-25,7.144419439970975,7.144419439970975
2015-02-26,7.126481642124211,7.126481642124211
2015-02-27,7.125479953207641,7.125479953207641
2015-03-02,7.132057698432188,7.132057698432188
2015-03-03,7.104702855510778,7.104702855510778
2015-03-04,7.086504073591321,7.086504073591321
2015-03-05,7.095649931560467,7.095649931560467
2015-03-06,7.022617011187434,7.022617011187434
2015-03-09,7.046132682120567,7.046132682120567
2015-03-10,6.997312073973337,6.997312073973337
2015-03-11,6.996102111679413,6.996102111679413
2015-03-12,7.043425133337176,7.043425133337176
2015-03-13,7.015138004837212,7.015138004837212
2015-03-16,7.0696292488059616,7.0696292488059616
2015-03-17,7.05848532880523,7.05848532880523
2015-03-18,7.154287581025347,7.154287581025347
2015-03-19,7.107174914670061,7.107174914670061
2015-03-20,7.187711785234312,7.187711785234312
2015-03-23,7.195514061600773,7.195514061600773
2015-03-24,7.1834109825313135,7.1834109825313135
2015-03-25,7.132547118633416,7.132547118633416
2015-03-26,7.097672634806616,7.097672634806616
2015-03-27,7.112690110385853,7.112690110385853
2015-03-30,7.1441372249446315,7.1441372249446315
2015-03-31,7.090492172011759,7.090492172011759
2015-04-01,7.106748030513236,7.106748030513236
2015-04-02,7.132612314104065,7.132612314104065
2015-04-06,7.1867075448336335,7.1867075448336335
2015-04-07,7.170786792485296,7.170786792485296
2015-04-08,7.222162070793726,7.222162070793726
2015-04-09,7.245949289225034,7.245949289225034
2015-04-10,7.26066446429632,7.26066446429632
2015-04-13,7.232322770257513,7.232322770257513
2015-04-14,7.259245114713723,7.259245114713723
2015-04-15,7.290751426836826,7.290751426836826
2015-04-16,7.308549365159193,7.308549365159193
2015-04-17,7.234079726214918,7.234079726214918
2015-04-20,7.24953302317586,7.24953302317586
2015-04-21,7.272238972639693,7.272238972639693
2015-04-22,7.298826982289611,7.298826982289611
2015-04-23,7.326505357767205,7.326505357767205
2015-04-24,7.351251010918609,7.351251010918609
2015-04-27,7.360392560109806,7.360392560109806
2015-04-28,7.364247523714865,7.364247523714865
2015-04-29,7.313544799358518,7.313544799358518
2015-04-30,7.248196138366543,7.248196138366543
2015-05-01,7.293845815214736,7.293845815214736
2015-05-04,7.3042380849135125,7.3042380849135125
2015-05-05,7.234705641098221,7.234705641098221
2015-05-06,7.203490007265628,7.203490007265628
2015-05-07,7.206588574432013,7.206588574432013
2015-05-08,7.300875344969439,7.300875344969439
2015-05-11,7.247208711043409,7.247208711043409
2015-05-12,7.234569005608526,7.234569005608526
2015-05-13,7.251659386904622,7.251659386904622
2015-05-14,7.313078592567919,7.313078592567919
2015-05-15,7.338147387174816,7.338147387174816
2015-05-18,7.317090594402601,7.317090594402601
2015-05-19,7.3061801341899875,7.3061801341899875
2015-05-20,7.309947082374374,7.309947082374374
2015-05-21,7.32419458564418,7.32419458564418
2015-05-22,7.312063558384904,7.312063558384904
2015-05-26,7.235015074966687,7.235015074966687
2015-05-27,7.27203292352573,7.27203292352573
2015-05-28,7.242316980956283,7.242316980956283
2015-05-29,7.204876430674672,7.204876430674672
2015-06-01,7.1966401256040795,7.1966401256040795
2015-06-02,7.20322002063808,7.20322002063808
2015-06-03,7.232720095129588,7.232720095129588
2015-06-04,7.16339198601284,7.16339198601284
2015-06-05,7.11465641696507,7.11465641696507
2015-06-08,7.087901700076025,7.087901700076025
2015-06-09,7.067925184698827,7.067925184698827
2015-06-10,7.184588379511517,7.184588379511517
2015-06-11,7.2058846851466845,7.2058846851466845
2015-06-12,7.149687221656942,7.149687221656942
2015-06-15,7.112767097710186,7.112767097710186
2015-06-16,7.131075075009799,7.131075075009799
2015-06-17,7.128711075811145,7.128711075811145
2015-06-18,7.197820109250457,7.197820109250457
2015-06-19,7.173148181307347,7.173148181307347
2015-06-22,7.259388293278813,7.259388293278813
2015-06-23,7.291389700347805,7.291389700347805
2015-06-24,7.233581537718178,7.233581537718178
2015-06-25,7.220990212606197,7.220990212606197
2015-06-26,7.2186549166015075,7.2186549166015075
2015-06-29,7.032062213341717,7.032062213341717
2015-06-30,7.026731457184239,7.026731457184239
2015-07-01,7.077581688567468,7.077581688567468
2015-07-02,7.07877202422923,7.07877202422923
2015-07-06,7.058625634229767,7.058625634229767
2015-07-07,7.103014184439515,7.103014184439515
2015-07-08,7.051903528424077,7.051903528424077
2015-07-09,7.064659528270803,7.064659528270803
2015-07-10,7.22487592303889,7.22487592303889
2015-07-13,7.278231736878251,7.278231736878251
2015-07-14,7.324465902585596,7.324465902585596
2015-07-15,7.3097436558396645,7.3097436558396645
2015-07-16,7.370637467868062,7.370637467868062
2015-07-17,7.367561973646386,7.367561973646386
2015-07-20,7.37906192340421,7.37906192340421
2015-07-21,7.353775306052358,7.353775306052358
2015-07-22,7.319008763434688,7.319008763434688
2015-07-23,7.288801689190543,7.288801689190543
2015-07-24,7.210946477789917,7.210946477789917
2015-07-27,7.16345002712937,7.16345002712937
2015-07-28,7.252625205282711,7.252625205282711
2015-07-29,7.290557721288039,7.290557721288039
2015-07-30,7.288595224611818,7.288595224611818
2015-07-31,7.308822551146673,7.308822551146673
2015-08-03,7.296729696870252,7.296729696870252
2015-08-04,7.29242318856542,7.29242318856542
2015-08-05,7.323612121972024,7.323612121972024
2015-08-06,7.278418649396775,7.278418649396775
2015-08-07,7.2734935234082805,7.2734935234082805
2015-08-10,7.36377915514626,7.36377915514626
2015-08-11,7.312201572550655,7.312201572550655
2015-08-12,7.296152193059697,7.296152193059697
2015-08-13,7.289330359897674,7.289330359897674
2015-08-14,7.308307136714724,7.308307136714724
2015-08-17,7.321594037350392,7.321594037350392
2015-08-18,7.283481484552107,7.283481484552107
2015-08-19,7.266046389547521,7.266046389547521
2015-08-20,7.277337166606078,7.277337166606078
2015-08-21,7.2899546529323995,7.2899546529323995
2015-08-24,7.287301921811001,7.287301921811001
2015-08-25,7.270030641835581,7.270030641835581
2015-08-26,7.270030641835581,7.270030641835581
2015-08-27,7.270030641835581,7.270030641835581
2015-08-28,7.270030641835581,7.270030641835581
2015-08-31,7.270030641835581,7.270030641835581
2015-09-01,7.291567022425407,7.291567022425407
2015-09-02,7.291567022425407,7.291567022425407
2015-09-03,7.302278849773391,7.302278849773391
2015-09-04,7.317685315647188,7.317685315647188
2015-09-08,7.317685315647188,7.317685315647188
2015-09-09,7.317685315647188,7.317685315647188
2015-09-10,7.317685315647188,7.317685315647188
2015-09-11,7.317685315647188,7.317685315647188
2015-09-14,7.319694445650232,7.319694445650232
2015-09-15,7.319694445650232,7.319694445650232
2015-09-16,7.319694445650232,7.319694445650232
2015-09-17,7.365561953903414,7.365561953903414
2015-09-18,7.3716327047565064,7.3716327047565064
2015-09-21,7.3716327047565064,7.3716327047565064
2015-09-22,7.389217865422541,7.389217865422541
2015-09-23,7.383128168714856,7.383128168714856
2015-09-24,7.392599089704427,7.392599089704427
2015-09-25,7.392599089704427,7.392599089704427
2015-09-28,7.410212069744584,7.410212069744584
2015-09-29,7.4217324479002205,7.4217324479002205
2015-09-30,7.424440737504297,7.424440737504297
2015-10-01,7.430212123645078,7.430212123645078
2015-10-02,7.452616047000354,7.452616047000354
2015-10-05,7.424782947741091,7.424782947741091
2015-10-06,7.443111140177983,7.443111140177983
2015-10-07,7.437680564641126,7.437680564641126
2015-10-08,7.427496835876648,7.427496835876648
2015-10-09,7.4213874383976846,7.4213874383976846
2015-10-12,7.440390253878073,7.440390253878073
2015-10-13,7.441072574902355,7.441072574902355
2015-10-14,7.519845190349692,7.519845190349692
2015-10-15,7.49754201604639,7.49754201604639
2015-10-16,7.4900347050997675,7.4900347050997675
2015-10-19,7.497542016046391,7.497542016046391
2015-10-20,7.48252950452916,7.48252950452916
2015-10-21,7.5002700287760575,7.5002700287760575
2015-10-22,7.56430887728747,7.56430887728747
2015-10-23,7.599230046455154,7.599230046455154
2015-10-26,7.591623821378502,7.591623821378502
2015-10-27,7.589820099663945,7.589820099663945
2015-10-28,7.6215942517117,7.6215942517117
2015-10-29,7.603071714438812,7.603071714438812
2015-10-30,7.596784380590395,7.596784380590395
2015-11-02,7.634246759288657,7.634246759288657
2015-11-03,7.65638561777701,7.65638561777701
2015-11-04,7.63316260928032,7.63316260928032
2015-11-05,7.625537883353311,7.625537883353311
2015-11-06,7.621550114035624,7.621550114035624
2015-11-09,7.550428287894524,7.550428287894524
2015-11-10,7.567844718436751,7.567844718436751
2015-11-11,7.538089722656433,7.538089722656433
2015-11-12,7.538089722656433,7.538089722656433
2015-11-13,7.538089722656433,7.538089722656433
2015-11-16,7.652717602359241,7.652717602359241
2015-11-17,7.647134642333754,7.647134642333754
2015-11-18,7.768466275347904,7.768466275347904
2015-11-19,7.76176794304399,7.76176794304399
2015-11-20,7.790052049302497,7.790052049302497
2015-11-23,7.781123650067661,7.781123650067661
2015-11-24,7.789913680336774,7.789913680336774
2015-11-25,7.791146546522931,7.791146546522931
2015-11-27,7.794536312331541,7.794536312331541
2015-11-30,7.7797927237218625,7.7797927237218625
2015-12-01,7.830517770310022,7.830517770310022
2015-12-02,7.785882115034598,7.785882115034598
2015-12-03,7.676859759014525,7.676859759014525
2015-12-04,7.826577449848537,7.826577449848537
2015-12-07,7.8086554600407405,7.8086554600407405
2015-12-08,7.783861391247642,7.783861391247642
2015-12-09,7.753583950540747,7.753583950540747
2015-12-10,7.762874107573396,7.762874107573396
2015-12-11,7.782207238917062,7.782207238917062
2015-12-14,7.782207238917062,7.782207238917062
2015-12-15,7.782207238917062,7.782207238917062
2015-12-16,7.896074172055128,7.896074172055128
2015-12-17,7.896074172055128,7.896074172055128
2015-12-18,7.912864573276415,7.912864573276415
2015-12-21,7.912864573276415,7.912864573276415
2015-12-22,7.912864573276415,7.912864573276415
2015-12-23,8.010852111178625,8.010852111178625
2015-12-24,7.997629648942166,7.997629648942166
2015-12-28,7.979354809848374,7.979354809848374
2015-12-29,8.064509071250592,8.064509071250592
2015-12-30,8.00734803200706,8.00734803200706
2015-12-31,8.00734803200706,8.00734803200706
2016-01-04,8.00734803200706,8.00734803200706
2016-01-05,8.00734803200706,8.00734803200706
2016-01-06,8.037744822680487,8.037744822680487
2016-01-07,8.037001420847243,8.037001420847243
2016-01-08,8.05479451615397,8.05479451615397
2016-01-11,8.031813538053813,8.031813538053813
2016-01-12,8.049602840494044,8.049602840494044
2016-01-13,8.068134027620921,8.068134027620921
2016-01-14,8.06517179888743,8.06517179888743
2016-01-15,8.074811748374039,8.074811748374039
2016-01-19,8.066655568260723,8.066655568260723
2016-01-20,8.07332342756095,8.07332342756095
2016-01-21,8.062203501567545,8.062203501567545
2016-01-22,8.068134027620921,8.068134027620921
2016-01-25,8.063689546660735,8.063689546660735
2016-01-26,8.074063795100999,8.074063795100999
2016-01-27,8.075551357340789,8.075551357340789
2016-01-28,8.082220733787615,8.082220733787615
2016-01-29,8.105939045134626,8.105939045134626
2016-02-01,8.096134485242084,8.096134485242084
2016-02-02,8.120649298553285,8.120649298553285
2016-02-03,8.163852318906802,8.163852318906802
2016-02-04,8.217280622170218,8.217280622170218
2016-02-05,8.278552508485578,8.278552508485578
2016-02-08,8.350102919792805,8.350102919792805
2016-02-09,8.340553467816477,8.340553467816477
2016-02-10,8.383125819695376,8.383125819695376
2016-02-11,8.554245957177804,8.554245957177804
2016-02-12,8.51743995166852,8.51743995166852
2016-02-16,8.37779292187552,8.37779292187552
2016-02-17,8.401412958616291,8.401412958616291
2016-02-18,8.51629450973221,8.51629450973221
2016-02-19,8.49151430976324,8.49151430976324
2016-02-22,8.417205126729176,8.417205126729176
2016-02-23,8.481014519222361,8.481014519222361
2016-02-24,8.496665270005765,8.496665270005765
2016-02-25,8.518690002618644,8.518690002618644
2016-02-26,8.481699360858581,8.481699360858581
2016-02-29,8.542116554609855,8.542116554609855
2016-03-01,8.498008768169964,8.498008768169964
2016-03-02,8.526186149499495,8.526186149499495
2016-03-03,8.60488828514573,8.60488828514573
2016-03-04,8.591441733967995,8.591441733967995
2016-03-07,8.611645325435614,8.611645325435614
2016-03-08,8.602371955426792,8.602371955426792
2016-03-09,8.564740925185724,8.564740925185724
2016-03-10,8.635451979068755,8.635451979068755
2016-03-11,8.627136681026892,8.627136681026892
2016-03-14,8.58793838996814,8.58793838996814
2016-03-15,8.582844254962083,8.582844254962083
2016-03-16,8.675480288469537,8.675480288469537
2016-03-17,8.733312067736826,8.733312067736826
2016-03-18,8.749288504075745,8.749288504075745
2016-03-21,8.736790414401048,8.736790414401048
2016-03-22,8.735528028548748,8.735528028548748
2016-03-23,8.656777890969424,8.656777890969424
2016-03-24,8.648832188750065,8.648832188750065
2016-03-28,8.659320876245378,8.659320876245378
2016-03-29,8.755686425645834,8.755686425645834
2016-03-30,8.756482531686583,8.756482531686583
2016-03-31,8.766282234324567,8.766282234324567
2016-04-01,8.759643443563172,8.759643443563172
2016-04-04,8.713832936651634,8.713832936651634
2016-04-05,8.726522564501073,8.726522564501073
2016-04-06,8.762983965042311,8.762983965042311
2016-04-07,8.776076156401137,8.776076156401137
2016-04-08,8.776624372138544,8.776624372138544
2016-04-11,8.83096840038353,8.83096840038353
2016-04-12,8.882268596633965,8.882268596633965
2016-04-13,8.921483201381537,8.921483201381537
2016-04-14,8.875739576933796,8.875739576933796
2016-04-15,8.882087456213437,8.882087456213437
2016-04-18,8.915155058136898,8.915155058136898
2016-04-19,9.006622903221503,9.006622903221503
2016-04-20,8.988099252760026,8.988099252760026
2016-04-21,8.954058190206487,8.954058190206487
2016-04-22,8.921359124177455,8.921359124177455
2016-04-25,8.901138169785215,8.901138169785215
2016-04-26,8.935556068793625,8.935556068793625
2016-04-27,8.961719241229936,8.961719241229936
2016-04-28,8.94000003061444,8.94000003061444
2016-04-29,8.96151322145201,8.96151322145201
2016-05-02,8.980783291793514,8.980783291793514
2016-05-03,8.896706396219985,8.896706396219985
2016-05-04,8.863412314414381,8.863412314414381
2016-05-05,8.866913773474137,8.866913773474137
2016-05-06,8.900084939310256,8.900084939310256
2016-05-09,8.843475592181264,8.843475592181264
2016-05-10,8.920300579640626,8.920300579640626
2016-05-11,8.915052244585375,8.915052244585375
2016-05-12,8.889880430148356,8.889880430148356
2016-05-13,8.883114545257664,8.883114545257664
2016-05-16,8.909456703484713,8.909456703484713
2016-05-17,8.887965711847999,8.887965711847999
2016-05-18,8.825150535008792,8.825150535008792
2016-05-19,8.811191056974982,8.811191056974982
2016-05-20,8.827684524641837,8.827684524641837
2016-05-23,8.814785494078551,8.814785494078551
2016-05-24,8.835962912732583,8.835962912732583
2016-05-25,8.883268039816203,8.883268039816203
2016-05-26,8.897182438737072,8.897182438737072
2016-05-27,8.887503553429639,8.887503553429639
2016-05-31,8.885675023420875,8.885675023420875
2016-06-01,8.883886304793775,8.883886304793775
2016-06-02,8.904156091641019,8.904156091641019
2016-06-03,8.99672664983201,8.99672664983201
2016-06-06,9.033296149521359,9.033296149521359
2016-06-07,9.065738265264583,9.065738265264583
2016-06-08,9.115936497397422,9.115936497397422
2016-06-09,9.081596508289735,9.081596508289735
2016-06-10,9.014892432037984,9.014892432037984
2016-06-13,8.984401082599298,8.984401082599298
2016-06-14,8.973884933925614,8.973884933925614
2016-06-15,9.016044092837541,9.016044092837541
2016-06-16,8.992366891869445,8.992366891869445
2016-06-17,9.017324533298483,9.017324533298483
2016-06-20,9.089872680582134,9.089872680582134
2016-06-21,9.087486242898532,9.087486242898532
2016-06-22,9.090068536337798,9.090068536337798
2016-06-23,9.192978164504227,9.192978164504227
2016-06-24,9.096036594257114,9.096036594257114
2016-06-27,9.138875218022923,9.138875218022923
2016-06-28,9.22574634020552,9.22574634020552
2016-06-29,9.331339983564028,9.331339983564028
2016-06-30,9.402941332792457,9.402941332792457
2016-07-01,9.471575057995436,9.471575057995436
2016-07-05,9.429883195059471,9.429883195059471
2016-07-06,9.455995332969714,9.455995332969714
2016-07-07,9.437680554747306,9.437680554747306
2016-07-08,9.541546933426208,9.541546933426208
2016-07-11,9.543979001954408,9.543979001954408
2016-07-12,9.573233838483324,9.573233838483324
2016-07-13,9.588030461196748,9.588030461196748
2016-07-14,9.62653366501592,9.62653366501592
2016-07-15,9.595476138768017,9.595476138768017
2016-07-18,9.625925130256492,9.625925130256492
2016-07-19,9.595535007762892,9.595535007762892
2016-07-20,9.601331368888241,9.601331368888241
2016-07-21,9.611412013343086,9.611412013343086
2016-07-22,9.623740007047346,9.623740007047346
2016-07-25,9.581258359393447,9.581258359393447
2016-07-26,9.613376935319586,9.613376935319586
2016-07-27,9.661444776894491,9.661444776894491
2016-07-28,9.656438106874303,9.656438106874303
2016-07-29,9.717747105374386,9.717747105374386
2016-08-01,9.698740482383933,9.698740482383933
2016-08-02,9.672676111222964,9.672676111222964
2016-08-03,9.670916857220643,9.670916857220643
2016-08-04,9.701783090009966,9.701783090009966
2016-08-05,9.70772578850126,9.70772578850126
2016-08-08,9.723924442173018,9.723924442173018
2016-08-09,9.766682008483148,9.766682008483148
2016-08-10,9.780487149746971,9.780487149746971
2016-08-11,9.810128795379692,9.810128795379692
2016-08-12,9.796695478242468,9.796695478242468
2016-08-15,9.833684006012655,9.833684006012655
2016-08-16,9.820182800152672,9.820182800152672
2016-08-17,9.814836708859266,9.814836708859266
2016-08-18,9.859682749375324,9.859682749375324
2016-08-19,9.809412832092391,9.809412832092391
2016-08-22,9.78529075682399,9.78529075682399
2016-08-23,9.789845565230756,9.789845565230756
2016-08-24,9.758034612117156,9.758034612117156
2016-08-25,9.746549288874311,9.746549288874311
2016-08-26,9.708537733743574,9.708537733743574
2016-08-29,9.748086867792196,9.748086867792196
2016-08-30,9.716301633504617,9.716301633504617
2016-08-31,9.68098874205129,9.68098874205129
2016-09-01,9.718794374641643,9.718794374641643
2016-09-02,9.799003971012525,9.799003971012525
2016-09-06,9.89734976761639,9.89734976761639
2016-09-07,9.886233415706394,9.886233415706394
2016-09-08,9.853582875585088,9.853582875585088
2016-09-09,9.68013773101612,9.68013773101612
2016-09-12,9.736090207505585,9.736090207505585
2016-09-13,9.601516287227106,9.601516287227106
2016-09-14,9.612977541001063,9.612977541001063
2016-09-15,9.670685658756861,9.670685658756861
2016-09-16,9.621750198005985,9.621750198005985
2016-09-19,9.6498899261694,9.6498899261694
2016-09-20,9.665258732158504,9.665258732158504
2016-09-21,9.808027745324654,9.808027745324654
2016-09-22,9.862927859141838,9.862927859141838
2016-09-23,9.810969342135213,9.810969342135213
2016-09-26,9.74909170118955,9.74909170118955
2016-09-27,9.78657664266501,9.78657664266501
2016-09-28,9.822259796847304,9.822259796847304
2016-09-29,9.743518851700923,9.743518851700923
2016-09-30,9.77314027970837,9.77314027970837
2016-10-03,9.769533134649553,9.769533134649553
2016-10-04,9.663031381804691,9.663031381804691
2016-10-05,9.70180662709647,9.70180662709647
2016-10-06,9.692306951589208,9.692306951589208
2016-10-07,9.66120551042922,9.66120551042922
2016-10-10,9.703807832423507,9.703807832423507
2016-10-11,9.579165001152663,9.579165001152663
2016-10-12,9.573289161945098,9.573289161945098
2016-10-13,9.538515445520865,9.538515445520865
2016-10-14,9.543713640285853,9.543713640285853
2016-10-17,9.529878576722604,9.529878576722604
2016-10-18,9.61429624350429,9.61429624350429
2016-10-19,9.648570364031002,9.648570364031002
2016-10-20,9.635737174982255,9.635737174982255
2016-10-21,9.63447375505786,9.63447375505786
2016-10-24,9.65088913779003,9.65088913779003
2016-10-25,9.659709425768561,9.659709425768561
2016-10-26,9.613749497686177,9.613749497686177
2016-10-27,9.57783120176551,9.57783120176551
2016-10-28,9.572781399238389,9.572781399238389
2016-10-31,9.592832930702226,9.592832930702226
2016-11-01,9.566531455952893,9.566531455952893
2016-11-02,9.535630016408211,9.535630016408211
2016-11-03,9.52726635513545,9.52726635513545
2016-11-04,9.507024260663826,9.507024260663826
2016-11-07,9.607514207116044,9.607514207116044
2016-11-08,9.636625234711694,9.636625234711694
2016-11-09,9.568885962830423,9.568885962830423
2016-11-10,9.477350623045618,9.477350623045618
2016-11-11,9.390707429093702,9.390707429093702
2016-11-14,9.368882804224729,9.368882804224729
2016-11-15,9.46983512788837,9.46983512788837
2016-11-16,9.421698167694041,9.421698167694041
2016-11-17,9.466315170795164,9.466315170795164
2016-11-18,9.44513474493455,9.44513474493455
2016-11-21,9.527215545728426,9.527215545728426
2016-11-22,9.589450881360582,9.589450881360582
2016-11-23,9.54067674134661,9.54067674134661
2016-11-25,9.581519049981958,9.581519049981958
2016-11-28,9.57805389961349,9.57805389961349
2016-11-29,9.594160721511807,9.594160721511807
2016-11-30,9.590770908806777,9.590770908806777
2016-12-01,9.516412197246597,9.516412197246597
2016-12-02,9.524221844156362,9.524221844156362
2016-12-05,9.600863956045066,9.600863956045066
2016-12-06,9.649965298701941,9.649965298701941
2016-12-07,9.794231291717772,9.794231291717772
2016-12-08,9.813865902816174,9.813865902816174
2016-12-09,9.830519564626593,9.830519564626593
2016-12-12,9.7905052253071,9.7905052253071
2016-12-13,9.883787870381678,9.883787870381678
2016-12-14,9.710146420292444,9.710146420292444
2016-12-15,9.721755152722118,9.721755152722118
2016-12-16,9.702964596923538,9.702964596923538
2016-12-19,9.706017192281614,9.706017192281614
2016-12-20,9.741460503026131,9.741460503026131
2016-12-21,9.729258361834878,9.729258361834878
2016-12-22,9.709888506681988,9.709888506681988
2016-12-23,9.729653904208396,9.729653904208396
2016-12-27,9.73582101417244,9.73582101417244
2016-12-28,9.676999170813994,9.676999170813994
2016-12-29,9.737152310900598,9.737152310900598
2016-12-30,9.713560709594192,9.713560709594192
2017-01-03,9.79736373157123,9.79736373157123
2017-01-04,9.87878400493369,9.87878400493369
2017-01-05,9.940166961183653,9.940166961183653
2017-01-06,9.927065853109283,9.927065853109283
2017-01-09,9.908338425120514,9.908338425120514
2017-01-10,9.92821276526193,9.92821276526193
2017-01-11,9.994360498993418,9.994360498993418
2017-01-12,10.005639420514258,10.005639420514258
2017-01-13,10.022929318937337,10.022929318937337
2017-01-17,9.997001095994133,9.997001095994133
2017-01-18,9.976642439745834,9.976642439745834
2017-01-19,9.945864722870617,9.945864722870617
2017-01-20,9.983518269188222,9.983518269188222
2017-01-23,10.032604954870111,10.032604954870111
2017-01-24,10.083282292243114,10.083282292243114
2017-01-25,10.184340574253211,10.184340574253211
2017-01-26,10.152837363143822,10.152837363143822
2017-01-27,10.144604343815434,10.144604343815434
2017-01-30,10.0813364035444,10.0813364035444
2017-01-31,10.092431721056363,10.092431721056363
2017-02-01,10.109106049831112,10.109106049831112
2017-02-02,10.127445129421664,10.127445129421664
2017-02-03,10.184933422681663,10.184933422681663
2017-02-06,10.146496917456796,10.146496917456796
2017-02-07,10.126182100661957,10.126182100661957
2017-02-08,10.156983246811135,10.156983246811135
2017-02-09,10.206501358747088,10.206501358747088
2017-02-10,10.25930935115254,10.25930935115254
2017-02-13,10.30230539241721,10.30230539241721
2017-02-14,10.314490275473943,10.314490275473943
2017-02-15,10.373325753540765,10.373325753540765
2017-02-16,10.365869691222057,10.365869691222057
2017-02-17,10.34785959523587,10.34785959523587
2017-02-21,10.417540342886355,10.417540342886355
2017-02-22,10.425192793448328,10.425192793448328
2017-02-23,10.4358823966962,10.4358823966962
2017-02-24,10.37404043193788,10.37404043193788
2017-02-27,10.37095245993201,10.37095245993201
2017-02-28,10.323127909434454,10.323127909434454
2017-03-01,10.460662314108337,10.460662314108337
2017-03-02,10.354369570730194,10.354369570730194
2017-03-03,10.403465284249393,10.403465284249393
2017-03-06,10.384140389081487,10.384140389081487
2017-03-07,10.36545805394277,10.36545805394277
2017-03-08,10.313966662266074,10.313966662266074
2017-03-09,10.304216485290443,10.304216485290443
2017-03-10,10.383565370766496,10.383565370766496
2017-03-13,10.451714960707235,10.451714960707235
2017-03-14,10.39181520733611,10.39181520733611
2017-03-15,10.56167050457051,10.56167050457051
2017-03-16,10.593332625090317,10.593332625090317
2017-03-17,10.589986299908837,10.589986299908837
2017-03-20,10.619858104963544,10.619858104963544
2017-03-21,10.519457746234348,10.519457746234348
2017-03-22,10.545140240029923,10.545140240029923
2017-03-23,10.550232062092363,10.550232062092363
2017-03-24,10.566181549326808,10.566181549326808
2017-03-27,10.561904439110293,10.561904439110293
2017-03-28,10.614230552064777,10.614230552064777
2017-03-29,10.623758960590866,10.623758960590866
2017-03-30,10.603942114257498,10.603942114257498
2017-03-31,10.565667085625767,10.565667085625767
2017-04-03,10.574122242522948,10.574122242522948
2017-04-04,10.577016531027082,10.577016531027082
2017-04-05,10.537148961600849,10.537148961600849
2017-04-06,10.541368997575136,10.541368997575136
2017-04-07,10.52927892254074,10.52927892254074
2017-04-10,10.513127877802981,10.513127877802981
2017-04-11,10.554374887487766,10.554374887487766
2017-04-12,10.572786191614634,10.572786191614634
2017-04-13,10.549026220785123,10.549026220785123
2017-04-17,10.59548397925761,10.59548397925761
2017-04-18,10.571387144917393,10.571387144917393
2017-04-19,10.523895182043436,10.523895182043436
2017-04-20,10.584553417986262,10.584553417986262
2017-04-21,10.585830104010908,10.585830104010908
2017-04-24,10.675463803261694,10.675463803261694
2017-04-25,10.706312256543015,10.706312256543015
2017-04-26,10.70421394556974,10.70421394556974
2017-04-27,10.699342508394386,10.699342508394386
2017-04-28,10.706025536961947,10.706025536961947
2017-05-01,10.707418117451947,10.707418117451947
2017-05-02,10.7372696735088,10.7372696735088
2017-05-03,10.708017158112375,10.708017158112375
2017-05-04,10.704473410995725,10.704473410995725
2017-05-05,10.767357376119522,10.767357376119522
2017-05-08,10.739054152803359,10.739054152803359
2017-05-09,10.7724058299896,10.7724058299896
2017-05-10,10.808211046633275,10.808211046633275
2017-05-11,10.799904711545349,10.799904711545349
2017-05-12,10.83150810590897,10.83150810590897
2017-05-15,10.886758898882693,10.886758898882693
2017-05-16,10.907812792551042,10.907812792551042
2017-05-17,10.858035614007566,10.858035614007566
2017-05-18,10.8270054395065,10.8270054395065
2017-05-19,10.923246988907438,10.923246988907438
2017-05-22,10.94685955421354,10.94685955421354
2017-05-23,10.93608096104274,10.93608096104274
2017-05-24,10.963427107216043,10.963427107216043
2017-05-25,10.983121458164947,10.983121458164947
2017-05-26,11.00297466490698,11.00297466490698
2017-05-30,10.984051635020617,10.984051635020617
2017-05-31,10.980219307542821,10.980219307542821
2017-06-01,11.031450902426561,11.031450902426561
2017-06-02,11.097689194908186,11.097689194908186
2017-06-05,11.07993298146471,11.07993298146471
2017-06-06,11.09699816042963,11.09699816042963
2017-06-07,11.084767577935127,11.084767577935127
2017-06-08,11.07846000288866,11.07846000288866
2017-06-09,11.027830217232719,11.027830217232719
2017-06-12,11.004106785688183,11.004106785688183
2017-06-13,11.045290757321663,11.045290757321663
2017-06-14,11.035254180089101,11.035254180089101
2017-06-15,10.974673988608103,10.974673988608103
2017-06-16,10.999326731859806,10.999326731859806
2017-06-19,11.02869129692703,11.02869129692703
2017-06-20,10.961700105126141,10.961700105126141
2017-06-21,10.969984275604668,10.969984275604668
2017-06-22,10.98827338685673,10.98827338685673
2017-06-23,11.017844917213585,11.017844917213585
2017-06-26,11.026517421763819,11.026517421763819
2017-06-27,10.984400226305805,10.984400226305805
2017-06-28,11.04269794006589,11.04269794006589
2017-06-29,10.958427677069121,10.958427677069121
2017-06-30,10.965612173178316,10.965612173178316
2017-07-03,10.977901052346716,10.977901052346716
2017-07-05,10.980482378915744,10.980482378915744
2017-07-06,10.904838427601184,10.904838427601184
2017-07-07,10.927251413000652,10.927251413000652
2017-07-10,10.964083724242979,10.964083724242979
2017-07-11,10.993335196665857,10.993335196665857
2017-07-12,11.097422792221916,11.097422792221916
2017-07-13,11.120721996495378,11.120721996495378
2017-07-14,11.190917540259143,11.190917540259143
2017-07-17,11.173483992741545,11.173483992741545
2017-07-18,11.204142939664282,11.204142939664282
2017-07-19,11.244736475965535,11.244736475965535
2017-07-20,11.255953085758662,11.255953085758662
2017-07-21,11.266959889702465,11.266959889702465
2017-07-24,11.265926727508752,11.265926727508752
2017-07-25,11.253428150014361,11.253428150014361
2017-07-26,11.308453366972167,11.308453366972167
2017-07-27,11.283946355681673,11.283946355681673
2017-07-28,11.304125616423196,11.304125616423196
2017-07-31,11.310259721725767,11.310259721725767
2017-08-01,11.338848331642811,11.338848331642811
2017-08-02,11.336672821249033,11.336672821249033
2017-08-03,11.332467012493025,11.332467012493025
2017-08-04,11.326525978449473,11.326525978449473
2017-08-07,11.344350876214863,11.344350876214863
2017-08-08,11.33175208795958,11.33175208795958
2017-08-09,11.336951619681521,11.336951619681521
2017-08-10,11.238137984235298,11.238137984235298
2017-08-11,11.255132889474218,11.255132889474218
2017-08-14,11.299936130814093,11.299936130814093
2017-08-15,11.279848387890343,11.279848387890343
2017-08-16,11.34079468160797,11.34079468160797
2017-08-17,11.265834585938853,11.265834585938853
2017-08-18,11.28277999480229,11.28277999480229
2017-08-21,11.302263617952029,11.302263617952029
2017-08-22,11.349918085514187,11.349918085514187
2017-08-23,11.366585363299455,11.366585363299455
2017-08-24,11.353375695543132,11.353375695543132
2017-08-25,11.395592617233966,11.395592617233966
2017-08-28,11.424607114057828,11.424607114057828
2017-08-29,11.412266867934472,11.412266867934472
2017-08-30,11.422052345577443,11.422052345577443
2017-08-31,11.486840850646196,11.486840850646196
2017-09-01,11.50926330452735,11.50926330452735
2017-09-05,11.48218036479805,11.48218036479805
2017-09-06,11.504904279399275,11.504904279399275
2017-09-07,11.57003748055101,11.57003748055101
2017-09-08,11.546690952490065,11.546690952490065
2017-09-11,11.581922886121792,11.581922886121792
2017-09-12,11.597760628239161,11.597760628239161
2017-09-13,11.554317050471813,11.554317050471813
2017-09-14,11.575178242240247,11.575178242240247
2017-09-15,11.582149732694543,11.582149732694543
2017-09-18,11.575623981084348,11.575623981084348
2017-09-19,11.597448665219268,11.597448665219268
2017-09-20,11.56206615854968,11.56206615854968
2017-09-21,11.533127556251971,11.533127556251971
2017-09-22,11.539764226137553,11.539764226137553
2017-09-25,11.512347545550925,11.512347545550925
2017-09-26,11.475925297060153,11.475925297060153
2017-09-27,11.450003067059448,11.450003067059448
2017-09-28,11.46179803764252,11.46179803764252
2017-09-29,11.496016691643417,11.496016691643417
2017-10-02,11.490580000523595,11.490580000523595
2017-10-03,11.542661909519401,11.542661909519401
2017-10-04,11.546384392422839,11.546384392422839
2017-10-05,11.562527162769182,11.562527162769182
2017-10-06,11.554162780203551,11.554162780203551
2017-10-09,11.57156778263989,11.57156778263989
2017-10-10,11.628767972232131,11.628767972232131
2017-10-11,11.656583989535584,11.656583989535584
2017-10-12,11.654750113300937,11.654750113300937
2017-10-13,11.714268058467306,11.714268058467306
2017-10-16,11.695772981672658,11.695772981672658
2017-10-17,11.662495285943006,11.662495285943006
2017-10-18,11.664636917746229,11.664636917746229
2017-10-19,11.656523385228093,11.656523385228093
2017-10-20,11.652468347758997,11.652468347758997
2017-10-23,11.625922869973316,11.625922869973316
2017-10-24,11.619844727001539,11.619844727001539
2017-10-25,11.593115081107122,11.593115081107122
2017-10-26,11.558040922472944,11.558040922472944
2017-10-27,11.631884453678426,11.631884453678426
2017-10-30,11.624792106334942,11.624792106334942
2017-10-31,11.649627894440195,11.649627894440195
2017-11-01,11.67665265696355,11.67665265696355
2017-11-02,11.690431694224797,11.690431694224797
2017-11-03,11.673654315867838,11.673654315867838
2017-11-06,11.728881740391659,11.728881740391659
2017-11-07,11.69566565469603,11.69566565469603
2017-11-08,11.72503204390067,11.72503204390067
2017-11-09,11.696491214895298,11.696491214895298
2017-11-10,11.650743058981211,11.650743058981211
2017-11-13,11.64158421493871,11.64158421493871
2017-11-14,11.626011896443927,11.626011896443927
2017-11-15,11.592685933414167,11.592685933414167
2017-11-16,11.676506370600944,11.676506370600944
2017-11-17,11.703381165145572,11.703381165145572
2017-11-20,11.693654751510424,11.693654751510424
2017-11-21,11.764086542635745,11.764086542635745
2017-11-22,11.800126337850045,11.800126337850045
2017-11-24,11.813522591189745,11.813522591189745
2017-11-27,11.773422398729986,11.773422398729986
2017-11-28,11.827927588458248,11.827927588458248
2017-11-29,11.75894481128266,11.75894481128266
2017-11-30,11.734162726554262,11.734162726554262
2017-12-01,11.722883894642848,11.722883894642848
2017-12-04,11.70813786243356,11.70813786243356
2017-12-05,11.69233410445098,11.69233410445098
2017-12-06,11.650455271177192,11.650455271177192
2017-12-07,11.67184048288836,11.67184048288836
2017-12-08,11.736282204715335,11.736282204715335
2017-12-11,11.766299910545875,11.766299910545875
2017-12-12,11.754173717081464,11.754173717081464
2017-12-13,11.80875146075336,11.80875146075336
2017-12-14,11.759509212730856,11.759509212730856
2017-12-15,11.790339671372644,11.790339671372644
2017-12-18,11.873421996401438,11.873421996401438
2017-12-19,11.82676309932905,11.82676309932905
2017-12-20,11.81722983745142,11.81722983745142
2017-12-21,11.855867687000945,11.855867687000945
2017-12-22,11.894913458309857,11.894913458309857
2017-12-26,11.907633850576543,11.907633850576543
2017-12-27,11.935789915130961,11.935789915130961
2017-12-28,11.968821226674203,11.968821226674203
2017-12-29,11.99072793531227,11.99072793531227
2018-01-02,12.096505934846101,12.096505934846101
2018-01-03,12.14044400195047,12.14044400195047
2018-01-04,12.200205682580092,12.200205682580092
2018-01-05,12.246977907744945,12.246977907744945
2018-01-08,12.249713460237775,12.249713460237775
2018-01-09,12.235896077887583,12.235896077887583
2018-01-10,12.217840278785983,12.217840278785983
2018-01-11,12.276753167113174,12.276753167113174
2018-01-12,12.370225453716333,12.370225453716333
2018-01-16,12.354691394862062,12.354691394862062
2018-01-17,12.400856394151544,12.400856394151544
2018-01-18,12.38870680398398,12.38870680398398
2018-01-19,12.459184092420935,12.459184092420935
2018-01-22,12.524050057616883,12.524050057616883
2018-01-23,12.571170526396674,12.571170526396674
2018-01-24,12.640201268964452,12.640201268964452
2018-01-25,12.60636258376426,12.60636258376426
2018-01-26,12.716760848752406,12.716760848752406
2018-01-29,12.600432338750133,12.600432338750133
2018-01-30,12.485330526142052,12.485330526142052
2018-01-31,12.530729504674557,12.530729504674557
2018-02-01,12.504032787736744,12.504032787736744
2018-02-02,12.251545735485745,12.251545735485745
2018-02-05,11.895458010308163,11.895458010308163
2018-02-06,12.078209192430474,12.078209192430474
2018-02-07,11.920515714353508,11.920515714353508
2018-02-08,11.632245325708396,11.632245325708396
2018-02-09,11.729850867096474,11.729850867096474
2018-02-12,11.878023050080671,11.878023050080671
2018-02-13,11.915943228012136,11.915943228012136
2018-02-14,12.134339186170548,12.134339186170548
2018-02-15,12.257778002731152,12.257778002731152
2018-02-16,12.25257764575748,12.25257764575748
2018-02-20,12.121442630965976,12.121442630965976
2018-02-21,12.075402421897023,12.075402421897023
2018-02-22,12.112410439362064,12.112410439362064
2018-02-23,12.234726031756713,12.234726031756713
2018-02-26,12.334785542314725,12.334785542314725
2018-02-27,12.128550219007247,12.128550219007247
2018-02-28,12.022480467468137,12.022480467468137
2018-03-01,11.915939840053127,11.915939840053127
2018-03-02,11.97395959679518,11.97395959679518
2018-03-05,12.023853621541381,12.023853621541381
2018-03-06,12.109613820163888,12.109613820163888
2018-03-07,12.09137243978442,12.09137243978442
2018-03-08,12.105870560266808,12.105870560266808
2018-03-09,12.245416222853795,12.245416222853795
2018-03-12,12.252416866784323,12.252416866784323
2018-03-13,12.190519568576674,12.190519568576674
2018-03-14,12.185236210060559,12.185236210060559
2018-03-15,12.149724583031281,12.149724583031281
2018-03-16,12.136794919693168,12.136794919693168
2018-03-19,12.04509492659917,12.04509492659917
2018-03-20,12.069684851410303,12.069684851410303
2018-03-21,12.139095176092733,12.139095176092733
2018-03-22,11.893737434943267,11.893737434943267
2018-03-23,11.780178075608791,11.780178075608791
2018-03-26,12.024564911146612,12.024564911146612
2018-03-27,11.878099311586109,11.878099311586109
2018-03-28,11.830638556384423,11.830638556384423
2018-03-29,11.958744635760283,11.958744635760283
2018-04-02,11.834087869352182,11.834087869352182
2018-04-03,11.897960073415707,11.897960073415707
2018-04-04,11.944882773261158,11.944882773261158
2018-04-05,11.98037469647792,11.98037469647792
2018-04-06,11.849322497267487,11.849322497267487
2018-04-09,11.901477594550771,11.901477594550771
2018-04-10,12.045798787583347,12.045798787583347
2018-04-11,12.043219386201136,12.043219386201136
2018-04-12,12.04325890771937,12.04325890771937
2018-04-13,12.027068628977196,12.027068628977196
2018-04-16,12.064500057231026,12.064500057231026
2018-04-17,12.119549554308453,12.119549554308453
2018-04-18,12.165930887754003,12.165930887754003
2018-04-19,12.113949277206578,12.113949277206578
2018-04-20,12.015815099326494,12.015815099326494
2018-04-23,11.963446232361626,11.963446232361626
2018-04-24,11.911432057009408,11.911432057009408
2018-04-25,11.871415848544856,11.871415848544856
2018-04-26,11.948844501185505,11.948844501185505
2018-04-27,11.985709796588447,11.985709796588447
2018-04-30,11.909670403194335,11.909670403194335
2018-05-01,11.868811783396271,11.868811783396271
2018-05-02,11.826424945476795,11.826424945476795
2018-05-03,11.8501315323839,11.8501315323839
2018-05-04,11.918622333347193,11.918622333347193
2018-05-07,11.933580692943451,11.933580692943451
2018-05-08,11.934779744301794,11.934779744301794
2018-05-09,11.970328750018973,11.970328750018973
2018-05-10,12.10053725241365,12.10053725241365
2018-05-11,12.108351288362547,12.108351288362547
2018-05-14,12.10675793214684,12.10675793214684
2018-05-15,12.021287466597531,12.021287466597531
2018-05-16,12.104099784510709,12.104099784510709
2018-05-17,12.108301679835911,12.108301679835911
2018-05-18,12.071178661254834,12.071178661254834
2018-05-21,12.154632916910074,12.154632916910074
2018-05-22,12.130121637783214,12.130121637783214
2018-05-23,12.079969498979167,12.079969498979167
2018-05-24,12.048855233067945,12.048855233067945
2018-05-25,11.995293350125952,11.995293350125952
2018-05-29,11.857332841753779,11.857332841753779
2018-05-30,12.026946921949829,12.026946921949829
2018-05-31,11.95326731261427,11.95326731261427
2018-06-01,12.063614854470398,12.063614854470398
2018-06-04,12.135577474280792,12.135577474280792
2018-06-05,12.13048409611807,12.13048409611807
2018-06-06,12.261578123916108,12.261578123916108
2018-06-07,12.226243365583558,12.226243365583558
2018-06-08,12.251269087039303,12.251269087039303
2018-06-11,12.298567117371245,12.298567117371245
2018-06-12,12.267460630324376,12.267460630324376
2018-06-13,12.256602261889963,12.256602261889963
2018-06-14,12.258991266322488,12.258991266322488
2018-06-15,12.21981248876912,12.21981248876912
2018-06-18,12.19467939778882,12.19467939778882
2018-06-19,12.147939280659005,12.147939280659005
2018-06-20,12.168665550528585,12.168665550528585
2018-06-21,12.092379441885631,12.092379441885631
2018-06-22,12.114427986066758,12.114427986066758
2018-06-25,11.949515301800863,11.949515301800863
2018-06-26,11.975971427020474,11.975971427020474
2018-06-27,11.876762097338583,11.876762097338583
2018-06-28,11.944664682875237,11.944664682875237
2018-06-29,11.961864127986267,11.961864127986267
2018-07-02,11.98743417743159,11.98743417743159
2018-07-03,11.94510620090685,11.94510620090685
2018-07-05,12.042553258101112,12.042553258101112
2018-07-06,12.144413975755981,12.144413975755981
2018-07-09,12.253763781537444,12.253763781537444
2018-07-10,12.297859350044167,12.297859350044167
2018-07-11,12.207907460398621,12.207907460398621
2018-07-12,12.31858561991375,12.31858561991375
2018-07-13,12.329221895358112,12.329221895358112
2018-07-16,12.318198305744609,12.318198305744609
2018-07-17,12.368023714820849,12.368023714820849
2018-07-18,12.394046378175277,12.394046378175277
2018-07-19,12.379999780438158,12.379999780438158
2018-07-20,12.365854806763151,12.365854806763151
2018-07-23,12.388848866215666,12.388848866215666
2018-07-24,12.451184895761411,12.451184895761411
2018-07-25,12.55061446044234,12.55061446044234
2018-07-26,12.521006027970072,12.521006027970072
2018-07-27,12.490434862662148,12.490434862662148
2018-07-30,12.456906543447275,12.456906543447275
2018-07-31,12.495757086657623,12.495757086657623
2018-08-01,12.474886080849663,12.474886080849663
2018-08-02,12.542843729212517,12.542843729212517
2018-08-03,12.59658704759745,12.59658704759745
2018-08-06,12.642781132192614,12.642781132192614
2018-08-07,12.684533095140845,12.684533095140845
2018-08-08,12.679201477482586,12.679201477482586
2018-08-09,12.661876973413422,12.661876973413422
2018-08-10,12.633201467915626,12.633201467915626
2018-08-13,12.613122747588326,12.613122747588326
2018-08-14,12.647423995928499,12.647423995928499
2018-08-15,12.609137253332444,12.609137253332444
2018-08-16,12.663704964372108,12.663704964372108
2018-08-17,12.68956710566162,12.68956710566162
2018-08-20,12.715659931291288,12.715659931291288
2018-08-21,12.725208976155635,12.725208976155635
2018-08-22,12.726802013573444,12.726802013573444
2018-08-23,12.714772259941334,12.714772259941334
2018-08-24,12.760191351857914,12.760191351857914
2018-08-27,12.802192749021124,12.802192749021124
2018-08-28,12.79327723775591,12.79327723775591
2018-08-29,12.826495041577667,12.826495041577667
2018-08-30,12.8035438097239,12.8035438097239
2018-08-31,12.803162431232344,12.803162431232344
2018-09-04,12.78502235037214,12.78502235037214
2018-09-05,12.764804500632279,12.764804500632279
2018-09-06,12.756433088302844,12.756433088302844
2018-09-07,12.721211804685671,12.721211804685671
2018-09-10,12.738281974460008,12.738281974460008
2018-09-11,12.780284552036315,12.780284552036315
2018-09-12,12.786058823763288,12.786058823763288
2018-09-13,12.82810362598918,12.82810362598918
2018-09-14,12.830312699773087,12.830312699773087
2018-09-17,12.762380260122276,12.762380260122276
2018-09-18,12.831632366699743,12.831632366699743
2018-09-19,12.845309467704592,12.845309467704592
2018-09-20,12.949401997428696,12.949401997428696
2018-09-21,12.937573646404047,12.937573646404047
2018-09-24,12.894594770425156,12.894594770425156
2018-09-25,12.88263262828352,12.88263262828352
2018-09-26,12.84408102199406,12.84408102199406
2018-09-27,12.879972009479776,12.879972009479776
2018-09-28,12.881300798528045,12.881300798528045
2018-10-01,12.926055447514234,12.926055447514234
2018-10-02,12.929660694072075,12.929660694072075
2018-10-03,12.936754694714152,12.936754694714152
2018-10-04,12.835646164756305,12.835646164756305
2018-10-05,12.763802289527852,12.763802289527852
2018-10-08,12.763802289527852,12.763802289527852
2018-10-09,12.745183200755552,12.745183200755552
2018-10-10,12.341626320600309,12.341626320600309
2018-10-11,12.341626320600309,12.341626320600309
2018-10-12,12.513029833906213,12.513029833906213
2018-10-15,12.442742739486915,12.442742739486915
2018-10-16,12.714815339955171,12.714815339955171
2018-10-17,12.717087007146162,12.717087007146162
2018-10-18,12.533436718182534,12.533436718182534
2018-10-19,12.526633386132806,12.526633386132806
2018-10-22,12.47040573331473,12.47040573331473
2018-10-23,12.47040573331473,12.47040573331473
2018-10-24,12.47040573331473,12.47040573331473
2018-10-25,12.47040573331473,12.47040573331473
2018-10-26,12.47040573331473,12.47040573331473
2018-10-29,12.47040573331473,12.47040573331473
2018-10-30,12.47040573331473,12.47040573331473
2018-10-31,12.47040573331473,12.47040573331473
2018-11-01,12.47040573331473,12.47040573331473
2018-11-02,12.47040573331473,12.47040573331473
2018-11-05,12.47040573331473,12.47040573331473
2018-11-06,12.549317017307537,12.549317017307537
2018-11-07,12.817984759845892,12.817984759845892
2018-11-08,12.794724184707118,12.794724184707118
2018-11-09,12.669742515543916,12.669742515543916
2018-11-12,12.669742515543916,12.669742515543916
2018-11-13,12.669742515543916,12.669742515543916
2018-11-14,12.669742515543916,12.669742515543916
2018-11-15,12.669742515543916,12.669742515543916
2018-11-16,12.690360286285369,12.690360286285369
2018-11-19,12.68914788377201,12.68914788377201
2018-11-20,12.684294809711396,12.684294809711396
2018-11-21,12.692781627304905,12.692781627304905
2018-11-23,12.68914788377201,12.68914788377201
2018-11-26,12.686720769407174,12.686720769407174
2018-11-27,12.690360286285369,12.690360286285369
2018-11-28,12.848586999155982,12.848586999155982
2018-11-29,12.854714054621162,12.854714054621162
2018-11-30,12.892054403940948,12.892054403940948
2018-12-03,12.987941726562646,12.987941726562646
2018-12-04,13.022635651238353,13.022635651238353
2018-12-06,13.054859511641983,13.054859511641983
2018-12-07,13.072213538034,13.072213538034
2018-12-10,13.080888196545287,13.080888196545287
2018-12-11,13.08460388903465,13.08460388903465
2018-12-12,13.0746918437026,13.0746918437026
2018-12-13,13.078412245561404,13.078412245561404
2018-12-14,13.082129115393126,13.082129115393126
2018-12-17,13.104438575779987,13.104438575779987
2018-12-18,13.142928252225563,13.142928252225563
2018-12-19,13.155344504758142,13.155344504758142
2018-12-20,13.25052078355952,13.25052078355952
2018-12-21,13.244263022416748,13.244263022416748
2018-12-24,13.321160111291023,13.321160111291023
2018-12-26,13.288594474898728,13.288594474898728
2018-12-27,13.349813377219908,13.349813377219908
2018-12-28,13.401539360961205,13.401539360961205
2018-12-31,13.429089638711895,13.429089638711895
2019-01-02,13.438563735916663,13.438563735916663
2019-01-03,13.527225901248938,13.527225901248938
2019-01-04,13.45230753582382,13.45230753582382
2019-01-07,13.464223157733512,13.464223157733512
2019-01-08,13.440935102457141,13.440935102457141
2019-01-09,13.489747817504634,13.489747817504634
2019-01-10,13.442446019934636,13.442446019934636
2019-01-11,13.463532592622979,13.463532592622979
2019-01-14,13.470080864559241,13.470080864559241
2019-01-15,13.459762672427466,13.459762672427466
2019-01-16,13.486990953664678,13.486990953664678
2019-01-17,13.473100997760698,13.473100997760698
2019-01-18,13.407903421349689,13.407903421349689
2019-01-22,13.437395249753548,13.437395249753548
2019-01-23,13.434937247723935,13.434937247723935
2019-01-24,13.435760275329361,13.435760275329361
2019-01-25,13.558268200018702,13.558268200018702
2019-01-28,13.578182062816625,13.578182062816625
2019-01-29,13.634006722748616,13.634006722748616
2019-01-30,13.769103350384105,13.769103350384105
2019-01-31,13.823678672560405,13.823678672560405
2019-02-01,13.768552808025168,13.768552808025168
2019-02-04,13.780578051960925,13.780578051960925
2019-02-05,13.858785250274817,13.858785250274817
2019-02-06,13.781780293992563,13.781780293992563
2019-02-07,13.74896998666783,13.74896998666783
2019-02-08,13.750703415464521,13.750703415464521
2019-02-11,13.70827891620173,13.70827891620173
2019-02-12,13.788741163882165,13.788741163882165
2019-02-13,13.75578218598969,13.75578218598969
2019-02-14,13.779066333276006,13.779066333276006
2019-02-15,13.834820076804782,13.834820076804782
2019-02-19,13.922513197641424,13.922513197641424
2019-02-20,13.94350301323085,13.94350301323085
2019-02-21,13.876547541100642,13.876547541100642
2019-02-22,13.957585322776794,13.957585322776794
2019-02-25,13.996662349406765,13.996662349406765
2019-02-26,14.006321325524283,14.006321325524283
2019-02-27,13.942637152089848,13.942637152089848
2019-02-28,13.865005740680644,13.865005740680644
2019-03-01,13.849007157108563,13.849007157108563
2019-03-04,13.836433784355584,13.836433784355584
2019-03-05,13.86801908777206,13.86801908777206
2019-03-06,13.829716619989613,13.829716619989613
2019-03-07,13.743725065927435,13.743725065927435
2019-03-08,13.790684469565639,13.790684469565639
2019-03-11,13.88874247083576,13.88874247083576
2019-03-12,13.947326892199715,13.947326892199715
2019-03-13,14.011250318233156,14.011250318233156
2019-03-14,13.957401622089987,13.957401622089987
2019-03-15,14.062025678768801,14.062025678768801
2019-03-18,14.114555526351896,14.114555526351896
2019-03-19,14.128387544237441,14.128387544237441
2019-03-20,14.155587941482251,14.155587941482251
2019-03-21,14.178854755388251,14.178854755388251
2019-03-22,14.007558982190625,14.007558982190625
2019-03-25,14.042601305879574,14.042601305879574
2019-03-26,14.072654974568014,14.072654974568014
2019-03-27,14.02012153396481,14.02012153396481
2019-03-28,14.002999451760816,14.002999451760816
2019-03-29,14.06364296324813,14.06364296324813
2019-04-01,14.155583844733947,14.155583844733947
2019-04-02,14.162369111408758,14.162369111408758
2019-04-03,14.198945328166854,14.198945328166854
2019-04-04,14.227311743821248,14.227311743821248
2019-04-05,14.269435825540501,14.269435825540501
2019-04-08,14.284417487608168,14.284417487608168
2019-04-09,14.262392628777969,14.262392628777969
2019-04-10,14.310794151618362,14.310794151618362
2019-04-11,14.233045763689773,14.233045763689773
2019-04-12,14.28452532868746,14.28452532868746
2019-04-15,14.263211073979821,14.263211073979821
2019-04-16,14.257979542961655,14.257979542961655
2019-04-17,14.26177708481253,14.26177708481253
2019-04-18,14.26959521214733,14.26959521214733
2019-04-22,14.245342972350914,14.245342972350914
2019-04-23,14.282055168880575,14.282055168880575
2019-04-24,14.232308491983972,14.232308491983972
2019-04-25,14.226603837474023,14.226603837474023
2019-04-26,14.287177294655345,14.287177294655345
2019-04-29,14.291419499782439,14.291419499782439
2019-04-30,14.302588009847279,14.302588009847279
2019-05-01,14.226283466873461,14.226283466873461
2019-05-02,14.205210445560803,14.205210445560803
2019-05-03,14.318804999491366,14.318804999491366
2019-05-06,14.223096130581796,14.223096130581796
2019-05-07,14.08276715803162,14.08276715803162
2019-05-08,14.070846913180155,14.070846913180155
2019-05-09,14.013209506182665,14.013209506182665
2019-05-10,14.070656364612756,14.070656364612756
2019-05-13,14.008458703098883,14.008458703098883
2019-05-14,14.07215278359139,14.07215278359139
2019-05-15,14.109441786829175,14.109441786829175
2019-05-16,14.140902354642117,14.140902354642117
2019-05-17,14.070681704137085,14.070681704137085
2019-05-20,14.028172937507396,14.028172937507396
2019-05-21,14.074706524265064,14.074706524265064
2019-05-22,14.052120320114552,14.052120320114552
2019-05-23,14.014631522212312,14.014631522212312
2019-05-24,14.065339583721437,14.065339583721437
2019-05-28,13.989955718604124,13.989955718604124
2019-05-29,13.961482661950186,13.961482661950186
2019-05-30,14.017072985881352,14.017072985881352
2019-05-31,14.144053584421595,14.144053584421595
2019-06-03,14.250744747509165,14.250744747509165
2019-06-04,14.366773529570324,14.366773529570324
2019-06-05,14.404002585110112,14.404002585110112
2019-06-06,14.453052402225648,14.453052402225648
2019-06-07,14.565516707371362,14.565516707371362
2019-06-10,14.580664593155387,14.580664593155387
2019-06-11,14.623515357652847,14.623515357652847
2019-06-12,14.584287244067257,14.584287244067257
2019-06-13,14.618278813200797,14.618278813200797
2019-06-14,14.585372044449466,14.585372044449466
2019-06-17,14.586093501817514,14.586093501817514
2019-06-18,14.748692882208333,14.748692882208333
2019-06-19,14.826190289126131,14.826190289126131
2019-06-20,15.003687194387854,15.003687194387854
2019-06-21,14.98883733732405,14.98883733732405
2019-06-24,15.037295325676608,15.037295325676608
2019-06-25,14.965288619898022,14.965288619898022
2019-06-26,14.96015269042399,14.96015269042399
2019-06-27,15.00456312663759,15.00456312663759
2019-06-28,15.03958850389601,15.03958850389601
2019-07-01,15.060790408288547,15.060790408288547
2019-07-02,15.139429640162312,15.139429640162312
2019-07-03,15.188503055170374,15.188503055170374
2019-07-05,15.094063242126516,15.094063242126516
2019-07-08,15.020807960778994,15.020807960778994
2019-07-09,15.012328544922525,15.012328544922525
2019-07-10,15.11218995065392,15.11218995065392
2019-07-11,15.076043383857115,15.076043383857115
2019-07-12,15.117452256848289,15.117452256848289
2019-07-15,15.136871742645177,15.136871742645177
2019-07-16,15.081580005068437,15.081580005068437
2019-07-17,15.105342408044153,15.105342408044153
2019-07-18,15.191516187675639,15.191516187675639
2019-07-19,15.102041482441976,15.102041482441976
2019-07-22,15.116745584482151,15.116745584482151
2019-07-23,15.14071400974038,15.14071400974038
2019-07-24,15.181935880293741,15.181935880293741
2019-07-25,15.083684801745123,15.083684801745123
2019-07-26,15.121785271851937,15.121785271851937
2019-07-29,15.138575914419322,15.138575914419322
2019-07-30,15.082500525756622,15.082500525756622
2019-07-31,14.954215996860174,14.954215996860174
2019-08-01,15.03031963179941,15.03031963179941
2019-08-02,14.955721376875346,14.955721376875346
2019-08-05,14.897322076167063,14.897322076167063
2019-08-06,15.014941132085664,15.014941132085664
2019-08-07,15.086588279598656,15.086588279598656
2019-08-08,15.219911865808916,15.219911865808916
2019-08-09,15.149899899322815,15.149899899322815
2019-08-12,15.155780215669548,15.155780215669548
2019-08-13,15.22256648639635,15.22256648639635
2019-08-14,15.122981397563523,15.122981397563523
2019-08-15,15.192993631611692,15.192993631611692
2019-08-16,15.231292100491846,15.231292100491846
2019-08-19,15.24582430614509,15.24582430614509
2019-08-20,15.26039371435379,15.26039371435379
2019-08-21,15.304238003743349,15.304238003743349
2019-08-22,15.275936470801591,15.275936470801591
2019-08-23,15.265557820447011,15.265557820447011
2019-08-26,15.320299037882334,15.320299037882334
2019-08-27,15.365301201591135,15.365301201591135
2019-08-28,15.387392784239166,15.387392784239166
2019-08-29,15.439884705433125,15.439884705433125
2019-08-30,15.446971026459078,15.446971026459078
2019-09-03,15.469873983483104,15.469873983483104
2019-09-04,15.599270552102906,15.599270552102906
2019-09-05,15.559771584092513,15.559771584092513
2019-09-06,15.546433800174862,15.546433800174862
2019-09-09,15.528907603906543,15.528907603906543
2019-09-10,15.480446621943468,15.480446621943468
2019-09-11,15.560661258511029,15.560661258511029
2019-09-12,15.613397621519974,15.613397621519974
2019-09-13,15.602324931277066,15.602324931277066
2019-09-16,15.57481347452287,15.57481347452287
2019-09-17,15.604084158788252,15.604084158788252
2019-09-18,15.573485939965925,15.573485939965925
2019-09-19,15.588109386553949,15.588109386553949
2019-09-20,15.617474540551987,15.617474540551987
2019-09-23,15.630509392847072,15.630509392847072
2019-09-24,15.616285658202495,15.616285658202495
2019-09-25,15.539390520651914,15.539390520651914
2019-09-26,15.55110119500913,15.55110119500913
2019-09-27,15.50183953178725,15.50183953178725
2019-09-30,15.47498753916118,15.47498753916118
2019-10-01,15.419196873301852,15.419196873301852
2019-10-02,15.320024574112757,15.320024574112757
2019-10-03,15.409075013804276,15.409075013804276
2019-10-04,15.497558119241098,15.497558119241098
2019-10-07,15.432419400640255,15.432419400640255
2019-10-08,15.371494803574391,15.371494803574391
2019-10-09,15.437322522721193,15.437322522721193
2019-10-10,15.443629092822185,15.443629092822185
2019-10-11,15.553227099479592,15.553227099479592
2019-10-14,15.554984920572672,15.554984920572672
2019-10-15,15.617826962562122,15.617826962562122
2019-10-16,15.649930257366995,15.649930257366995
2019-10-17,15.68227091825383,15.68227091825383
2019-10-18,15.649653079410484,15.649653079410484
2019-10-21,15.692675227301967,15.692675227301967
2019-10-22,15.691055540783847,15.691055540783847
2019-10-23,15.72781562829277,15.72781562829277
2019-10-24,15.761824270932037,15.761824270932037
2019-10-25,15.803212578514913,15.803212578514913
2019-10-28,15.819762698287597,15.819762698287597
2019-10-29,15.793184859168022,15.793184859168022
2019-10-30,15.856396533077056,15.856396533077056
2019-10-31,15.859408400459888,15.859408400459888
2019-11-01,15.968459320605529,15.968459320605529
2019-11-04,16.01239756415322,16.01239756415322
2019-11-05,15.957349010409068,15.957349010409068
2019-11-06,15.965021622101505,15.965021622101505
2019-11-07,15.944815896895213,15.944815896895213
2019-11-08,15.899870865390811,15.899870865390811
2019-11-11,15.85997522934075,15.85997522934075
2019-11-12,15.859544088228054,15.859544088228054
2019-11-13,15.843496623345008,15.843496623345008
2019-11-14,15.86385052148491,15.86385052148491
2019-11-15,15.922407678441678,15.922407678441678
2019-11-18,15.938714383291655,15.938714383291655
2019-11-19,15.944136655562641,15.944136655562641
2019-11-20,15.907412334440886,15.907412334440886
2019-11-21,15.869478951358658,15.869478951358658
2019-11-22,15.881142341139483,15.881142341139483
2019-11-25,15.950721604196186,15.950721604196186
2019-11-26,15.966390117247302,15.966390117247302
2019-11-27,15.971838326265033,15.971838326265033
2019-11-29,15.903261388546378,15.903261388546378
2019-12-02,15.854050829175995,15.854050829175995
2019-12-03,15.84944875792528,15.84944875792528
2019-12-04,15.912404575312651,15.912404575312651
2019-12-05,15.924409519652448,15.924409519652448
2019-12-06,15.964963039128085,15.964963039128085
2019-12-09,15.926359524226337,15.926359524226337
2019-12-10,15.943241925255451,15.943241925255451
2019-12-11,16.04620443387955,16.04620443387955
2019-12-12,16.126213323339066,16.126213323339066
2019-12-13,16.176435748815916,16.176435748815916
2019-12-16,16.2538495554012,16.2538495554012
2019-12-17,16.265120855210704,16.265120855210704
2019-12-18,16.272609966674942,16.272609966674942
2019-12-19,16.299353210016328,16.299353210016328
2019-12-20,16.32644788294156,16.32644788294156
2019-12-23,16.348756220535627,16.348756220535627
2019-12-24,16.373153403626464,16.373153403626464
2019-12-26,16.456932131551824,16.456932131551824
2019-12-27,16.47823145357955,16.47823145357955
2019-12-30,16.42046227252869,16.42046227252869
2019-12-31,16.449613326325075,16.449613326325075
2020-01-02,16.613517609323793,16.613517609323793
2020-01-03,16.539268594242905,16.539268594242905
2020-01-06,16.5887470470946,16.5887470470946
2020-01-07,16.577663155001233,16.577663155001233
2020-01-08,16.595447769904467,16.595447769904467
2020-01-09,16.63246917140127,16.63246917140127
2020-01-10,16.65374277115004,16.65374277115004
2020-01-13,16.719011108437712,16.719011108437712
2020-01-14,16.698470903550856,16.698470903550856
2020-01-15,16.704409625188283,16.704409625188283
2020-01-16,16.76203174184399,16.76203174184399
2020-01-17,16.803795447125783,16.803795447125783
2020-01-21,16.69860081996755,16.69860081996755
2020-01-22,16.73603075257671,16.73603075257671
2020-01-23,16.709057303326535,16.709057303326535
2020-01-24,16.66392714598009,16.66392714598009
2020-01-27,16.4593617039404,16.4593617039404
2020-01-28,16.52007061940077,16.52007061940077
2020-01-29,16.55923566965016,16.55923566965016
2020-01-30,16.518263346991397,16.518263346991397
2020-01-31,16.364534579124562,16.364534579124562
2020-02-03,16.410817969290342,16.410817969290342
2020-02-04,16.546863540825004,16.546863540825004
2020-02-05,16.634916309720367,16.634916309720367
2020-02-06,16.678219821768696,16.678219821768696
2020-02-07,16.601033088638392,16.601033088638392
2020-02-10,16.663252765471366,16.663252765471366
2020-02-11,16.719713366274657,16.719713366274657
2020-02-12,16.79198418776428,16.79198418776428
2020-02-13,16.742046904488618,16.742046904488618
2020-02-14,16.760642954760538,16.760642954760538
2020-02-18,16.756065657470547,16.756065657470547
2020-02-19,16.82638418287924,16.82638418287924
2020-02-20,16.761454038446686,16.761454038446686
2020-02-21,16.749132531576116,16.749132531576116
2020-02-24,16.504671468061744,16.504671468061744
2020-02-25,16.249172788206458,16.249172788206458
2020-02-26,16.247294325466438,16.247294325466438
2020-02-27,16.25028775239971,16.25028775239971
2020-02-28,16.013631813931564,16.013631813931564
2020-03-02,16.27241163689985,16.27241163689985
2020-03-03,16.58360954178778,16.58360954178778
2020-03-04,16.835553239809535,16.835553239809535
2020-03-05,17.04336837177974,17.04336837177974
2020-03-06,17.10924808630599,17.10924808630599
2020-03-09,17.112479052524403,17.112479052524403
2020-03-10,16.83525435514122,16.83525435514122
2020-03-11,16.68521916164494,16.68521916164494
2020-03-12,16.019674821079473,16.019674821079473
2020-03-13,15.901069105576415,15.901069105576415
2020-03-16,15.942974100757345,15.942974100757345
2020-03-17,16.15908876619721,16.15908876619721
2020-03-18,16.15908876619721,16.15908876619721
2020-03-19,16.15908876619721,16.15908876619721
2020-03-20,16.15908876619721,16.15908876619721
2020-03-23,16.70769377200127,16.70769377200127
2020-03-24,17.182084141255586,17.182084141255586
2020-03-25,17.15222245884125,17.15222245884125
2020-03-26,17.288350747700267,17.288350747700267
2020-03-27,17.269309108190892,17.269309108190892
2020-03-30,17.31552735234219,17.31552735234219
2020-03-31,17.016604045108288,17.016604045108288
2020-04-01,17.06816538437366,17.06816538437366
2020-04-02,17.220713413625436,17.220713413625436
2020-04-03,17.26921925971248,17.26921925971248
2020-04-06,17.550542154783724,17.550542154783724
2020-04-07,17.51570560150088,17.51570560150088
2020-04-08,17.446018408582802,17.446018408582802
2020-04-09,17.782357411545824,17.782357411545824
2020-04-13,17.893049734151013,17.893049734151013
2020-04-14,17.968038992825104,17.968038992825104
2020-04-15,17.959137237977384,17.959137237977384
2020-04-16,17.96285850680288,17.96285850680288
2020-04-17,17.777750747839203,17.777750747839203
2020-04-20,17.82820752844534,17.82820752844534
2020-04-21,17.771936147101513,17.771936147101513
2020-04-22,17.94673078107337,17.94673078107337
2020-04-23,18.05750740644534,18.05750740644534
2020-04-24,18.01419577315777,18.01419577315777
2020-04-27,17.912948092314828,17.912948092314828
2020-04-28,17.90829544842962,17.90829544842962
2020-04-29,17.96394880900069,17.96394880900069
2020-04-30,17.78133218581902,17.78133218581902
2020-05-01,17.836651835146146,17.836651835146146
2020-05-04,17.87554363206595,17.87554363206595
2020-05-05,17.906569541378214,17.906569541378214
2020-05-06,17.755469529408,17.755469529408
2020-05-07,17.919203003944876,17.919203003944876
2020-05-08,17.841569183155546,17.841569183155546
2020-05-11,17.7591471122382,17.7591471122382
2020-05-12,17.816625458689973,17.816625458689973
2020-05-13,17.916885516797322,17.916885516797322
2020-05-14,18.02382625852323,18.02382625852323
2020-05-15,18.080084895416583,18.080084895416583
2020-05-18,17.99856771882489,17.99856771882489
2020-05-19,18.095426692905416,18.095426692905416
2020-05-20,18.140112207410066,18.140112207410066
2020-05-21,18.014862759233516,18.014862759233516
2020-05-22,18.07276115990766,18.07276115990766
2020-05-26,18.051602876407745,18.051602876407745
2020-05-27,18.160701703160164,18.160701703160164
2020-05-28,18.165689114464616,18.165689114464616
2020-05-29,18.253225727581178,18.253225727581178
2020-06-01,18.302412384233694,18.302412384233694
2020-06-02,18.318610432608768,18.318610432608768
2020-06-03,18.463530484020907,18.463530484020907
2020-06-04,18.49376251787428,18.49376251787428
2020-06-05,18.676863888111416,18.676863888111416
2020-06-08,18.837995093805528,18.837995093805528
2020-06-09,18.776478742958027,18.776478742958027
2020-06-10,18.844012633821293,18.844012633821293
2020-06-11,18.42590926522612,18.42590926522612
2020-06-12,18.51443576382784,18.51443576382784
2020-06-15,18.581518004165257,18.581518004165257
2020-06-16,18.685608499764474,18.685608499764474
2020-06-17,18.666345246000557,18.666345246000557
2020-06-18,18.66283988632374,18.66283988632374
2020-06-19,18.698036261629845,18.698036261629845
2020-06-22,18.814418206169005,18.814418206169005
2020-06-23,18.919810603382714,18.919810603382714
2020-06-24,18.719272403566467,18.719272403566467
2020-06-25,18.791947736441724,18.791947736441724
2020-06-26,18.678562479896655,18.678562479896655
2020-06-29,18.774722418894434,18.774722418894434
2020-06-30,18.88797516556335,18.88797516556335
2020-07-01,18.955551592945156,18.955551592945156
2020-07-02,19.10531270264008,19.10531270264008
2020-07-06,19.41378472300395,19.41378472300395
2020-07-07,19.320741937322364,19.320741937322364
2020-07-08,19.50567722850336,19.50567722850336
2020-07-09,19.477503851710388,19.477503851710388
2020-07-10,19.519205324091136,19.519205324091136
2020-07-13,19.449869269745115,19.449869269745115
2020-07-14,19.58725225339151,19.58725225339151
2020-07-15,19.683126766822472,19.683126766822472
2020-07-16,19.55454626428963,19.55454626428963
2020-07-17,19.647042435414534,19.647042435414534
2020-07-20,19.771745130098413,19.771745130098413
2020-07-21,19.874706176833715,19.874706176833715
2020-07-22,19.95439064649757,19.95439064649757
2020-07-23,19.882849385902247,19.882849385902247
2020-07-24,19.864457583733888,19.864457583733888
2020-07-27,20.083072639336233,20.083072639336233
2020-07-28,20.035093927123192,20.035093927123192
2020-07-29,20.225887113815325,20.225887113815325
2020-07-30,20.07354034785887,20.07354034785887
2020-07-31,20.03031247006381,20.03031247006381
2020-08-03,20.170160557282983,20.170160557282983
2020-08-04,20.355343043878346,20.355343043878346
2020-08-05,20.468274750343408,20.468274750343408
2020-08-06,20.57313144808633,20.57313144808633
2020-08-07,20.404645217661848,20.404645217661848
2020-08-10,20.422667988027957,20.422667988027957
2020-08-11,20.161911153572017,20.161911153572017
2020-08-12,20.334788945462737,20.334788945462737
2020-08-13,20.37851863925227,20.37851863925227
2020-08-14,20.324925489184256,20.324925489184256
2020-08-17,20.513719292849345,20.513719292849345
2020-08-18,20.558343594609784,20.558343594609784
2020-08-19,20.33638058349938,20.33638058349938
2020-08-20,20.358351928462806,20.358351928462806
2020-08-21,20.343878109501215,20.343878109501215
2020-08-24,20.459081541059568,20.459081541059568
2020-08-25,20.513387082331732,20.513387082331732
2020-08-26,20.63703163425063,20.63703163425063
2020-08-27,20.50734767313489,20.50734767313489
2020-08-28,20.693531754186026,20.693531754186026
2020-08-31,20.574152847959226,20.574152847959226
2020-09-01,20.70098168433042,20.70098168433042
2020-09-02,20.759293231172236,20.759293231172236
2020-09-03,20.410938330014023,20.410938330014023
2020-09-04,20.376128395089715,20.376128395089715
2020-09-08,20.14074503703207,20.14074503703207
2020-09-09,20.394367426745088,20.394367426745088
2020-09-10,20.197498472317648,20.197498472317648
2020-09-11,20.28340626253616,20.28340626253616
2020-09-14,20.456670603525197,20.456670603525197
2020-09-15,20.537350946603013,20.537350946603013
2020-09-16,20.525146141743395,20.525146141743395
2020-09-17,20.456779182131882,20.456779182131882
2020-09-18,20.345268534292217,20.345268534292217
2020-09-21,20.078372300731083,20.078372300731083
2020-09-22,20.071558289648955,20.071558289648955
2020-09-23,19.787370376635643,19.787370376635643
2020-09-24,19.79083098763529,19.79083098763529
2020-09-25,19.861797118662494,19.861797118662494
2020-09-28,20.075329291717047,20.075329291717047
2020-09-29,20.08083317582574,20.08083317582574
2020-09-30,20.126043642767446,20.126043642767446
2020-10-01,20.25415451435017,20.25415451435017
2020-10-02,20.153296311510548,20.153296311510548
2020-10-05,20.346677440397652,20.346677440397652
2020-10-06,20.208443171240685,20.208443171240685
2020-10-07,20.3532095700029,20.3532095700029
2020-10-08,20.470612824287635,20.470612824287635
2020-10-09,20.642494871966363,20.642494871966363
2020-10-12,20.765040395445777,20.765040395445777
2020-10-13,20.610082444325382,20.610082444325382
2020-10-14,20.5646885351309,20.5646885351309
2020-10-15,20.4928717040276,20.4928717040276
2020-10-16,20.507632271075796,20.507632271075796
2020-10-19,20.41556647343116,20.41556647343116
2020-10-20,20.513336929126694,20.513336929126694
2020-10-21,20.523575333964118,20.523575333964118
2020-10-22,20.500818037413516,20.500818037413516
2020-10-23,20.567038388775693,20.567038388775693
2020-10-26,20.367206899272517,20.367206899272517
2020-10-27,20.359138248430185,20.359138248430185
2020-10-28,19.924833671554325,19.924833671554325
2020-10-29,20.000578150321502,20.000578150321502
2020-10-30,19.900374675036016,19.900374675036016
2020-11-02,20.093429368122305,20.093429368122305
2020-11-03,20.30856387051539,20.30856387051539
2020-11-04,20.59636933815459,20.59636933815459
2020-11-05,20.94443343687718,20.94443343687718
2020-11-06,20.968398244771546,20.968398244771546
2020-11-09,20.966974905888964,20.966974905888964
2020-11-10,20.95767126799131,20.95767126799131
2020-11-11,21.035773866488352,21.035773866488352
2020-11-12,20.945227820609162,20.945227820609162
2020-11-13,21.15577651670878,21.15577651670878
2020-11-16,21.30443475333603,21.30443475333603
2020-11-17,21.265970857675608,21.265970857675608
2020-11-18,21.15606574498924,21.15606574498924
2020-11-19,21.210531287096853,21.210531287096853
2020-11-20,21.23479986411235,21.23479986411235
2020-11-23,21.1813641886676,21.1813641886676
2020-11-24,21.29910928934714,21.29910928934714
2020-11-25,21.25978562157458,21.25978562157458
2020-11-27,21.370549961194165,21.370549961194165
2020-11-30,21.098038089591668,21.098038089591668
2020-12-01,21.402078902922742,21.402078902922742
2020-12-02,21.445183908176386,21.445183908176386
2020-12-03,21.541371561186608,21.541371561186608
2020-12-04,21.635638911855477,21.635638911855477
2020-12-07,21.662711359571635,21.662711359571635
2020-12-08,21.70762644932268,21.70762644932268
2020-12-09,21.55666899991327,21.55666899991327
2020-12-10,21.61917294847806,21.61917294847806
2020-12-11,21.583295957952934,21.583295957952934
2020-12-14,21.517848123224873,21.517848123224873
2020-12-15,21.729248395926607,21.729248395926607
2020-12-16,21.795716312778964,21.795716312778964
2020-12-17,21.924773840196732,21.924773840196732
2020-12-18,21.86962857411368,21.86962857411368
2020-12-21,21.719794786351507,21.719794786351507
2020-12-22,21.638924814382147,21.638924814382147
2020-12-23,21.759502456804345,21.759502456804345
2020-12-24,21.7806308816256,21.7806308816256
2020-12-28,21.85066368980791,21.85066368980791
2020-12-29,21.952342586820887,21.952342586820887
2020-12-30,22.059317947401095,22.059317947401095
2020-12-31,22.065316405119656,22.065316405119656
2021-01-04,22.149032425753543,22.149032425753543
2021-01-05,22.340549746413135,22.340549746413135
2021-01-06,22.286211157626052,22.286211157626052
2021-01-07,22.384440024307292,22.384440024307292
2021-01-08,22.411646378072,22.411646378072
2021-01-11,22.24613872127776,22.24613872127776
2021-01-12,22.34362371904981,22.34362371904981
2021-01-13,22.354430090523298,22.354430090523298
2021-01-14,22.405213041375145,22.405213041375145
2021-01-15,22.203400027380805,22.203400027380805
2021-01-19,22.38676821360905,22.38676821360905
2021-01-20,22.63108946659562,22.63108946659562
2021-01-21,22.637473550351075,22.637473550351075
2021-01-22,22.524826753382055,22.524826753382055
2021-01-25,22.586504304616458,22.586504304616458
2021-01-26,22.54044999152547,22.54044999152547
2021-01-27,22.117841651230354,22.117841651230354
2021-01-28,22.235720083153,22.235720083153
2021-01-29,21.86493202448552,21.86493202448552
2021-02-01,22.15302047791923,22.15302047791923
2021-02-02,22.350599438266407,22.350599438266407
2021-02-03,22.412195112899816,22.412195112899816
2021-02-04,22.50784460628889,22.50784460628889
2021-02-05,22.64843854955033,22.64843854955033
2021-02-08,22.768932489789957,22.768932489789957
2021-02-09,22.886067967328984,22.886067967328984
2021-02-10,22.889391457502498,22.889391457502498
2021-02-11,23.034787341390928,23.034787341390928
2021-02-12,23.121858504211442,23.121858504211442
2021-02-16,23.1894011617896,23.1894011617896
2021-02-17,23.148587005896644,23.148587005896644
2021-02-18,22.97086788715954,22.97086788715954
2021-02-19,23.029067455814406,23.029067455814406
2021-02-22,22.72539407153708,22.72539407153708
2021-02-23,22.775479173277862,22.775479173277862
2021-02-24,22.834344918339273,22.834344918339273
2021-02-25,22.347920428675106,22.347920428675106
2021-02-26,22.104498628606827,22.104498628606827
2021-03-01,22.618962540362386,22.618962540362386
2021-03-02,22.478330031775812,22.478330031775812
2021-03-03,22.318235033705523,22.318235033705523
2021-03-04,21.982321192269765,21.982321192269765
2021-03-05,22.244362801215093,22.244362801215093
2021-03-08,21.981885440188815,21.981885440188815
2021-03-09,22.345896061243984,22.345896061243984
2021-03-10,22.390493716551653,22.390493716551653
2021-03-11,22.740897388955517,22.740897388955517
2021-03-12,22.634895020255893,22.634895020255893
2021-03-15,22.703991505444755,22.703991505444755
2021-03-16,22.73949435955971,22.73949435955971
2021-03-17,22.81970772424319,22.81970772424319
2021-03-18,22.500036844828188,22.500036844828188
2021-03-19,22.599484636864773,22.599484636864773
2021-03-22,22.64424966039546,22.64424966039546
2021-03-23,22.336068229086965,22.336068229086965
2021-03-24,22.090386623140816,22.090386623140816
2021-03-25,22.220938875152754,22.220938875152754
2021-03-26,22.62888635704266,22.62888635704266
2021-03-29,22.543145416751752,22.543145416751752
2021-03-30,22.537509111567452,22.537509111567452
2021-03-31,22.57364465865303,22.57364465865303
2021-04-01,22.826443362183973,22.826443362183973
2021-04-05,23.076194640096645,23.076194640096645
2021-04-06,23.032458705763148,23.032458705763148
2021-04-07,22.944297071374248,22.944297071374248
2021-04-08,23.086948338133347,23.086948338133347
2021-04-09,23.101109412160177,23.101109412160177
2021-04-12,23.01544496023152,23.01544496023152
2021-04-13,23.11440285596934,23.11440285596934
2021-04-14,23.132933208018336,23.132933208018336
2021-04-15,23.350307226800624,23.350307226800624
2021-04-16,23.452780267720385,23.452780267720385
2021-04-19,23.371801386242506,23.371801386242506
2021-04-20,23.111689996146694,23.111689996146694
2021-04-21,23.311208689606513,23.311208689606513
2021-04-22,23.187192661943605,23.187192661943605
2021-04-23,23.4619463007556,23.4619463007556
2021-04-26,23.49423059413234,23.49423059413234
2021-04-27,23.46251852279744,23.46251852279744
2021-04-28,23.53875118021356,23.53875118021356
2021-04-29,23.57321200398264,23.57321200398264
2021-04-30,23.28452842016177,23.28452842016177
2021-05-03,23.38672427070913,23.38672427070913
2021-05-04,23.135040706306544,23.135040706306544
2021-05-05,23.278645697676975,23.278645697676975
2021-05-06,23.47837221933973,23.47837221933973
2021-05-07,23.704879787448764,23.704879787448764
2021-05-10,23.44279134328738,23.44279134328738
2021-05-11,23.248638172128015,23.248638172128015
2021-05-12,22.746147755916322,22.746147755916322
2021-05-13,22.883654584555757,22.883654584555757
2021-05-14,23.266347716852373,23.266347716852373
2021-05-17,23.302789505047354,23.302789505047354
2021-05-18,23.354595928798688,23.354595928798688
2021-05-19,23.274508134059385,23.274508134059385
2021-05-20,23.474141651671996,23.474141651671996
2021-05-21,23.41240279930196,23.41240279930196
2021-05-24,23.56667972713633,23.56667972713633
2021-05-25,23.666803168071702,23.666803168071702
2021-05-26,23.708301912174274,23.708301912174274
2021-05-27,23.725884101367583,23.725884101367583
2021-05-28,23.810910266454165,23.810910266454165
2021-06-01,23.933595634640188,23.933595634640188
2021-06-02,24.001797539587024,24.001797539587024
2021-06-03,23.768371622163997,23.768371622163997
2021-06-04,23.990959577672704,23.990959577672704
2021-06-07,23.999008703571587,23.999008703571587
2021-06-08,23.94973093739948,23.94973093739948
2021-06-09,23.895955568989137,23.895955568989137
2021-06-10,24.01370332399352,24.01370332399352
2021-06-11,23.949626843909297,23.949626843909297
2021-06-14,23.95453149490866,23.95453149490866
2021-06-15,23.887259706356083,23.887259706356083
2021-06-16,23.68533336162749,23.68533336162749
2021-06-17,23.671566293608933,23.671566293608933
2021-06-18,23.346855604867088,23.346855604867088
2021-06-21,23.593359236951326,23.593359236951326
2021-06-22,23.60028928229535,23.60028928229535
2021-06-23,23.58827004258858,23.58827004258858
2021-06-24,23.782458872320582,23.782458872320582
2021-06-25,23.893759184457434,23.893759184457434
2021-06-28,23.866200830809614,23.866200830809614
2021-06-29,23.866758391256077,23.866758391256077
2021-06-30,23.760807679802266,23.760807679802266
2021-07-01,23.77921824507919,23.77921824507919
2021-07-02,23.85136273194761,23.85136273194761
2021-07-06,23.716049164466924,23.716049164466924
2021-07-07,23.77298371329471,23.77298371329471
2021-07-08,23.53091257464089,23.53091257464089
2021-07-09,23.77615747813194,23.77615747813194
2021-07-12,23.82480068583144,23.82480068583144
2021-07-13,23.765866122715444,23.765866122715444
2021-07-14,23.833745020054884,23.833745020054884
2021-07-15,23.783793875726282,23.783793875726282
2021-07-16,23.64208393776153,23.64208393776153
2021-07-19,23.379479816178243,23.379479816178243
2021-07-20,23.51914482469914,23.51914482469914
2021-07-21,23.67494232280826,23.67494232280826
2021-07-22,23.714494856474754,23.714494856474754
2021-07-23,23.724983856775413,23.724983856775413
2021-07-26,23.748576823660894,23.748576823660894
2021-07-27,23.69897504941448,23.69897504941448
2021-07-28,23.73719579793209,23.73719579793209
2021-07-29,23.85916219654165,23.85916219654165
2021-07-30,23.7906674525387,23.7906674525387
2021-08-02,23.830782088210924,23.830782088210924
2021-08-03,23.95480945572225,23.95480945572225
2021-08-04,23.891028290037365,23.891028290037365
2021-08-05,23.962413184276954,23.962413184276954
2021-08-06,23.91017496132893,23.91017496132893
2021-08-09,23.88526681753321,23.88526681753321
2021-08-10,23.902693334317245,23.902693334317245
2021-08-11,23.984554501335392,23.984554501335392
2021-08-12,24.002297045429895,24.002297045429895
2021-08-13,24.09438222002998,24.09438222002998
2021-08-16,24.07601855641622,24.07601855641622
2021-08-17,23.941887454992,23.941887454992
2021-08-18,23.82439375770599,23.82439375770599
2021-08-19,23.771900304495837,23.771900304495837
2021-08-20,23.866671383093657,23.866671383093657
2021-08-23,24.010752580629745,24.010752580629745
2021-08-24,24.028708672360157,24.028708672360157
2021-08-25,24.03331384906057,24.03331384906057
2021-08-26,23.9448609373685,23.9448609373685
2021-08-27,24.159543151700355,24.159543151700355
2021-08-30,24.201977718114847,24.201977718114847
2021-08-31,24.193312134648995,24.193312134648995
2021-09-01,24.253564931002643,24.253564931002643
2021-09-02,24.31959741611654,24.31959741611654
2021-09-03,24.400195936659546,24.400195936659546
2021-09-07,24.40212130913423,24.40212130913423
2021-09-08,24.341211430599614,24.341211430599614
2021-09-09,24.3184847989466,24.3184847989466
2021-09-10,24.220572347586263,24.220572347586263
2021-09-13,24.31535279740274,24.31535279740274
2021-09-14,24.256087205933106,24.256087205933106
2021-09-15,24.33979340017486,24.33979340017486
2021-09-16,24.300058702390455,24.300058702390455
2021-09-17,24.107913776810463,24.107913776810463
2021-09-20,23.840440498894992,23.840440498894992
2021-09-21,23.91480812069595,23.91480812069595
2021-09-22,24.035277949169974,24.035277949169974
2021-09-23,24.180234413893043,24.180234413893043
2021-09-24,24.103997148519547,24.103997148519547
2021-09-27,24.06486830749424,24.06486830749424
2021-09-28,23.56000023794577,23.56000023794577
2021-09-29,23.55281777408696,23.55281777408696
2021-09-30,23.362272136889363,23.362272136889363
2021-10-01,23.497559445429292,23.497559445429292
2021-10-04,23.33787555108134,23.33787555108134
2021-10-05,23.539216812727496,23.539216812727496
2021-10-06,23.59326455546534,23.59326455546534
2021-10-07,23.78671515125656,23.78671515125656
2021-10-08,23.763496576291075,23.763496576291075
2021-10-11,23.63938138343578,23.63938138343578
2021-10-12,23.61636926364104,23.61636926364104
2021-10-13,23.740531273933055,23.740531273933055
2021-10-14,23.967417323929116,23.967417323929116
2021-10-15,24.158396983928725,24.158396983928725
2021-10-18,24.142806722728118,24.142806722728118
2021-10-19,24.30869037179128,24.30869037179128
2021-10-20,24.39890620104964,24.39890620104964
2021-10-21,24.373067465027727,24.373067465027727
2021-10-22,24.43354334313491,24.43354334313491
2021-10-25,24.51734607699052,24.51734607699052
2021-10-26,24.55279136094531,24.55279136094531
2021-10-27,24.537694635570276,24.537694635570276
2021-10-28,24.650292330715878,24.650292330715878
2021-10-29,24.61711663220359,24.61711663220359
2021-11-01,24.705729428238715,24.705729428238715
2021-11-02,24.738357648481923,24.738357648481923
2021-11-03,24.83926349942492,24.83926349942492
2021-11-04,24.90072308558952,24.90072308558952
2021-11-05,25.037193361189424,25.037193361189424
2021-11-08,25.05284320637458,25.05284320637458
2021-11-09,25.066654941316767,25.066654941316767
2021-11-10,24.96591653295081,24.96591653295081
2021-11-11,25.013900399346685,25.013900399346685
2021-11-12,25.10584511823415,25.10584511823415
2021-11-15,25.080333982353608,25.080333982353608
2021-11-16,25.03441962480225,25.03441962480225
2021-11-17,25.080101850183667,25.080101850183667
2021-11-18,25.089929847083706,25.089929847083706
2021-11-19,24.989420264191306,24.989420264191306
2021-11-22,24.730482187503576,24.730482187503576
2021-11-23,24.734493036311786,24.734493036311786
2021-11-24,24.68536393565915,24.68536393565915
2021-11-26,24.49800011056532,24.49800011056532
2021-11-29,24.654672815750192,24.654672815750192
2021-11-30,24.43525489685638,24.43525489685638
2021-12-01,24.301895742336633,24.301895742336633
2021-12-02,24.485878988797655,24.485878988797655
2021-12-03,24.428490168839136,24.428490168839136
2021-12-06,24.530688086852813,24.530688086852813
2021-12-07,24.85942595098681,24.85942595098681
2021-12-08,24.875307639733446,24.875307639733446
2021-12-09,24.751265253457476,24.751265253457476
2021-12-10,24.848874745916724,24.848874745916724
2021-12-13,24.782322727703775,24.782322727703775
2021-12-14,24.673290394953508,24.673290394953508
2021-12-15,24.907021043474643,24.907021043474643
2021-12-16,24.936800135746,24.936800135746
2021-12-17,24.84071555394705,24.84071555394705
2021-12-20,24.69020056822561,24.69020056822561
2021-12-21,24.89971800989624,24.89971800989624
2021-12-22,25.083882804398616,25.083882804398616
2021-12-23,25.166315527334074,25.166315527334074
2021-12-27,25.32243792118894,25.32243792118894
2021-12-28,25.289610117995288,25.289610117995288
2021-12-29,25.294699789214988,25.294699789214988
2021-12-30,25.31990791075596,25.31990791075596
2021-12-31,25.348795158846617,25.348795158846617
2022-01-03,25.322501316299988,25.322501316299988
2022-01-04,25.42981865589458,25.42981865589458
2022-01-05,25.16704941508176,25.16704941508176
2022-01-06,25.091464384876982,25.091464384876982
2022-01-07,25.078602913301456,25.078602913301456
2022-01-10,25.01614321483637,25.01614321483637
2022-01-11,25.283524191938188,25.283524191938188
2022-01-12,25.4108388439579,25.4108388439579
2022-01-13,25.20368585336242,25.20368585336242
2022-01-14,25.17443365983071,25.17443365983071
2022-01-18,24.930743359709584,24.930743359709584
2022-01-19,24.9992647244143,24.9992647244143
2022-01-20,24.829682965373777,24.829682965373777
2022-01-21,24.748677650280953,24.748677650280953
2022-01-24,24.86921423109793,24.86921423109793
2022-01-25,24.94872445500644,24.94872445500644
2022-01-26,24.54539177638873,24.54539177638873
2022-01-27,24.54539177638873,24.54539177638873
2022-01-28,25.15498330329525,25.15498330329525
2022-01-31,25.60805189997003,25.60805189997003
2022-02-01,25.781086100655884,25.781086100655884
2022-02-02,25.953046188609083,25.953046188609083
2022-02-03,25.343013869476547,25.343013869476547
2022-02-04,25.422141662549905,25.422141662549905
2022-02-07,25.475443255165164,25.475443255165164
2022-02-08,25.619185317005734,25.619185317005734
2022-02-09,25.850208469999213,25.850208469999213
2022-02-10,25.568930940942273,25.568930940942273
2022-02-11,26.056143808833614,26.056143808833614
2022-02-14,26.19556283436091,26.19556283436091
2022-02-15,26.282361742300267,26.282361742300267
2022-02-16,26.432235070047863,26.432235070047863
2022-02-17,26.793512809176033,26.793512809176033
2022-02-18,26.77386097564773,26.77386097564773
2022-02-22,26.829792584946777,26.829792584946777
2022-02-23,26.950720557742784,26.950720557742784
2022-02-24,26.7768848669336,26.7768848669336
2022-02-25,26.687699679702913,26.687699679702913
2022-02-28,26.96432691525258,26.96432691525258
2022-03-01,27.454091202114817,27.454091202114817
2022-03-02,27.16839459926077,27.16839459926077
2022-03-03,27.33013933803294,27.33013933803294
2022-03-04,27.76548511451568,27.76548511451568
2022-03-07,28.17815977929071,28.17815977929071
2022-03-08,28.94908598535481,28.94908598535481
2022-03-09,28.088974592060023,28.088974592060023
2022-03-10,28.176646680371164,28.176646680371164
2022-03-11,27.978624472381483,27.978624472381483
2022-03-14,27.556882746855305,27.556882746855305
2022-03-15,27.041418843893023,27.041418843893023
2022-03-16,27.210719851050023,27.210719851050023
2022-03-17,27.343743388989513,27.343743388989513
2022-03-18,27.373315871236898,27.373315871236898
2022-03-21,27.473890807756426,27.473890807756426
2022-03-22,27.535027579898724,27.535027579898724
2022-03-23,27.54578565776045,27.54578565776045
2022-03-24,27.853397284880376,27.853397284880376
2022-03-25,27.864372993965826,27.864372993965826
2022-03-28,27.709855950044894,27.709855950044894
2022-03-29,27.88744169604195,27.88744169604195
2022-03-30,27.91342809728524,27.91342809728524
2022-03-31,27.704023798467897,27.704023798467897
2022-04-01,27.655102323963078,27.655102323963078
2022-04-04,27.840575931380968,27.840575931380968
2022-04-05,27.577537967331672,27.577537967331672
2022-04-06,27.471968011617744,27.471968011617744
2022-04-07,27.593171746727425,27.593171746727425
2022-04-08,27.64273136238426,27.64273136238426
2022-04-11,27.779824487093318,27.779824487093318
2022-04-12,27.99308329970023,27.99308329970023
2022-04-13,28.12712923905624,28.12712923905624
2022-04-14,28.03420984252011,28.03420984252011
2022-04-18,28.12103719267154,28.12103719267154
2022-04-19,27.696046646616335,27.696046646616335
2022-04-20,27.83161734080957,27.83161734080957
2022-04-21,27.73260357356734,27.73260357356734
2022-04-22,27.462984615696698,27.462984615696698
2022-04-25,26.969447507286965,26.969447507286965
2022-04-26,27.010576374428243,27.010576374428243
2022-04-27,26.806456793559082,26.806456793559082
2022-04-28,26.951166719490068,26.951166719490068
2022-04-29,26.948121858458418,26.948121858458418
2022-05-02,26.448490379342584,26.448490379342584
2022-05-03,26.51855937221294,26.51855937221294
2022-05-04,26.779039098345834,26.779039098345834
2022-05-05,26.676980470071953,26.676980470071953
2022-05-06,26.721154198244882,26.721154198244882
2022-05-09,26.334245333977908,26.334245333977908
2022-05-10,26.334245333977908,26.334245333977908
2022-05-11,26.549320499994707,26.549320499994707
2022-05-12,26.549320499994707,26.549320499994707
2022-05-13,26.549320499994707,26.549320499994707
2022-05-16,26.549320499994707,26.549320499994707
2022-05-17,26.549320499994707,26.549320499994707
2022-05-18,26.549320499994707,26.549320499994707
2022-05-19,26.93952209720425,26.93952209720425
2022-05-20,26.958326186798608,26.958326186798608
2022-05-23,27.08369236346986,27.08369236346986
2022-05-24,27.287412101665534,27.287412101665534
2022-05-25,27.12286914423207,27.12286914423207
2022-05-26,27.072721717099192,27.072721717099192
2022-05-27,27.0868271754559,27.0868271754559
2022-05-31,27.0868271754559,27.0868271754559
2022-06-01,27.25934407700796,27.25934407700796
2022-06-02,27.594884306463655,27.594884306463655
2022-06-03,27.314740564504124,27.314740564504124
2022-06-06,27.314740564504124,27.314740564504124
2022-06-07,27.492789538752866,27.492789538752866
2022-06-08,27.467353277935803,27.467353277935803
2022-06-09,27.379917647461745,27.379917647461745
2022-06-10,27.74714486971744,27.74714486971744
2022-06-13,27.74714486971744,27.74714486971744
2022-06-14,27.74714486971744,27.74714486971744
2022-06-15,27.74714486971744,27.74714486971744
2022-06-16,28.059111058219255,28.059111058219255
2022-06-17,28.059111058219255,28.059111058219255
2022-06-21,28.059111058219255,28.059111058219255
2022-06-22,28.059111058219255,28.059111058219255
2022-06-23,28.059111058219255,28.059111058219255
2022-06-24,28.059111058219255,28.059111058219255
2022-06-27,28.059111058219255,28.059111058219255
2022-06-28,28.059111058219255,28.059111058219255
2022-06-29,28.059111058219255,28.059111058219255
2022-06-30,28.059111058219255,28.059111058219255
2022-07-01,28.059111058219255,28.059111058219255
2022-07-05,28.059111058219255,28.059111058219255
2022-07-06,28.059111058219255,28.059111058219255
2022-07-07,28.059111058219255,28.059111058219255
2022-07-08,28.059111058219255,28.059111058219255
2022-07-11,28.059111058219255,28.059111058219255
2022-07-12,28.059111058219255,28.059111058219255
2022-07-13,28.059111058219255,28.059111058219255
2022-07-14,28.059111058219255,28.059111058219255
2022-07-15,28.059111058219255,28.059111058219255
2022-07-18,28.059111058219255,28.059111058219255
2022-07-19,28.059111058219255,28.059111058219255
2022-07-20,28.059111058219255,28.059111058219255
2022-07-21,28.059111058219255,28.059111058219255
2022-07-22,28.059111058219255,28.059111058219255
2022-07-25,28.059111058219255,28.059111058219255
2022-07-26,28.059111058219255,28.059111058219255
2022-07-27,28.059111058219255,28.059111058219255
2022-07-28,28.059111058219255,28.059111058219255
2022-07-29,28.059111058219255,28.059111058219255
2022-08-01,28.059111058219255,28.059111058219255
2022-08-02,28.059111058219255,28.059111058219255
2022-08-03,28.059111058219255,28.059111058219255
2022-08-04,28.059111058219255,28.059111058219255
2022-08-05,28.059111058219255,28.059111058219255
2022-08-08,28.059111058219255,28.059111058219255
2022-08-09,28.059111058219255,28.059111058219255
2022-08-10,28.059111058219255,28.059111058219255
2022-08-11,28.059111058219255,28.059111058219255
2022-08-12,28.059111058219255,28.059111058219255
2022-08-15,28.059111058219255,28.059111058219255
2022-08-16,28.114072880890525,28.114072880890525
2022-08-17,28.114072880890525,28.114072880890525
2022-08-18,28.114072880890525,28.114072880890525
2022-08-19,28.114072880890525,28.114072880890525
2022-08-22,28.114072880890525,28.114072880890525
2022-08-23,28.114072880890525,28.114072880890525
2022-08-24,28.114072880890525,28.114072880890525
2022-08-25,28.114072880890525,28.114072880890525
2022-08-26,28.114072880890525,28.114072880890525
2022-08-29,28.114072880890525,28.114072880890525
2022-08-30,28.114072880890525,28.114072880890525
2022-08-31,28.114072880890525,28.114072880890525
2022-09-01,28.114072880890525,28.114072880890525
2022-09-02,28.114072880890525,28.114072880890525
2022-09-06,28.114072880890525,28.114072880890525
2022-09-07,28.114072880890525,28.114072880890525
2022-09-08,28.114072880890525,28.114072880890525
2022-09-09,28.114072880890525,28.114072880890525
2022-09-12,28.114072880890525,28.114072880890525
2022-09-13,28.114072880890525,28.114072880890525
2022-09-14,28.114072880890525,28.114072880890525
2022-09-15,28.114072880890525,28.114072880890525
2022-09-16,28.114072880890525,28.114072880890525
2022-09-19,28.114072880890525,28.114072880890525
2022-09-20,28.114072880890525,28.114072880890525
2022-09-21,28.114072880890525,28.114072880890525
2022-09-22,28.114072880890525,28.114072880890525
2022-09-23,28.114072880890525,28.114072880890525
2022-09-26,28.114072880890525,28.114072880890525
2022-09-27,28.114072880890525,28.114072880890525
2022-09-28,28.114072880890525,28.114072880890525
2022-09-29,28.114072880890525,28.114072880890525
2022-09-30,28.114072880890525,28.114072880890525
2022-10-03,28.114072880890525,28.114072880890525
2022-10-04,28.114072880890525,28.114072880890525
2022-10-05,28.114072880890525,28.114072880890525
2022-10-06,28.114072880890525,28.114072880890525
2022-10-07,28.114072880890525,28.114072880890525
2022-10-10,28.114072880890525,28.114072880890525
2022-10-11,28.114072880890525,28.114072880890525
2022-10-12,28.114072880890525,28.114072880890525
2022-10-13,28.114072880890525,28.114072880890525
2022-10-14,28.114072880890525,28.114072880890525
2022-10-17,28.114072880890525,28.114072880890525
2022-10-18,28.114072880890525,28.114072880890525
2022-10-19,28.114072880890525,28.114072880890525
2022-10-20,28.114072880890525,28.114072880890525
2022-10-21,28.114072880890525,28.114072880890525
2022-10-24,28.114072880890525,28.114072880890525
2022-10-25,28.114072880890525,28.114072880890525
2022-10-26,28.114072880890525,28.114072880890525
2022-10-27,28.114072880890525,28.114072880890525
2022-10-28,28.114072880890525,28.114072880890525
2022-10-31,28.114072880890525,28.114072880890525
2022-11-01,28.114072880890525,28.114072880890525
2022-11-02,28.114072880890525,28.114072880890525
2022-11-03,28.114072880890525,28.114072880890525
2022-11-04,28.114072880890525,28.114072880890525
2022-11-07,28.114072880890525,28.114072880890525
2022-11-08,28.114072880890525,28.114072880890525
2022-11-09,28.114072880890525,28.114072880890525
2022-11-10,28.114072880890525,28.114072880890525
2022-11-11,28.674776885111218,28.674776885111218
2022-11-14,28.674776885111218,28.674776885111218
2022-11-15,28.674776885111218,28.674776885111218
2022-11-16,28.674776885111218,28.674776885111218
2022-11-17,28.674776885111218,28.674776885111218
2022-11-18,28.732112106493457,28.732112106493457
2022-11-21,28.732112106493457,28.732112106493457
2022-11-22,29.132031080594373,29.132031080594373
2022-11-23,29.45196473656285,29.45196473656285
2022-11-25,29.60305446239184,29.60305446239184
2022-11-28,29.220904925723953,29.220904925723953
2022-11-29,29.3053268907937,29.3053268907937
2022-11-30,30.02684749717339,30.02684749717339
2022-12-01,30.30042054855892,30.30042054855892
2022-12-02,30.27176433134261,30.27176433134261
2022-12-05,29.87392313923842,29.87392313923842
2022-12-06,29.739813383292876,29.739813383292876
2022-12-07,29.739813383292876,29.739813383292876
2022-12-08,29.89180265220757,29.89180265220757
2022-12-09,29.909684080701993,29.909684080701993
2022-12-12,29.999085476598275,29.999085476598275
2022-12-13,30.387410605562305,30.387410605562305
2022-12-14,30.33699620601942,30.33699620601942
2022-12-15,29.56211147382045,29.56211147382045
2022-12-16,29.30232033537965,29.30232033537965
2022-12-19,29.23066007691206,29.23066007691206
2022-12-20,29.531421584311826,29.531421584311826
2022-12-21,29.660214094709193,29.660214094709193
2022-12-22,29.360016769299754,29.360016769299754
2022-12-23,29.455455804206167,29.455455804206167
2022-12-27,29.60196088556937,29.60196088556937
2022-12-28,29.378267951416312,29.378267951416312
2022-12-29,29.692233715823047,29.692233715823047
2022-12-30,29.60947126801062,29.60947126801062
2023-01-03,29.86421288115221,29.86421288115221
2023-01-04,30.389722808837426,30.389722808837426
2023-01-05,30.131566674131104,30.131566674131104
2023-01-06,30.78632551196622,30.78632551196622
2023-01-09,30.91340799459812,30.91340799459812
2023-01-10,31.055434037308647,31.055434037308647
2023-01-11,31.24104917433252,31.24104917433252
2023-01-12,31.504040242114083,31.504040242114083
2023-01-13,31.65555065394674,31.65555065394674
2023-01-17,31.575598740694925,31.575598740694925
2023-01-18,31.5495759336806,31.5495759336806
2023-01-19,31.704358899603793,31.704358899603793
2023-01-20,31.92851431084038,31.92851431084038
2023-01-23,32.0732756142863,32.0732756142863
2023-01-24,32.11435723950788,32.11435723950788
2023-01-25,32.20252335148564,32.20252335148564
2023-01-26,32.2706634965691,32.2706634965691
2023-01-27,32.22387602646717,32.22387602646717
2023-01-30,31.93817910582385,31.93817910582385
2023-01-31,32.104503343813555,32.104503343813555
2023-02-01,32.4355164598942,32.4355164598942
2023-02-02,32.35469592058452,32.35469592058452
2023-02-03,31.88694608248038,31.88694608248038
2023-02-06,31.6672812211693,31.6672812211693
2023-02-07,31.82401456735841,31.82401456735841
2023-02-08,31.731984058196417,31.731984058196417
2023-02-09,31.643310841470342,31.643310841470342
2023-02-10,31.56628126059541,31.56628126059541
2023-02-13,31.74285514916859,31.74285514916859
2023-02-14,31.745927738279562,31.745927738279562
2023-02-15,31.59039147715129,31.59039147715129
2023-02-16,31.43832220336111,31.43832220336111
2023-02-17,31.375937947620994,31.375937947620994
2023-02-21,31.00427708407263,31.00427708407263
2023-02-22,30.869357304303254,30.869357304303254
2023-02-23,30.98369815080607,30.98369815080607
2023-02-24,30.626959217199836,30.626959217199836
2023-02-27,30.82300824137493,30.82300824137493
2023-02-28,30.756835996308155,30.756835996308155
2023-03-01,30.977673791061644,30.977673791061644
2023-03-02,31.076686999509747,31.076686999509747
2023-03-03,31.4674138762495,31.4674138762495
2023-03-06,31.385357149631968,31.385357149631968
2023-03-07,30.865528869544725,30.865528869544725
2023-03-08,30.948510235423974,30.948510235423974
2023-03-09,30.784517119326537,30.784517119326537
2023-03-10,30.952271811793388,30.952271811793388
2023-03-13,31.20044918283113,31.20044918283113
2023-03-14,31.342561593760436,31.342561593760436
2023-03-15,31.204656908127212,31.204656908127212
2023-03-16,31.44782799052425,31.44782799052425
2023-03-17,31.54047506257696,31.54047506257696
2023-03-20,31.710840006037554,31.710840006037554
2023-03-21,31.760978391809587,31.760978391809587
2023-03-22,31.80960429189223,31.80960429189223
2023-03-23,32.01097589053815,32.01097589053815
2023-03-24,31.955840821185745,31.955840821185745
2023-03-27,31.86537242574206,31.86537242574206
2023-03-28,31.98749702524527,31.98749702524527
2023-03-29,32.151871592090075,32.151871592090075
2023-03-30,32.393861368872805,32.393861368872805
2023-03-31,32.50734593968805,32.50734593968805
2023-04-03,32.672215339705424,32.672215339705424
2023-04-04,32.782896103362944,32.782896103362944
2023-04-05,32.685876752526354,32.685876752526354
2023-04-06,32.716592170151834,32.716592170151834
2023-04-10,32.63203745766482,32.63203745766482
2023-04-11,32.74047493374413,32.74047493374413
2023-04-12,32.74918772451427,32.74918772451427
2023-04-13,33.09580052664332,33.09580052664332
2023-04-14,32.86811035239031,32.86811035239031
2023-04-17,32.84581774970932,32.84581774970932
2023-04-18,32.912615018740816,32.912615018740816
2023-04-19,32.78338438674535,32.78338438674535
2023-04-20,32.793290689948726,32.793290689948726
2023-04-21,32.69381119762174,32.69381119762174
2023-04-24,32.74800798400678,32.74800798400678
2023-04-25,32.59644455744773,32.59644455744773
2023-04-26,32.542382352655125,32.542382352655125
2023-04-27,32.81836508700665,32.81836508700665
2023-04-28,32.94086893715934,32.94086893715934
2023-05-01,32.805437572169936,32.805437572169936
2023-05-02,32.79214790853087,32.79214790853087
2023-05-03,32.838632932610246,32.838632932610246
2023-05-04,32.869729198238204,32.869729198238204
2023-05-05,33.052070672354986,33.052070672354986
2023-05-08,33.03060632856578,33.03060632856578
2023-05-09,32.9754023571629,32.9754023571629
2023-05-10,33.02261819375981,33.02261819375981
2023-05-11,32.93449274008814,32.93449274008814
2023-05-12,32.78833513614384,32.78833513614384
2023-05-15,32.97949381625845,32.97949381625845
2023-05-16,32.727976736261525,32.727976736261525
2023-05-17,32.83556027915535,32.83556027915535
2023-05-18,32.73797393421049,32.73797393421049
2023-05-19,32.82209444905788,32.82209444905788
2023-05-22,32.85904021341596,32.85904021341596
2023-05-23,32.60221591585368,32.60221591585368
2023-05-24,32.341674206722075,32.341674206722075
2023-05-25,32.28916268156387,32.28916268156387
2023-05-26,32.581771660602065,32.581771660602065
2023-05-30,32.526877223104655,32.526877223104655
2023-05-31,32.43900548081772,32.43900548081772
2023-06-01,32.78346493238471,32.78346493238471
2023-06-02,32.94504975011985,32.94504975011985
2023-06-05,32.931663068422125,32.931663068422125
2023-06-06,33.07432265025601,33.07432265025601
2023-06-07,32.850379964004176,32.850379964004176
2023-06-08,33.12809460386635,33.12809460386635
2023-06-09,33.12563471744892,33.12563471744892
2023-06-12,33.233422798889805,33.233422798889805
2023-06-13,33.326609817607576,33.326609817607576
2023-06-14,33.418766876762355,33.418766876762355
2023-06-15,33.728317864680086,33.728317864680086
2023-06-16,33.63601888552715,33.63601888552715
2023-06-20,33.3232621343877,33.3232621343877
2023-06-21,33.26884930967963,33.26884930967963
2023-06-22,33.1277900050227,33.1277900050227
2023-06-23,32.91595403764966,32.91595403764966
2023-06-26,32.93874881832224,32.93874881832224
2023-06-27,33.09252605964009,33.09252605964009
2023-06-28,33.06474551078877,33.06474551078877
2023-06-29,32.98827492614636,32.98827492614636
2023-06-30,33.25879757944237,33.25879757944237
2023-07-03,33.332724071805146,33.332724071805146
2023-07-05,33.15465370775973,33.15465370775973
2023-07-06,32.75266288283596,32.75266288283596
2023-07-07,32.947577982184114,32.947577982184114
2023-07-10,33.004387964709686,33.004387964709686
2023-07-11,33.211878456814794,33.211878456814794
2023-07-12,33.68467481139347,33.68467481139347
2023-07-13,33.9804975629638,33.9804975629638
2023-07-14,33.84581932826076,33.84581932826076
2023-07-17,33.881782645134926,33.881782645134926
2023-07-18,34.009879383459484,34.009879383459484
2023-07-19,34.0298948098942,34.0298948098942
2023-07-20,33.82997369902861,33.82997369902861
2023-07-21,33.81776950938897,33.81776950938897
2023-07-24,33.88240589587601,33.88240589587601
2023-07-25,33.99473438000014,33.99473438000014
2023-07-26,34.10922271403864,34.10922271403864
2023-07-27,33.79875531816509,33.79875531816509
2023-07-28,34.15725760333887,34.15725760333887
2023-07-31,34.202168249800145,34.202168249800145
2023-08-01,33.874251676316476,33.874251676316476
2023-08-02,33.35589406105471,33.35589406105471
2023-08-03,33.33909630711425,33.33909630711425
2023-08-04,33.344476030877665,33.344476030877665
2023-08-07,33.4563983598403,33.4563983598403
2023-08-08,33.21517224469905,33.21517224469905
2023-08-09,33.15872208113151,33.15872208113151
2023-08-10,33.200787791553026,33.200787791553026
2023-08-11,33.01797171246773,33.01797171246773
2023-08-14,32.96217185063876,32.96217185063876
2023-08-15,32.66883772989707,32.66883772989707
2023-08-16,32.41538898709034,32.41538898709034
2023-08-17,32.17667875979383,32.17667875979383
2023-08-18,32.18442209467433,32.18442209467433
2023-08-21,32.34903047959499,32.34903047959499
2023-08-22,32.27522359936511,32.27522359936511
2023-08-23,32.62126136898359,32.62126136898359
2023-08-24,32.318993373713816,32.318993373713816
2023-08-25,32.45358853433572,32.45358853433572
2023-08-28,32.69306117307058,32.69306117307058
2023-08-29,33.09639843225332,33.09639843225332
2023-08-30,33.119538701797616,33.119538701797616
2023-08-31,33.041967701253625,33.041967701253625
2023-09-01,33.15389483114232,33.15389483114232
2023-09-05,32.91161565633738,32.91161565633738
2023-09-06,32.76490627864785,32.76490627864785
2023-09-07,32.707521868361034,32.707521868361034
2023-09-08,32.712148695084004,32.712148695084004
2023-09-11,32.91715388933658,32.91715388933658
2023-09-12,32.759756570808364,32.759756570808364
2023-09-13,32.72797656071031,32.72797656071031
2023-09-14,33.03841500535635,33.03841500535635
2023-09-15,32.95382643580248,32.95382643580248
2023-09-18,32.98646763049116,32.98646763049116
2023-09-19,32.96252052071309,32.96252052071309
2023-09-20,32.843243491049925,32.843243491049925
2023-09-21,32.300398518550466,32.300398518550466
2023-09-22,32.315784093795884,32.315784093795884
2023-09-25,32.45168112496541,32.45168112496541
2023-09-26,31.97492527469316,31.97492527469316
2023-09-27,31.987692135055724,31.987692135055724
2023-09-28,32.1731303670827,32.1731303670827
2023-09-29,32.09505273302947,32.09505273302947
2023-10-02,32.08228824260571,32.08228824260571
2023-10-03,31.652829261139054,31.652829261139054
2023-10-04,31.883331879613806,31.883331879613806
2023-10-05,31.871313919914794,31.871313919914794
2023-10-06,32.24971730962523,32.24971730962523
2023-10-09,32.456181638763155,32.456181638763155
2023-10-10,32.625115616926216,32.625115616926216
2023-10-11,32.758758836288656,32.758758836288656
2023-10-12,32.55904409287796,32.55904409287796
2023-10-13,32.39687392007498,32.39687392007498
2023-10-16,32.737737479055326,32.737737479055326
2023-10-17,32.73623019797298,32.73623019797298
2023-10-18,32.754984724451475,32.754984724451475
2023-10-19,32.812102291295076,32.812102291295076
2023-10-20,32.65530954513195,32.65530954513195
2023-10-23,32.571870442995404,32.571870442995404
2023-10-24,32.69287592994331,32.69287592994331
2023-10-25,32.830474479082476,32.830474479082476
2023-10-26,32.882295821975084,32.882295821975084
2023-10-27,33.264710337979274,33.264710337979274
2023-10-30,33.077079175278605,33.077079175278605
2023-10-31,32.89659202301617,32.89659202301617
2023-11-01,33.02018534940343,33.02018534940343
2023-11-02,33.39147361858853,33.39147361858853
2023-11-03,33.604548413000536,33.604548413000536
2023-11-06,33.512270361060665,33.512270361060665
2023-11-07,33.49050149940515,33.49050149940515
2023-11-08,33.33585521995132,33.33585521995132
2023-11-09,33.27225153284362,33.27225153284362
2023-11-10,33.791460455574835,33.791460455574835
2023-11-13,33.86947836579151,33.86947836579151
2023-11-14,34.55086844683001,34.55086844683001
2023-11-15,34.60543454739132,34.60543454739132
2023-11-16,34.62472885601884,34.62472885601884
2023-11-17,34.76278631160123,34.76278631160123
2023-11-20,34.95633834531179,34.95633834531179
2023-11-21,34.94290159241573,34.94290159241573
2023-11-22,34.942421724461546,34.942421724461546
2023-11-24,35.06437646634157,35.06437646634157
2023-11-27,35.041977709646766,35.041977709646766
2023-11-28,35.23378196732491,35.23378196732491
2023-11-29,35.247511851062995,35.247511851062995
2023-11-30,35.230979057045005,35.230979057045005
2023-12-01,35.56053746923101,35.56053746923101
2023-12-04,35.20636119724786,35.20636119724786
2023-12-05,35.15684578239768,35.15684578239768
2023-12-06,35.1849142537249,35.1849142537249
2023-12-07,35.320620336400516,35.320620336400516
2023-12-08,35.211867554046,35.211867554046
2023-12-11,35.221069158441495,35.221069158441495
2023-12-12,35.28477418444187,35.28477418444187
2023-12-13,35.802821080575534,35.802821080575534
2023-12-14,36.08319529766072,36.08319529766072
2023-12-15,35.87514167403474,35.87514167403474
2023-12-18,35.94736150342572,35.94736150342572
2023-12-19,36.1707780442606,36.1707780442606
2023-12-20,35.85431107456259,35.85431107456259
2023-12-21,36.22320909644454,36.22320909644454
2023-12-22,36.23238383136597,36.23238383136597
2023-12-26,36.42288087662017,36.42288087662017
2023-12-27,36.5964815481585,36.5964815481585
2023-12-28,36.577965934849,36.577965934849
2023-12-29,36.53548655790543,36.53548655790543
2024-01-02,36.275918940026244,36.275918940026244
2024-01-03,36.06516512173149,36.06516512173149
2024-01-04,36.012838049326,36.012838049326
2024-01-05,36.021014157403435,36.021014157403435
2024-01-08,36.1915201941956,36.1915201941956
2024-01-09,36.014197806136785,36.014197806136785
2024-01-10,36.05447840295008,36.05447840295008
2024-01-11,36.135280620154646,36.135280620154646
2024-01-12,36.280088877703335,36.280088877703335
2024-01-16,35.940770722463384,35.940770722463384
2024-01-17,35.68196512891349,35.68196512891349
2024-01-18,35.90586095182898,35.90586095182898
2024-01-19,36.067108886629896,36.067108886629896
2024-01-22,36.09672369695692,36.09672369695692
2024-01-23,36.110618096049144,36.110618096049144
2024-01-24,36.17833891845349,36.17833891845349
2024-01-25,36.30870637810498,36.30870637810498
2024-01-26,36.32397594116781,36.32397594116781
2024-01-29,36.508008927846404,36.508008927846404
2024-01-30,36.45868470810765,36.45868470810765
2024-01-31,36.298828430210435,36.298828430210435
2024-02-01,36.652307793774774,36.652307793774774
2024-02-02,36.51418483131001,36.51418483131001
2024-02-05,36.3578233302639,36.3578233302639
2024-02-06,36.66500143366909,36.66500143366909
2024-02-07,36.71463896385653,36.71463896385653
2024-02-08,36.63531011446631,36.63531011446631
2024-02-09,36.70399784899979,36.70399784899979
2024-02-12,36.75327265019914,36.75327265019914
2024-02-13,36.231682870018446,36.231682870018446
2024-02-14,36.5100780358054,36.5100780358054
2024-02-15,36.74443304632376,36.74443304632376
2024-02-16,36.75797799502852,36.75797799502852
2024-02-20,36.80986555676927,36.80986555676927
2024-02-21,36.81358437733372,36.81358437733372
2024-02-22,37.13308490688544,37.13308490688544
2024-02-23,37.21369941145484,37.21369941145484
2024-02-26,37.11023527198473,37.11023527198473
2024-02-27,37.14105553905847,37.14105553905847
2024-02-28,37.01888465798029,37.01888465798029
2024-02-29,37.118744572272455,37.118744572272455
2024-03-01,37.52750917604668,37.52750917604668
2024-03-04,37.586460654655895,37.586460654655895
2024-03-05,37.5170045861965,37.5170045861965
2024-03-06,37.82578665878435,37.82578665878435
2024-03-07,38.09620260145324,38.09620260145324
2024-03-08,38.08948225934417,38.08948225934417
2024-03-11,38.0619254871748,38.0619254871748
2024-03-12,38.18573795072569,38.18573795072569
2024-03-13,38.19019779123369,38.19019779123369
2024-03-14,38.00008398675199,38.00008398675199
2024-03-15,37.879410101325696,37.879410101325696
2024-03-18,37.93985769478247,37.93985769478247
2024-03-19,37.96838571325719,37.96838571325719
2024-03-20,38.31137922908388,38.31137922908388
2024-03-21,38.33973102387103,38.33973102387103
2024-03-22,38.217691104944166,38.217691104944166
2024-03-25,38.19622155191003,38.19622155191003
2024-03-26,38.2176879729915,38.2176879729915
2024-03-27,38.42150404258492,38.42150404258492
2024-03-28,38.52063806855847,38.52063806855847
2024-04-01,38.51019178659908,38.51019178659908
2024-04-02,38.539530208502136,38.539530208502136
2024-04-03,38.668941117541394,38.668941117541394
2024-04-04,38.45422798616826,38.45422798616826
2024-04-05,38.66944212601999,38.66944212601999
2024-04-08,38.80355352315596,38.80355352315596
2024-04-09,38.933060747374036,38.933060747374036
2024-04-10,38.47899228832705,38.47899228832705
2024-04-11,38.75553732219151,38.75553732219151
2024-04-12,38.257591210560726,38.257591210560726
2024-04-15,38.186845712224624,38.186845712224624
2024-04-16,37.96123878759716,37.96123878759716
2024-04-17,37.89473643699861,37.89473643699861
2024-04-18,37.89328654949889,37.89328654949889
2024-04-19,37.83140056950086,37.83140056950086
2024-04-22,37.88933162081554,37.88933162081554
2024-04-23,38.12145832215384,38.12145832215384
2024-04-24,38.095414206490226,38.095414206490226
2024-04-25,38.09300715770147,38.09300715770147
2024-04-26,38.35575836000394,38.35575836000394
2024-04-29,38.494733318392285,38.494733318392285
2024-04-30,37.98306456081139,37.98306456081139
2024-05-01,38.044742591501056,38.044742591501056
2024-05-02,38.4259815492985,38.4259815492985
2024-05-03,38.7005558167123,38.7005558167123
2024-05-06,38.9277861668907,38.9277861668907
2024-05-07,38.893357061789345,38.893357061789345
2024-05-08,38.84815702514159,38.84815702514159
2024-05-09,39.11349387953773,39.11349387953773
2024-05-10,39.20204221248591,39.20204221248591
2024-05-13,39.178373647484634,39.178373647484634
2024-05-14,39.40239400532481,39.40239400532481
2024-05-15,39.821324064327676,39.821324064327676
2024-05-16,39.73855382473391,39.73855382473391
2024-05-17,39.91770525396286,39.91770525396286
2024-05-20,39.92830195962072,39.92830195962072
2024-05-21,39.88889217353624,39.88889217353624
2024-05-22,39.60838972887148,39.60838972887148
2024-05-23,39.27157528346821,39.27157528346821
2024-05-24,39.42623529416926,39.42623529416926
2024-05-28,39.46398588172122,39.46398588172122
2024-05-29,39.062626526332025,39.062626526332025
2024-05-30,39.10582096540915,39.10582096540915
2024-05-31,39.15530217665191,39.15530217665191
2024-06-03,39.383528304212646,39.383528304212646
2024-06-04,39.23038500523867,39.23038500523867
2024-06-05,39.62205271185001,39.62205271185001
2024-06-06,39.74934809386058,39.74934809386058
2024-06-07,39.21000670213079,39.21000670213079
2024-06-10,39.34048419941818,39.34048419941818
2024-06-11,39.29317072249486,39.29317072249486
2024-06-12,39.587418656451696,39.587418656451696
2024-06-13,39.44691252892835,39.44691252892835
2024-06-14,39.484157942818825,39.484157942818825
2024-06-17,39.559729079840594,39.559729079840594
2024-06-18,39.74390842056143,39.74390842056143
2024-06-20,39.799843697367606,39.799843697367606
2024-06-21,39.58300594097193,39.58300594097193
2024-06-24,39.65804541253874,39.65804541253874
2024-06-25,39.64901452402631,39.64901452402631
2024-06-26,39.474905714602244,39.474905714602244
2024-06-27,39.60146349146121,39.60146349146121
2024-06-28,39.556078954769276,39.556078954769276
2024-07-01,39.58324961013016,39.58324961013016
2024-07-02,39.705758681031774,39.705758681031774
2024-07-03,40.08117008658204,40.08117008658204
2024-07-05,40.3625779133266,40.3625779133266
2024-07-08,40.23579163878063,40.23579163878063
2024-07-09,40.250720598288055,40.250720598288055
2024-07-10,40.527621064608006,40.527621064608006
2024-07-11,40.713969510391834,40.713969510391834
2024-07-12,40.902448124401644,40.902448124401644
2024-07-15,40.76449638253895,40.76449638253895
2024-07-16,41.09416108418963,41.09416108418963
2024-07-17,40.769499816545185,40.769499816545185
2024-07-18,40.475020623714215,40.475020623714215
2024-07-19,40.13123161284984,40.13123161284984
2024-07-22,40.365621863228014,40.365621863228014
2024-07-23,40.26414667704857,40.26414667704857
2024-07-24,39.81013962135171,39.81013962135171
2024-07-25,39.58349254868775,39.58349254868775
2024-07-26,39.96598991383157,39.96598991383157
2024-07-29,39.91081615650978,39.91081615650978
2024-07-30,39.940438886687325,39.940438886687325
2024-07-31,40.54565610871258,40.54565610871258
2024-08-01,40.080342060240085,40.080342060240085
2024-08-02,39.7654963010488,39.7654963010488
2024-08-05,39.02747623191103,39.02747623191103
2024-08-06,39.04815845181308,39.04815845181308
2024-08-07,39.0524338176369,39.0524338176369
2024-08-08,39.65217290237464,39.65217290237464
2024-08-09,39.80906492966923,39.80906492966923
2024-08-12,39.98264798350746,39.98264798350746
2024-08-13,40.360607238712156,40.360607238712156
2024-08-14,40.32100794136492,40.32100794136492
2024-08-15,40.638160662451384,40.638160662451384
2024-08-16,40.9973433691322,40.9973433691322
2024-08-19,41.250681359896184,41.250681359896184
2024-08-20,41.2028720922756,41.2028720922756
2024-08-21,41.344232630676395,41.344232630676395
2024-08-22,40.99586932119046,40.99586932119046
2024-08-23,41.50243373874919,41.50243373874919
2024-08-26,41.39457374727524,41.39457374727524
2024-08-27,41.48039836512469,41.48039836512469
2024-08-28,41.286025597607875,41.286025597607875
2024-08-29,41.3536780955663,41.3536780955663
2024-08-30,41.38412012044216,41.38412012044216
2024-09-03,40.91816392310691,40.91816392310691
2024-09-04,40.90426914601558,40.90426914601558
2024-09-05,40.98720117191756,40.98720117191756
2024-09-06,40.49465030858431,40.49465030858431
2024-09-09,40.78043684874782,40.78043684874782
2024-09-10,40.80537966319016,40.80537966319016
2024-09-11,40.98283980701537,40.98283980701537
2024-09-12,41.32351687817531,41.32351687817531
2024-09-13,41.524039166554196,41.524039166554196
2024-09-16,41.649572966982284,41.649572966982284
2024-09-17,41.56180865964442,41.56180865964442
2024-09-18,41.39152760054006,41.39152760054006
2024-09-19,42.001575997311996,42.001575997311996
2024-09-20,41.986205177986356,41.986205177986356
2024-09-23,42.11716454696751,42.11716454696751
2024-09-24,42.60751468857462,42.60751468857462
2024-09-25,42.40822012726378,42.40822012726378
2024-09-26,42.9841840719466,42.9841840719466
2024-09-27,42.85962623576611,42.85962623576611
2024-09-30,42.63842955469269,42.63842955469269
2024-10-01,42.672197446160745,42.672197446160745
2024-10-02,42.810491585851075,42.810491585851075
2024-10-03,42.57277829077781,42.57277829077781
2024-10-04,42.70661387519168,42.70661387519168
2024-10-07,42.59473422990292,42.59473422990292
2024-10-08,42.403092913094376,42.403092913094376
2024-10-09,42.34971948420216,42.34971948420216
2024-10-10,42.39824773625512,42.39824773625512
2024-10-11,42.648413404295816,42.648413404295816
2024-10-14,42.68647508313645,42.68647508313645
2024-10-15,42.36118990766523,42.36118990766523
2024-10-16,42.53896077239447,42.53896077239447
2024-10-17,42.536892775327146,42.536892775327146
2024-10-18,42.80762120608186,42.80762120608186
2024-10-21,42.571486422462684,42.571486422462684
2024-10-22,42.59348943587096,42.59348943587096
2024-10-23,42.2551958317736,42.2551958317736
2024-10-24,42.38941184943853,42.38941184943853
2024-10-25,42.350692225573184,42.350692225573184
2024-10-28,42.46887161665609,42.46887161665609
2024-10-29,42.527821279093075,42.527821279093075
2024-10-30,42.40232548320437,42.40232548320437
2024-10-31,41.995850108624474,41.995850108624474
2024-11-01,41.98797723455939,41.98797723455939
2024-11-04,42.07063234058296,42.07063234058296
2024-11-05,42.409460731828545,42.409460731828545
2024-11-06,42.06885857349572,42.06885857349572
2024-11-07,42.646639935366004,42.646639935366004
2024-11-08,42.3121182508176,42.3121182508176
2024-11-11,42.04035168995595,42.04035168995595
2024-11-12,41.65678760663886,41.65678760663886
2024-11-13,41.48764749583641,41.48764749583641
2024-11-14,41.33201288343567,41.33201288343567
2024-11-15,41.18240761677612,41.18240761677612
2024-11-18,41.5473651805701,41.5473651805701
2024-11-19,41.68609517937435,41.68609517937435
2024-11-20,41.72567282780253,41.72567282780253
2024-11-21,41.84167795535997,41.84167795535997
2024-11-22,42.01886455171182,42.01886455171182
2024-11-25,41.846835044663344,41.846835044663344
2024-11-26,41.8623553325,41.8623553325
2024-11-27,41.89714069082244,41.89714069082244
2024-11-29,42.11085822420429,42.11085822420429
2024-12-02,42.10981030933317,42.10981030933317
2024-12-03,42.179797356652095,42.179797356652095
2024-12-04,42.31279702580015,42.31279702580015
2024-12-05,42.3356398670192,42.3356398670192
2024-12-06,42.36420822567853,42.36420822567853
2024-12-09,42.54849989627429,42.54849989627429
2024-12-10,42.41028169592501,42.41028169592501
2024-12-11,42.62514706617428,42.62514706617428
2024-12-12,42.31776087303426,42.31776087303426
2024-12-13,42.15753124466343,42.15753124466343
2024-12-16,42.180224822310905,42.180224822310905
2024-12-17,42.07107781169154,42.07107781169154
2024-12-18,41.2772833804812,41.2772833804812
2024-12-19,41.25712972239608,41.25712972239608
2024-12-20,41.55801553552838,41.55801553552838
2024-12-23,41.59815524038909,41.59815524038909
2024-12-24,41.77809545249221,41.77809545249221
2024-12-26,41.820119478076556,41.820119478076556
2024-12-27,41.569887399959455,41.569887399959455
2024-12-30,41.42204879702025,41.42204879702025
2024-12-31,41.44080922286535,41.44080922286535
2025-01-02,41.5959913252804,41.5959913252804
2025-01-03,41.64601248201632,41.64601248201632
2025-01-06,41.69453876109301,41.69453876109301
2025-01-07,41.57632204632292,41.57632204632292
2025-01-08,41.71719264363467,41.71719264363467
2025-01-10,41.5981084225042,41.5981084225042
2025-01-13,41.42338019284822,41.42338019284822
2025-01-14,41.56060508969839,41.56060508969839
2025-01-15,42.09422516297376,42.09422516297376
2025-01-16,42.194677307997516,42.194677307997516
2025-01-17,42.261242737121975,42.261242737121975
2025-01-21,42.75839792678775,42.75839792678775
2025-01-22,42.85564341718194,42.85564341718194
2025-01-23,42.966486867452204,42.966486867452204
2025-01-24,43.11341443535056,43.11341443535056
2025-01-27,42.90880213063897,42.90880213063897
2025-01-28,43.1064418039265,43.1064418039265
2025-01-29,43.03031973656974,43.03031973656974
2025-01-30,43.45967813811663,43.45967813811663
2025-01-31,43.23272206980887,43.23272206980887
2025-02-03,43.10106689912821,43.10106689912821
2025-02-04,43.51440892589241,43.51440892589241
2025-02-05,43.71263554132281,43.71263554132281
2025-02-06,43.78899891597894,43.78899891597894
2025-02-07,43.605771413275974,43.605771413275974
2025-02-10,43.979537835298494,43.979537835298494
2025-02-11,43.94175828774884,43.94175828774884
2025-02-12,44.019336330036765,44.019336330036765
2025-02-13,44.414919493925645,44.414919493925645
2025-02-14,44.39679153726373,44.39679153726373
2025-02-18,44.65439184957282,44.65439184957282
2025-02-19,44.58723651372253,44.58723651372253
2025-02-20,44.6919061083651,44.6919061083651
2025-02-21,44.48787817858938,44.48787817858938
2025-02-24,44.36894257875919,44.36894257875919
2025-02-25,44.34951355477835,44.34951355477835
2025-02-26,44.48197366219239,44.48197366219239
2025-02-27,43.91719545581494,43.91719545581494
2025-02-28,43.93639316299007,43.93639316299007
2025-03-03,43.93692915019125,43.93692915019125
2025-03-04,43.95891766060501,43.95891766060501
2025-03-05,44.51412028649606,44.51412028649606
2025-03-06,44.154034698846196,44.154034698846196
2025-03-07,44.33327416743002,44.33327416743002
2025-03-10,43.76348187536497,43.76348187536497
2025-03-11,43.90671920172522,43.90671920172522
2025-03-12,44.06118582853416,44.06118582853416
2025-03-13,44.17211484607363,44.17211484607363
2025-03-14,44.55875301271962,44.55875301271962
2025-03-17,44.948794464460335,44.948794464460335
2025-03-18,45.03304076783377,45.03304076783377
2025-03-19,45.173136967768606,45.173136967768606
2025-03-20,44.96618523629944,44.96618523629944
2025-03-21,44.737402713651015,44.737402713651015
2025-03-24,44.862436458892596,44.862436458892596
2025-03-25,44.95499063990706,44.95499063990706
2025-03-26,44.704702585527244,44.704702585527244
2025-03-27,44.92847051081695,44.92847051081695
2025-03-28,44.76801986725981,44.76801986725981
2025-03-31,44.83333294072017,44.83333294072017
2025-04-01,44.90501869941447,44.90501869941447
2025-04-02,44.95699686337202,44.95699686337202
2025-04-03,44.631159898212715,44.631159898212715
2025-04-04,44.12935740175991,44.12935740175991
2025-04-07,43.37575574981867,43.37575574981867
2025-04-08,43.381187011849,43.381187011849
2025-04-09,44.23239535545678,44.23239535545678
2025-04-10,44.598620398395305,44.598620398395305
2025-04-11,45.4498593167092,45.4498593167092
2025-04-14,45.615470271603684,45.615470271603684
2025-04-15,45.86333887451645,45.86333887451645
2025-04-16,46.35042946392606,46.35042946392606
2025-04-17,46.41076643197157,46.41076643197157
2025-04-21,46.71215265500288,46.71215265500288
2025-04-22,46.8423049526648,46.8423049526648
2025-04-23,46.56893961433153,46.56893961433153
2025-04-24,47.09296259362878,47.09296259362878
2025-04-25,47.037426812327354,47.037426812327354
2025-04-28,47.33704074837592,47.33704074837592
2025-04-29,47.30689794616858,47.30689794616858
2025-04-30,47.223534790093424,47.223534790093424
2025-05-01,46.90581232800533,46.90581232800533
2025-05-02,47.4290371089796,47.4290371089796
2025-05-05,47.87285372666329,47.87285372666329
2025-05-06,48.17484844570218,48.17484844570218
2025-05-07,47.833479625877644,47.833479625877644
2025-05-08,47.48602376916232,47.48602376916232
2025-05-09,47.72241882297993,47.72241882297993
2025-05-12,47.99155620444967,47.99155620444967
2025-05-13,48.114922784640626,48.114922784640626
2025-05-14,47.91045011757676,47.91045011757676
2025-05-15,48.26499616610596,48.26499616610596
2025-05-16,48.23132353439421,48.23132353439421
2025-05-19,48.47578745656622,48.47578745656622
2025-05-20,48.642634225474474,48.642634225474474
2025-05-21,48.424473280844964,48.424473280844964
2025-05-22,48.27577731813856,48.27577731813856
2025-05-23,48.48832658938725,48.48832658938725
2025-05-27,48.68737727659098,48.68737727659098
2025-05-28,48.43440756758162,48.43440756758162
2025-05-29,48.64446458253858,48.64446458253858
2025-05-30,48.48948435950683,48.48948435950683
2025-06-02,48.950446310927035,48.950446310927035
2025-06-03,48.86187144197859,48.86187144197859
2025-06-04,49.14544303430876,49.14544303430876
2025-06-05,49.06734583379258,49.06734583379258
2025-06-06,49.05287365353362,49.05287365353362
2025-06-09,49.202653447449826,49.202653447449826
2025-06-10,49.3528691155731,49.3528691155731
2025-06-11,49.436511267437744,49.436511267437744
2025-06-12,49.7275567136187,49.7275567136187
2025-06-13,49.425716672682846,49.425716672682846
2025-06-16,49.5168939975764,49.5168939975764
2025-06-17,49.21625257711249,49.21625257711249
2025-06-18,49.18365141880662,49.18365141880662
2025-06-20,49.020375931370744,49.020375931370744
2025-06-23,49.32143983804622,49.32143983804622
2025-06-24,49.69118588171934,49.69118588171934
2025-06-25,49.68004551650995,49.68004551650995
2025-06-26,49.951437305038525,49.951437305038525
2025-06-27,49.84272978729915,49.84272978729915
2025-06-30,50.086889382253375,50.086889382253375
2025-07-01,50.16569448347214,50.16569448347214
2025-07-02,50.32727893576148,50.32727893576148
2025-07-03,50.36539569924376,50.36539569924376
2025-07-07,50.01037933115911,50.01037933115911
2025-07-08,50.03221045396036,50.03221045396036
2025-07-09,50.23739706388407,50.23739706388407
2025-07-10,50.30537764931482,50.30537764931482
2025-07-11,50.19512696610863,50.19512696610863
2025-07-14,50.191127801021295,50.191127801021295
2025-07-15,50.04456370202222,50.04456370202222
2025-07-16,50.230513069018244,50.230513069018244
2025-07-17,50.357916046019746,50.357916046019746
2025-07-18,50.34430975258482,50.34430975258482
2025-07-21,50.66507614257093,50.66507614257093
2025-07-22,50.84425522674101,50.84425522674101
2025-07-23,51.13756864967198,51.13756864967198
2025-07-24,50.940859268127625,50.940859268127625
2025-07-25,50.86313154297942,50.86313154297942
2025-07-28,50.549829350577,50.549829350577
2025-07-29,50.58919854361789,50.58919854361789
2025-07-30,50.22632613136745,50.22632613136745
2025-07-31,50.095038147023864,50.095038147023864
2025-08-01,50.120243859769985,50.120243859769985
2025-08-04,50.57626295108595,50.57626295108595
2025-08-05,50.56410785847172,50.56410785847172
2025-08-06,50.72998419601481,50.72998419601481
2025-08-07,50.97486897417359,50.97486897417359
2025-08-08,51.08673299126253,51.08673299126253
2025-08-11,50.85498902578575,50.85498902578575
2025-08-12,51.202150800689544,51.202150800689544
2025-08-13,51.4906298038903,51.4906298038903
2025-08-14,51.271984073825095,51.271984073825095
2025-08-15,51.311214858061284,51.311214858061284
2025-08-18,51.330008650476096,51.330008650476096
2025-08-19,51.15518087566798,51.15518087566798
2025-08-20,51.26004027332084,51.26004027332084
2025-08-21,51.07253857776744,51.07253857776744
2025-08-22,51.75277891493163,51.75277891493163
2025-08-25,51.47077042152814,51.47077042152814
2025-08-26,51.56329947328124,51.56329947328124
2025-08-27,51.531687197532676,51.531687197532676
2025-08-28,51.73453841089166,51.73453841089166
2025-08-29,51.64888961627813,51.64888961627813
2025-09-02,51.67924857396527,51.67924857396527
2025-09-03,51.90923957278682,51.90923957278682
2025-09-04,52.03429276550393,52.03429276550393
2025-09-05,52.36408633739177,52.36408633739177
2025-09-08,52.74511011578083,52.74511011578083
2025-09-09,52.74729014274148,52.74729014274148
2025-09-10,52.90657858479308,52.90657858479308
2025-09-11,53.26497573470396,53.26497573470396
2025-09-12,53.22455214388023,53.22455214388023
2025-09-15,53.55836142327713,53.55836142327713
2025-09-16,53.61896740084874,53.61896740084874
2025-09-17,53.51005288390413,53.51005288390413
2025-09-18,53.50269433739535,53.50269433739535
2025-09-19,53.603764076626994,53.603764076626994
2025-09-22,53.91435967124934,53.91435967124934
2025-09-23,53.902219944711916,53.902219944711916
2025-09-24,53.65087854623926,53.65087854623926
2025-09-25,53.49195296297774,53.49195296297774
2025-09-26,53.68486357886143,53.68486357886143
2025-09-29,54.05205224872202,54.05205224872202
2025-09-30,54.2708726218657,54.2708726218657
2025-10-01,54.527539795535375,54.527539795535375
2025-10-02,54.58212708275314,54.58212708275314
2025-10-03,54.78144734690999,54.78144734690999
2025-10-06,55.07901810244405,55.07901810244405
2025-10-07,54.932883001372176,54.932883001372176
2025-10-08,55.30062572944548,55.30062572944548
2025-10-09,54.84652421373398,54.84652421373398
2025-10-10,54.09906619539638,54.09906619539638
2025-10-13,54.94984776988077,54.94984776988077
2025-10-14,54.983327195603096,54.983327195603096
2025-10-15,55.451976220543436,55.451976220543436
2025-10-16,55.80545296913728,55.80545296913728
2025-10-17,55.66138433619356,55.66138433619356
2025-10-20,56.44506918085007,56.44506918085007
2025-10-21,55.52221634344896,55.52221634344896
2025-10-22,55.43790546896987,55.43790546896987
2025-10-23,55.6780513880236,55.6780513880236
2025-10-24,55.83357902245111,55.83357902245111
2025-10-27,55.86334533067987,55.86334533067987
2025-10-28,55.810897241604756,55.810897241604756
2025-10-29,55.72220936212031,55.72220936212031
2025-10-30,55.63291615124487,55.63291615124487
2025-10-31,55.55158456000092,55.55158456000092
2025-11-03,55.65374279043923,55.65374279043923
2025-11-04,55.01415438197077,55.01415438197077
2025-11-05,55.319109843955104,55.319109843955104
2025-11-06,55.1211349028325,55.1211349028325
2025-11-07,55.20387901576904,55.20387901576904
2025-11-10,55.9838327193071,55.9838327193071
2025-11-11,56.181447073120715,56.181447073120715
2025-11-12,56.43299283893809,56.43299283893809
2025-11-13,55.868365921904626,55.868365921904626
2025-11-14,55.62600753765294,55.62600753765294
2025-11-17,55.12065240774309,55.12065240774309
2025-11-18,54.916925797096944,54.916925797096944
2025-11-19,54.90549561127697,54.90549561127697
2025-11-20,54.445243701507195,54.445243701507195
2025-11-21,54.72916935726203,54.72916935726203
2025-11-24,55.21038970554817,55.21038970554817
2025-11-25,55.499591461702565,55.499591461702565
2025-11-26,55.88484592234666,55.88484592234666
2025-11-28,56.12340580056568,56.12340580056568
2025-12-01,56.01411185621593,56.01411185621593
2025-12-02,56.019247227177466,56.019247227177466
2025-12-03,56.137248580669784,56.137248580669784
2025-12-04,56.15435426236764,56.15435426236764
2025-12-05,56.228085054723316,56.228085054723316
2025-12-08,56.08676556831677,56.08676556831677
2025-12-09,56.090850817598394,56.090850817598394
2025-12-10,56.49917241679039,56.49917241679039
2025-12-11,56.662926985158,56.662926985158
2025-12-12,56.37765504216724,56.37765504216724
2025-12-15,56.41785811513029,56.41785811513029
2025-12-16,56.28743391957916,56.28743391957916
2025-12-17,56.08480286994165,56.08480286994165
2025-12-18,56.38507585772224,56.38507585772224
2025-12-19,56.66989124022738,56.66989124022738
2025-12-22,57.08724559180315,57.08724559180315
2025-12-23,57.42454661566044,57.42454661566044
2025-12-24,57.480357741849836,57.480357741849836
2025-12-26,57.71508024286414,57.71508024286414
2025-12-29,57.121190758085255,57.121190758085255
2025-12-30,57.17595401532432,57.17595401532432
2025-12-31,56.90581960780594,56.90581960780594
2026-01-02,57.417821369975925,57.417821369975925
2026-01-05,58.07627787285029,58.07627787285029
2026-01-06,58.37217854355031,58.37217854355031
2026-01-07,58.10302985759897,58.10302985759897
2026-01-08,58.15040888657313,58.15040888657313
2026-01-09,58.49567488033828,58.49567488033828
2026-01-12,58.96208365999131,58.96208365999131
2026-01-13,58.777214110482795,58.777214110482795
2026-01-14,58.96096756932796,58.96096756932796
2026-01-15,58.97022053150332,58.97022053150332
2026-01-16,58.87091347456982,58.87091347456982
2026-01-20,58.739431184683326,58.739431184683326
2026-01-21,59.400856246617145,59.400856246617145
2026-01-22,59.82113318228889,59.82113318228889
2026-01-23,60.142293419474406,60.142293419474406
2026-01-26,60.47788449969994,60.47788449969994
2026-01-27,61.24856199749043,61.24856199749043
2026-01-28,61.67104724959279,61.67104724959279
2026-01-29,61.70008549492842,61.70008549492842
2026-01-30,60.00410087138037,60.00410087138037
2026-02-02,59.68448243359563,59.68448243359563
2026-02-03,60.414103577148005,60.414103577148005
2026-02-04,60.216911166823884,60.216911166823884
2026-02-05,59.57086138076944,59.57086138076944
2026-02-06,60.75695047878674,60.75695047878674
2026-02-09,61.38029343560573,61.38029343560573
2026-02-10,61.309533241352575,61.309533241352575
2026-02-11,61.69390489957345,61.69390489957345
2026-02-12,60.89698923840926,60.89698923840926
2026-02-13,61.30984761999688,61.30984761999688
2026-02-17,60.89613101353037,60.89613101353037
2026-02-18,61.29256401833719,61.29256401833719
2026-02-19,61.23278180846079,61.23278180846079
2026-02-20,61.92607579302732,61.92607579302732
2026-02-23,61.97089467521071,61.97089467521071
2026-02-24,62.10553748900204,62.10553748900204
2026-02-25,62.42861061192383,62.42861061192383
2026-02-26,62.3571421154305,62.3571421154305
2026-02-27,62.43737154495722,62.43737154495722
2026-03-02,62.09391274105487,62.09391274105487
2026-03-03,60.40899498928407,60.40899498928407
2026-03-04,60.86989310091842,60.86989310091842
2026-03-05,60.061257450486515,60.061257450486515
2026-03-06,59.90839513914667,59.90839513914667
2026-03-09,60.34961676750647,60.34961676750647
2026-03-10,60.50224730550353,60.50224730550353
2026-03-11,60.396967813310376,60.396967813310376
2026-03-12,59.35617007284415,59.35617007284415
2026-03-13,58.95327202440867,58.95327202440867
2026-03-16,59.657488113625845,59.657488113625845
2026-03-17,59.79123294490288,59.79123294490288
2026-03-18,58.74927644536834,58.74927644536834
2026-03-19,58.240641822443365,58.240641822443365
2026-03-20,56.73192779403858,56.73192779403858
2026-03-23,57.2313297202667,57.2313297202667
2026-03-24,56.9131840449276,56.9131840449276
2026-03-25,57.825885417159924,57.825885417159924
2026-03-26,56.41066292733929,56.41066292733929
2026-03-27,56.7073781685838,56.7073781685838
2026-03-30,56.70044389601254,56.70044389601254
2026-03-31,58.2597809088662,58.2597809088662
2026-04-01,58.85930760410608,58.85930760410608
2026-04-02,58.35525772457513,58.35525772457513
2026-04-06,58.4759992368725,58.4759992368725
2026-04-07,58.666332313319074,58.666332313319074
2026-04-08,60.168778020398335,60.168778020398335
2026-04-09,60.27894773967065,60.27894773967065
2026-04-10,60.31209305383698,60.31209305383698
2026-04-13,60.58137401075579,60.58137401075579
2026-04-14,61.36139934738376,61.36139934738376
2026-04-15,61.26393596344447,61.26393596344447
2026-04-16,61.279922655108244,61.279922655108244
2026-04-17,62.02594974575997,62.02594974575997
2026-04-20,61.75465536436781,61.75465536436781
2026-04-21,60.82543519081805,60.82543519081805
2026-04-22,61.38841355713014,61.38841355713014
2026-04-23,60.914586257257106,60.914586257257106
2026-04-24,61.42398677075704,61.42398677075704
2026-04-27,61.265024909544806,61.265024909544806
2026-04-28,60.79711250122875,60.79711250122875
2026-04-29,60.42975602183205,60.42975602183205
2026-04-30,61.287754564137906,61.287754564137906
2026-05-01,61.3244045490087,61.3244045490087
2026-05-04,60.82163038605579,60.82163038605579
2026-05-05,61.45442039180606,61.45442039180606
2026-05-06,62.77684853610363,62.77684853610363
2026-05-07,62.33152001843213,62.33152001843213
2026-05-08,62.90615347931229,62.90615347931229
2026-05-11,62.891465452749124,62.891465452749124
2026-05-12,62.32949267902698,62.32949267902698
2026-05-13,62.68097684884105,62.68097684884105
2026-05-14,62.66736158680849,62.66736158680849
2026-05-15,61.31451313784242,61.31451313784242
2026-05-18,61.46370226772673,61.46370226772673
2026-05-19,60.8281819670018,60.8281819670018
2026-05-20,61.7397019624509,61.7397019624509
2026-05-21,61.97445641265047,61.97445641265047
2026-05-22,61.888424375223366,61.888424375223366
2026-05-26,62.62154505958176,62.62154505958176
2026-05-27,62.418117696811514,62.418117696811514
2026-05-28,62.67367864341884,62.67367864341884
2026-05-29,62.855947039020755,62.855947039020755
2026-06-01,62.93536533196966,62.93536533196966
2026-06-02,63.17662120226713,63.17662120226713
2026-06-03,62.670601966553015,62.670601966553015
2026-06-04,62.795728944001354,62.795728944001354
2026-06-05,60.35280205167716,60.35280205167716
2026-06-08,60.881623251741786,60.881623251741786
2026-06-09,60.88711735157492,60.88711735157492
2026-06-10,60.17284374037605,60.17284374037605
2026-06-11,61.64449690754456,61.64449690754456
2026-06-12,61.83857236458102,61.83857236458102
2026-06-15,62.737814970759025,62.737814970759025
2026-06-16,62.44840864180975,62.44840864180975
2026-06-17,62.09913700257589,62.09913700257589
2026-06-18,62.905413167187696,62.905413167187696
2026-06-22,62.93189814226691,62.93189814226691
2026-06-23,61.50466523466519,61.50466523466519
2026-06-24,61.560609273677926,61.560609273677926
2026-06-25,61.88859557599165,61.88859557599165
2026-06-26,61.523939911921026,61.523939911921026
2026-06-29,61.97342469226716,61.97342469226716
2026-06-30,62.32283591564611,62.32283591564611
2026-07-01,61.70967311595634,61.70967311595634
2026-07-02,61.727785699003164,61.727785699003164
2026-07-06,62.47069224048757,62.47069224048757
2026-07-07,61.70513011669073,61.70513011669073
2026-07-08,61.64322499682026,61.64322499682026
2026-07-09,62.00715873129187,62.00715873129187
2026-07-10,62.21493488016156,62.21493488016156
2026-07-13,61.09551623377541,61.09551623377541
2026-07-14,61.679267624304146,61.679267624304146
2026-07-15,61.84127825386299,61.84127825386299
2026-07-16,61.13027712654976,61.13027712654976
2026-07-17,60.70498600399237,60.70498600399237
2026-07-20,60.60981291308845,60.60981291308845
2026-07-21,61.63761205883296,61.63761205883296
2026-07-22,61.5411816297544,61.5411816297544
2026-07-23,60.899105518018175,60.899105518018175
2026-07-24,60.62126167296917,60.62126167296917
2026-07-27,60.81587290069593,60.81587290069593
2026-07-28,60.45902965642056,60.45902965642056
2026-07-29,59.63116240729754,59.63116240729754
2026-07-30,61.33649884320696,61.33649884320696
2026-07-31,61.51744783261903,61.51744783261903
