Date,Equity
2004-11-18,1.0
2004-11-19,1.0
2004-11-22,1.0
2004-11-23,1.0
2004-11-24,1.0
2004-11-26,1.0
2004-11-29,1.0
2004-11-30,1.0
2004-12-01,1.0
2004-12-02,1.0
2004-12-03,1.0
2004-12-06,1.0
2004-12-07,1.0
2004-12-08,1.0
2004-12-09,1.0
2004-12-10,1.0
2004-12-13,1.0
2004-12-14,1.0
2004-12-15,1.0
2004-12-16,1.0
2004-12-17,1.0
2004-12-20,1.0
2004-12-21,1.0
2004-12-22,1.0
2004-12-23,1.0
2004-12-27,1.0
2004-12-28,1.0
2004-12-29,1.0
2004-12-30,1.0
2004-12-31,1.0
2005-01-03,1.0
2005-01-04,1.0
2005-01-05,1.0
2005-01-06,1.0
2005-01-07,1.0
2005-01-10,1.0
2005-01-11,1.0
2005-01-12,1.0
2005-01-13,1.0
2005-01-14,1.0
2005-01-18,1.0
2005-01-19,1.0
2005-01-20,1.0
2005-01-21,1.0
2005-01-24,1.0
2005-01-25,1.0
2005-01-26,1.0
2005-01-27,1.0
2005-01-28,1.0
2005-01-31,1.0
2005-02-01,1.0
2005-02-02,1.0
2005-02-03,1.0
2005-02-04,1.0
2005-02-07,1.0
2005-02-08,1.0
2005-02-09,1.0
2005-02-10,1.0
2005-02-11,1.0
2005-02-14,1.0
2005-02-15,1.0
2005-02-16,1.0
2005-02-17,1.0
2005-02-18,1.0
2005-02-22,1.0
2005-02-23,1.0
2005-02-24,1.0
2005-02-25,1.0
2005-02-28,1.0
2005-03-01,1.0
2005-03-02,1.0
2005-03-03,1.0
2005-03-04,1.0
2005-03-07,1.0
2005-03-08,1.0
2005-03-09,1.0
2005-03-10,1.0
2005-03-11,1.0
2005-03-14,1.0
2005-03-15,1.0
2005-03-16,1.0
2005-03-17,1.0
2005-03-18,1.0
2005-03-21,1.0
2005-03-22,1.0
2005-03-23,1.0
2005-03-24,1.0
2005-03-28,1.0
2005-03-29,1.0
2005-03-30,1.0
2005-03-31,1.0
2005-04-01,1.0
2005-04-04,1.0
2005-04-05,1.0
2005-04-06,1.0
2005-04-07,1.0
2005-04-08,1.0
2005-04-11,1.0
2005-04-12,1.0
2005-04-13,1.0
2005-04-14,1.0
2005-04-15,1.0
2005-04-18,1.0
2005-04-19,1.0
2005-04-20,1.0
2005-04-21,1.0
2005-04-22,1.0
2005-04-25,1.0
2005-04-26,1.0
2005-04-27,1.0
2005-04-28,1.0
2005-04-29,1.0
2005-05-02,1.0
2005-05-03,1.0
2005-05-04,1.0
2005-05-05,1.0
2005-05-06,1.0
2005-05-09,1.0
2005-05-10,1.0
2005-05-11,1.0
2005-05-12,1.0
2005-05-13,1.0
2005-05-16,1.0
2005-05-17,1.0
2005-05-18,1.0
2005-05-19,1.0
2005-05-20,1.0
2005-05-23,1.0
2005-05-24,1.0
2005-05-25,1.0
2005-05-26,1.0
2005-05-27,1.0
2005-05-31,1.0
2005-06-01,1.0
2005-06-02,1.0
2005-06-03,1.0
2005-06-06,1.0
2005-06-07,1.0
2005-06-08,1.0
2005-06-09,1.0
2005-06-10,1.0
2005-06-13,1.0
2005-06-14,1.0
2005-06-15,1.0
2005-06-16,1.0
2005-06-17,1.0
2005-06-20,1.0
2005-06-21,1.0
2005-06-22,1.0
2005-06-23,1.0
2005-06-24,1.0
2005-06-27,1.0
2005-06-28,1.0
2005-06-29,1.0
2005-06-30,1.0
2005-07-01,1.0
2005-07-05,1.0
2005-07-06,1.0
2005-07-07,1.0
2005-07-08,1.0
2005-07-11,1.0
2005-07-12,1.0
2005-07-13,1.0
2005-07-14,1.0
2005-07-15,1.0
2005-07-18,1.0
2005-07-19,1.0
2005-07-20,1.0
2005-07-21,1.0
2005-07-22,1.0
2005-07-25,1.0
2005-07-26,1.0
2005-07-27,1.0
2005-07-28,1.0
2005-07-29,1.0
2005-08-01,1.0
2005-08-02,1.0
2005-08-03,1.0
2005-08-04,1.0
2005-08-05,1.0
2005-08-08,1.0
2005-08-09,1.0
2005-08-10,1.0
2005-08-11,1.0
2005-08-12,1.0
2005-08-15,1.0
2005-08-16,1.0
2005-08-17,1.0
2005-08-18,1.0
2005-08-19,1.0
2005-08-22,1.0
2005-08-23,1.0
2005-08-24,1.0
2005-08-25,1.0
2005-08-26,1.0
2005-08-29,1.0
2005-08-30,1.0
2005-08-31,1.0
2005-09-01,1.0
2005-09-02,1.0
2005-09-06,1.0032594260436338
2005-09-07,1.0025323024981745
2005-09-08,1.0016476930474836
2005-09-09,1.0059676010367549
2005-09-12,1.0039145951594928
2005-09-13,1.0019855089072782
2005-09-14,1.0022977573009761
2005-09-15,1.0026667928287272
2005-09-16,1.0058128968486277
2005-09-19,1.0061482593867708
2005-09-20,1.0036067808870246
2005-09-21,1.0058822811631627
2005-09-22,1.0046967447645405
2005-09-23,1.0030514110626552
2005-09-26,1.0044524228293727
2005-09-27,1.0025204947519752
2005-09-28,1.007335071136692
2005-09-29,1.0101982882559337
2005-09-30,1.008393253873204
2005-10-03,1.0045642787524753
2005-10-04,1.0023033050537096
2005-10-05,0.9991824803158736
2005-10-06,1.0011171479541925
2005-10-07,1.0021576584921925
2005-10-10,1.0021830832731995
2005-10-11,1.000529347753942
2005-10-12,0.9971022738780481
2005-10-13,0.9956739902882661
2005-10-14,0.9980776939834365
2005-10-17,0.9990913714772682
2005-10-18,0.9959983710136984
2005-10-19,0.9990367838203378
2005-10-20,0.9941665705348034
2005-10-21,0.9983627019019602
2005-10-24,1.0013360293313283
2005-10-25,1.0055891943180422
2005-10-26,1.0030554594762462
2005-10-27,1.0047661789871034
2005-10-28,1.013072620417924
2005-10-31,1.008989900060468
2005-11-01,1.0083085158442313
2005-11-02,1.019387795743822
2005-11-03,1.0196579246290947
2005-11-04,1.0130345946123764
2005-11-07,1.017112412247967
2005-11-08,1.0172685010559877
2005-11-09,1.022009160110704
2005-11-10,1.0240037308788532
2005-11-11,1.0292141960117887
2005-11-14,1.0257798595874228
2005-11-15,1.0228728042506212
2005-11-16,1.0306147578211
2005-11-17,1.0445518486873966
2005-11-18,1.048364628547074
2005-11-21,1.0527624096469597
2005-11-22,1.0564229564936307
2005-11-23,1.0572575061151743
2005-11-25,1.0572429274301376
2005-11-28,1.0564367244629933
2005-11-29,1.0553387415788569
2005-11-30,1.0460929894445552
2005-12-01,1.06328953145276
2005-12-02,1.0660397884834034
2005-12-05,1.069541236142089
2005-12-06,1.0716605283849727
2005-12-07,1.0694520340493936
2005-12-08,1.073917657432928
2005-12-09,1.0752027608942298
2005-12-12,1.081072671353416
2005-12-13,1.0830488878282551
2005-12-14,1.0819611533699094
2005-12-15,1.0790113486385509
2005-12-16,1.0792158483972043
2005-12-19,1.0787664184589258
2005-12-20,1.0760857731230757
2005-12-21,1.0779897307312616
2005-12-22,1.083163949282468
2005-12-23,1.084711361187426
2005-12-27,1.084112188615573
2005-12-28,1.0856373623466358
2005-12-29,1.085279107195557
2005-12-30,1.084474483117525
2006-01-03,1.097420529833098
2006-01-04,1.1015218647023362
2006-01-05,1.0986504253982812
2006-01-06,1.1040817727538839
2006-01-09,1.1072624870732548
2006-01-10,1.1036812354555576
2006-01-11,1.1061611506411906
2006-01-12,1.1055632104753672
2006-01-13,1.1098637635609219
2006-01-17,1.1072777935592466
2006-01-18,1.1026492818415998
2006-01-19,1.107439564087834
2006-01-20,1.1004324630038624
2006-01-23,1.1044266855166638
2006-01-24,1.1042704304576183
2006-01-25,1.1041397159733055
2006-01-26,1.1046834739357545
2006-01-27,1.1079716947220306
2006-01-30,1.1099650588980212
2006-01-31,1.1085647285376425
2006-02-01,1.1088984629459218
2006-02-02,1.1055311633933413
2006-02-03,1.1049119509330396
2006-02-06,1.1055701449311195
2006-02-07,1.0981274578651359
2006-02-08,1.1006839127583952
2006-02-09,1.1033810201456287
2006-02-10,1.099727221729485
2006-02-13,1.097036380018594
2006-02-14,1.1010594362730757
2006-02-15,1.1000186092542756
2006-02-16,1.1035689581157424
2006-02-17,1.1060247599316224
2006-02-21,1.1033587201341584
2006-02-22,1.1087424402193884
2006-02-23,1.1072311410805125
2006-02-24,1.1105118637072313
2006-02-27,1.1090787837783551
2006-02-28,1.108352620989251
2006-03-01,1.1119050817746226
2006-03-02,1.1110377605063315
2006-03-03,1.107331518812508
2006-03-06,1.0994177221872723
2006-03-07,1.0930365425022428
2006-03-08,1.091490620760199
2006-03-09,1.0886966842037373
2006-03-10,1.0974488323331297
2006-03-13,1.1034028370778428
2006-03-14,1.110302763029137
2006-03-15,1.1104336405729527
2006-03-16,1.1145007423540176
2006-03-17,1.1136377927389574
2006-03-20,1.11343663232182
2006-03-21,1.1049678440169495
2006-03-22,1.1087497092809437
2006-03-23,1.1058199746745292
2006-03-24,1.1101445064901998
2006-03-27,1.1112876716632936
2006-03-28,1.106309108575539
2006-03-29,1.1184603882747917
2006-03-30,1.128171336555541
2006-03-31,1.1237429864311859
2006-04-03,1.1288289127429503
2006-04-04,1.1346289826622162
2006-04-05,1.1390048462021471
2006-04-06,1.1412474830521666
2006-04-07,1.1288204967993287
2006-04-10,1.1343389766740692
2006-04-11,1.1250743619561225
2006-04-12,1.1258408685835082
2006-04-13,1.1264433335402255
2006-04-17,1.1342954522745516
2006-04-18,1.1532897801897601
2006-04-19,1.1642678041577652
2006-04-20,1.1531195872213664
2006-04-21,1.1637111393378066
2006-04-24,1.1580865565384766
2006-04-25,1.1592558676570384
2006-04-26,1.1646854275768006
2006-04-27,1.1659275163039264
2006-04-28,1.1745199259006278
2006-05-01,1.169937502683642
2006-05-02,1.1845714106217806
2006-05-03,1.1796872031139223
2006-05-04,1.1878827956920568
2006-05-05,1.2007879056912893
2006-05-08,1.1984502929278278
2006-05-09,1.2084196800288802
2006-05-10,1.2088936026530364
2006-05-11,1.1995464392898754
2006-05-12,1.1869410086580263
2006-05-15,1.1733379395962635
2006-05-16,1.1753525588560918
2006-05-17,1.1501292538203904
2006-05-18,1.14404771971952
2006-05-19,1.1442429473815252
2006-05-22,1.1306886575551787
2006-05-23,1.1299235515369852
2006-05-24,1.1269797820441285
2006-05-25,1.1408614155197159
2006-05-26,1.148028769720549
2006-05-30,1.1322826230956116
2006-05-31,1.1383436024463252
2006-06-01,1.140446491944326
2006-06-02,1.1489535388424124
2006-06-05,1.1318199493281313
2006-06-06,1.1299956052860851
2006-06-07,1.1198487524842329
2006-06-08,1.116295444874641
2006-06-09,1.1163776384446826
2006-06-12,1.107477926733491
2006-06-13,1.1011891591507377
2006-06-14,1.0952815068184452
2006-06-15,1.1250488133713543
2006-06-16,1.1219973661187121
2006-06-19,1.108953556149694
2006-06-20,1.1199474060941983
2006-06-21,1.1364830696535229
2006-06-22,1.1284066163278317
2006-06-23,1.1282071752709482
2006-06-26,1.1359051778741027
2006-06-27,1.1183210255569787
2006-06-28,1.125312466076738
2006-06-29,1.1571815494840352
2006-06-30,1.168339085148036
2006-07-03,1.1761160741174874
2006-07-05,1.1669382704119748
2006-07-06,1.1743405663424307
2006-07-07,1.1674626992303274
2006-07-10,1.1693517720455113
2006-07-11,1.1744034103313612
2006-07-12,1.171390030973487
2006-07-13,1.17021379947009
2006-07-14,1.1704533507361663
2006-07-17,1.1630534631589562
2006-07-18,1.1602053827988899
2006-07-19,1.1709587504494852
2006-07-20,1.1683367643527116
2006-07-21,1.1663015238164007
2006-07-24,1.1727843214026605
2006-07-25,1.1734854664896304
2006-07-26,1.1758241233165148
2006-07-27,1.1790083278856844
2006-07-28,1.185572288071461
2006-07-31,1.1840674531446211
2006-08-01,1.1857521313181585
2006-08-02,1.1895233275824462
2006-08-03,1.1890792101616663
2006-08-04,1.1914557705010205
2006-08-07,1.1905686495360657
2006-08-08,1.188507339074004
2006-08-09,1.1900467898800693
2006-08-10,1.188417576477344
2006-08-11,1.184576288358695
2006-08-14,1.1836242909735084
2006-08-15,1.1903358436298395
2006-08-16,1.1965209248751763
2006-08-17,1.1942796743001483
2006-08-18,1.1964291229396635
2006-08-21,1.1993119903916762
2006-08-22,1.1984425058290147
2006-08-23,1.1967400154429975
2006-08-24,1.1959888873092341
2006-08-25,1.196953021733735
2006-08-28,1.196607786925667
2006-08-29,1.198030595189673
2006-08-30,1.2000542687984443
2006-08-31,1.2023342849430936
2006-09-01,1.2043181385000756
2006-09-05,1.2061082260559797
2006-09-06,1.2017756710223098
2006-09-07,1.1970186774096643
2006-09-08,1.1976861429548071
2006-09-11,1.1965203930722248
2006-09-12,1.2022083883894434
2006-09-13,1.2035099733364658
2006-09-14,1.202494646130924
2006-09-15,1.202470307943867
2006-09-18,1.2031530764537373
2006-09-19,1.2034831461361302
2006-09-20,1.2067918662847408
2006-09-21,1.2099046783553018
2006-09-22,1.2091574563842893
2006-09-25,1.2130433255208932
2006-09-26,1.2150836044912205
2006-09-27,1.2174122923873996
2006-09-28,1.217914201286836
2006-09-29,1.2163749591315653
2006-10-02,1.2168054630534513
2006-10-03,1.2171824711069503
2006-10-04,1.2243198594081441
2006-10-05,1.2221894321599032
2006-10-06,1.2174059294045743
2006-10-09,1.2193813722556237
2006-10-10,1.2167429063915225
2006-10-11,1.2154410768682058
2006-10-12,1.2202780565980975
2006-10-13,1.2192484773507952
2006-10-16,1.2215885323627107
2006-10-17,1.2207965214091419
2006-10-18,1.2225332104088487
2006-10-19,1.223993750062922
2006-10-20,1.2244096687538912
2006-10-23,1.2236871515148584
2006-10-24,1.2254063955636247
2006-10-25,1.2295612502756623
2006-10-26,1.2345097525265427
2006-10-27,1.2326480644623365
2006-10-30,1.232144947597452
2006-10-31,1.2352428915357445
2006-11-01,1.235883286345795
2006-11-02,1.2365222193583525
2006-11-03,1.2323655116185395
2006-11-06,1.2379526343536835
2006-11-07,1.2411567871379567
2006-11-08,1.242133741467287
2006-11-09,1.2425899680237122
2006-11-10,1.244316639640606
2006-11-13,1.2424671124504865
2006-11-14,1.2470648387545347
2006-11-15,1.2469416070037875
2006-11-16,1.2458566070281984
2006-11-17,1.247730705594387
2006-11-20,1.2467324931319927
2006-11-21,1.2496733552787012
2006-11-22,1.2535446578171412
2006-11-24,1.2529677554278622
2006-11-27,1.2471176117937146
2006-11-28,1.2517391123183237
2006-11-29,1.2554060075151938
2006-11-30,1.2604858673423922
2006-12-01,1.2603813348612607
2006-12-04,1.2646655967092253
2006-12-05,1.2662667360884081
2006-12-06,1.2630422074934182
2006-12-07,1.2620855561373479
2006-12-08,1.2595175765615167
2006-12-11,1.262093778246293
2006-12-12,1.2645020154269595
2006-12-13,1.263656739503138
2006-12-14,1.2655742705630497
2006-12-15,1.2643765073729427
2006-12-18,1.2635587911856978
2006-12-19,1.2670366724553694
2006-12-20,1.2658755945524167
2006-12-21,1.265511065707954
2006-12-22,1.263148706539132
2006-12-26,1.2651425558442724
2006-12-27,1.2687123626666987
2006-12-28,1.2687589006153557
2006-12-29,1.2679180269888382
2007-01-03,1.267755592507461
2007-01-04,1.2677428876114931
2007-01-05,1.2609467374610828
2007-01-08,1.2631011498287554
2007-01-09,1.2630820222752421
2007-01-10,1.2614492773205572
2007-01-11,1.262874224169009
2007-01-12,1.2693809144887234
2007-01-16,1.269108246217896
2007-01-17,1.2701836073059056
2007-01-18,1.2688069884744209
2007-01-19,1.2730521547039497
2007-01-22,1.2709955530002943
2007-01-23,1.275120483457488
2007-01-24,1.278569029579164
2007-01-25,1.2707779360965017
2007-01-26,1.2710475649596922
2007-01-29,1.2694690714763743
2007-01-30,1.2739799821913964
2007-01-31,1.2780150799841126
2007-02-01,1.2821576729287112
2007-02-02,1.2814720298044766
2007-02-05,1.2822334037620846
2007-02-06,1.2859745506051135
2007-02-07,1.2876599714128982
2007-02-08,1.2885794076490136
2007-02-09,1.2853371956060153
2007-02-12,1.28229755223563
2007-02-13,1.2867900168298563
2007-02-14,1.294571143775484
2007-02-15,1.296226065455394
2007-02-16,1.2964806210196074
2007-02-20,1.295735161900763
2007-02-21,1.2982552272269312
2007-02-22,1.2970261538723655
2007-02-23,1.2994456433853492
2007-02-26,1.3016231662473838
2007-02-27,1.2825560436705679
2007-02-28,1.2869277068246867
2007-03-01,1.2834553949605736
2007-03-02,1.2770848300641304
2007-03-05,1.2703410211225712
2007-03-06,1.2795094661220718
2007-03-07,1.2802941678028936
2007-03-08,1.2829682038717996
2007-03-09,1.2804660700323094
2007-03-12,1.28447582200368
2007-03-13,1.2786127062866535
2007-03-14,1.2793337294446423
2007-03-15,1.279289460925962
2007-03-16,1.2801406519892546
2007-03-19,1.2838524738288277
2007-03-20,1.2876708369567467
2007-03-21,1.2953394193053072
2007-03-22,1.2929476099005344
2007-03-23,1.2912149338313867
2007-03-26,1.2917135412261755
2007-03-27,1.2906734764124876
2007-03-28,1.2893693739420071
2007-03-29,1.2885631901733252
2007-03-30,1.2889494370103596
2007-04-02,1.290796824607291
2007-04-03,1.2926709735783606
2007-04-04,1.296075817302668
2007-04-05,1.2962630944068725
2007-04-09,1.2924383675265498
2007-04-10,1.2960649784014076
2007-04-11,1.294068385480539
2007-04-12,1.2965775876947188
2007-04-13,1.2979158874275953
2007-04-16,1.3036767617948273
2007-04-17,1.3059729845712047
2007-04-18,1.308142348903233
2007-04-19,1.305656352702643
2007-04-20,1.3106022769682375
2007-04-23,1.308702917502193
2007-04-24,1.3081531614208752
2007-04-25,1.3116502767692122
2007-04-26,1.3076791033775508
2007-04-27,1.3083499188484968
2007-04-30,1.3085395801584312
2007-05-01,1.3075946812202468
2007-05-02,1.3098740366098929
2007-05-03,1.311627471447868
2007-05-04,1.3160326920260523
2007-05-07,1.3172621639221775
2007-05-08,1.3142384991936282
2007-05-09,1.3136110880038039
2007-05-10,1.3078672225755965
2007-05-11,1.3107103276876761
2007-05-14,1.3097114154417553
2007-05-15,1.3101051737146576
2007-05-16,1.3099312587701324
2007-05-17,1.3064147470231144
2007-05-18,1.3072465012967993
2007-05-21,1.3086068819116528
2007-05-22,1.305895183589588
2007-05-23,1.3065633392700353
2007-05-24,1.3022040506824586
2007-05-25,1.3038570899848798
2007-05-29,1.3041638843220822
2007-05-30,1.3065581460383107
2007-05-31,1.3071300770566994
2007-06-01,1.3104304570885383
2007-06-04,1.3120733843218737
2007-06-05,1.3077885148620922
2007-06-06,1.3036596154182074
2007-06-07,1.2807949597542707
2007-06-08,1.2861392121481334
2007-06-11,1.2911078672417746
2007-06-12,1.274803091393717
2007-06-13,1.2900757853028804
2007-06-14,1.2967686515942816
2007-06-15,1.3044536893801488
2007-06-18,1.3067229610901525
2007-06-19,1.3111065489691016
2007-06-20,1.2945486171066527
2007-06-21,1.3002733828414106
2007-06-22,1.297867533801284
2007-06-25,1.2964938584593557
2007-06-26,1.2844857088720183
2007-06-27,1.2904260905287643
2007-06-28,1.2915693480287531
2007-06-29,1.2944321662838492
2007-07-02,1.302992660346096
2007-07-03,1.3031205214477963
2007-07-05,1.2986027012492476
2007-07-06,1.3074515689627744
2007-07-09,1.3113704987690389
2007-07-10,1.3096335432759587
2007-07-11,1.3108843677367357
2007-07-12,1.3280321879132775
2007-07-13,1.3294804265800513
2007-07-16,1.3299652773900277
2007-07-17,1.3276681972981816
2007-07-18,1.3310175967656745
2007-07-19,1.3340787183210707
2007-07-20,1.333195380522402
2007-07-23,1.3342864856344236
2007-07-24,1.3290770004966153
2007-07-25,1.326869907589054
2007-07-26,1.3146577411721239
2007-07-27,1.306844227990905
2007-07-30,1.313607336518018
2007-07-31,1.3136759584788562
2007-08-01,1.3135794759721942
2007-08-02,1.3151117914543555
2007-08-03,1.3182678095494766
2007-08-06,1.3214737694092082
2007-08-07,1.3233183713380159
2007-08-08,1.3287387887167095
2007-08-09,1.3150070696802727
2007-08-10,1.3124660453680013
2007-08-13,1.3137799227721876
2007-08-14,1.3167130429463234
2007-08-15,1.317345959869488
2007-08-16,1.3165443343969232
2007-08-17,1.32324162161883
2007-08-20,1.3227784312605497
2007-08-21,1.327096363218535
2007-08-22,1.333567283858678
2007-08-23,1.3347774753326138
2007-08-24,1.3404917436925714
2007-08-27,1.339135939738706
2007-08-28,1.3414748059887438
2007-08-29,1.3486019585466014
2007-08-30,1.347773354124239
2007-08-31,1.355238027743963
2007-09-04,1.3605152395269213
2007-09-05,1.3599613630009537
2007-09-06,1.3652778952465752
2007-09-07,1.3682315981782687
2007-09-10,1.3700158171799175
2007-09-11,1.376062169131357
2007-09-12,1.3752827221374393
2007-09-13,1.3734489521576443
2007-09-14,1.372823294021423
2007-09-17,1.3733413215818795
2007-09-18,1.3871335985796287
2007-09-19,1.3883784590528552
2007-09-20,1.3852061054415108
2007-09-21,1.3874903190850827
2007-09-24,1.3874098777244206
2007-09-25,1.3880928043688043
2007-09-26,1.3878418106011905
2007-09-27,1.3946458733739386
2007-09-28,1.3982438400967243
2007-10-01,1.400510025773072
2007-10-02,1.3980965803376586
2007-10-03,1.396032698734227
2007-10-04,1.399529390810097
2007-10-05,1.3979953899302238
2007-10-08,1.3991838056437305
2007-10-09,1.403035253944997
2007-10-10,1.4043323554584548
2007-10-11,1.406592510311557
2007-10-12,1.4090677504911824
2007-10-15,1.4081079781108854
2007-10-16,1.4051904032858875
2007-10-17,1.4083208498249908
2007-10-18,1.4152149970516572
2007-10-19,1.409078560131377
2007-10-22,1.406162860106468
2007-10-23,1.4120604884899954
2007-10-24,1.415700077097274
2007-10-25,1.4165908512137166
2007-10-26,1.4267789937369804
2007-10-29,1.430091188366945
2007-10-30,1.4259182309619243
2007-10-31,1.4322252591041496
2007-11-01,1.4233411675458254
2007-11-02,1.4310022182760864
2007-11-05,1.42539741392791
2007-11-06,1.4348344227687673
2007-11-07,1.4280436337776736
2007-11-08,1.4293481797674357
2007-11-09,1.4281729071525164
2007-11-12,1.4103253949081307
2007-11-13,1.4239871799095127
2007-11-14,1.4257323168586988
2007-11-15,1.4197659068425659
2007-11-16,1.4192158942116022
2007-11-19,1.4200448767150504
2007-11-20,1.4290500589089672
2007-11-21,1.4376747675673187
2007-11-23,1.4433616412382195
2007-11-26,1.4490888192894666
2007-11-27,1.4446825665617187
2007-11-28,1.4473919081485276
2007-11-29,1.444449794512911
2007-11-30,1.4469943562734175
2007-12-03,1.4517077002540006
2007-12-04,1.449832007349017
2007-12-05,1.45232515507809
2007-12-06,1.4583270613747963
2007-12-07,1.4507533015022165
2007-12-10,1.456464332204617
2007-12-11,1.4462522023924318
2007-12-12,1.4558017601022872
2007-12-13,1.443035230914144
2007-12-14,1.4338670667200333
2007-12-17,1.4342748215800218
2007-12-18,1.4442626913165144
2007-12-19,1.4466643954585088
2007-12-20,1.443657811701009
2007-12-21,1.4494781025851453
2007-12-24,1.4522739257215806
2007-12-26,1.4541027352728646
2007-12-27,1.4547989676438144
2007-12-28,1.4662501492932207
2007-12-31,1.4635160076948466
2008-01-02,1.4774156106686418
2008-01-03,1.4824187814528853
2008-01-04,1.4835519074658554
2008-01-07,1.4839772844816073
2008-01-08,1.493369942213511
2008-01-09,1.4897915168004592
2008-01-10,1.4924633293740255
2008-01-11,1.498746654483874
2008-01-14,1.5026012313897734
2008-01-15,1.5024371800721132
2008-01-16,1.4948063725102942
2008-01-17,1.5016410072035058
2008-01-18,1.5042874832952244
2008-01-22,1.508525743137442
2008-01-23,1.5039556298674785
2008-01-24,1.5075479564312695
2008-01-25,1.5103724083087198
2008-01-28,1.5171268310897459
2008-01-29,1.5114883138597237
2008-01-30,1.5161321632201576
2008-01-31,1.5196002148770915
2008-02-01,1.512067589382056
2008-02-04,1.5105819352759158
2008-02-05,1.510031806036092
2008-02-06,1.5130489184297162
2008-02-07,1.504890030559223
2008-02-08,1.514379498608319
2008-02-11,1.518083228163804
2008-02-12,1.5107712332550232
2008-02-13,1.5040117756527698
2008-02-14,1.5012745295768999
2008-02-15,1.4986888355299157
2008-02-19,1.5017678094441684
2008-02-20,1.505813072347666
2008-02-21,1.5155999341722113
2008-02-22,1.5098159458260092
2008-02-25,1.5033742584734326
2008-02-26,1.5124489194341613
2008-02-27,1.5186061873053005
2008-02-28,1.5299261319992383
2008-02-29,1.5351281689484622
2008-03-03,1.5386613260259718
2008-03-04,1.526358566123204
2008-03-05,1.5276071656012646
2008-03-06,1.5216886319525422
2008-03-07,1.5239699227973942
2008-03-10,1.5295766259063435
2008-03-11,1.52273162299304
2008-03-12,1.5384616017737345
2008-03-13,1.5384938203065663
2008-03-14,1.5448065147816443
2008-03-17,1.5515728027513926
2008-03-18,1.538718066952506
2008-03-19,1.5293676326034156
2008-03-20,1.5220600522734284
2008-03-24,1.5139535151779515
2008-03-25,1.5258348783306355
2008-03-26,1.5261269373872768
2008-03-27,1.5254147074894713
2008-03-28,1.5228615654143198
2008-03-31,1.515848554733399
2008-04-01,1.495083917387207
2008-04-02,1.5042507111609125
2008-04-03,1.5085388922847092
2008-04-04,1.5175171602138542
2008-04-07,1.5206105421189262
2008-04-08,1.5176672271789384
2008-04-09,1.5297157113046629
2008-04-10,1.5241657984979473
2008-04-11,1.5251473784434975
2008-04-14,1.5230767882634602
2008-04-15,1.5185308227736967
2008-04-16,1.5197090362665473
2008-04-17,1.517069197315109
2008-04-18,1.5136678613425913
2008-04-21,1.5125201401726485
2008-04-22,1.514353668790579
2008-04-23,1.5095256709723293
2008-04-24,1.4980398513058153
2008-04-25,1.4970469088108966
2008-04-28,1.501456251959426
2008-04-29,1.4966107110383842
2008-04-30,1.5068501142151802
2008-05-01,1.4989464033382367
2008-05-02,1.4998771191893898
2008-05-05,1.5056928982976194
2008-05-06,1.505652675310095
2008-05-07,1.5063410921519058
2008-05-08,1.5152855424261151
2008-05-09,1.5163799046359399
2008-05-12,1.5163026067155072
2008-05-13,1.5052948440208507
2008-05-14,1.5062166475019978
2008-05-15,1.521935391116191
2008-05-16,1.527698971291448
2008-05-19,1.5294633677977199
2008-05-20,1.5305472017160016
2008-05-21,1.5286870715981768
2008-05-22,1.5233614720181277
2008-05-23,1.524715349537635
2008-05-27,1.5137337693043098
2008-05-28,1.508491374653518
2008-05-29,1.4983045555880745
2008-05-30,1.5058928500541835
2008-06-02,1.5120845814038983
2008-06-03,1.5109169062387382
2008-06-04,1.5057969879025581
2008-06-05,1.5063770637706386
2008-06-06,1.5215533519078057
2008-06-09,1.5120513694018016
2008-06-10,1.4982117382015618
2008-06-11,1.5042224551122525
2008-06-12,1.4796764517297527
2008-06-13,1.4836522759954076
2008-06-16,1.50404969066511
2008-06-17,1.5090202911681743
2008-06-18,1.5173952580126133
2008-06-19,1.5198016287977818
2008-06-20,1.5252142414380223
2008-06-23,1.517700400516736
2008-06-24,1.5214012766098741
2008-06-25,1.5218599256332233
2008-06-26,1.5339688294146225
2008-06-27,1.539669395311831
2008-06-30,1.5400770139084694
2008-07-01,1.539590138930546
2008-07-02,1.5396259330478883
2008-07-03,1.5366406209166488
2008-07-07,1.5385241971368435
2008-07-08,1.542286812348418
2008-07-09,1.5491804817045747
2008-07-10,1.556703110957553
2008-07-11,1.5543810933413669
2008-07-14,1.5585182649795988
2008-07-15,1.5642391652185705
2008-07-16,1.5492655402341415
2008-07-17,1.5456564730885085
2008-07-18,1.5448361850432706
2008-07-21,1.5604207817941063
2008-07-22,1.5266268918327637
2008-07-23,1.4857790753792626
2008-07-24,1.4965225431676035
2008-07-25,1.5024214703344045
2008-07-28,1.507988940000253
2008-07-29,1.5026351235509419
2008-07-30,1.500256620266862
2008-07-31,1.508276855215805
2008-08-01,1.5050708821594583
2008-08-04,1.4965574768973346
2008-08-05,1.4965574768973346
2008-08-06,1.4965574768973346
2008-08-07,1.504392431088469
2008-08-08,1.5021318560483161
2008-08-11,1.5021318560483161
2008-08-12,1.5084763481922472
2008-08-13,1.5059080780269243
2008-08-14,1.5095336825724546
2008-08-15,1.5139144149066615
2008-08-18,1.5164829765895966
2008-08-19,1.5152729841530246
2008-08-20,1.5176910255754195
2008-08-21,1.517991968923963
2008-08-22,1.5163316789487566
2008-08-25,1.5210138404941942
2008-08-26,1.5192015726703854
2008-08-27,1.5210138404941944
2008-08-28,1.5223742560187696
2008-08-29,1.5219211404765485
2008-09-02,1.526985190094242
2008-09-03,1.5266820117773365
2008-09-04,1.5322919767105345
2008-09-05,1.5277436217491926
2008-09-08,1.5372980143233586
2008-09-09,1.544122247284777
2008-09-10,1.5430608316579961
2008-09-11,1.541089395217812
2008-09-12,1.5348706443373665
2008-09-15,1.5409381947495089
2008-09-16,1.5253176121787249
2008-09-17,1.529108701555566
2008-09-18,1.524862650358292
2008-09-19,1.531687369182398
2008-09-22,1.588693588252864
2008-09-23,1.5733731413938863
2008-09-24,1.5733731413938863
2008-09-25,1.5733731413938863
2008-09-26,1.5733731413938863
2008-09-29,1.6265816342022352
2008-09-30,1.6265816342022352
2008-10-01,1.6265816342022352
2008-10-02,1.6265816342022352
2008-10-03,1.6265816342022352
2008-10-06,1.6265816342022352
2008-10-07,1.6265816342022352
2008-10-08,1.6666544327587052
2008-10-09,1.6756009742366078
2008-10-10,1.6756009742366078
2008-10-13,1.6756009742366078
2008-10-14,1.6756009742366078
2008-10-15,1.6756009742366078
2008-10-16,1.6756009742366078
2008-10-17,1.6756009742366078
2008-10-20,1.6756009742366078
2008-10-21,1.6756009742366078
2008-10-22,1.6756009742366078
2008-10-23,1.6756009742366078
2008-10-24,1.6756009742366078
2008-10-27,1.6756009742366078
2008-10-28,1.6756009742366078
2008-10-29,1.6756009742366078
2008-10-30,1.6756009742366078
2008-10-31,1.6756009742366078
2008-11-03,1.6756009742366078
2008-11-04,1.6756009742366078
2008-11-05,1.6756009742366078
2008-11-06,1.6756009742366078
2008-11-07,1.6756009742366078
2008-11-10,1.6756009742366078
2008-11-11,1.6756009742366078
2008-11-12,1.6756009742366078
2008-11-13,1.6756009742366078
2008-11-14,1.6756009742366078
2008-11-17,1.6756009742366078
2008-11-18,1.6756009742366078
2008-11-19,1.6756009742366078
2008-11-20,1.6756009742366078
2008-11-21,1.6756009742366078
2008-11-24,1.6756009742366078
2008-11-25,1.7173989878905462
2008-11-26,1.7108084333802012
2008-11-28,1.7075130458929668
2008-12-01,1.7315994127866157
2008-12-02,1.7333405282026004
2008-12-03,1.7335142539319828
2008-12-04,1.739261863865814
2008-12-05,1.7296828079282598
2008-12-08,1.7274200743958812
2008-12-09,1.7436153689141773
2008-12-10,1.7404810304692193
2008-12-11,1.7495363738812053
2008-12-12,1.7500593147823404
2008-12-15,1.7542398657257545
2008-12-16,1.7612041069255704
2008-12-17,1.7742398046654675
2008-12-18,1.7854074454378757
2008-12-19,1.7796481624307112
2008-12-22,1.7892471883587626
2008-12-23,1.8066974624046936
2008-12-24,1.8152480204711414
2008-12-26,1.8272685705058833
2008-12-29,1.8420099732943163
2008-12-30,1.8391360055328325
2008-12-31,1.8445493524858607
2009-01-02,1.8348970159779447
2009-01-05,1.8641330848207764
2009-01-06,1.8622323199506372
2009-01-07,1.8451444854975283
2009-01-08,1.8465117564160247
2009-01-09,1.840229206862477
2009-01-12,1.8499218045770724
2009-01-13,1.8529746581183288
2009-01-14,1.850460596715134
2009-01-15,1.8502802445663773
2009-01-16,1.8597961130253486
2009-01-20,1.8628824633018226
2009-01-21,1.8535418111417314
2009-01-22,1.8500125594170267
2009-01-23,1.8697364074966125
2009-01-26,1.8705158970201332
2009-01-27,1.8747859934932334
2009-01-28,1.8708177593938846
2009-01-29,1.8686566443597805
2009-01-30,1.8866671192131594
2009-02-02,1.8724291724278517
2009-02-03,1.8642504446082597
2009-02-04,1.865689964866867
2009-02-05,1.8656330301296342
2009-02-06,1.866982184535243
2009-02-09,1.8611214304081816
2009-02-10,1.8789721262048997
2009-02-11,1.8884798694703222
2009-02-12,1.9003299302653704
2009-02-13,1.8929927006595604
2009-02-17,1.9077099142406702
2009-02-18,1.9112678795401812
2009-02-19,1.9038527554273406
2009-02-20,1.9054259492356327
2009-02-23,1.912540882852861
2009-02-24,1.8953577249561548
2009-02-25,1.887304554847903
2009-02-26,1.8791210726027996
2009-02-27,1.8774247075239032
2009-03-02,1.8748823074062682
2009-03-03,1.869017481902036
2009-03-04,1.8574550573431148
2009-03-05,1.8758422275496474
2009-03-06,1.881112013183987
2009-03-09,1.8634704727836773
2009-03-10,1.8563234312951797
2009-03-11,1.8646972382540408
2009-03-12,1.8743955067527713
2009-03-13,1.8767365409117767
2009-03-16,1.8699979913201334
2009-03-17,1.8622462211796709
2009-03-18,1.8989929098130385
2009-03-19,1.9083557723463507
2009-03-20,1.8966309322010326
2009-03-23,1.8897933189731209
2009-03-24,1.874683251372533
2009-03-25,1.8728904364144021
2009-03-26,1.8755811933307573
2009-03-27,1.8712636264482647
2009-03-30,1.8749554983820116
2009-03-31,1.8838734797754977
2009-04-01,1.8865575993000192
2009-04-02,1.872435878721349
2009-04-03,1.8624534702262598
2009-04-06,1.8524632444195233
2009-04-07,1.8561812674679412
2009-04-08,1.8606059930149983
2009-04-09,1.8571160777984708
2009-04-13,1.8745573518184377
2009-04-14,1.872105490356799
2009-04-15,1.8768138660701719
2009-04-16,1.8668954322324824
2009-04-17,1.8560711566211372
2009-04-20,1.872124459097153
2009-04-21,1.8671240169779062
2009-04-22,1.8732770413581055
2009-04-23,1.8815676135392072
2009-04-24,1.8872181448933356
2009-04-27,1.8864883485771828
2009-04-28,1.8806169703029698
2009-04-29,1.876906541264066
2009-04-30,1.8794775592945958
2009-05-01,1.8722989871197386
2009-05-04,1.8810154060827675
2009-05-05,1.8824303355573893
2009-05-06,1.8914625694643978
2009-05-07,1.8843579137963806
2009-05-08,1.8975669487828604
2009-05-11,1.8973237458424226
2009-05-12,1.910075314267061
2009-05-13,1.9131267047096916
2009-05-14,1.913739452403582
2009-05-15,1.91948907950267
2009-05-18,1.9181978550157623
2009-05-19,1.9236310901957496
2009-05-20,1.934309965748633
2009-05-21,1.935204062002431
2009-05-22,1.9340037510392967
2009-05-26,1.9333756205845194
2009-05-27,1.920768639979675
2009-05-28,1.9266736057181866
2009-05-29,1.9539646907027284
2009-06-01,1.9477433643167272
2009-06-02,1.9599816594222743
2009-06-03,1.9460031592626508
2009-06-04,1.9474416551521585
2009-06-05,1.9289751918772073
2009-06-08,1.9239610207645563
2009-06-09,1.9338558384806082
2009-06-10,1.9307423404657333
2009-06-11,1.9387197027301306
2009-06-12,1.9372364580991623
2009-06-15,1.924058771607225
2009-06-16,1.9234741479053035
2009-06-17,1.9277075089516091
2009-06-18,1.9192546062341616
2009-06-19,1.928714044630695
2009-06-22,1.9100098692168979
2009-06-23,1.9180051680132268
2009-06-24,1.9197474391729032
2009-06-25,1.9385836436436812
2009-06-26,1.9405485487241436
2009-06-29,1.9430394464966465
2009-06-30,1.9348463432216296
2009-07-01,1.944319265392607
2009-07-02,1.9281021613261249
2009-07-06,1.9254542243277284
2009-07-07,1.918087433527182
2009-07-08,1.9165834757107383
2009-07-09,1.9178843386723965
2009-07-10,1.9185141811155115
2009-07-13,1.9311738351372771
2009-07-14,1.9334699750076965
2009-07-15,1.9481939868510172
2009-07-16,1.9518471369764971
2009-07-17,1.9539494372790671
2009-07-20,1.968442945716473
2009-07-21,1.9778439303518167
2009-07-22,1.9761898658093702
2009-07-23,1.9831841879689753
2009-07-24,1.98648821926692
2009-07-27,1.985804011199605
2009-07-28,1.978128640190997
2009-07-29,1.9732755311928727
2009-07-30,1.9842317305984558
2009-07-31,2.0013886427438243
2009-08-03,2.0122422854692
2009-08-04,2.013102442914375
2009-08-05,2.01069447273312
2009-08-06,2.007169263325739
2009-08-07,2.001178993780796
2009-08-10,2.0031670318148884
2009-08-11,2.0004216080282355
2009-08-12,2.0072094380737573
2009-08-13,2.0199368792192693
2009-08-14,2.0135244503440175
2009-08-17,1.9942864917997658
2009-08-18,2.0003134001649565
2009-08-19,2.009597907582303
2009-08-20,2.015378205972892
2009-08-21,2.0283094476145536
2009-08-24,2.0264299579021308
2009-08-25,2.0332803886135298
2009-08-26,2.0338951477802243
2009-08-27,2.037400585069861
2009-08-28,2.0396789969938345
2009-08-31,2.0375357161276675
2009-09-01,2.0251019839768696
2009-09-02,2.039559860193123
2009-09-03,2.047244597020138
2009-09-04,2.0533933589829054
2009-09-08,2.0588982688280106
2009-09-09,2.0648828008302536
2009-09-10,2.0784474035683815
2009-09-11,2.0824974130621348
2009-09-14,2.079547690207381
2009-09-15,2.082971467170414
2009-09-16,2.0975524259715583
2009-09-17,2.098320818484017
2009-09-18,2.0937857507665703
2009-09-21,2.0880381516160065
2009-09-22,2.0980817164174885
2009-09-23,2.092600510677266
2009-09-24,2.081534665932525
2009-09-25,2.0798600427498144
2009-09-28,2.0892819796592486
2009-09-29,2.087647819512808
2009-09-30,2.094143012363717
2009-10-01,2.0771923868700632
2009-10-02,2.0725274888623977
2009-10-05,2.0874527617252374
2009-10-06,2.104205677150577
2009-10-07,2.110967066066871
2009-10-08,2.121269004659996
2009-10-09,2.111828313769058
2009-10-12,2.119985978910968
2009-10-13,2.123928732525683
2009-10-14,2.1338431239340965
2009-10-15,2.1299572557185087
2009-10-16,2.124256554437204
2009-10-19,2.137380743762428
2009-10-20,2.134153572662114
2009-10-21,2.1305094562236837
2009-10-22,2.1353692703378924
2009-10-23,2.1242980864387087
2009-10-26,2.1077740677193435
2009-10-27,2.108710701101715
2009-10-28,2.093682403977948
2009-10-29,2.112777531353534
2009-10-30,2.0990105925506217
2009-11-02,2.1067251402488774
2009-11-03,2.113565048011209
2009-11-04,2.116630780239466
2009-11-05,2.1279768486482413
2009-11-06,2.131927521184104
2009-11-09,2.1493193240500172
2009-11-10,2.149125533521801
2009-11-11,2.155631160533158
2009-11-12,2.1474963240414384
2009-11-13,2.158409064907938
2009-11-16,2.1752133034994556
2009-11-17,2.1761049628550704
2009-11-18,2.173201026009479
2009-11-19,2.166622522797265
2009-11-20,2.16668862621727
2009-11-23,2.1779341792364852
2009-11-24,2.1826559271148653
2009-11-25,2.19323957951165
2009-11-27,2.1787996353004337
2009-11-30,2.184351349725944
2009-12-01,2.1950355458291764
2009-12-02,2.1974064040722254
2009-12-03,2.1935716803941094
2009-12-04,2.1787709109587876
2009-12-07,2.177036532596134
2009-12-08,2.167048148435022
2009-12-09,2.166078519755963
2009-12-10,2.1671567016141458
2009-12-11,2.1614038837788625
2009-12-14,2.1682560872983565
2009-12-15,2.160634465257474
2009-12-16,2.1692557477032293
2009-12-17,2.1536341442327385
2009-12-18,2.1591761634354825
2009-12-21,2.1522687377739493
2009-12-22,2.1488148176642983
2009-12-23,2.152710407749847
2009-12-24,2.15643435624857
2009-12-28,2.1497734952941725
2009-12-29,2.1489431125132628
2009-12-30,2.1501740576902972
2009-12-31,2.1446501228704555
2010-01-04,2.163290552182498
2010-01-05,2.17042014505816
2010-01-06,2.174877592398302
2010-01-07,2.172240177474385
2010-01-08,2.17692902944281
2010-01-11,2.1810523366258905
2010-01-12,2.180070367039675
2010-01-13,2.1809548695160625
2010-01-14,2.188269611471497
2010-01-15,2.181044267306002
2010-01-19,2.1865284529979085
2010-01-20,2.175328364345228
2010-01-21,2.1612229203980866
2010-01-22,2.1501260127094315
2010-01-25,2.1549498336495785
2010-01-26,2.154369458118673
2010-01-27,2.1523309943922886
2010-01-28,2.143608249087354
2010-01-29,2.138834532178071
2010-02-01,2.1511258589569078
2010-02-02,2.161971663671151
2010-02-03,2.154589006571393
2010-02-04,2.1299745580230414
2010-02-05,2.131386083279678
2010-02-08,2.1304349918909433
2010-02-09,2.14143956102335
2010-02-10,2.1356732113083123
2010-02-11,2.142740234895981
2010-02-12,2.140717723102349
2010-02-16,2.1590940494117934
2010-02-17,2.1558093537984884
2010-02-18,2.159787633083965
2010-02-19,2.159196564727788
2010-02-22,2.1564481072264097
2010-02-23,2.1520539909657272
2010-02-24,2.156815827362476
2010-02-25,2.1597771184810544
2010-02-26,2.163905336274981
2010-03-01,2.171126064832071
2010-03-02,2.177504907926547
2010-03-03,2.1817968025331735
2010-03-04,2.1831789612233794
2010-03-05,2.1896310307126425
2010-03-08,2.1886427508110473
2010-03-09,2.1898921467756978
2010-03-10,2.188668781424242
2010-03-11,2.191197833815693
2010-03-12,2.1914711831471294
2010-03-15,2.192592470688252
2010-03-16,2.205038383884139
2010-03-17,2.2075514742354807
2010-03-18,2.206531570277172
2010-03-19,2.19674372754929
2010-03-22,2.1989685101953964
2010-03-23,2.204291293148959
2010-03-24,2.1873574892502514
2010-03-25,2.184234205235056
2010-03-26,2.192536572719406
2010-03-29,2.1950430863316535
2010-03-30,2.1941066798282414
2010-03-31,2.1960112740113935
2010-04-01,2.204406268865555
2010-04-05,2.1995014021068884
2010-04-06,2.201713295112402
2010-04-07,2.2075547826980384
2010-04-08,2.2074638562777658
2010-04-09,2.2163714562403
2010-04-12,2.2194984932974404
2010-04-13,2.2212194985411142
2010-04-14,2.22663091903224
2010-04-15,2.230739627067258
2010-04-16,2.21803101214999
2010-04-19,2.2157652746624157
2010-04-20,2.2229801279434223
2010-04-21,2.2252207328177036
2010-04-22,2.2203213138641757
2010-04-23,2.2254383646210405
2010-04-26,2.223299458151946
2010-04-27,2.2144290567920994
2010-04-28,2.2141241270598546
2010-04-29,2.2221301153099526
2010-04-30,2.22217995637746
2010-05-03,2.2262419976445895
2010-05-04,2.2204764432118607
2010-05-05,2.217680104022573
2010-05-06,2.216884098063615
2010-05-07,2.204349229045619
2010-05-10,2.21737970851126
2010-05-11,2.2312415742885494
2010-05-12,2.2359349289270005
2010-05-13,2.2320212591877038
2010-05-14,2.2318291220515354
2010-05-17,2.2279239274844103
2010-05-18,2.2296590850539895
2010-05-19,2.220528821328158
2010-05-20,2.216420403906947
2010-05-21,2.222288230987942
2010-05-24,2.2266173753024243
2010-05-25,2.2305815205583843
2010-05-26,2.232094930540705
2010-05-27,2.2382917615995086
2010-05-28,2.2408419576724343
2010-06-01,2.2472948248204
2010-06-02,2.2521497994424653
2010-06-03,2.246957739596143
2010-06-04,2.2557562379344964
2010-06-07,2.2688057621404254
2010-06-08,2.265100430598345
2010-06-09,2.2647339927276584
2010-06-10,2.2539133354173044
2010-06-11,2.258434756234433
2010-06-14,2.2597170849512698
2010-06-15,2.2694635931376363
2010-06-16,2.269907627393769
2010-06-17,2.2789687598934787
2010-06-18,2.279348596260987
2010-06-21,2.2751026196515225
2010-06-22,2.2804680670760544
2010-06-23,2.2836454117163165
2010-06-24,2.2831852693924195
2010-06-25,2.290608428259351
2010-06-28,2.2887660247851516
2010-06-29,2.295023542121159
2010-06-30,2.296450765286823
2010-07-01,2.2813775167048473
2010-07-02,2.2827217890484173
2010-07-06,2.2832749224226765
2010-07-07,2.2841533503912363
2010-07-08,2.282340446005852
2010-07-09,2.282620005276224
2010-07-12,2.28200567633655
2010-07-13,2.27988118019855
2010-07-14,2.2862737141416387
2010-07-15,2.2888055525543383
2010-07-16,2.2903334898718506
2010-07-19,2.2857819275778346
2010-07-20,2.2869951781277615
2010-07-21,2.2932407494781777
2010-07-22,2.294430785773081
2010-07-23,2.2887114735559893
2010-07-26,2.289066598385017
2010-07-27,2.2829516295273073
2010-07-28,2.2856111934088705
2010-07-29,2.2889086092844093
2010-07-30,2.2955938356298837
2010-08-02,2.3029692121183496
2010-08-03,2.303995410285972
2010-08-04,2.304175156257289
2010-08-05,2.306467482629524
2010-08-06,2.311463005441141
2010-08-09,2.3116574414812927
2010-08-10,2.312881899116168
2010-08-11,2.3136271976972367
2010-08-12,2.3145255774671485
2010-08-13,2.31906222533145
2010-08-16,2.3284937783260204
2010-08-17,2.3261733997101732
2010-08-18,2.3252913128725066
2010-08-19,2.3321945887673374
2010-08-20,2.3282341087614298
2010-08-23,2.32968583072746
2010-08-24,2.339228862462108
2010-08-25,2.3376175154797645
2010-08-26,2.338978418171499
2010-08-27,2.3281984782680194
2010-08-30,2.340960682635164
2010-08-31,2.346423649134793
2010-09-01,2.3409630857021777
2010-09-02,2.3405939142814125
2010-09-03,2.337355353742046
2010-09-07,2.3457958920472324
2010-09-08,2.344420832403487
2010-09-09,2.334740806319994
2010-09-10,2.3341179213093945
2010-09-13,2.3441844854364122
2010-09-14,2.3581501449286693
2010-09-15,2.356285571124033
2010-09-16,2.3547543192766796
2010-09-17,2.3554040152304117
2010-09-20,2.365098521560148
2010-09-21,2.3742577259932593
2010-09-22,2.3735177991776224
2010-09-23,2.3706758137109034
2010-09-24,2.3791273309967704
2010-09-27,2.3815815076677094
2010-09-28,2.3914728190352936
2010-09-29,2.389945983892576
2010-09-30,2.386740389872281
2010-10-01,2.3926449215172303
2010-10-04,2.387558755971834
2010-10-05,2.4099248681420313
2010-10-06,2.4163149720451496
2010-10-07,2.4104686132232973
2010-10-08,2.4211770493933478
2010-10-11,2.422656161913843
2010-10-12,2.420491390448527
2010-10-13,2.433180323613947
2010-10-14,2.430853220501952
2010-10-15,2.4240480543774976
2010-10-18,2.433173415181866
2010-10-19,2.409579893902069
2010-10-20,2.4230964199127887
2010-10-21,2.414127220353551
2010-10-22,2.4168944991768595
2010-10-25,2.422602169649334
2010-10-26,2.417884041965777
2010-10-27,2.407340470641721
2010-10-28,2.4183600296226646
2010-10-29,2.425810125584478
2010-11-01,2.422239055913484
2010-11-02,2.4335558118369
2010-11-03,2.433662483100156
2010-11-04,2.466914483032701
2010-11-05,2.464127204911035
2010-11-08,2.464829593681586
2010-11-09,2.446250937636535
2010-11-10,2.4520031290259854
2010-11-11,2.4489572356852904
2010-11-12,2.425783853451083
2010-11-15,2.4141886199202713
2010-11-16,2.4001814327004367
2010-11-17,2.4008976898221555
2010-11-18,2.418272282518068
2010-11-19,2.421208655475745
2010-11-22,2.424333414509235
2010-11-23,2.4135191356310206
2010-11-24,2.415933915219687
2010-11-26,2.4072704861140326
2010-11-29,2.407921613958067
2010-11-30,2.406053436437269
2010-12-01,2.4151938996858306
2010-12-02,2.422464699313989
2010-12-03,2.4358099135426348
2010-12-06,2.44181206477672
2010-12-07,2.425067259484626
2010-12-08,2.4168540770695204
2010-12-09,2.4231574699840785
2010-12-10,2.4238354569060956
2010-12-13,2.429651060818177
2010-12-14,2.4322921833455426
2010-12-15,2.410764091685834
2010-12-16,2.415510325033413
2010-12-17,2.422721365186152
2010-12-20,2.4276061600370022
2010-12-21,2.436182497230494
2010-12-22,2.436089438759637
2010-12-23,2.431791073603367
2010-12-27,2.436016299710426
2010-12-28,2.4496062641410496
2010-12-29,2.463159960361926
2010-12-30,2.4581521036445224
2010-12-31,2.469545392964457
2011-01-03,2.4747388334682383
2011-01-04,2.465784659774587
2011-01-05,2.460084514220608
2011-01-06,2.4540255552506105
2011-01-07,2.4550550758417757
2011-01-10,2.4584269624432817
2011-01-11,2.462175173967982
2011-01-12,2.4758189359387526
2011-01-13,2.476878366263993
2011-01-14,2.476787466275105
2011-01-18,2.4811405477151576
2011-01-19,2.474366676405842
2011-01-20,2.459298174395358
2011-01-21,2.4657685561667804
2011-01-24,2.47005549570155
2011-01-25,2.4727745462992625
2011-01-26,2.475995291848441
2011-01-27,2.4713237017213516
2011-01-28,2.462071271987122
2011-01-31,2.465630602200843
2011-02-01,2.4822095151572467
2011-02-02,2.4776403990409124
2011-02-03,2.4900359736132716
2011-02-04,2.489788679127543
2011-02-07,2.498673270619071
2011-02-08,2.5163514094171253
2011-02-09,2.5115000808468557
2011-02-10,2.5062213286027473
2011-02-11,2.509739247272665
2011-02-14,2.517279767961576
2011-02-15,2.5177582333819353
2011-02-16,2.5335445636457883
2011-02-17,2.5444670594614225
2011-02-18,2.551187684547095
2011-02-22,2.5131808684278156
2011-02-23,2.514327153135577
2011-02-24,2.5086548715271317
2011-02-25,2.5248539299105093
2011-02-28,2.5348389844774863
2011-03-01,2.5251261352354066
2011-03-02,2.5262485243216797
2011-03-03,2.5444545112111503
2011-03-04,2.5365186807813593
2011-03-07,2.5232701179435435
2011-03-08,2.5323562376599593
2011-03-09,2.534893027176865
2011-03-10,2.5159053484283485
2011-03-11,2.520788084647249
2011-03-14,2.5140388925446637
2011-03-15,2.494408138340815
2011-03-16,2.47886062385379
2011-03-17,2.496407953084365
2011-03-18,2.5056368200623895
2011-03-21,2.518768623676604
2011-03-22,2.5162911149953295
2011-03-23,2.5208650221065674
2011-03-24,2.521929562002414
2011-03-25,2.5179218763090847
2011-03-28,2.510592094111754
2011-03-29,2.518332862389292
2011-03-30,2.535727349623579
2011-03-31,2.5391288912263725
2011-04-01,2.5447094843270035
2011-04-04,2.549598149484564
2011-04-05,2.5629191428053453
2011-04-06,2.5735550002252334
2011-04-07,2.56872862662463
2011-04-08,2.5784069848141136
2011-04-11,2.5675028476722397
2011-04-12,2.5473289813267663
2011-04-13,2.550454749804615
2011-04-14,2.5667610834366474
2011-04-15,2.57658386599686
2011-04-18,2.5716347159889814
2011-04-19,2.578823528580994
2011-04-20,2.5901924026583756
2011-04-21,2.5954781759516523
2011-04-25,2.596327620510997
2011-04-26,2.605690522534943
2011-04-27,2.6187156112894567
2011-04-28,2.6271415586048974
2011-04-29,2.63548673675521
2011-05-02,2.6319687549871644
2011-05-03,2.6274862293723102
2011-05-04,2.6201132178784428
2011-05-05,2.6041599514356415
2011-05-06,2.610236442964118
2011-05-09,2.6202388849502785
2011-05-10,2.62395412777118
2011-05-11,2.615172036221489
2011-05-12,2.61527224845048
2011-05-13,2.609230529666093
2011-05-16,2.6094922899772883
2011-05-17,2.6103866363601225
2011-05-18,2.614392104576976
2011-05-19,2.61553334611902
2011-05-20,2.6148123918754242
2011-05-23,2.6070747198657234
2011-05-24,2.6104077064162587
2011-05-25,2.6127939055089984
2011-05-26,2.6195120960262073
2011-05-27,2.627504331649916
2011-05-31,2.6364874955554054
2011-06-01,2.6308016582446783
2011-06-02,2.6238214593348643
2011-06-03,2.623976126460015
2011-06-06,2.617938711261427
2011-06-07,2.6230805332064855
2011-06-08,2.618552949915747
2011-06-09,2.623081784384376
2011-06-10,2.609011752483111
2011-06-13,2.604128327104981
2011-06-14,2.611252326173359
2011-06-15,2.6091636977413946
2011-06-16,2.610896491192132
2011-06-17,2.6182494300787242
2011-06-20,2.6180412122278756
2011-06-21,2.6318423519881518
2011-06-22,2.6266828675644227
2011-06-23,2.6227457374677288
2011-06-24,2.610839719175666
2011-06-27,2.612100246337609
2011-06-28,2.6145225941989554
2011-06-29,2.6195729303443605
2011-06-30,2.623748458146119
2011-07-01,2.6299531782971317
2011-07-05,2.6412481009060933
2011-07-06,2.6441144312774782
2011-07-07,2.6460066616389404
2011-07-08,2.6514294409483723
2011-07-11,2.6444977881535023
2011-07-12,2.647394271525647
2011-07-13,2.658869133393057
2011-07-14,2.6509501386510004
2011-07-15,2.6578809174503526
2011-07-18,2.655357841914426
2011-07-19,2.6643754971760045
2011-07-20,2.667729122105529
2011-07-21,2.6729220606641935
2011-07-22,2.680064656534031
2011-07-25,2.674474210685381
2011-07-26,2.679510114773957
2011-07-27,2.6614775372449397
2011-07-28,2.6634046726005143
2011-07-29,2.6738506089686425
2011-08-01,2.6747037274599172
2011-08-02,2.6982598533667566
2011-08-03,2.7002704465123673
2011-08-04,2.708159099054716
2011-08-05,2.6988035158062824
2011-08-08,2.7219709119614866
2011-08-09,2.7398501806920708
2011-08-10,2.7794238537337237
2011-08-11,2.738952750010093
2011-08-12,2.7450522759697877
2011-08-15,2.7555058533792556
2011-08-16,2.7681682395160463
2011-08-17,2.773546623947921
2011-08-18,2.789413006558518
2011-08-19,2.7987879915935236
2011-08-22,2.8133382933170434
2011-08-23,2.783676738047581
2011-08-24,2.7510368145794684
2011-08-25,2.7577984438419647
2011-08-26,2.777636378278361
2011-08-29,2.764103145340976
2011-08-30,2.787119390781105
2011-08-31,2.7809788996822413
2011-09-01,2.788687525075553
2011-09-02,2.8115164132310175
2011-09-06,2.81658124985352
2011-09-07,2.794393871115059
2011-09-08,2.8085758546386423
2011-09-09,2.8086820702918085
2011-09-12,2.7929983979357047
2011-09-13,2.7989854272353383
2011-09-14,2.795778775989309
2011-09-15,2.7813806906142275
2011-09-16,2.7892260305592496
2011-09-19,2.786838231563441
2011-09-20,2.7982911419393424
2011-09-21,2.7960308510406904
2011-09-22,2.790184444526076
2011-09-23,2.7528605026397672
2011-09-26,2.7416303727446643
2011-09-27,2.746760362683261
2011-09-28,2.7331159148806323
2011-09-29,2.7362357664066783
2011-09-30,2.745852609384291
2011-10-03,2.7630592423986706
2011-10-04,2.747214126005203
2011-10-05,2.7441511521076687
2011-10-06,2.7430263381961715
2011-10-07,2.7349411991011
2011-10-10,2.740943186297096
2011-10-11,2.7435414270003227
2011-10-12,2.7420158756424127
2011-10-13,2.740860544317949
2011-10-14,2.739821597256503
2011-10-17,2.747029936639503
2011-10-18,2.7424709095773028
2011-10-19,2.7408344927900545
2011-10-20,2.7341414978048117
2011-10-21,2.7399545126425635
2011-10-24,2.7401723298569363
2011-10-25,2.7635373850325706
2011-10-26,2.7614983288833876
2011-10-27,2.7687743758462036
2011-10-28,2.7771310062797676
2011-10-31,2.7829167041353347
2011-11-01,2.7944585140623763
2011-11-02,2.7986256668287264
2011-11-03,2.7998243592741017
2011-11-04,2.797150858976441
2011-11-07,2.8075497247422536
2011-11-08,2.805879205594576
2011-11-09,2.8072973949573345
2011-11-10,2.800759750629513
2011-11-11,2.808633729121565
2011-11-14,2.809173449918942
2011-11-15,2.806342804689798
2011-11-16,2.8017521274766484
2011-11-17,2.7913213856664036
2011-11-18,2.7919397742838856
2011-11-21,2.783112509424856
2011-11-22,2.7886854984932588
2011-11-23,2.789913217079532
2011-11-25,2.7835436582871687
2011-11-28,2.7902271504630622
2011-11-29,2.7916340285827896
2011-11-30,2.7921471873289194
2011-12-01,2.7919967417402765
2011-12-02,2.7986726248592846
2011-12-05,2.7992952667440583
2011-12-06,2.7990371933205074
2011-12-07,2.806463090460687
2011-12-08,2.8015330718667566
2011-12-09,2.805872044618507
2011-12-12,2.796992726012173
2011-12-13,2.794207758649618
2011-12-14,2.801086588261377
2011-12-15,2.7952282332676903
2011-12-16,2.8046579609920075
2011-12-19,2.8074595070534363
2011-12-20,2.8036397938349147
2011-12-21,2.796501951728235
2011-12-22,2.803107353885997
2011-12-23,2.8029866113828668
2011-12-27,2.8077249110926243
2011-12-28,2.8078596017717796
2011-12-29,2.817012717022656
2011-12-30,2.8122826312545355
2012-01-03,2.8122851385278875
2012-01-04,2.809374774651876
2012-01-05,2.8136149271043616
2012-01-06,2.814826934729681
2012-01-09,2.8135593794756972
2012-01-10,2.819776817635686
2012-01-11,2.8298695229901076
2012-01-12,2.83019179849462
2012-01-13,2.8315487705647575
2012-01-17,2.835749583941523
2012-01-18,2.8383268942755477
2012-01-19,2.835477885757997
2012-01-20,2.8326574626426453
2012-01-23,2.8322805439310152
2012-01-24,2.8314872067649928
2012-01-25,2.8458175217542476
2012-01-26,2.8503679143163603
2012-01-27,2.8569497987034076
2012-01-30,2.8610461852875217
2012-01-31,2.8669751334489213
2012-02-01,2.8658273777040946
2012-02-02,2.869339826322488
2012-02-03,2.870019099169191
2012-02-06,2.869753725427837
2012-02-07,2.8733793499901927
2012-02-08,2.871421920797685
2012-02-09,2.8681134786514058
2012-02-10,2.8636057105387005
2012-02-13,2.869460183562039
2012-02-14,2.8687115729298327
2012-02-15,2.868313269380831
2012-02-16,2.873908713955493
2012-02-17,2.871919512126916
2012-02-21,2.874777470216658
2012-02-22,2.8820206149215
2012-02-23,2.8871065938778733
2012-02-24,2.8884938689480566
2012-02-27,2.8935256842950583
2012-02-28,2.8981464031455784
2012-02-29,2.8772170823195244
2012-03-01,2.8814150867233357
2012-03-02,2.8818406187630266
2012-03-05,2.8749981126100312
2012-03-06,2.8607486382788747
2012-03-07,2.8660115853902886
2012-03-08,2.873501760847914
2012-03-09,2.8755129666939343
2012-03-12,2.8746990647630866
2012-03-13,2.8810947404535296
2012-03-14,2.8664573111398552
2012-03-15,2.871424621465505
2012-03-16,2.8744152952247712
2012-03-19,2.8713978957107122
2012-03-20,2.868819646710427
2012-03-21,2.870550529370951
2012-03-22,2.8660158187215683
2012-03-23,2.874593318005079
2012-03-26,2.8889484498881717
2012-03-27,2.887271758005508
2012-03-28,2.881799521133459
2012-03-29,2.8841815275841776
2012-03-30,2.8866488307015827
2012-04-02,2.8951630123135
2012-04-03,2.8783978123422007
2012-04-04,2.8687150476030614
2012-04-05,2.870829605420694
2012-04-09,2.8709464859340796
2012-04-10,2.8597533538302264
2012-04-11,2.8692336710156154
2012-04-12,2.880788443845527
2012-04-13,2.873893957360218
2012-04-16,2.876340159697329
2012-04-17,2.8903005931151773
2012-04-18,2.8893022283430967
2012-04-19,2.88239105363403
2012-04-20,2.886854667046922
2012-04-23,2.8777065332445346
2012-04-24,2.8793782010397777
2012-04-25,2.89194624651972
2012-04-26,2.9006155499050865
2012-04-27,2.9025825950997466
2012-04-30,2.898081291811553
2012-05-01,2.9018380725912416
2012-05-02,2.899802739045518
2012-05-03,2.895211105487087
2012-05-04,2.883980355184304
2012-05-07,2.8874221775203437
2012-05-08,2.8820359586976494
2012-05-09,2.8793615329041766
2012-05-10,2.878206223277415
2012-05-11,2.8782011107588423
2012-05-14,2.877251015027771
2012-05-15,2.872766216030139
2012-05-16,2.8702089477978867
2012-05-17,2.863446047668057
2012-05-18,2.858253812201494
2012-05-21,2.8669370697701955
2012-05-22,2.8621055157030972
2012-05-23,2.8651364203690544
2012-05-24,2.8642327836768358
2012-05-25,2.866185350429402
2012-05-29,2.8710849975040067
2012-05-30,2.871773856357785
2012-05-31,2.877722179591766
2012-06-01,2.870693840210134
2012-06-04,2.8649167148193286
2012-06-05,2.863763964371422
2012-06-06,2.8679174735810706
2012-06-07,2.8718698669395355
2012-06-08,2.874684363759535
2012-06-11,2.871147961557269
2012-06-12,2.8743063502504818
2012-06-13,2.8778375988293803
2012-06-14,2.8806688528680033
2012-06-15,2.890793816348912
2012-06-18,2.8909571019632767
2012-06-19,2.892220627726776
2012-06-20,2.8877589879907135
2012-06-21,2.8813629260361417
2012-06-22,2.8810245926379405
2012-06-25,2.8820861896779
2012-06-26,2.8815039214786298
2012-06-27,2.8863228018206257
2012-06-28,2.888040644479898
2012-06-29,2.9034731978395265
2012-07-02,2.9106395619825527
2012-07-03,2.9136105424857384
2012-07-05,2.918665393082299
2012-07-06,2.916965908061424
2012-07-09,2.9215218362589854
2012-07-10,2.9193748928241257
2012-07-11,2.9192033499562497
2012-07-12,2.9219766846203585
2012-07-13,2.929222520809117
2012-07-16,2.930406397290547
2012-07-17,2.9320302005781103
2012-07-18,2.9397911798110545
2012-07-19,2.941284097030168
2012-07-20,2.9415491485064615
2012-07-23,2.9400358360604946
2012-07-24,2.9400299530229477
2012-07-25,2.9410250599619907
2012-07-26,2.945553560188538
2012-07-27,2.9498317229354862
2012-07-30,2.9535151042641834
2012-07-31,2.953413723465523
2012-08-01,2.950105738519633
2012-08-02,2.947918190271989
2012-08-03,2.9580127949416455
2012-08-06,2.9640680456461395
2012-08-07,2.961659672472748
2012-08-08,2.959009397324409
2012-08-09,2.9588419128226593
2012-08-10,2.9636520940447326
2012-08-13,2.9619730594304787
2012-08-14,2.9572434722540004
2012-08-15,2.9494318400282338
2012-08-16,2.952965931917844
2012-08-17,2.9565329515496814
2012-08-20,2.9554167109007756
2012-08-21,2.9589502551372666
2012-08-22,2.971307880081557
2012-08-23,2.9714307431171822
2012-08-24,2.9719086819004725
2012-08-27,2.9735084146636996
2012-08-28,2.97517374699555
2012-08-29,2.970195495168846
2012-08-30,2.965015057335401
2012-08-31,2.9836982058332184
2012-09-04,2.982304768602445
2012-09-05,2.980919051045873
2012-09-06,2.991431876316507
2012-09-07,3.0052453989561627
2012-09-10,2.999046415929331
2012-09-11,3.0018836158737408
2012-09-12,3.0009872621374796
2012-09-13,3.0224619266887633
2012-09-14,3.0193072911928907
2012-09-17,3.016832066544913
2012-09-18,3.0195953906868738
2012-09-19,3.0248615402245216
2012-09-20,3.021321094193329
2012-09-21,3.0255363788260974
2012-09-24,3.0240273764903445
2012-09-25,3.0201873048566563
2012-09-26,3.0144772007047513
2012-09-27,3.026714260291168
2012-09-28,3.02082624276787
2012-10-01,3.0243971168890456
2012-10-02,3.02698097632406
2012-10-03,3.0276589778681866
2012-10-04,3.034340048735243
2012-10-05,3.028350624323288
2012-10-08,3.026685912447172
2012-10-09,3.0135849633706027
2012-10-10,3.01264333811429
2012-10-11,3.018201318274594
2012-10-12,3.0147576173491646
2012-10-15,3.0177962147177215
2012-10-16,3.026624521082313
2012-10-17,3.025838845878272
2012-10-18,3.0209717554684117
2012-10-19,3.0070209072369547
2012-10-22,3.008353023726706
2012-10-23,2.994015271123123
2012-10-24,2.9901980883535377
2012-10-25,2.992266415272543
2012-10-26,2.9962224161929476
2012-10-31,3.000838517667617
2012-11-01,3.0057057593371734
2012-11-02,2.9907348584214013
2012-11-05,2.995444917512957
2012-11-06,3.004313554544004
2012-11-07,2.9930273028705296
2012-11-08,2.9904119112130556
2012-11-09,2.9895457289719833
2012-11-12,2.98829684071149
2012-11-13,2.987784005932383
2012-11-14,2.984461149463514
2012-11-15,2.980836442039772
2012-11-16,2.9808418801975956
2012-11-19,3.0020581171369862
2012-11-20,2.9979883899837567
2012-11-21,2.9963358993494222
2012-11-23,3.0141188803209777
2012-11-26,3.012883504315977
2012-11-27,3.010460718845825
2012-11-28,3.011261115790872
2012-11-29,3.0195189146968566
2012-11-30,3.016349070923258
2012-12-03,3.015362178749751
2012-12-04,3.0129275772293993
2012-12-05,3.0151393878983597
2012-12-06,3.017778535773078
2012-12-07,3.0188807291078046
2012-12-10,3.0212353675721952
2012-12-11,3.0245869135051513
2012-12-12,3.0207174856539085
2012-12-13,3.011068164014645
2012-12-14,3.0137401655629077
2012-12-17,3.0154175174519864
2012-12-18,3.0124865507180516
2012-12-19,3.0132664810420606
2012-12-20,3.018357449661904
2012-12-21,3.0143223097809115
2012-12-24,3.0122724210969003
2012-12-26,3.013475321818498
2012-12-27,3.0158378579061647
2012-12-28,3.010596134049912
2012-12-31,3.0220409729003235
2013-01-02,3.0368161117030525
2013-01-03,3.022959606751441
2013-01-04,3.0290752956652645
2013-01-07,3.0251193178078157
2013-01-08,3.0239075026410727
2013-01-09,3.025259046442556
2013-01-10,3.035699886729612
2013-01-11,3.0387261383011333
2013-01-14,3.041851790879388
2013-01-15,3.0445728073565905
2013-01-16,3.0441405710288216
2013-01-17,3.0463038635621777
2013-01-18,3.0484120282985394
2013-01-22,3.050733276413513
2013-01-23,3.051974911648321
2013-01-24,3.0469488971681584
2013-01-25,3.048217130543101
2013-01-28,3.0424535701174693
2013-01-29,3.045311569635396
2013-01-30,3.0462774376001547
2013-01-31,3.045867842781347
2013-02-01,3.065222432690106
2013-02-04,3.0618470801125155
2013-02-05,3.0625780281006483
2013-02-06,3.0672454187890352
2013-02-07,3.063078038864501
2013-02-08,3.067113216564829
2013-02-11,3.0643754868460884
2013-02-12,3.0666701368993325
2013-02-13,3.0716068150739986
2013-02-14,3.0737932273294684
2013-02-15,3.07241309908127
2013-02-19,3.078386714587232
2013-02-20,3.069994515409852
2013-02-21,3.062298408584342
2013-02-22,3.073858914100486
2013-02-25,3.064084788160998
2013-02-26,3.069698193196339
2013-02-27,3.0809061945556158
2013-02-28,3.0816814792994305
2013-03-01,3.083061775915688
2013-03-04,3.085452680546212
2013-03-05,3.091460741566602
2013-03-06,3.0905971234324827
2013-03-07,3.087810095686236
2013-03-08,3.0979020025281967
2013-03-11,3.1085210372031082
2013-03-12,3.1095067082866716
2013-03-13,3.1095210203483434
2013-03-14,3.1183501676464465
2013-03-15,3.1206355739612284
2013-03-18,3.1158746700801543
2013-03-19,3.116994807857595
2013-03-20,3.119956776031022
2013-03-21,3.1130458860011347
2013-03-22,3.1207631936118747
2013-03-25,3.113305917077629
2013-03-26,3.1218958150000984
2013-03-27,3.1248539188560804
2013-03-28,3.128066018432011
2013-04-01,3.123167022352267
2013-04-02,3.12728125415884
2013-04-03,3.122775138539163
2013-04-04,3.1343939086238937
2013-04-05,3.1368739814991606
2013-04-08,3.1380870148375664
2013-04-09,3.142080691824004
2013-04-10,3.1498022991722077
2013-04-11,3.155007078270671
2013-04-12,3.1600314422358804
2013-04-15,3.1406395992835896
2013-04-16,3.153389038546509
2013-04-17,3.138491662003547
2013-04-18,3.1341076509595482
2013-04-19,3.1411868122946354
2013-04-22,3.147653112386385
2013-04-23,3.1563879747973336
2013-04-24,3.15932749608119
2013-04-25,3.161879499840465
2013-04-26,3.166318798440077
2013-04-29,3.175305382878695
2013-04-30,3.1763818021264183
2013-05-01,3.1716132975917426
2013-05-02,3.1768556793909957
2013-05-03,3.1765819109222293
2013-05-06,3.173360236566077
2013-05-07,3.1748798493448884
2013-05-08,3.182863784711366
2013-05-09,3.1749155289955433
2013-05-10,3.1720356266520673
2013-05-13,3.170076576893714
2013-05-14,3.1697703106254247
2013-05-15,3.177186880909771
2013-05-16,3.178928668210341
2013-05-17,3.1803778138518353
2013-05-20,3.1802596773112852
2013-05-21,3.1836534094394873
2013-05-22,3.1561407808024007
2013-05-23,3.1304154430353317
2013-05-24,3.1166276273853093
2013-05-28,3.130551413295054
2013-05-29,3.105876065163042
2013-05-30,3.117679302941026
2013-05-31,3.065825479337691
2013-06-03,3.080400370086173
2013-06-04,3.077293685480448
2013-06-05,3.0227067633805724
2013-06-06,3.0453924839539104
2013-06-07,3.085119847321152
2013-06-10,3.086496749684735
2013-06-11,3.0519566848294435
2013-06-12,3.0364666570197882
2013-06-13,3.0827471043533645
2013-06-14,3.0568727018152595
2013-06-17,3.0897411582416563
2013-06-18,3.1130281512801656
2013-06-19,3.0632061322451762
2013-06-20,2.9707505837126393
2013-06-21,2.9803931045986385
2013-06-24,2.942732114821898
2013-06-25,2.975207454956432
2013-06-26,2.99677530613151
2013-06-27,3.0200412192432458
2013-06-28,3.010617819912373
2013-07-01,3.033081874877136
2013-07-02,3.0247090967220336
2013-07-03,3.0259056044654753
2013-07-05,3.0502968799768126
2013-07-08,3.0684103740461914
2013-07-09,3.0881440528522464
2013-07-10,3.0928088536022873
2013-07-11,3.1517142830510516
2013-07-12,3.1434030340492747
2013-07-15,3.158626696977905
2013-07-16,3.1509799817317568
2013-07-17,3.1596457886295797
2013-07-18,3.178520877315948
2013-07-19,3.180607185111481
2013-07-22,3.1918315840560227
2013-07-23,3.1909152183887586
2013-07-24,3.1824660385841357
2013-07-25,3.189562625429441
2013-07-26,3.1828777188828252
2013-07-29,3.164221806693788
2013-07-30,3.1639970790398513
2013-07-31,3.168434877391197
2013-08-01,3.207806963477695
2013-08-02,3.2221395891537985
2013-08-05,3.216537243938756
2013-08-06,3.204090071481548
2013-08-07,3.192115392246047
2013-08-08,3.2111382277570004
2013-08-09,3.208263739454489
2013-08-12,3.2023292225037516
2013-08-13,3.216615594248211
2013-08-14,3.2077629110643766
2013-08-15,3.1705533504598344
2013-08-16,3.1670280071662327
2013-08-19,3.145774062101755
2013-08-20,3.1527135658437007
2013-08-21,3.1255472453829944
2013-08-22,3.1549137546940367
2013-08-23,3.1728690413071154
2013-08-26,3.156105792250037
2013-08-27,3.104062054472814
2013-08-28,3.1086801898428034
2013-08-29,3.109188932555118
2013-08-30,3.086742612672666
2013-09-03,3.1205391716017146
2013-09-04,3.1472612392145893
2013-09-05,3.148437403201296
2013-09-06,3.1566036448896937
2013-09-09,3.192402821931589
2013-09-10,3.22123599940052
2013-09-11,3.2318488509338184
2013-09-12,3.21908055064425
2013-09-13,3.2297665006841694
2013-09-16,3.251184262849435
2013-09-17,3.2603891917882533
2013-09-18,3.3191064677700117
2013-09-19,3.3093195080026088
2013-09-20,3.285818597762816
2013-09-23,3.2763908931426977
2013-09-24,3.269749227011488
2013-09-25,3.265621849175417
2013-09-26,3.2786604534017254
2013-09-27,3.2649800234081274
2013-09-30,3.245117789792993
2013-10-01,3.2673942269169394
2013-10-02,3.2651520361662163
2013-10-03,3.2385855091728453
2013-10-04,3.2561871157773483
2013-10-07,3.2257148050089453
2013-10-08,3.193473980052642
2013-10-09,3.2007092411245317
2013-10-10,3.264748084546158
2013-10-11,3.284130320401019
2013-10-14,3.2963988124063888
2013-10-15,3.2761038052022093
2013-10-16,3.312303077697919
2013-10-17,3.3443689945457633
2013-10-18,3.365722176163423
2013-10-21,3.368135159241476
2013-10-22,3.3856135550837707
2013-10-23,3.375445155323007
2013-10-24,3.381412824733483
2013-10-25,3.383788561054371
2013-10-28,3.3829979324302037
2013-10-29,3.3905853667038865
2013-10-30,3.381009899548899
2013-10-31,3.3758051621836387
2013-11-01,3.372770206735653
2013-11-04,3.3867251231967566
2013-11-05,3.367572498596247
2013-11-06,3.3902762365199512
2013-11-07,3.3426026845901045
2013-11-08,3.3762311294641902
2013-11-11,3.3797961780412176
2013-11-12,3.3709134090756354
2013-11-13,3.390731411069288
2013-11-14,3.4070424533899777
2013-11-15,3.427587370351438
2013-11-18,3.4291297418673627
2013-11-19,3.4210650793222004
2013-11-20,3.4044057553894436
2013-11-21,3.42910713383683
2013-11-22,3.442988196258271
2013-11-25,3.436415816294377
2013-11-26,3.4369326157329105
2013-11-27,3.4452879179703655
2013-11-29,3.447232563393935
2013-12-02,3.4305494257301365
2013-12-03,3.4114545363055035
2013-12-04,3.4027000828720246
2013-12-05,3.38566707565152
2013-12-06,3.4254335182331688
2013-12-09,3.4283329716424
2013-12-10,3.419106885700602
2013-12-11,3.3837292320278065
2013-12-12,3.3661713300331604
2013-12-13,3.3649356254847502
2013-12-16,3.3874972717017693
2013-12-17,3.374771367742687
2013-12-18,3.4301396882522988
2013-12-19,3.4281447293867084
2013-12-20,3.4479187853386146
2013-12-23,3.4748148212077696
2013-12-24,3.482063702022429
2013-12-26,3.50041903305542
2013-12-27,3.5091418780642587
2013-12-30,3.516078916077963
2013-12-31,3.531021698148841
2014-01-02,3.483232390338558
2014-01-03,3.4846945890191168
2014-01-06,3.4773572798371366
2014-01-07,3.497850536715352
2014-01-08,3.497773653574581
2014-01-09,3.4977880188185178
2014-01-10,3.516375445081229
2014-01-13,3.502817614546704
2014-01-14,3.5124506370429485
2014-01-15,3.517082147580552
2014-01-16,3.520970558199896
2014-01-17,3.5170681093695877
2014-01-21,3.5231445358279863
2014-01-22,3.518923056936928
2014-01-23,3.5144832272271183
2014-01-24,3.4863596708673197
2014-01-27,3.475598077600659
2014-01-28,3.4883799912766396
2014-01-29,3.482080275333357
2014-01-30,3.492559964234433
2014-01-31,3.4830162757100656
2014-02-03,3.464404886643908
2014-02-04,3.469530314795259
2014-02-05,3.464144081019003
2014-02-06,3.4814923407121317
2014-02-07,3.4994597141941624
2014-02-10,3.5012366358995046
2014-02-11,3.511319357449512
2014-02-12,3.508434556814061
2014-02-13,3.518167101871112
2014-02-14,3.5276819217000783
2014-02-18,3.5343576386597624
2014-02-19,3.5253101704106666
2014-02-20,3.532499799769839
2014-02-21,3.5347647069021315
2014-02-24,3.543436635610609
2014-02-25,3.548794542123964
2014-02-26,3.5488464526810306
2014-02-27,3.5556504541574125
2014-02-28,3.5548711382318348
2014-03-03,3.5557858646969582
2014-03-04,3.558573396677636
2014-03-05,3.56053830997431
2014-03-06,3.5649206524888157
2014-03-07,3.55339874695152
2014-03-10,3.5506036782062402
2014-03-11,3.547001466939414
2014-03-12,3.556323665911675
2014-03-13,3.5496688572632142
2014-03-14,3.549114531820301
2014-03-17,3.5532691068751054
2014-03-18,3.5589775703257454
2014-03-19,3.5332785626794716
2014-03-20,3.5325235158349084
2014-03-21,3.5346278702443783
2014-03-24,3.528901510776626
2014-03-25,3.5346371984929017
2014-03-26,3.537783152877665
2014-03-27,3.5406772918384863
2014-03-28,3.5438151102367783
2014-03-31,3.551654200716008
2014-04-01,3.555298697388064
2014-04-02,3.554313229380871
2014-04-03,3.553873562716891
2014-04-04,3.558554825072139
2014-04-07,3.5528950708603624
2014-04-08,3.5615968765376524
2014-04-09,3.5736755191097602
2014-04-10,3.5625182366494834
2014-04-11,3.557196615800865
2014-04-14,3.5675553979377552
2014-04-15,3.561322416230921
2014-04-16,3.5730628102978703
2014-04-17,3.5681017915439575
2014-04-21,3.570476485423411
2014-04-22,3.574527366517157
2014-04-23,3.574524783681194
2014-04-24,3.5779457341676633
2014-04-25,3.57123027181158
2014-04-28,3.5729505321571096
2014-04-29,3.5799924142394244
2014-04-30,3.5887812577074527
2014-05-01,3.593855913045831
2014-05-02,3.595120724023958
2014-05-05,3.5990030348327
2014-05-06,3.594281389778485
2014-05-07,3.5985087848664956
2014-05-08,3.599520492648848
2014-05-09,3.597397158897492
2014-05-12,3.6047779309928956
2014-05-13,3.6101904319706355
2014-05-14,3.6170986494895043
2014-05-15,3.61452932243962
2014-05-16,3.615158642823961
2014-05-19,3.615392352033211
2014-05-20,3.6091848040290584
2014-05-21,3.617705306805188
2014-05-22,3.6187376405630394
2014-05-23,3.6250388658242327
2014-05-27,3.6348307508531312
2014-05-28,3.6394687913684365
2014-05-29,3.6447014430599314
2014-05-30,3.6479866911162935
2014-06-02,3.6423021105027784
2014-06-03,3.6340132153978466
2014-06-04,3.6341269093148756
2014-06-05,3.645294319153212
2014-06-06,3.650099906069159
2014-06-09,3.6478314289558322
2014-06-10,3.642947289520213
2014-06-11,3.639418327542688
2014-06-12,3.6400650759906332
2014-06-13,3.641682340255519
2014-06-16,3.640990384010054
2014-06-17,3.6376011527901024
2014-06-18,3.653917857222208
2014-06-19,3.6705536212273544
2014-06-20,3.6729536340377735
2014-06-23,3.670235063704691
2014-06-24,3.667511256616097
2014-06-25,3.6726060474639977
2014-06-26,3.676037275905
2014-06-27,3.6771851402621505
2014-06-30,3.6818773859947345
2014-07-01,3.686989769780859
2014-07-02,3.6808248780771664
2014-07-03,3.681740413212866
2014-07-07,3.6752110432925003
2014-07-08,3.6695442596744923
2014-07-09,3.6783769843488394
2014-07-10,3.6716550078478027
2014-07-11,3.6764020187186777
2014-07-14,3.6732420651598185
2014-07-15,3.6643669475715086
2014-07-16,3.673651406764263
2014-07-17,3.6701109611311526
2014-07-18,3.6765912676501156
2014-07-21,3.674495551277453
2014-07-22,3.681655230043402
2014-07-23,3.6843921624897056
2014-07-24,3.67581582296482
2014-07-25,3.678194429746068
2014-07-28,3.6783198841384013
2014-07-29,3.6751390406891287
2014-07-30,3.666005280534802
2014-07-31,3.6364717362076684
2014-08-01,3.641115460936628
2014-08-04,3.649072154177757
2014-08-05,3.6333930427499803
2014-08-06,3.6408507910015735
2014-08-07,3.643372859944175
2014-08-08,3.652908715233851
2014-08-11,3.6563501105894596
2014-08-12,3.6543295674028196
2014-08-13,3.6665336197702496
2014-08-14,3.6739750046175916
2014-08-15,3.6757163247432487
2014-08-18,3.6788888342002584
2014-08-19,3.679885512887696
2014-08-20,3.675944970966043
2014-08-21,3.684839144533711
2014-08-22,3.6801081217549303
2014-08-25,3.6899270093253342
2014-08-26,3.690695832061739
2014-08-27,3.694683630065185
2014-08-28,3.6982651560592057
2014-08-29,3.6985198572268976
2014-09-02,3.692260329258642
2014-09-03,3.699116400021631
2014-09-04,3.691969142710238
2014-09-05,3.6939683047524228
2014-09-08,3.6827936928881537
2014-09-09,3.673239825626963
2014-09-10,3.6764048518083867
2014-09-11,3.6713090703106404
2014-09-12,3.661602059259289
2014-09-15,3.659293279480086
2014-09-16,3.6672628832947862
2014-09-17,3.665244667156428
2014-09-18,3.6740237593908
2014-09-19,3.6751578209103837
2014-09-22,3.6726386419158934
2014-09-23,3.670586972371633
2014-09-24,3.675106615620521
2014-09-25,3.6676713164230224
2014-09-26,3.673523174965919
2014-09-29,3.675422227762237
2014-09-30,3.6715960131623047
2014-10-01,3.6779625231988944
2014-10-02,3.6733121763487504
2014-10-03,3.6806114632142477
2014-10-06,3.6823727189663087
2014-10-07,3.6816856765327697
2014-10-08,3.703301951642566
2014-10-09,3.682664475018631
2014-10-10,3.676727715465723
2014-10-13,3.6874268131314882
2014-10-14,3.695781135283996
2014-10-15,3.702467983042889
2014-10-16,3.6994593253059977
2014-10-17,3.6944456020021974
2014-10-20,3.7045834930763073
2014-10-21,3.7151224385271395
2014-10-22,3.708867688670118
2014-10-23,3.7091176963723473
2014-10-24,3.715019553608256
2014-10-27,3.7152546683649605
2014-10-28,3.717613347276093
2014-10-29,3.709927902433653
2014-10-30,3.7190416297749826
2014-10-31,3.7263514113364864
2014-11-03,3.7208362703118736
2014-11-04,3.718880721015826
2014-11-05,3.7240634504617645
2014-11-06,3.7212943496132223
2014-11-07,3.7322954627312397
2014-11-10,3.727118138412813
2014-11-11,3.729163615853701
2014-11-12,3.728733991570396
2014-11-13,3.7308742233327647
2014-11-14,3.7338359401267147
2014-11-17,3.7306065070221237
2014-11-18,3.737193814983793
2014-11-19,3.7288458986022093
2014-11-20,3.7356065643569454
2014-11-21,3.742814341050776
2014-11-24,3.745796560209464
2014-11-25,3.752041735144942
2014-11-26,3.7562495030636414
2014-11-28,3.7644215528238427
2014-12-01,3.7528256898968246
2014-12-02,3.7509968932330313
2014-12-03,3.750795366602104
2014-12-04,3.7593004525899394
2014-12-05,3.7472902938961914
2014-12-08,3.7500328094707007
2014-12-09,3.7542584917657056
2014-12-10,3.7481127904669758
2014-12-11,3.750534916323465
2014-12-12,3.749053846687335
2014-12-15,3.736029517020876
2014-12-16,3.7379473670089247
2014-12-17,3.747719746721206
2014-12-18,3.756424604489259
2014-12-19,3.764290679083639
2014-12-22,3.7721561642724493
2014-12-23,3.758791593746758
2014-12-24,3.7621744877899124
2014-12-26,3.7658435717878294
2014-12-29,3.7732209290615297
2014-12-30,3.7729051415492627
2014-12-31,3.766897835629558
2015-01-02,3.775221505161374
2015-01-05,3.769428404255248
2015-01-06,3.7708173579527933
2015-01-07,3.7790259427327006
2015-01-08,3.78684308204702
2015-01-09,3.788698843133507
2015-01-12,3.785716731412448
2015-01-13,3.784593558775684
2015-01-14,3.78791790899021
2015-01-15,3.805005876522045
2015-01-16,3.808264000922692
2015-01-20,3.820015422491026
2015-01-21,3.8187041216554936
2015-01-22,3.830813144952198
2015-01-23,3.8306408857621133
2015-01-26,3.8268710083489808
2015-01-27,3.821021862965057
2015-01-28,3.820750630959838
2015-01-29,3.815717856611228
2015-01-30,3.826301251413302
2015-02-02,3.83103548650258
2015-02-03,3.8254338574543065
2015-02-04,3.828935397552452
2015-02-05,3.8308055602095354
2015-02-06,3.8107850541810047
2015-02-09,3.8067831360950426
2015-02-10,3.811699186567923
2015-02-11,3.81076823241131
2015-02-12,3.818682301164607
2015-02-13,3.818235055360916
2015-02-17,3.807010535630256
2015-02-18,3.8178874541470793
2015-02-19,3.8161242440208807
2015-02-20,3.826292308178158
2015-02-23,3.828610006351002
2015-02-24,3.845606790807776
2015-02-25,3.847357393985849
2015-02-26,3.8356737696139187
2015-02-27,3.8400665207379734
2015-03-02,3.8324491110880845
2015-03-03,3.822464782852548
2015-03-04,3.8183273005803855
2015-03-05,3.8216989510901915
2015-03-06,3.790765973047366
2015-03-09,3.8017401956525454
2015-03-10,3.7954914924095844
2015-03-11,3.7995099266542383
2015-03-12,3.812417890343197
2015-03-13,3.8016710737256885
2015-03-16,3.8191457153661474
2015-03-17,3.8161649851993804
2015-03-18,3.8566360328243205
2015-03-19,3.836798124598513
2015-03-20,3.865708345824996
2015-03-23,3.867940415015275
2015-03-24,3.868920393818545
2015-03-25,3.8500768758806867
2015-03-26,3.833836663981351
2015-03-27,3.840763728913553
2015-03-30,3.8514433971776296
2015-03-31,3.838766467411012
2015-04-01,3.8487265117286587
2015-04-02,3.8540928193881827
2015-04-06,3.867659404915053
2015-04-07,3.865099353274228
2015-04-08,3.870908913396536
2015-04-09,3.869376082089296
2015-04-10,3.875129649270258
2015-04-13,3.8696978444584498
2015-04-14,3.8788675066958453
2015-04-15,3.888742068452598
2015-04-16,3.8890177458994084
2015-04-17,3.8732870178649734
2015-04-20,3.87950217253227
2015-04-21,3.8817963497635706
2015-04-22,3.879868363235546
2015-04-23,3.888073795942509
2015-04-24,3.897947815779461
2015-04-27,3.898582166374425
2015-04-28,3.892857535836572
2015-04-29,3.8780729874859
2015-04-30,3.862144981424209
2015-05-01,3.872449989167408
2015-05-04,3.869749065504842
2015-05-05,3.8474675015323534
2015-05-06,3.837862105213324
2015-05-07,3.844688531048537
2015-05-08,3.8791001323786776
2015-05-11,3.8542316389020277
2015-05-12,3.8509978003643845
2015-05-13,3.8560943746798086
2015-05-14,3.876834088340156
2015-05-15,3.8883909194320796
2015-05-18,3.8811229110639496
2015-05-19,3.8701931872659396
2015-05-20,3.8744713507472235
2015-05-21,3.88783815730731
2015-05-22,3.878731164179908
2015-05-26,3.8627455235856343
2015-05-27,3.8797343232712125
2015-05-28,3.876753866634849
2015-05-29,3.866058700461523
2015-06-01,3.8594400662103077
2015-06-02,3.852366412021647
2015-06-03,3.8673893649666953
2015-06-04,3.830924482281663
2015-06-05,3.8075038377549544
2015-06-08,3.791873027224144
2015-06-09,3.7826854374616348
2015-06-10,3.842535591391864
2015-06-11,3.85409545942179
2015-06-12,3.8241324350745303
2015-06-15,3.8049203572209387
2015-06-16,3.8164002010713114
2015-06-17,3.8161094424635094
2015-06-18,3.8534547640688412
2015-06-19,3.839749781867589
2015-06-22,3.8819912206698346
2015-06-23,3.8879367418806985
2015-06-24,3.8575332177783963
2015-06-25,3.84993473350493
2015-06-26,3.8487770202263376
2015-06-29,3.7524599336933746
2015-06-30,3.75143385322628
2015-07-01,3.7790766651629046
2015-07-02,3.779032349609444
2015-07-06,3.7682767786803786
2015-07-07,3.791975132394055
2015-07-08,3.7800843952891316
2015-07-09,3.786921750689231
2015-07-10,3.865490905248411
2015-07-13,3.897134748266598
2015-07-14,3.9202446068845793
2015-07-15,3.913789452960955
2015-07-16,3.9461244855388458
2015-07-17,3.9455692270681624
2015-07-20,3.9508211079391704
2015-07-21,3.9368249904222425
2015-07-22,3.920735581245507
2015-07-23,3.903254592423358
2015-07-24,3.861826271980618
2015-07-27,3.837020901179753
2015-07-28,3.8846493015465353
2015-07-29,3.906343033753433
2015-07-30,3.9057104600733856
2015-07-31,3.9172274371409688
2015-08-03,3.9149788524689813
2015-08-04,3.911502648028325
2015-08-05,3.9274138137036503
2015-08-06,3.901495769731592
2015-08-07,3.902821923523535
2015-08-10,3.951417175906353
2015-08-11,3.9418780224043646
2015-08-12,3.937128028352405
2015-08-13,3.9331981117333097
2015-08-14,3.9442721844373754
2015-08-17,3.952419699719666
2015-08-18,3.9336667105550625
2015-08-19,3.9346373964228376
2015-08-20,3.9407499753634565
2015-08-21,3.947581725031393
2015-08-24,3.9461463615093773
2015-08-25,3.9367937918800577
2015-08-26,3.9367937918800577
2015-08-27,3.9367937918800577
2015-08-28,3.9367937918800577
2015-08-31,3.9367937918800577
2015-09-01,3.9484563332608693
2015-09-02,3.9484563332608693
2015-09-03,3.954256143917597
2015-09-04,3.9625985220464166
2015-09-08,3.9625985220464166
2015-09-09,3.964053059760799
2015-09-10,3.964053059760799
2015-09-11,3.9687838231201993
2015-09-14,3.9698727331354693
2015-09-15,3.9698727331354693
2015-09-16,3.9698727331354693
2015-09-17,3.994751098802587
2015-09-18,3.998043223501717
2015-09-21,3.998043223501717
2015-09-22,4.007581762342065
2015-09-23,4.004280499624451
2015-09-24,4.0094140711338
2015-09-25,4.0094140711338
2015-09-28,4.0189688412942575
2015-09-29,4.025216979308933
2015-09-30,4.026686593595946
2015-10-01,4.02981635584045
2015-10-02,4.041963826206122
2015-10-05,4.0268691567343895
2015-10-06,4.036810687472963
2015-10-07,4.033865386112625
2015-10-08,4.028343325611136
2015-10-09,4.025029861580755
2015-10-12,4.035336898145361
2015-10-13,4.035703542618826
2015-10-14,4.062025685021897
2015-10-15,4.053866244146731
2015-10-16,4.049807477029723
2015-10-19,4.0538662441467315
2015-10-20,4.045746808138225
2015-10-21,4.055341640796237
2015-10-22,4.06540373564064
2015-10-23,4.0653944594072735
2015-10-26,4.065633857652143
2015-10-27,4.069722755231787
2015-10-28,4.0653152432216855
2015-10-29,4.049890589903132
2015-10-30,4.056808237834921
2015-11-02,4.056522320675079
2015-11-03,4.068283532113247
2015-11-04,4.055944493196129
2015-11-05,4.051895839298973
2015-11-06,4.049773394014814
2015-11-09,4.011984670459857
2015-11-10,4.021239388459572
2015-11-11,4.005427767876742
2015-11-12,4.005427767876742
2015-11-13,4.005427767876742
2015-11-16,4.066337358448655
2015-11-17,4.0633718847784275
2015-11-18,4.127841411991615
2015-11-19,4.124281475350341
2015-11-20,4.139311558815165
2015-11-23,4.134564496543641
2015-11-24,4.138657602207235
2015-11-25,4.1401467493221435
2015-11-27,4.140031313809812
2015-11-30,4.138228431146392
2015-12-01,4.15714106512867
2015-12-02,4.145364494197331
2015-12-03,4.087318030781779
2015-12-04,4.167032249416817
2015-12-07,4.166940149173165
2015-12-08,4.162606020098389
2015-12-09,4.156190261759449
2015-12-10,4.157651492138512
2015-12-11,4.168004774380465
2015-12-14,4.168004774380465
2015-12-15,4.168004774380465
2015-12-16,4.228991653697645
2015-12-17,4.228991653697645
2015-12-18,4.237987489763308
2015-12-21,4.237987489763308
2015-12-22,4.237987489763308
2015-12-23,4.290467856361914
2015-12-24,4.283386896762674
2015-12-28,4.273599220944859
2015-12-29,4.319205561129575
2015-12-30,4.288593396014474
2015-12-31,4.288593396014474
2016-01-04,4.288593396014474
2016-01-05,4.288593396014474
2016-01-06,4.30487175368291
2016-01-07,4.304477257331897
2016-01-08,4.314004892684742
2016-01-11,4.301696281510385
2016-01-12,4.311223916863231
2016-01-13,4.3211501113513435
2016-01-14,4.319561562708231
2016-01-15,4.3247212987101555
2016-01-19,4.320355837029787
2016-01-20,4.323930680894428
2016-01-21,4.317975045457246
2016-01-22,4.3211501113513435
2016-01-25,4.318770944892503
2016-01-26,4.324326396080717
2016-01-27,4.325119451566997
2016-01-28,4.3286926703179365
2016-01-29,4.341396590400156
2016-02-01,4.336145441752527
2016-02-02,4.349274329067661
2016-02-03,4.3571650021335335
2016-02-04,4.369978706477723
2016-02-05,4.378290521118526
2016-02-08,4.402072996578564
2016-02-09,4.400122999901161
2016-02-10,4.4148198342593865
2016-02-11,4.446842501159056
2016-02-12,4.432602785894468
2016-02-16,4.402797937012073
2016-02-17,4.40477057896195
2016-02-18,4.431921563732067
2016-02-19,4.428715535559733
2016-02-22,4.418251923362734
2016-02-23,4.428464734234609
2016-02-24,4.431949618933921
2016-02-25,4.443297747370233
2016-02-26,4.431958626074428
2016-02-29,4.444907072578242
2016-03-01,4.428836435895486
2016-03-02,4.429726068593293
2016-03-03,4.44438172544222
2016-03-04,4.437470271365882
2016-03-07,4.439350227870669
2016-03-08,4.446128798872186
2016-03-09,4.439429602699586
2016-03-10,4.450693573821191
2016-03-11,4.443450159483018
2016-03-14,4.438441592436649
2016-03-15,4.434862061184003
2016-03-16,4.463300887606812
2016-03-17,4.471739128867904
2016-03-18,4.4751319660181625
2016-03-21,4.464715035766707
2016-03-22,4.463760203802679
2016-03-23,4.456262522164651
2016-03-24,4.455144663743481
2016-03-28,4.459114115001344
2016-03-29,4.483320213947072
2016-03-30,4.477355255583591
2016-03-31,4.489362106822663
2016-04-01,4.48688941132128
2016-04-04,4.485295894784392
2016-04-05,4.491139124568734
2016-04-06,4.493409566797906
2016-04-07,4.501419068885541
2016-04-08,4.49863808259336
2016-04-11,4.50636320173866
2016-04-12,4.505820291761818
2016-04-13,4.507856465129259
2016-04-14,4.495325056470668
2016-04-15,4.507617989819614
2016-04-18,4.514126922705016
2016-04-19,4.529692540977117
2016-04-20,4.5208233875213635
2016-04-21,4.512527207110343
2016-04-22,4.507515141011268
2016-04-25,4.5021314167062165
2016-04-26,4.504938831116614
2016-04-27,4.5167465190990574
2016-04-28,4.519078352556733
2016-04-29,4.52408413771516
2016-05-02,4.529953131128011
2016-05-03,4.529089285172779
2016-05-04,4.523841443793234
2016-05-05,4.531712112730603
2016-05-06,4.533300936997001
2016-05-09,4.526669986432771
2016-05-10,4.538405344561059
2016-05-11,4.53603162506473
2016-05-12,4.52943546352671
2016-05-13,4.531431999486774
2016-05-16,4.533237069482636
2016-05-17,4.523748794802228
2016-05-18,4.501461109930291
2016-05-19,4.499792461640353
2016-05-20,4.506025265690542
2016-05-23,4.502911631822974
2016-05-24,4.509200246517184
2016-05-25,4.518084383323422
2016-05-26,4.5225025856936805
2016-05-27,4.520958389321892
2016-05-31,4.520846512880595
2016-06-01,4.51982749856607
2016-06-02,4.528267425769729
2016-06-03,4.557153822336515
2016-06-06,4.56032451687477
2016-06-07,4.567381064118707
2016-06-08,4.578880347545339
2016-06-09,4.575881581583365
2016-06-10,4.57360522015991
2016-06-13,4.573365521773658
2016-06-14,4.570798745124882
2016-06-15,4.580323460050276
2016-06-16,4.579463224409785
2016-06-17,4.580531898404727
2016-06-20,4.585776065522828
2016-06-21,4.580250014190092
2016-06-22,4.580754237457629
2016-06-23,4.594974944921276
2016-06-24,4.608314646494838
2016-06-27,4.627666077015351
2016-06-28,4.6397040867961
2016-06-29,4.6517070820958155
2016-06-30,4.671001533305708
2016-07-01,4.688059855117747
2016-07-05,4.696394237209553
2016-07-06,4.710284758872466
2016-07-07,4.705355054358314
2016-07-08,4.724624821613826
2016-07-11,4.712871861980825
2016-07-12,4.704613731150125
2016-07-13,4.713305819744498
2016-07-14,4.713532554642588
2016-07-15,4.69731494637039
2016-07-18,4.7014466818350416
2016-07-19,4.70493660233639
2016-07-20,4.700846036848342
2016-07-21,4.707420240162713
2016-07-22,4.707959163006325
2016-07-25,4.698494668869855
2016-07-26,4.7025106798769105
2016-07-27,4.720712966098306
2016-07-28,4.7193495586233745
2016-07-29,4.73857276751198
2016-08-01,4.729196541586628
2016-08-02,4.717836504732387
2016-08-03,4.719400071573551
2016-08-04,4.729031671175595
2016-08-05,4.716635203500139
2016-08-08,4.718427159427404
2016-08-09,4.732040317461916
2016-08-10,4.737578798681448
2016-08-11,4.7320534801707925
2016-08-12,4.7364805561913155
2016-08-15,4.736623116329448
2016-08-16,4.732904045273079
2016-08-17,4.740004991072791
2016-08-18,4.750634018241809
2016-08-19,4.73493542027881
2016-08-22,4.738996606363594
2016-08-23,4.74296331015457
2016-08-24,4.730660049548392
2016-08-25,4.724841550831099
2016-08-26,4.7154420024070935
2016-08-29,4.729836346661104
2016-08-30,4.720727523066245
2016-08-31,4.716139348495751
2016-09-01,4.72370736619851
2016-09-02,4.733285731761052
2016-09-06,4.754253818759539
2016-09-07,4.754071235998307
2016-09-08,4.7377382205727985
2016-09-09,4.694210794566605
2016-09-12,4.709933891982234
2016-09-13,4.678862503595809
2016-09-14,4.683774743379398
2016-09-15,4.692564041896807
2016-09-16,4.6850652648989035
2016-09-19,4.686251808408955
2016-09-20,4.690475222528309
2016-09-21,4.725642445836375
2016-09-22,4.743535442373327
2016-09-23,4.733719038150628
2016-09-26,4.7240701311472035
2016-09-27,4.7307619696714625
2016-09-28,4.737849120596067
2016-09-29,4.721739224140873
2016-09-30,4.727594804414793
2016-10-03,4.719318359426841
2016-10-04,4.683483570652277
2016-10-05,4.685386512383284
2016-10-06,4.681982288961046
2016-10-07,4.675526469901762
2016-10-10,4.682546721199964
2016-10-11,4.656050106097778
2016-10-12,4.656699574630296
2016-10-13,4.655480720328212
2016-10-14,4.65200596631903
2016-10-17,4.651965262304781
2016-10-18,4.669686063989972
2016-10-19,4.678412507334983
2016-10-20,4.675132646293792
2016-10-21,4.676231084289726
2016-10-24,4.675183400727475
2016-10-25,4.676958263805306
2016-10-26,4.665899619658538
2016-10-27,4.654977558980133
2016-10-28,4.655465441089474
2016-10-31,4.661008940855619
2016-11-01,4.655630869832083
2016-11-02,4.654865260344685
2016-11-03,4.6505288207278745
2016-11-04,4.649960065812208
2016-11-07,4.659874660443979
2016-11-08,4.659910700602861
2016-11-09,4.687661275750614
2016-11-10,4.687451364552645
2016-11-11,4.668088430018371
2016-11-14,4.65777743199142
2016-11-15,4.686490458240289
2016-11-16,4.677688729099351
2016-11-17,4.707329352202215
2016-11-18,4.696796548153206
2016-11-21,4.732263731407714
2016-11-22,4.742669448910449
2016-11-23,4.745251178710088
2016-11-25,4.762882205075209
2016-11-28,4.740520370579384
2016-11-29,4.749765469498236
2016-11-30,4.738370142598713
2016-12-01,4.720954867143076
2016-12-02,4.723318546734019
2016-12-05,4.7604909218579525
2016-12-06,4.783614562616769
2016-12-07,4.850177039785134
2016-12-08,4.8547222444864735
2016-12-09,4.880125475947177
2016-12-12,4.867213643272352
2016-12-13,4.908927472390061
2016-12-14,4.8537908039812105
2016-12-15,4.859680568999565
2016-12-16,4.856151670559057
2016-12-19,4.858244967232965
2016-12-20,4.8760471619330366
2016-12-21,4.869464959148555
2016-12-22,4.859850903264867
2016-12-23,4.869580118488767
2016-12-27,4.873179490952857
2016-12-28,4.843133690620178
2016-12-29,4.848202070575571
2016-12-30,4.84687228173277
2017-01-03,4.88069699175649
2017-01-04,4.922343012805991
2017-01-05,4.940061094071578
2017-01-06,4.941664391482505
2017-01-09,4.929442752631432
2017-01-10,4.929833669784427
2017-01-11,4.949364501149261
2017-01-12,4.946235944735711
2017-01-13,4.960843231036847
2017-01-17,4.942971837132186
2017-01-18,4.942118705927913
2017-01-19,4.926522068067156
2017-01-20,4.9494468019839815
2017-01-23,4.948449650574909
2017-01-24,4.971172135574333
2017-01-25,5.01824849924099
2017-01-26,5.006109809867109
2017-01-27,4.998029422762662
2017-01-30,4.964776320200612
2017-01-31,4.968014822311041
2017-02-01,4.97830921947174
2017-02-02,4.981229349039616
2017-02-03,5.008879620217694
2017-02-06,4.988151157186105
2017-02-07,4.9860963059791965
2017-02-08,4.9934054170799556
2017-02-09,5.019318989093886
2017-02-10,5.035653446508953
2017-02-13,5.059899900878779
2017-02-14,5.068190837387841
2017-02-15,5.091527128085831
2017-02-16,5.094294253258306
2017-02-17,5.0926417346095425
2017-02-21,5.1169105235999695
2017-02-22,5.114418503474586
2017-02-23,5.121280884615713
2017-02-24,5.108044487804961
2017-02-27,5.113973403290439
2017-02-28,5.102945228908862
2017-03-01,5.166229587137192
2017-03-02,5.133070841440637
2017-03-03,5.148880369152865
2017-03-06,5.133213136271136
2017-03-07,5.116755803107687
2017-03-08,5.103009925555445
2017-03-09,5.115534276077459
2017-03-10,5.145117001076809
2017-03-13,5.158944526039233
2017-03-14,5.130034820492406
2017-03-15,5.188088465621328
2017-03-16,5.194273305133401
2017-03-17,5.195547938226751
2017-03-20,5.187461399125924
2017-03-21,5.140817241594992
2017-03-22,5.147520877238375
2017-03-23,5.150248837136387
2017-03-24,5.155078641301933
2017-03-27,5.158697052569021
2017-03-28,5.190221840388479
2017-03-29,5.192758010589533
2017-03-30,5.19276462805529
2017-03-31,5.18284210170742
2017-04-03,5.174557547571878
2017-04-04,5.175453417689257
2017-04-05,5.1542128210288
2017-04-06,5.162133171130347
2017-04-07,5.157797465170476
2017-04-10,5.156562203092935
2017-04-11,5.182249919079438
2017-04-12,5.186429328630619
2017-04-13,5.178794966093608
2017-04-17,5.191259969880035
2017-04-18,5.1965220585794425
2017-04-19,5.179911141976142
2017-04-20,5.194707708010253
2017-04-21,5.194776063495204
2017-04-24,5.224068418065449
2017-04-25,5.232243385800442
2017-04-26,5.236100190044276
2017-04-27,5.237106217639057
2017-04-28,5.2405039300545875
2017-05-01,5.240798062507617
2017-05-02,5.249084843378989
2017-05-03,5.242421339206306
2017-05-04,5.251925778350429
2017-05-05,5.269592022490667
2017-05-08,5.2517349671605995
2017-05-09,5.243405782552247
2017-05-10,5.252242478516805
2017-05-11,5.240569979710275
2017-05-12,5.254601928599172
2017-05-15,5.266189905813154
2017-05-16,5.275167982559576
2017-05-17,5.2727027661041435
2017-05-18,5.2779726559809195
2017-05-19,5.299207004841466
2017-05-22,5.307499079640428
2017-05-23,5.299899457769204
2017-05-24,5.310535884966128
2017-05-25,5.315898935713802
2017-05-26,5.319164788679703
2017-05-30,5.3196962064022655
2017-05-31,5.326185617806826
2017-06-01,5.339973172494773
2017-06-02,5.367494299785543
2017-06-05,5.3587084300904015
2017-06-06,5.367254356260047
2017-06-07,5.362181511476146
2017-06-08,5.3533912340887495
2017-06-09,5.339238127284513
2017-06-12,5.3346615602413
2017-06-13,5.347794553938624
2017-06-14,5.3502232180070015
2017-06-15,5.334474332509332
2017-06-16,5.3434205119658715
2017-06-19,5.346430189600347
2017-06-20,5.334952887072282
2017-06-21,5.3364321180865355
2017-06-22,5.339672802673586
2017-06-23,5.346685774314371
2017-06-26,5.3443411092159545
2017-06-27,5.330244891188344
2017-06-28,5.348277113588879
2017-06-29,5.322494465855922
2017-06-30,5.319338450768924
2017-07-03,5.314454719217964
2017-07-05,5.318969560161366
2017-07-06,5.29795805629279
2017-07-07,5.304357211464063
2017-07-10,5.309294120673445
2017-07-11,5.313537520831443
2017-07-12,5.339178468034877
2017-07-13,5.34019876823608
2017-07-14,5.355080313328322
2017-07-17,5.354714608142333
2017-07-18,5.367626473252213
2017-07-19,5.37705725133472
2017-07-20,5.3827797690323935
2017-07-21,5.389621875648758
2017-07-24,5.384786987124581
2017-07-25,5.376028799395642
2017-07-26,5.392611907933477
2017-07-27,5.385118748656886
2017-07-28,5.395881626793654
2017-07-31,5.39624104798145
2017-08-01,5.410248645630853
2017-08-02,5.407572977296225
2017-08-03,5.412827949794512
2017-08-04,5.405453799205933
2017-08-07,5.406612283144158
2017-08-08,5.398892535980293
2017-08-09,5.408946500059192
2017-08-10,5.38972735289058
2017-08-11,5.3953412563637
2017-08-14,5.4050437970775125
2017-08-15,5.394417887825966
2017-08-16,5.411689475248542
2017-08-17,5.3938679692955995
2017-08-18,5.391788090159728
2017-08-21,5.397152636199665
2017-08-22,5.404972028342495
2017-08-23,5.4113322107834705
2017-08-24,5.401257416122323
2017-08-25,5.413465310768121
2017-08-28,5.426696207362994
2017-08-29,5.426861260677172
2017-08-30,5.4290262912902465
2017-08-31,5.453601863794617
2017-09-01,5.450624824037863
2017-09-05,5.458534460577911
2017-09-06,5.460156771676305
2017-09-07,5.482393641372217
2017-09-08,5.477099760581194
2017-09-11,5.475591882091004
2017-09-12,5.4794519231081935
2017-09-13,5.4663099505418895
2017-09-14,5.472442005535844
2017-09-15,5.470420861103343
2017-09-18,5.465697752451458
2017-09-19,5.4710588811664715
2017-09-20,5.461269321720145
2017-09-21,5.450937564637418
2017-09-22,5.459246235251971
2017-09-25,5.465792117956883
2017-09-26,5.455773206611364
2017-09-27,5.445815021685446
2017-09-28,5.4510954376589185
2017-09-29,5.454435400422872
2017-10-02,5.455232506280223
2017-10-03,5.463262163951537
2017-10-04,5.463745218231695
2017-10-05,5.4642522550332115
2017-10-06,5.461333612717534
2017-10-09,5.4692280450704605
2017-10-10,5.483135628129974
2017-10-11,5.489692660707754
2017-10-12,5.491356581743571
2017-10-13,5.509601303499419
2017-10-16,5.502852651742878
2017-10-17,5.495516664882959
2017-10-18,5.4923973801372865
2017-10-19,5.497080218776108
2017-10-20,5.488327188305301
2017-10-23,5.486572612662792
2017-10-24,5.481203586192743
2017-10-25,5.4708306557036535
2017-10-26,5.463366683287512
2017-10-27,5.4828397566052836
2017-10-30,5.490801588727014
2017-10-31,5.492011554023213
2017-11-01,5.497891626749196
2017-11-02,5.503233957367737
2017-11-03,5.5044431958009605
2017-11-06,5.515542153509425
2017-11-07,5.509404253179058
2017-11-08,5.515061281785845
2017-11-09,5.505881026751202
2017-11-10,5.48622779979058
2017-11-13,5.4837353964695215
2017-11-14,5.484046950490536
2017-11-15,5.477153150301898
2017-11-16,5.493379195078439
2017-11-17,5.496464277469185
2017-11-20,5.491631830283744
2017-11-21,5.511126563612649
2017-11-22,5.523285718539591
2017-11-24,5.532538492949184
2017-11-27,5.528438403751323
2017-11-28,5.546623004548941
2017-11-29,5.531154740941929
2017-11-30,5.533088579247635
2017-12-01,5.5371015204739145
2017-12-04,5.5296138742246095
2017-12-05,5.525633997397828
2017-12-06,5.52666210750379
2017-12-07,5.5298272090605955
2017-12-08,5.542008847963399
2017-12-11,5.5477605539715835
2017-12-12,5.550116042112865
2017-12-13,5.563222970196105
2017-12-14,5.552103938621916
2017-12-15,5.563451094004948
2017-12-18,5.581596372593625
2017-12-19,5.563244651114588
2017-12-20,5.553405835467854
2017-12-21,5.562959691705811
2017-12-22,5.570307497371185
2017-12-26,5.575972573900026
2017-12-27,5.589661719600012
2017-12-28,5.594381084182755
2017-12-29,5.598362735799822
2018-01-02,5.619074398472309
2018-01-03,5.629517595458773
2018-01-04,5.647458425042798
2018-01-05,5.65787662337006
2018-01-08,5.658742361152286
2018-01-09,5.651229765162493
2018-01-10,5.649339915748324
2018-01-11,5.668144132780049
2018-01-12,5.69407854880808
2018-01-16,5.691450930884846
2018-01-17,5.69744859330726
2018-01-18,5.687969576896878
2018-01-19,5.715720887098724
2018-01-22,5.746365875574396
2018-01-23,5.765298823241504
2018-01-24,5.7870243487329756
2018-01-25,5.769626489302159
2018-01-26,5.814363393676728
2018-01-29,5.772270785001203
2018-01-30,5.726458639893569
2018-01-31,5.735879388986887
2018-02-01,5.74449452495447
2018-02-02,5.6367118423204206
2018-02-05,5.479488289383512
2018-02-06,5.52205734180859
2018-02-07,5.485185255631075
2018-02-08,5.383949703064125
2018-02-09,5.408885945514393
2018-02-12,5.466028974081787
2018-02-13,5.478511466854525
2018-02-14,5.5677271838029245
2018-02-15,5.6004251116232355
2018-02-16,5.600241177125711
2018-02-20,5.542262820151225
2018-02-21,5.515882578749739
2018-02-22,5.538545653793955
2018-02-23,5.572228135714375
2018-02-26,5.61087903734623
2018-02-27,5.542001880322186
2018-02-28,5.509182668633941
2018-03-01,5.455733910596537
2018-03-02,5.4838067963566015
2018-03-05,5.504770500293555
2018-03-06,5.54458240578682
2018-03-07,5.527604826358197
2018-03-08,5.53186444174949
2018-03-09,5.5694072100532095
2018-03-12,5.569380574240546
2018-03-13,5.5546383020865395
2018-03-14,5.549467266859636
2018-03-15,5.530602996752916
2018-03-16,5.524901307263031
2018-03-19,5.4986136922748665
2018-03-20,5.489360192190392
2018-03-21,5.5333383813389085
2018-03-22,5.457393940606121
2018-03-23,5.460698882794375
2018-03-26,5.5403013626983055
2018-03-27,5.48931958274537
2018-03-28,5.459586913492643
2018-03-29,5.492881922356943
2018-04-02,5.471397865140721
2018-04-03,5.479854622014297
2018-04-04,5.502794395978425
2018-04-05,5.511187275546896
2018-04-06,5.482366187089146
2018-04-09,5.510884617785154
2018-04-10,5.555489315017913
2018-04-11,5.562373342071589
2018-04-12,5.549255407850698
2018-04-13,5.5638301543652275
2018-04-16,5.580968891317145
2018-04-17,5.6051386053408665
2018-04-18,5.616862696177042
2018-04-19,5.598043895345346
2018-04-20,5.560697371966618
2018-04-23,5.537597215714361
2018-04-24,5.525966121434795
2018-04-25,5.509628925468784
2018-04-26,5.521989607330813
2018-04-27,5.535740542116821
2018-04-30,5.501679950853364
2018-05-01,5.480040701611874
2018-05-02,5.462686027809342
2018-05-03,5.477518822357285
2018-05-04,5.505664426994213
2018-05-07,5.5108376727351835
2018-05-08,5.51147084952923
2018-05-09,5.524470958811796
2018-05-10,5.56487602428527
2018-05-11,5.571076048416526
2018-05-14,5.566083403420525
2018-05-15,5.526587935834573
2018-05-16,5.5404755559784675
2018-05-17,5.543807766429702
2018-05-18,5.526138046713434
2018-05-21,5.563622626480454
2018-05-22,5.553294259521076
2018-05-23,5.522179812741825
2018-05-24,5.507324700033694
2018-05-25,5.480338287393547
2018-05-29,5.417307710807243
2018-05-30,5.495851643840771
2018-05-31,5.462184625196702
2018-06-01,5.5120098520783385
2018-06-04,5.532481023115643
2018-06-05,5.528989921213396
2018-06-06,5.577252278344871
2018-06-07,5.558524730760254
2018-06-08,5.569038421248424
2018-06-11,5.592939069516694
2018-06-12,5.575221621408136
2018-06-13,5.5723933608017795
2018-06-14,5.571390784981734
2018-06-15,5.551856747592648
2018-06-18,5.540436591824997
2018-06-19,5.519200356950108
2018-06-20,5.5286173158207035
2018-06-21,5.49396049035887
2018-06-22,5.5039764748441495
2018-06-25,5.429050972427078
2018-06-26,5.441070844328853
2018-06-27,5.395995461547897
2018-06-28,5.4268464891131
2018-06-29,5.4346604071024425
2018-07-02,5.446277360910653
2018-07-03,5.4270470850105825
2018-07-05,5.471320429461332
2018-07-06,5.517598697107738
2018-07-09,5.567280535076649
2018-07-10,5.587314920865247
2018-07-11,5.546446527775885
2018-07-12,5.596730153437242
2018-07-13,5.601798675739628
2018-07-16,5.5967897481775095
2018-07-17,5.619429368721443
2018-07-18,5.631250727820376
2018-07-19,5.633251032238127
2018-07-20,5.626813974166315
2018-07-23,5.637277270769228
2018-07-24,5.665642280717018
2018-07-25,5.711142792161391
2018-07-26,5.697669855304754
2018-07-27,5.681514408767874
2018-07-30,5.664947833614879
2018-07-31,5.683503886521673
2018-08-01,5.674007898299656
2018-08-02,5.704916688884447
2018-08-03,5.729362748172872
2018-08-06,5.75037306603082
2018-08-07,5.7693612126049985
2018-08-08,5.766938645836325
2018-08-09,5.759059907203341
2018-08-10,5.759381309624052
2018-08-13,5.756755091485482
2018-08-14,5.76122583880976
2018-08-15,5.757523523891673
2018-08-16,5.77078942980999
2018-08-17,5.777948116029271
2018-08-20,5.7895648933829875
2018-08-21,5.788814385856317
2018-08-22,5.791847839063712
2018-08-23,5.7876909859559635
2018-08-24,5.800030766140549
2018-08-27,5.803477951140529
2018-08-28,5.795452018010404
2018-08-29,5.801071428941335
2018-08-30,5.798382151490658
2018-08-31,5.79798978068973
2018-09-04,5.790836819402845
2018-09-05,5.785547783345038
2018-09-06,5.7899893654426
2018-09-07,5.771154716176696
2018-09-10,5.777570323430984
2018-09-11,5.796623421535401
2018-09-12,5.799954915957314
2018-09-13,5.810163408088425
2018-09-14,5.811160508397235
2018-09-17,5.780395694518288
2018-09-18,5.811760283513929
2018-09-19,5.8179522213432255
2018-09-20,5.865100329798977
2018-09-21,5.859740227033937
2018-09-24,5.840276801461754
2018-09-25,5.834856790045563
2018-09-26,5.817399959984342
2018-09-27,5.833651042365503
2018-09-28,5.834254949113311
2018-10-01,5.854524731357881
2018-10-02,5.8511126926630235
2018-10-03,5.8543229700384884
2018-10-04,5.808569287083663
2018-10-05,5.776057481848741
2018-10-08,5.776057481848741
2018-10-09,5.767628265771292
2018-10-10,5.585007416118177
2018-10-11,5.585007416118177
2018-10-12,5.66257335008886
2018-10-15,5.63076498717344
2018-10-16,5.753887467570445
2018-10-17,5.754913362086611
2018-10-18,5.671806048677205
2018-10-19,5.668729069242996
2018-10-22,5.643285547424951
2018-10-23,5.643285547424951
2018-10-24,5.643285547424951
2018-10-25,5.643285547424951
2018-10-26,5.643285547424951
2018-10-29,5.643285547424951
2018-10-30,5.643285547424951
2018-10-31,5.643285547424951
2018-11-01,5.643285547424951
2018-11-02,5.643285547424951
2018-11-05,5.643285547424951
2018-11-06,5.678997730002368
2018-11-07,5.800577665386836
2018-11-08,5.790050750470148
2018-11-09,5.733490141277243
2018-11-12,5.733490141277243
2018-11-13,5.733490141277243
2018-11-14,5.733490141277243
2018-11-15,5.733490141277243
2018-11-16,5.742820384976845
2018-11-19,5.742271209006399
2018-11-20,5.740076072705882
2018-11-21,5.743918214390648
2018-11-23,5.742271209006399
2018-11-26,5.7411739021196855
2018-11-27,5.742820384976845
2018-11-28,5.769162180759424
2018-11-29,5.771911726313172
2018-11-30,5.774808871129637
2018-12-03,5.7924301239433555
2018-12-04,5.807903622643994
2018-12-06,5.822273934240555
2018-12-07,5.830009895975141
2018-12-10,5.83388076476679
2018-12-11,5.835540533655884
2018-12-12,5.831117808773619
2018-12-13,5.8327781027398675
2018-12-14,5.834432620857405
2018-12-17,5.8443833580346345
2018-12-18,5.8615533810252645
2018-12-19,5.867088744400409
2018-12-20,5.8811011002457345
2018-12-21,5.878322608120056
2018-12-24,5.893974943782078
2018-12-26,5.881569678657418
2018-12-27,5.897961979594044
2018-12-28,5.92013741295534
2018-12-31,5.934000895749539
2019-01-02,5.938354139167751
2019-01-03,5.968379110315941
2019-01-04,5.944773088837297
2019-01-07,5.9408159811754135
2019-01-08,5.934020923046238
2019-01-09,5.945677282613806
2019-01-10,5.932697543979732
2019-01-11,5.941483042538302
2019-01-14,5.938162873289079
2019-01-15,5.936714098206831
2019-01-16,5.944844359594454
2019-01-17,5.939645915689404
2019-01-18,5.924448290003583
2019-01-22,5.932951770193816
2019-01-23,5.935932393362275
2019-01-24,5.941798997021435
2019-01-25,5.958320407467897
2019-01-28,5.959934494227297
2019-01-29,5.979217042191086
2019-01-30,5.996934862132879
2019-01-31,6.011711857085807
2019-02-01,5.999347797000673
2019-02-04,5.993638615350642
2019-02-05,6.007942556396947
2019-02-06,5.996836510493223
2019-02-07,6.002140620173469
2019-02-08,6.017546407069309
2019-02-11,6.006280288017733
2019-02-12,6.015515853589401
2019-02-13,6.004447245159966
2019-02-14,6.016844533741357
2019-02-15,6.032544935153312
2019-02-19,6.054835390575555
2019-02-20,6.054114780363137
2019-02-21,6.029120133724013
2019-02-22,6.047383530656848
2019-02-25,6.045613742310547
2019-02-26,6.054452600498747
2019-02-27,6.036417287374929
2019-02-28,6.021093394439013
2019-03-01,6.003201924811253
2019-03-04,6.003574574968537
2019-03-05,6.007176357472287
2019-03-06,6.009257952661167
2019-03-07,6.015886558697598
2019-03-08,6.032796308614086
2019-03-11,6.036098890132908
2019-03-12,6.053126372082492
2019-03-13,6.0678421801692295
2019-03-14,6.050310973344247
2019-03-15,6.074997424045051
2019-03-18,6.079457822935485
2019-03-19,6.081586423478441
2019-03-20,6.102180556098067
2019-03-21,6.104662062720318
2019-03-22,6.0991626142388
2019-03-25,6.1146911905234465
2019-03-26,6.119764594137178
2019-03-27,6.1184215118558996
2019-03-28,6.105136457162807
2019-03-29,6.113592786891778
2019-04-01,6.112111585348
2019-04-02,6.120314410317691
2019-04-03,6.120760397373666
2019-04-04,6.126158565557811
2019-04-05,6.134159230437567
2019-04-08,6.137910765962595
2019-04-09,6.134722943940654
2019-04-10,6.15061034263035
2019-04-11,6.13227984058411
2019-04-12,6.1369730273405665
2019-04-15,6.1344148474567906
2019-04-16,6.121394021755704
2019-04-17,6.119677769132046
2019-04-18,6.12594520948896
2019-04-22,6.121199815606816
2019-04-23,6.135498679417339
2019-04-24,6.137082583717761
2019-04-25,6.136253672303693
2019-04-26,6.1575361874598205
2019-04-29,6.153137891693205
2019-04-30,6.15918092038845
2019-05-01,6.142370760076105
2019-05-02,6.128019394840179
2019-05-03,6.158691653687353
2019-05-06,6.14939119621825
2019-05-07,6.123105211164192
2019-05-08,6.119991444945221
2019-05-09,6.117163140500668
2019-05-10,6.131020108974345
2019-05-13,6.121176504251702
2019-05-14,6.138489759286708
2019-05-15,6.152037604270553
2019-05-16,6.15530679522618
2019-05-17,6.138094574654457
2019-05-20,6.12446403481309
2019-05-21,6.134643425833089
2019-05-22,6.133629922898486
2019-05-23,6.134318410984997
2019-05-24,6.147311346943158
2019-05-28,6.133438898770896
2019-05-29,6.12905708449706
2019-05-30,6.150661690794467
2019-05-31,6.191959278397568
2019-06-03,6.224077798140023
2019-06-04,6.2482023126237545
2019-06-05,6.255366754731143
2019-06-06,6.266652391200345
2019-06-07,6.301097499490807
2019-06-10,6.286580594130326
2019-06-11,6.288605672079182
2019-06-12,6.291296022693005
2019-06-13,6.309828275702716
2019-06-14,6.301475220033173
2019-06-17,6.300683987814485
2019-06-18,6.335071407100393
2019-06-19,6.360909753129218
2019-06-20,6.40936474796451
2019-06-21,6.401259265410766
2019-06-24,6.42345982701537
2019-06-25,6.412702457785264
2019-06-26,6.395348652140602
2019-06-27,6.409943700459124
2019-06-28,6.419929608783311
2019-07-01,6.415625229808154
2019-07-02,6.446197206292034
2019-07-03,6.466473558856041
2019-07-05,6.4328656630515395
2019-07-08,6.415272807552732
2019-07-09,6.414518801637802
2019-07-10,6.438334025041778
2019-07-11,6.418701758225691
2019-07-12,6.433221921568626
2019-07-15,6.439809333674446
2019-07-16,6.421801518107159
2019-07-17,6.43865363972164
2019-07-18,6.462720620870492
2019-07-19,6.438408810728518
2019-07-22,6.446264041015355
2019-07-23,6.4500744601212
2019-07-24,6.464530449705494
2019-07-25,6.439384146856617
2019-07-26,6.449102788394581
2019-07-29,6.456562478962144
2019-07-30,6.4461954307615805
2019-07-31,6.421915008581112
2019-08-01,6.460772569101483
2019-08-02,6.442587369547965
2019-08-05,6.440782371369242
2019-08-06,6.476569101229882
2019-08-07,6.491501956722379
2019-08-08,6.5278448786726395
2019-08-09,6.506524144773103
2019-08-12,6.518861165370374
2019-08-13,6.533061000672698
2019-08-14,6.521790148833236
2019-08-15,6.551877400886541
2019-08-16,6.556892336896421
2019-08-19,6.553142780256936
2019-08-20,6.565547450306357
2019-08-21,6.575236666160153
2019-08-22,6.560769973301235
2019-08-23,6.572250589063235
2019-08-26,6.5816551532068654
2019-08-27,6.602001832503272
2019-08-28,6.6065545443299065
2019-08-29,6.618411759577107
2019-08-30,6.623384392638979
2019-09-03,6.627436115903065
2019-09-04,6.664710976920987
2019-09-05,6.644006580052389
2019-09-06,6.645137301553239
2019-09-09,6.629499781311325
2019-09-10,6.603600357965347
2019-09-11,6.622368480949139
2019-09-12,6.628118382139689
2019-09-13,6.605040527837253
2019-09-16,6.608435768073046
2019-09-17,6.622028639971315
2019-09-18,6.619633359061752
2019-09-19,6.632350028584415
2019-09-20,6.649045182977937
2019-09-23,6.652444445182094
2019-09-24,6.655217235666375
2019-09-25,6.625415063058007
2019-09-26,6.633588052720064
2019-09-27,6.623855049511353
2019-09-30,6.618947185506536
2019-10-01,6.6075845435625356
2019-10-02,6.5802483186687875
2019-10-03,6.613488677783341
2019-10-04,6.640633051477982
2019-10-07,6.617207331662382
2019-10-08,6.602163808756875
2019-10-09,6.617754421524815
2019-10-10,6.610709707979639
2019-10-11,6.622707492507823
2019-10-14,6.627331746691473
2019-10-15,6.629929799427144
2019-10-16,6.642478033527272
2019-10-17,6.64832996211564
2019-10-18,6.6453015258116555
2019-10-21,6.642543090844845
2019-10-22,6.645401098132964
2019-10-23,6.659375132032941
2019-10-24,6.671317857667108
2019-10-25,6.6736704268560985
2019-10-28,6.666371316864623
2019-10-29,6.663132200216557
2019-10-30,6.686573635996941
2019-10-31,6.7058215034281154
2019-11-01,6.726767466925506
2019-11-04,6.724727434306928
2019-11-05,6.690800826925369
2019-11-06,6.700320750805421
2019-11-07,6.674742465487769
2019-11-08,6.6685624623580795
2019-11-11,6.663057019902219
2019-11-12,6.672087989163798
2019-11-13,6.677668738746843
2019-11-14,6.689188343909148
2019-11-15,6.701332697715745
2019-11-18,6.712768127229211
2019-11-19,6.71348968418762
2019-11-20,6.708860440227995
2019-11-21,6.695192722759631
2019-11-22,6.701344289855692
2019-11-25,6.719638729649286
2019-11-26,6.731032659848739
2019-11-27,6.730708706040305
2019-11-29,6.719179110623552
2019-12-02,6.697916116932003
2019-12-03,6.709415107285996
2019-12-04,6.7218913266367295
2019-12-05,6.718639461352857
2019-12-06,6.725729833047293
2019-12-09,6.7169548833535355
2019-12-10,6.717923396324027
2019-12-11,6.743493314239193
2019-12-12,6.743663743995144
2019-12-13,6.770724797083856
2019-12-16,6.785216182110343
2019-12-17,6.778683634184084
2019-12-18,6.770857282417444
2019-12-19,6.782185475710124
2019-12-20,6.789905088759216
2019-12-23,6.7947242284225435
2019-12-24,6.808627279579756
2019-12-26,6.83219251695759
2019-12-27,6.837858001948021
2019-12-30,6.823653339398292
2019-12-31,6.827331547969083
2020-01-02,6.869180698788616
2020-01-03,6.868547263916367
2020-01-06,6.888094826344274
2020-01-07,6.88169781703694
2020-01-08,6.8809695988665585
2020-01-09,6.890970823461734
2020-01-10,6.893693255879993
2020-01-13,6.900613371534774
2020-01-14,6.901559770558889
2020-01-15,6.915600340315168
2020-01-16,6.931477566144873
2020-01-17,6.938099609780216
2020-01-21,6.935039775566752
2020-01-22,6.9398034728828275
2020-01-23,6.944912857517149
2020-01-24,6.938492864530694
2020-01-27,6.906851641385216
2020-01-28,6.918600980530345
2020-01-29,6.931417180881171
2020-01-30,6.93494682501371
2020-01-31,6.9083493400872475
2020-02-03,6.911310814459983
2020-02-04,6.91977717125781
2020-02-05,6.9392396221022326
2020-02-06,6.954454137686708
2020-02-07,6.952997869968485
2020-02-10,6.97043330287704
2020-02-11,6.970314608433667
2020-02-12,6.975861182918083
2020-02-13,6.977453057855554
2020-02-14,6.986540248348685
2020-02-18,6.998334324213438
2020-02-19,7.01294275703734
2020-02-20,7.015992565521012
2020-02-21,7.0261225745768225
2020-02-24,7.011593214640142
2020-02-25,6.961186091248591
2020-02-26,6.958721859341291
2020-02-27,6.9599639218922755
2020-02-28,6.941673952376214
2020-03-02,6.986956366364693
2020-03-03,7.068782195238636
2020-03-04,7.1027261755921325
2020-03-05,7.1499304201781895
2020-03-06,7.19308914859441
2020-03-09,7.188152257605787
2020-03-10,7.092735441752238
2020-03-11,7.008647462469333
2020-03-12,6.729084718433723
2020-03-13,6.722345512105865
2020-03-16,6.766867308851218
2020-03-17,6.858595442842158
2020-03-18,6.858595442842158
2020-03-19,6.858595442842158
2020-03-20,6.858595442842158
2020-03-23,7.082292407870416
2020-03-24,7.261865031279379
2020-03-25,7.265948212085394
2020-03-26,7.316775145266767
2020-03-27,7.316356389905843
2020-03-30,7.333467790608653
2020-03-31,7.227753177963599
2020-04-01,7.239874939595074
2020-04-02,7.293265491419356
2020-04-03,7.310506153146244
2020-04-06,7.411820896131466
2020-04-07,7.402672439257776
2020-04-08,7.381358962718431
2020-04-09,7.51237017403565
2020-04-13,7.540474329785227
2020-04-14,7.565708338850686
2020-04-15,7.5699796294459585
2020-04-16,7.573418299706397
2020-04-17,7.5112986965484465
2020-04-20,7.5249874483946275
2020-04-21,7.50778277437166
2020-04-22,7.564059536751983
2020-04-23,7.603817664319667
2020-04-24,7.589048141853384
2020-04-27,7.548263834926938
2020-04-28,7.553971841855011
2020-04-29,7.573013623575728
2020-04-30,7.510560167465703
2020-05-01,7.528319423579602
2020-05-04,7.542294455183528
2020-05-05,7.550771008213682
2020-05-06,7.495209885106083
2020-05-07,7.55300245965057
2020-05-08,7.52342955752783
2020-05-11,7.491699563350968
2020-05-12,7.514728350946967
2020-05-13,7.54954355105183
2020-05-14,7.589208681067875
2020-05-15,7.608141486735415
2020-05-18,7.5796202081726225
2020-05-19,7.612415700671474
2020-05-20,7.631392567243459
2020-05-21,7.592897144162722
2020-05-22,7.6122585476024485
2020-05-26,7.584684103348575
2020-05-27,7.611314686114542
2020-05-28,7.614909797529634
2020-05-29,7.6490226869834
2020-06-01,7.663041243231977
2020-06-02,7.659065280694061
2020-06-03,7.647259971973782
2020-06-04,7.658933669942606
2020-06-05,7.661110528543628
2020-06-08,7.714302099269359
2020-06-09,7.716831957044908
2020-06-10,7.752452410498093
2020-06-11,7.653438431009822
2020-06-12,7.675302908827018
2020-06-15,7.697896881121635
2020-06-16,7.704568375156324
2020-06-17,7.69936734190211
2020-06-18,7.702697126582572
2020-06-19,7.715970141671881
2020-06-22,7.727896031685028
2020-06-23,7.744459932033878
2020-06-24,7.719322496238061
2020-06-25,7.7334075208047075
2020-06-26,7.728420137677727
2020-06-29,7.745165158363215
2020-06-30,7.765988903978958
2020-07-01,7.7680849880679474
2020-07-02,7.782291138042027
2020-07-06,7.813792010283324
2020-07-07,7.822543660755189
2020-07-08,7.8385070324080885
2020-07-09,7.846648927866374
2020-07-10,7.850648584329932
2020-07-13,7.845636851245336
2020-07-14,7.8773355977714345
2020-07-15,7.892055652444861
2020-07-16,7.878155993818125
2020-07-17,7.899042077944641
2020-07-20,7.919440491238363
2020-07-21,7.940052050186254
2020-07-22,7.968561186368343
2020-07-23,7.972250480646433
2020-07-24,7.972410378322936
2020-07-27,8.003470488310176
2020-07-28,8.008346794591962
2020-07-29,8.038094442025947
2020-07-30,8.022348735391375
2020-07-31,8.026421773785549
2020-08-03,8.045778653320864
2020-08-04,8.085082778529395
2020-08-05,8.0888938997152
2020-08-06,8.115218717300529
2020-08-07,8.090928550106952
2020-08-10,8.085936195659038
2020-08-11,8.016470624179417
2020-08-12,8.022939767729218
2020-08-13,8.014690009083285
2020-08-14,8.001949841764846
2020-08-17,8.03348702555602
2020-08-18,8.049926687043014
2020-08-19,8.01104161243886
2020-08-20,8.026521224387483
2020-08-21,8.025830084654796
2020-08-24,8.035745979646222
2020-08-25,8.027030838358554
2020-08-26,8.045806905192729
2020-08-27,8.011590839830573
2020-08-28,8.04202428341254
2020-08-31,8.048711338293788
2020-09-01,8.069577631935083
2020-09-02,8.092397580156634
2020-09-03,8.044944438503096
2020-09-04,8.01265800491538
2020-09-08,7.983114652239004
2020-09-09,8.021955278931348
2020-09-10,7.996657596169196
2020-09-11,8.011789700074159
2020-09-14,8.03260507550061
2020-09-15,8.040533313927732
2020-09-16,8.036530162042238
2020-09-17,8.028275958253142
2020-09-18,8.006915088307549
2020-09-21,7.963217269506614
2020-09-22,7.972080069306093
2020-09-23,7.919305012191119
2020-09-24,7.923649432944594
2020-09-25,7.9396230699358386
2020-09-28,7.97708331865178
2020-09-29,7.9784698048482445
2020-09-30,7.967385562633479
2020-10-01,7.991265908329993
2020-10-02,7.975420126498688
2020-10-05,7.987581748057743
2020-10-06,7.963607082940868
2020-10-07,7.98087552406
2020-10-08,8.0035595867527
2020-10-09,8.031325676379545
2020-10-12,8.058452707106895
2020-10-13,8.033920155177846
2020-10-14,8.032899540815272
2020-10-15,8.019108516563268
2020-10-16,8.017456243143934
2020-10-19,7.995779073326573
2020-10-20,8.001729033541634
2020-10-21,7.994525118587404
2020-10-22,7.9826539647999395
2020-10-23,7.998527353793405
2020-10-26,7.974761337068744
2020-10-27,7.9794842352489495
2020-10-28,7.90454086433584
2020-10-29,7.903258593176097
2020-10-30,7.879196612446322
2020-11-02,7.916048684462736
2020-11-03,7.954139587211027
2020-11-04,8.016783951003616
2020-11-05,8.080833046200398
2020-11-06,8.071894753023471
2020-11-09,8.03882358230221
2020-11-10,8.039712768015372
2020-11-11,8.052306092058414
2020-11-12,8.060364488902106
2020-11-13,8.092710367579398
2020-11-16,8.111123522623853
2020-11-17,8.113457493457716
2020-11-18,8.097155638615414
2020-11-19,8.114872840681512
2020-11-20,8.120768498979691
2020-11-23,8.10291659890842
2020-11-24,8.105452491090174
2020-11-25,8.10086570481163
2020-11-27,8.120602521793892
2020-11-30,8.103864164737786
2020-12-01,8.136304449135189
2020-12-02,8.138917793370847
2020-12-03,8.156801672865235
2020-12-04,8.153574162002284
2020-12-07,8.167142304875037
2020-12-08,8.176396724348962
2020-12-09,8.145908654222973
2020-12-10,8.158608359573797
2020-12-11,8.162643788560278
2020-12-14,8.150846931733174
2020-12-15,8.188091713266635
2020-12-16,8.195907694276125
2020-12-17,8.21698440690823
2020-12-18,8.204149408442989
2020-12-21,8.186165588244677
2020-12-22,8.18272513414196
2020-12-23,8.195910994926459
2020-12-24,8.208797110533531
2020-12-28,8.2218335499898
2020-12-29,8.23019603682303
2020-12-30,8.243241720841448
2020-12-31,8.248915840074977
2021-01-04,8.254075085130086
2021-01-05,8.267257010526277
2021-01-06,8.241806993927772
2021-01-07,8.250356816706478
2021-01-08,8.226335468695606
2021-01-11,8.196636847962504
2021-01-12,8.211385044088768
2021-01-13,8.22602916136324
2021-01-14,8.219100828783583
2021-01-15,8.199607838702706
2021-01-19,8.224794885502751
2021-01-20,8.26111868471085
2021-01-21,8.25451295154772
2021-01-22,8.239258897472736
2021-01-25,8.256764585819512
2021-01-26,8.25249746265947
2021-01-27,8.193570936836446
2021-01-28,8.207456662317064
2021-01-29,8.153287541848346
2021-02-01,8.195576532135718
2021-02-02,8.214705113968185
2021-02-03,8.227409840429235
2021-02-04,8.281768365077125
2021-02-05,8.323069713424943
2021-02-08,8.38213461542535
2021-02-09,8.401160308372553
2021-02-10,8.402922629294736
2021-02-11,8.437372481643168
2021-02-12,8.481468595234281
2021-02-16,8.507008940907678
2021-02-17,8.484207602996705
2021-02-18,8.445227925478918
2021-02-19,8.448902872865652
2021-02-22,8.404575568395234
2021-02-23,8.413615142050473
2021-02-24,8.475241233660226
2021-02-25,8.299373448264022
2021-02-26,8.220479960293375
2021-03-01,8.397587929475115
2021-03-02,8.361046821615318
2021-03-03,8.280976111114713
2021-03-04,8.190892593851602
2021-03-05,8.290882480238055
2021-03-08,8.25614800806275
2021-03-09,8.370400785210908
2021-03-10,8.413795697909793
2021-03-11,8.477623733022808
2021-03-12,8.494185185553627
2021-03-15,8.521680018232958
2021-03-16,8.524222616954718
2021-03-17,8.56439692546536
2021-03-18,8.464364300626233
2021-03-19,8.469356023258793
2021-03-22,8.504954438615604
2021-03-23,8.410716763423506
2021-03-24,8.368168805469915
2021-03-25,8.423448425865057
2021-03-26,8.545008436072882
2021-03-29,8.525098088520043
2021-03-30,8.50859671643969
2021-03-31,8.50483195458653
2021-04-01,8.606845305686797
2021-04-05,8.73138262710918
2021-04-06,8.679508042280734
2021-04-07,8.693729591456403
2021-04-08,8.739320872007934
2021-04-09,8.783486665766889
2021-04-12,8.759284157733719
2021-04-13,8.79841703446836
2021-04-14,8.78788575467701
2021-04-15,8.870890248950234
2021-04-16,8.91911891820438
2021-04-19,8.890282420637869
2021-04-20,8.77473829961249
2021-04-21,8.861598862054965
2021-04-22,8.807766895403164
2021-04-23,8.90038001230305
2021-04-26,8.912723708753777
2021-04-27,8.896382044140346
2021-04-28,8.907129541238323
2021-04-29,8.93572259234412
2021-04-30,8.849029060811207
2021-05-03,8.909025703001086
2021-05-04,8.814320958428224
2021-05-05,8.876947045916365
2021-05-06,8.94898702031011
2021-05-07,9.032396050066579
2021-05-10,8.963678060674885
2021-05-11,8.864573502749158
2021-05-12,8.69986557669983
2021-05-13,8.784164544656505
2021-05-14,8.925304963399002
2021-05-17,8.947752545283214
2021-05-18,8.935258453569851
2021-05-19,8.90341258587572
2021-05-20,8.98741237035912
2021-05-21,8.990553124496145
2021-05-24,9.04406675476547
2021-05-25,9.068153526760034
2021-05-26,9.06663935651367
2021-05-27,9.074919727322566
2021-05-28,9.099097172516693
2021-06-01,9.098262935468064
2021-06-02,9.12800791797731
2021-06-03,9.040217268957575
2021-06-04,9.126178422764715
2021-06-07,9.145108754959423
2021-06-08,9.134784166374684
2021-06-09,9.116407410498901
2021-06-10,9.152268101817754
2021-06-11,9.129429649827875
2021-06-14,9.123696297460643
2021-06-15,9.109966872426952
2021-06-16,9.056662375662858
2021-06-17,9.02571185973834
2021-06-18,8.87341104647954
2021-06-21,8.995524439833625
2021-06-22,9.021758827519012
2021-06-23,8.98920966588531
2021-06-24,9.057705729223125
2021-06-25,9.08396941257799
2021-06-28,9.067235119669277
2021-06-29,9.07092292976704
2021-06-30,9.043263918003946
2021-07-01,9.080358458487451
2021-07-02,9.110672836936319
2021-07-06,9.118237106522272
2021-07-07,9.142163302597947
2021-07-08,9.117452497757903
2021-07-09,9.137898141595283
2021-07-12,9.145888185197009
2021-07-13,9.119949072804577
2021-07-14,9.14624878674769
2021-07-15,9.14098244988634
2021-07-16,9.112512355219668
2021-07-19,9.094791917261404
2021-07-20,9.123550721147017
2021-07-21,9.139072182033054
2021-07-22,9.157194274502988
2021-07-23,9.180360360353106
2021-07-26,9.181231465089759
2021-07-27,9.181925076022162
2021-07-28,9.193135023940254
2021-07-29,9.214311355681502
2021-07-30,9.206569567868163
2021-08-02,9.22334436720478
2021-08-03,9.250333226101885
2021-08-04,9.236732804525992
2021-08-05,9.241853217545014
2021-08-06,9.212365915424158
2021-08-09,9.199644910580394
2021-08-10,9.198224681506034
2021-08-11,9.219609710327127
2021-08-12,9.224616164289788
2021-08-13,9.25840662562369
2021-08-16,9.257588135204736
2021-08-17,9.224393016849517
2021-08-18,9.196447239208975
2021-08-19,9.19299950575316
2021-08-20,9.215620831877443
2021-08-23,9.248013632671437
2021-08-24,9.24619132487579
2021-08-25,9.240160225207472
2021-08-26,9.22054263036464
2021-08-27,9.280011345426296
2021-08-30,9.294613997512997
2021-08-31,9.2864973040893
2021-09-01,9.30165406267695
2021-09-02,9.320016625972512
2021-09-03,9.329996528434503
2021-09-07,9.308639342269457
2021-09-08,9.30317232791406
2021-09-09,9.310695690978148
2021-09-10,9.280316229423503
2021-09-13,9.305143678341976
2021-09-14,9.301424108499235
2021-09-15,9.317047526775486
2021-09-16,9.30149125765829
2021-09-17,9.255649264569147
2021-09-20,9.204179242312557
2021-09-21,9.220564610884937
2021-09-22,9.24838024735552
2021-09-23,9.258309496222637
2021-09-24,9.236275324950439
2021-09-27,9.221975668201878
2021-09-28,9.029059125488086
2021-09-29,9.027582640598945
2021-09-30,8.951981646033872
2021-10-01,8.993195583930826
2021-10-04,8.951232159149306
2021-10-05,9.028785932465919
2021-10-06,9.040108772125226
2021-10-07,9.11429681486372
2021-10-08,9.105286855275528
2021-10-11,9.057561263628271
2021-10-12,9.048651295652457
2021-10-13,9.083651537782211
2021-10-14,9.138898544621583
2021-10-15,9.211756584188194
2021-10-18,9.205487210954944
2021-10-19,9.268701893265414
2021-10-20,9.303088175043941
2021-10-21,9.293052561209024
2021-10-22,9.316271500629659
2021-10-25,9.345922908714721
2021-10-26,9.359469542652594
2021-10-27,9.3676851673938
2021-10-28,9.39228763329921
2021-10-29,9.38421784638722
2021-11-01,9.399928149813528
2021-11-02,9.415462546066678
2021-11-03,9.426757444211795
2021-11-04,9.453926242534106
2021-11-05,9.498787809202081
2021-11-08,9.495131458917207
2021-11-09,9.508138435843154
2021-11-10,9.4575993670937
2021-11-11,9.462213886679024
2021-11-12,9.484198348202021
2021-11-15,9.474771101299043
2021-11-16,9.459666069224891
2021-11-17,9.473975016065527
2021-11-18,9.479245965866003
2021-11-19,9.461646060573436
2021-11-22,9.368942998325904
2021-11-23,9.370558769329953
2021-11-24,9.352376202521006
2021-11-26,9.347833973113575
2021-11-29,9.380854947932587
2021-11-30,9.346444898512798
2021-12-01,9.322640161272435
2021-12-02,9.35541968457221
2021-12-03,9.365307100051481
2021-12-06,9.36612850969733
2021-12-07,9.432343848441535
2021-12-08,9.424831131719605
2021-12-09,9.398739077437959
2021-12-10,9.420331023626568
2021-12-13,9.42720206593977
2021-12-14,9.39847613505349
2021-12-15,9.44656313268505
2021-12-16,9.461242088249358
2021-12-17,9.445909282473226
2021-12-20,9.412591723712104
2021-12-21,9.443729599409528
2021-12-22,9.49135329290291
2021-12-23,9.506780030703185
2021-12-27,9.544831226012708
2021-12-28,9.534689943263663
2021-12-29,9.53607739370779
2021-12-30,9.551075441676135
2021-12-31,9.564759353456033
2022-01-03,9.548948075094604
2022-01-04,9.5913063256226
2022-01-05,9.495837240016268
2022-01-06,9.466054034818876
2022-01-07,9.46321560025068
2022-01-10,9.44025514598448
2022-01-11,9.541959758185651
2022-01-12,9.590073852628676
2022-01-13,9.515109450521097
2022-01-14,9.502966996701756
2022-01-18,9.419341875255105
2022-01-19,9.460813273057216
2022-01-20,9.401288970270281
2022-01-21,9.370617842637381
2022-01-24,9.417089584503852
2022-01-25,9.44719728692149
2022-01-26,9.294469503421544
2022-01-27,9.294469503421544
2022-01-28,9.525301614420268
2022-01-31,9.696862639391016
2022-02-01,9.762382463321366
2022-02-02,9.822534166383988
2022-02-03,9.59165601185451
2022-02-04,9.618550473748714
2022-02-07,9.649122888328025
2022-02-08,9.698396372856319
2022-02-09,9.774323967785124
2022-02-10,9.682938751602135
2022-02-11,9.867445971308772
2022-02-14,9.92024387232806
2022-02-15,9.925658592975545
2022-02-16,9.992184785997328
2022-02-17,10.128758704883463
2022-02-18,10.121329717078304
2022-02-22,10.142473558074466
2022-02-23,10.188187991483959
2022-02-24,10.122472839497618
2022-02-25,10.088758139676694
2022-02-28,10.193331606397415
2022-03-01,10.37847732876787
2022-03-02,10.270475366736129
2022-03-03,10.33161977293906
2022-03-04,10.496193651496473
2022-03-07,10.652197163723262
2022-03-08,10.943630600469948
2022-03-09,10.618482463902337
2022-03-10,10.651625166540143
2022-03-11,10.576766779093132
2022-03-14,10.417335643502248
2022-03-15,10.222474688488004
2022-03-16,10.286475592818837
2022-03-17,10.336762515905592
2022-03-18,10.332714199815793
2022-03-21,10.376437067158333
2022-03-22,10.385868076343892
2022-03-23,10.409022250613553
2022-03-24,10.519958779388837
2022-03-25,10.517667324304574
2022-03-28,10.441258358673828
2022-03-29,10.500451179733505
2022-03-30,10.519863803294728
2022-03-31,10.452344948517199
2022-04-01,10.426980888671718
2022-04-04,10.494299528896136
2022-04-05,10.399927234005247
2022-04-06,10.369378765564319
2022-04-07,10.414175984142647
2022-04-08,10.439841556647673
2022-04-11,10.491617572617495
2022-04-12,10.572159114804046
2022-04-13,10.622784299046621
2022-04-14,10.587691392898549
2022-04-18,10.620483513419535
2022-04-19,10.45997716165116
2022-04-20,10.511178200671061
2022-04-21,10.473783631068496
2022-04-22,10.371956529978615
2022-04-25,10.18556217022533
2022-04-26,10.20109532614724
2022-04-27,10.124005401315022
2022-04-28,10.178658057689258
2022-04-29,10.177508103789416
2022-05-02,9.988812080581638
2022-05-03,10.015275065516471
2022-05-04,10.11365054925202
2022-05-05,10.075106025749614
2022-05-06,10.091789135571364
2022-05-09,9.945665107997653
2022-05-10,9.945665107997653
2022-05-11,10.026892633112647
2022-05-12,10.026892633112647
2022-05-13,10.026892633112647
2022-05-16,10.026892633112647
2022-05-17,10.026892633112647
2022-05-18,10.026892633112647
2022-05-19,10.174260228471253
2022-05-20,10.181361976609255
2022-05-23,10.228709071360955
2022-05-24,10.305647987448628
2022-05-25,10.243504982028941
2022-05-26,10.224565782899974
2022-05-27,10.229892997074195
2022-05-31,10.229892997074195
2022-06-01,10.295047525200824
2022-06-02,10.421771139646733
2022-06-03,10.315969139084526
2022-06-06,10.315969139084526
2022-06-07,10.383212967348541
2022-06-08,10.373606444416982
2022-06-09,10.340584594420028
2022-06-10,10.479275448278784
2022-06-13,10.479275448278784
2022-06-14,10.479275448278784
2022-06-15,10.479275448278784
2022-06-16,10.59709584512358
2022-06-17,10.59709584512358
2022-06-21,10.59709584512358
2022-06-22,10.59709584512358
2022-06-23,10.59709584512358
2022-06-24,10.59709584512358
2022-06-27,10.59709584512358
2022-06-28,10.59709584512358
2022-06-29,10.59709584512358
2022-06-30,10.59709584512358
2022-07-01,10.59709584512358
2022-07-05,10.59709584512358
2022-07-06,10.59709584512358
2022-07-07,10.59709584512358
2022-07-08,10.59709584512358
2022-07-11,10.59709584512358
2022-07-12,10.59709584512358
2022-07-13,10.59709584512358
2022-07-14,10.59709584512358
2022-07-15,10.59709584512358
2022-07-18,10.59709584512358
2022-07-19,10.59709584512358
2022-07-20,10.59709584512358
2022-07-21,10.59709584512358
2022-07-22,10.59709584512358
2022-07-25,10.59709584512358
2022-07-26,10.59709584512358
2022-07-27,10.59709584512358
2022-07-28,10.59709584512358
2022-07-29,10.59709584512358
2022-08-01,10.59709584512358
2022-08-02,10.59709584512358
2022-08-03,10.59709584512358
2022-08-04,10.59709584512358
2022-08-05,10.59709584512358
2022-08-08,10.59709584512358
2022-08-09,10.59709584512358
2022-08-10,10.59709584512358
2022-08-11,10.59709584512358
2022-08-12,10.59709584512358
2022-08-15,10.59709584512358
2022-08-16,10.617851704814237
2022-08-17,10.617851704814237
2022-08-18,10.617851704814237
2022-08-19,10.617851704814237
2022-08-22,10.617851704814237
2022-08-23,10.617851704814237
2022-08-24,10.617851704814237
2022-08-25,10.617851704814237
2022-08-26,10.617851704814237
2022-08-29,10.617851704814237
2022-08-30,10.617851704814237
2022-08-31,10.617851704814237
2022-09-01,10.617851704814237
2022-09-02,10.617851704814237
2022-09-06,10.617851704814237
2022-09-07,10.617851704814237
2022-09-08,10.617851704814237
2022-09-09,10.617851704814237
2022-09-12,10.617851704814237
2022-09-13,10.617851704814237
2022-09-14,10.617851704814237
2022-09-15,10.617851704814237
2022-09-16,10.617851704814237
2022-09-19,10.617851704814237
2022-09-20,10.617851704814237
2022-09-21,10.617851704814237
2022-09-22,10.617851704814237
2022-09-23,10.617851704814237
2022-09-26,10.617851704814237
2022-09-27,10.617851704814237
2022-09-28,10.617851704814237
2022-09-29,10.617851704814237
2022-09-30,10.617851704814237
2022-10-03,10.617851704814237
2022-10-04,10.617851704814237
2022-10-05,10.617851704814237
2022-10-06,10.617851704814237
2022-10-07,10.617851704814237
2022-10-10,10.617851704814237
2022-10-11,10.617851704814237
2022-10-12,10.617851704814237
2022-10-13,10.617851704814237
2022-10-14,10.617851704814237
2022-10-17,10.617851704814237
2022-10-18,10.617851704814237
2022-10-19,10.617851704814237
2022-10-20,10.617851704814237
2022-10-21,10.617851704814237
2022-10-24,10.617851704814237
2022-10-25,10.617851704814237
2022-10-26,10.617851704814237
2022-10-27,10.617851704814237
2022-10-28,10.617851704814237
2022-10-31,10.617851704814237
2022-11-01,10.617851704814237
2022-11-02,10.617851704814237
2022-11-03,10.617851704814237
2022-11-04,10.617851704814237
2022-11-07,10.617851704814237
2022-11-08,10.617851704814237
2022-11-09,10.617851704814237
2022-11-10,10.617851704814237
2022-11-11,10.829611563673886
2022-11-14,10.829611563673886
2022-11-15,10.829611563673886
2022-11-16,10.829611563673886
2022-11-17,10.829611563673886
2022-11-18,10.829611563673886
2022-11-21,10.829611563673886
2022-11-22,10.9803476853486
2022-11-23,11.100937443931006
2022-11-25,11.157882089365556
2022-11-28,11.013845717701953
2022-11-29,11.045665762318192
2022-11-30,11.317592131691862
2022-12-01,11.438050490511143
2022-12-02,11.427247904823965
2022-12-05,11.277065927657034
2022-12-06,11.226442464302323
2022-12-07,11.226442464302323
2022-12-08,11.283815963800675
2022-12-09,11.290564553766245
2022-12-12,11.324313288306373
2022-12-13,11.477688958692232
2022-12-14,11.45701256307694
2022-12-15,11.16437108031424
2022-12-16,11.066258856904986
2022-12-19,11.039195781041297
2022-12-20,11.164610840700275
2022-12-21,11.202337406218104
2022-12-22,11.085390082603922
2022-12-23,11.12096989777022
2022-12-27,11.182379814117363
2022-12-28,11.103209328761695
2022-12-29,11.2121619194627
2022-12-30,11.193754591902895
2023-01-03,11.289656681608635
2023-01-04,11.41461864775931
2023-01-05,11.284543480065318
2023-01-06,11.528701144673914
2023-01-09,11.560984156299453
2023-01-10,11.599759092613342
2023-01-11,11.668083261040886
2023-01-12,11.772456652684982
2023-01-13,11.804723941492153
2023-01-17,11.780875247588256
2023-01-18,11.823279682638551
2023-01-19,11.856805871495807
2023-01-20,11.882856952511977
2023-01-23,11.907933400585609
2023-01-24,11.935348895855741
2023-01-25,11.968731850611489
2023-01-26,11.959279007682541
2023-01-27,11.948357288801951
2023-01-30,11.888656739135678
2023-01-31,11.960896282726505
2023-02-01,12.071687251897194
2023-02-02,12.047551203445336
2023-02-03,11.888448253351719
2023-02-06,11.83059126060955
2023-02-07,11.870714132891031
2023-02-08,11.847395244119262
2023-02-09,11.795412044054371
2023-02-10,11.792622936654196
2023-02-13,11.844480551277359
2023-02-14,11.853846696158216
2023-02-15,11.804655819537103
2023-02-16,11.733061796446902
2023-02-17,11.747705301342917
2023-02-21,11.61791961129856
2023-02-22,11.566854764187564
2023-02-23,11.604011537374024
2023-02-24,11.468740888643092
2023-02-27,11.545142158868241
2023-02-28,11.521072396638846
2023-03-01,11.55285026918074
2023-03-02,11.585063367186946
2023-03-03,11.743232413548096
2023-03-06,11.713938314228798
2023-03-07,11.519842937038554
2023-03-08,11.545434542300978
2023-03-09,11.492963539339158
2023-03-10,11.557036389505623
2023-03-13,11.649154649404005
2023-03-14,11.676169132980005
2023-03-15,11.662063881421027
2023-03-16,11.725515980017102
2023-03-17,11.773222995876933
2023-03-20,11.81496908508448
2023-03-21,11.8196213642613
2023-03-22,11.859641965176191
2023-03-23,11.907877548301768
2023-03-24,11.89632627122167
2023-03-27,11.849794865474383
2023-03-28,11.858083300848048
2023-03-29,11.916458701210912
2023-03-30,11.986043756163872
2023-03-31,12.042438403748601
2023-04-03,12.109581175683006
2023-04-04,12.15952812786142
2023-04-05,12.149354542711714
2023-04-06,12.150069150172698
2023-04-10,12.10033907368291
2023-04-11,12.127255796961062
2023-04-12,12.15159310780512
2023-04-13,12.24641103270809
2023-04-14,12.164421951329004
2023-04-17,12.13351533071585
2023-04-18,12.165001667091362
2023-04-19,12.138302025411438
2023-04-20,12.155885072754867
2023-04-21,12.14032527148372
2023-04-24,12.175500301462241
2023-04-25,12.141625236171254
2023-04-26,12.099231358864653
2023-04-27,12.163226854748288
2023-04-28,12.208684418443145
2023-05-01,12.142003309682844
2023-05-02,12.179697327005785
2023-05-03,12.210725698637116
2023-05-04,12.199218942368844
2023-05-05,12.23087010769316
2023-05-08,12.208880660915682
2023-05-09,12.20010912680902
2023-05-10,12.233737122575159
2023-05-11,12.216542137400623
2023-05-12,12.178131752291627
2023-05-15,12.200162832739359
2023-05-16,12.117792732157021
2023-05-17,12.145393115020171
2023-05-18,12.114373158265305
2023-05-19,12.137854830039924
2023-05-22,12.129925448098493
2023-05-23,12.070847442065837
2023-05-24,11.984645508503764
2023-05-25,11.964041604042542
2023-05-26,12.033958977697802
2023-05-30,12.054833942624253
2023-05-31,12.034855131696819
2023-06-01,12.128326777020602
2023-06-02,12.139477132612265
2023-06-05,12.133149487793542
2023-06-06,12.168020115758928
2023-06-07,12.084552399425505
2023-06-08,12.181602878425215
2023-06-09,12.164880874377449
2023-06-12,12.205824586977387
2023-06-13,12.209683519336885
2023-06-14,12.228158143401686
2023-06-15,12.337183255765428
2023-06-16,12.304136035109964
2023-06-20,12.239430002917613
2023-06-21,12.234005196432173
2023-06-22,12.179516743291526
2023-06-23,12.141516929289022
2023-06-26,12.144199056263806
2023-06-27,12.173984124357974
2023-06-28,12.185409577238817
2023-06-29,12.153208637502576
2023-06-30,12.241651835090968
2023-07-03,12.239240448744331
2023-07-05,12.177807951903617
2023-07-06,12.064987988114627
2023-07-07,12.114178096619323
2023-07-10,12.138686839908388
2023-07-11,12.19587020983876
2023-07-12,12.334920925259146
2023-07-13,12.423968485260527
2023-07-14,12.378140508467785
2023-07-17,12.39182569311612
2023-07-18,12.462367851418804
2023-07-19,12.481970597061693
2023-07-20,12.413852643209742
2023-07-21,12.41330751845599
2023-07-24,12.399690875468472
2023-07-25,12.41960147697082
2023-07-26,12.45435792408284
2023-07-27,12.348558965265712
2023-07-28,12.431317532024666
2023-07-31,12.4501909223443
2023-08-01,12.347925057052034
2023-08-02,12.198172138245162
2023-08-03,12.174356711458833
2023-08-04,12.178736157470329
2023-08-07,12.236811544008399
2023-08-08,12.205312205550632
2023-08-09,12.176249031395287
2023-08-10,12.187630029236574
2023-08-11,12.16223601255719
2023-08-14,12.158499022793897
2023-08-15,12.053659008518368
2023-08-16,11.960897463455074
2023-08-17,11.872374742428073
2023-08-18,11.875631506639772
2023-08-21,11.938726904281417
2023-08-22,11.910797729334094
2023-08-23,12.038232647887511
2023-08-24,11.93242089774624
2023-08-25,11.977914710485456
2023-08-28,12.051877960515379
2023-08-29,12.197989545618581
2023-08-30,12.225244207471011
2023-08-31,12.19835705674076
2023-09-01,12.206671206006588
2023-09-05,12.121254646154444
2023-09-06,12.065253416394977
2023-09-07,12.047543227645873
2023-09-08,12.050656777960372
2023-09-11,12.119495212180444
2023-09-12,12.060591396978563
2023-09-13,12.051873712109279
2023-09-14,12.179985194210047
2023-09-15,12.156870575998777
2023-09-18,12.176917687720543
2023-09-19,12.16669808582098
2023-09-20,12.126139563434839
2023-09-21,11.925715228374992
2023-09-22,11.935564787293334
2023-09-25,11.98575634104638
2023-09-26,11.809670564980513
2023-09-27,11.814384147181034
2023-09-28,11.882878580007974
2023-09-29,11.854038634540412
2023-10-02,11.849323301705832
2023-10-03,11.690708853536423
2023-10-04,11.775840437131299
2023-10-05,11.771403455111903
2023-10-06,11.911162699162194
2023-10-09,11.987420318718279
2023-10-10,12.049812916536892
2023-10-11,12.099172919112503
2023-10-12,12.025409953088728
2023-10-13,11.965513759436481
2023-10-16,12.091407106432275
2023-10-17,12.090853030752992
2023-10-18,12.097682950498228
2023-10-19,12.118368014158998
2023-10-20,12.059721222471154
2023-10-23,12.028732121232474
2023-10-24,12.072855008357765
2023-10-25,12.12366752594347
2023-10-26,12.142804158658851
2023-10-27,12.284022539528836
2023-10-30,12.214733932824767
2023-10-31,12.148083472803904
2023-11-01,12.191090114740037
2023-11-02,12.324061620077298
2023-11-03,12.400438599676487
2023-11-06,12.36188298439513
2023-11-07,12.35096547983076
2023-11-08,12.289658326612319
2023-11-09,12.2697758268626
2023-11-10,12.461243968292703
2023-11-13,12.492181712080304
2023-11-14,12.713042458584475
2023-11-15,12.703242680321678
2023-11-16,12.757719214013072
2023-11-17,12.816947239485271
2023-11-20,12.856906199627822
2023-11-21,12.881707447827651
2023-11-22,12.88834146543482
2023-11-24,12.945832129865526
2023-11-27,12.954538039597793
2023-11-28,13.01720420701873
2023-11-29,13.047552378890467
2023-11-30,13.029015398911028
2023-12-01,13.16484921747395
2023-12-04,13.047729356189544
2023-12-05,13.057424308715197
2023-12-06,13.076012357445977
2023-12-07,13.11796074323077
2023-12-08,13.078869452073565
2023-12-11,13.067837372054624
2023-12-12,13.098712918422716
2023-12-13,13.299592925648215
2023-12-14,13.383952401278812
2023-12-15,13.314576887555196
2023-12-18,13.342641227360767
2023-12-19,13.410708252898843
2023-12-20,13.339042893400146
2023-12-21,13.435075500409127
2023-12-22,13.450047954847259
2023-12-26,13.506755704265947
2023-12-27,13.570071100556117
2023-12-28,13.537112737040573
2023-12-29,13.517875232151216
2024-01-02,13.438369961835031
2024-01-03,13.37029594755941
2024-01-04,13.35061248334888
2024-01-05,13.346364533365373
2024-01-08,13.418856374527072
2024-01-09,13.387824688760602
2024-01-10,13.40858430709628
2024-01-11,13.43913678559268
2024-01-12,13.489822982905995
2024-01-16,13.36837864023761
2024-01-17,13.280645461209492
2024-01-18,13.351517571196782
2024-01-19,13.406435613516026
2024-01-22,13.419716031519162
2024-01-23,13.420393497873583
2024-01-24,13.411812903949867
2024-01-25,13.469204660906248
2024-01-26,13.470136484397221
2024-01-29,13.550565284144477
2024-01-30,13.556952576564617
2024-01-31,13.507910811378348
2024-02-01,13.633505207904392
2024-02-02,13.575776727752896
2024-02-05,13.494824969096506
2024-02-06,13.560516031277654
2024-02-07,13.576075078573485
2024-02-08,13.555679199828752
2024-02-09,13.573025358234798
2024-02-12,13.570358706611852
2024-02-13,13.399594805869476
2024-02-14,13.481024485045767
2024-02-15,13.565221694129935
2024-02-16,13.548392620383963
2024-02-20,13.56294785307277
2024-02-21,13.55436546635421
2024-02-22,13.659680986188576
2024-02-23,13.699146529230328
2024-02-26,13.666969791140195
2024-02-27,13.671292278882285
2024-02-28,13.664573425744937
2024-02-29,13.705605968519126
2024-03-01,13.83983822396097
2024-03-04,13.864396647719143
2024-03-05,13.873696946389387
2024-03-06,13.955441147738927
2024-03-07,14.047808819306905
2024-03-08,14.050026399255977
2024-03-11,14.03067958446641
2024-03-12,14.039494799943103
2024-03-13,14.046791336758169
2024-03-14,13.973734795486607
2024-03-15,13.945366333773684
2024-03-18,13.960460883933838
2024-03-19,13.990600344605992
2024-03-20,14.093838685910624
2024-03-21,14.102538828507749
2024-03-22,14.083841943206712
2024-03-25,14.069370044319044
2024-03-26,14.082500997094021
2024-03-27,14.162832943921876
2024-03-28,14.187414880144445
2024-04-01,14.159470470931048
2024-04-02,14.158771964613123
2024-04-03,14.207088251352575
2024-04-04,14.142306008208791
2024-04-05,14.203510398377718
2024-04-08,14.232707578315264
2024-04-09,14.269511654008943
2024-04-10,14.107353264308312
2024-04-11,14.193609465872711
2024-04-12,14.075283712733414
2024-04-15,14.04890078753209
2024-04-16,13.994289472782027
2024-04-17,13.984649726632618
2024-04-18,13.964097359688433
2024-04-19,13.954467956778377
2024-04-22,13.954604185209197
2024-04-23,14.028190655857221
2024-04-24,14.001618040572632
2024-04-25,13.984395324793281
2024-04-26,14.05658566413503
2024-04-29,14.090665151042774
2024-04-30,13.932804646146712
2024-05-01,13.95853410371811
2024-05-02,14.044394075347114
2024-05-03,14.137090226625324
2024-05-06,14.216011165199005
2024-05-07,14.228513876994366
2024-05-08,14.205838870131297
2024-05-09,14.294111317893629
2024-05-10,14.309615615365791
2024-05-13,14.287243944550418
2024-05-14,14.358882170815203
2024-05-15,14.496632476782608
2024-05-16,14.457850393231455
2024-05-17,14.490720848387006
2024-05-20,14.499813808299725
2024-05-21,14.51032759257688
2024-05-22,14.423508973622235
2024-05-23,14.325692101871553
2024-05-24,14.379828194340165
2024-05-28,14.373684695883151
2024-05-29,14.260368548899725
2024-05-30,14.298607180520445
2024-05-31,14.361851336915844
2024-06-03,14.42946809804409
2024-06-04,14.43190409239095
2024-06-05,14.534811305024121
2024-06-06,14.563364080926677
2024-06-07,14.394136234568949
2024-06-10,14.415222019597275
2024-06-11,14.413386057544319
2024-06-12,14.510731398692542
2024-06-13,14.487283044692987
2024-06-14,14.488551900564627
2024-06-17,14.49492115644109
2024-06-18,14.545417550135186
2024-06-20,14.55334850153646
2024-06-21,14.49648656494564
2024-06-24,14.5224521990671
2024-06-25,14.53216156416291
2024-06-26,14.46808470754541
2024-06-27,14.50840872415574
2024-06-28,14.46836735185379
2024-07-01,14.45322147496409
2024-07-02,14.503572286871504
2024-07-03,14.608566155513422
2024-07-05,14.707132112000751
2024-07-08,14.672312429900073
2024-07-09,14.66144034929844
2024-07-10,14.750689499127233
2024-07-11,14.795579651532535
2024-07-12,14.86545091970646
2024-07-15,14.83424406475854
2024-07-16,14.935330292235781
2024-07-17,14.863245703087818
2024-07-18,14.776750046049287
2024-07-19,14.685989222431386
2024-07-22,14.751372518691285
2024-07-23,14.736135815583369
2024-07-24,14.593540272398219
2024-07-25,14.544403940368769
2024-07-26,14.661148864029961
2024-07-29,14.658266863551928
2024-07-30,14.674721357885185
2024-07-31,14.8402638763678
2024-08-01,14.737636062401329
2024-08-02,14.70501563716162
2024-08-05,14.51759916858754
2024-08-06,14.491622733660249
2024-08-07,14.463544411025524
2024-08-08,14.602253175780291
2024-08-09,14.654798118844326
2024-08-12,14.705098069355607
2024-08-13,14.823307456143336
2024-08-14,14.835826941854663
2024-08-15,14.895527379897153
2024-08-16,14.986993691985893
2024-08-19,15.051541350526366
2024-08-20,15.068575540060605
2024-08-21,15.113486518632653
2024-08-22,15.016871525615205
2024-08-23,15.156661053988186
2024-08-26,15.139274297610664
2024-08-27,15.16431788118934
2024-08-28,15.114855123298664
2024-08-29,15.128317658502905
2024-08-30,15.124416699557358
2024-09-03,15.044746541062812
2024-09-04,15.060807229445643
2024-09-05,15.096027636514203
2024-09-06,14.994431089225662
2024-09-09,15.06957883779413
2024-09-10,15.102332437365105
2024-09-11,15.136527882353876
2024-09-12,15.218435995608052
2024-09-13,15.279019909099087
2024-09-16,15.321215409855052
2024-09-17,15.285824652555686
2024-09-18,15.225847224834283
2024-09-19,15.360809083270901
2024-09-20,15.358991188357486
2024-09-23,15.376595854457513
2024-09-24,15.446646798228157
2024-09-25,15.393880146219262
2024-09-26,15.471863225060316
2024-09-27,15.456299609425413
2024-09-30,15.418631122446422
2024-10-01,15.428499525039818
2024-10-02,15.408444556086721
2024-10-03,15.347755158101728
2024-10-04,15.32688753357682
2024-10-07,15.255971151685777
2024-10-08,15.268123000958669
2024-10-09,15.250287485238902
2024-10-10,15.258750455074413
2024-10-11,15.317582439778882
2024-10-14,15.33273030225649
2024-10-15,15.315544091703774
2024-10-16,15.356323417223395
2024-10-17,15.335912475176785
2024-10-18,15.397211114046382
2024-10-21,15.311560497111511
2024-10-22,15.329826433115837
2024-10-23,15.228008605932947
2024-10-24,15.28353498073285
2024-10-25,15.265601136419175
2024-10-28,15.281724593248725
2024-10-29,15.315101971648941
2024-10-30,15.2980808778479
2024-10-31,15.18830392038674
2024-11-01,15.162855618263931
2024-11-04,15.193956928820358
2024-11-05,15.274206514016512
2024-11-06,15.166017151297588
2024-11-07,15.321579468818951
2024-11-08,15.293473607886698
2024-11-11,15.221825617638391
2024-11-12,15.13439233747405
2024-11-13,15.104671842803953
2024-11-14,15.071432930656785
2024-11-15,15.023642513333234
2024-11-18,15.100390088818402
2024-11-19,15.15062068088635
2024-11-20,15.158440783087384
2024-11-21,15.195336862857795
2024-11-22,15.248584278700195
2024-11-25,15.258980244570976
2024-11-26,15.26967748292199
2024-11-27,15.288317219644266
2024-11-29,15.369670822764911
2024-12-02,15.364148066786708
2024-12-03,15.371794459488276
2024-12-04,15.424080535210756
2024-12-05,15.41754513662016
2024-12-06,15.444546484886338
2024-12-09,15.426790326630794
2024-12-10,15.411847705072308
2024-12-11,15.45932534911491
2024-12-12,15.363809633593423
2024-12-13,15.298349387424528
2024-12-16,15.330324870459233
2024-12-17,15.302922388139717
2024-12-18,15.063483531326863
2024-12-19,15.04410010459634
2024-12-20,15.140370294950603
2024-12-23,15.122782594716188
2024-12-24,15.179148372548447
2024-12-26,15.2045365476446
2024-12-27,15.128544311019235
2024-12-30,15.112682561510612
2024-12-31,15.106262821388302
2025-01-02,15.135628488660087
2025-01-03,15.149935049349642
2025-01-06,15.157820232523314
2025-01-07,15.097352139267375
2025-01-08,15.144818802592633
2025-01-10,15.078035091584502
2025-01-13,15.024902946630213
2025-01-14,15.071045680394212
2025-01-15,15.274697585341958
2025-01-16,15.306902149628492
2025-01-17,15.327216452247296
2025-01-21,15.473856877511729
2025-01-22,15.476909063642976
2025-01-23,15.501943069029275
2025-01-24,15.537236749459403
2025-01-27,15.514572764212875
2025-01-28,15.55229695590315
2025-01-29,15.526053617757102
2025-01-30,15.62103160078777
2025-01-31,15.566189794282138
2025-02-03,15.530429180585543
2025-02-04,15.620605051558565
2025-02-05,15.71543564208614
2025-02-06,15.725812150152432
2025-02-07,15.65193591447118
2025-02-10,15.734079362327192
2025-02-11,15.724301874537586
2025-02-12,15.73346781804042
2025-02-13,15.869019417927326
2025-02-14,15.86274635232397
2025-02-18,15.905924443245857
2025-02-19,15.892476877233998
2025-02-20,15.906912162727995
2025-02-21,15.865673158873735
2025-02-24,15.877212171335316
2025-02-25,15.901493652647106
2025-02-26,15.922998970031392
2025-02-27,15.790488388692717
2025-02-28,15.855659016764994
2025-03-03,15.893634002095446
2025-03-04,15.866427535870482
2025-03-05,15.94805898899368
2025-03-06,15.848919621060103
2025-03-07,15.885679299200532
2025-03-10,15.819424287692827
2025-03-11,15.815558134451043
2025-03-12,15.827150350680075
2025-03-13,15.894042998642421
2025-03-14,15.937457628411874
2025-03-17,16.004598119041503
2025-03-18,16.054756677108774
2025-03-19,16.106142395012206
2025-03-20,16.079809659183447
2025-03-21,16.020195565761547
2025-03-24,16.019575284145002
2025-03-25,16.060747523984322
2025-03-26,15.993206684811655
2025-03-27,16.042545213799585
2025-03-28,16.094532203848736
2025-03-31,16.13518382085985
2025-04-01,16.16770862054995
2025-04-02,16.17214492886428
2025-04-03,16.131915988521065
2025-04-04,16.036018499155748
2025-04-07,15.795648573116269
2025-04-08,15.760364060907376
2025-04-09,15.948352353025083
2025-04-10,15.956630772460757
2025-04-11,16.2611896354334
2025-04-14,16.327056412309357
2025-04-15,16.38753763731489
2025-04-16,16.528633734044448
2025-04-17,16.51132019214484
2025-04-21,16.540762692610425
2025-04-22,16.562088327821826
2025-04-23,16.51814304330084
2025-04-24,16.656881573139504
2025-04-25,16.671972837940746
2025-04-28,16.764691052511385
2025-04-29,16.764284870100497
2025-04-30,16.72691935369567
2025-05-01,16.62161888072892
2025-05-02,16.62082642490719
2025-05-05,16.700897933074135
2025-05-06,16.81204744375049
2025-05-07,16.775170202468356
2025-05-08,16.648391911389705
2025-05-09,16.693831018098027
2025-05-12,16.65517091517321
2025-05-13,16.669869217712037
2025-05-14,16.5096906693256
2025-05-15,16.63926026818931
2025-05-16,16.630990085218038
2025-05-19,16.683558307826573
2025-05-20,16.717125088110745
2025-05-21,16.654458241118153
2025-05-22,16.595999736549267
2025-05-23,16.656221380926997
2025-05-27,16.729191308567657
2025-05-28,16.66852612090285
2025-05-29,16.737651588554982
2025-05-30,16.747711011050157
2025-06-02,16.820933791703123
2025-06-03,16.784573798950063
2025-06-04,16.87120704687184
2025-06-05,16.822334257733665
2025-06-06,16.76429370777714
2025-06-09,16.789671600645352
2025-06-10,16.826813998601757
2025-06-11,16.865231929959883
2025-06-12,16.958916608301116
2025-06-13,16.90322823711025
2025-06-16,16.873969087535837
2025-06-17,16.86084505256854
2025-06-18,16.858671268627816
2025-06-20,16.841133241435237
2025-06-23,16.905632765819377
2025-06-24,16.95836631469246
2025-06-25,16.952681401593445
2025-06-26,17.0194358168683
2025-06-27,16.976911836029554
2025-06-30,17.057899655020957
2025-07-01,17.065515777962556
2025-07-02,17.082262648384116
2025-07-03,17.063244754721108
2025-07-07,16.984869472527073
2025-07-08,16.976256227577394
2025-07-09,17.064173449427553
2025-07-10,17.07129822044308
2025-07-11,17.008101734795805
2025-07-14,17.005587071657736
2025-07-15,16.921678027570795
2025-07-16,16.96785510575513
2025-07-17,16.99414660455479
2025-07-18,17.00282140557508
2025-07-21,17.08063041257369
2025-07-22,17.135751075013754
2025-07-23,17.21084327126903
2025-07-24,17.169616157233254
2025-07-25,17.175201750817855
2025-07-28,17.096839781403226
2025-07-29,17.133445610983518
2025-07-30,17.04654169952101
2025-07-31,17.016174887204194
2025-08-01,17.06758044755892
2025-08-04,17.181812173546643
2025-08-05,17.168972744883547
2025-08-06,17.206866876667924
2025-08-07,17.245579505970305
2025-08-08,17.276612816928104
2025-08-11,17.22903390145846
2025-08-12,17.302725441750834
2025-08-13,17.37078784368509
2025-08-14,17.3326626801233
2025-08-15,17.331306195879506
2025-08-18,17.314178278056982
2025-08-19,17.29763578168712
2025-08-20,17.327982036886326
2025-08-21,17.267219062120816
2025-08-22,17.440391617586034
2025-08-25,17.366261952481597
2025-08-26,17.407016252359465
2025-08-27,17.42205851719718
2025-08-28,17.47541706549719
2025-08-29,17.451464970361997
2025-09-02,17.43659603777729
2025-09-03,17.511142061513773
2025-09-04,17.585182178603162
2025-09-05,17.66179145058859
2025-09-08,17.757660911637558
2025-09-09,17.733846208082134
2025-09-10,17.770373829008168
2025-09-11,17.84456466299067
2025-09-12,17.82957401521236
2025-09-15,17.910370257071783
2025-09-16,17.90574293285372
2025-09-17,17.854869272514563
2025-09-18,17.85031703447787
2025-09-19,17.88625050039137
2025-09-22,17.94885246508044
2025-09-23,17.94537977564367
2025-09-24,17.876159880150666
2025-09-25,17.83648117413251
2025-09-26,17.901677305685684
2025-09-29,17.982969092049277
2025-09-30,18.030513488659665
2025-10-01,18.093864009282264
2025-10-02,18.10351706821158
2025-10-03,18.13852058625973
2025-10-06,18.18811730604894
2025-10-07,18.176225044265895
2025-10-08,18.24995983892181
2025-10-09,18.158935451061673
2025-10-10,18.06123452946697
2025-10-13,18.213859917936098
2025-10-14,18.25524985699123
2025-10-15,18.322386206262568
2025-10-16,18.40534567403972
2025-10-17,18.37249037937254
2025-10-20,18.53274888530202
2025-10-21,18.378567623617094
2025-10-22,18.355110759684315
2025-10-23,18.379165144650486
2025-10-24,18.415528511603817
2025-10-27,18.438056795938135
2025-10-28,18.440457242900322
2025-10-29,18.368371072153987
2025-10-30,18.32793079574069
2025-10-31,18.31694748527069
2025-11-03,18.314792684086154
2025-11-04,18.219827063450598
2025-11-05,18.242205620249084
2025-11-06,18.23501896112751
2025-11-07,18.256200314270092
2025-11-10,18.37861140488144
2025-11-11,18.447625955948247
2025-11-12,18.48979315286791
2025-11-13,18.357853899270754
2025-11-14,18.30774951183464
2025-11-17,18.22058101037429
2025-11-18,18.170046899336537
2025-11-19,18.173986842371455
2025-11-20,18.0966774000631
2025-11-21,18.1970902732273
2025-11-24,18.286743750096637
2025-11-25,18.36764719930514
2025-11-26,18.450326010300277
2025-11-28,18.478713633764514
2025-12-01,18.409635140683434
2025-12-02,18.43004344442591
2025-12-03,18.475576053009366
2025-12-04,18.459519954822003
2025-12-05,18.449750512548956
2025-12-08,18.41027867718812
2025-12-09,18.40102628488845
2025-12-10,18.494857808516855
2025-12-11,18.537272846756927
2025-12-12,18.464732465471354
2025-12-15,18.49170687988293
2025-12-16,18.491874601212803
2025-12-17,18.446379256760522
2025-12-18,18.513630406924673
2025-12-19,18.54373566120907
2025-12-22,18.59821079352483
2025-12-23,18.649038702794066
2025-12-24,18.681403404986874
2025-12-26,18.705906356184204
2025-12-29,18.636591334842485
2025-12-30,18.634808012576187
2025-12-31,18.56528957123235
2026-01-02,18.606021334728524
2026-01-05,18.717090899905823
2026-01-06,18.750530996514385
2026-01-07,18.728451543064477
2026-01-08,18.715258325235876
2026-01-09,18.79709167430765
2026-01-12,18.840312572037746
2026-01-13,18.82468243648725
2026-01-14,18.85545756861298
2026-01-15,18.838962915499387
2026-01-16,18.818649754895098
2026-01-20,18.735534641388774
2026-01-21,18.86055512863901
2026-01-22,18.920726668224226
2026-01-23,18.971773523824027
2026-01-26,19.04412970206423
2026-01-27,19.14031057098474
2026-01-28,19.169648938039916
2026-01-29,19.18750701496021
2026-01-30,18.984266484837836
2026-02-02,18.958859083779846
2026-02-03,19.00492075946884
2026-02-04,18.991944699747595
2026-02-05,18.94194344051531
2026-02-06,19.101285672406874
2026-02-09,19.181974393628085
2026-02-10,19.207116495602854
2026-02-11,19.20761242134949
2026-02-12,19.160727396607317
2026-02-13,19.229634494987017
2026-02-17,19.203507742421145
2026-02-18,19.22835180900178
2026-02-19,19.216832120267533
2026-02-20,19.28706558890568
2026-02-23,19.2910263820299
2026-02-24,19.30604553549097
2026-02-25,19.3554281127718
2026-02-26,19.36168434444911
2026-02-27,19.376536054375514
2026-03-02,19.28091214669992
2026-03-03,19.104523458132313
2026-03-04,19.16372989089053
2026-03-05,19.042602683115913
2026-03-06,18.977929588001057
2026-03-09,19.06120825852513
2026-03-10,19.031810064807292
2026-03-11,18.963765458009686
2026-03-12,18.808669175943535
2026-03-13,18.737565844011296
2026-03-16,18.863816482685763
2026-03-17,18.90106786390552
2026-03-18,18.7285202334093
2026-03-19,18.687568830941807
2026-03-20,18.438116940755577
2026-03-23,18.53606133531113
2026-03-24,18.479552461992473
2026-03-25,18.614010187549344
2026-03-26,18.419395276086018
2026-03-27,18.438595255206117
2026-03-30,18.518067373980013
2026-03-31,18.70615995378265
2026-04-01,18.787164369909235
2026-04-02,18.774200798471124
2026-04-06,18.757696839601337
2026-04-07,18.784551816839144
2026-04-08,19.007396943278778
2026-04-09,19.037673493575834
2026-04-10,19.018098542880836
2026-04-13,19.084931548085653
2026-04-14,19.204085442784788
2026-04-15,19.190214216022152
2026-04-16,19.17304980020681
2026-04-17,19.306244876765113
2026-04-20,19.277917495664912
2026-04-21,19.121726888122456
2026-04-22,19.197716087944844
2026-04-23,19.13563991807213
2026-04-24,19.198047350266144
2026-04-27,19.16637039665543
2026-04-28,19.11110799478625
2026-04-29,19.017606735052908
2026-04-30,19.148512621201867
2026-05-01,19.166341370300824
2026-05-04,19.051450228544535
2026-05-05,19.145267585618924
2026-05-06,19.358181835963205
2026-05-07,19.27793148859296
2026-05-08,19.36682981820856
2026-05-11,19.342434001762783
2026-05-12,19.282370385845706
2026-05-13,19.31247416378887
2026-05-14,19.314896288912177
2026-05-15,19.003414479909843
2026-05-18,19.062737483935994
2026-05-19,18.887501467500236
2026-05-20,19.136028950116074
2026-05-21,19.180251675236494
2026-05-22,19.186797975557262
2026-05-26,19.269954583858837
2026-05-27,19.24462569659207
2026-05-28,19.305997303262473
2026-05-29,19.345572699345638
2026-06-01,19.31343513178089
2026-06-02,19.339038100368317
2026-06-03,19.248093008247626
2026-06-04,19.316242126450618
2026-06-05,18.81908264754623
2026-06-08,18.891095174073147
2026-06-09,18.9055005446557
2026-06-10,18.802235752076133
2026-06-11,19.020593184212814
2026-06-12,19.033409418073965
2026-06-15,19.130451246974907
2026-06-16,19.12908619869452
2026-06-17,19.023457282454594
2026-06-18,19.114476878053242
2026-06-22,19.07261456025898
2026-06-23,18.97629046800206
2026-06-24,19.03216434433674
2026-06-25,19.06843388032314
2026-06-26,19.038587348869846
2026-06-29,19.127996533634313
2026-06-30,19.118338479923757
2026-07-01,19.07130733159914
2026-07-02,19.116550026024036
2026-07-06,19.184010716498957
2026-07-07,19.07319208492021
2026-07-08,18.97669941248377
2026-07-09,19.04245093161884
2026-07-10,19.12155407521691
2026-07-13,18.952440512283825
2026-07-14,19.047307806191853
2026-07-15,19.09961677669336
2026-07-16,18.975049859933037
2026-07-17,18.93177135154927
2026-07-20,18.854129216244303
2026-07-21,19.061521785316874
2026-07-22,19.063768881071482
2026-07-23,18.82345205196072
2026-07-24,18.874459083149752
2026-07-27,18.915946083556516
2026-07-28,18.94016106022413
2026-07-29,18.734813980410458
2026-07-30,19.14054602970819
2026-07-31,19.164743657515025
