Date,SPY,EFA,AGG,GLD
2004-11-18,0.0,0.0,0.0,0.0
2004-11-19,0.0,0.0,0.0,0.0
2004-11-22,0.0,0.0,0.0,0.0
2004-11-23,0.0,0.0,0.0,0.0
2004-11-24,0.0,0.0,0.0,0.0
2004-11-26,0.0,0.0,0.0,0.0
2004-11-29,0.0,0.0,0.0,0.0
2004-11-30,0.0,0.0,0.0,0.0
2004-12-01,0.0,0.0,0.0,0.0
2004-12-02,0.0,0.0,0.0,0.0
2004-12-03,0.0,0.0,0.0,0.0
2004-12-06,0.0,0.0,0.0,0.0
2004-12-07,0.0,0.0,0.0,0.0
2004-12-08,0.0,0.0,0.0,0.0
2004-12-09,0.0,0.0,0.0,0.0
2004-12-10,0.0,0.0,0.0,0.0
2004-12-13,0.0,0.0,0.0,0.0
2004-12-14,0.0,0.0,0.0,0.0
2004-12-15,0.0,0.0,0.0,0.0
2004-12-16,0.0,0.0,0.0,0.0
2004-12-17,0.0,0.0,0.0,0.0
2004-12-20,0.0,0.0,0.0,0.0
2004-12-21,0.0,0.0,0.0,0.0
2004-12-22,0.0,0.0,0.0,0.0
2004-12-23,0.0,0.0,0.0,0.0
2004-12-27,0.0,0.0,0.0,0.0
2004-12-28,0.0,0.0,0.0,0.0
2004-12-29,0.0,0.0,0.0,0.0
2004-12-30,0.0,0.0,0.0,0.0
2004-12-31,0.0,0.0,0.0,0.0
2005-01-03,0.0,0.0,0.0,0.0
2005-01-04,0.0,0.0,0.0,0.0
2005-01-05,0.0,0.0,0.0,0.0
2005-01-06,0.0,0.0,0.0,0.0
2005-01-07,0.0,0.0,0.0,0.0
2005-01-10,0.0,0.0,0.0,0.0
2005-01-11,0.0,0.0,0.0,0.0
2005-01-12,0.0,0.0,0.0,0.0
2005-01-13,0.0,0.0,0.0,0.0
2005-01-14,0.0,0.0,0.0,0.0
2005-01-18,0.0,0.0,0.0,0.0
2005-01-19,0.0,0.0,0.0,0.0
2005-01-20,0.0,0.0,0.0,0.0
2005-01-21,0.0,0.0,0.0,0.0
2005-01-24,0.0,0.0,0.0,0.0
2005-01-25,0.0,0.0,0.0,0.0
2005-01-26,0.0,0.0,0.0,0.0
2005-01-27,0.0,0.0,0.0,0.0
2005-01-28,0.0,0.0,0.0,0.0
2005-01-31,0.0,0.0,0.0,0.0
2005-02-01,0.0,0.0,0.0,0.0
2005-02-02,0.0,0.0,0.0,0.0
2005-02-03,0.0,0.0,0.0,0.0
2005-02-04,0.0,0.0,0.0,0.0
2005-02-07,0.0,0.0,0.0,0.0
2005-02-08,0.0,0.0,0.0,0.0
2005-02-09,0.0,0.0,0.0,0.0
2005-02-10,0.0,0.0,0.0,0.0
2005-02-11,0.0,0.0,0.0,0.0
2005-02-14,0.0,0.0,0.0,0.0
2005-02-15,0.0,0.0,0.0,0.0
2005-02-16,0.0,0.0,0.0,0.0
2005-02-17,0.0,0.0,0.0,0.0
2005-02-18,0.0,0.0,0.0,0.0
2005-02-22,0.0,0.0,0.0,0.0
2005-02-23,0.0,0.0,0.0,0.0
2005-02-24,0.0,0.0,0.0,0.0
2005-02-25,0.0,0.0,0.0,0.0
2005-02-28,0.0,0.0,0.0,0.0
2005-03-01,0.0,0.0,0.0,0.0
2005-03-02,0.0,0.0,0.0,0.0
2005-03-03,0.0,0.0,0.0,0.0
2005-03-04,0.0,0.0,0.0,0.0
2005-03-07,0.0,0.0,0.0,0.0
2005-03-08,0.0,0.0,0.0,0.0
2005-03-09,0.0,0.0,0.0,0.0
2005-03-10,0.0,0.0,0.0,0.0
2005-03-11,0.0,0.0,0.0,0.0
2005-03-14,0.0,0.0,0.0,0.0
2005-03-15,0.0,0.0,0.0,0.0
2005-03-16,0.0,0.0,0.0,0.0
2005-03-17,0.0,0.0,0.0,0.0
2005-03-18,0.0,0.0,0.0,0.0
2005-03-21,0.0,0.0,0.0,0.0
2005-03-22,0.0,0.0,0.0,0.0
2005-03-23,0.0,0.0,0.0,0.0
2005-03-24,0.0,0.0,0.0,0.0
2005-03-28,0.0,0.0,0.0,0.0
2005-03-29,0.0,0.0,0.0,0.0
2005-03-30,0.0,0.0,0.0,0.0
2005-03-31,0.0,0.0,0.0,0.0
2005-04-01,0.0,0.0,0.0,0.0
2005-04-04,0.0,0.0,0.0,0.0
2005-04-05,0.0,0.0,0.0,0.0
2005-04-06,0.0,0.0,0.0,0.0
2005-04-07,0.0,0.0,0.0,0.0
2005-04-08,0.0,0.0,0.0,0.0
2005-04-11,0.0,0.0,0.0,0.0
2005-04-12,0.0,0.0,0.0,0.0
2005-04-13,0.0,0.0,0.0,0.0
2005-04-14,0.0,0.0,0.0,0.0
2005-04-15,0.0,0.0,0.0,0.0
2005-04-18,0.0,0.0,0.0,0.0
2005-04-19,0.0,0.0,0.0,0.0
2005-04-20,0.0,0.0,0.0,0.0
2005-04-21,0.0,0.0,0.0,0.0
2005-04-22,0.0,0.0,0.0,0.0
2005-04-25,0.0,0.0,0.0,0.0
2005-04-26,0.0,0.0,0.0,0.0
2005-04-27,0.0,0.0,0.0,0.0
2005-04-28,0.0,0.0,0.0,0.0
2005-04-29,0.0,0.0,0.0,0.0
2005-05-02,0.0,0.0,0.0,0.0
2005-05-03,0.0,0.0,0.0,0.0
2005-05-04,0.0,0.0,0.0,0.0
2005-05-05,0.0,0.0,0.0,0.0
2005-05-06,0.0,0.0,0.0,0.0
2005-05-09,0.0,0.0,0.0,0.0
2005-05-10,0.0,0.0,0.0,0.0
2005-05-11,0.0,0.0,0.0,0.0
2005-05-12,0.0,0.0,0.0,0.0
2005-05-13,0.0,0.0,0.0,0.0
2005-05-16,0.0,0.0,0.0,0.0
2005-05-17,0.0,0.0,0.0,0.0
2005-05-18,0.0,0.0,0.0,0.0
2005-05-19,0.0,0.0,0.0,0.0
2005-05-20,0.0,0.0,0.0,0.0
2005-05-23,0.0,0.0,0.0,0.0
2005-05-24,0.0,0.0,0.0,0.0
2005-05-25,0.0,0.0,0.0,0.0
2005-05-26,0.0,0.0,0.0,0.0
2005-05-27,0.0,0.0,0.0,0.0
2005-05-31,0.0,0.0,0.0,0.0
2005-06-01,0.0,0.0,0.0,0.0
2005-06-02,0.0,0.0,0.0,0.0
2005-06-03,0.0,0.0,0.0,0.0
2005-06-06,0.0,0.0,0.0,0.0
2005-06-07,0.0,0.0,0.0,0.0
2005-06-08,0.0,0.0,0.0,0.0
2005-06-09,0.0,0.0,0.0,0.0
2005-06-10,0.0,0.0,0.0,0.0
2005-06-13,0.0,0.0,0.0,0.0
2005-06-14,0.0,0.0,0.0,0.0
2005-06-15,0.0,0.0,0.0,0.0
2005-06-16,0.0,0.0,0.0,0.0
2005-06-17,0.0,0.0,0.0,0.0
2005-06-20,0.0,0.0,0.0,0.0
2005-06-21,0.0,0.0,0.0,0.0
2005-06-22,0.0,0.0,0.0,0.0
2005-06-23,0.0,0.0,0.0,0.0
2005-06-24,0.0,0.0,0.0,0.0
2005-06-27,0.0,0.0,0.0,0.0
2005-06-28,0.0,0.0,0.0,0.0
2005-06-29,0.0,0.0,0.0,0.0
2005-06-30,0.0,0.0,0.0,0.0
2005-07-01,0.0,0.0,0.0,0.0
2005-07-05,0.0,0.0,0.0,0.0
2005-07-06,0.0,0.0,0.0,0.0
2005-07-07,0.0,0.0,0.0,0.0
2005-07-08,0.0,0.0,0.0,0.0
2005-07-11,0.0,0.0,0.0,0.0
2005-07-12,0.0,0.0,0.0,0.0
2005-07-13,0.0,0.0,0.0,0.0
2005-07-14,0.0,0.0,0.0,0.0
2005-07-15,0.0,0.0,0.0,0.0
2005-07-18,0.0,0.0,0.0,0.0
2005-07-19,0.0,0.0,0.0,0.0
2005-07-20,0.0,0.0,0.0,0.0
2005-07-21,0.0,0.0,0.0,0.0
2005-07-22,0.0,0.0,0.0,0.0
2005-07-25,0.0,0.0,0.0,0.0
2005-07-26,0.0,0.0,0.0,0.0
2005-07-27,0.0,0.0,0.0,0.0
2005-07-28,0.0,0.0,0.0,0.0
2005-07-29,0.0,0.0,0.0,0.0
2005-08-01,0.0,0.0,0.0,0.0
2005-08-02,0.0,0.0,0.0,0.0
2005-08-03,0.0,0.0,0.0,0.0
2005-08-04,0.0,0.0,0.0,0.0
2005-08-05,0.0,0.0,0.0,0.0
2005-08-08,0.0,0.0,0.0,0.0
2005-08-09,0.0,0.0,0.0,0.0
2005-08-10,0.0,0.0,0.0,0.0
2005-08-11,0.0,0.0,0.0,0.0
2005-08-12,0.0,0.0,0.0,0.0
2005-08-15,0.0,0.0,0.0,0.0
2005-08-16,0.0,0.0,0.0,0.0
2005-08-17,0.0,0.0,0.0,0.0
2005-08-18,0.0,0.0,0.0,0.0
2005-08-19,0.0,0.0,0.0,0.0
2005-08-22,0.0,0.0,0.0,0.0
2005-08-23,0.0,0.0,0.0,0.0
2005-08-24,0.0,0.0,0.0,0.0
2005-08-25,0.0,0.0,0.0,0.0
2005-08-26,0.0,0.0,0.0,0.0
2005-08-29,0.0,0.0,0.0,0.0
2005-08-30,0.0,0.0,0.0,0.0
2005-08-31,0.0,0.0,0.0,0.0
2005-09-01,0.0,0.0,0.0,0.0
2005-09-02,0.0,0.0,0.0,0.0
2005-09-06,0.19669335407501115,0.1514238115524398,0.49895577142948766,0.15292706294306133
2005-09-07,0.18989001310364514,0.14872707653592795,0.5075901690828432,0.15379274127758374
2005-09-08,0.19041687685436356,0.1490763255572705,0.5062664115474319,0.15424038604093404
2005-09-09,0.19001192120878088,0.14738689441612077,0.5083788815283544,0.15422230284674407
2005-09-12,0.18786575487716334,0.14570682492935885,0.5116830646680385,0.15474435552543928
2005-09-13,0.18564984033309886,0.14229659377587558,0.511911977946394,0.1601415879446316
2005-09-14,0.1854950660953611,0.14566053729078948,0.5093042882179137,0.15954010839593574
2005-09-15,0.18412564713572935,0.1476081650516701,0.5113485199062254,0.15691766790637507
2005-09-16,0.18260134911029785,0.14732216899199993,0.5167127423689505,0.15336373952875174
2005-09-19,0.17901580357429892,0.14420709393065004,0.5262335288942955,0.15054357360075563
2005-09-20,0.18605787392473788,0.14494984088582274,0.5208596802938606,0.14813260489557872
2005-09-21,0.18492762887688843,0.14423359299090593,0.522619355513424,0.14821942261878163
2005-09-22,0.18345662943309676,0.14683649782571387,0.5257860725033073,0.14392080023788204
2005-09-23,0.18446705799691077,0.14592709559022968,0.5294145906040937,0.14019125580876587
2005-09-26,0.1853542031464213,0.1463104176263144,0.5277324691011633,0.14060291012610102
2005-09-27,0.1859225263328857,0.1436857138566155,0.5304762384174385,0.13991552139306027
2005-09-28,0.18271353766428708,0.14054049911161856,0.5337298920823591,0.14301607114173528
2005-09-29,0.18396264597519588,0.13772668831957233,0.5360370561665655,0.14227360953866633
2005-09-30,0.18561491713033376,0.13664928748032112,0.5351770442956243,0.1425587510937208
2005-10-03,0.18596141664133126,0.13642101596739498,0.5372871554632004,0.14033041192807336
2005-10-04,0.192122704005486,0.13909218241833043,0.5289245644648553,0.13986054911132834
2005-10-05,0.18812737426409573,0.1395477244063917,0.5307894984556358,0.14153540287387675
2005-10-06,0.0,0.17221769268913134,0.6530171170256209,0.17476519028524778
2005-10-07,0.182493702980253,0.14212771299145271,0.5365347204293566,0.1388438635989377
2005-10-10,0.0,0.1733317441580817,0.6533262760470034,0.1733419797949148
2005-10-11,0.0,0.1732093618509871,0.6530163348151623,0.17377430333385055
2005-10-12,0.0,0.17485137026429626,0.6499696476264911,0.17517898210921262
2005-10-13,0.0,0.17423568503764206,0.6536333598284655,0.17213095513389254
2005-10-14,0.0,0.5029563769974533,0.0,0.49704362300254673
2005-10-17,0.0,0.16766078691484393,0.665439637023929,0.16689957606122718
2005-10-18,0.0,0.16568737029779582,0.6680771366918035,0.16623549301040083
2005-10-19,0.17373887938116597,0.13491348497205508,0.5543810570907637,0.13696657855601524
2005-10-20,0.0,0.16376005428153081,0.6732712238112882,0.16296872190718095
2005-10-21,0.0,0.15661218150530437,0.6804197293466913,0.16296808914800437
2005-10-24,0.16077025242454956,0.13136854901405462,0.572855394498547,0.13500580406284873
2005-10-25,0.37036365847156183,0.3070856724096137,0.0,0.32255066911882446
2005-10-26,0.3711339646961144,0.31093990359304735,0.0,0.31792613171083817
2005-10-27,0.0,0.4961599944097236,0.0,0.5038400055902764
2005-10-28,0.3675648947367802,0.31385327636027527,0.0,0.3185818289029445
2005-10-31,0.3611533261042768,0.316983998628874,0.0,0.3218626752668492
2005-11-01,0.36668510203795235,0.3208381051240225,0.0,0.3124767928380251
2005-11-02,0.36971547123461335,0.32156775467599497,0.0,0.30871677408939163
2005-11-03,0.36809868475192026,0.32293783367826473,0.0,0.30896348156981507
2005-11-04,0.36669506885550074,0.32409418535933626,0.0,0.3092107457851631
2005-11-07,0.36239683530815253,0.32579498449163036,0.0,0.31180818020021706
2005-11-08,0.36388125123443354,0.325704817639924,0.0,0.3104139311256425
2005-11-09,0.3644649504052121,0.3240542269046073,0.0,0.31148082269018074
2005-11-10,0.3702075573360211,0.3253766662230434,0.0,0.3044157764409355
2005-11-11,0.36501174067459374,0.3240746031422387,0.0,0.3109136561831676
2005-11-14,0.3633665570143444,0.3275705241701473,0.0,0.30906291881550835
2005-11-15,0.36365268578306204,0.32662806728183547,0.0,0.30971924693510255
2005-11-16,0.3618284051166893,0.32921743805612297,0.0,0.30895415682718774
2005-11-17,0.36791141702888275,0.3354225463928509,0.0,0.29666603657826635
2005-11-18,0.3722810326886793,0.33216114917582823,0.0,0.29555781813549237
2005-11-21,0.156663686569328,0.13930350897224644,0.5796526297204881,0.12438017473793746
2005-11-22,0.15966414625708766,0.1414086460897156,0.5737038232525938,0.12522338440060296
2005-11-23,0.16182506368753607,0.14241518979334356,0.5697535325267288,0.12600621399239156
2005-11-25,0.1605166589897172,0.14098929202712082,0.5712511369897824,0.12724291199337961
2005-11-28,0.16002763999174804,0.14065572455812256,0.5749792062171644,0.12433742923296501
2005-11-29,0.15752618314936429,0.14229004459712433,0.5730005201560122,0.1271832520974992
2005-11-30,0.3689087513023628,0.333348649122501,0.0,0.29774259957513627
2005-12-01,0.37413199014816495,0.33668671028774116,0.0,0.2891812995640939
2005-12-02,0.38039711473237847,0.33239732152957335,0.0,0.2872055637380481
2005-12-05,0.3798788377483867,0.33356559040480976,0.0,0.2865555718468037
2005-12-06,0.16121553617204662,0.14274092152242723,0.576248238711066,0.11979530359446007
2005-12-07,0.37946906420829873,0.338700783468807,0.0,0.2818301523228943
2005-12-08,0.16014890269808552,0.14309796252579934,0.5771069801400109,0.11964615463610415
2005-12-09,0.16602166933450627,0.14792970172037762,0.5627851217486801,0.12326350719643599
2005-12-12,0.38103527110623875,0.33563917116331177,0.0,0.28332555773044954
2005-12-13,0.168187718761353,0.14638513760324984,0.56084223432571,0.1245849093096871
2005-12-14,0.17070986180587389,0.15006031218020263,0.5560712623868991,0.12315856362702446
2005-12-15,0.17509787027627863,0.15231838336327283,0.5554129437852849,0.11717080257516359
2005-12-16,0.17660022057939467,0.1489824608175452,0.5555938133767501,0.11882350522630994
2005-12-19,0.1758837566972771,0.14776116101102235,0.5552904183473977,0.12106466394430282
2005-12-20,0.17450129486634627,0.14792332507318856,0.5565988751276455,0.12097650493281971
2005-12-21,0.17411494471761074,0.1495749402909757,0.5614081057528691,0.11490200923854443
2005-12-22,0.17395720226100284,0.14958848874996025,0.5613811167210951,0.11507319226794178
2005-12-23,0.17281129337667261,0.15048676235017758,0.5628189098469565,0.11388303442619328
2005-12-27,0.1740348286872375,0.1526342806024275,0.5595754666129062,0.1137554240974289
2005-12-28,0.17242277669352626,0.15325269278494175,0.5592458268550183,0.11507870366651361
2005-12-29,0.1733057084274155,0.1531252427085571,0.5596498034247601,0.1139192454392672
2005-12-30,0.17592198306438828,0.15337278615240627,0.557514928319872,0.11319030246333346
2006-01-03,0.17982873352015613,0.1535681703902236,0.5541830358032406,0.11242006028637958
2006-01-04,0.17668006480760673,0.13942150368512643,0.5722938434743924,0.11160458803287447
2006-01-05,0.17731041500706596,0.13947874911083774,0.5710566978107432,0.1121541380713531
2006-01-06,0.18014438817229184,0.13927411931092265,0.5716394822502334,0.10894201026655213
2006-01-09,0.179414969283094,0.13768579143743012,0.5777874083521319,0.10511183092734412
2006-01-10,0.1817573589989713,0.13832059751549147,0.5752118358907949,0.10471020759474237
2006-01-11,0.1817611187189231,0.13664786386268699,0.5779688595880089,0.10362215783038085
2006-01-12,0.18408282845150423,0.13649753518745922,0.5759620761066478,0.10345756025438867
2006-01-13,0.1839728644095211,0.1376924393968968,0.5742178439148312,0.10411685227875085
2006-01-17,0.1893512418314767,0.14046321978116305,0.5673315095994584,0.10285402878790179
2006-01-18,0.19634493010912546,0.13630784302561177,0.5639555975838279,0.10339162928143476
2006-01-19,0.20916353615558966,0.13968088649864865,0.5526297246306703,0.09852585271509126
2006-01-20,0.20972500011335282,0.138702575572591,0.555910009925142,0.09566241438891426
2006-01-23,0.20173394721244972,0.13784336682584064,0.5645737773835832,0.0958489085781265
2006-01-24,0.19986997345183602,0.13424847934173217,0.5705540921224226,0.09532745508400918
2006-01-25,0.1970808899379677,0.1319163556646245,0.5772698945567288,0.09373285984067903
2006-01-26,0.20363644374823983,0.1317200680283337,0.5712661783596031,0.09337730986382338
2006-01-27,0.21280944167416949,0.13108540215486095,0.5629137628604087,0.09319139331056077
2006-01-30,0.2097006383506135,0.13136288230233711,0.5635270679331125,0.09540941141393681
2006-01-31,0.2094604010161486,0.13181149433576828,0.5629805791888736,0.09574752545920964
2006-02-01,0.2096055919521036,0.13324157339748927,0.5617726508433376,0.09538018380706952
2006-02-02,0.2073566205534079,0.13282807061991464,0.5645561914344225,0.09525911739225491
2006-02-03,0.20069447685429592,0.13307605992670873,0.5692209083757811,0.09700855484321413
2006-02-06,0.20103616384671794,0.1343504195819905,0.5674755578054811,0.09713785876581042
2006-02-07,0.19861927117495268,0.13295685941856367,0.5723718052104416,0.09605206419604201
2006-02-08,0.19512020970849023,0.13236600815140556,0.5837156088520529,0.08879817328805137
2006-02-09,0.19175903343848966,0.13080800352275337,0.5896449098616201,0.08778805317713677
2006-02-10,0.19211064762423977,0.1311167335621486,0.590831679529209,0.0859409392844027
2006-02-13,0.19049007047103172,0.1306516210381738,0.5964300974944846,0.08242821099630987
2006-02-14,0.19101255540837858,0.13028863458932283,0.5980229351173174,0.08067587488498111
2006-02-15,0.1870977293829903,0.12952960677032047,0.6013539480793688,0.08201871576732041
2006-02-16,0.1894413137157956,0.1309280811805816,0.5981638412102105,0.08146676389341244
2006-02-17,0.18860145074116896,0.1309348754008077,0.5991714065096737,0.08129226734834959
2006-02-21,0.19062375964896286,0.13177358370409145,0.5954623675000389,0.08214028914690687
2006-02-22,0.19294946857079556,0.13321725331092765,0.5907327193747431,0.08310055874353363
2006-02-23,0.1964602686452063,0.1353399580939323,0.5834275190560092,0.08477225420485232
2006-02-24,0.19609842276774075,0.13706939029503223,0.5828804534844159,0.0839517334528112
2006-02-27,0.19778594571826183,0.13652049269609598,0.582937594676038,0.08275596690960411
2006-02-28,0.19856070084346075,0.13707865816282327,0.5816418331680424,0.08271880782567362
2006-03-01,0.19580895011962443,0.13682552516623192,0.5842341199689205,0.08313140474522314
2006-03-02,0.19510847768532297,0.13909084790521692,0.5820685585869134,0.08373211582254661
2006-03-03,0.1969238791019791,0.14026086013019895,0.578629515451861,0.08418574531596092
2006-03-06,0.46682361384258314,0.33314065784711594,0.0,0.20003572831030098
2006-03-07,0.4675985572394339,0.33448255357453177,0.0,0.1979188891860344
2006-03-08,0.47170495514932875,0.33015548946738493,0.0,0.19813955538328626
2006-03-09,0.4726005913832728,0.33080675032714,0.0,0.19659265828958714
2006-03-10,0.468452436516977,0.3341810528923308,0.0,0.19736651059069224
2006-03-13,0.46518045414508397,0.3355730912599874,0.0,0.19924645459492862
2006-03-14,0.19124339245183497,0.13615462243009993,0.5905408183831476,0.08206116673491748
2006-03-15,0.188909547905741,0.13586067628409232,0.5903533740078737,0.0848764018022931
2006-03-16,0.18995580678725177,0.13843511529361552,0.5861594837663904,0.08544959415274234
2006-03-17,0.19405814097083968,0.14166280986152704,0.5771515662794853,0.08712748288814812
2006-03-20,0.1962604656074349,0.14220613070076496,0.574187773184788,0.08734563050701213
2006-03-21,0.45783901692987844,0.33218964463309847,0.0,0.2099713384370231
2006-03-22,0.1958916902951004,0.14152014498464638,0.5720102535783489,0.09057791114190424
2006-03-23,0.1952683018624033,0.14063259781395857,0.5728643864984222,0.09123471382521611
2006-03-24,0.19425130456954864,0.13746535469076332,0.5774004014281043,0.0908829393115837
2006-03-27,0.1974322443244573,0.13716275670791522,0.5762286962770452,0.08917630269058223
2006-03-28,0.19462748803507457,0.13564928011255412,0.5813404015423707,0.08838283031000066
2006-03-29,0.4658968540274336,0.3220915026653451,0.0,0.21201164330722141
2006-03-30,0.46919142773087136,0.32021471451158223,0.0,0.21059385775754638
2006-03-31,0.46889062043687496,0.3328966433900714,0.0,0.19821273617305366
2006-04-03,0.4706838121199888,0.33218473502929347,0.0,0.19713145285071768
2006-04-04,0.4702864387047602,0.3293037083201898,0.0,0.20040985297504987
2006-04-05,0.4671984574764112,0.3293634313823291,0.0,0.2034381111412597
2006-04-06,0.4660055869208972,0.328705831670915,0.0,0.2052885814081879
2006-04-07,0.46362558570303214,0.3315773423539913,0.0,0.20479707194297664
2006-04-10,0.4599278559638711,0.33296394981532185,0.0,0.207108194220807
2006-04-11,0.46030782732740144,0.3356230335717689,0.0,0.20406913910082958
2006-04-12,0.4560672911666289,0.3363442775572458,0.0,0.2075884312761253
2006-04-13,0.4533959021753701,0.3406349104109754,0.0,0.20596918741365436
2006-04-17,0.44715652192490907,0.3448686194215995,0.0,0.20797485865349144
2006-04-18,0.44550577959414966,0.34716921151590996,0.0,0.20732500888994035
2006-04-19,0.4544432014245593,0.34020450703553134,0.0,0.20535229153990936
2006-04-20,0.45554505805295525,0.34666791229272714,0.0,0.19778702965431752
2006-04-21,0.464242071574759,0.3520727840772373,0.0,0.18368514434800368
2006-04-24,0.4686918324516107,0.3542192777025005,0.0,0.17708888984588886
2006-04-25,0.4691058002695625,0.35864561787695826,0.0,0.17224858185347933
2006-04-26,0.47323554644992566,0.3569960213059673,0.0,0.16976843224410698
2006-04-27,0.47353895147169095,0.3557856609056637,0.0,0.1706753876226453
2006-04-28,0.47678266626474874,0.35423920664220937,0.0,0.1689781270930419
2006-05-01,0.4817793318917199,0.3546685384237614,0.0,0.16355212968451874
2006-05-02,0.4827330780742752,0.35672971053316654,0.0,0.16053721139255825
2006-05-03,0.48669542316470243,0.351889744738497,0.0,0.1614148320968007
2006-05-04,0.48685135720837425,0.3510234172922669,0.0,0.162125225499359
2006-05-05,0.48770490941254363,0.34565212811660767,0.0,0.1666429624708487
2006-05-08,0.49240224517828557,0.33964825099509927,0.0,0.16794950382661505
2006-05-09,0.4917213878280942,0.3385336594975128,0.0,0.16974495267439307
2006-05-10,0.4914607545482921,0.3386313333659666,0.0,0.16990791208574138
2006-05-11,0.4888226126320356,0.3390369561429121,0.0,0.17214043122505232
2006-05-12,0.4854388015427562,0.33980098310095974,0.0,0.17476021535628405
2006-05-15,0.47485899018373445,0.34366293741045895,0.0,0.18147807240580652
2006-05-16,0.4882833428577613,0.3464493558332326,0.0,0.16526730130900597
2006-05-17,0.4888601769103737,0.34684996591426487,0.0,0.16428985717536143
2006-05-18,0.4889012075452441,0.33200157077308484,0.0,0.179097221681671
2006-05-19,0.4898713363478005,0.33237831062387535,0.0,0.1777503530283243
2006-05-22,0.48901008386797584,0.33524709786062484,0.0,0.1757428182713992
2006-05-23,0.4942778885276494,0.32526490263292646,0.0,0.18045720883942412
2006-05-24,0.4915142215033862,0.32739017887059796,0.0,0.18109559962601585
2006-05-25,0.4940072043311303,0.33097952101102746,0.0,0.1750132746578423
2006-05-26,0.49125973999764516,0.3321310773457807,0.0,0.1766091826565742
2006-05-30,0.49043716369457796,0.3319338941376557,0.0,0.17762894216776645
2006-05-31,0.47935784394179504,0.3362527221663889,0.0,0.18438943389181603
2006-06-01,0.4743008969749143,0.33861653809386993,0.0,0.18708256493121578
2006-06-02,0.18902321969857339,0.1388696640691674,0.597940973036268,0.07416614319599119
2006-06-05,0.4705482027448923,0.34351356159591623,0.0,0.18593823565919157
2006-06-06,0.198009607644955,0.14216030277500388,0.5793852061727166,0.08044488340732454
2006-06-07,0.47391365603226043,0.33678842924710883,0.0,0.1892979147206307
2006-06-08,0.20136136139368893,0.14268907164241956,0.5748762839704915,0.0810732829934
2006-06-09,0.0,0.1746902261122622,0.7244876612824601,0.10082211260527779
2006-06-12,0.0,0.6348414428785378,0.0,0.3651585571214621
2006-06-13,0.0,0.0,0.880346160037241,0.11965383996275906
2006-06-14,0.0,0.0,0.0,1.0
2006-06-15,0.4974004245373623,0.3225063660346073,0.0,0.1800932094280304
2006-06-16,0.0,0.6291595420889611,0.0,0.3708404579110391
2006-06-19,0.0,0.6298263771611653,0.0,0.3701736228388348
2006-06-20,0.0,0.6339340266091377,0.0,0.3660659733908624
2006-06-21,0.0,0.6340659035951755,0.0,0.3659340964048247
2006-06-22,0.0,0.6324089998902785,0.0,0.3675910001097215
2006-06-23,0.0,0.6336037157173533,0.0,0.3663962842826466
2006-06-26,0.0,0.6347318346388326,0.0,0.36526816536116746
2006-06-27,0.0,0.6328080617667549,0.0,0.3671919382332451
2006-06-28,0.0,0.6291644832758774,0.0,0.37083551672412246
2006-06-29,0.4859098395852979,0.3232919283345857,0.0,0.1907982320801164
2006-06-30,0.487435005156045,0.31642179585869934,0.0,0.19614319898525562
2006-07-03,0.49040208650293127,0.3154247006619684,0.0,0.19417321283510025
2006-07-05,0.49025789721437363,0.31562020659737344,0.0,0.19412189618825296
2006-07-06,0.4937729915545624,0.3117767890003332,0.0,0.19445021944510452
2006-07-07,0.49401319947614775,0.3105263713635503,0.0,0.19546042916030198
2006-07-10,0.49459069405200207,0.31014990510565327,0.0,0.19525940084234458
2006-07-11,0.1886531069063216,0.11805746045977884,0.6189235284650089,0.0743659041688907
2006-07-12,0.18820420397209886,0.11804521603599245,0.6204476472806416,0.07330293271126699
2006-07-13,0.0,0.14309687105802527,0.7660044210034204,0.09089870793855448
2006-07-14,0.0,0.1439247979982121,0.7651952878661135,0.09087991413567428
2006-07-17,0.0,0.1438536526825965,0.763810720763774,0.09233562655362934
2006-07-18,0.0,0.0,0.8897096785696502,0.11029032143034977
2006-07-19,0.18552785092864146,0.1166250987232411,0.6193697142740114,0.07847733607410594
2006-07-20,0.0,0.13960074935648387,0.7629502317100946,0.09744901893342162
2006-07-21,0.0,0.1379806961656616,0.766124687057202,0.09589461677713636
2006-07-24,0.1793400975536608,0.11310263691073079,0.629100051569795,0.07845721396581333
2006-07-25,0.17414104596770033,0.11195377694319297,0.6349730461881296,0.07893213090097716
2006-07-26,0.17325237800742296,0.11140502426453802,0.6348528869183456,0.08048971080969326
2006-07-27,0.1715947870550307,0.10940736695474464,0.6398497694466839,0.07914807654354071
2006-07-28,0.17250159740975934,0.11025607708100676,0.6377489470640567,0.07949337844517727
2006-07-31,0.17182023108260316,0.10905060271007437,0.6391717768527706,0.07995738935455192
2006-08-01,0.17215517419910015,0.10937699635599349,0.6380088366273843,0.0804589928175221
2006-08-02,0.17341146423246134,0.11046616544834634,0.636174259185194,0.07994811113399831
2006-08-03,0.1727208502149052,0.10995831455122741,0.6372917999975203,0.08002903523634708
2006-08-04,0.17222988694988486,0.10990929619564128,0.6362542220068925,0.08160659484758151
2006-08-07,0.17312061407345425,0.11050410681418968,0.6341135093858964,0.08226176972645975
2006-08-08,0.17493510287112526,0.11036724712344766,0.6325611472120717,0.08213650279335548
2006-08-09,0.17626325356177694,0.11003674370820506,0.6323703431523813,0.08132965957763676
2006-08-10,0.17525327317677533,0.10963138883901725,0.6290112341352797,0.0861041038489277
2006-08-11,0.17188237626826308,0.10759828272527018,0.636147773557139,0.08437156744932774
2006-08-14,0.17595155027161619,0.11029192988848983,0.6308780309564657,0.08287848888342833
2006-08-15,0.17405607707329243,0.10874193912983453,0.6353894794099532,0.08181250438691984
2006-08-16,0.17341830462049113,0.10733933524477003,0.6352316165880326,0.08401074354670625
2006-08-17,0.17471579720190258,0.11030035812077187,0.6305112283274601,0.08447261634986562
2006-08-18,0.17429410514793067,0.10908600944133301,0.6334541842850283,0.08316570112570809
2006-08-21,0.1744251827311307,0.10867875606023097,0.6312661038235018,0.0856299573851365
2006-08-22,0.1772143413258868,0.10962039094040811,0.6284722397636138,0.0846930279700914
2006-08-23,0.17485843673866389,0.10810678482189195,0.6336662705816366,0.08336850785780753
2006-08-24,0.1796089366889545,0.10767591802163548,0.630609558614352,0.08210558667505811
2006-08-25,0.18051251659441378,0.10673467125118584,0.6311219708887889,0.08163084126561146
2006-08-28,0.18175181703933563,0.10636616955614044,0.6290911123612519,0.08279090104327194
2006-08-29,0.17021177548524588,0.10021995521191779,0.6516433320815571,0.0779249372212792
2006-08-30,0.17143847654873093,0.09981649298215266,0.6527962561389759,0.07594877433014052
2006-08-31,0.1704739278667742,0.09998740132516822,0.6539816789857054,0.07555699182235212
2006-09-01,0.16878452908508693,0.09912817726999594,0.6584387737360183,0.07364851990889883
2006-09-05,0.16524110779240853,0.10023789770746992,0.661067843243933,0.07345315125618872
2006-09-06,0.16601641965123118,0.1004389830245411,0.660569987811604,0.07297460951262373
2006-09-07,0.1639879582466368,0.0972282786789264,0.6672293381656237,0.071554424908813
2006-09-08,0.1625002124428381,0.09949194763978363,0.6578617067720354,0.08014613314534293
2006-09-11,0.17178055257851896,0.10547768598737459,0.7227417614341064,0.0
2006-09-12,0.18017696205351666,0.11014918451467436,0.709673853431809,0.0
2006-09-13,0.18081407570962688,0.11070816351423786,0.7084777607761353,0.0
2006-09-14,0.17894294551266238,0.10830266611293081,0.7127543883744067,0.0
2006-09-15,0.18049122200955697,0.1093208578844583,0.7101879201059846,0.0
2006-09-18,0.18169418861501596,0.11021459198294224,0.7080912194020419,0.0
2006-09-19,0.1730317209853349,0.10458052327603917,0.7223877557386259,0.0
2006-09-20,0.17417559327718482,0.10479430579784284,0.7210301009249723,0.0
2006-09-21,0.16861147398223122,0.10136595169175713,0.7300225743260116,0.0
2006-09-22,0.17385627784648547,0.10633818573748441,0.7198055364160302,0.0
2006-09-25,0.17293172434615658,0.10591644389885065,0.7211518317549929,0.0
2006-09-26,0.17852406866690237,0.1136561877169,0.7078197436161976,0.0
2006-09-27,0.16375366831137836,0.10711078046522872,0.6578885167432246,0.07124703448016839
2006-09-28,0.16430888336451283,0.10707975662132346,0.6575924924666285,0.07101886754753524
2006-09-29,0.1593064548711553,0.10700630559357141,0.6654189327131327,0.06826830682214054
2006-10-02,0.17191882603850855,0.11654702338157111,0.7115341505799203,0.0
2006-10-03,0.16814576577974358,0.11337451443058216,0.7184797197896742,0.0
2006-10-04,0.16831491981688512,0.11423500814613625,0.7174500720369787,0.0
2006-10-05,0.17004813418517775,0.11731909202194753,0.7126327737928748,0.0
2006-10-06,0.18052290506627908,0.1259981739944206,0.6934789209393004,0.0
2006-10-09,0.20051322550943512,0.13298889175046216,0.6664978827401027,0.0
2006-10-10,0.20234080207645486,0.1347879466474175,0.6628712512761277,0.0
2006-10-11,0.20703214911642306,0.14220257474275244,0.6507652761408245,0.0
2006-10-12,0.2076905474572507,0.14254776347904052,0.6497616890637088,0.0
2006-10-13,0.20615073896194003,0.14673881372695813,0.6471104473111019,0.0
2006-10-16,0.21305821634157165,0.14942743712128517,0.6375143465371432,0.0
2006-10-17,0.21770060538206698,0.1486771609947616,0.6336222336231715,0.0
2006-10-18,0.23394911410805835,0.1500849118961551,0.6159659739957866,0.0
2006-10-19,0.23390938945883327,0.14977048593282113,0.6163201246083456,0.0
2006-10-20,0.23431314161172465,0.14987362969204993,0.6158132286962253,0.0
2006-10-23,0.23407310579492893,0.15001517088216434,0.6159117233229067,0.0
2006-10-24,0.24003347941911743,0.16009664653336467,0.5998698740475179,0.0
2006-10-25,0.23934979648354957,0.16007696930633916,0.6005732342101112,0.0
2006-10-26,0.24219431860860774,0.16024689988962623,0.597558781501766,0.0
2006-10-27,0.24786278905576517,0.16385551768566725,0.5882816932585676,0.0
2006-10-30,0.24433098516472812,0.16394802764320562,0.5917209871920662,0.0
2006-10-31,0.2240030967110228,0.14964442553104518,0.5527334039765409,0.07361907378139104
2006-11-01,0.22824599057717598,0.15338332221549195,0.5438479506803494,0.07452273652698256
2006-11-02,0.2257308795631226,0.15488524064027534,0.5455448727130101,0.07383900708359191
2006-11-03,0.2278838214458361,0.1552950316363477,0.5428156834814454,0.07400546343637086
2006-11-06,0.2364633683266277,0.16079561992443075,0.5241910640220334,0.07854994772690803
2006-11-07,0.2294574075475848,0.15885312722018954,0.5325471309376177,0.07914233429460783
2006-11-08,0.22957720083951158,0.15939557295090123,0.5314838526751746,0.0795433735344125
2006-11-09,0.2353016158245027,0.17086209361181154,0.5170692643627168,0.07676702620096883
2006-11-10,0.2339393013217422,0.17058440570478708,0.5224768007530448,0.07299949222042598
2006-11-13,0.23442143338914553,0.17130901259493336,0.5194019814050177,0.07486757261090335
2006-11-14,0.2367968626616941,0.17012882651738997,0.5180577264640316,0.07501658435688428
2006-11-15,0.23543759760034397,0.16644655536227496,0.5215033217241922,0.07661252531318886
2006-11-16,0.23668748873597403,0.16790938398034913,0.5182559441960494,0.07714718308762748
2006-11-17,0.23826177823973413,0.16823574838024707,0.5166558582503296,0.07684661512968931
2006-11-20,0.2399845109731672,0.1691028673513158,0.5138749717344612,0.07703764994105584
2006-11-21,0.24052512472793589,0.1667034412996823,0.5155349880808326,0.07723644589154917
2006-11-22,0.2412528835984304,0.16605622473822768,0.5152633275579295,0.07742756410541253
2006-11-24,0.24172980513853254,0.16539937628619264,0.5153085090140315,0.07756230956124328
2006-11-27,0.2394201988733492,0.16463856068274277,0.5187783620481751,0.07716287839573294
2006-11-28,0.22289978663079146,0.16565649022455026,0.5316541706035006,0.07978955254115765
2006-11-29,0.22535715702423292,0.1657791943702687,0.5286179079755476,0.08024574062995075
2006-11-30,0.2202152807977674,0.16431360142084853,0.5329894411154064,0.08248167666597783
2006-12-01,0.2264023844544027,0.1740453525994142,0.5192661943864101,0.08028606855977302
2006-12-04,0.2259707050467391,0.1796628906529806,0.5121331560167217,0.08223324828355863
2006-12-05,0.22339906568581872,0.17918051296765466,0.5143661142644882,0.08305430708203847
2006-12-06,0.22087112637559067,0.17967984026167483,0.5104356189234275,0.08901341443930708
2006-12-07,0.2245097806717267,0.1818378382188504,0.507433761174059,0.08621861993536387
2006-12-08,0.22307430408180678,0.18290383149981265,0.5074228366460526,0.08659902777232786
2006-12-11,0.22336679502666576,0.1822775788637679,0.5047772263100362,0.08957839979953011
2006-12-12,0.22320058818376357,0.18261168730970012,0.5048721013911553,0.08931562311538109
2006-12-13,0.22388831482416194,0.18349323481246488,0.5018862771502738,0.09073217321309933
2006-12-14,0.22460708092285372,0.1892082721017786,0.49200167057220756,0.09418297640316012
2006-12-15,0.24463398876338482,0.21324153090977777,0.5421244803268375,0.0
2006-12-18,0.2435593924327855,0.2071516332932741,0.5492889742739405,0.0
2006-12-19,0.22101716249401543,0.1896826794451594,0.4979368995601859,0.09136325850063924
2006-12-20,0.22346155082161048,0.18849859001462058,0.49805106965804197,0.08998878950572702
2006-12-21,0.22727404596881723,0.1871739341064531,0.49592122990104626,0.08963079002368347
2006-12-22,0.22548232682029806,0.18864138422127966,0.49421882861844535,0.09165746033997697
2006-12-26,0.222317103412354,0.18921682328776396,0.49626550781196044,0.0922005654879216
2006-12-27,0.22052100781369977,0.18985932658608412,0.4972903338026798,0.09232933179753641
2006-12-28,0.22339243734465525,0.1861953628231992,0.49648064686535937,0.09393155296678617
2006-12-29,0.22107670105111285,0.18501574142426272,0.4913203282365321,0.10258722928809237
2007-01-03,0.22310420392670413,0.18304872320053192,0.49215988197939026,0.10168719089337375
2007-01-04,0.2215369784610329,0.181901677989859,0.49718129724832627,0.09938004630078184
2007-01-05,0.24119045429536543,0.20316274550055768,0.5556468002040769,0.0
2007-01-08,0.23812482866542772,0.19181595791684392,0.5700592134177284,0.0
2007-01-09,0.23128351103643272,0.18740057198573487,0.5813159169778324,0.0
2007-01-10,0.23064445575678558,0.18699671742503565,0.5823588268181789,0.0
2007-01-11,0.23515000794961913,0.1869516205202328,0.577898371530148,0.0
2007-01-12,0.21175890473278608,0.16781123184091465,0.5267964321788842,0.09363343124741501
2007-01-16,0.21063484714315345,0.16590952308367524,0.5323484309321305,0.09110719884104097
2007-01-17,0.2104885362214056,0.16735521769847717,0.530877323998298,0.09127892208181923
2007-01-18,0.21055871026283848,0.16744311929763067,0.5313145873472389,0.09068358309229195
2007-01-19,0.2093027535889713,0.1683870134226268,0.5307234798676135,0.09158675312078847
2007-01-22,0.2102821537511266,0.16428830518002008,0.5332549057485106,0.09217463532034265
2007-01-23,0.2070798903578118,0.16025844706994719,0.5396044458634893,0.09305721670875174
2007-01-24,0.2095169307882351,0.15996437942226957,0.5398073903434659,0.09071129944602942
2007-01-25,0.20502662574408936,0.15964457880562552,0.5444236476383223,0.0909051478119629
2007-01-26,0.19560001427134632,0.15180688995593614,0.5608826865565341,0.09171040921618359
2007-01-29,0.1965915183469515,0.15217130454121885,0.5604968899496403,0.09074028716218939
2007-01-30,0.1971809782169028,0.15294567838740336,0.5589003795889669,0.09097296380672695
2007-01-31,0.1926492095813993,0.1494926127394702,0.5684363931784006,0.08942178450072986
2007-02-01,0.19279040482953536,0.14850041512291545,0.5682839750953769,0.0904252049521723
2007-02-02,0.19137302415421265,0.1472427509348139,0.5706014940341547,0.09078273087681868
2007-02-05,0.18203516983836093,0.14013527647988663,0.5930580147116825,0.0847715389700698
2007-02-06,0.18770259918947393,0.14404314615077485,0.5838381799152824,0.0844160747444689
2007-02-07,0.18751375212025997,0.1420308798255975,0.5866740289350545,0.08378133911908806
2007-02-08,0.18495852487513748,0.140056315641918,0.5907623238505746,0.08422283563236983
2007-02-09,0.18596312264492096,0.13940050660299141,0.5859968596523238,0.08863951109976376
2007-02-12,0.18281675523329044,0.14001405254968244,0.5877108692804405,0.08945832293658657
2007-02-13,0.18170543176525938,0.14084987749155684,0.5882784046134263,0.08916628612975748
2007-02-14,0.18032263443050442,0.13931589885920453,0.5906307011189361,0.08973076559135493
2007-02-15,0.18347867484516753,0.13888324255818665,0.5857012956725612,0.09193678692408447
2007-02-16,0.1835381544930771,0.13914221190652232,0.5846357904737727,0.09268384312662795
2007-02-20,0.18111106845540617,0.13783194382683156,0.5892502746077649,0.09180671310999736
2007-02-21,0.18090829546126108,0.14028244699374492,0.5893769562211308,0.08943230132386337
2007-02-22,0.18162574108328844,0.13987815527991795,0.5947639037912369,0.0837321998455567
2007-02-23,0.1824673617373127,0.14235355667813207,0.5911259001871625,0.08405318139739283
2007-02-26,0.18416006430358156,0.1450068496568835,0.5849418735569692,0.08589121248256562
2007-02-27,0.19763012760019283,0.1466620550523423,0.5708537023198047,0.08485411502766031
2007-02-28,0.14935755228066236,0.12642582583285492,0.6370091813750364,0.08720744051144634
2007-03-01,0.14876267524745646,0.12703638993537764,0.6384235474123261,0.0857773874048399
2007-03-02,0.14589867646307889,0.12305632267710305,0.6455052533559829,0.08553974750383514
2007-03-05,0.1436653650233782,0.12180663368405115,0.6528443335500114,0.08168366774255924
2007-03-06,0.1439772320972925,0.11699846485769837,0.6574724889548926,0.08155181409011651
2007-03-07,0.1401937182766285,0.10849275189180056,0.6697575260028547,0.08155600382871643
2007-03-08,0.13983414371392588,0.1082850305342294,0.6691415656741921,0.08273926007765257
2007-03-09,0.1390164184474324,0.10735757206280976,0.6707139827284436,0.08291202676131416
2007-03-12,0.1401819496646214,0.10828573190756098,0.667443758114551,0.0840885603132666
2007-03-13,0.1429511413569664,0.110098702894019,0.6610008015638228,0.08594935418519184
2007-03-14,0.13695854028459511,0.10592627030195245,0.6707157233462754,0.08639946606717698
2007-03-15,0.13328247552807418,0.10400919046274561,0.678002177245736,0.08470615676344424
2007-03-16,0.13424214199583218,0.10358853451446942,0.677595149661493,0.08457417382820533
2007-03-19,0.13390055726684694,0.10355224960100862,0.6768355417642659,0.08571165136787867
2007-03-20,0.13211219426300647,0.10231966516813704,0.6793257899769324,0.08624235059192407
2007-03-21,0.13181659628562,0.10207220299895586,0.6793603594176272,0.08675084129779699
2007-03-22,0.12861545308374792,0.09980956270596204,0.6841804375526239,0.08739454665766604
2007-03-23,0.1292106245947163,0.09994478144453298,0.6830930627522025,0.0877515312085483
2007-03-26,0.13024150073226426,0.1002960779406802,0.6819436467142292,0.0875187746128262
2007-03-27,0.13079923446328245,0.10038418220336252,0.6815887782774447,0.08722780505591023
2007-03-28,0.1285416646177222,0.09901604004896486,0.687093791733838,0.08534850359947507
2007-03-29,0.12713710661476127,0.09789520822100932,0.6896352107119151,0.08533247445231422
2007-03-30,0.12849405478350423,0.09826976750475222,0.6873235313401057,0.08591264637163774
2007-04-02,0.1272390984131015,0.09733559422908034,0.6892090830788802,0.08621622427893799
2007-04-03,0.12639102105063973,0.09671722904014717,0.6906556645809658,0.08623608532824717
2007-04-04,0.12541555541766153,0.0979214869172854,0.687218488193512,0.08944446947154111
2007-04-05,0.125992250346046,0.09809628218670322,0.6871628606691583,0.08874860679809242
2007-04-09,0.12629697084267613,0.09833445666469606,0.6862619282436617,0.08910664424896605
2007-04-10,0.13065688995704458,0.1022191898479597,0.6750744699567279,0.09204945023826779
2007-04-11,0.13022837506253176,0.10159729903596364,0.6769386300244391,0.0912356958770655
2007-04-12,0.1296498834655258,0.10121109779519645,0.6753866693437429,0.09375234939553478
2007-04-13,0.1294153070149311,0.10100117837581876,0.6757633271852123,0.09382018742403786
2007-04-16,0.12996646375098797,0.10163236269417839,0.6742119273165053,0.09418924623832842
2007-04-17,0.12962020678386435,0.1017394997678964,0.673837822748586,0.09480247069965336
2007-04-18,0.13140390199801583,0.1040907350241777,0.6680201752700992,0.09648518770770728
2007-04-19,0.13196063356576113,0.10466550385745424,0.6665307192508356,0.09684314332594905
2007-04-20,0.13049330187382388,0.10370102578544789,0.6678501414016884,0.09795553093903978
2007-04-23,0.13056607334562212,0.10341927604827436,0.669511923876188,0.09650272672991558
2007-04-24,0.13173215749988895,0.10410600049178997,0.6686217771270574,0.09554006488126363
2007-04-25,0.13179904150736113,0.10409218605653153,0.6690466969248486,0.09506207551125877
2007-04-26,0.1300630447979528,0.10308440429179627,0.6719142349522833,0.09493831595796752
2007-04-27,0.13153864285418834,0.10395760819655417,0.6700768565411455,0.09442689240811203
2007-04-30,0.13201698783228188,0.10386879209408514,0.6698244401924874,0.09428977988114552
2007-05-01,0.13395027990108846,0.10633284932022523,0.6636037173882781,0.09611315339040814
2007-05-02,0.1336254694895638,0.1061624922179701,0.6631335228633745,0.09707851542909172
2007-05-03,0.13276610315300355,0.10564776754222559,0.6648041130803717,0.09678201622439911
2007-05-04,0.13221182934070733,0.10587284486563506,0.6658563460480852,0.09605897974557238
2007-05-07,0.13230346895438339,0.10548988654943464,0.6664944778551404,0.09571216664104172
2007-05-08,0.13231743063927703,0.1056759816988937,0.6652755677528099,0.09673101990901949
2007-05-09,0.13195700514123743,0.1040677891768896,0.668043482109193,0.09593172357268007
2007-05-10,0.13231678630507196,0.10422121837844918,0.6674142053478013,0.0960477899686775
2007-05-11,0.13257181133464893,0.10293807591432111,0.6703349324956454,0.0941551802553846
2007-05-14,0.129975777121118,0.10054848901830588,0.6767437043492001,0.09273202951137603
2007-05-15,0.12944501764454366,0.10007878517348637,0.678072994510787,0.09240320267118292
2007-05-16,0.12947138660324464,0.10008969286988284,0.6781118078791779,0.09232711264769458
2007-05-17,0.1288993941248746,0.10008732950088352,0.6783890222022626,0.09262425417197927
2007-05-18,0.12901117727551376,0.10024589158923823,0.6720261473128956,0.09871678382235238
2007-05-21,0.12957907504808142,0.10118682829737172,0.6697024984906076,0.09953159816393939
2007-05-22,0.12936100565475486,0.10058270539330758,0.6704336123149269,0.09962267663701067
2007-05-23,0.1292761221325243,0.10051243604089,0.6706975319001108,0.099513909926475
2007-05-24,0.15039024037478704,0.10509480198870588,0.6426529183962392,0.1018620392402678
2007-05-25,0.14947735131998494,0.10421688894548173,0.64318530786775,0.10312045186678338
2007-05-29,0.14951289335399648,0.10514941012362906,0.6415917655644403,0.10374593095793402
2007-05-30,0.15152944234148505,0.10443656293981304,0.6316752949040032,0.11235869981469875
2007-05-31,0.1533619781240938,0.10957331884548482,0.6237947438813534,0.11326995914906797
2007-06-01,0.15953353524618502,0.12014200919286253,0.6056797612261777,0.11464469433477477
2007-06-04,0.1598726094388102,0.12015978076830827,0.6074507955395121,0.11251681425336942
2007-06-05,0.16147861226679014,0.12174277277261845,0.6043223309769309,0.11245628398366062
2007-06-06,0.16070168710931348,0.1212390570643106,0.6052216496699727,0.1128376061564032
2007-06-07,0.4022323294726337,0.3049444864599136,0.0,0.29282318406745267
2007-06-08,0.4031245583352351,0.3143506922796192,0.0,0.2825247493851457
2007-06-11,0.40247993954586897,0.31709773445210404,0.0,0.2804223260020271
2007-06-12,0.40303764000519493,0.3177951203895133,0.0,0.2791672396052919
2007-06-13,0.4020199315413922,0.31075823262740565,0.0,0.28722183583120225
2007-06-14,0.3978898035827004,0.31484312346550264,0.0,0.287267072951797
2007-06-15,0.39640122299420977,0.3147954208625952,0.0,0.2888033561431949
2007-06-18,0.40039507668632596,0.3192490954401735,0.0,0.2803558278735005
2007-06-19,0.17626305035574574,0.14063595025862302,0.5596664566026918,0.12343454278293944
2007-06-20,0.3999400916553634,0.31929736500524,0.0,0.2807625433393967
2007-06-21,0.39174337241714774,0.3205493906326606,0.0,0.28770723695019185
2007-06-22,0.17383236034871583,0.14176451312719734,0.5565218237163739,0.12788130280771287
2007-06-25,0.17423596777766043,0.1408910247014632,0.5553706900709716,0.12950231744990467
2007-06-26,0.3891422649329612,0.31939877685494983,0.0,0.291458958212089
2007-06-27,0.17007793191268875,0.14241809916775713,0.5590551095782682,0.1284488593412859
2007-06-28,0.16605155419732476,0.14296279846815496,0.5613535082039537,0.12963213913056665
2007-06-29,0.16842737711532318,0.143624850896794,0.560037726796384,0.12791004519149884
2007-07-02,0.16849523058723873,0.14306267765491262,0.5571146606676299,0.13132743109021872
2007-07-03,0.1691278624759682,0.14191269837085585,0.5577602548727808,0.1311991842803952
2007-07-05,0.3822538491878362,0.32067448572652335,0.0,0.2970716650856403
2007-07-06,0.38093688783002966,0.3201514218978573,0.0,0.2989116902721131
2007-07-09,0.3823905514423303,0.32062636139209594,0.0,0.29698308716557376
2007-07-10,0.1703850537993499,0.14312949121760007,0.555097137907989,0.131388317075061
2007-07-11,0.1681663957789197,0.14371890704685122,0.5511104358985163,0.13700426127571294
2007-07-12,0.374802912264424,0.31916410240067467,0.0,0.3060329853349013
2007-07-13,0.16299808961830725,0.14095981632154905,0.5589635948355295,0.1370784992246142
2007-07-16,0.1626759407332599,0.1407576950224708,0.5591014676207902,0.13746489662347908
2007-07-17,0.16310943242854278,0.14132270316862522,0.5555742086768747,0.13999365572595732
2007-07-18,0.1639601087608165,0.1420970868221295,0.549334742158009,0.14460806225904504
2007-07-19,0.16543703503176177,0.14467331760147137,0.5470814160096473,0.1428082313571195
2007-07-20,0.16517818762119735,0.1442727532950206,0.5474210579873846,0.14312800109639745
2007-07-23,0.16543592187848546,0.1447198309284197,0.5466242331336894,0.1432200140594054
2007-07-24,0.1641817290090764,0.14372150772589856,0.5458195827423253,0.14627718052269975
2007-07-25,0.15871144633834622,0.1416744092598968,0.5492596301038172,0.15035451429793995
2007-07-26,0.15833837893368669,0.13995802348868477,0.5537340676821293,0.14796952989549927
2007-07-27,0.15344828779822764,0.13060119055625732,0.566830125435366,0.149120396210149
2007-07-30,0.14846176340137715,0.13025659592296365,0.5710579012078473,0.15022373946781192
2007-07-31,0.1453511384804927,0.1271560605660036,0.5742614094909684,0.15323139146253548
2007-08-01,0.14467271964156322,0.12899160540394772,0.569819414269986,0.1565162606845031
2007-08-02,0.14486551164918895,0.12954614566644573,0.568493840433378,0.15709450225098742
2007-08-03,0.0,0.15185995468660102,0.6642723369684536,0.18386770834494542
2007-08-06,0.1392066737412299,0.13096850187993636,0.5698222558469048,0.16000256853192904
2007-08-07,0.13525334603279873,0.13245516126579507,0.564177786089692,0.1681137066117141
2007-08-08,0.13382509725308614,0.13481029449147283,0.5633476985325067,0.16801690972293445
2007-08-09,0.1324568956798376,0.13272639385144422,0.5659324644597206,0.16888424600899768
2007-08-10,0.12689804566633497,0.12772648516482446,0.5801983332607359,0.16517713590810487
2007-08-13,0.12903037748919724,0.12687952230118416,0.5784438475692861,0.1656462526403323
2007-08-14,0.0,0.0,0.7761190841139176,0.22388091588608233
2007-08-15,0.0,0.0,0.7754271459476688,0.22457285405233132
2007-08-16,0.0,0.0,1.0,0.0
2007-08-17,0.14447557437355274,0.0,0.6724688447339544,0.1830555808924928
2007-08-20,0.0,0.0,0.7850587683962137,0.21494123160378628
2007-08-21,0.14213296796519834,0.0,0.6708137164149395,0.18705331561986227
2007-08-22,0.12671104428545335,0.1265453464045222,0.580025315853342,0.16671829345668235
2007-08-23,0.12630599796832706,0.122379686795363,0.5839874688608526,0.16732684637545722
2007-08-24,0.12680710861465755,0.12221664433483423,0.5832856921453429,0.16769055490516518
2007-08-27,0.12599057406919464,0.12056428579305872,0.5847462770473458,0.16869886309040066
2007-08-28,0.0,0.0,0.7706023839562871,0.22939761604371287
2007-08-29,0.1244254443746412,0.1200178498698367,0.580304636884088,0.1752520688714342
2007-08-30,0.12186316019020423,0.11681032632327536,0.5864116189197803,0.17491489456674006
2007-08-31,0.12273454837776193,0.11791171573390186,0.5845720365872664,0.17478169930106977
2007-09-04,0.11799402575553118,0.1116607232741284,0.6005699108982504,0.16977534007208991
2007-09-05,0.11810819200484408,0.1115143253626644,0.5989731178579714,0.17140436477452017
2007-09-06,0.11851123548624945,0.11118288174744419,0.5965799116880313,0.17372597107827506
2007-09-07,0.11461849166260807,0.10855765504085574,0.6148031081005826,0.16202074519595366
2007-09-10,0.11860657233386472,0.11220231207519234,0.6022702933266177,0.16692082226432525
2007-09-11,0.11904198228314254,0.11259521673583454,0.6014133537335652,0.16694944724745786
2007-09-12,0.11850233287273985,0.11134888855686041,0.605398840489027,0.1647499380813727
2007-09-13,0.1188930220867532,0.11199343075121106,0.6038277154564137,0.16528583170562217
2007-09-14,0.11914658313078598,0.11244098313848912,0.6022258663917196,0.16618656733900536
2007-09-17,0.11841819695268492,0.11107891860653679,0.6039226772921602,0.1665802071486181
2007-09-18,0.1185060627324238,0.11055161864788102,0.6072424647095926,0.16369985391010244
2007-09-19,0.11428227688846583,0.10660009999454609,0.6149798087257292,0.16413781439125877
2007-09-20,0.11431264555227556,0.10622696665035752,0.6148313246769669,0.16462906312040004
2007-09-21,0.12075043628208852,0.11196942063081379,0.5949083830967985,0.1723717599902992
2007-09-24,0.12242584565526245,0.11246102821987822,0.5933428740038952,0.17177025212096414
2007-09-25,0.1221633716604444,0.1122282583868293,0.5932841373012162,0.1723242326515102
2007-09-26,0.12188363155982458,0.11229102669390151,0.5938090891288796,0.17201625261739442
2007-09-27,0.12164852770588981,0.11278444927310087,0.5932953585165681,0.17227166450444106
2007-09-28,0.12160522746301301,0.11200541935245717,0.5944594896138967,0.17192986357063295
2007-10-01,0.11938057691466472,0.11016554739460752,0.6022027929025758,0.16825108278815185
2007-10-02,0.11986625207246146,0.1106330959544425,0.5990139820695841,0.1704866699035119
2007-10-03,0.12200154147463382,0.11260242352187481,0.6014784147721991,0.16391762023129233
2007-10-04,0.12181639620947574,0.11179441624341868,0.6057386300560291,0.1606505574910765
2007-10-05,0.12153749422098838,0.11166253355252508,0.6089320998163555,0.1578678724101311
2007-10-08,0.1292239088091178,0.1185005930627931,0.5851648448795955,0.16711065324849367
2007-10-09,0.13448046371947708,0.12294213300322297,0.5715917056830013,0.17098569759429869
2007-10-10,0.1343673184149637,0.12275016107358298,0.5713721151070487,0.17151040540440474
2007-10-11,0.1339346818395379,0.12243196993632753,0.5725586284625044,0.1710747197616301
2007-10-12,0.1331984448328416,0.12189748322827171,0.5728648532970042,0.17203921864188249
2007-10-15,0.13363136684616103,0.1224768603722791,0.5718069463509272,0.17208482643063266
2007-10-16,0.13347504089973591,0.12236024810902162,0.5723775539990902,0.17178715699215244
2007-10-17,0.13325424241610942,0.12127750167147791,0.5732257237546009,0.17224253215781177
2007-10-18,0.13608493666417745,0.12236316814567956,0.5705774439862182,0.17097445120392485
2007-10-19,0.13687336117199952,0.12322385657849383,0.5714763291257271,0.1684264531237797
2007-10-22,0.13508074639195172,0.12673589321259093,0.5639033139135677,0.17428004648188955
2007-10-23,0.13815329232745777,0.1280300374636562,0.5640767669080536,0.16973990330083227
2007-10-24,0.13939259902963655,0.12854358954657127,0.563136202919071,0.16892760850472135
2007-10-25,0.1411577637420978,0.12895369069925786,0.5603491535058893,0.16953939205275514
2007-10-26,0.14145723774958935,0.12901142653239875,0.5601086767058445,0.1694226590121673
2007-10-29,0.14206957786608895,0.12812786527696385,0.5645212846380621,0.1652812722188852
2007-10-30,0.1464575328454649,0.12805685042588777,0.562230061548739,0.1632555551799084
2007-10-31,0.1480814554347407,0.12773269573801277,0.5632368799958515,0.1609489688313951
2007-11-01,0.14952598546990628,0.12779321071400565,0.5627505412407838,0.15993026257530418
2007-11-02,0.14643309274631716,0.12698875823848707,0.5670910154957074,0.15948713351948818
2007-11-05,0.15428242520857668,0.13101756245205026,0.5572738911991181,0.1574261211402549
2007-11-06,0.15219607702373375,0.13002707966644755,0.5596223571714619,0.15815448613835673
2007-11-07,0.15152653335595662,0.12965225603204988,0.5628697114240683,0.15595149918792522
2007-11-08,0.0,0.1506050926677011,0.6662583379858551,0.18313656934644373
2007-11-09,0.0,0.15536390371574832,0.6623198359931813,0.1823162602910703
2007-11-12,0.0,0.15129973847151623,0.655862268730322,0.19283799279816172
2007-11-13,0.1523780783510305,0.1312756946287878,0.5771680620694769,0.13917816495070484
2007-11-14,0.14470276445571703,0.128479645838764,0.5861965053415057,0.14062108436401333
2007-11-15,0.0,0.14843512702517614,0.6901581532562331,0.16140671971859066
2007-11-16,0.0,0.1525881575785345,0.6927989223164782,0.15461292010498728
2007-11-19,0.0,0.0,0.8174851571180373,0.1825148428819627
2007-11-20,0.0,0.14894959461107735,0.6966508827776203,0.1543995226113022
2007-11-21,0.0,0.0,0.8235663493197253,0.17643365068027478
2007-11-23,0.0,0.15108534523678144,0.6935910661299621,0.15532358863325643
2007-11-26,0.0,0.15360838336205035,0.6908790996474813,0.15551251699046834
2007-11-27,0.0,0.15914162431652432,0.677705624859863,0.1631527508236127
2007-11-28,0.0,0.16227909430363174,0.6745063049341599,0.16321460076220842
2007-11-29,0.0,0.15844998232615534,0.6767559917990108,0.16479402587483388
2007-11-30,0.151403303497315,0.13550690412374372,0.5755312230846398,0.13755856929430157
2007-12-03,0.1507900306981919,0.1356010575430376,0.5753816941364349,0.13822721762233553
2007-12-04,0.0,0.1598309299694699,0.6789577818234295,0.1612112882071006
2007-12-05,0.1517798052955017,0.1367023850068509,0.574396552456709,0.13712125724093846
2007-12-06,0.15065075688876034,0.13774552176146698,0.5745471293535069,0.13705659199626577
2007-12-07,0.1493533996624073,0.13754788432802278,0.5760891458358016,0.13700957017376827
2007-12-10,0.15158557483015037,0.1391663932372725,0.5710469461842674,0.13820108574830983
2007-12-11,0.15182478240449204,0.13958247543962618,0.5712276969849113,0.13736504517097042
2007-12-12,0.14879487772245698,0.13896293088725686,0.5731092620416999,0.13913292934858615
2007-12-13,0.15360657175337022,0.1417362642974944,0.5684996815254765,0.13615748242365883
2007-12-14,0.0,0.16725867244459286,0.6738382215395139,0.15890310601589325
2007-12-17,0.0,0.0,0.8127588070317816,0.18724119296821834
2007-12-18,0.0,0.0,0.8133700593150389,0.18662994068496103
2007-12-19,0.0,0.0,0.8115548776052135,0.18844512239478642
2007-12-20,0.0,0.0,0.8112714768793562,0.1887285231206438
2007-12-21,0.15316538295358956,0.13293452748113135,0.5793702577749503,0.13452983179032868
2007-12-24,0.1535197831425031,0.13436411913505494,0.5771334429848295,0.13498265473761245
2007-12-26,0.15302990773801817,0.1342020118305883,0.5773736831735033,0.13539439725789032
2007-12-27,0.15381250448797773,0.13488194846274648,0.5773692635976493,0.13393628345162661
2007-12-28,0.0,0.1598458733054006,0.6778296179607861,0.1623245087338133
2007-12-31,0.0,0.1615871136180346,0.6750084333247836,0.16340445305718188
2008-01-02,0.0,0.0,0.8048799584351766,0.1951200415648234
2008-01-03,0.0,0.15832043630837075,0.6862272876283181,0.1554522760633112
2008-01-04,0.0,0.0,0.8199889803473207,0.1800110196526793
2008-01-07,0.0,0.0,0.8208611844579136,0.17913881554208647
2008-01-08,0.0,0.0,0.8211286482483365,0.1788713517516635
2008-01-09,0.0,0.0,0.8230831137721449,0.17691688622785506
2008-01-10,0.0,0.0,0.8227142761652116,0.17728572383478838
2008-01-11,0.0,0.0,0.8233154918678439,0.17668450813215605
2008-01-14,0.0,0.0,0.8218090648615669,0.1781909351384331
2008-01-15,0.0,0.0,0.8223315119118036,0.17766848808819627
2008-01-16,0.0,0.0,0.8224956342992134,0.17750436570078676
2008-01-17,0.0,0.0,0.8242080735333153,0.17579192646668465
2008-01-18,0.0,0.0,0.8194158929016103,0.1805841070983897
2008-01-22,0.0,0.0,0.8196046025838944,0.18039539741610552
2008-01-23,0.0,0.0,0.8213087055904889,0.17869129440951106
2008-01-24,0.0,0.0,0.8210682338528071,0.17893176614719286
2008-01-25,0.0,0.0,0.8209208680393714,0.17907913196062858
2008-01-28,0.0,0.0,0.8207497320112858,0.1792502679887142
2008-01-29,0.0,0.0,0.8206963684211405,0.1793036315788595
2008-01-30,0.0,0.0,0.8198959952367811,0.18010400476321892
2008-01-31,0.0,0.0,0.8197532744190426,0.1802467255809574
2008-02-01,0.0,0.0,0.81604726299468,0.18395273700532014
2008-02-04,0.0,0.0,0.8193310862300597,0.18066891376994035
2008-02-05,0.0,0.0,0.8176538852808319,0.18234611471916806
2008-02-06,0.0,0.0,0.8182664862673442,0.1817335137326558
2008-02-07,0.0,0.0,0.8189840373726693,0.18101596262733066
2008-02-08,0.0,0.0,0.8109319112156094,0.18906808878439058
2008-02-11,0.0,0.0,0.7947922014958584,0.20520779850414164
2008-02-12,0.0,0.0,0.7941102031935299,0.2058897968064701
2008-02-13,0.0,0.0,0.7970875050256389,0.20291249497436112
2008-02-14,0.0,0.0,0.7871735242585693,0.21282647574143063
2008-02-15,0.0,0.0,0.7858014441108926,0.21419855588910747
2008-02-19,0.0,0.0,0.7860332490249483,0.2139667509750517
2008-02-20,0.0,0.0,0.7832537874815398,0.21674621251846005
2008-02-21,0.0,0.0,0.790454974570813,0.209545025429187
2008-02-22,0.0,0.0,0.7832927284876797,0.2167072715123203
2008-02-25,0.0,0.0,0.7884417553400217,0.2115582446599783
2008-02-26,0.0,0.0,0.7872665987585359,0.21273340124146403
2008-02-27,0.0,0.0,0.7854282759739348,0.21457172402606514
2008-02-28,0.0,0.0,0.7833052932889203,0.21669470671107974
2008-02-29,0.0,0.0,0.7786625449418045,0.2213374550581955
2008-03-03,0.0,0.0,0.7793852714881316,0.22061472851186845
2008-03-04,0.0,0.0,0.780716530750579,0.2192834692494211
2008-03-05,0.0,0.0,0.782626340377834,0.21737365962216615
2008-03-06,0.0,0.0,0.7823170235630914,0.21768297643690862
2008-03-07,0.0,0.0,0.7863797770901336,0.2136202229098664
2008-03-10,0.0,0.0,0.7849334690837512,0.2150665309162489
2008-03-11,0.0,0.0,0.7821633162654253,0.21783668373457457
2008-03-12,0.0,0.0,0.775371351443643,0.22462864855635709
2008-03-13,0.0,0.0,0.7605174694099475,0.23948253059005248
2008-03-14,0.0,0.0,0.7601736761935345,0.23982632380646546
2008-03-17,0.0,0.0,0.758150128598956,0.24184987140104394
2008-03-18,0.0,0.0,0.7578863195861008,0.24211368041389913
2008-03-19,0.0,0.0,0.7660632629497482,0.2339367370502517
2008-03-20,0.0,0.0,0.7772472060567546,0.2227527939432455
2008-03-24,0.0,0.0,0.7862238366290341,0.21377616337096594
2008-03-25,0.0,0.0,0.7806334082075396,0.21936659179246049
2008-03-26,0.0,0.0,0.7849910657292221,0.21500893427077797
2008-03-27,0.0,0.0,0.7866204761165015,0.21337952388349854
2008-03-28,0.0,0.0,0.7874769400518212,0.2125230599481787
2008-03-31,0.0,0.0,0.7889337586776223,0.21106624132237767
2008-04-01,0.0,0.0,0.7874068567099347,0.21259314329006535
2008-04-02,0.0,0.0,0.7931170787003149,0.20688292129968505
2008-04-03,0.0,0.0,0.797326550520925,0.20267344947907492
2008-04-04,0.0,0.0,0.7965345718297899,0.20346542817021004
2008-04-07,0.0,0.0,0.792486772585605,0.2075132274143951
2008-04-08,0.0,0.0,0.7934399846337442,0.20656001536625582
2008-04-09,0.0,0.0,0.7923811779878408,0.20761882201215923
2008-04-10,0.0,0.0,0.7947178638464442,0.20528213615355587
2008-04-11,0.0,0.0,0.793462589856522,0.20653741014347818
2008-04-14,0.0,0.0,0.7924805214621168,0.20751947853788325
2008-04-15,0.0,0.0,0.7918476439705558,0.20815235602944415
2008-04-16,0.0,0.0,0.7923706450760885,0.20762935492391155
2008-04-17,0.0,0.0,0.7923129961758111,0.20768700382418892
2008-04-18,0.0,0.0,0.7926341977280456,0.20736580227195459
2008-04-21,0.0,0.0,0.7953405290142911,0.2046594709857089
2008-04-22,0.0,0.0,0.7926155853719331,0.207384414628067
2008-04-23,0.0,0.0,0.7926572446739967,0.20734275532600324
2008-04-24,0.0,0.0,0.7921251660759794,0.20787483392402067
2008-04-25,0.0,0.0,0.7943128553128194,0.2056871446871806
2008-04-28,0.0,0.0,0.7938065134100746,0.2061934865899254
2008-04-29,0.0,0.0,0.7948544666991724,0.2051455333008276
2008-04-30,0.0,0.0,0.7944982878778486,0.20550171212215138
2008-05-01,0.0,0.18015973624354886,0.6493368843873742,0.17050337936907684
2008-05-02,0.0,0.1946115863690529,0.6413114304447128,0.16407698318623423
2008-05-05,0.0,0.19460538977967093,0.6404336704080104,0.16496093981231882
2008-05-06,0.0,0.19012226935448615,0.6507008309843504,0.15917689966116344
2008-05-07,0.0,0.0,0.8036188134613497,0.1963811865386504
2008-05-08,0.0,0.18775871954828588,0.6527078978584733,0.1595333825932408
2008-05-09,0.0,0.0,0.8022185194045274,0.19778148059547268
2008-05-12,0.0,0.1875405043861993,0.654399551408158,0.15805994420564265
2008-05-13,0.0,0.1867662475443359,0.655590384767378,0.15764336768828616
2008-05-14,0.0,0.1892531378598764,0.6523735723318752,0.1583732898082484
2008-05-15,0.1592135156960845,0.1575432864774152,0.5483214083240066,0.13492178950249387
2008-05-16,0.15978127609654882,0.15762383845961397,0.5469245263135393,0.13567035913029785
2008-05-19,0.15804720731830743,0.15476681080316315,0.5562963427798244,0.1308896390987049
2008-05-20,0.15661602239461486,0.15382199011397393,0.560044588937975,0.12951739855343614
2008-05-21,0.0,0.1824567546069226,0.6659002454450489,0.15164299994802855
2008-05-22,0.0,0.18143784552419093,0.6682032930938238,0.15035886138198531
2008-05-23,0.0,0.1832347372689651,0.6639631266675573,0.1528021360634776
2008-05-27,0.0,0.18127004846315461,0.6664591804684967,0.15227077106834877
2008-05-28,0.0,0.18768794180477694,0.6614269468674249,0.15088511132779822
2008-05-29,0.0,0.18910492031833703,0.6581629464173051,0.15273213326435778
2008-05-30,0.0,0.19066558788148716,0.6592098055128366,0.15012460660567623
2008-06-02,0.0,0.0,0.8139118000583738,0.1860881999416261
2008-06-03,0.0,0.0,0.8125906224545469,0.18740937754545312
2008-06-04,0.0,0.0,0.813648147390281,0.1863518526097189
2008-06-05,0.0,0.1900434990289011,0.660154057152132,0.14980244381896685
2008-06-06,0.0,0.0,0.8172528935237838,0.18274710647621611
2008-06-09,0.0,0.0,0.8285720926703458,0.17142790732965404
2008-06-10,0.0,0.0,0.827326152274576,0.17267384772542402
2008-06-11,0.0,0.0,0.8293386180700942,0.1706613819299057
2008-06-12,0.0,0.0,0.0,1.0
2008-06-13,0.0,0.0,0.0,1.0
2008-06-16,0.0,0.0,0.0,1.0
2008-06-17,0.0,0.0,0.8204277136550429,0.17957228634495723
2008-06-18,0.0,0.0,0.8240543076526873,0.1759456923473127
2008-06-19,0.0,0.0,0.0,1.0
2008-06-20,0.0,0.0,0.8160431019928209,0.18395689800717901
2008-06-23,0.0,0.0,0.8151408051528632,0.18485919484713678
2008-06-24,0.0,0.0,0.8166097902479557,0.1833902097520443
2008-06-25,0.0,0.0,0.8150663789022221,0.18493362109777797
2008-06-26,0.0,0.0,0.8108410342131683,0.18915896578683175
2008-06-27,0.0,0.0,0.8140509011634459,0.18594909883655414
2008-06-30,0.0,0.0,0.8150240561111257,0.18497594388887428
2008-07-01,0.0,0.0,0.8177416271609365,0.18225837283906351
2008-07-02,0.0,0.0,0.8170236023858184,0.18297639761418166
2008-07-03,0.0,0.0,0.8165484657658002,0.18345153423419977
2008-07-07,0.0,0.0,0.8173711166760795,0.1826288833239204
2008-07-08,0.0,0.0,0.8168711741529258,0.18312882584707427
2008-07-09,0.0,0.0,0.8154605908096734,0.18453940919032663
2008-07-10,0.0,0.0,0.8139165695675484,0.18608343043245149
2008-07-11,0.0,0.0,0.8196498735131159,0.18035012648688414
2008-07-14,0.0,0.0,0.8174558489862026,0.1825441510137974
2008-07-15,0.0,0.0,0.8171061247076359,0.18289387529236417
2008-07-16,0.0,0.0,0.8133718553311466,0.18662814466885333
2008-07-17,0.0,0.0,0.0,1.0
2008-07-18,0.0,0.0,0.0,1.0
2008-07-21,0.0,0.0,0.0,1.0
2008-07-22,0.0,0.0,0.0,1.0
2008-07-23,0.0,0.0,0.0,1.0
2008-07-24,0.0,0.0,0.805807235081233,0.194192764918767
2008-07-25,0.0,0.0,0.0,1.0
2008-07-28,0.0,0.0,0.7995892781806013,0.20041072181939867
2008-07-29,0.0,0.0,0.7908353698170068,0.20916463018299317
2008-07-30,0.0,0.0,0.792041022644846,0.207958977355154
2008-07-31,0.0,0.0,0.7905517073662413,0.20944829263375872
2008-08-01,0.0,0.0,0.788929215068131,0.2110707849318691
2008-08-04,0.0,0.0,0.7892414427344548,0.21075855726554507
2008-08-05,0.0,0.0,0.0,0.0
2008-08-06,0.0,0.0,0.0,0.0
2008-08-07,0.0,0.0,1.0,0.0
2008-08-08,0.0,0.0,1.0,0.0
2008-08-11,0.0,0.0,0.0,0.0
2008-08-12,0.0,0.0,1.0,0.0
2008-08-13,0.0,0.0,1.0,0.0
2008-08-14,0.0,0.0,1.0,0.0
2008-08-15,0.0,0.0,1.0,0.0
2008-08-18,0.0,0.0,1.0,0.0
2008-08-19,0.0,0.0,1.0,0.0
2008-08-20,0.0,0.0,1.0,0.0
2008-08-21,0.0,0.0,1.0,0.0
2008-08-22,0.0,0.0,1.0,0.0
2008-08-25,0.0,0.0,1.0,0.0
2008-08-26,0.0,0.0,1.0,0.0
2008-08-27,0.0,0.0,1.0,0.0
2008-08-28,0.0,0.0,1.0,0.0
2008-08-29,0.0,0.0,1.0,0.0
2008-09-02,0.0,0.0,1.0,0.0
2008-09-03,0.0,0.0,1.0,0.0
2008-09-04,0.0,0.0,1.0,0.0
2008-09-05,0.0,0.0,1.0,0.0
2008-09-08,0.0,0.0,1.0,0.0
2008-09-09,0.0,0.0,1.0,0.0
2008-09-10,0.0,0.0,1.0,0.0
2008-09-11,0.0,0.0,1.0,0.0
2008-09-12,0.0,0.0,1.0,0.0
2008-09-15,0.0,0.0,1.0,0.0
2008-09-16,0.0,0.0,1.0,0.0
2008-09-17,0.0,0.0,1.0,0.0
2008-09-18,0.0,0.0,1.0,0.0
2008-09-19,0.0,0.0,1.0,0.0
2008-09-22,0.0,0.0,0.0,1.0
2008-09-23,0.0,0.0,0.0,1.0
2008-09-24,0.0,0.0,0.0,0.0
2008-09-25,0.0,0.0,0.0,0.0
2008-09-26,0.0,0.0,0.0,0.0
2008-09-29,0.0,0.0,0.0,1.0
2008-09-30,0.0,0.0,0.0,0.0
2008-10-01,0.0,0.0,0.0,0.0
2008-10-02,0.0,0.0,0.0,0.0
2008-10-03,0.0,0.0,0.0,0.0
2008-10-06,0.0,0.0,0.0,0.0
2008-10-07,0.0,0.0,0.0,0.0
2008-10-08,0.0,0.0,0.0,1.0
2008-10-09,0.0,0.0,0.0,1.0
2008-10-10,0.0,0.0,0.0,0.0
2008-10-13,0.0,0.0,0.0,0.0
2008-10-14,0.0,0.0,0.0,0.0
2008-10-15,0.0,0.0,0.0,0.0
2008-10-16,0.0,0.0,0.0,0.0
2008-10-17,0.0,0.0,0.0,0.0
2008-10-20,0.0,0.0,0.0,0.0
2008-10-21,0.0,0.0,0.0,0.0
2008-10-22,0.0,0.0,0.0,0.0
2008-10-23,0.0,0.0,0.0,0.0
2008-10-24,0.0,0.0,0.0,0.0
2008-10-27,0.0,0.0,0.0,0.0
2008-10-28,0.0,0.0,0.0,0.0
2008-10-29,0.0,0.0,0.0,0.0
2008-10-30,0.0,0.0,0.0,0.0
2008-10-31,0.0,0.0,0.0,0.0
2008-11-03,0.0,0.0,0.0,0.0
2008-11-04,0.0,0.0,0.0,0.0
2008-11-05,0.0,0.0,0.0,0.0
2008-11-06,0.0,0.0,0.0,0.0
2008-11-07,0.0,0.0,0.0,0.0
2008-11-10,0.0,0.0,0.0,0.0
2008-11-11,0.0,0.0,0.0,0.0
2008-11-12,0.0,0.0,0.0,0.0
2008-11-13,0.0,0.0,0.0,0.0
2008-11-14,0.0,0.0,0.0,0.0
2008-11-17,0.0,0.0,0.0,0.0
2008-11-18,0.0,0.0,0.0,0.0
2008-11-19,0.0,0.0,0.0,0.0
2008-11-20,0.0,0.0,0.0,0.0
2008-11-21,0.0,0.0,0.0,0.0
2008-11-24,0.0,0.0,0.0,0.0
2008-11-25,0.0,0.0,1.0,0.0
2008-11-26,0.0,0.0,1.0,0.0
2008-11-28,0.0,0.0,1.0,0.0
2008-12-01,0.0,0.0,1.0,0.0
2008-12-02,0.0,0.0,1.0,0.0
2008-12-03,0.0,0.0,1.0,0.0
2008-12-04,0.0,0.0,1.0,0.0
2008-12-05,0.0,0.0,1.0,0.0
2008-12-08,0.0,0.0,1.0,0.0
2008-12-09,0.0,0.0,1.0,0.0
2008-12-10,0.0,0.0,1.0,0.0
2008-12-11,0.0,0.0,1.0,0.0
2008-12-12,0.0,0.0,1.0,0.0
2008-12-15,0.0,0.0,1.0,0.0
2008-12-16,0.0,0.0,1.0,0.0
2008-12-17,0.0,0.0,0.6645474454892977,0.3354525545107023
2008-12-18,0.0,0.0,1.0,0.0
2008-12-19,0.0,0.0,1.0,0.0
2008-12-22,0.0,0.0,1.0,0.0
2008-12-23,0.0,0.0,1.0,0.0
2008-12-24,0.0,0.0,1.0,0.0
2008-12-26,0.0,0.0,0.6557156963874732,0.34428430361252693
2008-12-29,0.0,0.0,0.6576114379249355,0.3423885620750646
2008-12-30,0.0,0.0,0.6524808451153644,0.3475191548846356
2008-12-31,0.0,0.0,0.6529544892228636,0.3470455107771364
2009-01-02,0.0,0.0,0.652013262609296,0.34798673739070396
2009-01-05,0.0,0.0,1.0,0.0
2009-01-06,0.0,0.0,0.6550282167010855,0.3449717832989144
2009-01-07,0.0,0.0,1.0,0.0
2009-01-08,0.0,0.0,0.7043469356789519,0.2956530643210481
2009-01-09,0.0,0.0,1.0,0.0
2009-01-12,0.0,0.0,1.0,0.0
2009-01-13,0.0,0.0,1.0,0.0
2009-01-14,0.0,0.0,1.0,0.0
2009-01-15,0.0,0.0,1.0,0.0
2009-01-16,0.0,0.0,1.0,0.0
2009-01-20,0.0,0.0,0.7463777241682483,0.2536222758317516
2009-01-21,0.0,0.0,0.7385145085993693,0.26148549140063077
2009-01-22,0.0,0.0,0.7460202291299242,0.25397977087007584
2009-01-23,0.0,0.0,0.746649264547565,0.25335073545243497
2009-01-26,0.0,0.0,0.7559099310666718,0.24409006893332819
2009-01-27,0.0,0.0,0.7547983677469254,0.2452016322530747
2009-01-28,0.0,0.0,0.7639211766213096,0.2360788233786904
2009-01-29,0.0,0.0,0.7634240753587699,0.23657592464123012
2009-01-30,0.0,0.0,0.7605836205316331,0.23941637946836686
2009-02-02,0.0,0.0,0.7696826329455992,0.2303173670544007
2009-02-03,0.0,0.0,0.7693393312013123,0.23066066879868782
2009-02-04,0.0,0.0,0.7707810038448669,0.22921899615513308
2009-02-05,0.0,0.0,0.7711578488941447,0.22884215110585526
2009-02-06,0.0,0.0,0.7713516564511397,0.22864834354886035
2009-02-09,0.0,0.0,0.7731207679978719,0.2268792320021281
2009-02-10,0.0,0.0,0.7738861150341211,0.226113884965879
2009-02-11,0.0,0.0,0.7739301406139362,0.22606985938606383
2009-02-12,0.0,0.0,0.7729070465116311,0.2270929534883689
2009-02-13,0.0,0.0,0.77195138915221,0.22804861084779002
2009-02-17,0.0,0.0,0.7712201180453242,0.2287798819546759
2009-02-18,0.0,0.0,0.7737862112138023,0.22621378878619777
2009-02-19,0.0,0.0,0.7736911856709274,0.22630881432907257
2009-02-20,0.0,0.0,0.7739492796993079,0.22605072030069207
2009-02-23,0.0,0.0,0.7586407434815364,0.24135925651846352
2009-02-24,0.0,0.0,0.7558357392984811,0.24416426070151898
2009-02-25,0.0,0.0,0.7872238419391996,0.21277615806080047
2009-02-26,0.0,0.0,0.7892549335273266,0.21074506647267344
2009-02-27,0.0,0.0,0.7878258997688661,0.2121741002311339
2009-03-02,0.0,0.0,0.7829816389255039,0.21701836107449607
2009-03-03,0.0,0.0,0.7837000640765017,0.2162999359234983
2009-03-04,0.0,0.0,0.7835182465718875,0.21648175342811243
2009-03-05,0.0,0.0,0.7829383689624937,0.2170616310375062
2009-03-06,0.0,0.0,0.7872407511564228,0.21275924884357714
2009-03-09,0.0,0.0,0.7855558552762633,0.21444414472373674
2009-03-10,0.0,0.0,0.789399011227556,0.21060098877244401
2009-03-11,0.0,0.0,0.7853154808180459,0.2146845191819541
2009-03-12,0.0,0.0,0.7866071770673967,0.21339282293260342
2009-03-13,0.0,0.0,0.7881698657001158,0.21183013429988418
2009-03-16,0.0,0.0,0.7866421190622408,0.21335788093775918
2009-03-17,0.0,0.0,0.7851783790800384,0.21482162091996154
2009-03-18,0.0,0.0,0.7863218251294701,0.2136781748705299
2009-03-19,0.0,0.0,0.7769629998591376,0.22303700014086236
2009-03-20,0.0,0.0,0.7765718660843764,0.2234281339156236
2009-03-23,0.0,0.0,0.7765523637480293,0.22344763625197075
2009-03-24,0.0,0.0,0.7828318824964046,0.21716811750359546
2009-03-25,0.0,0.0,0.7823844705480868,0.2176155294519132
2009-03-26,0.0,0.0,0.7798057854986745,0.22019421450132542
2009-03-27,0.0,0.0,0.7830575660868784,0.21694243391312168
2009-03-30,0.0,0.0,0.7837843932255947,0.21621560677440524
2009-03-31,0.0,0.0,0.7825010280610495,0.2174989719389504
2009-04-01,0.0,0.0,0.7827597480697355,0.21724025193026447
2009-04-02,0.0,0.0,0.7974967091515274,0.20250329084847263
2009-04-03,0.0,0.0,0.8013873422805833,0.1986126577194167
2009-04-06,0.0,0.0,0.8035289973641084,0.1964710026358915
2009-04-07,0.0,0.0,0.8088247957308755,0.1911752042691245
2009-04-08,0.0,0.0,0.8103687449835989,0.1896312550164012
2009-04-09,0.0,0.0,0.8054196783055266,0.1945803216944734
2009-04-13,0.0,0.0,0.8056765924214201,0.1943234075785799
2009-04-14,0.0,0.0,0.8018506415616259,0.1981493584383742
2009-04-15,0.0,0.0,0.8019443863637157,0.19805561363628432
2009-04-16,0.0,0.0,0.79991552894468,0.20008447105532015
2009-04-17,0.0,0.0,0.8014459194099168,0.19855408059008303
2009-04-20,0.0,0.0,0.8013521889416764,0.19864781105832363
2009-04-21,0.0,0.0,0.8018952203246706,0.19810477967532936
2009-04-22,0.0,0.0,0.7905503861605278,0.2094496138394721
2009-04-23,0.0,0.0,0.7901513875596173,0.2098486124403827
2009-04-24,0.0,0.0,0.7932127209442371,0.20678727905576288
2009-04-27,0.0,0.0,0.7930058630328929,0.20699413696710725
2009-04-28,0.0,0.0,0.7967553662203679,0.20324463377963206
2009-04-29,0.0,0.0,0.7987235738661322,0.2012764261338678
2009-04-30,0.0,0.0,0.7936911817114782,0.2063088182885218
2009-05-01,0.0,0.0,0.7942881414296842,0.20571185857031588
2009-05-04,0.0,0.0,0.7927783889533101,0.2072216110466899
2009-05-05,0.0,0.0,0.7952646418146913,0.20473535818530877
2009-05-06,0.0,0.0,0.7954029990121217,0.20459700098787825
2009-05-07,0.0,0.0,0.7950867177411843,0.20491328225881564
2009-05-08,0.0,0.10511237268869128,0.7103143020229503,0.1845733252883584
2009-05-11,0.0,0.0,0.7904599345412169,0.209540065458783
2009-05-12,0.0,0.0,0.7923042384937784,0.20769576150622174
2009-05-13,0.0,0.0,0.7911541385598753,0.2088458614401247
2009-05-14,0.0,0.0,0.7847643001483352,0.2152356998516648
2009-05-15,0.0,0.0,0.7834325012240034,0.21656749877599663
2009-05-18,0.0,0.10276146363782655,0.702382995311371,0.19485554105080244
2009-05-19,0.0,0.10086764057324545,0.7032313751832601,0.1959009842434945
2009-05-20,0.0,0.10190243556579363,0.704781651790711,0.19331591264349537
2009-05-21,0.0,0.10290289504031969,0.6992891533227676,0.19780795163691264
2009-05-22,0.0,0.10435800123342777,0.6974474546531233,0.19819454411344886
2009-05-26,0.0,0.10366802199180103,0.6999382973705954,0.19639368063760346
2009-05-27,0.0,0.10371607821811255,0.6992949490824175,0.19698897269946994
2009-05-28,0.0,0.10845865531230944,0.6912335857363,0.20030775895139052
2009-05-29,0.10908816694331064,0.0966067951642576,0.6156832019509579,0.17862183594147382
2009-06-01,0.11238385854306757,0.10096993166239772,0.6051121143563403,0.18153409543819457
2009-06-02,0.1191177696671479,0.10650303122990255,0.578546184491181,0.1958330146117686
2009-06-03,0.12025325148796753,0.10765532571952763,0.5746346404637204,0.19745678232878439
2009-06-04,0.11894682559472666,0.10624053559221516,0.5800133104087248,0.19479932840433326
2009-06-05,0.1258913813574953,0.1124296896070757,0.5624834855443968,0.19919544349103233
2009-06-08,0.12740889087811028,0.11320613570503839,0.5640058543574289,0.19537911905942254
2009-06-09,0.12979117030331364,0.11296110839700099,0.5590430053833326,0.19820471591635266
2009-06-10,0.13038743797194957,0.11336051937621189,0.5572232923863545,0.19902875026548417
2009-06-11,0.13030052682869217,0.11330234758638243,0.5571579761756593,0.199239149409266
2009-06-12,0.13197646166485927,0.11350939617723688,0.5551273817840192,0.1993867603738846
2009-06-15,0.12445830911891438,0.1070005699202458,0.5733528013955309,0.19518831956530888
2009-06-16,0.12391473889305052,0.10480784126150365,0.5742989259700894,0.19697849387535643
2009-06-17,0.1236384338071566,0.10395933574168713,0.5776051502111486,0.19479708024000766
2009-06-18,0.13615591707618138,0.10988009379675288,0.5616548036772703,0.19230918544979533
2009-06-19,0.13708732037563973,0.11166956395442243,0.559198327639124,0.19204478803081396
2009-06-22,0.13675534951639248,0.11116024232008459,0.5595646283265907,0.1925197798369321
2009-06-23,0.1350450913831392,0.10953244702108611,0.5639775809350741,0.19144488066070056
2009-06-24,0.13609976593928286,0.11155654694866235,0.5597283479986402,0.19261533911341464
2009-06-25,0.1398484831953672,0.11413666776467087,0.5554656508090886,0.19054919823087338
2009-06-26,0.13848578009645598,0.1146487791100053,0.5570511454126008,0.18981429538093794
2009-06-29,0.13945833397725366,0.11568333325515683,0.5545630616140036,0.1902952711535861
2009-06-30,0.14004978686250633,0.11819362946533464,0.5476570788591558,0.19409950481300325
2009-07-01,0.13929547550232851,0.11713730235103817,0.5490042703127055,0.19456295183392797
2009-07-02,0.1383787965888124,0.11704840818375162,0.5437517983421599,0.20082099688527597
2009-07-06,0.1375316804367155,0.11595380032211862,0.5443967878746055,0.2021177313665605
2009-07-07,0.13762600474828657,0.11585966671309839,0.5452585839677657,0.20125574457084924
2009-07-08,0.14222168113987188,0.11506818982218549,0.5419902055730427,0.20071992346489995
2009-07-09,0.14127437962013328,0.11438117213088554,0.5444148593836744,0.19992958886530673
2009-07-10,0.14302812622035818,0.11453672354126922,0.5418962684100046,0.20053888182836802
2009-07-13,0.14357716643103807,0.11444855900554105,0.5412855677126579,0.2006887068507631
2009-07-14,0.14113656809802042,0.11339400256608563,0.5402111060724878,0.20525832326340615
2009-07-15,0.14015806479566223,0.11261165560640825,0.5430509063197688,0.2041793732781607
2009-07-16,0.14527734087379712,0.11446427157066383,0.534773940647444,0.20548444690809492
2009-07-17,0.14645558197809805,0.11503329833415585,0.5339703043937599,0.20454081529398602
2009-07-20,0.14606206394619456,0.11503290423524999,0.5344424705217093,0.20446256129684612
2009-07-21,0.14579205033737616,0.11549546737393808,0.5337916967333716,0.2049207855553141
2009-07-22,0.14808480528999735,0.11694985141612381,0.5267917798025925,0.20817356349128638
2009-07-23,0.14896125072163502,0.11770479271001782,0.5238330474921578,0.20950090907618935
2009-07-24,0.14685454787834099,0.11771772181000707,0.5220297011720201,0.2133980291396319
2009-07-27,0.14758612849638866,0.11807591764641205,0.5223783614730514,0.2119595923841479
2009-07-28,0.14678002105861593,0.11743035469196224,0.5219943375466851,0.21379528670273662
2009-07-29,0.14681025587607052,0.11768105408727092,0.526831033397868,0.2086776566387905
2009-07-30,0.15110368069135202,0.12045357114386936,0.5187170461254478,0.20972570203933086
2009-07-31,0.15074868164032168,0.1199915843041011,0.5193525677547749,0.20990716630080244
2009-08-03,0.15314466654009176,0.1215922815171061,0.5167977222602966,0.20846532968250547
2009-08-04,0.1526198521367466,0.12095814919419243,0.5191715096198091,0.20725048904925195
2009-08-05,0.15497010249580928,0.12615899061352628,0.5134712044013101,0.20539970248935424
2009-08-06,0.1569912546417603,0.1284151847313492,0.5101077503602655,0.20448581026662505
2009-08-07,0.1554149577459301,0.1272349686670254,0.512956078355898,0.20439399523114665
2009-08-10,0.1603708291049954,0.13321598316809422,0.5033003402459515,0.20311284748095887
2009-08-11,0.1630710949339155,0.1351614269982699,0.49686865295003496,0.2048988251177797
2009-08-12,0.16244897765924107,0.135723310937778,0.4961438516156261,0.2056838597873549
2009-08-13,0.16507928679261763,0.13952735692155302,0.49013171429948604,0.20526164198634345
2009-08-14,0.16525954729504974,0.139188084825945,0.4902018649195185,0.2053505029594869
2009-08-17,0.1646376404902687,0.1382661159010359,0.4901037190446994,0.2069925245639961
2009-08-18,0.16217951140311915,0.13396924995428466,0.4936328821245395,0.21021835651805662
2009-08-19,0.16241637227715497,0.13325141068076718,0.4938584535878059,0.21047376345427185
2009-08-20,0.1658378036073071,0.13368145745718457,0.49167335603482426,0.20880738290068412
2009-08-21,0.16653075373464227,0.1339398299318522,0.4935177917633543,0.20601162457015126
2009-08-24,0.16757261034518064,0.1344677977478732,0.4914641322952705,0.20649545961167565
2009-08-25,0.16462625006082135,0.13179727965104995,0.4988567904936816,0.20471967979444708
2009-08-26,0.16041627928726077,0.1267810756578861,0.5192925014518364,0.19351014360301666
2009-08-27,0.15814813731522215,0.12506058059165578,0.5251502915329909,0.19164099056013117
2009-08-28,0.15781604161289722,0.1280698202613648,0.5186648175361908,0.1954493205895474
2009-08-31,0.15286377753175487,0.12369542026067011,0.5286188985791753,0.19482190362839963
2009-09-01,0.1484127968593659,0.12150590097432945,0.525546854693881,0.20453444747242366
2009-09-02,0.1447592208716442,0.11881682651225456,0.531234031874764,0.20518992074133724
2009-09-03,0.1468745398200429,0.12109967749188241,0.5364726680302475,0.1955531146578273
2009-09-04,0.14671652974121366,0.12105796467022632,0.5396015909809443,0.1926239146076157
2009-09-08,0.1455611107765452,0.12141061211051063,0.5401426475431227,0.19288562956982147
2009-09-09,0.14372154392368117,0.11895030816257311,0.5405234809479781,0.19680466696576765
2009-09-10,0.14594025457555476,0.12361840399882902,0.5342961443342837,0.1961451970913324
2009-09-11,0.14832166913776582,0.12522143625471424,0.5285588542101943,0.1978980403973256
2009-09-14,0.1485730472799329,0.12528478718955488,0.5298404758146765,0.19630168971583573
2009-09-15,0.14570164346464848,0.12285088407908555,0.5392677884009044,0.19217968405536154
2009-09-16,0.14547676911278734,0.12350231477112655,0.5404840270522757,0.1905368890638104
2009-09-17,0.1516336039459201,0.1269985408108094,0.5305764645977377,0.19079139064553285
2009-09-18,0.15232851099736838,0.1276327917939887,0.5291454913484188,0.19089320586022415
2009-09-21,0.15262970029659845,0.12769669758546412,0.5297228191707601,0.18995078294717735
2009-09-22,0.15444612555522305,0.12691940112898506,0.5299703148910849,0.18866415842470693
2009-09-23,0.15481983955066816,0.12652144478218347,0.5327088639370304,0.18594985173011788
2009-09-24,0.1546269275527035,0.12634289299655743,0.5338708870362816,0.18515929241445744
2009-09-25,0.15434663206336774,0.12616125523388216,0.5354365165333238,0.18405559616942624
2009-09-28,0.15373333887331686,0.12701961970675402,0.5331598866817541,0.186087154738175
2009-09-29,0.15859058745998014,0.130560007472012,0.5246652341947367,0.18618417087327113
2009-09-30,0.15824222301010932,0.12996819570876797,0.5249221172423407,0.18686746403878204
2009-10-01,0.16249534900996573,0.1341158608458515,0.5218975842501847,0.18149120589399803
2009-10-02,0.15323718659033483,0.12842095968259468,0.5329975896223159,0.18534426410475463
2009-10-05,0.15247616310414544,0.1275224720095318,0.5350331079317644,0.1849682569545584
2009-10-06,0.1510946722283751,0.12809840522078406,0.5392023414570664,0.1816045810937746
2009-10-07,0.15585066903613998,0.12901583327502783,0.5412074976950961,0.17392599999373615
2009-10-08,0.15587885941232263,0.1289827843783132,0.5409406526228517,0.17419770358651243
2009-10-09,0.15805023104006746,0.12951037138560106,0.5441660821065315,0.1682733154678
2009-10-12,0.16247634230087948,0.13315631616375806,0.5326077583892994,0.1717595831460631
2009-10-13,0.16356254256565822,0.1334731046802667,0.5314275023564595,0.17153685039761554
2009-10-14,0.1637376974895206,0.135037232720154,0.5279467744514035,0.1732782953389218
2009-10-15,0.15897383120309427,0.1301999617201982,0.5392952062134209,0.1715310008632866
2009-10-16,0.15866379799935182,0.12986722794021044,0.5437397365531832,0.16772923750725452
2009-10-19,0.16156635760935775,0.12798295251472827,0.5439304660962445,0.16652022377966935
2009-10-20,0.16170620891897794,0.1272731457542806,0.5449386394384245,0.166082005888317
2009-10-21,0.1605394773942832,0.1265283665687656,0.548669869808403,0.1642622862285481
2009-10-22,0.15872979846283083,0.1259999944362319,0.5461223495998373,0.16914785750109973
2009-10-23,0.15793757151431811,0.12634996217417122,0.5442300469048795,0.17148241940663123
2009-10-26,0.1571184284742584,0.12651865220215472,0.5448604748941317,0.1715024444294553
2009-10-27,0.15448374950772864,0.12525268765635547,0.5497208459651135,0.17054271687080252
2009-10-28,0.15679045861343255,0.1277679703166109,0.5449570530567135,0.17048451801324319
2009-10-29,0.15249480447399763,0.1240605784827567,0.5538199561329874,0.1696246609102583
2009-10-30,0.15038154577635307,0.12130785105174022,0.5610968642337595,0.16721373893814734
2009-11-02,0.1446205995636619,0.11761053387863914,0.5668557894603613,0.17091307709733758
2009-11-03,0.1423390129216495,0.11452729625753993,0.5767608657987959,0.16637282502201464
2009-11-04,0.13834847993860913,0.11143376215129021,0.5938209673433112,0.15639679056678946
2009-11-05,0.13923135753916172,0.1106575290983998,0.5945660971005349,0.15554501626190365
2009-11-06,0.13800799188126814,0.11108240478949925,0.5946940199805282,0.15621558334870436
2009-11-09,0.13769882818961865,0.11148532119469876,0.5949515843152411,0.15586426630044148
2009-11-10,0.13487475363300885,0.10908975475918939,0.5983511953507845,0.1576842962570173
2009-11-11,0.1374940231255068,0.1115064124793196,0.5932039406660989,0.1577956237290747
2009-11-12,0.13622982959166935,0.11148995281792953,0.5971483335407246,0.1551318840496766
2009-11-13,0.13605301966065717,0.11091945942424974,0.6003482645428875,0.1526792563722057
2009-11-16,0.13669898437437863,0.11032650492053143,0.6015287382437231,0.1514457724613669
2009-11-17,0.13385304312661164,0.10782448886976004,0.6124588728110903,0.14586359519253803
2009-11-18,0.13179956497263262,0.10583649140048604,0.6150074815166042,0.14735646211027723
2009-11-19,0.1323409987304587,0.10656395307730095,0.6130759594107635,0.14801908878147668
2009-11-20,0.1308327120659987,0.10507220914808915,0.6156133868715471,0.14848169191436514
2009-11-23,0.13050385347464247,0.10497376874550081,0.6162639559591994,0.14825842182065746
2009-11-24,0.12965261662443375,0.10389579682483022,0.6186049950088636,0.14784659154187252
2009-11-25,0.12936887317658244,0.10311471093903445,0.620137220020252,0.1473791958641312
2009-11-27,0.13339600074683838,0.10467200208842024,0.6181435044722544,0.14378849269248686
2009-11-30,0.12788092265414583,0.09843628947213866,0.6307359008432651,0.1429468870304503
2009-12-01,0.1275723648020931,0.09806566754886435,0.6308771825205662,0.14348478512847637
2009-12-02,0.12875249212497245,0.09668961447066249,0.6319697032549427,0.14258819014942234
2009-12-03,0.12943752111060303,0.09827298325742705,0.6310400875114699,0.14124940812050005
2009-12-04,0.12870160013957002,0.09851285906089266,0.6319758961615677,0.14080964463796972
2009-12-07,0.12903949418753163,0.09852051823425122,0.6514459721472584,0.12099401543095874
2009-12-08,0.12906113355941565,0.0984316265029581,0.6513802145560862,0.12112702538154012
2009-12-09,0.12819753343651552,0.09738899913018123,0.6555848229773582,0.11882864445594502
2009-12-10,0.12792236236962928,0.09715067402283291,0.6560238860718585,0.11890307753567934
2009-12-11,0.12932630861036135,0.09845945408380052,0.6531321562946028,0.1190820810112354
2009-12-14,0.12725311055418462,0.09711504179626047,0.6596866797451938,0.11594516790436098
2009-12-15,0.1257578595624349,0.09588086862976188,0.6632600032928222,0.1151012685149812
2009-12-16,0.12694086622520426,0.09687448053093783,0.6596880849357813,0.11649656830807655
2009-12-17,0.12739544525891697,0.09726115963441449,0.6585185234041507,0.11682487170251789
2009-12-18,0.1276647236530672,0.0960629876034072,0.6680775896097482,0.1081946991337774
2009-12-21,0.12831672940838848,0.0965759142260139,0.6670811814181308,0.10802617494746676
2009-12-22,0.13007474247480158,0.09825520579823493,0.6638127075557975,0.10785734417116606
2009-12-23,0.1338791999633028,0.09963421491075258,0.6582073121546673,0.10827927297127729
2009-12-24,0.1340095501858855,0.0994557377256873,0.6582700319750737,0.10826468011335343
2009-12-28,0.13415489133421418,0.0994200680517246,0.65851615500217,0.10790888561189123
2009-12-29,0.1452394837867926,0.10496237225309381,0.6386579904045278,0.11114015355558582
2009-12-30,0.14533123972532627,0.1054646243615168,0.6389885405717884,0.11021559534136838
2009-12-31,0.14801819021704118,0.10650586246922325,0.6341809535131738,0.1112949938005617
2010-01-04,0.1479288306929696,0.10693051951372584,0.631208028553251,0.11393262124005357
2010-01-05,0.14365649952764992,0.10305050392308548,0.6430700937108994,0.11022290283836518
2010-01-06,0.14711510789963994,0.10606669845615814,0.6335994832747883,0.11321871036941347
2010-01-07,0.13957065132184532,0.10040644375767228,0.6536810873343256,0.10634181758615675
2010-01-08,0.13893293081295874,0.0999951054931619,0.6553296778007306,0.1057422858931487
2010-01-11,0.13795964128466892,0.09904853547634317,0.657951968718031,0.105039854520957
2010-01-12,0.13960578363287282,0.10014943326074427,0.6571531073899961,0.10309167571638679
2010-01-13,0.14535665858366834,0.1045405654063984,0.6434193276185908,0.10668344839134253
2010-01-14,0.14845238830504065,0.10755774856425694,0.6354884380222978,0.10850142510840459
2010-01-15,0.14924429265477493,0.10861851920527026,0.6331945004465277,0.10894268769342708
2010-01-19,0.1479142877739362,0.10753005330066227,0.6358113889884075,0.108744269936994
2010-01-20,0.14797234697327194,0.10752302630333715,0.6354855282151078,0.1090190985082831
2010-01-21,0.14892365650256012,0.10576743213666753,0.6382028254221452,0.10710608593862726
2010-01-22,0.14617299335239525,0.1051294591375335,0.6422597097043097,0.1064378378057615
2010-01-25,0.14084807549496386,0.10395540474247056,0.6479582906535365,0.10723822910902901
2010-01-26,0.13876245082656363,0.10197885478708599,0.6536710242409107,0.10558767014543975
2010-01-27,0.1418240291907155,0.10369193652648422,0.6490188550285193,0.10546517925428107
2010-01-28,0.1448567562723884,0.106356872013435,0.6437454857078195,0.10504088600635723
2010-01-29,0.15101796188345723,0.10769570476868397,0.6393511779181562,0.10193515542970254
2010-02-01,0.15010052558100445,0.10741772326512251,0.6394616977823167,0.10302005337155633
2010-02-02,0.14758787189112957,0.10614892778709777,0.6423861201809835,0.1038770801407892
2010-02-03,0.14581817554643983,0.10521465697934773,0.6451740939521869,0.10379307352202559
2010-02-04,0.14889065039646002,0.10480038506398073,0.6432804689951449,0.10302849554441433
2010-02-05,0.1407356030216888,0.10051463073084627,0.6595236849512671,0.09922608129619778
2010-02-08,0.16234475063424483,0.0,0.7281737353577498,0.10948151400800532
2010-02-09,0.14584999335660775,0.1022223602526312,0.6532512332965236,0.09867641309423751
2010-02-10,0.14566401458301423,0.0987331184232612,0.6560231036530872,0.09957976334063723
2010-02-11,0.14693065624514234,0.09936684228851528,0.6535163816472731,0.1001861198190694
2010-02-12,0.14633631851748516,0.10021137159249516,0.6536443966083285,0.09980791328169127
2010-02-16,0.14750382594970807,0.10004256917620316,0.6525175310426593,0.09993607383142943
2010-02-17,0.14624501178592014,0.09931364920680726,0.6555167423423697,0.09892459666490308
2010-02-18,0.14685824352915886,0.09993336497580282,0.6536729151699741,0.0995354763250642
2010-02-19,0.14813561870787667,0.10074675655186227,0.6521831636848578,0.09893446105540321
2010-02-22,0.14835204168014085,0.10075187423487264,0.6518559032317668,0.0990401808532197
2010-02-23,0.15035775023095824,0.10212452943501635,0.6479720456866084,0.09954567464741709
2010-02-24,0.1494557091280639,0.10217644159495275,0.6483762961421099,0.09999155313487341
2010-02-25,0.14836987244936722,0.10278606319852746,0.6476841355718117,0.1011599287802935
2010-02-26,0.15154822832097545,0.10596069938693382,0.6414877544073752,0.10100331788471556
2010-03-01,0.15124864059229806,0.10550511833803561,0.6429198207399817,0.1003264203296846
2010-03-02,0.15044830868566048,0.1082120339417686,0.6408828138689008,0.10045684350367015
2010-03-03,0.1497930240982336,0.10745312745505092,0.6425664183390007,0.10018743010771469
2010-03-04,0.15076458687851083,0.10661632702433048,0.6425732299914476,0.10004585610571104
2010-03-05,0.14961171994279732,0.10560427371972497,0.637853747724383,0.1069302586130947
2010-03-08,0.14814903220573913,0.10459612086372928,0.6393012855527446,0.10795356137778685
2010-03-09,0.14917281581872385,0.10542751988362759,0.6365446062360046,0.10885505806164401
2010-03-10,0.14925413834731246,0.10538258257762093,0.6365382236324251,0.10882505544264161
2010-03-11,0.14946401022322933,0.10538682430620198,0.6369800456457095,0.1081691198248591
2010-03-12,0.14826992001919148,0.10447311117012259,0.6389710010606502,0.10828596775003589
2010-03-15,0.14862668582155059,0.10459324667385826,0.6384055816015632,0.108374485903028
2010-03-16,0.14764074342539188,0.10398858661089233,0.6411075734122623,0.1072630965514535
2010-03-17,0.14718751168338007,0.10407645993264593,0.6423674826156605,0.10636854576831363
2010-03-18,0.14700812580981626,0.10535444560284132,0.6344605943908432,0.11317683419649924
2010-03-19,0.14727658083313105,0.10513982415882665,0.6332241306810372,0.11435946432700507
2010-03-22,0.14468400172241938,0.10220464857299813,0.6414116344333272,0.11169971527125537
2010-03-23,0.14266295268408818,0.10106278000777644,0.6457838543120774,0.11049041299605801
2010-03-24,0.1421948292299688,0.10127818007546906,0.646080915448437,0.11044607524612507
2010-03-25,0.14670645779101302,0.1033104892071219,0.6362701810598453,0.11371287194201966
2010-03-26,0.1407103520186092,0.0992198566566908,0.6510891143584001,0.10898067696629994
2010-03-29,0.1411809542987177,0.09905076896742178,0.6516705786237835,0.10809769811007706
2010-03-30,0.1402090596376909,0.09840879614882878,0.6535314145013281,0.10785072971215229
2010-03-31,0.14111021556850983,0.09819764936790827,0.6536331740119681,0.10705896105161382
2010-04-01,0.143159037448262,0.10058430588709723,0.6474258999665526,0.10883075669808825
2010-04-05,0.13915028892274076,0.09653595466208284,0.6590731252181606,0.10524063119701588
2010-04-06,0.14614488153546717,0.1020620361855519,0.6389621621103568,0.11283092016862406
2010-04-07,0.14618369653609678,0.1020275115007523,0.6387723694980485,0.11301642246510234
2010-04-08,0.1489379883899755,0.10440685759046772,0.6321381668135448,0.11451698720601189
2010-04-09,0.1486706811241416,0.10468141495456025,0.631009185910245,0.11563871801105319
2010-04-12,0.141976359000369,0.09903540897460632,0.6466445550276089,0.11234367699741589
2010-04-13,0.13963545442524555,0.09711680726019656,0.6530760576482936,0.11017168066626423
2010-04-14,0.13882022504636213,0.09680920141171122,0.6548244102028682,0.10954616333905849
2010-04-15,0.13888325834328566,0.09680907961135041,0.6544133100832772,0.10989435196208668
2010-04-16,0.1404574209562887,0.09697024045351152,0.6529838371975356,0.1095885013926642
2010-04-19,0.1372388616421652,0.0973053565230957,0.6558123585050891,0.1096434233296499
2010-04-20,0.1430357547187496,0.09941171748163267,0.646700345340086,0.11085218245953175
2010-04-21,0.15131745860973664,0.10078103333312417,0.6379884140912112,0.10991309396592784
2010-04-22,0.1518252703038087,0.10160283718700065,0.6366072778008822,0.10996461470830843
2010-04-23,0.1532849880519026,0.1017849551332967,0.6346036750628549,0.11032638175194573
2010-04-26,0.15334949993278746,0.10175291405693143,0.6344414297140046,0.11045615629627646
2010-04-27,0.15551547725843354,0.10306906422448886,0.6318209783032122,0.10959448021386542
2010-04-28,0.14965789514114552,0.09741862821458178,0.6419716999085539,0.11095177673571895
2010-04-29,0.1515477674685521,0.09835553992078269,0.636479616685493,0.1136170759251721
2010-04-30,0.15115067955809705,0.0983755248093347,0.636743764431392,0.11373003120117621
2010-05-03,0.14927409392799473,0.10057557018940236,0.6339851201824572,0.1161652157001457
2010-05-04,0.1808121146840622,0.0,0.6765349408581838,0.1426529444577539
2010-05-05,0.17144004066871288,0.0,0.6815067901386302,0.14705316919265693
2010-05-06,0.1711933665683753,0.0,0.6815171149929796,0.1472895184386451
2010-05-07,0.15525192280068079,0.0,0.7022554779486819,0.14249259925063734
2010-05-10,0.15537091080006266,0.0,0.6984993437633824,0.146129745436555
2010-05-11,0.13602367914094823,0.0,0.7126954488447061,0.15128087201434565
2010-05-12,0.13925612662724735,0.0,0.7133147303050335,0.1474291430677192
2010-05-13,0.13820182805616446,0.0,0.7100477160705274,0.15175045587330807
2010-05-14,0.1350104308832023,0.0,0.7155569566343203,0.1494326124824775
2010-05-17,0.13426588819128304,0.0,0.713488332505199,0.15224577930351801
2010-05-18,0.1345829066829365,0.0,0.7136299762699456,0.15178711704711784
2010-05-19,0.13388101801207145,0.0,0.7127721904348904,0.1533467915530382
2010-05-20,0.0,0.0,0.8315393551106434,0.1684606448893567
2010-05-21,0.0,0.0,0.8315757802220924,0.16842421977790759
2010-05-24,0.0,0.0,0.8280539441783865,0.17194605582161349
2010-05-25,0.0,0.0,0.8287590785166689,0.17124092148333125
2010-05-26,0.0,0.0,0.8289860338469796,0.17101396615302042
2010-05-27,0.12549722065379318,0.0,0.7233716181618117,0.15113116118439507
2010-05-28,0.0,0.0,0.8251370523806281,0.1748629476193719
2010-06-01,0.0,0.0,0.8247964740673926,0.17520352593260735
2010-06-02,0.11848984212399623,0.0,0.7283197703882538,0.15319038748775
2010-06-03,0.11522226097477337,0.0,0.7296871531909395,0.15509058583428725
2010-06-04,0.0,0.0,0.8277934356535758,0.1722065643464243
2010-06-07,0.0,0.0,0.825798485968039,0.1742015140319611
2010-06-08,0.0,0.0,0.8275591064724013,0.1724408935275988
2010-06-09,0.0,0.0,0.8267215230474446,0.17327847695255535
2010-06-10,0.0,0.0,0.8271954177325307,0.17280458226746925
2010-06-11,0.0,0.0,0.824146082718091,0.17585391728190905
2010-06-14,0.0,0.0,0.8239217760066825,0.17607822399331743
2010-06-15,0.10952932167453376,0.0,0.7336408036308107,0.15682987469465534
2010-06-16,0.10708744565678203,0.0,0.7326731374156504,0.1602394169275675
2010-06-17,0.10737628685365244,0.0,0.732252634064783,0.16037107908156445
2010-06-18,0.10824071155969374,0.0,0.7318408716500739,0.15991841679023225
2010-06-21,0.10425578460633614,0.0,0.7365921634186627,0.15915205197500115
2010-06-22,0.0,0.0,0.8296672910522914,0.17033270894770863
2010-06-23,0.0,0.0,0.8279368432708021,0.17206315672919803
2010-06-24,0.0,0.0,0.8280237714771738,0.17197622852282635
2010-06-25,0.0,0.0,0.8265838873678598,0.17341611263214016
2010-06-28,0.0,0.0,0.8269717164576379,0.17302828354236205
2010-06-29,0.0,0.0,0.8282833226305011,0.17171667736949883
2010-06-30,0.0,0.0,0.8394048407765795,0.16059515922342055
2010-07-01,0.0,0.0,0.8394008460951851,0.16059915390481486
2010-07-02,0.0,0.0,0.8554770140630635,0.1445229859369365
2010-07-06,0.0,0.0,0.8560839793130999,0.14391602068690018
2010-07-07,0.0,0.0,0.8563339350289753,0.14366606497102472
2010-07-08,0.0,0.0,0.8565133357304571,0.14348666426954293
2010-07-09,0.0,0.0,0.8567425203319498,0.14325747966805027
2010-07-12,0.0,0.0,0.8569617249701026,0.1430382750298974
2010-07-13,0.0,0.0,0.8577744155680317,0.1422255844319684
2010-07-14,0.0,0.0,0.8523239363634594,0.14767606363654054
2010-07-15,0.0,0.0,0.8516530995491063,0.14834690045089383
2010-07-16,0.0,0.0,0.8517641156391653,0.14823588436083462
2010-07-19,0.0,0.0,0.851686476262245,0.14831352373775497
2010-07-20,0.0,0.0,0.8532571725673981,0.146742827432602
2010-07-21,0.0,0.0,0.8530798715194787,0.1469201284805212
2010-07-22,0.0,0.0,0.8499370768320814,0.15006292316791858
2010-07-23,0.0,0.0,0.8493234834618031,0.15067651653819694
2010-07-26,0.09302283467620534,0.0,0.7703482832492942,0.13662888207450044
2010-07-27,0.09325284068683794,0.0,0.7702090942058105,0.13653806510735145
2010-07-28,0.09213888110762103,0.0,0.7757397141701099,0.13212140472226905
2010-07-29,0.0,0.0,0.8555986699709192,0.14440133002908082
2010-07-30,0.0,0.0,0.8585332623815808,0.1414667376184191
2010-08-02,0.08527392636572013,0.0660254988668903,0.7294357546612515,0.1192648201061379
2010-08-03,0.08637764564135998,0.06702076209810137,0.7210206147626341,0.12558097749790437
2010-08-04,0.08327480898073358,0.06419520354694384,0.7323813938512815,0.12014859362104106
2010-08-05,0.08877530781465753,0.0697427245310781,0.7216301692985876,0.1198517983556768
2010-08-06,0.08670015683823758,0.06856016844340246,0.7217471997938217,0.12299247492453817
2010-08-09,0.08714563362431525,0.06857551340519383,0.7217074745678708,0.1225713784026202
2010-08-10,0.08737532319550703,0.06878729656069794,0.7211763891475127,0.12266099109628219
2010-08-11,0.0,0.0,0.8573687109694416,0.14263128903055844
2010-08-12,0.0,0.0,0.8573919011500866,0.14260809884991343
2010-08-13,0.0,0.0,0.860045013552335,0.139954986447665
2010-08-16,0.0,0.0,0.853436625853074,0.14656337414692602
2010-08-17,0.0,0.0,0.8516094952368679,0.1483905047631322
2010-08-18,0.0,0.0,0.8549210217778799,0.14507897822212018
2010-08-19,0.0,0.0,0.8526638597072137,0.1473361402927863
2010-08-20,0.0,0.0,0.8501123894077927,0.14988761059220737
2010-08-23,0.0,0.0,0.849076473925297,0.15092352607470308
2010-08-24,0.0,0.0,0.8519784580779903,0.14802154192200961
2010-08-25,0.0,0.0,0.8483447910326493,0.15165520896735074
2010-08-26,0.0,0.0,0.8458321827962134,0.15416781720378658
2010-08-27,0.0,0.0,0.8466691134996901,0.15333088650030985
2010-08-30,0.0,0.0,0.832461267698614,0.16753873230138616
2010-08-31,0.0,0.0,0.8212545533738913,0.17874544662610864
2010-09-01,0.0,0.0,0.8190979574758435,0.18090204252415645
2010-09-02,0.0,0.0,0.8177664874120492,0.18223351258795084
2010-09-03,0.0,0.09749562822653585,0.7372962083824147,0.16520816339104943
2010-09-07,0.0,0.0,0.8158107629875347,0.18418923701246537
2010-09-08,0.0,0.0,0.8138629471244836,0.1861370528755163
2010-09-09,0.0,0.1014650408072733,0.7308682169111926,0.16766674228153386
2010-09-10,0.1155881653746887,0.09562974997920025,0.6352054745036911,0.1535766101424199
2010-09-13,0.11602699355751644,0.09623580149091635,0.6329001956156177,0.15483700933594946
2010-09-14,0.11511682065674814,0.09508197837716453,0.6325585461535737,0.1572426548125137
2010-09-15,0.11645007889422772,0.09612152506657635,0.6334721888018536,0.15395620723734235
2010-09-16,0.11595018276951306,0.09572942377775606,0.6286070414198057,0.1597133520329251
2010-09-17,0.11789690983682612,0.09637197714242068,0.6251978505200179,0.16053326250073538
2010-09-20,0.11748362714961204,0.09590606861588882,0.626430951218319,0.16017935301618003
2010-09-21,0.11784911748438903,0.09611325272647323,0.6262513989047533,0.1597862308843844
2010-09-22,0.11936858886479844,0.0973906160615529,0.62037677563543,0.1628640194382186
2010-09-23,0.11854535336532977,0.09710076813710748,0.618846872066363,0.16550700643119978
2010-09-24,0.1233305252829444,0.09995855573401537,0.6141069892932205,0.16260392968981974
2010-09-27,0.12387370001537604,0.09965155352538622,0.6106886519563287,0.16578609450290896
2010-09-28,0.12012790681371366,0.09696283700112339,0.5844855862509165,0.19842366993424632
2010-09-29,0.1202993047090113,0.09683450018300534,0.5825983927060576,0.2002678024019257
2010-09-30,0.11809537368229504,0.09613073710469458,0.5769254416518068,0.20884844756120355
2010-10-01,0.12323821847605025,0.09779975519202976,0.5700821656968597,0.20887986063506048
2010-10-04,0.12397726694020166,0.09790905200067831,0.569154137859594,0.20895954319952606
2010-10-05,0.12341727149779007,0.09660112808251249,0.5695553386684248,0.21042626175127252
2010-10-06,0.12214979096076103,0.0952713635630408,0.5782204301193883,0.2043584153568099
2010-10-07,0.12241460923394609,0.09514253427355186,0.5792393884015344,0.2032034680909678
2010-10-08,0.12211803780482679,0.09484006598249714,0.5860289165791445,0.19701297963353165
2010-10-11,0.12242919748838518,0.09515896579694005,0.5867790750615475,0.1956327616531274
2010-10-12,0.12676606608920066,0.09746750298845688,0.5773466054372509,0.19841982548509152
2010-10-13,0.12652597460860793,0.0971502412944158,0.5753225751133787,0.2010012089835977
2010-10-14,0.1276513294488499,0.09733966443717185,0.5789968799860872,0.1960121261278911
2010-10-15,0.12853958585856728,0.09843712270402942,0.5755709678918498,0.1974523235455535
2010-10-18,0.13283913523272417,0.1028247068556758,0.57007335471692,0.19426280319468012
2010-10-19,0.13362329349198898,0.10357588789905592,0.5652865969537466,0.19751422165520854
2010-10-20,0.1371206459072206,0.10443871650115838,0.5858443181762449,0.17259631941537612
2010-10-21,0.13543795479399287,0.1023339978275047,0.5821639594540196,0.18006408792448295
2010-10-22,0.13707838172048356,0.10305992376711416,0.585431419731802,0.17443027478060014
2010-10-25,0.13738479220380206,0.10299790900610664,0.5852277556343448,0.17438954315574648
2010-10-26,0.13702262618944674,0.10282276377965723,0.5855425298713534,0.17461208015954252
2010-10-27,0.14173328099277202,0.1073066599302184,0.5776582116522051,0.17330184742480445
2010-10-28,0.14309950884218212,0.10752920766667855,0.5782690213991049,0.1711022620920345
2010-10-29,0.14403230826984845,0.10764349099135806,0.579115352403311,0.16920884833548247
2010-11-01,0.14463254653614024,0.10805910564782445,0.5790274350066059,0.16828091280942942
2010-11-02,0.14470128979259128,0.10774456632537172,0.5801310124089603,0.1674231314730767
2010-11-03,0.144755474179828,0.1067473350091676,0.5799612989831592,0.1685358918278452
2010-11-04,0.14511885858065313,0.10697987255764524,0.5811773056311709,0.1667239632305309
2010-11-05,0.15535554786214198,0.12071128202467954,0.572350043901884,0.1515831262112944
2010-11-08,0.1568112263946609,0.12073602302083578,0.5690170285049312,0.1534357220795721
2010-11-09,0.1566432057307353,0.12019084817229947,0.5709049678402234,0.1522609782567418
2010-11-10,0.15827216068183864,0.12154617949217014,0.5694949230646993,0.15068673676129188
2010-11-11,0.159749842069391,0.12196136888159113,0.5692016568334065,0.14908713221561126
2010-11-12,0.15923319896062646,0.12117426070332749,0.5704444661058129,0.14914807423023319
2010-11-15,0.16439315342268354,0.12432962739268816,0.5723853143313141,0.13889190485331424
2010-11-16,0.16806013951117582,0.1281249499237265,0.5631870490095479,0.14062786155554982
2010-11-17,0.1656474289075051,0.12497456054889744,0.5682203797171534,0.14115763082644397
2010-11-18,0.16764241284228895,0.12449048502566618,0.5695501328190744,0.13831696931297047
2010-11-19,0.1654308470214471,0.12121379497965053,0.5754268628732311,0.1379284951256713
2010-11-22,0.16655818782091242,0.12098143122378271,0.5745786482443116,0.13788173271099335
2010-11-23,0.16595977783592492,0.11916329454829734,0.5807026786396107,0.1341742489761671
2010-11-24,0.16034415270535532,0.11025326322839867,0.5999817840360353,0.12942080003021073
2010-11-26,0.16135602123874154,0.11172382639958925,0.5938930652899826,0.13302708707168648
2010-11-29,0.17050149857207827,0.11512608865677705,0.5841003082413134,0.1302721045298313
2010-11-30,0.17147717598333984,0.11440394863633052,0.5839811028680385,0.13013777251229133
2010-12-01,0.17264472735607317,0.11340391145505918,0.5856619640237906,0.12828939716507717
2010-12-02,0.17163347160029233,0.11273101976773539,0.5840716681828112,0.13156384044916106
2010-12-03,0.17070009760226995,0.11181220531828413,0.5851724327722605,0.13231526430718552
2010-12-06,0.16861410954603218,0.1103255869665089,0.5927668122208314,0.12829349126662767
2010-12-07,0.17008683687637424,0.11105876256633586,0.5897329699302722,0.1291214306270178
2010-12-08,0.17965062244402272,0.11779663502035717,0.5715746945069939,0.13097804802862603
2010-12-09,0.1803137729781806,0.11840199797631684,0.5687521080730185,0.13253212097248418
2010-12-10,0.18051616140634946,0.11852741547010086,0.5682999856027443,0.13265643752080536
2010-12-13,0.1802956431682601,0.11880019753693005,0.568050362208739,0.13285379708607084
2010-12-14,0.41778674778219316,0.2745022914703264,0.0,0.3077109607474804
2010-12-15,0.4219848859799242,0.2745405046978596,0.0,0.3034746093222161
2010-12-16,0.42325985237149344,0.27319305287583046,0.0,0.3035470947526761
2010-12-17,0.18561351853491306,0.11934422901073444,0.5628610170938898,0.1321812353604626
2010-12-20,0.19129557560702282,0.1220940956533627,0.5521415011068939,0.13446882763272072
2010-12-21,0.19705129076328295,0.124536074876182,0.5470384036202997,0.13137423074023535
2010-12-22,0.19638425565792633,0.12363003108775907,0.5493973832225891,0.13058833003172549
2010-12-23,0.19545208113732915,0.12318601101849679,0.5509656115674703,0.13039629627670388
2010-12-27,0.1958079290310339,0.123405042628743,0.5503209596574324,0.1304660686827908
2010-12-28,0.4357575932237422,0.274802708811957,0.0,0.28943969796430086
2010-12-29,0.20142832768604602,0.12753963944098018,0.5389993546093947,0.13203267826357906
2010-12-30,0.2089118937251535,0.13204114667300076,0.5237305670729667,0.13531639252887917
2010-12-31,0.2161137876198016,0.13551688169303042,0.5130119903900676,0.13535734029710025
2011-01-03,0.2181274559519542,0.1370402492594532,0.5091759141191365,0.135656380669456
2011-01-04,0.2159987868160764,0.1369644628601792,0.5101401189941613,0.13689663132958324
2011-01-05,0.21673300018580083,0.13733581000563633,0.5133188010143291,0.1326123887942336
2011-01-06,0.21848178513951483,0.13854577756792114,0.508925064401978,0.13404737289058594
2011-01-07,0.2184787539330133,0.1374941941866865,0.5098440362717302,0.13418301560857002
2011-01-10,0.21989791030340422,0.13865694464487693,0.5048790499327568,0.1365660951189621
2011-01-11,0.22006669017607802,0.1386700477454661,0.504997020078975,0.1362662419994809
2011-01-12,0.21993305238815095,0.13838165858241624,0.5051260563691027,0.1365592326603302
2011-01-13,0.21810161171905154,0.13413631841632526,0.5112683305359156,0.13649373932870768
2011-01-14,0.2227560725470378,0.13674473153639125,0.49753525594148007,0.1429639399750909
2011-01-18,0.22342361358920884,0.13911257504532612,0.4953041533883952,0.14215965797706984
2011-01-19,0.2228235710979783,0.13880269886059818,0.4946390593299853,0.14373467071143814
2011-01-20,0.21894492269715018,0.13900716838002886,0.4975220258251386,0.14452588309768244
2011-01-21,0.22084558306411198,0.13958454632998032,0.49687610766684454,0.1426937629390632
2011-01-24,0.2215300928161387,0.14028258023986356,0.49509005459914146,0.14309727234485625
2011-01-25,0.22105832515144133,0.14014464521369896,0.4951626022032,0.14363442743165952
2011-01-26,0.2209599528854376,0.1404106316187094,0.49323033506419156,0.14539908043166144
2011-01-27,0.221135659494314,0.14037303717963723,0.4923656547725293,0.14612564855351942
2011-01-28,0.22280558764963757,0.14162864139265596,0.4943485608665951,0.1412172100911113
2011-01-31,0.21506692349294884,0.14119312607788942,0.5033141584968333,0.14042579193232838
2011-02-01,0.21445339469989763,0.14124924501901207,0.5032283950110654,0.14106896527002494
2011-02-02,0.4259788520206938,0.2750216702139987,0.0,0.2989994777653076
2011-02-03,0.4256189121699768,0.27534457348684477,0.0,0.2990365143431784
2011-02-04,0.4263671551607633,0.27632159207923623,0.0,0.2973112527600003
2011-02-07,0.42593332523912975,0.2751177079525312,0.0,0.29894896680833893
2011-02-08,0.42357345091783183,0.2743299240164595,0.0,0.30209662506570867
2011-02-09,0.42509569112249923,0.27568017254638455,0.0,0.29922413633111633
2011-02-10,0.4221407041207955,0.2675013952062693,0.0,0.3103579006729351
2011-02-11,0.4218265126494715,0.265872675804551,0.0,0.3123008115459775
2011-02-14,0.42845633130284155,0.26777085228862674,0.0,0.3037728164085316
2011-02-15,0.4283993366922861,0.26792605571774125,0.0,0.3036746075899726
2011-02-16,0.4286422204668975,0.2724621557247916,0.0,0.29889562380831086
2011-02-17,0.42880745233715795,0.27101289535362827,0.0,0.30017965230921384
2011-02-18,0.4272005284054974,0.27283478419666285,0.0,0.29996468739783966
2011-02-22,0.43025300016979695,0.28403950039636294,0.0,0.28570749943384005
2011-02-23,0.42190041101866804,0.27900474304418993,0.0,0.2990948459371419
2011-02-24,0.4242440844582637,0.28219898354467277,0.0,0.2935569319970635
2011-02-25,0.22347287999250282,0.15033512925449175,0.4723219874395707,0.15387000331343467
2011-02-28,0.22256369280736,0.15157087256501098,0.4694007397876862,0.15646469483994296
2011-03-01,0.23221001426959892,0.15590110255382114,0.4614366670038648,0.15045221617271512
2011-03-02,0.22430884368155807,0.1589374566915319,0.46862939580030916,0.14812430382660097
2011-03-03,0.4162207740668404,0.29666592022119925,0.0,0.2871133057119604
2011-03-04,0.40635855595073866,0.3019151991856675,0.0,0.2917262448635937
2011-03-07,0.40048527853279386,0.29865129523722206,0.0,0.3008634262299842
2011-03-08,0.3961137098918165,0.2961546843005439,0.0,0.30773160580763953
2011-03-09,0.19848540517025298,0.14975975322702229,0.49604097167948225,0.15571386992324246
2011-03-10,0.19904450460508727,0.14978800997101396,0.4954350762922372,0.15573240913166153
2011-03-11,0.19187846285215204,0.14593227626810396,0.5040590380398152,0.15813022283992872
2011-03-14,0.18710963378987858,0.143171271350804,0.5147403899120133,0.15497870494730412
2011-03-15,0.18619562583213345,0.14091224211375744,0.5162965625428693,0.1565955695112399
2011-03-16,0.1848936254241751,0.13748919697827522,0.5244548889925391,0.1531622886050106
2011-03-17,0.17635392892466675,0.1284917028282278,0.5410466031956572,0.1541077650514483
2011-03-18,0.17487155003929788,0.12066587277415297,0.5479746340460064,0.1564879431405426
2011-03-21,0.17547162233725652,0.11977042985009968,0.5498339090670333,0.1549240387456105
2011-03-22,0.17277239834366928,0.11707720968298266,0.553536576797503,0.1566138151758449
2011-03-23,0.17198554278628136,0.11665789792086317,0.5550399947546546,0.15631656453820084
2011-03-24,0.1712351282288757,0.116265377395158,0.557902587820012,0.1545969065559543
2011-03-25,0.38340110862986504,0.26044768071681607,0.0,0.35615121065331884
2011-03-28,0.38347915878269784,0.2596492803603176,0.0,0.35687156085698457
2011-03-29,0.3832234499607475,0.260026199375555,0.0,0.35675035066369765
2011-03-30,0.3800449519176237,0.25908124395399473,0.0,0.36087380412838166
2011-03-31,0.38173173918559283,0.25750245171330793,0.0,0.3607658091010993
2011-04-01,0.3734674617942145,0.25179719876207807,0.0,0.3747353394437076
2011-04-04,0.1519855561082752,0.10206101421533316,0.5939132066240007,0.15204022305239098
2011-04-05,0.37356296770656083,0.25277788069900825,0.0,0.37365915159443097
2011-04-06,0.3773130681323513,0.2552793848475943,0.0,0.36740754702005435
2011-04-07,0.3774265933074262,0.2547259556559113,0.0,0.36784745103666255
2011-04-08,0.376896929371938,0.2544926720767614,0.0,0.3686103985513005
2011-04-11,0.3768391742135363,0.2587055277958838,0.0,0.3644552979905798
2011-04-12,0.3755533864803843,0.2580446114367795,0.0,0.3664020020828363
2011-04-13,0.1522603645679884,0.10445222349047628,0.5933642066204309,0.14992320532110442
2011-04-14,0.3739824446485079,0.2569854208448125,0.0,0.36903213450667965
2011-04-15,0.15456665132482847,0.10503352067675281,0.5925908138972547,0.1478090141011641
2011-04-18,0.15285900143137293,0.10444780402388058,0.5897374443720796,0.15295575017266674
2011-04-19,0.1499634064562485,0.10172865659726811,0.5958634272894233,0.15244450965705994
2011-04-20,0.15024844302128085,0.1022676538864981,0.5938411424292992,0.15364276066292168
2011-04-21,0.14696215350635117,0.09867610197691462,0.6006518709450617,0.15370987357167257
2011-04-25,0.1446144160597765,0.0972030570558479,0.6059950171864016,0.1521875096979739
2011-04-26,0.14185814436918875,0.09535524813288193,0.5971266803362136,0.16565992716171565
2011-04-27,0.14654067438653495,0.09784034359934149,0.5834825379443493,0.17213644406977416
2011-04-28,0.1473149377912124,0.09780857853737587,0.5896005562255954,0.16527592744581626
2011-04-29,0.15031299800952475,0.09965985800143483,0.585732116214356,0.16429502777468455
2011-05-02,0.1508050330036511,0.09975308745582477,0.589457012523423,0.15998486701710107
2011-05-03,0.14800337136616654,0.09776647498083893,0.5997502324423291,0.15447992121066548
2011-05-04,0.14491773076946224,0.09546868965081624,0.6079112182611639,0.15170236131855752
2011-05-05,0.14589319888603952,0.0959251672202687,0.6107378207801399,0.1474438131135519
2011-05-06,0.145269085305795,0.09443813636106328,0.6266417066606564,0.13365107167248527
2011-05-09,0.14508662416258436,0.09449938647906385,0.6285756478787037,0.13183834147964815
2011-05-10,0.142513560848715,0.09297182850898647,0.6368635800950015,0.12765103054729687
2011-05-11,0.1405075994882941,0.09166783156375802,0.6409804438911612,0.12684412505678666
2011-05-12,0.13963608412255907,0.0903741498379097,0.6435683417091803,0.12642142433035097
2011-05-13,0.14027630200827848,0.09088618597423356,0.6412423778448905,0.12759513417259744
2011-05-16,0.14029165840724428,0.09070683552658743,0.6418173683526833,0.12718413771348497
2011-05-17,0.13956185746275254,0.09064735633194762,0.6424678772155951,0.1273229089897049
2011-05-18,0.1395705724461994,0.09063825392628581,0.6429027800941768,0.12688839353333795
2011-05-19,0.14289491698924678,0.09274869219681377,0.6398589150866832,0.12449747572725631
2011-05-20,0.14379526886347643,0.09267294858835545,0.6381420715000016,0.1253897110481665
2011-05-23,0.14294228168139192,0.09192005063337053,0.6400388618244047,0.12509880586083286
2011-05-24,0.14143551473070093,0.08946136618537853,0.6444523924860301,0.12465072659789032
2011-05-25,0.14146028579765368,0.08927312272029596,0.6454007390217222,0.12386585246032816
2011-05-26,0.14525070397115605,0.08892786777243532,0.6400042492073129,0.12581717904909573
2011-05-27,0.14473919185707948,0.08851612206974471,0.6412127187681279,0.12553196730504787
2011-05-31,0.1451695354230194,0.08568711696641229,0.6466688625934688,0.12247448501709937
2011-06-01,0.14307483965373707,0.08346678009908415,0.6511387049801226,0.12231967526705624
2011-06-02,0.13950868875875636,0.08479168038517423,0.6483541175669063,0.12734551328916313
2011-06-03,0.14553165480119062,0.08749011715531319,0.6354927631968841,0.13148546484661217
2011-06-06,0.1432283935122276,0.08723723099213848,0.6386052958823405,0.13092907961329342
2011-06-07,0.14413354038968126,0.08702365421110878,0.6386618389621196,0.13018096643709043
2011-06-08,0.14571981483899138,0.08701286249068046,0.6365848156669413,0.13068250700338693
2011-06-09,0.14602660410410617,0.08768870755697028,0.6359684501796974,0.13031623815922608
2011-06-10,0.14715185718522242,0.0892046915438631,0.6273543152264229,0.13628913604449158
2011-06-13,0.14854661155151774,0.0902210408096622,0.6285870370271163,0.1326453106117039
2011-06-14,0.1518778949446882,0.09573969106356855,0.6222438148234123,0.13013859916833087
2011-06-15,0.16725261060717397,0.0,0.6849992843664034,0.1477481050264226
2011-06-16,0.16477318912097455,0.0,0.6877124140773299,0.1475143968016955
2011-06-17,0.14940159235735803,0.09371105771262801,0.623241451749096,0.13364589818091804
2011-06-20,0.149235329706811,0.09306460111281763,0.623565743087575,0.13413432609279638
2011-06-21,0.14837929198426975,0.09258047887135545,0.6256699946066507,0.1333702345377241
2011-06-22,0.14476274516089682,0.09094444783907982,0.6306538529107865,0.13363895408923693
2011-06-23,0.14428682864756345,0.090529478206066,0.6306577199678266,0.13452597317854403
2011-06-24,0.16183326484077235,0.0,0.694444925238286,0.14372180992094158
2011-06-27,0.14639756700293052,0.09233078266038354,0.633255953355572,0.12801569698111384
2011-06-28,0.14536280307585756,0.0925723020220008,0.6327064936944813,0.1293584012076603
2011-06-29,0.14710822801220735,0.09550028595133711,0.6231632598076251,0.13422822622883052
2011-06-30,0.14825444361037995,0.09556022848102128,0.6197573177926277,0.13642801011597103
2011-07-01,0.1452527593306366,0.09375881966078828,0.6232383672885238,0.13775005372005136
2011-07-05,0.13968785874210696,0.09232613828368885,0.632858870769026,0.13512713220517808
2011-07-06,0.14279696009185494,0.09424741190933325,0.629927267174756,0.13302836082405578
2011-07-07,0.14171894627336468,0.09350627392332027,0.6330879353018611,0.13168684450145401
2011-07-08,0.1426083423929176,0.09478080912640856,0.6277600427415448,0.13485080573912897
2011-07-11,0.14493304725450043,0.0959064643192975,0.6218483378217662,0.13731215060443586
2011-07-12,0.15628465796674265,0.0,0.6906468174406879,0.15306852459256948
2011-07-13,0.14082850800453897,0.0927478598017439,0.6265408695939356,0.13988276259978147
2011-07-14,0.13950637053682305,0.09082507681176424,0.6312129565308494,0.13845559612056335
2011-07-15,0.14178963220879312,0.09300795220785198,0.6253822274506018,0.1398201881327531
2011-07-18,0.15598429685308898,0.0,0.6903476899065687,0.15366801324034232
2011-07-19,0.1430133994793092,0.09494918581063455,0.6238767445305589,0.13816067017949737
2011-07-20,0.14074155207557681,0.09508002247392558,0.6270361614271903,0.1371422640233074
2011-07-21,0.14175658182818765,0.09501528971954512,0.625990920239258,0.13723720821300925
2011-07-22,0.13914851778332937,0.09264385232010376,0.6325238157253824,0.1356838141711845
2011-07-25,0.13937245361973077,0.09310216817320978,0.6281159524934896,0.13940942571356982
2011-07-26,0.14038103510362157,0.09406629573548884,0.6254213558677025,0.14013131329318687
2011-07-27,0.14045888536516632,0.0940570614578552,0.6210227506701799,0.14446130250679862
2011-07-28,0.1360756418595075,0.09277258020039131,0.6223588306561538,0.14879294728394726
2011-07-29,0.13653753561515,0.09326919613789755,0.6206140155431513,0.14957925270380104
2011-08-01,0.15579138963948744,0.0,0.6690219740034932,0.1751866363570193
2011-08-02,0.0,0.0,0.7705026999340439,0.2294973000659561
2011-08-03,0.0,0.0,0.7761727285306869,0.22382727146931328
2011-08-04,0.0,0.0,0.772142715425062,0.227857284574938
2011-08-05,0.0,0.0,0.7677765336311089,0.2322234663688911
2011-08-08,0.0,0.0,0.7518720648903281,0.248127935109672
2011-08-09,0.0,0.0,0.7765423780846241,0.22345762191537594
2011-08-10,0.0,0.0,0.7690016611806746,0.23099833881932538
2011-08-11,0.0,0.0,0.776649137664917,0.22335086233508294
2011-08-12,0.0,0.0,0.7565525840293902,0.24344741597060982
2011-08-15,0.0,0.0,0.7554625586105742,0.24453744138942576
2011-08-16,0.0,0.0,0.7564734895854046,0.24352651041459547
2011-08-17,0.0,0.0,0.7560418508673125,0.24395814913268754
2011-08-18,0.0,0.0,0.7558740705802106,0.24412592941978944
2011-08-19,0.0,0.0,0.7596026677598539,0.2403973322401462
2011-08-22,0.0,0.0,0.7608444654202344,0.23915553457976557
2011-08-23,0.0,0.0,0.7671910161438736,0.23280898385612636
2011-08-24,0.0,0.0,0.7849533377803312,0.21504666221966878
2011-08-25,0.0,0.0,0.7924868791236579,0.20751312087634208
2011-08-26,0.0,0.0,0.7941305284490547,0.20586947155094518
2011-08-29,0.0,0.0,0.8020888436289174,0.1979111563710826
2011-08-30,0.0,0.0,0.8057809929480414,0.19421900705195855
2011-08-31,0.0,0.0,0.8100165423952554,0.18998345760474458
2011-09-01,0.0,0.0,0.810797053338809,0.18920294666119097
2011-09-02,0.0,0.0,0.8095799133482413,0.1904200866517587
2011-09-06,0.0,0.0,0.8139024947939874,0.18609750520601268
2011-09-07,0.0,0.0,0.8126839012594018,0.18731609874059818
2011-09-08,0.0,0.0,0.8183596060815643,0.18164039391843567
2011-09-09,0.0,0.0,0.8224919477829851,0.17750805221701485
2011-09-12,0.0,0.0,0.8233231429888466,0.17667685701115343
2011-09-13,0.0,0.0,0.8257991455310754,0.17420085446892458
2011-09-14,0.0,0.0,0.8260378124692204,0.1739621875307796
2011-09-15,0.0,0.0,0.8269003627493976,0.17309963725060232
2011-09-16,0.0,0.0,0.8272737020365997,0.17272629796340025
2011-09-19,0.0,0.0,0.8275242621653977,0.17247573783460235
2011-09-20,0.0,0.0,0.8276623504838848,0.17233764951611522
2011-09-21,0.0,0.0,0.826883243245495,0.17311675675450502
2011-09-22,0.0,0.0,0.8283011374053421,0.17169886259465791
2011-09-23,0.0,0.0,0.8339383959371615,0.1660616040628386
2011-09-26,0.0,0.0,0.8441688961631487,0.15583110383685128
2011-09-27,0.0,0.0,0.8438801855067858,0.15611981449321424
2011-09-28,0.0,0.0,0.8442843459928042,0.15571565400719584
2011-09-29,0.0,0.0,0.8469561603172925,0.15304383968270752
2011-09-30,0.0,0.0,0.8469182886292672,0.15308171137073281
2011-10-03,0.0,0.0,0.8470669515282545,0.15293304847174538
2011-10-04,0.0,0.0,0.8487393145972758,0.1512606854027241
2011-10-05,0.0,0.0,0.8491587357327902,0.15084126426720973
2011-10-06,0.0,0.0,0.8479364761780755,0.15206352382192437
2011-10-07,0.0,0.0,0.8476482326194829,0.15235176738051723
2011-10-10,0.0,0.0,0.8481393525528885,0.15186064744711147
2011-10-11,0.0,0.0,0.8495392410145416,0.1504607589854584
2011-10-12,0.0,0.0,0.8494877427738858,0.15051225722611428
2011-10-13,0.0,0.0,0.8488866180312965,0.15111338196870341
2011-10-14,0.0,0.0,0.8491948484200791,0.15080515157992094
2011-10-17,0.0,0.0,0.8490491657041245,0.15095083429587544
2011-10-18,0.0,0.0,0.8480719022093772,0.1519280977906228
2011-10-19,0.0,0.0,0.8488307995547532,0.1511692004452468
2011-10-20,0.0,0.0,0.849545916326455,0.15045408367354496
2011-10-21,0.0,0.0,0.8503682553316136,0.14963174466838633
2011-10-24,0.0,0.0,0.8509326809527502,0.1490673190472498
2011-10-25,0.0,0.0,0.8537635396051727,0.14623646039482738
2011-10-26,0.0,0.0,0.8540568281775084,0.14594317182249159
2011-10-27,0.11115456563586895,0.0,0.7586117645147482,0.1302336698493828
2011-10-28,0.11032993534124416,0.0,0.7583650370338499,0.13130502762490584
2011-10-31,0.0,0.0,0.8535030580339057,0.14649694196609422
2011-11-01,0.0,0.0,0.8564622837463458,0.14353771625365416
2011-11-02,0.0,0.0,0.8514276669743445,0.14857233302565556
2011-11-03,0.0,0.0,0.8545708508913269,0.1454291491086732
2011-11-04,0.0,0.0,0.8576689401992804,0.14233105980071956
2011-11-07,0.0,0.0,0.8758588446271105,0.12414115537288949
2011-11-08,0.10653998432449313,0.0,0.7859183563563467,0.10754165931916009
2011-11-09,0.0,0.0,0.8794599223038697,0.12054007769613032
2011-11-10,0.0,0.0,0.8794439942518065,0.12055600574819347
2011-11-11,0.10411106331742004,0.0,0.7876708046702421,0.1082181320123379
2011-11-14,0.0,0.0,0.8789971568465912,0.12100284315340892
2011-11-15,0.0,0.0,0.8785434956489382,0.12145650435106181
2011-11-16,0.0,0.0,0.8766307168564835,0.12336928314351647
2011-11-17,0.0,0.0,0.8737992321188771,0.12620076788112292
2011-11-18,0.0,0.0,0.8773987089967973,0.12260129100320268
2011-11-21,0.0,0.0,0.8778775253985144,0.1221224746014856
2011-11-22,0.0,0.0,0.8769801702304549,0.12301982976954508
2011-11-23,0.0,0.0,0.8764722091757463,0.12352779082425376
2011-11-25,0.0,0.0,0.8746507822146528,0.1253492177853473
2011-11-28,0.0,0.0,0.8745031971991359,0.12549680280086406
2011-11-29,0.0,0.0,0.8775680733254778,0.12243192667452221
2011-11-30,0.0,0.0,0.8757293077461898,0.12427069225381017
2011-12-01,0.0,0.0,0.8773031263937969,0.12269687360620306
2011-12-02,0.0,0.0,0.8748636715896166,0.12513632841038333
2011-12-05,0.09858924331754383,0.0,0.7849670480232674,0.11644370865918867
2011-12-06,0.10011574756037453,0.0,0.7843103910889151,0.11557386135071047
2011-12-07,0.09958653241160031,0.0,0.7837947246563745,0.11661874293202522
2011-12-08,0.0,0.0,0.8696627308203736,0.13033726917962646
2011-12-09,0.09944304614013111,0.0,0.7842401336578646,0.1163168202020044
2011-12-12,0.0,0.0,0.8715601118732016,0.12843988812679843
2011-12-13,0.0,0.0,0.8740179751028545,0.12598202489714552
2011-12-14,0.0,0.0,1.0,0.0
2011-12-15,0.0,0.0,1.0,0.0
2011-12-16,0.0,0.0,1.0,0.0
2011-12-19,0.0,0.0,1.0,0.0
2011-12-20,0.0,0.0,1.0,0.0
2011-12-21,0.0,0.0,1.0,0.0
2011-12-22,0.11124317159695664,0.0,0.8887568284030435,0.0
2011-12-23,0.11257852100791481,0.0,0.8874214789920853,0.0
2011-12-27,0.11281484790047518,0.0,0.887185152099525,0.0
2011-12-28,0.11310362974073118,0.0,0.8868963702592688,0.0
2011-12-29,0.1127933736040175,0.0,0.8872066263959826,0.0
2011-12-30,0.11271964886011544,0.0,0.8872803511398846,0.0
2012-01-03,0.11132981293395043,0.0,0.8886701870660495,0.0
2012-01-04,0.11183018691131376,0.0,0.8881698130886863,0.0
2012-01-05,0.1115594289168676,0.0,0.8884405710831325,0.0
2012-01-06,0.11411449770364923,0.0,0.8858855022963508,0.0
2012-01-09,0.11318699629090077,0.0,0.8868130037090991,0.0
2012-01-10,0.09976412051901155,0.0,0.7862335943637513,0.11400228511723726
2012-01-11,0.09975356383321338,0.0,0.7869504331293004,0.11329600303748634
2012-01-12,0.10164147160906306,0.0,0.7839013623620222,0.1144571660289148
2012-01-13,0.10095953473379919,0.0,0.7870190821352055,0.11202138313099518
2012-01-17,0.10227657156395367,0.0,0.7855751380890919,0.1121482903469544
2012-01-18,0.10255715594338884,0.0,0.7852257507203272,0.1122170933362839
2012-01-19,0.10250090282067804,0.0,0.7842841641011739,0.1132149330781482
2012-01-20,0.10410411380692287,0.0,0.7816280319358718,0.11426785425720526
2012-01-23,0.1052788749048319,0.0,0.7793695297544149,0.11535159534075327
2012-01-24,0.10217942511016477,0.0,0.7835814844376636,0.11423909045217168
2012-01-25,0.10087378359740978,0.0,0.7862240059534303,0.11290221044915992
2012-01-26,0.10227112338787457,0.0,0.7914240402690077,0.10630483634311758
2012-01-27,0.09990328669262738,0.0,0.7962400827906688,0.10385663051670388
2012-01-30,0.09809888571927282,0.0,0.8023308106904046,0.09957030359032246
2012-01-31,0.09807476191128049,0.0,0.8063814838342858,0.09554375425443362
2012-02-01,0.09965568413085626,0.0,0.8041521184844976,0.09619219738464618
2012-02-02,0.10014502855840207,0.0,0.8032234949706777,0.09663147647092023
2012-02-03,0.09357565422205819,0.06744353224746381,0.7491531685094782,0.08982764502099974
2012-02-06,0.09293153986381188,0.06708971048190553,0.74919532588418,0.09078342377010265
2012-02-07,0.0929446828399368,0.06680784977523131,0.7498357242621525,0.09041174312267926
2012-02-08,0.09951327030641913,0.07128577243286983,0.7408682976847826,0.08833265957592848
2012-02-09,0.09895263635319111,0.07085361263330152,0.7427655945355466,0.08742815647796083
2012-02-10,0.10080426149721283,0.0720994935560542,0.7385291284383909,0.08856711650834193
2012-02-13,0.10130332474174292,0.07215371794117979,0.7378044321388415,0.08873852517823588
2012-02-14,0.10060213999103887,0.07155711751418369,0.7396006888993405,0.08824005359543699
2012-02-15,0.10222227670334254,0.07213194037334193,0.7372567919597645,0.08838899096355103
2012-02-16,0.10351499970609856,0.07208783708489674,0.7336394831635298,0.09075768004547492
2012-02-17,0.1030581905013236,0.07180465189709141,0.7342630478785312,0.09087410972305378
2012-02-21,0.10610803314315628,0.07346760714611628,0.7267313266849897,0.09369303302573763
2012-02-22,0.10731421645345435,0.07416610614136405,0.7258425944913671,0.09267708291381457
2012-02-23,0.11310615257048531,0.07720744350714387,0.7167483827750158,0.09293802114735503
2012-02-24,0.11257641485292431,0.07683468168019049,0.7177593061299493,0.09282959733693594
2012-02-27,0.11786774116743044,0.08074949442194357,0.7081251922952547,0.0932575721153713
2012-02-28,0.12009673926018777,0.08214655567290136,0.7028015730335732,0.09495513203333776
2012-02-29,0.13488478094919246,0.08766531982243321,0.6855705426725052,0.09187935655586912
2012-03-01,0.13676243567414734,0.0886868206879163,0.6935128689142261,0.08103787472371028
2012-03-02,0.13690959094319283,0.08840985938721448,0.6942372661268436,0.08044328354274916
2012-03-05,0.1386752907696797,0.08875236332520017,0.6909889295727387,0.08158341633238153
2012-03-06,0.1386915541172145,0.08906426771610462,0.6903011941343306,0.08194298403235029
2012-03-07,0.1359655627947856,0.08544696319796964,0.6966455592759601,0.08194191473128472
2012-03-08,0.14329197674729155,0.08872447095956107,0.6858302418946433,0.0821533103985042
2012-03-09,0.1478357665808155,0.09013486925637601,0.6795693517557858,0.08246001240702264
2012-03-12,0.15170885585428134,0.09371008762505137,0.6706095758913047,0.08397148062936267
2012-03-13,0.16705493976937255,0.10253086079138218,0.7304141994392452,0.0
2012-03-14,0.16770607275221358,0.10432101251192819,0.7279729147358581,0.0
2012-03-15,0.17639079890671996,0.10912287844250772,0.7144863226507723,0.0
2012-03-16,0.1724908363681382,0.10682182640344925,0.7206873372284126,0.0
2012-03-19,0.1760014111015656,0.10678892126544726,0.717209667632987,0.0
2012-03-20,0.19974526429138142,0.11220821464482032,0.6880465210637983,0.0
2012-03-21,0.19761317319134425,0.11057092062142776,0.691815906187228,0.0
2012-03-22,0.19997711053223488,0.11092297780804097,0.6890999116597241,0.0
2012-03-23,0.19871814152928688,0.11061730806009326,0.6906645504106199,0.0
2012-03-26,0.18119575172356944,0.10096563643750775,0.626801440867436,0.0910371709714867
2012-03-27,0.20097549403404516,0.11219422598367666,0.6868302799822781,0.0
2012-03-28,0.2005567509319937,0.11245409523638979,0.6869891538316165,0.0
2012-03-29,0.20005954533820244,0.11165236443874553,0.6882880902230519,0.0
2012-03-30,0.20744780816724295,0.1158221405221066,0.6767300513106504,0.0
2012-04-02,0.20742835038128843,0.1159126773615946,0.676658972257117,0.0
2012-04-03,0.20525058747951788,0.11713314323644036,0.6776162692840417,0.0
2012-04-04,0.21133094715147158,0.11978947942728134,0.668879573421247,0.0
2012-04-05,0.20843261500094531,0.11683932237464541,0.6747280626244093,0.0
2012-04-09,0.2116654324381261,0.11859452743293264,0.6697400401289413,0.0
2012-04-10,0.23641527853664898,0.0,0.763584721463351,0.0
2012-04-11,0.19797128166667496,0.1184348478283593,0.6835938705049658,0.0
2012-04-12,0.19616889719984587,0.11730065218797436,0.6865304506121798,0.0
2012-04-13,0.19286285214940305,0.11679937331285277,0.6903377745377441,0.0
2012-04-16,0.19338216932898705,0.11746563936527417,0.6891521913057388,0.0
2012-04-17,0.19279334895432268,0.11748023046218894,0.6897264205834884,0.0
2012-04-18,0.1859289713830013,0.11535860948595292,0.6987124191310458,0.0
2012-04-19,0.18582692970700052,0.11525745789449877,0.6989156123985008,0.0
2012-04-20,0.1847424911261822,0.11549145717425223,0.6997660516995655,0.0
2012-04-23,0.18563635935220424,0.11508195216466498,0.6992816884831307,0.0
2012-04-24,0.18411462066362286,0.11215092152782631,0.7037344578085509,0.0
2012-04-25,0.1840679626832653,0.11185944993798405,0.7040725873787507,0.0
2012-04-26,0.1782190916341413,0.11066482060766872,0.71111608775819,0.0
2012-04-27,0.1773265079604325,0.11060897217241078,0.7120645198671568,0.0
2012-04-30,0.17732347467008683,0.11108651396611552,0.7115900113637976,0.0
2012-05-01,0.17691039369450637,0.11097986899166652,0.7121097373138272,0.0
2012-05-02,0.17999109019729026,0.11189256262160212,0.7081163471811075,0.0
2012-05-03,0.17987907324724448,0.1117816116722882,0.7083393150804673,0.0
2012-05-04,0.17826302302196864,0.11172072227672795,0.7100162547013035,0.0
2012-05-07,0.1724366577605529,0.11122855093319753,0.7163347913062496,0.0
2012-05-08,0.17149988507755742,0.1102694607688819,0.7182306541535606,0.0
2012-05-09,0.19325352959000522,0.0,0.8067464704099948,0.0
2012-05-10,0.19355327126300437,0.0,0.8064467287369956,0.0
2012-05-11,0.19387716853623843,0.0,0.8061228314637616,0.0
2012-05-14,0.1942179778083002,0.0,0.8057820221916998,0.0
2012-05-15,0.19586311744423435,0.0,0.8041368825557657,0.0
2012-05-16,0.19468652403157446,0.0,0.8053134759684255,0.0
2012-05-17,0.19322385309936838,0.0,0.8067761469006316,0.0
2012-05-18,0.18611688184867264,0.0,0.8138831181513273,0.0
2012-05-21,0.18526215154978407,0.0,0.8147378484502159,0.0
2012-05-22,0.17914625835206544,0.0,0.8208537416479346,0.0
2012-05-23,0.1780712062415777,0.0,0.8219287937584223,0.0
2012-05-24,0.1784728951411737,0.0,0.8215271048588263,0.0
2012-05-25,0.17843290107049883,0.0,0.8215670989295011,0.0
2012-05-29,0.1778057121566982,0.0,0.8221942878433017,0.0
2012-05-30,0.1735457222276074,0.0,0.8264542777723926,0.0
2012-05-31,0.1732667927476908,0.0,0.8267332072523093,0.0
2012-06-01,0.17850101009700878,0.0,0.8214989899029913,0.0
2012-06-04,0.17063870910282822,0.0,0.8293612908971717,0.0
2012-06-05,0.1726390308473256,0.0,0.8273609691526744,0.0
2012-06-06,0.1737569769940042,0.0,0.8262430230059958,0.0
2012-06-07,0.16906585495327417,0.0,0.8309341450467258,0.0
2012-06-08,0.17029316415032625,0.0,0.8297068358496739,0.0
2012-06-11,0.1567624223480647,0.0,0.8432375776519352,0.0
2012-06-12,0.1553003184197285,0.0,0.8446996815802714,0.0
2012-06-13,0.15383442753236293,0.0,0.846165572467637,0.0
2012-06-14,0.15049445568107583,0.0,0.8495055443189242,0.0
2012-06-15,0.14897989974239678,0.0,0.8510201002576032,0.0
2012-06-18,0.1474653701933344,0.0,0.8525346298066656,0.0
2012-06-19,0.1480070269728157,0.0,0.8519929730271844,0.0
2012-06-20,0.14641864698528909,0.0,0.8535813530147108,0.0
2012-06-21,0.1499071321541235,0.0,0.8500928678458765,0.0
2012-06-22,0.14460194057803186,0.0,0.8553980594219681,0.0
2012-06-25,0.14508294889169038,0.0,0.8549170511083096,0.0
2012-06-26,0.1434328411643403,0.0,0.8565671588356597,0.0
2012-06-27,0.14275463719285936,0.0,0.8572453628071406,0.0
2012-06-28,0.1424212520275398,0.0,0.8575787479724601,0.0
2012-06-29,0.121648702962156,0.09332494285388244,0.7850263541839615,0.0
2012-07-02,0.11732059182263395,0.09012592980678619,0.7925534783705799,0.0
2012-07-03,0.1168181480894302,0.08973099444462518,0.7934508574659447,0.0
2012-07-05,0.1225698984852102,0.0,0.8774301015147898,0.0
2012-07-06,0.127187869997128,0.0,0.8728121300028719,0.0
2012-07-09,0.12697761668598742,0.0,0.8730223833140126,0.0
2012-07-10,0.12893829369803067,0.0,0.8710617063019693,0.0
2012-07-11,0.12624194337286734,0.0,0.8737580566271327,0.0
2012-07-12,0.12631016332281078,0.0,0.8736898366771892,0.0
2012-07-13,0.12927839599599833,0.0,0.8707216040040017,0.0
2012-07-16,0.1261638916720312,0.0,0.8738361083279689,0.0
2012-07-17,0.1260612393956349,0.0,0.873938760604365,0.0
2012-07-18,0.12585396972326396,0.0,0.874146030276736,0.0
2012-07-19,0.11541100974929892,0.0910974136698836,0.7934915765808174,0.0
2012-07-20,0.12618821809234834,0.0,0.8738117819076517,0.0
2012-07-23,0.12764173250782337,0.0,0.8723582674921766,0.0
2012-07-24,0.12676545313685764,0.0,0.8732345468631424,0.0
2012-07-25,0.12642477500205734,0.0,0.8735752249979427,0.0
2012-07-26,0.12624251265189107,0.0,0.873757487348109,0.0
2012-07-27,0.1137825799329878,0.08421519438276719,0.802002225684245,0.0
2012-07-30,0.11518229502465396,0.08595208338934203,0.798865621586004,0.0
2012-07-31,0.12701828569229726,0.0,0.8729817143077028,0.0
2012-08-01,0.12889630819951786,0.0,0.8711036918004822,0.0
2012-08-02,0.12980810381975552,0.0,0.8701918961802444,0.0
2012-08-03,0.11809016903295681,0.08782624047567437,0.7940835904913689,0.0
2012-08-06,0.11820393848245332,0.08643969065628339,0.7953563708612633,0.0
2012-08-07,0.11815943046681018,0.08631462645606373,0.7955259430771261,0.0
2012-08-08,0.12083509967566365,0.08825407868035623,0.79091082164398,0.0
2012-08-09,0.12121737149558541,0.08902486756761913,0.7897577609367955,0.0
2012-08-10,0.12140001073224777,0.08954555013401963,0.7890544391337326,0.0
2012-08-13,0.12208928072038805,0.0903681023109785,0.7875426169686334,0.0
2012-08-14,0.124191353600135,0.09065333254454568,0.7851553138553193,0.0
2012-08-15,0.1269697607852546,0.09225082079298183,0.7807794184217636,0.0
2012-08-16,0.13258692630225682,0.09602246559994052,0.7713906080978027,0.0
2012-08-17,0.13086757901113522,0.09467279060199452,0.7744596303868702,0.0
2012-08-20,0.13081808662452518,0.09503963929679203,0.7741422740786827,0.0
2012-08-21,0.1305666116976829,0.0951288090412841,0.774304579261033,0.0
2012-08-22,0.1149023468276122,0.08375567913466514,0.682267711415957,0.1190742626217656
2012-08-23,0.11956917242810874,0.0867025839865019,0.6706161724189238,0.12311207116646554
2012-08-24,0.11866018734122936,0.087246125806951,0.6739570084119723,0.12013667843984736
2012-08-27,0.11690345156096377,0.08600422656353914,0.6785278760338463,0.11856444584165067
2012-08-28,0.1204008894443961,0.08591464884639645,0.6609287147339994,0.132755746975208
2012-08-29,0.11892809558861746,0.08500564629591226,0.6648837399799019,0.13118251813556842
2012-08-30,0.11842420377845984,0.08435257133021708,0.6677799112608699,0.1294433136304533
2012-08-31,0.11964409766987599,0.0837586752190731,0.6709160397206729,0.12568118739037795
2012-09-04,0.1216741573768254,0.0850411457425272,0.6679932668858155,0.12529142999483184
2012-09-05,0.12209937079295602,0.08484953176874063,0.6679101640698925,0.1251409333684108
2012-09-06,0.12428577955569184,0.08500987185113286,0.6659808912425531,0.12472345735062221
2012-09-07,0.12273893599244504,0.0849953715557062,0.6649724560383756,0.12729323641347318
2012-09-10,0.12261779411239686,0.08402672127304034,0.6727457088787683,0.1206097757357946
2012-09-11,0.12288993909652815,0.08361829118703326,0.6737613664109501,0.11973040330548848
2012-09-12,0.12302814665380161,0.08323769602532667,0.6750142882565523,0.11871986906431932
2012-09-13,0.12409869515661592,0.0839967660164799,0.6721053815138492,0.1197991573130548
2012-09-14,0.12385078533493173,0.08519324736420134,0.6736570958646599,0.11729887143620712
2012-09-17,0.12784370681837176,0.0877177727122946,0.6623459240632595,0.12209259640607414
2012-09-18,0.13391135154415235,0.08960964946323878,0.648125870281267,0.12835312871134183
2012-09-19,0.13379539866152376,0.08918499733912257,0.649703456887123,0.1273161471122305
2012-09-20,0.13672009804551583,0.09053681242357026,0.6476417576964955,0.1251013318344185
2012-09-21,0.13647272844390684,0.08995180806621877,0.6477121255679076,0.12586333792196683
2012-09-24,0.1377974263208199,0.09047323100640972,0.6455217146656066,0.1262076280071638
2012-09-25,0.13766249394163438,0.09007942860015893,0.6443007550048627,0.12795732245334382
2012-09-26,0.14251029491653391,0.09420853390870593,0.6276720272755771,0.13560914389918305
2012-09-27,0.14131342237646757,0.09337979564910996,0.6308967072080515,0.13441007476637112
2012-09-28,0.14051898901715476,0.09309739810693023,0.6316787691535687,0.1347048437223464
2012-10-01,0.1389728414048099,0.09130843354515264,0.6334997300435439,0.13621899500649357
2012-10-02,0.14041190624052924,0.09105698199584038,0.6288064902043723,0.1397246215592581
2012-10-03,0.13972917063611304,0.090568557613152,0.6309927975804237,0.1387094741703113
2012-10-04,0.1409480953766116,0.09017957472108805,0.6263511487934849,0.14252118110881562
2012-10-05,0.1411672346812116,0.0901029917640013,0.6255457264958666,0.1431840470589205
2012-10-08,0.14249602597297176,0.09121094756380202,0.6236483290930998,0.14264469737012653
2012-10-09,0.1474302763970063,0.09157028732295629,0.6178223563574057,0.1431770799226317
2012-10-10,0.14563742906681454,0.09068397232810729,0.6209255547296593,0.1427530438754189
2012-10-11,0.14567657950090615,0.09096121762058852,0.6191586687239362,0.14420353415456907
2012-10-12,0.14589621241785186,0.09053076887581529,0.6197255954733171,0.14384742323301578
2012-10-15,0.14576715813341778,0.09104064666656272,0.6211759789115489,0.14201621628847055
2012-10-16,0.14623920278418628,0.09414179704103326,0.6213824558564436,0.1382365443183368
2012-10-17,0.14759291533682756,0.0962447829947197,0.6175832095074311,0.1385790921610217
2012-10-18,0.15195775215451185,0.09836688064224378,0.6093585695997987,0.14031679760344562
2012-10-19,0.15119019377683018,0.09791796690812692,0.6081078543671927,0.1427839849478502
2012-10-22,0.14913598381918705,0.10290618681907868,0.6073611450218472,0.1405966843398871
2012-10-23,0.15417627919879806,0.10345292432105857,0.6052098331759547,0.13716096330418875
2012-10-24,0.15084426559672007,0.10082744150634074,0.6126057142504818,0.13572257864645734
2012-10-25,0.1516676798845401,0.10096452931307692,0.6114737472596621,0.13589404354272092
2012-10-26,0.15234825172901803,0.10129852351386533,0.608546657586967,0.13780656717014972
2012-10-31,0.1552033422115692,0.10411612074451596,0.6005371001529104,0.1401434368910044
2012-11-01,0.1625405461747141,0.1119472833314378,0.58880209332081,0.13671007717303804
2012-11-02,0.15973871388987718,0.11150441845819138,0.5918239618910435,0.13693290576088796
2012-11-05,0.15736620110167615,0.11078318163094919,0.6043707270508218,0.1274798902165529
2012-11-06,0.15751242864629447,0.11084870699776345,0.6041498946727893,0.1274889696831528
2012-11-07,0.15947380163179403,0.11263212531343211,0.602670872479804,0.12522320057496983
2012-11-08,0.14796789795798954,0.11241186677003051,0.6115598491101334,0.12806038616184653
2012-11-09,0.145402248622302,0.11241354257542562,0.6131239282836511,0.12906028051862126
2012-11-12,0.143795697765106,0.11123023270824249,0.6166419080401382,0.12833216148651333
2012-11-13,0.1406800808845313,0.10890707383289891,0.6250161348637235,0.12539671041884629
2012-11-14,0.0,0.12804984882621526,0.7260152668323381,0.14593488434144666
2012-11-15,0.0,0.12661930320218634,0.727537833922868,0.14584286287494574
2012-11-16,0.0,0.12696592327980782,0.7275452706387694,0.1454888060814227
2012-11-19,0.13761384059253912,0.10933026895057522,0.6269028591154048,0.1261530313414808
2012-11-20,0.12643826673154554,0.10229480473426251,0.6483911802178144,0.12287574831637756
2012-11-21,0.12839162109177846,0.10328040410204424,0.6439002909090004,0.12442768389717694
2012-11-23,0.1296708797463789,0.10383752516189929,0.6414209033045466,0.1250706917871752
2012-11-26,0.12718237297600285,0.10058162368871881,0.6482018895204945,0.12403411381478384
2012-11-27,0.1270159119368295,0.10044105744903112,0.6486539412904676,0.1238890893236718
2012-11-28,0.12668914825725566,0.10037611735244902,0.6484963738545996,0.12443836053569579
2012-11-29,0.1266064511075781,0.10223641429492053,0.6494522936367987,0.1217048409607027
2012-11-30,0.12333523848924767,0.09960588626746429,0.6505474083813555,0.1265114668619326
2012-12-03,0.1235082346999871,0.1000609529593226,0.6505949196616331,0.12583589267905718
2012-12-04,0.12312542463841679,0.10022287817719192,0.6507607216496951,0.12589097553469625
2012-12-05,0.12719937498673012,0.10295051854014338,0.6486069904065069,0.12124311606661953
2012-12-06,0.12625866414748532,0.10405581840846805,0.6411962229709416,0.1284892944731051
2012-12-07,0.12638882424252162,0.10465663460467407,0.6399825864491623,0.12897195470364192
2012-12-10,0.12602536487945454,0.10559420889452466,0.6398114422243538,0.12856898400166683
2012-12-11,0.12489191963744295,0.10484978483981236,0.6433890059304781,0.12686928959226648
2012-12-12,0.12523749889358693,0.10423581865974565,0.6380266323435931,0.1325000501030742
2012-12-13,0.12219870523987396,0.10228819846762906,0.646442088365607,0.12907100792688989
2012-12-14,0.122075046125927,0.10280751008476655,0.6457851604881742,0.1293322833011322
2012-12-17,0.12255937555098466,0.10352292434961571,0.642202549011665,0.1317151510877348
2012-12-18,0.12111824649265564,0.10462533495984468,0.641298010530086,0.13295840801741385
2012-12-19,0.12138324752235172,0.10627548258817511,0.640869095644264,0.1314721742452091
2012-12-20,0.1389869086163201,0.12252905759964852,0.7384840337840314,0.0
2012-12-21,0.13801004644126505,0.12202247827061015,0.7399674752881248,0.0
2012-12-24,0.1377706621829245,0.12144826892084602,0.7407810688962294,0.0
2012-12-26,0.13753378986256495,0.12233734200629187,0.7401288681311431,0.0
2012-12-27,0.13917553558065518,0.12418243629912382,0.736642028120221,0.0
2012-12-28,0.13785830046067188,0.12925719694463275,0.7328845025946953,0.0
2012-12-31,0.1189367804597279,0.11190594168449065,0.6362305958714324,0.132926681984349
2013-01-02,0.11613113854714126,0.11114242264987928,0.6400470882235094,0.13267935057946986
2013-01-03,0.10911087224688903,0.1106176392788628,0.6468385373005515,0.1334329511736966
2013-01-04,0.12803614352112674,0.12911073042664586,0.7428531260522274,0.0
2013-01-07,0.12675311370760803,0.12785561712765237,0.7453912691647395,0.0
2013-01-08,0.12600799318116887,0.1273317669947396,0.7466602398240916,0.0
2013-01-09,0.12668444391161315,0.12973918076129476,0.7435763753270921,0.0
2013-01-10,0.11002255915862127,0.11220482524893421,0.6481979577140019,0.12957465787844252
2013-01-11,0.12524893951975827,0.12699086631330156,0.7477601941669402,0.0
2013-01-14,0.10948157232161343,0.11091536639794211,0.6515444601510383,0.12805860112940629
2013-01-15,0.11005789846893327,0.11162562512964205,0.6489738498151502,0.12934262658627443
2013-01-16,0.11011038534974803,0.11353028135791582,0.6483949604894599,0.12796437280287606
2013-01-17,0.10730233979104448,0.1108583239653071,0.6573992924996639,0.12444004374398458
2013-01-18,0.10849424837953203,0.11211511266860888,0.6533161923643511,0.1260744465875079
2013-01-22,0.11143112668591325,0.11417539128010516,0.6473705605535724,0.12702292148040917
2013-01-23,0.1106172982497116,0.11414006730217209,0.648786795820048,0.1264558386280684
2013-01-24,0.11089496972045938,0.12003363784403744,0.6426682907879998,0.12640310164750349
2013-01-25,0.12775286930684002,0.137812984798318,0.734434145894842,0.0
2013-01-28,0.12823635309470904,0.13726894264058642,0.7344947042647045,0.0
2013-01-29,0.12595639960940574,0.13416547367880408,0.7398781267117902,0.0
2013-01-30,0.10955104916083593,0.11645249106232525,0.6502248194076976,0.12377164036914122
2013-01-31,0.12510739851377856,0.13390644533503063,0.7409861561511908,0.0
2013-02-01,0.30729152000516946,0.3301540107953947,0.0,0.36255446919943596
2013-02-04,0.10915559452789175,0.11827822487788048,0.6419350569077648,0.13063112368646304
2013-02-05,0.10761772450398503,0.11245575749402596,0.639082609182927,0.14084390881906192
2013-02-06,0.11338915187250204,0.1150413168836622,0.6332007549348735,0.1383687763089623
2013-02-07,0.11635380261376305,0.11679487936661835,0.6263332715899623,0.14051804642965635
2013-02-08,0.1164828171656175,0.11520204668270513,0.6277133446258454,0.140601791525832
2013-02-11,0.1353543021390666,0.13390187676148707,0.7307438210994462,0.0
2013-02-12,0.1343224758424332,0.13319876948258821,0.7324787546749786,0.0
2013-02-13,0.505964358064544,0.49403564193545585,0.0,0.0
2013-02-14,0.13882966151347825,0.13527828879122702,0.7258920496952947,0.0
2013-02-15,0.14089964816540707,0.1359493179175012,0.7231510339170917,0.0
2013-02-19,0.14705274217342085,0.14224709315645093,0.7107001646701282,0.0
2013-02-20,0.14565580340291048,0.13920936821869787,0.7151348283783917,0.0
2013-02-21,0.1404364979633263,0.13612385792328294,0.7234396441133907,0.0
2013-02-22,0.1421250695158663,0.13853881139444943,0.7193361190896844,0.0
2013-02-25,0.14136842517086146,0.13551082861203906,0.7231207462170995,0.0
2013-02-26,0.14139281105247858,0.13173866001828427,0.7268685289292373,0.0
2013-02-27,0.14172883366465916,0.13150753561989834,0.7267636307154426,0.0
2013-02-28,0.13888175902726632,0.12994288982731161,0.731175351145422,0.0
2013-03-01,0.1390286860385781,0.13018612866060816,0.7307851853008137,0.0
2013-03-04,0.1397743365561365,0.12997793179711342,0.73024773164675,0.0
2013-03-05,0.13964650181829655,0.12986424782968534,0.7304892503520181,0.0
2013-03-06,0.13859730842712345,0.12866289610134626,0.7327397954715303,0.0
2013-03-07,0.1390958314128894,0.1290389488752705,0.73186521971184,0.0
2013-03-08,0.5188950962258427,0.48110490377415727,0.0,0.0
2013-03-11,0.5186832546286501,0.48131674537135,0.0,0.0
2013-03-12,0.14424096339154496,0.13368083391916352,0.7220782026892916,0.0
2013-03-13,0.5196671098285841,0.4803328901714159,0.0,0.0
2013-03-14,0.14307704513641417,0.13118362548776763,0.7257393293758183,0.0
2013-03-15,0.1426270797163577,0.129235285036268,0.7281376352473743,0.0
2013-03-18,0.14238863585291764,0.12718689481037726,0.7304244693367051,0.0
2013-03-19,0.14131047451439202,0.12427812788014625,0.7344113976054618,0.0
2013-03-20,0.14225685481649372,0.12363238956843364,0.7341107556150727,0.0
2013-03-21,0.1425524821617241,0.12427070622478954,0.7331768116134864,0.0
2013-03-22,0.14251642380603827,0.12321010853655723,0.7342734676574045,0.0
2013-03-25,0.14222808984677732,0.12263603778211261,0.7351358723711101,0.0
2013-03-26,0.14174940280077666,0.1195592544412157,0.7386913427580076,0.0
2013-03-27,0.1416866640863845,0.11991086157096674,0.7384024743426487,0.0
2013-03-28,0.14583634013084706,0.12153051931069735,0.7326331405584556,0.0
2013-04-01,0.1492185751293646,0.122073373298826,0.7287080515718094,0.0
2013-04-02,0.16510835878170832,0.11997094385681704,0.7149206973614745,0.0
2013-04-03,0.16203355544003337,0.11767836603599142,0.7202880785239751,0.0
2013-04-04,0.15816714575949992,0.11812910406603928,0.7237037501744608,0.0
2013-04-05,0.1623294917722958,0.12028839835042691,0.7173821098772774,0.0
2013-04-08,0.16545795599728774,0.12324939644378441,0.7112926475589278,0.0
2013-04-09,0.16585425927114666,0.1245489322314867,0.7095968084973666,0.0
2013-04-10,0.16677702350543613,0.1264279715683606,0.7067950049262033,0.0
2013-04-11,0.1655378814803116,0.12554539969969786,0.7089167188199905,0.0
2013-04-12,0.16538203071530463,0.12458816185020793,0.7100298074344875,0.0
2013-04-15,0.16957736135594886,0.12807634555710184,0.7023462930869493,0.0
2013-04-16,0.15457410114145173,0.12531636873413352,0.7201095301244148,0.0
2013-04-17,0.1490389746057518,0.12235443148089965,0.7286065939133485,0.0
2013-04-18,0.1445787255823372,0.11760534430207684,0.737815930115586,0.0
2013-04-19,0.14391401512325525,0.11743499443442276,0.738650990442322,0.0
2013-04-22,0.1424671084444022,0.11667305817529017,0.7408598333803076,0.0
2013-04-23,0.14175180425749523,0.11637110199484306,0.7418770937476618,0.0
2013-04-24,0.1378210317029447,0.11333435951212281,0.7488446087849325,0.0
2013-04-25,0.1367614030997258,0.11197200412137386,0.7512665927789003,0.0
2013-04-26,0.13658994787544637,0.11202997711995331,0.7513800750046002,0.0
2013-04-29,0.13812200061414895,0.11301431665879473,0.7488636827270563,0.0
2013-04-30,0.13785205799010494,0.11172710807562423,0.7504208339342707,0.0
2013-05-01,0.13654214281799504,0.10984905119310685,0.7536088059888981,0.0
2013-05-02,0.13398007486049845,0.11026721605669093,0.7557527090828107,0.0
2013-05-03,0.1313793845534916,0.10799573777032266,0.7606248776761856,0.0
2013-05-06,0.1367308728326706,0.11220065754090251,0.7510684696264269,0.0
2013-05-07,0.13820683184191052,0.1142787924969025,0.7475143756611871,0.0
2013-05-08,0.13846777070604122,0.1147392387810821,0.7467929905128766,0.0
2013-05-09,0.13804071877935653,0.11357932012548211,0.7483799610951613,0.0
2013-05-10,0.13892821694147786,0.11339977572768392,0.7476720073308382,0.0
2013-05-13,0.14032818854906198,0.11462579598822338,0.7450460154627147,0.0
2013-05-14,0.13951366620356215,0.11442434421394847,0.7460619895824894,0.0
2013-05-15,0.14080892486886112,0.11690778218044806,0.7422832929506908,0.0
2013-05-16,0.14108109964926618,0.11800915911615577,0.7409097412345781,0.0
2013-05-17,0.14657037999375344,0.12044253988061562,0.7329870801256309,0.0
2013-05-20,0.14867942429248543,0.12537407235834777,0.7259465033491669,0.0
2013-05-21,0.1499634115822082,0.12738416364567132,0.7226524247721205,0.0
2013-05-22,0.539125700644491,0.46087429935550905,0.0,0.0
2013-05-23,0.5395012650322005,0.46049873496779936,0.0,0.0
2013-05-24,0.5475550369026874,0.45244496309731275,0.0,0.0
2013-05-28,0.5506381627195561,0.44936183728044393,0.0,0.0
2013-05-29,0.5496822389759135,0.4503177610240866,0.0,0.0
2013-05-30,0.5504340384377985,0.44956596156220147,0.0,0.0
2013-05-31,0.5505584819110977,0.4494415180889022,0.0,0.0
2013-06-03,0.5514279586515414,0.4485720413484585,0.0,0.0
2013-06-04,0.5507896596483021,0.4492103403516979,0.0,0.0
2013-06-05,0.5500244974034685,0.44997550259653146,0.0,0.0
2013-06-06,0.5546216163967161,0.44537838360328397,0.0,0.0
2013-06-07,0.5524624332403885,0.4475375667596116,0.0,0.0
2013-06-10,0.5515097880057779,0.4484902119942221,0.0,0.0
2013-06-11,0.5499795112200754,0.45002048877992457,0.0,0.0
2013-06-12,0.5492543526254882,0.45074564737451195,0.0,0.0
2013-06-13,0.5448572258363173,0.45514277416368265,0.0,0.0
2013-06-14,0.5433381557618211,0.4566618442381789,0.0,0.0
2013-06-17,0.5449770165164639,0.45502298348353615,0.0,0.0
2013-06-18,0.5488840656738148,0.45111593432618513,0.0,0.0
2013-06-19,0.5484209634897063,0.4515790365102938,0.0,0.0
2013-06-20,0.5465672766138681,0.45343272338613194,0.0,0.0
2013-06-21,0.5548186089367676,0.4451813910632323,0.0,0.0
2013-06-24,1.0,0.0,0.0,0.0
2013-06-25,0.5538082122454799,0.4461917877545201,0.0,0.0
2013-06-26,0.5519784666950008,0.44802153330499916,0.0,0.0
2013-06-27,0.5484621315237718,0.4515378684762282,0.0,0.0
2013-06-28,0.5521051597960305,0.44789484020396964,0.0,0.0
2013-07-01,0.550498112511073,0.44950188748892705,0.0,0.0
2013-07-02,0.5516754392224685,0.4483245607775314,0.0,0.0
2013-07-03,0.552750232758438,0.44724976724156207,0.0,0.0
2013-07-05,0.5527386571122418,0.44726134288775815,0.0,0.0
2013-07-08,0.5500429350387974,0.44995706496120264,0.0,0.0
2013-07-09,0.549127927787205,0.45087207221279507,0.0,0.0
2013-07-10,0.5487623453192836,0.4512376546807165,0.0,0.0
2013-07-11,0.5581166383398001,0.4418833616602,0.0,0.0
2013-07-12,0.5673443440571748,0.4326556559428251,0.0,0.0
2013-07-15,0.5678658368039823,0.4321341631960177,0.0,0.0
2013-07-16,0.5698925492538011,0.43010745074619894,0.0,0.0
2013-07-17,0.5697666120861007,0.4302333879138993,0.0,0.0
2013-07-18,0.5698942208730191,0.43010577912698095,0.0,0.0
2013-07-19,0.5692240117023644,0.4307759882976356,0.0,0.0
2013-07-22,0.5679798226783147,0.4320201773216852,0.0,0.0
2013-07-23,0.5682889729697174,0.43171102703028263,0.0,0.0
2013-07-24,0.5682678166918401,0.4317321833081598,0.0,0.0
2013-07-25,0.565545994692161,0.434454005307839,0.0,0.0
2013-07-26,0.5655801800479705,0.43441981995202955,0.0,0.0
2013-07-29,0.5689553493674487,0.43104465063255126,0.0,0.0
2013-07-30,0.5722710486095254,0.4277289513904746,0.0,0.0
2013-07-31,0.5719338288192294,0.4280661711807706,0.0,0.0
2013-08-01,0.57214326743493,0.42785673256507,0.0,0.0
2013-08-02,0.5723644826518234,0.42763551734817673,0.0,0.0
2013-08-05,0.5719427369436644,0.4280572630563357,0.0,0.0
2013-08-06,0.570483674322116,0.4295163256778839,0.0,0.0
2013-08-07,0.5692476007193276,0.43075239928067244,0.0,0.0
2013-08-08,0.5690885474346106,0.43091145256538954,0.0,0.0
2013-08-09,0.5735270586896984,0.4264729413103015,0.0,0.0
2013-08-12,0.5736722725719428,0.42632772742805736,0.0,0.0
2013-08-13,0.5737413611912585,0.4262586388087415,0.0,0.0
2013-08-14,0.5764721324202456,0.4235278675797544,0.0,0.0
2013-08-15,0.5748183122014251,0.4251816877985749,0.0,0.0
2013-08-16,0.569146063370209,0.4308539366297909,0.0,0.0
2013-08-19,0.5687602259369168,0.4312397740630833,0.0,0.0
2013-08-20,0.5644979470996792,0.4355020529003209,0.0,0.0
2013-08-21,0.562139272170549,0.4378607278294509,0.0,0.0
2013-08-22,0.5648316404374143,0.4351683595625857,0.0,0.0
2013-08-23,0.5634176376104743,0.4365823623895257,0.0,0.0
2013-08-26,0.5646115326240034,0.4353884673759967,0.0,0.0
2013-08-27,0.5645178690478073,0.4354821309521926,0.0,0.0
2013-08-28,0.5624733503361756,0.43752664966382443,0.0,0.0
2013-08-29,0.56268485342076,0.43731514657924003,0.0,0.0
2013-08-30,0.5588406678129796,0.4411593321870204,0.0,0.0
2013-09-03,0.5641277605798805,0.43587223942011954,0.0,0.0
2013-09-04,0.5731630516724917,0.42683694832750835,0.0,0.0
2013-09-05,0.5722010684506533,0.4277989315493467,0.0,0.0
2013-09-06,0.5729736346040555,0.4270263653959446,0.0,0.0
2013-09-09,0.576287261694927,0.42371273830507294,0.0,0.0
2013-09-10,0.5806944255160705,0.4193055744839294,0.0,0.0
2013-09-11,0.5799634762684905,0.4200365237315094,0.0,0.0
2013-09-12,0.57806725146156,0.42193274853844,0.0,0.0
2013-09-13,0.580011054721867,0.41998894527813296,0.0,0.0
2013-09-16,0.5804470594236983,0.4195529405763017,0.0,0.0
2013-09-17,0.5741986842661714,0.4258013157338287,0.0,0.0
2013-09-18,0.5738015760870396,0.42619842391296037,0.0,0.0
2013-09-19,0.5880444385608053,0.4119555614391946,0.0,0.0
2013-09-20,0.5897317096701713,0.4102682903298287,0.0,0.0
2013-09-23,0.592602467561512,0.40739753243848786,0.0,0.0
2013-09-24,0.5902351776984699,0.4097648223015301,0.0,0.0
2013-09-25,0.5910752424049821,0.4089247575950179,0.0,0.0
2013-09-26,0.5899537822155811,0.4100462177844188,0.0,0.0
2013-09-27,0.588353239492775,0.4116467605072251,0.0,0.0
2013-09-30,0.5873190672600138,0.41268093273998613,0.0,0.0
2013-10-01,0.593506193929957,0.4064938060700431,0.0,0.0
2013-10-02,0.5915530301352547,0.40844696986474527,0.0,0.0
2013-10-03,0.5938532348009702,0.4061467651990299,0.0,0.0
2013-10-04,0.5898869058127373,0.41011309418726266,0.0,0.0
2013-10-07,0.5782055422704007,0.42179445772959917,0.0,0.0
2013-10-08,0.575623703314054,0.424376296685946,0.0,0.0
2013-10-09,0.5697849093728246,0.43021509062717533,0.0,0.0
2013-10-10,0.5708867769819579,0.4291132230180422,0.0,0.0
2013-10-11,0.5554080602950457,0.44459193970495425,0.0,0.0
2013-10-14,0.5544434670473086,0.4455565329526913,0.0,0.0
2013-10-15,0.5539328357974211,0.44606716420257897,0.0,0.0
2013-10-16,0.5517772617113006,0.4482227382886994,0.0,0.0
2013-10-17,0.5445681684108713,0.45543183158912864,0.0,0.0
2013-10-18,0.547987147658685,0.45201285234131494,0.0,0.0
2013-10-21,0.5470948908851974,0.4529051091148027,0.0,0.0
2013-10-22,0.21744508529834222,0.18129553022907305,0.6012593844725848,0.0
2013-10-23,0.21877071875093587,0.1840303254248221,0.5971989558242421,0.0
2013-10-24,0.21847878733187567,0.18187953065796086,0.5996416820101635,0.0
2013-10-25,0.2184151399820168,0.18143574820207753,0.6001491118159057,0.0
2013-10-28,0.21463232290994388,0.17775083008740616,0.60761684700265,0.0
2013-10-29,0.21269907970915392,0.17698022792961438,0.6103206923612317,0.0
2013-10-30,0.21229403519839574,0.17743918540299655,0.6102667793986077,0.0
2013-10-31,0.21316837652908296,0.17752118700028102,0.609310436470636,0.0
2013-11-01,0.5462227973367355,0.4537772026632645,0.0,0.0
2013-11-04,0.5456974185266166,0.45430258147338326,0.0,0.0
2013-11-05,0.5464015818038055,0.4535984181961946,0.0,0.0
2013-11-06,0.5483201035426295,0.45167989645737044,0.0,0.0
2013-11-07,0.5485992166844169,0.45140078331558303,0.0,0.0
2013-11-08,0.5504185597858803,0.44958144021411967,0.0,0.0
2013-11-11,0.5514781694001344,0.44852183059986556,0.0,0.0
2013-11-12,0.5523342985574012,0.4476657014425988,0.0,0.0
2013-11-13,0.5530710971620879,0.44692890283791203,0.0,0.0
2013-11-14,0.5516183196199137,0.44838168038008636,0.0,0.0
2013-11-15,0.5489064854615404,0.4510935145384595,0.0,0.0
2013-11-18,0.21341678647824044,0.17433775551532915,0.6122454580064304,0.0
2013-11-19,0.5478708214602277,0.4521291785397724,0.0,0.0
2013-11-20,0.5466451061850689,0.4533548938149311,0.0,0.0
2013-11-21,0.5517186460126627,0.44828135398733737,0.0,0.0
2013-11-22,0.5503067702421328,0.4496932297578672,0.0,0.0
2013-11-25,0.5494422126477181,0.45055778735228186,0.0,0.0
2013-11-26,0.5442168016416469,0.4557831983583532,0.0,0.0
2013-11-27,0.5331939643305418,0.46680603566945816,0.0,0.0
2013-11-29,0.5332554179770798,0.4667445820229203,0.0,0.0
2013-12-02,0.5328162887794952,0.4671837112205049,0.0,0.0
2013-12-03,0.5343426882106685,0.46565731178933156,0.0,0.0
2013-12-04,0.5323670860066665,0.4676329139933334,0.0,0.0
2013-12-05,0.531303396856029,0.46869660314397105,0.0,0.0
2013-12-06,0.5311855492113222,0.4688144507886778,0.0,0.0
2013-12-09,0.5306860583176912,0.46931394168230867,0.0,0.0
2013-12-10,0.5301236562013752,0.4698763437986248,0.0,0.0
2013-12-11,0.5281998578146968,0.47180014218530325,0.0,0.0
2013-12-12,0.5253083777191704,0.47469162228082973,0.0,0.0
2013-12-13,0.5017920614332496,0.49820793856675033,0.0,0.0
2013-12-16,0.501003114932524,0.49899688506747597,0.0,0.0
2013-12-17,0.5024469700710733,0.4975530299289266,0.0,0.0
2013-12-18,0.5040823796713993,0.4959176203286007,0.0,0.0
2013-12-19,0.503399881719513,0.496600118280487,0.0,0.0
2013-12-20,0.5038903061072991,0.49610969389270104,0.0,0.0
2013-12-23,0.5038654312510008,0.4961345687489992,0.0,0.0
2013-12-24,0.5083071664283738,0.4916928335716262,0.0,0.0
2013-12-26,0.5078696731418229,0.49213032685817726,0.0,0.0
2013-12-27,0.5092637979433838,0.4907362020566161,0.0,0.0
2013-12-30,0.5102301686225893,0.48976983137741065,0.0,0.0
2013-12-31,0.5138008697448141,0.4861991302551859,0.0,0.0
2014-01-02,0.5153429948627299,0.48465700513727,0.0,0.0
2014-01-03,0.5238068580249486,0.4761931419750514,0.0,0.0
2014-01-06,0.5296422702542659,0.4703577297457341,0.0,0.0
2014-01-07,0.5282815507369103,0.4717184492630898,0.0,0.0
2014-01-08,0.5381343129027444,0.4618656870972556,0.0,0.0
2014-01-09,0.5386964276057814,0.46130357239421865,0.0,0.0
2014-01-10,0.2047858258975965,0.17526839137110087,0.6199457827313026,0.0
2014-01-13,0.21527041554122528,0.17930723961248032,0.6054223448462944,0.0
2014-01-14,0.20855661356647026,0.17468397615999887,0.6167594102735309,0.0
2014-01-15,0.20357865574630557,0.17687767521382955,0.6195436690398649,0.0
2014-01-16,0.20339360264122092,0.17665348298301461,0.6199529143757644,0.0
2014-01-17,0.20456324637117773,0.17789275548064076,0.6175439981481815,0.0
2014-01-21,0.20018807367399127,0.17710010573577947,0.6227118205902293,0.0
2014-01-22,0.20084141861208116,0.17922970854859482,0.6199288728393241,0.0
2014-01-23,0.20204865393518842,0.18168027137266063,0.6162710746921509,0.0
2014-01-24,0.20157085699145405,0.18292158689712,0.615507556111426,0.0
2014-01-27,0.19060497409029015,0.16829850096688265,0.6410965249428272,0.0
2014-01-28,0.19150623693424282,0.16878918237349916,0.6397045806922581,0.0
2014-01-29,0.1915094120523624,0.16719569963526848,0.6412948883123691,0.0
2014-01-30,0.19155379641485834,0.16781498346193222,0.6406312201232094,0.0
2014-01-31,0.1869322870979158,0.16681281910872095,0.6462548937933632,0.0
2014-02-03,0.18785088982020956,0.16246896018455734,0.6496801499952332,0.0
2014-02-04,0.17658341519842868,0.1590881483489972,0.6643284364525742,0.0
2014-02-05,0.17755098198245547,0.159322105925441,0.6631269120921036,0.0
2014-02-06,0.18210363488294576,0.16410629963197185,0.6537900654850823,0.0
2014-02-07,0.17227294205059568,0.1495440355838364,0.6781830223655678,0.0
2014-02-10,0.16977620316016265,0.14790854319552674,0.6823152536443106,0.0
2014-02-11,0.16989481769570905,0.14792729454815232,0.6821778877561386,0.0
2014-02-12,0.1691733529408794,0.14454043040238412,0.6862862166567365,0.0
2014-02-13,0.16806982076980914,0.14340159400455402,0.6885285852256368,0.0
2014-02-14,0.15133505350136525,0.13004833368100308,0.6144078402754843,0.10420877254214726
2014-02-18,0.15042468677927565,0.1292775728438763,0.616739347783213,0.103558392593635
2014-02-19,0.16572266625435636,0.14132803496901092,0.6929492987766328,0.0
2014-02-20,0.14545452769220107,0.12481789699456945,0.625488115490167,0.10423945982306244
2014-02-21,0.14601099250397387,0.12510869722070922,0.6253714665262778,0.10350884374903914
2014-02-24,0.1461143389176039,0.1249011651563617,0.62569102109574,0.10329347483029434
2014-02-25,0.1460946599359034,0.12457952326183563,0.6263541846864312,0.1029716321158298
2014-02-26,0.14764764916095677,0.1258021779554181,0.6221315697552566,0.10441860312836848
2014-02-27,0.1487277013702905,0.12649012464929849,0.6202748764025555,0.10450729757785544
2014-02-28,0.1483795843635482,0.12650941006904828,0.6198328539491057,0.10527815161829772
2014-03-03,0.1435199116433798,0.12308528790240474,0.6257316044232223,0.10766319603099318
2014-03-04,0.14527634379198628,0.11980540400341466,0.6287056266844742,0.106212625520125
2014-03-05,0.14443049072596104,0.11826408141915995,0.6284974579188172,0.10880796993606189
2014-03-06,0.14304760763483107,0.11711300789809155,0.6304344558159521,0.10940492865112524
2014-03-07,0.14609144555194029,0.1182670163046321,0.6262515710572875,0.10938996708614014
2014-03-10,0.14825289307468031,0.11954817607332598,0.6214666741623345,0.11073225668965915
2014-03-11,0.147809667866904,0.11840013819958399,0.6211417533661368,0.1126484405673752
2014-03-12,0.14905666336420345,0.11780042183500511,0.6208738671687279,0.1122690476320634
2014-03-13,0.1490279014233185,0.11796692957823003,0.617463756037892,0.11554141296055946
2014-03-14,0.14804564171003398,0.1156929894810727,0.618343342028339,0.11791802678055437
2014-03-17,0.1484576893767631,0.1161099066605798,0.6177761205548051,0.11765628340785188
2014-03-18,0.14740069560913696,0.11492179501543612,0.62049902395692,0.11717848541850696
2014-03-19,0.15152067954932064,0.11621896501404602,0.6156625462120683,0.11659780922456518
2014-03-20,0.15502884750607338,0.11779834938485342,0.6049211138616574,0.12225168924741589
2014-03-21,0.15461818054790255,0.11764678037231285,0.6051935691738536,0.12254146990593108
2014-03-24,0.15472107226650794,0.11875085722070851,0.6038013339960905,0.12272673651669308
2014-03-25,0.15477237913444086,0.11907446228772837,0.6073034959455471,0.11884966263228368
2014-03-26,0.1761902644766995,0.13439256198664462,0.6894171735366558,0.0
2014-03-27,0.17723544615199463,0.13668541269919762,0.6860791411488077,0.0
2014-03-28,0.177077777804385,0.136579031148138,0.6863431910474769,0.0
2014-03-31,0.1775857409771041,0.1364750692789833,0.6859391897439127,0.0
2014-04-01,0.1776944911317888,0.13959265445149055,0.6827128544167207,0.0
2014-04-02,0.17783758431269003,0.14002485966294995,0.68213755602436,0.0
2014-04-03,0.17861038614327993,0.14053380941735552,0.6808558044393644,0.0
2014-04-04,0.1567476474910062,0.12301770780017718,0.5947809142741708,0.12545373043464578
2014-04-07,0.17536116949076258,0.14063838216402974,0.6840004483452077,0.0
2014-04-08,0.1512988906395681,0.12332312114357975,0.6009372929079196,0.12444069530893254
2014-04-09,0.14606417027702798,0.12013372197197468,0.6119618588144339,0.12184024893656359
2014-04-10,0.1474786932866474,0.1190265835785546,0.6115259306298398,0.1219687925049582
2014-04-11,0.142113828447066,0.117411569360546,0.6162012527503982,0.1242733494419898
2014-04-14,0.14112154831212878,0.1171827721489581,0.6173995616426277,0.12429611789628552
2014-04-15,0.13936921186581808,0.11630916665501256,0.6210507458477146,0.12327087563145465
2014-04-16,0.1394486692310958,0.11670411513600443,0.6236259976011466,0.12022121803175316
2014-04-17,0.1571205848848938,0.13160688610615612,0.7112725290089501,0.0
2014-04-21,0.15894673011675062,0.13285354372718444,0.708199726156065,0.0
2014-04-22,0.1583896483988975,0.13186417563105704,0.7097461759700455,0.0
2014-04-23,0.1643233563093454,0.13805212072272108,0.6976245229679335,0.0
2014-04-24,0.16328609220278778,0.13698864605579283,0.6997252617414195,0.0
2014-04-25,0.16313126659849986,0.13724418702134286,0.6996245463801573,0.0
2014-04-28,0.1610407143351205,0.136513223906975,0.7024460617579046,0.0
2014-04-29,0.1630212316604414,0.13656383413535295,0.7004149342042056,0.0
2014-04-30,0.16206322281538305,0.13948113424797629,0.6984556429366406,0.0
2014-05-01,0.17129025827849223,0.14205967661213617,0.6866500651093715,0.0
2014-05-02,0.17009827987306783,0.14206759647697495,0.6878341236499573,0.0
2014-05-05,0.14769132387344172,0.12323915150200689,0.6092109078833129,0.11985861674123843
2014-05-06,0.15059346767388015,0.1267515471974128,0.60476861717427,0.11788636795443702
2014-05-07,0.17075131850415404,0.14545403283108027,0.6837946486647658,0.0
2014-05-08,0.16977720371041535,0.14570899388571876,0.684513802403866,0.0
2014-05-09,0.17006640066214712,0.14797556801741893,0.681958031320434,0.0
2014-05-12,0.16916036719343636,0.14713981178580962,0.6836998210207541,0.0
2014-05-13,0.16659372387695362,0.1460531423829558,0.6873531337400905,0.0
2014-05-14,0.14830433457743122,0.12959359294358613,0.6050128601061774,0.11708921237280523
2014-05-15,0.16941735958177317,0.15024096024103104,0.6803416801771958,0.0
2014-05-16,0.1691006156477684,0.15167376129720223,0.6792256230550294,0.0
2014-05-19,0.170096544122914,0.1520969369680267,0.6778065189090593,0.0
2014-05-20,0.16993477518994285,0.15208978360614467,0.6779754412039124,0.0
2014-05-21,0.1687410732712363,0.15226769662040857,0.6789912301083552,0.0
2014-05-22,0.16530410053893768,0.14979629828872656,0.6848996011723357,0.0
2014-05-23,0.16403777781969275,0.1490525342681452,0.6869096879121621,0.0
2014-05-27,0.16428333577194504,0.14908541063629008,0.6866312535917648,0.0
2014-05-28,0.16366039758827639,0.14829070881942832,0.6880488935922953,0.0
2014-05-29,0.16349099680339854,0.15823582903233524,0.6782731741642661,0.0
2014-05-30,0.16032335954353993,0.16044063577423776,0.6792360046822223,0.0
2014-06-02,0.16040513276952817,0.1606180124886791,0.6789768547417928,0.0
2014-06-03,0.16185222106350858,0.1652937081155287,0.6728540708209627,0.0
2014-06-04,0.16137523476111904,0.1657727454100128,0.6728520198288682,0.0
2014-06-05,0.1612202027124407,0.16726871167520554,0.6715110856123537,0.0
2014-06-06,0.1612776388133194,0.1683453819469093,0.6703769792397714,0.0
2014-06-09,0.15967047175950833,0.16721335173292698,0.6731161765075647,0.0
2014-06-10,0.15957245284274482,0.1780825910979854,0.6623449560592698,0.0
2014-06-11,0.16091038497414034,0.1790368191758847,0.660052795849975,0.0
2014-06-12,0.16138391265918361,0.18254260004636655,0.6560734872944499,0.0
2014-06-13,0.16130300648929355,0.1847445817651194,0.653952411745587,0.0
2014-06-16,0.15172527943435637,0.18195193312270366,0.66632278744294,0.0
2014-06-17,0.15211976585820022,0.1827219111658986,0.6651583229759012,0.0
2014-06-18,0.15396633829638226,0.18461238645325181,0.6614212752503659,0.0
2014-06-19,0.13618802470356103,0.16113520389877906,0.5769360419456009,0.125740729452059
2014-06-20,0.1395352479411868,0.16866512661748487,0.5859402673766099,0.10585935806471841
2014-06-23,0.13920940944394733,0.16537936867084352,0.5906796354073117,0.1047315864778975
2014-06-24,0.1397161283965702,0.16574466398257964,0.5890693802669568,0.10546982735389344
2014-06-25,0.13857360552105719,0.16534443624153264,0.5906440178385727,0.10543794039883767
2014-06-26,0.1398413414795173,0.1662795773311198,0.5875496706616854,0.10632941052767733
2014-06-27,0.14020683588859592,0.16732851194361084,0.5866855264885789,0.10577912567921438
2014-06-30,0.1388377194156581,0.16558295668429895,0.5902480327856516,0.10533129111439139
2014-07-01,0.13899110735358539,0.16631063292249834,0.5906860183782585,0.10401224134565767
2014-07-02,0.14079058325804714,0.1604416659408464,0.5944667977633695,0.10430095303773701
2014-07-03,0.14998508465133722,0.16600418595394084,0.5767406694164805,0.10727005997824142
2014-07-07,0.14952800676078812,0.1658058074759614,0.5765835975392977,0.10808258822395282
2014-07-08,0.15149286081890986,0.1687712032130214,0.5724142385984906,0.10732169736957824
2014-07-09,0.1680193926975122,0.1760797271718401,0.5523894402479992,0.10351143988264855
2014-07-10,0.1730602128421797,0.17748087890758202,0.5474533840620694,0.10200552418816881
2014-07-11,0.17530243532856554,0.17045997357172052,0.5511876746759531,0.10304991642376077
2014-07-14,0.17657166879153047,0.17096928193013064,0.544434606557396,0.108024442720943
2014-07-15,0.18206313099622695,0.17739865691331236,0.5415604394996596,0.09897777259080094
2014-07-16,0.17745911128674458,0.17454935311793496,0.551796589245364,0.09619494634995651
2014-07-17,0.17792114427348724,0.17269117578036675,0.5528256698752159,0.09656201007093015
2014-07-18,0.1748039353875816,0.168760693739254,0.559151119718251,0.09728425115491328
2014-07-21,0.1716195473270312,0.16771667567310664,0.5629777136665094,0.09768606333335278
2014-07-22,0.17116571229788444,0.16670221389362466,0.564011705823086,0.09812036798540477
2014-07-23,0.17592599973489298,0.16722274912492793,0.5586071788266675,0.09824407231351154
2014-07-24,0.17568600432741927,0.16705672633035634,0.5590301300361407,0.09822713930608372
2014-07-25,0.1805508753016123,0.17294298191355448,0.5473298142491488,0.0991763285356844
2014-07-28,0.1790643577553911,0.17297875996196105,0.5497397652542556,0.0982171170283923
2014-07-29,0.1784026530139857,0.17270719073647745,0.5509388827511896,0.09795127349834717
2014-07-30,0.1768568528316298,0.17255083865088483,0.5515777183935183,0.09901459012396722
2014-07-31,0.2023201475756141,0.19719270599048783,0.6004871464338981,0.0
2014-08-01,0.16853242603102475,0.16770381303028742,0.5584803307728529,0.10528343016583491
2014-08-04,0.19476336127790292,0.19023584326492418,0.6150007954571729,0.0
2014-08-05,0.19294147768397257,0.18962017913043971,0.6174383431855878,0.0
2014-08-06,0.20111633189312392,0.0,0.6661808943429517,0.1327027737639244
2014-08-07,0.20543956768513297,0.0,0.6651262954712671,0.1294341368435999
2014-08-08,0.20428564008617997,0.0,0.6658808411448893,0.12983351876893062
2014-08-11,0.16485677281816694,0.15969125455545016,0.5663669738657786,0.1090849987606044
2014-08-12,0.19793487878665367,0.0,0.6730728369146289,0.12899228429871745
2014-08-13,0.1664698370754249,0.1575100135173835,0.5675888474169487,0.10843130199024285
2014-08-14,0.16657854383399417,0.15762001679797552,0.5664100142101597,0.10939142515787063
2014-08-15,0.16789615982340025,0.15768987875228274,0.5652281189675463,0.10918584245677082
2014-08-18,0.17157272218403882,0.16093408769482154,0.5583935211770101,0.10909966894412948
2014-08-19,0.17098684934087383,0.16130217125049345,0.5573242801318843,0.11038669927674835
2014-08-20,0.17107267664279124,0.16187709287403831,0.5563515890294473,0.11069864145372317
2014-08-21,0.1934432268512924,0.1838270585233148,0.6227297146253927,0.0
2014-08-22,0.1917799910421992,0.18191813124131959,0.6263018777164813,0.0
2014-08-25,0.1921531160110595,0.18239705684427837,0.6254498271446621,0.0
2014-08-26,0.19167009859628997,0.180741353772604,0.627588547631106,0.0
2014-08-27,0.1876825877906996,0.1771997968980962,0.6351176153112043,0.0
2014-08-28,0.16430200972254907,0.1551346920481439,0.5693660066457743,0.11119729158353268
2014-08-29,0.16540924382217198,0.1554135348708247,0.5675070798298687,0.11167014147713461
2014-09-02,0.18678797047303147,0.176368910117439,0.6368431194095295,0.0
2014-09-03,0.19138375967201912,0.1811991998934394,0.6274170404345415,0.0
2014-09-04,0.19167473762135306,0.17889139832738582,0.6294338640512611,0.0
2014-09-05,0.19140784770222877,0.1780559184277373,0.630536233870034,0.0
2014-09-08,0.19134844372285872,0.1790237736432871,0.6296277826338542,0.0
2014-09-09,0.19396790769267416,0.17386686112250652,0.6321652311848194,0.0
2014-09-10,0.19280963299670492,0.1749189964055453,0.6322713705977498,0.0
2014-09-11,0.1933566531396252,0.17431358246271503,0.6323297643976599,0.0
2014-09-12,0.1927596311869743,0.17240470873543184,0.634835660077594,0.0
2014-09-15,0.19154156829455335,0.17448613992527576,0.6339722917801709,0.0
2014-09-16,0.19027654964822563,0.174937046218876,0.6347864041328983,0.0
2014-09-17,0.22626006493013281,0.0,0.7737399350698673,0.0
2014-09-18,0.18747001951270822,0.17225103718363788,0.6402789433036539,0.0
2014-09-19,0.18742148027353336,0.1695652387848011,0.6430132809416655,0.0
2014-09-22,0.22693695718823534,0.0,0.7730630428117646,0.0
2014-09-23,0.22240924432577996,0.0,0.7775907556742201,0.0
2014-09-24,0.22119914322465822,0.0,0.7788008567753417,0.0
2014-09-25,0.21877635700671952,0.0,0.7812236429932805,0.0
2014-09-26,0.209972971423955,0.0,0.790027028576045,0.0
2014-09-29,0.199939652150346,0.0,0.8000603478496541,0.0
2014-09-30,0.20090338784555486,0.0,0.7990966121544452,0.0
2014-10-01,0.20147231032444465,0.0,0.7985276896755553,0.0
2014-10-02,0.2108283547394495,0.0,0.7891716452605505,0.0
2014-10-03,0.21313827570068322,0.0,0.7868617242993167,0.0
2014-10-06,0.2093149241625735,0.0,0.7906850758374265,0.0
2014-10-07,0.20883243288013018,0.0,0.7911675671198698,0.0
2014-10-08,0.2078582150092385,0.0,0.7921417849907616,0.0
2014-10-09,0.2004680571759851,0.0,0.799531942824015,0.0
2014-10-10,0.1926807954181452,0.0,0.8073192045818548,0.0
2014-10-13,0.0,0.0,1.0,0.0
2014-10-14,0.0,0.0,1.0,0.0
2014-10-15,0.0,0.0,1.0,0.0
2014-10-16,0.0,0.0,1.0,0.0
2014-10-17,0.0,0.0,1.0,0.0
2014-10-20,0.18370374293750072,0.0,0.8162962570624993,0.0
2014-10-21,0.18097191156919246,0.0,0.8190280884308075,0.0
2014-10-22,0.1736697402786378,0.0,0.8263302597213622,0.0
2014-10-23,0.1731513702170144,0.0,0.8268486297829856,0.0
2014-10-24,0.16753438774727505,0.0,0.832465612252725,0.0
2014-10-27,0.17254992458767207,0.0,0.827450075412328,0.0
2014-10-28,0.1672679002444297,0.0,0.8327320997555704,0.0
2014-10-29,0.16722756344242984,0.0,0.83277243655757,0.0
2014-10-30,0.17157603092245416,0.0,0.8284239690775458,0.0
2014-10-31,0.17187243491257587,0.0,0.8281275650874241,0.0
2014-11-03,0.16924203472045227,0.0,0.8307579652795478,0.0
2014-11-04,0.17315717890549498,0.0,0.826842821094505,0.0
2014-11-05,0.17289988261272946,0.0,0.8271001173872706,0.0
2014-11-06,0.17227850273767684,0.0,0.8277214972623231,0.0
2014-11-07,0.1726789386367119,0.0,0.8273210613632881,0.0
2014-11-10,0.17745099025101843,0.0,0.8225490097489815,0.0
2014-11-11,0.17753619821977973,0.0,0.8224638017802203,0.0
2014-11-12,0.17675750164018653,0.0,0.8232424983598136,0.0
2014-11-13,0.17618466449683692,0.0,0.823815335503163,0.0
2014-11-14,0.17565897638758957,0.0,0.8243410236124105,0.0
2014-11-17,0.17491703352529622,0.0,0.8250829664747038,0.0
2014-11-18,0.17570457768311204,0.0,0.824295422316888,0.0
2014-11-19,0.17562764650329435,0.0,0.8243723534967057,0.0
2014-11-20,0.17813982076539703,0.0,0.821860179234603,0.0
2014-11-21,0.17880894007171919,0.0,0.8211910599282808,0.0
2014-11-24,0.1773372610002221,0.0,0.8226627389997778,0.0
2014-11-25,0.17729344176015577,0.0,0.8227065582398442,0.0
2014-11-26,0.17476163149084012,0.0,0.82523836850916,0.0
2014-11-28,0.17452919637373834,0.0,0.8254708036262617,0.0
2014-12-01,0.1770920479372131,0.0,0.822907952062787,0.0
2014-12-02,0.1785896749348046,0.0,0.8214103250651954,0.0
2014-12-03,0.17949416449685623,0.0,0.8205058355031437,0.0
2014-12-04,0.17977186325340092,0.0,0.8202281367465991,0.0
2014-12-05,0.18194505609301437,0.0,0.8180549439069857,0.0
2014-12-08,0.18927721038714931,0.0,0.8107227896128507,0.0
2014-12-09,0.18891190441648004,0.0,0.81108809558352,0.0
2014-12-10,0.18940289174564295,0.0,0.810597108254357,0.0
2014-12-11,0.1856241224794115,0.0,0.8143758775205885,0.0
2014-12-12,0.18462576717917914,0.0,0.8153742328208209,0.0
2014-12-15,0.1829666262832274,0.0,0.8170333737167726,0.0
2014-12-16,0.18490703534928102,0.0,0.8150929646507189,0.0
2014-12-17,0.18596362858784365,0.0,0.8140363714121562,0.0
2014-12-18,0.18091989736526845,0.0,0.8190801026347316,0.0
2014-12-19,0.17538422591505973,0.0,0.8246157740849404,0.0
2014-12-22,0.17910656493647178,0.0,0.8208934350635282,0.0
2014-12-23,0.1800850857112948,0.0,0.8199149142887052,0.0
2014-12-24,0.18728038287021712,0.0,0.8127196171297829,0.0
2014-12-26,0.18746412469719725,0.0,0.8125358753028028,0.0
2014-12-29,0.18184659367476722,0.0,0.8181534063252328,0.0
2014-12-30,0.18194998055689424,0.0,0.8180500194431057,0.0
2014-12-31,0.18290539726578023,0.0,0.8170946027342197,0.0
2015-01-02,0.1809194013254967,0.0,0.8190805986745033,0.0
2015-01-05,0.18322713325653794,0.0,0.8167728667434621,0.0
2015-01-06,0.18087146142378782,0.0,0.8191285385762122,0.0
2015-01-07,0.1864380237293786,0.0,0.8135619762706214,0.0
2015-01-08,0.18679296986121782,0.0,0.8132070301387821,0.0
2015-01-09,0.18632546500717848,0.0,0.8136745349928216,0.0
2015-01-12,0.18489351645376853,0.0,0.8151064835462315,0.0
2015-01-13,0.18377350629126415,0.0,0.8162264937087359,0.0
2015-01-14,0.18318806159492493,0.0,0.816811938405075,0.0
2015-01-15,0.16519662137695595,0.0,0.7278147937999844,0.10698858482305953
2015-01-16,0.1700155452285976,0.0,0.7226109116086223,0.10737354316278007
2015-01-20,0.17792148757535114,0.0,0.7133770466341328,0.10870146579051602
2015-01-21,0.1795168516685058,0.0,0.7123281412101038,0.10815500712139048
2015-01-22,0.18064380632962498,0.0,0.7116013442298698,0.10775484944050528
2015-01-23,0.178048629372466,0.0,0.7139130984750627,0.10803827215247128
2015-01-26,0.17868111939668815,0.0,0.7127584339971459,0.10856044660616593
2015-01-27,0.18011637066026132,0.0,0.7125647261179084,0.10731890322183027
2015-01-28,0.17514038825862396,0.0,0.7174377387653835,0.10742187297599239
2015-01-29,0.17596614841100647,0.0,0.714037460734017,0.1099963908549766
2015-01-30,0.17704451305372856,0.0,0.7127744873563399,0.11018099958993159
2015-02-02,0.1756837109722621,0.0,0.7149153894210536,0.10940089960668431
2015-02-03,0.17351884697891803,0.0,0.7171866141475671,0.10929453887351473
2015-02-04,0.1748275357646197,0.0,0.7111163218999301,0.11405614233545032
2015-02-05,0.17397013207035564,0.0,0.7125316624663898,0.11349820546325452
2015-02-06,0.19396067533926045,0.0,0.8060393246607396,0.0
2015-02-09,0.20239191461818987,0.0,0.7976080853818102,0.0
2015-02-10,0.2020948673265172,0.0,0.7979051326734827,0.0
2015-02-11,0.2008225495568521,0.0,0.7991774504431478,0.0
2015-02-12,0.20097373933263576,0.0,0.7990262606673643,0.0
2015-02-13,0.19950070836658945,0.0,0.8004992916334105,0.0
2015-02-17,0.19928653697579415,0.0,0.8007134630242059,0.0
2015-02-18,0.1709735895023017,0.16319726944210014,0.6658291410555982,0.0
2015-02-19,0.17104903695091503,0.1628885694237281,0.6660623936253569,0.0
2015-02-20,0.17072167693322396,0.16318880787422543,0.6660895151925506,0.0
2015-02-23,0.170493654553219,0.16292520602042737,0.6665811394263537,0.0
2015-02-24,0.17096392832608742,0.16348250552802274,0.6655535661458898,0.0
2015-02-25,0.17332462242998692,0.16532784526941516,0.6613475323005978,0.0
2015-02-26,0.1733144169614826,0.1654567429215844,0.6612288401169331,0.0
2015-02-27,0.1742888522289769,0.16728146265682028,0.6584296851142029,0.0
2015-03-02,0.1747522003430839,0.1670732249623127,0.6581745746946034,0.0
2015-03-03,0.17853291842217758,0.170725533331288,0.6507415482465344,0.0
2015-03-04,0.17865528858002772,0.17035981826776952,0.6509848931522028,0.0
2015-03-05,0.1771391616930441,0.1691449319131351,0.6537159063938208,0.0
2015-03-06,0.2085130849670275,0.0,0.7914869150329724,0.0
2015-03-09,0.21498980902315218,0.0,0.7850101909768479,0.0
2015-03-10,0.21562064611192663,0.0,0.7843793538880734,0.0
2015-03-11,0.21605902824733955,0.0,0.7839409717526604,0.0
2015-03-12,0.21704738512664967,0.0,0.7829526148733504,0.0
2015-03-13,0.21718720621554688,0.0,0.782812793784453,0.0
2015-03-16,0.2164841453196932,0.0,0.7835158546803068,0.0
2015-03-17,0.21487997087134547,0.0,0.7851200291286545,0.0
2015-03-18,0.1823811503469309,0.17249205276744126,0.6451267968856278,0.0
2015-03-19,0.1970869703654991,0.17495615247982646,0.6279568771546745,0.0
2015-03-20,0.1992231328266403,0.17451392617128653,0.6262629410020732,0.0
2015-03-23,0.20042940822134003,0.17011486564559972,0.6294557261330602,0.0
2015-03-24,0.19678011627443973,0.1671370319734772,0.636082851752083,0.0
2015-03-25,0.19690180245357747,0.1679288968842653,0.6351693006621574,0.0
2015-03-26,0.19405589992685304,0.16896967086544382,0.6369744292077031,0.0
2015-03-27,0.19574714069321325,0.17012703224219464,0.6341258270645922,0.0
2015-03-30,0.19594902903439723,0.17134353662338078,0.6327074343422221,0.0
2015-03-31,0.19504251758556013,0.1721613435485642,0.6327961388658757,0.0
2015-04-01,0.1937102565415824,0.16896391757972193,0.6373258258786958,0.0
2015-04-02,0.19845809285344465,0.17558923615129032,0.625952670995265,0.0
2015-04-06,0.19930216333963682,0.17643252243909918,0.624265314221264,0.0
2015-04-07,0.20123242286254112,0.17624295149730881,0.6225246256401501,0.0
2015-04-08,0.20631121961476345,0.17632447833439116,0.6173643020508454,0.0
2015-04-09,0.206718546702299,0.17588477388011706,0.6173966794175839,0.0
2015-04-10,0.20883415015147638,0.17668795131448725,0.6144778985340363,0.0
2015-04-13,0.20855908483297525,0.17688714277536116,0.6145537723916636,0.0
2015-04-14,0.20844722462683105,0.17561245595615843,0.6159403194170104,0.0
2015-04-15,0.20771847858765866,0.1724560349444929,0.6198254864678483,0.0
2015-04-16,0.20826998792317947,0.17160190047781543,0.620128111599005,0.0
2015-04-17,0.20791244964192415,0.17133012844676856,0.6207574219113073,0.0
2015-04-20,0.20496646906719507,0.16946878246582858,0.6255647484669764,0.0
2015-04-21,0.2080567203492742,0.16893676250215764,0.6230065171485683,0.0
2015-04-22,0.2080931775169253,0.16802007630800608,0.6238867461750686,0.0
2015-04-23,0.2086497983247154,0.1713594842496612,0.6199907174256235,0.0
2015-04-24,0.21365217807719206,0.17052393193192666,0.6158238899908812,0.0
2015-04-27,0.21518281228493877,0.1709651502186838,0.6138520374963774,0.0
2015-04-28,0.21576374540600388,0.17264324582207635,0.6115930087719198,0.0
2015-04-29,0.2199189796922407,0.17643467436679472,0.6036463459409647,0.0
2015-04-30,0.22393633213349395,0.17641234025824268,0.5996513276082632,0.0
2015-05-01,0.22365127544505253,0.1752337014572746,0.6011150230976728,0.0
2015-05-04,0.22176242673056465,0.17634174560527802,0.6018958276641573,0.0
2015-05-05,0.22367356277848124,0.17826772415584674,0.5980587130656719,0.0
2015-05-06,0.21398791202985323,0.17322953931326343,0.6127825486568834,0.0
2015-05-07,0.21596997374207766,0.17538431060075668,0.6086457156571655,0.0
2015-05-08,0.21965649294327064,0.17637928788878177,0.6039642191679476,0.0
2015-05-11,0.2184961282591097,0.17188661582937,0.6096172559115203,0.0
2015-05-12,0.22667506696667097,0.17855524484059537,0.5947696881927336,0.0
2015-05-13,0.22652011612918527,0.1788556148150797,0.594624269055735,0.0
2015-05-14,0.22406028078333914,0.17604804759266654,0.5998916716239944,0.0
2015-05-15,0.18735938590801052,0.14837337496870062,0.5145961479951802,0.14967109112810884
2015-05-18,0.18941388184954078,0.14999218758053132,0.5091970940762334,0.15139683649369445
2015-05-19,0.2261106401105391,0.17928826907156462,0.5946010908178962,0.0
2015-05-20,0.22739405479125255,0.18026266677514816,0.5923432784335992,0.0
2015-05-21,0.22456401622929636,0.17837058857808702,0.5970653951926166,0.0
2015-05-22,0.22605607609625183,0.17935054871881076,0.5945933751849374,0.0
2015-05-26,0.22425104313657346,0.17730514597494057,0.5984438108884859,0.0
2015-05-27,0.22246747781811918,0.17278539875873933,0.6047471234231415,0.0
2015-05-28,0.21721417584724498,0.16867471109432536,0.6141111130584297,0.0
2015-05-29,0.21726557822361797,0.16892281526161543,0.6138116065147665,0.0
2015-06-01,0.21694085067444088,0.1678658217396979,0.6151933275858612,0.0
2015-06-02,0.21819873995481415,0.16879117990222564,0.6130100801429602,0.0
2015-06-03,0.5677666462071941,0.4322333537928059,0.0,0.0
2015-06-04,0.5686919536106332,0.43130804638936676,0.0,0.0
2015-06-05,0.5677919398076106,0.43220806019238944,0.0,0.0
2015-06-08,0.5722064440381078,0.42779355596189217,0.0,0.0
2015-06-09,0.5739003667976887,0.4260996332023113,0.0,0.0
2015-06-10,0.5757663773730137,0.4242336226269864,0.0,0.0
2015-06-11,0.5851998970577484,0.4148001029422516,0.0,0.0
2015-06-12,0.5851494594911035,0.4148505405088965,0.0,0.0
2015-06-15,0.5797431524875116,0.4202568475124883,0.0,0.0
2015-06-16,0.5770174706980322,0.42298252930196784,0.0,0.0
2015-06-17,0.5655190147688784,0.43448098523112155,0.0,0.0
2015-06-18,0.5649692964549703,0.43503070354502965,0.0,0.0
2015-06-19,0.5636603789014263,0.43633962109857366,0.0,0.0
2015-06-22,0.5740287410517311,0.425971258948269,0.0,0.0
2015-06-23,0.5810942364909245,0.41890576350907544,0.0,0.0
2015-06-24,0.5812553951329404,0.4187446048670596,0.0,0.0
2015-06-25,0.5880609857557659,0.41193901424423396,0.0,0.0
2015-06-26,0.5847208723410615,0.4152791276589385,0.0,0.0
2015-06-29,0.5843872156502973,0.4156127843497027,0.0,0.0
2015-06-30,0.5849970073693969,0.41500299263060325,0.0,0.0
2015-07-01,0.5846819568196507,0.41531804318034926,0.0,0.0
2015-07-02,0.5829751756386464,0.4170248243613535,0.0,0.0
2015-07-06,1.0,0.0,0.0,0.0
2015-07-07,1.0,0.0,0.0,0.0
2015-07-08,0.2881273276629732,0.0,0.7118726723370269,0.0
2015-07-09,1.0,0.0,0.0,0.0
2015-07-10,0.5957250696314287,0.40427493036857126,0.0,0.0
2015-07-13,0.6097015835723012,0.3902984164276988,0.0,0.0
2015-07-14,0.6048469157066999,0.3951530842933001,0.0,0.0
2015-07-15,0.6082417333637611,0.3917582666362389,0.0,0.0
2015-07-16,0.6117661930286744,0.38823380697132565,0.0,0.0
2015-07-17,0.6092180538466868,0.3907819461533132,0.0,0.0
2015-07-20,0.610082840910157,0.38991715908984304,0.0,0.0
2015-07-21,0.6101722667858249,0.38982773321417497,0.0,0.0
2015-07-22,0.6091819342587507,0.39081806574124933,0.0,0.0
2015-07-23,0.6102634111700572,0.3897365888299428,0.0,0.0
2015-07-24,0.6093383005967061,0.3906616994032939,0.0,0.0
2015-07-27,0.6063678842918013,0.39363211570819867,0.0,0.0
2015-07-28,0.6081415836380081,0.3918584163619918,0.0,0.0
2015-07-29,0.6073952601936218,0.3926047398063782,0.0,0.0
2015-07-30,0.6060708240679663,0.39392917593203364,0.0,0.0
2015-07-31,0.2367289449995359,0.15267092474349248,0.6106001302569716,0.0
2015-08-03,0.23808875665194604,0.15278324054966358,0.6091280027983903,0.0
2015-08-04,0.6090950198020372,0.39090498019796277,0.0,0.0
2015-08-05,0.606499030019807,0.393500969980193,0.0,0.0
2015-08-06,0.6062732589342822,0.3937267410657178,0.0,0.0
2015-08-07,0.2329790925648505,0.15278735284697467,0.6142335545881747,0.0
2015-08-10,0.6026565586000563,0.3973434413999437,0.0,0.0
2015-08-11,0.23147896593322254,0.15396878313417547,0.614552250932602,0.0
2015-08-12,0.2283471852444353,0.15142944869177857,0.620223366063786,0.0
2015-08-13,0.6022956327232908,0.3977043672767092,0.0,0.0
2015-08-14,0.6020730104697904,0.3979269895302096,0.0,0.0
2015-08-17,0.22363283165814674,0.1482084143825993,0.6281587539592539,0.0
2015-08-18,0.5997608140964198,0.4002391859035802,0.0,0.0
2015-08-19,0.2604531018940418,0.0,0.7395468981059582,0.0
2015-08-20,0.0,0.0,1.0,0.0
2015-08-21,0.0,0.0,1.0,0.0
2015-08-24,0.0,0.0,1.0,0.0
2015-08-25,0.0,0.0,1.0,0.0
2015-08-26,0.0,0.0,0.0,0.0
2015-08-27,0.0,0.0,0.0,0.0
2015-08-28,0.0,0.0,0.0,0.0
2015-08-31,0.0,0.0,0.0,0.0
2015-09-01,0.0,0.0,1.0,0.0
2015-09-02,0.0,0.0,0.0,0.0
2015-09-03,0.0,0.0,1.0,0.0
2015-09-04,0.0,0.0,1.0,0.0
2015-09-08,0.0,0.0,0.0,0.0
2015-09-09,0.0,0.0,1.0,0.0
2015-09-10,0.0,0.0,0.0,0.0
2015-09-11,0.0,0.0,1.0,0.0
2015-09-14,0.0,0.0,1.0,0.0
2015-09-15,0.0,0.0,0.0,0.0
2015-09-16,0.0,0.0,0.0,0.0
2015-09-17,0.0,0.0,1.0,0.0
2015-09-18,0.0,0.0,1.0,0.0
2015-09-21,0.0,0.0,0.0,0.0
2015-09-22,0.0,0.0,1.0,0.0
2015-09-23,0.0,0.0,1.0,0.0
2015-09-24,0.0,0.0,1.0,0.0
2015-09-25,0.0,0.0,0.0,0.0
2015-09-28,0.0,0.0,1.0,0.0
2015-09-29,0.0,0.0,1.0,0.0
2015-09-30,0.0,0.0,1.0,0.0
2015-10-01,0.0,0.0,1.0,0.0
2015-10-02,0.0,0.0,1.0,0.0
2015-10-05,0.0,0.0,1.0,0.0
2015-10-06,0.0,0.0,1.0,0.0
2015-10-07,0.0,0.0,1.0,0.0
2015-10-08,0.0,0.0,1.0,0.0
2015-10-09,0.0,0.0,1.0,0.0
2015-10-12,0.0,0.0,1.0,0.0
2015-10-13,0.0,0.0,1.0,0.0
2015-10-14,0.0,0.0,0.7968268699682555,0.20317313003174461
2015-10-15,0.0,0.0,0.7985490302418597,0.2014509697581404
2015-10-16,0.0,0.0,1.0,0.0
2015-10-19,0.0,0.0,1.0,0.0
2015-10-20,0.0,0.0,1.0,0.0
2015-10-21,0.0,0.0,1.0,0.0
2015-10-22,0.13756277705510672,0.0,0.8624372229448933,0.0
2015-10-23,0.13603148420522745,0.0,0.8639685157947726,0.0
2015-10-26,0.13617868645335346,0.0,0.8638213135466466,0.0
2015-10-27,0.13317793320214388,0.0,0.8668220667978561,0.0
2015-10-28,0.1334144164719649,0.0,0.8665855835280352,0.0
2015-10-29,0.13288649368468974,0.0,0.8671135063153101,0.0
2015-10-30,0.13621698549250275,0.0,0.8637830145074973,0.0
2015-11-02,0.13755184383618674,0.0,0.8624481561638132,0.0
2015-11-03,1.0,0.0,0.0,0.0
2015-11-04,1.0,0.0,0.0,0.0
2015-11-05,1.0,0.0,0.0,0.0
2015-11-06,1.0,0.0,0.0,0.0
2015-11-09,1.0,0.0,0.0,0.0
2015-11-10,1.0,0.0,0.0,0.0
2015-11-11,1.0,0.0,0.0,0.0
2015-11-12,0.0,0.0,0.0,0.0
2015-11-13,0.0,0.0,0.0,0.0
2015-11-16,1.0,0.0,0.0,0.0
2015-11-17,1.0,0.0,0.0,0.0
2015-11-18,1.0,0.0,0.0,0.0
2015-11-19,1.0,0.0,0.0,0.0
2015-11-20,1.0,0.0,0.0,0.0
2015-11-23,1.0,0.0,0.0,0.0
2015-11-24,0.16447357911884894,0.0,0.835526420881151,0.0
2015-11-25,0.16534789843876926,0.0,0.8346521015612307,0.0
2015-11-27,0.17412476572797547,0.0,0.8258752342720245,0.0
2015-11-30,0.1776524782329105,0.0,0.8223475217670896,0.0
2015-12-01,0.1767038549465842,0.0,0.8232961450534159,0.0
2015-12-02,0.18180096298621568,0.0,0.8181990370137843,0.0
2015-12-03,1.0,0.0,0.0,0.0
2015-12-04,1.0,0.0,0.0,0.0
2015-12-07,0.1991321355759483,0.0,0.8008678644240517,0.0
2015-12-08,0.19868813250982462,0.0,0.8013118674901755,0.0
2015-12-09,0.19812455082626734,0.0,0.8018754491737328,0.0
2015-12-10,0.19374860113568487,0.0,0.8062513988643152,0.0
2015-12-11,0.0,0.0,1.0,0.0
2015-12-14,0.0,0.0,0.0,0.0
2015-12-15,0.0,0.0,0.0,0.0
2015-12-16,1.0,0.0,0.0,0.0
2015-12-17,0.0,0.0,0.0,0.0
2015-12-18,0.0,0.0,1.0,0.0
2015-12-21,0.0,0.0,0.0,0.0
2015-12-22,0.0,0.0,0.0,0.0
2015-12-23,1.0,0.0,0.0,0.0
2015-12-24,1.0,0.0,0.0,0.0
2015-12-28,1.0,0.0,0.0,0.0
2015-12-29,1.0,0.0,0.0,0.0
2015-12-30,1.0,0.0,0.0,0.0
2015-12-31,0.0,0.0,0.0,0.0
2016-01-04,0.0,0.0,0.0,0.0
2016-01-05,0.0,0.0,0.0,0.0
2016-01-06,0.0,0.0,1.0,0.0
2016-01-07,0.0,0.0,1.0,0.0
2016-01-08,0.0,0.0,1.0,0.0
2016-01-11,0.0,0.0,1.0,0.0
2016-01-12,0.0,0.0,1.0,0.0
2016-01-13,0.0,0.0,1.0,0.0
2016-01-14,0.0,0.0,1.0,0.0
2016-01-15,0.0,0.0,1.0,0.0
2016-01-19,0.0,0.0,1.0,0.0
2016-01-20,0.0,0.0,1.0,0.0
2016-01-21,0.0,0.0,1.0,0.0
2016-01-22,0.0,0.0,1.0,0.0
2016-01-25,0.0,0.0,1.0,0.0
2016-01-26,0.0,0.0,1.0,0.0
2016-01-27,0.0,0.0,1.0,0.0
2016-01-28,0.0,0.0,1.0,0.0
2016-01-29,0.0,0.0,1.0,0.0
2016-02-01,0.0,0.0,1.0,0.0
2016-02-02,0.0,0.0,1.0,0.0
2016-02-03,0.0,0.0,0.8239328345471988,0.17606716545280124
2016-02-04,0.0,0.0,0.8253298739230839,0.1746701260769162
2016-02-05,0.0,0.0,0.8317962104401148,0.1682037895598852
2016-02-08,0.0,0.0,0.8344373142740582,0.16556268572594182
2016-02-09,0.0,0.0,0.8328895400840286,0.1671104599159714
2016-02-10,0.0,0.0,0.8335548146409192,0.16644518535908076
2016-02-11,0.0,0.0,0.8327186251383466,0.16728137486165331
2016-02-12,0.0,0.0,0.848997031046018,0.15100296895398213
2016-02-16,0.0,0.0,0.8469875867292037,0.15301241327079634
2016-02-17,0.0,0.0,0.8520724939371215,0.14792750606287858
2016-02-18,0.0,0.0,0.8522916939556621,0.14770830604433802
2016-02-19,0.0,0.0,0.8535485278785983,0.14645147212140186
2016-02-22,0.0,0.0,0.8539427381748244,0.1460572618251756
2016-02-23,0.0,0.0,0.8561121609870179,0.14388783901298202
2016-02-24,0.0,0.0,0.8572342491390939,0.14276575086090607
2016-02-25,0.0,0.0,0.8569036531934443,0.14309634680655572
2016-02-26,0.0,0.0,0.85424415275287,0.1457558472471299
2016-02-29,0.0,0.0,0.8536169113182992,0.1463830886817008
2016-03-01,0.0,0.0,0.8568379582709711,0.14316204172902897
2016-03-02,0.0,0.0,0.8530125770223634,0.14698742297763656
2016-03-03,0.0,0.0,0.8682037425781041,0.131796257421896
2016-03-04,0.0,0.0,0.8693932007419174,0.13060679925808272
2016-03-07,0.0,0.0,0.867195452164021,0.13280454783597903
2016-03-08,0.0,0.0,0.8671417757881279,0.13285822421187202
2016-03-09,0.0,0.0,0.8659105234249518,0.13408947657504827
2016-03-10,0.0,0.0,0.8665899539042041,0.1334100460957959
2016-03-11,0.11053475247204922,0.0,0.7731904838602205,0.1162747636677303
2016-03-14,0.10463319916065915,0.0,0.784944822676478,0.11042197816286298
2016-03-15,0.10532217818727135,0.0,0.7855411923247374,0.10913662948799124
2016-03-16,0.10568513348865646,0.0,0.7855215357747851,0.10879333073655825
2016-03-17,0.11015267697479358,0.0,0.7761666742646167,0.11368064876058978
2016-03-18,0.1116801812113709,0.0,0.7742220772338547,0.11409774155477441
2016-03-21,0.11157052709811352,0.0,0.7745077574291093,0.11392171547277714
2016-03-22,0.11332223049841014,0.0,0.7716981778508709,0.114979591650719
2016-03-23,0.11436698716017477,0.0,0.7704120437634558,0.1152209690763695
2016-03-24,0.11536602884732616,0.0,0.7721919908577196,0.1124419802949542
2016-03-28,0.11532602208581885,0.0,0.771826791839433,0.11284718607474803
2016-03-29,0.11397455576348313,0.0,0.7752223951931363,0.11080304904338062
2016-03-30,0.11531962323930536,0.0,0.7733053020797659,0.1113750746809287
2016-03-31,0.11500677684312698,0.0,0.7761531282298073,0.10884009492706584
2016-04-01,0.11779667721165028,0.0,0.7712862145927755,0.11091710819557422
2016-04-04,0.11806425216728807,0.0,0.7709233512171885,0.1110123966155234
2016-04-05,0.11636617495396459,0.0,0.774845027000368,0.10878879804566743
2016-04-06,0.11992070255936531,0.0,0.7714429204701434,0.10863637697049137
2016-04-07,0.11959467804550745,0.0,0.7725988354331674,0.10780648652132512
2016-04-08,0.11621774941880185,0.0,0.7779725854270637,0.10580966515413438
2016-04-11,0.11627430738538747,0.0,0.7779635556915651,0.10576213692304744
2016-04-12,0.12036523296422612,0.0,0.7759249072943502,0.10370985974142378
2016-04-13,0.12243835353658346,0.0,0.7713120250563981,0.10624962140701855
2016-04-14,0.12626982215124624,0.0,0.7687042570548168,0.10502592079393691
2016-04-15,0.12715035398892024,0.0,0.768534883068862,0.1043147629422179
2016-04-18,0.11810480138583154,0.09591419162198284,0.6901920011235336,0.09578900586865197
2016-04-19,0.11730791259759808,0.0952898110105851,0.6922212478937578,0.09518102849805897
2016-04-20,0.12022965986193625,0.09767978616767976,0.6881421792552229,0.09394837471516111
2016-04-21,0.12462180437030747,0.09996107133055886,0.680507242709804,0.09490988158932963
2016-04-22,0.12581554570374984,0.10134936874710034,0.6773493294575598,0.09548575609159016
2016-04-25,0.1276096294560803,0.10162066837250547,0.676472337845571,0.0942973643258432
2016-04-26,0.1279484924554246,0.1016405338330387,0.6750670665905144,0.09534390712102228
2016-04-27,0.1322818909746921,0.10118352893057583,0.6731762289952901,0.09335835109944186
2016-04-28,0.13353113474002998,0.10214203679859744,0.6697419173937902,0.09458491106758248
2016-04-29,0.15144048264310978,0.0,0.7461520199746501,0.10240749738224006
2016-05-02,0.13555639439423262,0.1035928505300203,0.6699973488972872,0.09085340617845981
2016-05-03,0.1506721509083289,0.0,0.7474553493591238,0.1018724997325472
2016-05-04,0.15575468780378968,0.0,0.7419105697824038,0.10233474241380656
2016-05-05,0.15439451511043614,0.0,0.7459608453887441,0.0996446395008197
2016-05-06,0.1560572805785006,0.0,0.7431788997857688,0.10076381963573054
2016-05-09,0.15562774109162605,0.0,0.7440412324972465,0.10033102641112736
2016-05-10,0.15857965072378497,0.0,0.7357201886172235,0.1057001606589915
2016-05-11,0.1598817865838876,0.0,0.7369053940711476,0.10321281934496478
2016-05-12,0.158165299626927,0.0,0.7352997970430523,0.1065349033300208
2016-05-13,0.16327643984678766,0.0,0.7309333658668469,0.10579019428636549
2016-05-16,0.15916451610461152,0.0,0.732367497268363,0.10846798662702539
2016-05-17,0.1591697020489961,0.0,0.7307702070861654,0.1100600908648385
2016-05-18,0.16115596050773115,0.0,0.7256833286434348,0.1131607108488342
2016-05-19,0.17266724555737406,0.0,0.7109168344849762,0.11641591995764962
2016-05-20,0.17250882167532705,0.0,0.7109803280469208,0.11651085027775217
2016-05-23,0.1729026775138336,0.0,0.7122111847623498,0.11488613772381649
2016-05-24,0.15352928044726408,0.10505420653797769,0.6391636469483339,0.10225286606642428
2016-05-25,0.15235683179385118,0.1042476628267105,0.6419444608089327,0.10145104457050554
2016-05-26,0.15999260621304948,0.10485614018041926,0.6372640808826356,0.09788717272389548
2016-05-27,0.16019585876535758,0.10502645849005107,0.6366151006061822,0.09816258213840909
2016-05-31,0.15945854691302294,0.10529103636948192,0.6355022655417077,0.09974815117578742
2016-06-01,0.1583565406362623,0.10474089271881958,0.6379432706940167,0.09895929595090135
2016-06-02,0.1584097501563555,0.10481778292685273,0.6375012345128929,0.09927123240389896
2016-06-03,0.16227987559143436,0.10531946820907594,0.6335439871230786,0.0988566690764111
2016-06-06,0.17141934582632745,0.11103997260905817,0.6187541385678004,0.09878654299681387
2016-06-07,0.1714577490374663,0.11130159675630426,0.6161238560353227,0.10111679817090675
2016-06-08,0.17615906949720805,0.11496954582966719,0.6080924254057661,0.10077895926735864
2016-06-09,0.17615433658980378,0.11507002344390395,0.608303298003047,0.10047234196324528
2016-06-10,0.19852997047104137,0.0,0.6884984656883427,0.112971563840616
2016-06-13,0.18885571246339664,0.0,0.6973803711750141,0.11376391636158936
2016-06-14,0.18651438047000996,0.0,0.7005619364542589,0.11292368307573118
2016-06-15,0.18689340696222215,0.0,0.7000507241043168,0.11305586893346109
2016-06-16,0.18550609489088843,0.0,0.7021339633239952,0.11235994178511628
2016-06-17,0.18505406110203915,0.0,0.7037874319864842,0.1111585069114767
2016-06-20,0.16638122640952038,0.09841010447182107,0.6325254764303095,0.1026831926883491
2016-06-21,0.16930160070068945,0.0966881675257927,0.6290160060691102,0.1049942257044076
2016-06-22,0.1700373303017052,0.0970305465657395,0.6308795018124782,0.10205262132007706
2016-06-23,0.1693037796319408,0.09573352822221537,0.6322877380652816,0.10267495408056225
2016-06-24,0.18342794871296303,0.0,0.7000212123395069,0.11655083894753016
2016-06-27,0.0,0.0,0.8710756113546082,0.12892438864539182
2016-06-28,0.16048553397949844,0.0,0.7277340579443212,0.11178040807618038
2016-06-29,0.15522894306971305,0.0,0.7326916912670761,0.1120793656632109
2016-06-30,0.1522538561768218,0.0,0.7344671310709742,0.11327901275220405
2016-07-01,0.15205255294209297,0.0,0.733673995988964,0.11427345106894299
2016-07-05,0.15435730012591425,0.0,0.7318723017401514,0.1137703981339343
2016-07-06,0.15456200358473726,0.0,0.7310556621108493,0.11438233430441341
2016-07-07,0.1546678647980385,0.0,0.7296525593238341,0.11567957587812733
2016-07-08,0.15500831682481564,0.0,0.7302737763944207,0.11471790678076366
2016-07-11,0.15343947259584823,0.0,0.7305138903458555,0.1160466370582962
2016-07-12,0.1427606696636653,0.07645462925224819,0.6718320669397275,0.10895263414435902
2016-07-13,0.14394006801175036,0.07699095763979596,0.6708235133831887,0.10824546096526502
2016-07-14,0.14475388013025084,0.07725502262291646,0.6699921332087259,0.10799896403810687
2016-07-15,0.1446057884987256,0.07792316065133244,0.6684943462897247,0.10897670456021726
2016-07-18,0.1464347383446673,0.07888563486139581,0.6641790361636786,0.11050059063025827
2016-07-19,0.14621501789106067,0.07854516292885787,0.6652584708887093,0.10998134829137221
2016-07-20,0.14661263251072124,0.07863280058062289,0.6630085317475991,0.1117460351610567
2016-07-21,0.14668319691898793,0.07856014563891695,0.6646095825139182,0.11014707492817707
2016-07-22,0.1464770343785881,0.07862605475852269,0.6659857734195102,0.10891113744337912
2016-07-25,0.14481827084354887,0.0778353113065956,0.6699967460024424,0.1073496718474131
2016-07-26,0.1455950543892569,0.07795657242751645,0.6677577277496296,0.10869064543359698
2016-07-27,0.14578515203149484,0.07770415717301293,0.6656767520402589,0.11083393875523345
2016-07-28,0.14800355934127246,0.07865198603125682,0.6631186381043551,0.11022581652311571
2016-07-29,0.14884530283909123,0.07896303272947608,0.6625754287019227,0.10961623572950999
2016-08-01,0.15078059953472284,0.07961224320571854,0.6594527202944591,0.11015443696509944
2016-08-02,0.15132437631593756,0.07979926820790206,0.6582702804132826,0.11060607506287772
2016-08-03,0.15218124571806727,0.0806440604890132,0.6551926719570805,0.11198202183583912
2016-08-04,0.15172818538247757,0.08041827820242858,0.652837668286425,0.1150158681286689
2016-08-05,0.1543267287074835,0.08091484249795176,0.6496662819646756,0.1150921468298892
2016-08-08,0.15839531722926964,0.08269240056538701,0.6438063213316408,0.11510596087370253
2016-08-09,0.15800609713229752,0.08250648109752189,0.644072208214519,0.11541521355566162
2016-08-10,0.1601858402948639,0.08281829298066293,0.6413899529527406,0.11560591377173259
2016-08-11,0.16055067503829878,0.08264596830619214,0.6420151505345014,0.11478820612100762
2016-08-12,0.16366234389096254,0.08325325902556636,0.6379751240873383,0.1151092729961329
2016-08-15,0.15959854937649048,0.08119046153472795,0.644397419569087,0.11481356951969457
2016-08-16,0.16097904960303538,0.08184456400646269,0.6416453089522377,0.11553107743826423
2016-08-17,0.16091802422265308,0.08210269658362222,0.6413331133144993,0.1156461658792255
2016-08-18,0.16140595133042393,0.0823369951438747,0.6402207960156793,0.11603625751002196
2016-08-19,0.16350259631995473,0.08230021788533526,0.6360345619290771,0.11816262386563292
2016-08-22,0.16568033656552783,0.0831500283162039,0.6327004563120353,0.1184691788062328
2016-08-23,0.16563352717174987,0.08314598114986999,0.6326431779862122,0.11857731369216792
2016-08-24,0.16564414997281454,0.08299172449861712,0.6321390124218962,0.11922511310667207
2016-08-25,0.16543131150376186,0.08326726674551703,0.6331202740967852,0.11818114765393593
2016-08-26,0.16569552583486943,0.08334418466300789,0.6325801944798471,0.11838009502227555
2016-08-29,0.1654714751543529,0.0831165135119047,0.6331282361628421,0.11828377517090026
2016-08-30,0.1598287892641401,0.08041942036435644,0.6391904439740447,0.12056134639745889
2016-08-31,0.15980782788943912,0.08032242719813747,0.6407105290721344,0.11915921584028893
2016-09-01,0.15954344039445806,0.08044128470764418,0.6409199933643541,0.11909528153354361
2016-09-02,0.15949865551958026,0.08021912819766412,0.6395672632253563,0.12071495305739935
2016-09-06,0.15988857427208164,0.08065475510871586,0.638890948101088,0.12056572251811437
2016-09-07,0.16227828414022893,0.08333799297862157,0.6360341506126271,0.1183495722685225
2016-09-08,0.16350839862479982,0.08388792731656687,0.6344031453505369,0.11820052870809647
2016-09-09,0.16631270599452755,0.08632533807409547,0.6274372463464483,0.11992470958492875
2016-09-12,0.1587432078922635,0.08802387906575104,0.6290161638857784,0.1242167491562071
2016-09-13,0.15567674412295718,0.08811134944578072,0.6304962739231045,0.12571563250815757
2016-09-14,0.15395784362139103,0.088010094150057,0.6296264690798378,0.1284055931487141
2016-09-15,0.1528470560450286,0.08897707903803179,0.6308845893654141,0.12729127555152558
2016-09-16,0.1509721654941661,0.088705370701637,0.6297543580850135,0.13056810571918345
2016-09-19,0.15088183575924138,0.08820633474322422,0.6303108497662713,0.13060097973126306
2016-09-20,0.15226240403996494,0.08999693501827337,0.6277642491059351,0.1299764118358267
2016-09-21,0.1580715430723106,0.12366385578481917,0.5733602336120153,0.14490436753085495
2016-09-22,0.16248672689836646,0.12372778233380179,0.5751678391113941,0.13861765165643772
2016-09-23,0.16829123718255923,0.12947233145924833,0.5634499747294893,0.1387864566287031
2016-09-26,0.17413133007821022,0.13094636296929624,0.5574795818547096,0.137442725097784
2016-09-27,0.1762899476804767,0.13120990998811205,0.5558422107544498,0.1366579315769615
2016-09-28,0.17399884322097714,0.1301739670242683,0.5563557854070074,0.1394714043477471
2016-09-29,0.17239013532883293,0.13458811509615903,0.5548735288467884,0.13814822072821964
2016-09-30,0.16986506884908417,0.1312742163254032,0.5598413934984349,0.13901932132707767
2016-10-03,0.168536498284209,0.1314003759077656,0.5605970719909464,0.13946605381707894
2016-10-04,0.17415661034378058,0.13287872711833618,0.5545871432202167,0.1383775193176665
2016-10-05,0.17719970853707484,0.13956778500111522,0.560757707332593,0.12247479912921708
2016-10-06,0.2002078825510643,0.16018231971274233,0.6396097977361934,0.0
2016-10-07,0.19964428286726277,0.15888503244266725,0.64147068469007,0.0
2016-10-10,0.17513192757335064,0.13951329968767373,0.5610732855348343,0.1242814872041413
2016-10-11,0.19459071699042993,0.1565750354623404,0.6488342475472297,0.0
2016-10-12,0.19066021593963278,0.15406041545531318,0.655279368605054,0.0
2016-10-13,0.18889151181752878,0.15408043161914525,0.657028056563326,0.0
2016-10-14,0.18945452447785835,0.15566058300601485,0.6548848925161268,0.0
2016-10-17,0.19044724488634995,0.15640125430431973,0.6531515008093303,0.0
2016-10-18,0.19192470116398952,0.15702800936298952,0.6510472894730209,0.0
2016-10-19,0.16660173348982796,0.13551730497125386,0.5676275804893074,0.13025338104961084
2016-10-20,0.16645978732177813,0.13582007268855256,0.5676660425446747,0.13005409744499458
2016-10-21,0.16326567975218576,0.1334800340456608,0.5703223952215513,0.13293189098060224
2016-10-24,0.18851514890915,0.15397211006254274,0.6575127410283073,0.0
2016-10-25,0.16064733964064631,0.13451727685049936,0.5709770486126879,0.13385833489616644
2016-10-26,0.18315442792657893,0.1547946602662014,0.6620509118072196,0.0
2016-10-27,0.18270049033541916,0.15327339964249775,0.6640261100220831,0.0
2016-10-28,0.15996006302719745,0.13437379401967575,0.5731718703238166,0.13249427262931024
2016-10-31,0.15865678162975103,0.13415265135962676,0.5761209267994429,0.13106964021117917
2016-11-01,0.15736441132081333,0.13129152668962618,0.5776468151595175,0.133697246830043
2016-11-02,0.15605881502704474,0.13133469779178,0.5797050530897484,0.13290143409142682
2016-11-03,0.15360563606784178,0.13063294651715215,0.5849885031744619,0.13077291424054413
2016-11-04,0.15316536355471147,0.13092599858635642,0.5852968968355402,0.1306117410233919
2016-11-07,0.1534115347072218,0.12980092542075386,0.5859186048126742,0.13086893505935018
2016-11-08,0.16055282850095182,0.14614968245861398,0.6932974890404342,0.0
2016-11-09,0.5225564253374408,0.4774435746625592,0.0,0.0
2016-11-10,0.5184482532880911,0.4815517467119091,0.0,0.0
2016-11-11,0.5185477228620003,0.4814522771379997,0.0,0.0
2016-11-14,0.5185512571092029,0.4814487428907972,0.0,0.0
2016-11-15,0.5177024286579116,0.48229757134208834,0.0,0.0
2016-11-16,1.0,0.0,0.0,0.0
2016-11-17,0.5187085045341716,0.4812914954658285,0.0,0.0
2016-11-18,1.0,0.0,0.0,0.0
2016-11-21,1.0,0.0,0.0,0.0
2016-11-22,0.5242773088447299,0.47572269115527005,0.0,0.0
2016-11-23,1.0,0.0,0.0,0.0
2016-11-25,1.0,0.0,0.0,0.0
2016-11-28,1.0,0.0,0.0,0.0
2016-11-29,1.0,0.0,0.0,0.0
2016-11-30,1.0,0.0,0.0,0.0
2016-12-01,1.0,0.0,0.0,0.0
2016-12-02,1.0,0.0,0.0,0.0
2016-12-05,0.5185725959218921,0.4814274040781079,0.0,0.0
2016-12-06,0.5360721886140426,0.46392781138595746,0.0,0.0
2016-12-07,0.5453111553680822,0.4546888446319179,0.0,0.0
2016-12-08,0.5423635163330207,0.4576364836669794,0.0,0.0
2016-12-09,0.542287243408906,0.4577127565910939,0.0,0.0
2016-12-12,0.5432948620339892,0.4567051379660107,0.0,0.0
2016-12-13,0.5377550085847065,0.4622449914152936,0.0,0.0
2016-12-14,0.5396940777290624,0.4603059222709376,0.0,0.0
2016-12-15,0.5427335405303411,0.45726645946965905,0.0,0.0
2016-12-16,0.535010152104595,0.4649898478954051,0.0,0.0
2016-12-19,0.5312462976577669,0.46875370234223307,0.0,0.0
2016-12-20,0.5305131952698529,0.46948680473014726,0.0,0.0
2016-12-21,0.5317849477832666,0.4682150522167335,0.0,0.0
2016-12-22,0.5314465696970818,0.46855343030291824,0.0,0.0
2016-12-23,0.5295051637454817,0.4704948362545182,0.0,0.0
2016-12-27,0.5285029150822729,0.4714970849177272,0.0,0.0
2016-12-28,0.5278795948332347,0.47212040516676523,0.0,0.0
2016-12-29,0.5231525826398101,0.47684741736018976,0.0,0.0
2016-12-30,0.5259399306528807,0.47406006934711925,0.0,0.0
2017-01-03,0.5252149402552281,0.4747850597447719,0.0,0.0
2017-01-04,0.5226507663254479,0.477349233674552,0.0,0.0
2017-01-05,0.5277924859099341,0.47220751409006595,0.0,0.0
2017-01-06,0.5321305486832895,0.4678694513167104,0.0,0.0
2017-01-09,0.534201754236968,0.4657982457630321,0.0,0.0
2017-01-10,0.532517286407135,0.467482713592865,0.0,0.0
2017-01-11,0.5327781848951343,0.46722181510486566,0.0,0.0
2017-01-12,0.5337814080795096,0.4662185919204904,0.0,0.0
2017-01-13,0.533664799655479,0.466335200344521,0.0,0.0
2017-01-17,0.5310318364526115,0.46896816354738835,0.0,0.0
2017-01-18,0.5304021807681882,0.4695978192318118,0.0,0.0
2017-01-19,0.5315600803180224,0.46843991968197757,0.0,0.0
2017-01-20,0.5299494242302619,0.470050575769738,0.0,0.0
2017-01-23,0.5318475605690153,0.4681524394309847,0.0,0.0
2017-01-24,0.5324428067347801,0.4675571932652199,0.0,0.0
2017-01-25,0.5296603485829761,0.47033965141702394,0.0,0.0
2017-01-26,0.531859720297197,0.4681402797028031,0.0,0.0
2017-01-27,0.534074575429522,0.46592542457047814,0.0,0.0
2017-01-30,0.5339063340743572,0.4660936659256427,0.0,0.0
2017-01-31,0.5372541406504959,0.46274585934950413,0.0,0.0
2017-02-01,0.5380760408600378,0.46192395913996215,0.0,0.0
2017-02-02,0.5412065007320954,0.4587934992679045,0.0,0.0
2017-02-03,0.5350369266549263,0.46496307334507375,0.0,0.0
2017-02-06,0.5616226846896291,0.43837731531037094,0.0,0.0
2017-02-07,0.5656030682979643,0.43439693170203575,0.0,0.0
2017-02-08,0.5754809613480557,0.4245190386519444,0.0,0.0
2017-02-09,0.5749563077622772,0.42504369223772276,0.0,0.0
2017-02-10,0.5711612281351667,0.4288387718648332,0.0,0.0
2017-02-13,0.5676833896749237,0.4323166103250762,0.0,0.0
2017-02-14,0.570425146730583,0.429574853269417,0.0,0.0
2017-02-15,0.5618083061936039,0.4381916938063962,0.0,0.0
2017-02-16,0.5593275123948603,0.4406724876051396,0.0,0.0
2017-02-17,0.5490002356920425,0.45099976430795746,0.0,0.0
2017-02-21,0.5508871744482166,0.4491128255517835,0.0,0.0
2017-02-22,0.5484869925117402,0.4515130074882599,0.0,0.0
2017-02-23,0.5462413690793513,0.4537586309206487,0.0,0.0
2017-02-24,0.5467739281472465,0.4532260718527536,0.0,0.0
2017-02-27,0.5534445609390156,0.44655543906098444,0.0,0.0
2017-02-28,0.5513937360137893,0.44860626398621073,0.0,0.0
2017-03-01,0.5512854221839386,0.4487145778160614,0.0,0.0
2017-03-02,0.5405228459729559,0.45947715402704414,0.0,0.0
2017-03-03,0.5388887979799036,0.4611112020200965,0.0,0.0
2017-03-06,0.5369859730958161,0.4630140269041839,0.0,0.0
2017-03-07,0.5342880223665513,0.46571197763344874,0.0,0.0
2017-03-08,0.5332104763670397,0.46678952363296033,0.0,0.0
2017-03-09,0.534005325280782,0.46599467471921796,0.0,0.0
2017-03-10,0.5368302684573937,0.46316973154260627,0.0,0.0
2017-03-13,0.5392095155297363,0.4607904844702637,0.0,0.0
2017-03-14,0.5361928362302202,0.46380716376977976,0.0,0.0
2017-03-15,0.5272066720137358,0.47279332798626417,0.0,0.0
2017-03-16,0.5370211261481938,0.46297887385180625,0.0,0.0
2017-03-17,0.5381827622380667,0.4618172377619333,0.0,0.0
2017-03-20,0.5368701529435166,0.46312984705648336,0.0,0.0
2017-03-21,0.5381246465532684,0.4618753534467317,0.0,0.0
2017-03-22,0.5212982529898342,0.47870174701016577,0.0,0.0
2017-03-23,0.5206563196644486,0.47934368033555136,0.0,0.0
2017-03-24,0.5203070928423894,0.4796929071576106,0.0,0.0
2017-03-27,0.5201154590391781,0.47988454096082184,0.0,0.0
2017-03-28,0.5263335037758271,0.47366649622417295,0.0,0.0
2017-03-29,0.522762820898777,0.47723717910122293,0.0,0.0
2017-03-30,0.5248546624377433,0.47514533756225663,0.0,0.0
2017-03-31,0.5292818708996881,0.4707181291003119,0.0,0.0
2017-04-03,0.5217943292532229,0.47820567074677706,0.0,0.0
2017-04-04,0.5160584421083222,0.4839415578916778,0.0,0.0
2017-04-05,0.5153220616497862,0.4846779383502137,0.0,0.0
2017-04-06,0.5189444411168508,0.4810555588831492,0.0,0.0
2017-04-07,0.5184799118704656,0.48152008812953445,0.0,0.0
2017-04-10,0.5167922681694328,0.48320773183056726,0.0,0.0
2017-04-11,0.38358822558655403,0.35652809168401056,0.0,0.2598836827294354
2017-04-12,0.22019590790453467,0.20416561412277215,0.4319955379015325,0.14364294007116074
2017-04-13,0.21714697841207917,0.2035303785035089,0.432741614623798,0.14658102846061402
2017-04-17,0.21008321095896754,0.19812583670818873,0.444414237805311,0.14737671452753273
2017-04-18,0.20541568243179287,0.19655843506830167,0.45111892977397344,0.14690695272593193
2017-04-19,0.20784094267340117,0.19905566572229444,0.4445769419806541,0.1485264496236502
2017-04-20,0.20840414333883217,0.19782847470785855,0.4472852171543253,0.14648216479898396
2017-04-21,0.20737705582809426,0.19495835498564382,0.44955726383097605,0.14810732535528584
2017-04-24,0.20731171003593557,0.19789105936965692,0.44736465785373664,0.14743257274067098
2017-04-25,0.38841122721211335,0.3194816472509655,0.0,0.2921071255369212
2017-04-26,0.2096834867040787,0.17254416924148638,0.4631190184407902,0.15465332561364484
2017-04-27,0.2125025673118699,0.174070320426315,0.45984178183053137,0.15358533043128372
2017-04-28,0.21065542295865045,0.17249520183389871,0.45949503405036657,0.1573543411570843
2017-05-01,0.24910727566584354,0.2049464703607734,0.545946253973383,0.0
2017-05-02,0.21177250775902268,0.17401791002638686,0.4575461743389975,0.156663407875593
2017-05-03,0.25448525213506906,0.20546608262337826,0.5400486652415527,0.0
2017-05-04,0.25233463614661306,0.20693645791671186,0.5407289059366751,0.0
2017-05-05,0.2533266492731152,0.2041642367412949,0.54250911398559,0.0
2017-05-08,0.5588777655654479,0.4411222344345521,0.0,0.0
2017-05-09,0.5662048574918657,0.43379514250813433,0.0,0.0
2017-05-10,0.5678969100199689,0.43210308998003105,0.0,0.0
2017-05-11,0.5698084747718962,0.4301915252281038,0.0,0.0
2017-05-12,0.2549216638028375,0.19169853937032444,0.553379796826838,0.0
2017-05-15,0.2592341759740251,0.19274049551764505,0.5480253285083299,0.0
2017-05-16,0.2563797212049548,0.19208593919366376,0.5515343396013814,0.0
2017-05-17,0.21621860385038788,0.16168108072175347,0.4680298914579639,0.1540704239698946
2017-05-18,0.24251719145832382,0.19585302953743905,0.561629779004237,0.0
2017-05-19,0.20502317415091492,0.16647831755700407,0.4767422954275782,0.15175621286450272
2017-05-22,0.20293574564146746,0.16314996249226285,0.4801268213558356,0.15378747051043398
2017-05-23,0.19890285603091748,0.16386142024567754,0.4846829275886425,0.1525527961347625
2017-05-24,0.19896600745881107,0.16398435265644679,0.4848445665916476,0.15220507329309463
2017-05-25,0.19968122506998504,0.16460146063089987,0.48365756663484466,0.15205974766427047
2017-05-26,0.2037177492863286,0.16110224506631893,0.4889929705627335,0.14618703508461892
2017-05-30,0.20460499666675203,0.16089407785959764,0.48757546326467943,0.14692546220897096
2017-05-31,0.20500375304684174,0.16185755075465397,0.4862339047279643,0.14690479147053992
2017-06-01,0.20522119335823574,0.16215994272530102,0.48499245379686023,0.14762641011960298
2017-06-02,0.20149141293332568,0.16197301881676324,0.48674029803585267,0.14979527021405836
2017-06-05,0.20182707399169472,0.16010752714446774,0.4877044702876016,0.15036092857623598
2017-06-06,0.19997910586978598,0.1569209791450412,0.4928517171431868,0.15024819784198595
2017-06-07,0.20040213812691252,0.15856045341604041,0.493362763847727,0.14767464460932
2017-06-08,0.19999528254867666,0.1588443218877613,0.49488671005273993,0.14627368551082218
2017-06-09,0.20118918700133429,0.16145154681264204,0.49173352031267553,0.14562574587334814
2017-06-12,0.19615483591619737,0.1592180324830203,0.4996388941812313,0.14498823741955102
2017-06-13,0.1959770056152367,0.15831651119869378,0.5008906197800808,0.14481586340598873
2017-06-14,0.19458170844016343,0.15640024218042015,0.5043089231931626,0.1447091261862539
2017-06-15,0.19633659539852233,0.15812794768223867,0.5000859649638278,0.145449491955411
2017-06-16,0.20842078824333904,0.15185486298267212,0.49476960699596934,0.1449547417780195
2017-06-19,0.2087157736725423,0.14993678866763216,0.49618019211682723,0.14516724554299837
2017-06-20,0.24078652683143162,0.1769613953278187,0.5822520778407496,0.0
2017-06-21,0.20271470731814775,0.14961902466631616,0.5016532351459485,0.14601303286958758
2017-06-22,0.20159621975499725,0.14856837080472435,0.5039901089272122,0.14584530051306635
2017-06-23,0.20249371326283347,0.14700705355619836,0.5064980552942134,0.14400117788675476
2017-06-26,0.20158091115536536,0.14630890667878674,0.5091354363663515,0.14297474579949654
2017-06-27,0.20079094374415857,0.14597760012335892,0.5121139158634608,0.14111754026902176
2017-06-28,0.19943879159114503,0.14928705956525049,0.5074279308550917,0.1438462179885128
2017-06-29,0.19217842365524285,0.14596114199891397,0.5186960734038848,0.1431643609419585
2017-06-30,0.18877540113411875,0.1443902787097509,0.5219547090194425,0.1448796111366878
2017-07-03,0.22164963514245065,0.17038613425997468,0.6079642305975747,0.0
2017-07-05,0.22335162843147194,0.1712782652937835,0.6053701062747445,0.0
2017-07-06,0.2211928754937756,0.16971646131299192,0.6090906631932325,0.0
2017-07-07,0.21683823422698578,0.17112373981475296,0.6120380259582613,0.0
2017-07-10,0.21216985652702852,0.16979242455145147,0.61803771892152,0.0
2017-07-11,0.21193112406588693,0.16820552797038302,0.61986334796373,0.0
2017-07-12,0.2141477650227225,0.1690918113076454,0.6167604236696321,0.0
2017-07-13,0.21868747700642335,0.1706251442444346,0.6106873787491421,0.0
2017-07-14,0.2137064901490379,0.16709339494563644,0.6192001149053257,0.0
2017-07-17,0.2125632226898794,0.16662377147879717,0.6208130058313235,0.0
2017-07-18,0.18492007087715764,0.14315465316541634,0.5341166246389266,0.1378086513184993
2017-07-19,0.18751647166852065,0.1442855501502122,0.5306304183025623,0.1375675598787048
2017-07-20,0.18716735730773904,0.16209648354028872,0.516768931228954,0.13396722792301835
2017-07-21,0.18415282503285943,0.15913320602564465,0.5236961297442166,0.1330178391972794
2017-07-24,0.1848356405696181,0.1593053041499519,0.5238067801196392,0.13205227516079077
2017-07-25,0.18512178200796808,0.15894268225116623,0.5232833798197173,0.13265215592114826
2017-07-26,0.18901033665968556,0.16212364010265626,0.5136780040948904,0.13518801914276787
2017-07-27,0.18789072287473532,0.16011111883790657,0.5173476306476966,0.1346505276396615
2017-07-28,0.18805879159985417,0.1608031838187882,0.5162417965134434,0.1348962280679143
2017-07-31,0.18771128197623707,0.16091821503397818,0.5121920698143593,0.13917843317542558
2017-08-01,0.18603985026959707,0.16330757815334793,0.5089159431273841,0.1417366284496711
2017-08-02,0.18753591519019147,0.16872069829103065,0.5013779014898561,0.1423654850289219
2017-08-03,0.18570188072554009,0.17106934176597824,0.5022637226897532,0.14096505481872856
2017-08-04,0.18585587868484618,0.17219809257131427,0.49912106218703817,0.14282496655680146
2017-08-07,0.18735713724249753,0.17360775952150112,0.4975054638961345,0.14152963933986684
2017-08-08,0.18753319282114037,0.17405806375256563,0.49676801896138956,0.1416407244649044
2017-08-09,0.18442165705022467,0.1704822805507266,0.5055656405473399,0.13953042185170877
2017-08-10,0.18661977330353322,0.1716158111737432,0.5061911775962948,0.13557323792642884
2017-08-11,0.17611311268781363,0.16555538152487193,0.5202400969012686,0.1380914088860459
2017-08-14,0.18580766031089332,0.15895626780562164,0.5191716603383195,0.13606441154516558
2017-08-15,0.180947487161166,0.15775216786850968,0.5235241053648385,0.13777623960548574
2017-08-16,0.18306947269725066,0.1643356613458216,0.5168234247983792,0.13577144115854842
2017-08-17,0.18568158818684194,0.16353609353008236,0.5154726310707036,0.13530968721237197
2017-08-18,0.17012774074259773,0.15926733021639278,0.5317024260860579,0.1389025029549516
2017-08-21,0.16962033340421354,0.15841961858436354,0.5332226781970032,0.13873736981441967
2017-08-22,0.17087137794529197,0.15831409849663863,0.532469392023569,0.13834513153450032
2017-08-23,0.16554615809264947,0.15890223069107517,0.5344514065393595,0.14110020467691567
2017-08-24,0.16528343970836473,0.15954747378010448,0.5335503425115101,0.1416187440000207
2017-08-25,0.16544870124366237,0.15974758105741318,0.5326369974800312,0.14216672021889315
2017-08-28,0.16822613956351487,0.15951862794668845,0.5309763491131199,0.14127888337667666
2017-08-29,0.16541531786682107,0.1625809309201567,0.5400252981478622,0.13197845306516007
2017-08-30,0.16488653494832464,0.16292263841027377,0.5408167202548069,0.13137410638659466
2017-08-31,0.16254985608696396,0.16153671008740939,0.5421522979139626,0.13376113591166403
2017-09-01,0.16196554207246344,0.15957611510970113,0.5469105203632476,0.1315478224545879
2017-09-05,0.16325441527296297,0.1611179890751189,0.5414342032089688,0.13419339244294912
2017-09-06,0.1657293867426121,0.16474363623365568,0.5310141302876379,0.13851284673609437
2017-09-07,0.16611275858680005,0.16479523903238835,0.5308212072995359,0.13827079508127582
2017-09-08,0.16918323891535753,0.16620732858660245,0.527691430424026,0.13691800207401414
2017-09-11,0.16683241760845574,0.16396383868474543,0.5330231800142655,0.13618056369253337
2017-09-12,0.16474796236112166,0.17169674574626081,0.5303611059052946,0.133194185987323
2017-09-13,0.1644885411199874,0.17530157872477098,0.5269581581112208,0.1332517220440207
2017-09-14,0.16731874709766217,0.17306947990748092,0.5267713158774255,0.1328404571174315
2017-09-15,0.16840359002392205,0.17598573815709495,0.5242676851287364,0.13134298669024655
2017-09-18,0.1685274397625764,0.17639169826095039,0.524553133675721,0.13052772830075224
2017-09-19,0.16893199165376152,0.1769525622341567,0.5258132843907602,0.12830216172132156
2017-09-20,0.16914788699500077,0.17633336372879507,0.5257823602034137,0.12873638907279042
2017-09-21,0.1691716199115261,0.17580943588963757,0.5258097865577136,0.1292091576411228
2017-09-22,0.16982687471118668,0.17201758840849837,0.5328775907014953,0.1252779461788197
2017-09-25,0.17308232936515008,0.17466430730931956,0.5282934206089525,0.12395994271657804
2017-09-26,0.1773953288888027,0.1783958250711542,0.5226880470726213,0.12152079896742182
2017-09-27,0.17752695347736,0.177786021679687,0.526148786066945,0.11853823877600796
2017-09-28,0.1779906010020137,0.1792312739213033,0.5190585339985594,0.12371959107812361
2017-09-29,0.17810490884251728,0.17892438820496454,0.5191253397567324,0.1238453631957858
2017-10-02,0.18272934672439675,0.17690283718514985,0.5188654728010998,0.1215023432893536
2017-10-03,0.18376246778795552,0.17614201739373314,0.517399402789578,0.12269611202873333
2017-10-04,0.18380093598943825,0.17605651001502512,0.5173080117636061,0.12283454223193042
2017-10-05,0.1839365808836241,0.17559124715166893,0.5177683382776644,0.12270383368704264
2017-10-06,0.18188083904233052,0.1758065962517741,0.5227113862435675,0.1196011784623279
2017-10-09,0.18205142935052537,0.17642502264941068,0.5218855313254791,0.11963801667458494
2017-10-10,0.18244746367476278,0.17915635437152416,0.5190461763825547,0.11935000557115848
2017-10-11,0.1831421298299691,0.1746005516562398,0.5220312748369418,0.12022604367684939
2017-10-12,0.18123619606026783,0.17262870078123446,0.5263235642310496,0.119811538927448
2017-10-13,0.18277196663735443,0.17343801846135945,0.5239495169144985,0.11984049798678759
2017-10-16,0.18507267648828202,0.17498356928812686,0.5196900776482176,0.12025367657537356
2017-10-17,0.18439782695143753,0.17560936261663043,0.520118230843506,0.11987457958842611
2017-10-18,0.18439133070366878,0.1755949839149673,0.5214355359596127,0.11857814942175118
2017-10-19,0.18067904166855692,0.17150801347278996,0.5318766090181667,0.11593633584048649
2017-10-20,0.1791125860903981,0.17181200345460584,0.5335166066353177,0.11555880381967833
2017-10-23,0.18062001867892788,0.1750094629529815,0.5278866799126779,0.1164838384554126
2017-10-24,0.1782895616088306,0.17358848825195472,0.5310386484015421,0.1170833017376726
2017-10-25,0.1800228117484262,0.17532503095298102,0.5268285102145601,0.11782364708403267
2017-10-26,0.17533868664835692,0.17346194015616662,0.5348978762743195,0.11630149692115693
2017-10-27,0.17583453081226427,0.1739603159615629,0.5350548861668175,0.11515026705935537
2017-10-30,0.17323296676796854,0.1747755896055159,0.5365573316778345,0.11543411194868099
2017-10-31,0.17365208041673552,0.17640240397632337,0.5319574360442789,0.1179880795626623
2017-11-01,0.17408561201917624,0.17577042029479917,0.5322129822508863,0.11793098543513834
2017-11-02,0.17395434836773505,0.17757171951109837,0.5312212630862839,0.11725266903488274
2017-11-03,0.17322535078946683,0.1767801070951928,0.5298992924070236,0.12009524970831663
2017-11-06,0.18464014062173503,0.18920925851878823,0.5098385618995918,0.11631203895988478
2017-11-07,0.18477512334715324,0.19012522746251329,0.509919029570064,0.11518061962026947
2017-11-08,0.19049753252837173,0.19007323852852775,0.5046858319961236,0.11474339694697687
2017-11-09,0.18968608081149085,0.18883377870023973,0.5061175827882631,0.11536255770000615
2017-11-10,0.1872262861420308,0.18660587439959805,0.5101585857362855,0.1160092537220857
2017-11-13,0.21871810956340818,0.1970133152963352,0.4719090299053921,0.11235954523486456
2017-11-14,0.22011443287860377,0.1946087718836433,0.4728518951738175,0.11242490006393543
2017-11-15,0.21870589804486748,0.19502842864183556,0.47328235316096284,0.11298332015233406
2017-11-16,0.22787225484580223,0.19287524975524867,0.46631103655211176,0.11294145884683746
2017-11-17,0.22220540404639633,0.18775796558862246,0.47607372985244883,0.11396290051253247
2017-11-20,0.22241062165901856,0.18755223342912744,0.4787296362828259,0.111307508629028
2017-11-21,0.22251395283152176,0.19039450370037256,0.47893992106569167,0.10815162240241413
2017-11-22,0.2187945966039941,0.18644350842531868,0.4802017557780743,0.11456013919261283
2017-11-24,0.2186470035214666,0.18890285281860497,0.4796825187677137,0.1127676248922149
2017-11-27,0.2213506679977373,0.18450919289900747,0.4811468753413047,0.11299326376195061
2017-11-28,0.2231113323882396,0.18258693928378195,0.47953135421260534,0.11477037411537303
2017-11-29,0.21082712320746977,0.18144092412009685,0.49207731920596004,0.11565463346647324
2017-11-30,0.21300393163326029,0.1776986692605454,0.4955179569957424,0.11377944211045198
2017-12-01,0.2066917368379514,0.18217532799737923,0.49706846715765857,0.11406446800701088
2017-12-04,0.20525333719548655,0.18581811462407327,0.4922411229337358,0.11668742524670439
2017-12-05,0.2321991519555785,0.20819204819650933,0.5596087998479123,0.0
2017-12-06,0.23683077635886984,0.20745500161395974,0.5557142220271704,0.0
2017-12-07,0.236886723394487,0.20695549795512402,0.556157778650389,0.0
2017-12-08,0.23575136671678965,0.2103233542535501,0.5539252790296602,0.0
2017-12-11,0.233853811062309,0.2086237441746279,0.5575224447630631,0.0
2017-12-12,0.23354098176688148,0.20837534181186526,0.5580836764212533,0.0
2017-12-13,0.23362401991181453,0.20836009919241164,0.558015880895774,0.0
2017-12-14,0.23746775128904896,0.21286329138079912,0.5496689573301519,0.0
2017-12-15,0.23443734681829667,0.21057420798145585,0.5549884452002475,0.0
2017-12-18,0.22942287867186678,0.21245622880592574,0.5581208925222074,0.0
2017-12-19,0.23037009257260627,0.2026580428160664,0.5669718646113273,0.0
2017-12-20,0.22956204318869344,0.20634482067704715,0.5640931361342595,0.0
2017-12-21,0.2316509695784937,0.2088834770829908,0.5594655533385154,0.0
2017-12-22,0.19873118573891707,0.17762321926640362,0.49197044841569193,0.1316751465789872
2017-12-26,0.1987721677117586,0.17794372452705629,0.4923499130944718,0.13093419466671333
2017-12-27,0.19842501794923878,0.18021500873999954,0.49147451554599497,0.12988545776476668
2017-12-28,0.2027767911948777,0.18297132013825737,0.4811747335602766,0.13307715510658832
2017-12-29,0.20281656663767475,0.1837589419652985,0.48122119645349387,0.13220329494353297
2018-01-02,0.20079937312281546,0.18533764173327388,0.4821818741130104,0.13168111103090044
2018-01-03,0.20171155895028547,0.18345144456649504,0.4850080983877851,0.12982889809543444
2018-01-04,0.19877052248725183,0.18209973329806722,0.48908497625911473,0.13004476795556624
2018-01-05,0.19965775003814762,0.1741681764146991,0.4941081033842677,0.13206597016288552
2018-01-08,0.19626687935090933,0.17851202903919408,0.4931105318549752,0.1321105597549213
2018-01-09,0.19619656312228848,0.17855100057279027,0.4928987436888131,0.13235369261610827
2018-01-10,0.19912573837192993,0.1807401670036991,0.4872427961384096,0.13289129848596146
2018-01-11,0.19548365667397077,0.17927514355481644,0.4923610304714808,0.13288016929973204
2018-01-12,0.19231509342528452,0.17707054612964407,0.4955718404377402,0.1350425200073311
2018-01-16,0.19172523540444747,0.1734504046271242,0.5012987242904516,0.1335256356779768
2018-01-17,0.18882167190016033,0.17296684320918151,0.5042869675572349,0.13392451733342325
2018-01-18,0.37497023036944943,0.3536732313279463,0.0,0.27135653830260426
2018-01-19,0.3741954398230848,0.3524637210438623,0.0,0.2733408391330529
2018-01-22,0.37744326289457797,0.3507516717536448,0.0,0.2718050653517772
2018-01-23,0.37271152961826076,0.35162736276269274,0.0,0.27566110761904655
2018-01-24,0.37708805996668465,0.3516596198748426,0.0,0.27125232015847284
2018-01-25,0.3773768408537133,0.3532181460212172,0.0,0.2694050131250694
2018-01-26,0.38531594351713694,0.34863490911732914,0.0,0.266049147365534
2018-01-29,0.3803021711161355,0.34790092833553005,0.0,0.27179690054833444
2018-01-30,0.37815325288758134,0.34335533122420175,0.0,0.2784914158882169
2018-01-31,0.36825602289480097,0.3441778932278601,0.0,0.28756608387733906
2018-02-01,0.3693226995745999,0.3448035195479759,0.0,0.2858737808774242
2018-02-02,0.3680139956262579,0.3447275921966879,0.0,0.2872584121770542
2018-02-05,0.34679137649986674,0.33854467070672,0.0,0.3146639527934131
2018-02-06,0.3034693357440119,0.30129812145367557,0.0,0.39523254280231246
2018-02-07,0.3008333306673241,0.2987407584045614,0.0,0.4004259109281145
2018-02-08,0.30161640417117586,0.2971437400406992,0.0,0.40123985578812493
2018-02-09,0.27426466311146125,0.2921292515462743,0.0,0.4336060853422644
2018-02-12,0.27041372686873033,0.2938428692074658,0.0,0.43574340392380395
2018-02-13,0.26932901746343224,0.29084555166748577,0.0,0.439825430869082
2018-02-14,0.2703137650931112,0.29162241978618947,0.0,0.43806381512069936
2018-02-15,0.27720680703636347,0.294632263635343,0.0,0.4281609293282935
2018-02-16,0.27211514118225405,0.2919117480204948,0.0,0.43597311079725115
2018-02-20,0.2678603416874627,0.28702186842112204,0.0,0.4451177898914154
2018-02-21,0.27320943995413544,0.29178683668607336,0.0,0.4350037233597912
2018-02-22,0.2716299573200913,0.29022823705438044,0.0,0.43814180562552824
2018-02-23,0.2716948635226557,0.29127216381704457,0.0,0.4370329726602996
2018-02-26,0.26794894212832043,0.29213653178092736,0.0,0.4399145260907523
2018-02-27,0.2679642739090291,0.2914122893880639,0.0,0.44062343670290693
2018-02-28,0.2686163527889042,0.29038674909135914,0.0,0.4409968981197367
2018-03-01,0.2668532828272212,0.28718741687091903,0.0,0.4459593003018597
2018-03-02,0.2652829882903711,0.2835166615124048,0.0,0.4512003501972241
2018-03-05,0.2652616939245022,0.2837225036872776,0.0,0.4510158023882203
2018-03-06,0.26250546791027296,0.28243281219982624,0.0,0.4550617198899008
2018-03-07,0.2649721142239089,0.2845612687986215,0.0,0.45046661697746965
2018-03-08,0.2612438262863952,0.2805596937068754,0.0,0.4581964800067294
2018-03-09,0.26146249937759136,0.28119006144959524,0.0,0.45734743917281345
2018-03-12,0.2572661760864398,0.28135146639541714,0.0,0.4613823575181431
2018-03-13,0.25724177173781515,0.2814062228309763,0.0,0.46135200543120847
2018-03-14,0.2551935242104222,0.27934515197997173,0.0,0.4654613238096061
2018-03-15,0.2546977269595618,0.2797115200184973,0.0,0.46559075302194103
2018-03-16,0.2568270208239406,0.280944201556758,0.0,0.4622287776193015
2018-03-19,0.25631454899538275,0.28292339979175013,0.0,0.4607620512128672
2018-03-20,0.2543656582064484,0.28295652432050594,0.0,0.46267781747304565
2018-03-21,0.25492446103213934,0.2836760239073606,0.0,0.46139951506050003
2018-03-22,0.2617881458639231,0.29160624727409673,0.0,0.4466056068619802
2018-03-23,0.36005186061679845,0.0,0.0,0.6399481393832016
2018-03-26,0.25399356545152807,0.292093242522462,0.0,0.45391319202601005
2018-03-27,0.24790261583129192,0.2902998040693099,0.0,0.4617975800993982
2018-03-28,0.24598284853308988,0.29134355652746147,0.0,0.46267359493944865
2018-03-29,0.24970787209825177,0.29487627179019077,0.0,0.45541585611155755
2018-04-02,0.24579027768758746,0.29138690695790165,0.0,0.46282281535451086
2018-04-03,0.24530847063465103,0.2935933227667024,0.0,0.4610982065986466
2018-04-04,0.24414613896285203,0.29632020453520375,0.0,0.4595336565019442
2018-04-05,0.24334928080269497,0.2969054561460683,0.0,0.45974526305123686
2018-04-06,0.24358779765563066,0.29700318608554616,0.0,0.4594090162588231
2018-04-09,0.2396344977803431,0.29803845262964757,0.0,0.46232704959000925
2018-04-10,0.23985774501993076,0.2971352507211292,0.0,0.46300700425894015
2018-04-11,0.23835631107943547,0.2966619040227219,0.0,0.4649817848978426
2018-04-12,0.23643887729605198,0.29600545882445334,0.0,0.46755566387949465
2018-04-13,0.23855783339715145,0.2992008396876964,0.0,0.4622413269151523
2018-04-16,0.23874324635351807,0.29875538878375335,0.0,0.46250136486272864
2018-04-17,0.238031022266735,0.29883393756794435,0.0,0.4631350401653206
2018-04-18,0.2368132752760235,0.2989191499599137,0.0,0.4642675747640628
2018-04-19,0.23737656411284633,0.29861500116115985,0.0,0.46400843472599373
2018-04-20,0.23684299480616555,0.2982841999573152,0.0,0.4648728052365192
2018-04-23,0.23451409464999481,0.2960873461524254,0.0,0.4693985591975799
2018-04-24,0.23484238831323426,0.2966851676206494,0.0,0.4684724440661163
2018-04-25,0.23495490670583413,0.2985774966760201,0.0,0.4664675966181459
2018-04-26,0.2349366168664891,0.2998206994911569,0.0,0.46524268364235394
2018-04-27,0.23439075660167794,0.30017192737222437,0.0,0.4654373160260976
2018-04-30,0.23383957522366924,0.2994380576760573,0.0,0.46672236710027337
2018-05-01,0.23410292664622573,0.30053707098234633,0.0,0.46536000237142783
2018-05-02,0.43570194793336164,0.5642980520666384,0.0,0.0
2018-05-03,0.2367452378445877,0.33042165759003383,0.0,0.43283310456537843
2018-05-04,0.23591807089783023,0.3360517583021838,0.0,0.428030170799986
2018-05-07,0.23313965266634254,0.33898206891020777,0.0,0.4278782784234498
2018-05-08,0.24158844395310486,0.35277589693264083,0.0,0.40563565911425425
2018-05-09,0.24403663176022286,0.35189247251222167,0.0,0.40407089572755533
2018-05-10,0.24237852672197577,0.3581351696503122,0.0,0.39948630362771215
2018-05-11,0.24199971048149332,0.3581516894392772,0.0,0.3998486000792294
2018-05-14,0.23413415124212075,0.3593143689533407,0.0,0.4065514798045385
2018-05-15,0.3959250364995162,0.6040749635004837,0.0,0.0
2018-05-16,0.39649995930631,0.60350004069369,0.0,0.0
2018-05-17,0.3932412618621142,0.6067587381378858,0.0,0.0
2018-05-18,0.3926877495277187,0.6073122504722813,0.0,0.0
2018-05-21,0.39213527886444294,0.607864721135557,0.0,0.0
2018-05-22,0.39470537918282056,0.6052946208171794,0.0,0.0
2018-05-23,0.3933441871677458,0.6066558128322542,0.0,0.0
2018-05-24,0.3916158660558787,0.6083841339441214,0.0,0.0
2018-05-25,0.3897875861859141,0.6102124138140859,0.0,0.0
2018-05-29,1.0,0.0,0.0,0.0
2018-05-30,0.3987547682638416,0.6012452317361585,0.0,0.0
2018-05-31,1.0,0.0,0.0,0.0
2018-06-01,0.4063476037973789,0.5936523962026211,0.0,0.0
2018-06-04,0.40766665641293315,0.5923333435870668,0.0,0.0
2018-06-05,0.40786487411124756,0.5921351258887525,0.0,0.0
2018-06-06,0.41224076042078917,0.5877592395792108,0.0,0.0
2018-06-07,0.4141497311805663,0.5858502688194337,0.0,0.0
2018-06-08,0.41453757830842786,0.5854624216915723,0.0,0.0
2018-06-11,0.41478624575762574,0.5852137542423743,0.0,0.0
2018-06-12,0.41642243447456107,0.5835775655254388,0.0,0.0
2018-06-13,0.41803756374795137,0.5819624362520487,0.0,0.0
2018-06-14,0.41920601065310925,0.5807939893468907,0.0,0.0
2018-06-15,0.41935873838058224,0.5806412616194178,0.0,0.0
2018-06-18,1.0,0.0,0.0,0.0
2018-06-19,1.0,0.0,0.0,0.0
2018-06-20,1.0,0.0,0.0,0.0
2018-06-21,1.0,0.0,0.0,0.0
2018-06-22,1.0,0.0,0.0,0.0
2018-06-25,1.0,0.0,0.0,0.0
2018-06-26,1.0,0.0,0.0,0.0
2018-06-27,1.0,0.0,0.0,0.0
2018-06-28,1.0,0.0,0.0,0.0
2018-06-29,1.0,0.0,0.0,0.0
2018-07-02,1.0,0.0,0.0,0.0
2018-07-03,1.0,0.0,0.0,0.0
2018-07-05,1.0,0.0,0.0,0.0
2018-07-06,1.0,0.0,0.0,0.0
2018-07-09,1.0,0.0,0.0,0.0
2018-07-10,1.0,0.0,0.0,0.0
2018-07-11,1.0,0.0,0.0,0.0
2018-07-12,1.0,0.0,0.0,0.0
2018-07-13,0.22346015380127032,0.0,0.7765398461987297,0.0
2018-07-16,1.0,0.0,0.0,0.0
2018-07-17,1.0,0.0,0.0,0.0
2018-07-18,1.0,0.0,0.0,0.0
2018-07-19,0.21788350036555118,0.0,0.7821164996344488,0.0
2018-07-20,1.0,0.0,0.0,0.0
2018-07-23,1.0,0.0,0.0,0.0
2018-07-24,1.0,0.0,0.0,0.0
2018-07-25,0.5422437123971205,0.45775628760287945,0.0,0.0
2018-07-26,1.0,0.0,0.0,0.0
2018-07-27,0.5454417990201125,0.4545582009798875,0.0,0.0
2018-07-30,0.545546451386888,0.45445354861311194,0.0,0.0
2018-07-31,0.5432188267517976,0.45678117324820244,0.0,0.0
2018-08-01,1.0,0.0,0.0,0.0
2018-08-02,1.0,0.0,0.0,0.0
2018-08-03,1.0,0.0,0.0,0.0
2018-08-06,1.0,0.0,0.0,0.0
2018-08-07,1.0,0.0,0.0,0.0
2018-08-08,1.0,0.0,0.0,0.0
2018-08-09,1.0,0.0,0.0,0.0
2018-08-10,0.23833849932786144,0.0,0.7616615006721387,0.0
2018-08-13,0.23686751918662804,0.0,0.763132480813372,0.0
2018-08-14,0.23455275001538275,0.0,0.7654472499846173,0.0
2018-08-15,0.2314480381995506,0.0,0.7685519618004494,0.0
2018-08-16,0.23111679412583308,0.0,0.7688832058741669,0.0
2018-08-17,0.2290210447747014,0.0,0.7709789552252986,0.0
2018-08-20,0.2254792572301308,0.0,0.7745207427698692,0.0
2018-08-21,0.22393679731223387,0.0,0.7760632026877662,0.0
2018-08-22,0.2227856137711955,0.0,0.7772143862288045,0.0
2018-08-23,0.20322751293139243,0.0,0.7967724870686075,0.0
2018-08-24,0.20571552961981682,0.0,0.7942844703801832,0.0
2018-08-27,0.20707200965655542,0.0,0.7929279903434446,0.0
2018-08-28,0.20892346706637205,0.0,0.791076532933628,0.0
2018-08-29,0.2079119992939753,0.0,0.7920880007060248,0.0
2018-08-30,0.20664478431524191,0.0,0.7933552156847581,0.0
2018-08-31,0.20339800033766428,0.0,0.7966019996623357,0.0
2018-09-04,0.19996610832614764,0.0,0.8000338916738523,0.0
2018-09-05,0.19909355214437796,0.0,0.800906447855622,0.0
2018-09-06,0.19752570753082904,0.0,0.802474292469171,0.0
2018-09-07,0.1988477669933976,0.0,0.8011522330066023,0.0
2018-09-10,0.2100848204620125,0.0,0.7899151795379875,0.0
2018-09-11,1.0,0.0,0.0,0.0
2018-09-12,0.2084096268154505,0.0,0.7915903731845495,0.0
2018-09-13,0.20909480654571727,0.0,0.7909051934542827,0.0
2018-09-14,1.0,0.0,0.0,0.0
2018-09-17,1.0,0.0,0.0,0.0
2018-09-18,1.0,0.0,0.0,0.0
2018-09-19,1.0,0.0,0.0,0.0
2018-09-20,1.0,0.0,0.0,0.0
2018-09-21,1.0,0.0,0.0,0.0
2018-09-24,1.0,0.0,0.0,0.0
2018-09-25,1.0,0.0,0.0,0.0
2018-09-26,1.0,0.0,0.0,0.0
2018-09-27,1.0,0.0,0.0,0.0
2018-09-28,1.0,0.0,0.0,0.0
2018-10-01,1.0,0.0,0.0,0.0
2018-10-02,1.0,0.0,0.0,0.0
2018-10-03,1.0,0.0,0.0,0.0
2018-10-04,1.0,0.0,0.0,0.0
2018-10-05,1.0,0.0,0.0,0.0
2018-10-08,1.0,0.0,0.0,0.0
2018-10-09,1.0,0.0,0.0,0.0
2018-10-10,1.0,0.0,0.0,0.0
2018-10-11,0.0,0.0,0.0,0.0
2018-10-12,1.0,0.0,0.0,0.0
2018-10-15,1.0,0.0,0.0,0.0
2018-10-16,1.0,0.0,0.0,0.0
2018-10-17,1.0,0.0,0.0,0.0
2018-10-18,1.0,0.0,0.0,0.0
2018-10-19,1.0,0.0,0.0,0.0
2018-10-22,1.0,0.0,0.0,0.0
2018-10-23,0.0,0.0,0.0,0.0
2018-10-24,0.0,0.0,0.0,0.0
2018-10-25,0.0,0.0,0.0,0.0
2018-10-26,0.0,0.0,0.0,0.0
2018-10-29,0.0,0.0,0.0,0.0
2018-10-30,0.0,0.0,0.0,0.0
2018-10-31,0.0,0.0,0.0,0.0
2018-11-01,0.0,0.0,0.0,0.0
2018-11-02,0.0,0.0,0.0,0.0
2018-11-05,0.0,0.0,0.0,0.0
2018-11-06,1.0,0.0,0.0,0.0
2018-11-07,1.0,0.0,0.0,0.0
2018-11-08,1.0,0.0,0.0,0.0
2018-11-09,1.0,0.0,0.0,0.0
2018-11-12,0.0,0.0,0.0,0.0
2018-11-13,0.0,0.0,0.0,0.0
2018-11-14,0.0,0.0,0.0,0.0
2018-11-15,0.0,0.0,0.0,0.0
2018-11-16,0.0,0.0,1.0,0.0
2018-11-19,0.0,0.0,1.0,0.0
2018-11-20,0.0,0.0,1.0,0.0
2018-11-21,0.0,0.0,1.0,0.0
2018-11-23,0.0,0.0,1.0,0.0
2018-11-26,0.0,0.0,1.0,0.0
2018-11-27,0.0,0.0,1.0,0.0
2018-11-28,0.1267253386602873,0.0,0.8732746613397127,0.0
2018-11-29,0.0,0.0,1.0,0.0
2018-11-30,0.12348820105362723,0.0,0.8765117989463728,0.0
2018-12-03,0.122064245416747,0.0,0.877935754583253,0.0
2018-12-04,0.0,0.0,1.0,0.0
2018-12-06,0.0,0.0,1.0,0.0
2018-12-07,0.0,0.0,1.0,0.0
2018-12-10,0.0,0.0,1.0,0.0
2018-12-11,0.0,0.0,1.0,0.0
2018-12-12,0.0,0.0,1.0,0.0
2018-12-13,0.0,0.0,1.0,0.0
2018-12-14,0.0,0.0,1.0,0.0
2018-12-17,0.0,0.0,1.0,0.0
2018-12-18,0.0,0.0,1.0,0.0
2018-12-19,0.0,0.0,1.0,0.0
2018-12-20,0.0,0.0,0.7963084331761126,0.2036915668238874
2018-12-21,0.0,0.0,1.0,0.0
2018-12-24,0.0,0.0,0.8054352901718806,0.19456470982811933
2018-12-26,0.0,0.0,0.8055059998928469,0.19449400010715315
2018-12-27,0.0,0.0,0.8034953734925835,0.19650462650741646
2018-12-28,0.0,0.0,0.8037425465194986,0.19625745348050133
2018-12-31,0.0,0.0,0.7942204722245846,0.20577952777541542
2019-01-02,0.0,0.0,0.8054235242647699,0.19457647573523004
2019-01-03,0.0,0.0,0.8121471856036421,0.187852814396358
2019-01-04,0.0,0.0,0.8106793288951447,0.18932067110485523
2019-01-07,0.0,0.0,0.8014158837536648,0.19858411624633518
2019-01-08,0.0,0.0,0.7992693536068739,0.20073064639312604
2019-01-09,0.0,0.0,0.799266008062005,0.20073399193799496
2019-01-10,0.0,0.0,0.7781577185748119,0.22184228142518816
2019-01-11,0.0,0.0,0.777369150144197,0.22263084985580306
2019-01-14,0.0,0.0,0.7758061863416319,0.2241938136583681
2019-01-15,0.0,0.0,0.7734489969651154,0.22655100303488462
2019-01-16,0.0,0.0,0.7774917644807842,0.22250823551921575
2019-01-17,0.0,0.0,0.7785109794978178,0.22148902050218228
2019-01-18,0.0,0.0,0.778945505910173,0.22105449408982708
2019-01-22,0.0,0.0,0.7824736445207503,0.2175263554792497
2019-01-23,0.0,0.0,0.7818562979406776,0.21814370205932238
2019-01-24,0.0,0.0,0.7846546888575837,0.21534531114241628
2019-01-25,0.0,0.0,0.7846423292932799,0.2153576707067201
2019-01-28,0.0,0.0,0.7948027399588777,0.2051972600411223
2019-01-29,0.0,0.0,0.7948520824436295,0.20514791755637055
2019-01-30,0.0,0.0,0.7938259251601582,0.20617407483984185
2019-01-31,0.0,0.0,0.7914095778893592,0.20859042211064083
2019-02-01,0.0,0.0,0.7838024673557669,0.21619753264423314
2019-02-04,0.07322221436456845,0.0,0.7302136635546927,0.1965641220807388
2019-02-05,0.07366295476123473,0.0,0.7294232395788646,0.1969138056599007
2019-02-06,0.07414368661926743,0.0,0.7270646565981733,0.19879165678255922
2019-02-07,0.0,0.0,0.7873901796001953,0.21260982039980475
2019-02-08,0.0,0.0,0.7907611378438154,0.20923886215618465
2019-02-11,0.0,0.0,0.7819067215127629,0.21809327848723717
2019-02-12,0.07573046657432224,0.0,0.7200816003112157,0.204187933114462
2019-02-13,0.0752851098183332,0.0,0.7203233207316533,0.20439156945001352
2019-02-14,0.07640029493253592,0.0,0.715264559805474,0.20833514526199004
2019-02-15,0.07686414347944566,0.0,0.7156038857966116,0.20753197072394272
2019-02-19,0.07623053250023375,0.0,0.7159961381788656,0.2077733293209006
2019-02-20,0.07797019407764691,0.0,0.7238622342102597,0.19816757171209334
2019-02-21,0.07907292294470407,0.0,0.7237447702363309,0.19718230681896504
2019-02-22,0.08133120428620945,0.0,0.7243424639641194,0.19432633174967107
2019-02-25,0.08214327361959471,0.0,0.7219243954163661,0.1959323309640392
2019-02-26,0.07437742537763188,0.10346156501625905,0.6465748737096133,0.1755861358964958
2019-02-27,0.08279135096852701,0.0,0.7189806914182094,0.19822795761326356
2019-02-28,0.08598726575405305,0.0,0.716405017505289,0.19760771674065802
2019-03-01,0.07783233251462716,0.10760233321410159,0.6376689682877535,0.17689636598351768
2019-03-04,0.08923361356423287,0.0,0.7224149669697378,0.18835141946602932
2019-03-05,0.08954286395836195,0.0,0.7214883526263892,0.1889687834152489
2019-03-06,0.09299716701707669,0.0,0.7202498477740008,0.18675298520892247
2019-03-07,0.09212167143966503,0.0,0.7225619319255973,0.18531639663473773
2019-03-08,0.09536981997195783,0.0,0.7157135427290668,0.18891663729897534
2019-03-11,0.09585997954074904,0.0,0.7179501395099176,0.18618988094933328
2019-03-12,0.09507648992302416,0.0,0.7194184356247946,0.18550507445218137
2019-03-13,0.08391384549754563,0.12002978675540191,0.6333409914769638,0.16271537627008867
2019-03-14,0.0840691808001003,0.11975413381957299,0.6338983169792862,0.16227836840104043
2019-03-15,0.08656480971563231,0.12339994615483486,0.6309336567556157,0.15910158737391705
2019-03-18,0.08911863489164759,0.12367735863919221,0.6269905966754739,0.16021340979368642
2019-03-19,0.08807128813569035,0.1221360434893343,0.6314327583742516,0.1583599100007236
2019-03-20,0.08934056557331822,0.12358256955370991,0.627946509381209,0.1591303554917628
2019-03-21,0.09252257331218987,0.1258541183281142,0.6138522824692345,0.16777102589046156
2019-03-22,0.09452781058705194,0.13073518258929556,0.6086459313079071,0.16609107551574545
2019-03-25,0.10036653104729792,0.13035120321245267,0.5936127539230263,0.17566951181722304
2019-03-26,0.11976120621247899,0.1336576381715089,0.5786791157785415,0.1679020398374706
2019-03-27,0.11955227626817677,0.1332116303733567,0.5790029816987423,0.16823311165972427
2019-03-28,0.11766234020365787,0.13197702064274358,0.5846957172808629,0.16566492187273563
2019-03-29,0.11826669229212967,0.13169306922981985,0.5916179003793082,0.15842233809874226
2019-04-01,0.11810029387823677,0.13190200485052803,0.591501681029783,0.15849602024145215
2019-04-02,0.128176102910039,0.1327486554861153,0.5772946990310419,0.1617805425728038
2019-04-03,0.14055317981897378,0.1436867849073697,0.5613873714439218,0.1543726638297347
2019-04-04,0.1415225816830787,0.1429101693138396,0.560748471876406,0.15481877712667574
2019-04-05,0.14241966793878452,0.14266361688320248,0.5606316090860606,0.15428510609195245
2019-04-08,0.14181083791270777,0.14470829211894612,0.5584656479370994,0.15501522203124668
2019-04-09,0.1413505718770676,0.144386818643856,0.5591887114123728,0.15507389806670377
2019-04-10,0.14014951757940755,0.14464178882484052,0.5609088212008368,0.15429987239491513
2019-04-11,0.14117462025454905,0.14486552970040997,0.5604472297284141,0.1535126203166269
2019-04-12,0.14461397681673235,0.14601336499597772,0.5601101274207846,0.14926253076650525
2019-04-15,0.1453756931669001,0.1466083538056553,0.5569662419799202,0.1510497110475245
2019-04-16,0.14580730554169954,0.14637524873319763,0.5571898982132355,0.15062754751186738
2019-04-17,0.14969264050512152,0.1485209132070075,0.5513470022621434,0.1504394440257276
2019-04-18,0.1541860690335039,0.15522440993436845,0.5423013994710894,0.14828812156103835
2019-04-22,0.15424963218643672,0.15549244364889164,0.54188431592886,0.14837360823581164
2019-04-23,0.15445999786758974,0.15535586816705024,0.5415628516869202,0.14862128227843982
2019-04-24,0.15284894385495884,0.1577460871642268,0.5348567417005152,0.15454822728029924
2019-04-25,0.15573518078526077,0.15728918894859353,0.5319432868190752,0.15503234344707043
2019-04-26,0.1545864941433898,0.15589783079145866,0.5345208235253699,0.1549948515397816
2019-04-29,0.16015529924790925,0.15750853594449632,0.5295487667721969,0.15278739803539756
2019-04-30,0.161465753643441,0.15630126614211085,0.5308089791167594,0.15142400109768867
2019-05-01,0.16012551167835665,0.1550670878033533,0.5349966026774169,0.14981079784087323
2019-05-02,0.15848290140171062,0.15395868737119262,0.5382206887873049,0.14933772243979185
2019-05-03,0.15892196064452127,0.15612484475374205,0.535149528774435,0.14980366582730156
2019-05-06,0.15732902613738933,0.15484362202419918,0.5370495883199599,0.1507777635184517
2019-05-07,0.1602436643585645,0.15617680631105754,0.5332904584312275,0.15028907089915042
2019-05-08,0.15100500186115198,0.14771302649461907,0.548011987227516,0.15326998441671308
2019-05-09,0.15035041515505168,0.1473671177239189,0.5488996747853881,0.15338279233564123
2019-05-10,0.1536289962377879,0.14922865756179032,0.5449158061822929,0.15222654001812896
2019-05-13,0.17854623982362644,0.0,0.6436958569729905,0.17775790320338306
2019-05-14,0.1383564068110394,0.13669617008173282,0.5700267373748213,0.15492068573240647
2019-05-15,0.13858867456831242,0.1386951555596125,0.5672468005413266,0.15546936933074842
2019-05-16,0.13711559995264738,0.13793487925978987,0.5609024282706659,0.16404709251689684
2019-05-17,0.13655287068988037,0.13782477734242174,0.5618740097238085,0.16374834224388954
2019-05-20,0.13400991347492391,0.13502418250852566,0.5663060421511544,0.16465986186539605
2019-05-21,0.13323092581705798,0.13446351248469396,0.5673427327767325,0.16496282892151548
2019-05-22,0.13188483352455574,0.13395145852639706,0.5689519443531172,0.1652117635959299
2019-05-23,0.1318789869652922,0.13431967237855078,0.5680455570439195,0.16575578361223758
2019-05-24,0.1292883304396641,0.13357294685209473,0.5715722080468908,0.16556651466135033
2019-05-28,0.12831684114961753,0.130086974146111,0.5762168279597908,0.16537935674448065
2019-05-29,0.14314484657303042,0.0,0.6559937490453647,0.20086140438160482
2019-05-30,0.12441800364277009,0.1259679579139191,0.5738203213541552,0.17579371708915553
2019-05-31,0.0,0.0,0.7653466522651675,0.23465334773483243
2019-06-03,0.0,0.0,0.7658600525939985,0.23413994740600147
2019-06-04,0.12948147082125935,0.133670841470332,0.5715872439372455,0.16526044377116306
2019-06-05,0.12250528037913586,0.1321956040018308,0.5738362978663079,0.17146281775272557
2019-06-06,0.12430256260844659,0.13326586369209878,0.5704521228400882,0.17197945085936633
2019-06-07,0.12356263944731027,0.1326472614565784,0.5711524999631419,0.17263759913296944
2019-06-10,0.1237424880602712,0.13206115123799383,0.5693067042223299,0.174889656479405
2019-06-11,0.12449420372296573,0.1330196215273572,0.5644669591026201,0.17801921564705697
2019-06-12,0.12378014005696378,0.13375522467487433,0.5651706153777577,0.1772940198904041
2019-06-13,0.12413179065637016,0.133081545331213,0.5662551451422106,0.17653151887020627
2019-06-14,0.1243573840484369,0.1336319720686748,0.5661219234335488,0.17588872044933945
2019-06-17,0.12200202957344258,0.12987010016659778,0.5740703977121612,0.1740574725477986
2019-06-18,0.1237528699141565,0.12960053399137667,0.5720653610698173,0.17458123502464945
2019-06-19,0.12453052268830898,0.12908999788584283,0.5788486991181496,0.1675307803076986
2019-06-20,0.1260857340025797,0.1300325342399728,0.5732991142512712,0.1705826175061763
2019-06-21,0.12881508823352644,0.13248031495339255,0.5860444562364442,0.15266014057663688
2019-06-24,0.13095074637810591,0.1335300932789887,0.5808415169856164,0.15467764335728898
2019-06-25,0.1311296973428478,0.133779728092646,0.5783588408000788,0.1567317337644274
2019-06-26,0.12979975829154794,0.13341131823917507,0.579767755250991,0.157021168218286
2019-06-27,0.12760661936471263,0.13188116410205278,0.5917910029054707,0.14872121362776405
2019-06-28,0.12864157263203585,0.13304886895896148,0.5881893116520259,0.15012024675697683
2019-07-01,0.12702504259837297,0.13238296533389557,0.5916631733649756,0.14892881870275573
2019-07-02,0.12742331439833335,0.13387777446717627,0.599679156419615,0.13901975471487546
2019-07-03,0.1291847218057521,0.13541086134884114,0.6037084623444063,0.1316959545010005
2019-07-05,0.12835789428286207,0.1347414244785791,0.6048177044630079,0.13208297677555106
2019-07-08,0.13479196839606436,0.14040799567521245,0.5896673343625582,0.135132701566165
2019-07-09,0.13427128813737435,0.13991743485888583,0.5916556361033115,0.1341556409004284
2019-07-10,0.13328086652532184,0.13854880036193,0.5911256900494816,0.13704464306326666
2019-07-11,0.13266629685784054,0.1382573987628296,0.5971223142485039,0.13195399013082582
2019-07-12,0.1367983344079478,0.1425886513948554,0.5862454216765857,0.13436759252061103
2019-07-15,0.13524760008157066,0.14125856977487936,0.5886081576470509,0.13488567249649905
2019-07-16,0.1354589420317701,0.1414228116819522,0.5880141510419028,0.1351040952443748
2019-07-17,0.13600087631174396,0.14188090548464713,0.588199900206115,0.13391831799749399
2019-07-18,0.13585214645854596,0.14288650295556685,0.5903507154212783,0.13091063516460896
2019-07-19,0.13717987079008237,0.14285241382535657,0.5912053116926353,0.1287624036919257
2019-07-22,0.13713404684861907,0.1443518083679864,0.5937156609206219,0.12479848386277263
2019-07-23,0.1371148976450528,0.14440234797629053,0.5936899297252662,0.12479282465339042
2019-07-24,0.13678061884279874,0.14412251353187547,0.5945806055993487,0.12451626202597706
2019-07-25,0.13542672416748855,0.1433695119742826,0.5972237444825329,0.12398001937569592
2019-07-26,0.1363889672628155,0.14255547367277316,0.5968267016531571,0.12422885741125424
2019-07-29,0.136645896424049,0.14292825711028384,0.595426458006444,0.12499938845922308
2019-07-30,0.1349491175602132,0.141096213464179,0.6004008539894573,0.12355381498615062
2019-07-31,0.1360699067455173,0.14024404165704632,0.6002650018566174,0.1234210497408191
2019-08-01,0.1342580686974209,0.14247099056267964,0.6027630754962082,0.12050786524369134
2019-08-02,0.1488242971021877,0.16111378314005337,0.5673265293535112,0.12273539040424765
2019-08-05,0.17596319378205366,0.0,0.6777989297352935,0.14623787648265288
2019-08-06,0.1380372332999765,0.15261914686205605,0.5818576083490169,0.12748601148895053
2019-08-07,0.13632065309839686,0.15393915432540872,0.5817724158338505,0.12796777674234383
2019-08-08,0.1443658913436751,0.163369382098211,0.5683504147513337,0.12391431180678011
2019-08-09,0.1398108011234829,0.1643666664004796,0.5711553206164287,0.1246672118596089
2019-08-12,0.1675706048347392,0.0,0.6828611291597487,0.149568266005512
2019-08-13,0.13967065509570528,0.16550212956187438,0.5684558843800085,0.1263713309624119
2019-08-14,0.16525713083590504,0.0,0.6816035703747938,0.15313929878930121
2019-08-15,0.15361726715520171,0.0,0.6909280014320288,0.15545473141276947
2019-08-16,0.1572557361392306,0.0,0.6845247673840387,0.15821949647673067
2019-08-19,0.13128327908381796,0.15442195816178828,0.5805674423213498,0.13372732043304386
2019-08-20,0.15739168055245378,0.0,0.6855174065710683,0.1570909128764779
2019-08-21,0.1322960635200545,0.1592946677657253,0.575843175407834,0.1325660933063863
2019-08-22,0.1327879592966216,0.16012838687204914,0.5744699246855052,0.13261372914582395
2019-08-23,0.16093532989468423,0.0,0.6795218921697689,0.15954277793554686
2019-08-26,0.1546784072253915,0.0,0.6861097988834274,0.15921179389118112
2019-08-27,0.15283123697382286,0.0,0.6895665650346356,0.15760219799154138
2019-08-28,0.15313089234236918,0.0,0.6874780358641052,0.15939107179352566
2019-08-29,0.13178083631401633,0.1629486180569318,0.573150777890779,0.13211976773827291
2019-08-30,0.13131609413230153,0.16188052211642942,0.5752672567365984,0.13153612701467057
2019-09-03,0.13161053274670997,0.16176573097871225,0.575460607620443,0.13116312865413476
2019-09-04,0.13133188580198507,0.16431647195738744,0.5755073283338198,0.12884431390680762
2019-09-05,0.12935907642602953,0.15898165596854222,0.5819261838998289,0.12973308370559944
2019-09-06,0.13196224350310964,0.16430321153896474,0.5772322475770819,0.12650229738084376
2019-09-09,0.13199716843582845,0.16527266298430826,0.5773162436909842,0.125413924888879
2019-09-10,0.13466806637381754,0.168270303900821,0.5694014513070043,0.12766017841835717
2019-09-11,0.13852014921572783,0.17435966714253423,0.5568900920490857,0.1302300915926522
2019-09-12,0.1381520529607266,0.17387151133177578,0.5577459740064219,0.13023046170107583
2019-09-13,0.13842806959255444,0.17628147393259175,0.5557011674644899,0.12958928901036398
2019-09-16,0.1415906776337584,0.18044972579349494,0.5462437523557806,0.13171584421696605
2019-09-17,0.14198172012448546,0.17964909232333848,0.5415940693694739,0.13677511818270213
2019-09-18,0.14123958817650356,0.17891013229882333,0.5434546650906062,0.13639561443406684
2019-09-19,0.14087932170655057,0.1784798245534567,0.5430454521496456,0.13759540159034703
2019-09-20,0.14210546740777966,0.17897286122173145,0.5415686202702347,0.1373530511002542
2019-09-23,0.14228195324176884,0.17949298945383635,0.5404995895421282,0.13772546776226666
2019-09-24,0.14180841129188584,0.17871882255648655,0.5424648951075101,0.1370078710441176
2019-09-25,0.14176268704276168,0.17987261741936086,0.5409937107511749,0.13737098478670257
2019-09-26,0.14414423176581992,0.1825763530310259,0.5337819129390434,0.1394975022641107
2019-09-27,0.14341743825083972,0.18149233043405583,0.5312781534680766,0.1438120778470278
2019-09-30,0.14362899803155038,0.1823017967790602,0.5309785012998262,0.14309070388956333
2019-10-01,0.14143837760738262,0.18087075388387855,0.5380936023363417,0.13959726617239718
2019-10-02,0.14050073852571532,0.17984402062420388,0.5391514056351241,0.1405038352149567
2019-10-03,0.13880455034128375,0.17287451846384774,0.5471405939077095,0.1411803372871591
2019-10-04,0.13922191176208423,0.17328320857621024,0.5427148122415116,0.14478006742019375
2019-10-07,0.13581077683137585,0.17010802807288947,0.5494988391650443,0.14458235593069038
2019-10-08,0.13700644310524196,0.17157059470089325,0.54649279387583,0.14493016831803474
2019-10-09,0.13511134372010639,0.1706441958720751,0.5494668478118462,0.14477761259597238
2019-10-10,0.13410593603325763,0.16959840240541335,0.5503399008365368,0.14595576072479235
2019-10-11,0.13494230958668962,0.16961962354832794,0.546515474894517,0.14892259197046548
2019-10-14,0.13573159050643172,0.16561574819849983,0.5456635666476742,0.1529890946473943
2019-10-15,0.13550446746022968,0.16479936919954968,0.5438736340777005,0.15582252926252005
2019-10-16,0.13625810224207743,0.1643919254830332,0.5425084506401406,0.15684152163474868
2019-10-17,0.1365845746187331,0.16485407004911415,0.5416395682106127,0.15692178712154012
2019-10-18,0.13660208673356353,0.16461638635825127,0.5417173513585668,0.15706417554961835
2019-10-21,0.13593888745922775,0.16574134870017834,0.5411201083911419,0.15719965544945189
2019-10-22,0.13689504175022768,0.16647521514597774,0.5388099170338669,0.15781982606992773
2019-10-23,0.1368944057938685,0.16649722545989934,0.5382143632536728,0.15839400549255936
2019-10-24,0.13656039064132758,0.1683784156257444,0.5369610547861945,0.15810013894673344
2019-10-25,0.13717763861115032,0.1685552889499711,0.5343445150075625,0.15992255743131611
2019-10-28,0.13147292493302457,0.16089970106416365,0.5457572690906787,0.1618701049121331
2019-10-29,0.13231104674379857,0.16296759317345055,0.543606736597896,0.16111462348485478
2019-10-30,0.13770338273140115,0.17072543314772634,0.5339945946762792,0.1575765894445935
2019-10-31,0.13948053070075347,0.17080701709147234,0.5318820007218722,0.15783045148590194
2019-11-01,0.14041198376053285,0.17200308714715454,0.5259132056473419,0.16167172344497063
2019-11-04,0.14361078488772164,0.17143444504206543,0.5236488090113571,0.16130596105885583
2019-11-05,0.1445104702148297,0.17297411220882303,0.5209653496739743,0.16155006790237308
2019-11-06,0.1470779800621199,0.1749230589971835,0.5197875221926849,0.1582114387480117
2019-11-07,0.14970494071533283,0.17564511664889654,0.516999926413826,0.15765001622194466
2019-11-08,0.16266894343200877,0.1969887638410118,0.49136548658873597,0.1489768061382434
2019-11-11,0.1602962067665942,0.1939764498012122,0.49859092302210695,0.14713642041008665
2019-11-12,0.16285170676870048,0.19632237446553025,0.494447786647556,0.1463781321182131
2019-11-13,0.1642868531371415,0.1953773963684225,0.4932588746277871,0.1470768758666489
2019-11-14,0.1652746014193109,0.19417353243904473,0.49345792631706054,0.14709393982458382
2019-11-15,0.1672501027038243,0.19558764571291298,0.4897201966295763,0.1474420549536864
2019-11-18,0.16582621360130673,0.1944304230127749,0.49272908659918047,0.1470142767867378
2019-11-19,0.1803188829924502,0.1937240624198339,0.47848829380484115,0.1474687607828747
2019-11-20,0.1828014665740332,0.1944730917270098,0.47596116404951405,0.14676427764944303
2019-11-21,0.1823907262235151,0.19141838224558264,0.4776852950802843,0.148505596450618
2019-11-22,0.18348966236822348,0.19135640636607526,0.4768795020489291,0.14827442921677217
2019-11-25,0.18737027693164993,0.19204068006265035,0.47275657715575375,0.14783246584994586
2019-11-26,0.18636273456961902,0.19109047656239858,0.47442637221374023,0.14812041665424208
2019-11-27,0.18755454878202027,0.1904316358863933,0.4705995302743189,0.15141428505726756
2019-11-29,0.18896958867303715,0.19550695363899911,0.46541046848637774,0.15011298920158597
2019-12-02,0.18922184072635467,0.18805381568848586,0.4644755709554354,0.15824877262972412
2019-12-03,0.18579175162128675,0.1872924391394766,0.46625241993358146,0.16066338930565513
2019-12-04,0.18469314977238754,0.1879828499106167,0.46796462200905364,0.1593593783079422
2019-12-05,0.1802056680165158,0.1815741635600894,0.4797734990627883,0.1584466693606064
2019-12-06,0.1814861492575683,0.1818486484575579,0.47744868698475484,0.15921651530011888
2019-12-09,0.18002080049154132,0.18115225886729405,0.48104800102044465,0.15777893962071998
2019-12-10,0.1736160300914832,0.17480387177266746,0.49721253958808487,0.15436755854776454
2019-12-11,0.17205579072399604,0.17663169414454388,0.4968950307985872,0.15441748433287283
2019-12-12,0.17305819478667372,0.1771305821309711,0.4957862562367551,0.15402496684559996
2019-12-13,0.17409466715544797,0.1793448394639814,0.48876017490074536,0.15780031847982537
2019-12-16,0.17632676344739412,0.18032368638523244,0.48367308891688093,0.15967646125049256
2019-12-17,0.17496243860855307,0.17564660338362081,0.4864498156947074,0.16294114231311868
2019-12-18,0.17500004539676497,0.17431713709562538,0.48656060859139066,0.164122208916219
2019-12-19,0.17683810194420266,0.17363916105291127,0.485622690347136,0.1639000466557501
2019-12-20,0.17269022360784336,0.1696289126671702,0.4868747634730063,0.17080610025198023
2019-12-23,0.1723228923811205,0.1694024884081823,0.487986091462426,0.1702885277482713
2019-12-24,0.1735207005468548,0.16951887340899005,0.4868270854417018,0.1701333406024534
2019-12-26,0.1728974990130781,0.16861974824502748,0.4828140472527801,0.17566870548911434
2019-12-27,0.17799480991540578,0.17102125305068971,0.47885681287576565,0.1721271241581389
2019-12-30,0.18923201290283567,0.1863067479297705,0.4550128981634055,0.16944834100398834
2019-12-31,0.1864480498920422,0.1810901816168465,0.464011372658126,0.16845039583298516
2020-01-02,0.19384697319162575,0.18123352581557395,0.4580386327147755,0.16688086827802495
2020-01-03,0.19320969226931758,0.1785793988570933,0.4593448525712729,0.16886605630231633
2020-01-06,0.2093536367185017,0.17450983809018697,0.451546802155658,0.16458972303565336
2020-01-07,0.21377627064274685,0.1755163174014367,0.450394081493603,0.1603133304622135
2020-01-08,0.2112196762875902,0.17374893589654475,0.4537731418778834,0.16125824593798171
2020-01-09,0.21093939332404515,0.18399442168583016,0.44955444493635877,0.15551174005376586
2020-01-10,0.2091115809505597,0.18571181605174833,0.45087268407206815,0.1543039189256238
2020-01-13,0.2094478395649083,0.1877478224660655,0.45042852810304906,0.15237580986597715
2020-01-14,0.20823844034223987,0.18702668108266385,0.4535629028844866,0.15117197569060958
2020-01-15,0.207686660428384,0.18735947489115856,0.45367438061479826,0.15127948406565922
2020-01-16,0.21093349570643438,0.18721249410653718,0.45162333961165996,0.15023067057536846
2020-01-17,0.20740765301911798,0.18630851174572663,0.45640474500797334,0.14987909022718215
2020-01-21,0.20909721407945311,0.18635332787511721,0.4549995570929284,0.14954990095250126
2020-01-22,0.21036896139543976,0.1843673275171729,0.45379617103226366,0.15146754005512364
2020-01-23,0.20986751269362225,0.18412668584766737,0.4531657957590083,0.15284000569970216
2020-01-24,0.21013168412439423,0.18315672734085972,0.45405804175072595,0.1526535467840202
2020-01-27,0.20225317403546936,0.18301367765826848,0.4591228624972657,0.15561028580899644
2020-01-28,0.19058025112443552,0.16830821585773315,0.4774781244600998,0.16363340855773145
2020-01-29,0.18653158635434774,0.16637664338436417,0.48553985198249944,0.1615519182787887
2020-01-30,0.18468646948139844,0.1644708089629914,0.48892791391128765,0.16191480764432267
2020-01-31,0.18716641962843483,0.166426528413847,0.4855972513334134,0.16080980062430472
2020-02-03,0.17284109998353517,0.16039494674654492,0.5014765008716181,0.16528745239830178
2020-02-04,0.16620591711606045,0.1557759801397818,0.5068938389733624,0.17112426377079532
2020-02-05,0.16466428737597633,0.15283324795598247,0.512668529572522,0.16983393509551936
2020-02-06,0.15518965121803194,0.14515743291134764,0.5230646221836011,0.17658829368701937
2020-02-07,0.15463824652481675,0.14461730747103,0.5226802646884772,0.1780641813156761
2020-02-10,0.1552048763416972,0.14354590152244204,0.5205047779506311,0.18074444418522972
2020-02-11,0.15415455733964067,0.1436775287261173,0.5211426980786081,0.18102521585563383
2020-02-12,0.1545955917139095,0.14338342641850543,0.5212944529491782,0.18072652891840688
2020-02-13,0.15296416492466616,0.1427469393548043,0.5241624232780262,0.1801264724425034
2020-02-14,0.15376838880962596,0.14197951190300054,0.524672030002579,0.17958006928479442
2020-02-18,0.15346283260541835,0.14157318856324738,0.5260710626575429,0.17889291617379147
2020-02-19,0.1544787432716575,0.14178154768649626,0.5299811840703076,0.1737585249715387
2020-02-20,0.15407330210219186,0.14188418982506734,0.5322208584673069,0.17182164960543383
2020-02-21,0.1534010602327395,0.14094725986841944,0.531601542313638,0.17405013758520294
2020-02-24,0.1766225245365455,0.0,0.6259309601508498,0.19744651531260465
2020-02-25,0.15229517746335466,0.0,0.6414257878053801,0.20627903473126538
2020-02-26,0.14040720674626359,0.0,0.6644172505679505,0.1951755426857858
2020-02-27,0.0,0.0,0.7714617561286374,0.22853824387136265
2020-02-28,0.0,0.0,0.7721120555735287,0.22788794442647123
2020-03-02,0.13383246627552356,0.0,0.6903716390263254,0.1757958946981511
2020-03-03,0.0,0.0,0.8010861821463204,0.19891381785367956
2020-03-04,0.12019957311171313,0.0,0.7103444252099625,0.16945600167832445
2020-03-05,0.0,0.0,0.8077469780231209,0.1922530219768791
2020-03-06,0.0,0.0,0.811419324706491,0.188580675293509
2020-03-09,0.0,0.0,0.7993065053140178,0.20069349468598224
2020-03-10,0.0,0.0,0.7984896136485873,0.20151038635141258
2020-03-11,0.0,0.0,0.7750031775541996,0.2249968224458004
2020-03-12,0.0,0.0,0.0,1.0
2020-03-13,0.0,0.0,0.638504248105308,0.36149575189469185
2020-03-16,0.0,0.0,0.6415808107822388,0.3584191892177613
2020-03-17,0.0,0.0,0.0,1.0
2020-03-18,0.0,0.0,0.0,0.0
2020-03-19,0.0,0.0,0.0,0.0
2020-03-20,0.0,0.0,0.0,0.0
2020-03-23,0.0,0.0,0.5652282467670462,0.43477175323295375
2020-03-24,0.0,0.0,0.5754385185782186,0.42456148142178146
2020-03-25,0.0,0.0,0.5962323828045365,0.4037676171954636
2020-03-26,0.0,0.0,0.5963270144947231,0.4036729855052768
2020-03-27,0.0,0.0,0.5973861966711731,0.40261380332882696
2020-03-30,0.0,0.0,0.5977921219000052,0.40220787809999475
2020-03-31,0.0,0.0,0.5976370338333902,0.4023629661666099
2020-04-01,0.0,0.0,0.6052386862322904,0.3947613137677097
2020-04-02,0.0,0.0,0.6048213443302101,0.39517865566979
2020-04-03,0.0,0.0,0.6068121052690156,0.3931878947309843
2020-04-06,0.0,0.0,0.6064715331663612,0.3935284668336388
2020-04-07,0.0,0.0,0.611375598101192,0.3886244018988079
2020-04-08,0.0,0.0,0.6115432601163274,0.3884567398836725
2020-04-09,0.0,0.0,0.6117798504651207,0.38822014953487927
2020-04-13,0.0,0.0,0.6137625010965003,0.38623749890349973
2020-04-14,0.0,0.0,0.6148574158179649,0.3851425841820351
2020-04-15,0.0,0.0,0.6150466384737607,0.38495336152623927
2020-04-16,0.0,0.0,0.6152487040792506,0.38475129592074936
2020-04-17,0.0,0.0,0.615370341495625,0.384629658504375
2020-04-20,0.0,0.0,0.6184349124923627,0.38156508750763735
2020-04-21,0.0,0.0,0.6185781805432295,0.38142181945677034
2020-04-22,0.0,0.0,0.6189393900200518,0.38106060997994806
2020-04-23,0.0,0.0,0.6211460852176061,0.3788539147823939
2020-04-24,0.0,0.0,0.6208307633453666,0.37916923665463353
2020-04-27,0.0,0.0,0.6210144338489118,0.3789855661510882
2020-04-28,0.0,0.0,0.6209783933025442,0.37902160669745577
2020-04-29,0.0,0.0,0.6209869107489021,0.379013089251098
2020-04-30,0.0,0.0,0.6206779022303454,0.37932209776965475
2020-05-01,0.0,0.0,0.6220010500340647,0.3779989499659354
2020-05-04,0.0,0.0,0.6222191687377011,0.37778083126229883
2020-05-05,0.0,0.0,0.6221446476067707,0.37785535239322937
2020-05-06,0.0,0.0,0.6222512755095108,0.3777487244904892
2020-05-07,0.0,0.0,0.6232491688461239,0.3767508311538762
2020-05-08,0.0,0.0,0.6242964043998747,0.3757035956001254
2020-05-11,0.0,0.0,0.6245005010472768,0.37549949895272317
2020-05-12,0.0,0.0,0.6245506964042977,0.37544930359570217
2020-05-13,0.0,0.0,0.624464502862779,0.375535497137221
2020-05-14,0.0,0.0,0.624036442789076,0.37596355721092395
2020-05-15,0.0,0.0,0.6241648063670457,0.37583519363295426
2020-05-18,0.0,0.0,0.6242928504206721,0.37570714957932794
2020-05-19,0.0,0.0,0.6235075323539024,0.37649246764609745
2020-05-20,0.0,0.0,0.6237142592561721,0.37628574074382803
2020-05-21,0.0,0.0,0.621246421411816,0.3787535785881841
2020-05-22,0.0,0.0,0.6228821207181242,0.3771178792818758
2020-05-26,0.14685047654340927,0.0,0.5315419971685517,0.3216075262880391
2020-05-27,0.14485137811492468,0.0,0.5264663511124951,0.3286822707725803
2020-05-28,0.1460261721079748,0.0,0.5256290993371736,0.32834472855485175
2020-05-29,0.14504777876447145,0.0,0.5211193676275815,0.3338328536079471
2020-06-01,0.14643771876382924,0.0,0.5204564427871251,0.3331058384490457
2020-06-02,0.14661938244478367,0.0,0.5177218557098053,0.33565876184541094
2020-06-03,0.1268468396023436,0.13475151217519812,0.44897831516405756,0.2894233330584007
2020-06-04,0.15248489970960594,0.0,0.5175903642043435,0.32992473608605055
2020-06-05,0.13193962194482028,0.13926216985702755,0.444673274029866,0.28412493416828616
2020-06-08,0.13276848314070636,0.1409438116999524,0.44850963109581715,0.2777780740635241
2020-06-09,0.1278284384026616,0.1413156739601957,0.47002516739591743,0.2608307202412252
2020-06-10,0.13109366052612428,0.1410018736762689,0.46635955677587115,0.26154490902173577
2020-06-11,0.1690092171937973,0.0,0.5378750615246203,0.2931157212815824
2020-06-12,0.15751394114956183,0.0,0.5642405882732411,0.2782454705771971
2020-06-15,0.13175718953581697,0.0,0.6395856951649401,0.22865711529924285
2020-06-16,0.11847023955732013,0.0,0.6721127040145878,0.20941705642809202
2020-06-17,0.11913922346301382,0.0,0.6750371559846808,0.20582362055230527
2020-06-18,0.09546010623371998,0.0,0.72809507917945,0.17644481458683006
2020-06-19,0.1002140006927514,0.0,0.7136686372416433,0.18611736206560522
2020-06-22,0.09357451498627989,0.0,0.7313055512917662,0.17511993372195378
2020-06-23,0.08881827668674885,0.09391002679766827,0.6593453700213452,0.15792632649423777
2020-06-24,0.09890422795746107,0.0,0.7291167023332512,0.17197906970928775
2020-06-25,0.09897505213831675,0.0,0.7292007889549347,0.17182415890674863
2020-06-26,0.09734944448217231,0.0,0.7208838196085273,0.18176673590930043
2020-06-29,0.09922500662265718,0.0,0.7214086813921069,0.17936631198523603
2020-06-30,0.09939970949499968,0.0,0.7190146116582771,0.18158567884672328
2020-07-01,0.09992263216374803,0.0,0.7185486996991318,0.1815286681371201
2020-07-02,0.10710858166843681,0.0,0.7083051098481787,0.18458630848338436
2020-07-06,0.09643427763972412,0.09870628801373406,0.6380510498512157,0.1668083844953261
2020-07-07,0.10916269984565821,0.0,0.705123185316648,0.1857141148376937
2020-07-08,0.08345720934160196,0.08328410210711115,0.68300797371913,0.15025071483215685
2020-07-09,0.08735760431241962,0.0,0.7520441546265337,0.16059824106104675
2020-07-10,0.08259892991129057,0.08078495444777013,0.687468373864403,0.14914774177653622
2020-07-13,0.08923096739758107,0.0,0.751832374724272,0.15893665787814695
2020-07-14,0.08154784814851238,0.08132252396747269,0.6912760652301508,0.14585356265386415
2020-07-15,0.08213907895807415,0.08169561692410808,0.685039302684097,0.15112600143372082
2020-07-16,0.0825295190131101,0.08174247247575911,0.6850813257173283,0.15064668279380256
2020-07-17,0.0855223952418823,0.08266377136553567,0.6825494979449158,0.1492643354476662
2020-07-20,0.08621988894812133,0.08266713010879,0.6773911205359135,0.1537218604071751
2020-07-21,0.08550108118917238,0.08214776551031133,0.6784596625297881,0.15389149077072822
2020-07-22,0.08595106462976661,0.08238216057588106,0.6796325138807054,0.15203426091364683
2020-07-23,0.08271877788829875,0.07918193190011177,0.694928428568511,0.14317086164307838
2020-07-24,0.08029256714931601,0.07709941632159834,0.7030586254199108,0.1395493911091749
2020-07-27,0.08187158189108261,0.07833373131548604,0.7010224807628868,0.13877220603054463
2020-07-28,0.08093978992131587,0.07835898149997805,0.7025373213956421,0.13816390718306396
2020-07-29,0.08327071078478038,0.07966302568041855,0.6998155808987402,0.13725068263606094
2020-07-30,0.08305491177057506,0.07964257194325673,0.700219514135938,0.1370830021502303
2020-07-31,0.08306052319027533,0.07862824892953157,0.7027856189956179,0.13552560888457515
2020-08-03,0.07914265429881297,0.07333943195784486,0.7157005150943121,0.1318173986490301
2020-08-04,0.07775798077829163,0.07146099945493133,0.7189839816918355,0.13179703807494156
2020-08-05,0.07694426789127505,0.07062425101122644,0.7275658519425868,0.12486562915491177
2020-08-06,0.07532562068570402,0.0691990216522761,0.7325110166712063,0.12296434099081353
2020-08-07,0.07616172413517908,0.06899618961306594,0.7347965723577823,0.12004551389397264
2020-08-10,0.07833928426023112,0.06969676911264244,0.7352778541966271,0.11668609243049939
2020-08-11,0.07730568375098867,0.06890445274138013,0.7391157035805762,0.11467415992705503
2020-08-12,0.08163004217253798,0.07320049299745912,0.7514085607616219,0.0937609040683811
2020-08-13,0.08449722794082232,0.07655239113254861,0.7448098903276432,0.09414049059898585
2020-08-14,0.08915101390767997,0.08092410079020307,0.7339591339158439,0.09596575138627299
2020-08-17,0.08903971470803206,0.08086837987751157,0.7355488100295283,0.0945430953849281
2020-08-18,0.08966381061080402,0.08168584148984757,0.7345146815681685,0.09413566633117998
2020-08-19,0.09000887161175257,0.08207061384805554,0.7336044504331783,0.0943160641070136
2020-08-20,0.09038081103241248,0.08471707964749418,0.7351928611460293,0.08970924817406402
2020-08-21,0.09134498344188804,0.08515795949424292,0.7337766460059875,0.08972041105788152
2020-08-24,0.09135830316824592,0.08517233512394837,0.7342990072232889,0.0891703544845169
2020-08-25,0.08981278002417599,0.08357644265243318,0.7387889387550999,0.08782183856829084
2020-08-26,0.09086008850530841,0.08637453372050402,0.733892217905753,0.08887315986843451
2020-08-27,0.09066573515705507,0.08650326864240525,0.7341544623141585,0.08867653388638112
2020-08-28,0.09251982044604322,0.08945948902225347,0.7270068287367626,0.09101386179494066
2020-08-31,0.0904287848267356,0.08737580513851857,0.7340358753278344,0.08815953470691142
2020-09-01,0.09367641725893958,0.08863181947169707,0.7265930842708965,0.09109867899846684
2020-09-02,0.09445781149535913,0.08987597050901694,0.7237330570343818,0.09193316096124202
2020-09-03,0.09464155901265985,0.09058932173197641,0.7232184846548423,0.09155063460052146
2020-09-04,0.0853652004477823,0.08523550742105128,0.7404545268094731,0.0889447653216933
2020-09-08,0.10939747102439493,0.1050941465546765,0.6942887476477578,0.09121963477317073
2020-09-09,0.10368735098094733,0.1063839802052872,0.6982257173545016,0.09170295145926388
2020-09-10,0.09970020419452762,0.10192846769967293,0.7087027979557078,0.08966853015009171
2020-09-11,0.09834016676445262,0.10060410299572446,0.7124540796216573,0.08860165061816562
2020-09-14,0.09856970328180026,0.10007654553214537,0.7127479440156635,0.08860580717039082
2020-09-15,0.09752449324020812,0.10013178511435117,0.7139101501890781,0.08843357145636258
2020-09-16,0.0977387600464883,0.10012402896037297,0.7134553124479943,0.08868189854514438
2020-09-17,0.09766872908489975,0.10097083517209245,0.7125917428418803,0.08876869290112745
2020-09-18,0.09705548368755233,0.10114647638485681,0.7130513333059753,0.08874670662161567
2020-09-21,0.1005581216676855,0.10580737984731621,0.7051729153581452,0.08846158312685307
2020-09-22,0.10047770474310809,0.10198111280591901,0.7110084193563131,0.08653276309465978
2020-09-23,0.10408701181922217,0.10300434047618899,0.7072015036730083,0.08570714403158068
2020-09-24,0.10242565631241898,0.1045922318391835,0.708126579093397,0.08485553275500055
2020-09-25,0.10323034458336466,0.1043436994201217,0.707773992732027,0.08465196326448662
2020-09-28,0.10182141047634798,0.10447622129529936,0.7088948470602517,0.08480752116810095
2020-09-29,0.10029626505398924,0.10376683534082354,0.7113893687372671,0.08454753086792016
2020-09-30,0.10118858680220146,0.10549994388065104,0.7091631136662229,0.08414835565092474
2020-10-01,0.10175043493939068,0.10714778988298912,0.7071217545661329,0.08398002061148743
2020-10-02,0.10227160070648046,0.10788985362631151,0.7056765267489674,0.0841620189182407
2020-10-05,0.10017415816646617,0.10744501891992231,0.7094890045421083,0.08289181837150324
2020-10-06,0.10128570529854966,0.10916249471985776,0.7045498927988055,0.08500190718278702
2020-10-07,0.10070783513211037,0.10893094257066763,0.7056825369182235,0.08467868537899849
2020-10-08,0.0991974628634397,0.10948939036406927,0.7071100945839567,0.08420305218853426
2020-10-09,0.09960287816669045,0.11060818489379273,0.7053046164076225,0.08448432053189428
2020-10-12,0.09934561109221249,0.11057699120057536,0.7063678569786032,0.08370954072860892
2020-10-13,0.09875012787052323,0.11152008113179288,0.7051708512537463,0.08455893974393754
2020-10-14,0.09854183740084688,0.11031065464800618,0.7077195028919845,0.08342800505916255
2020-10-15,0.09815227142506963,0.11028452175399903,0.7076376462761783,0.083925560544753
2020-10-16,0.09822074168062103,0.10897419294844392,0.7080374105005306,0.08476765487040445
2020-10-19,0.0988242592594223,0.10881129686501467,0.7078086280551985,0.08455581582036444
2020-10-20,0.09777114029944022,0.1093726404450884,0.7076837849405849,0.08517243431488641
2020-10-21,0.09770960908831952,0.1104130988987815,0.7052892624244205,0.08658802958847842
2020-10-22,0.09806682657810055,0.11064483736143035,0.7045987373787987,0.08668959868167044
2020-10-23,0.09878401096026657,0.11168522224770813,0.7029567533131477,0.08657401347887757
2020-10-26,0.09911723748427034,0.113814077336352,0.7000856554893207,0.086983029690057
2020-10-27,0.09744297460825528,0.11580883292038084,0.6988826072837853,0.08786558518757859
2020-10-28,0.09854117760784459,0.12038206596499984,0.6923846047348724,0.08869215169228316
2020-10-29,0.09243552601292672,0.11238460295333935,0.7045318473153428,0.09064802371839109
2020-10-30,0.09199254934024655,0.1121366002938745,0.7048091074577348,0.09106174290814413
2020-11-02,0.09235995887341276,0.11279152386179392,0.7021779469004449,0.09267057036434839
2020-11-03,0.09257099123974882,0.11227909013306034,0.7011104561257295,0.09403946250146125
2020-11-04,0.09165623073787545,0.10720170676955552,0.7066976905895699,0.09444437190299913
2020-11-05,0.09517390815345532,0.11284048458533658,0.6702771623633512,0.12170844489785697
2020-11-06,0.09442590377850069,0.11228371182261378,0.67623058468171,0.11705979971717544
2020-11-09,0.09245645811493966,0.11005586726908846,0.6777149308089725,0.1197727438069994
2020-11-10,0.09740909316883843,0.11079940792602752,0.681428197730162,0.11036330117497208
2020-11-11,0.097123619234193,0.11033520714763068,0.6788862495187555,0.11365492409942086
2020-11-12,0.09661288487587273,0.10960431363468005,0.6797937608465277,0.11398904064291959
2020-11-13,0.09808409310351099,0.11026820298647369,0.6674779183813477,0.1241697855286676
2020-11-16,0.09703370128039465,0.10869249321343866,0.6704552407752924,0.12381856473087426
2020-11-17,0.09632051078917582,0.10826719927079677,0.6712209175812501,0.12419137235877731
2020-11-18,0.09700619814946769,0.10973144492539946,0.6682507276584786,0.12501162926665407
2020-11-19,0.09580246178068634,0.10891877465273948,0.6711272536926036,0.12415150987397054
2020-11-20,0.09645933848088947,0.10919077467029593,0.6682550724937202,0.12609481435509454
2020-11-23,0.09427765430197614,0.10783739073920826,0.6732405724158085,0.12464438254300711
2020-11-24,0.09409564918375873,0.10777939921134332,0.6740425452755537,0.12408240632934413
2020-11-25,0.0930679323300904,0.10704773317224832,0.6777326268452047,0.12215170765245649
2020-11-27,0.10551111619326624,0.12090203074488882,0.7735868530618449,0.0
2020-11-30,0.10601236486178477,0.12123161437755557,0.7727560207606597,0.0
2020-12-01,0.09867224036797997,0.10642627196066282,0.6737178512517921,0.12118363641956525
2020-12-02,0.09677379775972852,0.10145377434834293,0.6872200792049262,0.1145523486870023
2020-12-03,0.1009025611441681,0.10215648926498208,0.683558291782987,0.11338265780786293
2020-12-04,0.10301125491394206,0.10404076052364149,0.6791497858098868,0.11379819875252971
2020-12-07,0.10611633821074051,0.10606586267032647,0.6728388054971223,0.1149789936218106
2020-12-08,0.10645486065472058,0.10623910928232098,0.673929734968365,0.11337629509459335
2020-12-09,0.10719439231590137,0.10615669247314136,0.6729715039087418,0.11367741130221554
2020-12-10,0.10718038899492541,0.10695931418556204,0.6736047394637236,0.11225555735578902
2020-12-11,0.10837585923342428,0.10799160670895815,0.6702029897635545,0.11342954429406318
2020-12-14,0.10919803200123455,0.10796381682091168,0.6691796999390923,0.11365845123876156
2020-12-15,0.10980957272275343,0.10826031218361681,0.668768680891405,0.11316143420222478
2020-12-16,0.10938732548898403,0.11268287614628258,0.6642054269742698,0.11372437139046361
2020-12-17,0.10977586643576465,0.1126267081079793,0.6640938946542329,0.11350353080202313
2020-12-18,0.11289105364176048,0.11157986107939107,0.6609235298628265,0.11460555541602194
2020-12-21,0.11269092927638989,0.11132450739534296,0.6611651284479901,0.11481943488027706
2020-12-22,0.11409228735822759,0.10955754094412622,0.6615101583330569,0.11484001336458918
2020-12-23,0.11575701174938259,0.11052805553147298,0.6586601201483201,0.11505481257082434
2020-12-24,0.11629162537074485,0.11011432491867497,0.6582216608943877,0.11537238881619256
2020-12-28,0.11606555146367441,0.11001620631313754,0.6588722843635089,0.11504595785967918
2020-12-29,0.11549519106696556,0.10952307219278958,0.6596630444240703,0.11531869231617466
2020-12-30,0.11619079761076187,0.10923276866645999,0.6597254997803501,0.11485093394242807
2020-12-31,0.1159757781503439,0.10803870491625003,0.6639882124762736,0.11199730445713243
2021-01-04,0.11789408278644976,0.10811733991195316,0.6613769319517173,0.11261164534987984
2021-01-05,0.11873224926062449,0.10901155484051607,0.6629978516697516,0.10925834422910782
2021-01-06,0.11899727260185555,0.1086752977582676,0.663039943386569,0.10928748625330786
2021-01-07,0.12431775554997782,0.11275242196589666,0.6486940433031987,0.11423577918092678
2021-01-08,0.12409863122836248,0.11229202743139417,0.6498972800254741,0.11371206131476921
2021-01-11,0.12550184961932934,0.1142775015658522,0.6526870029387145,0.10753364587610396
2021-01-12,0.12603977864387167,0.11298045228021548,0.652847078283166,0.10813269079274677
2021-01-13,0.1259660924619728,0.11452852820985518,0.6517087021642448,0.1077966771639272
2021-01-14,0.12791334036114327,0.116155365557776,0.6465440858206061,0.10938720826047467
2021-01-15,0.14708029476605364,0.1306112794110525,0.7223084258228938,0.0
2021-01-19,0.14672938844826847,0.12816219867051132,0.7251084128812202,0.0
2021-01-20,0.1304761986637883,0.1144907388627868,0.6459119233451757,0.10912113912824921
2021-01-21,0.1286844944883113,0.11415099020596042,0.6495894063436589,0.10757510896206927
2021-01-22,0.12876078873623412,0.11428562499745981,0.6493233563210103,0.10763022994529563
2021-01-25,0.13211951628823929,0.11625092307583364,0.645444544250773,0.10618501638515396
2021-01-26,0.13255731977847984,0.11718323472833597,0.6439646585486544,0.1062947869445297
2021-01-27,0.16535453833455377,0.13802362016013675,0.6966218415053096,0.0
2021-01-28,0.15507410721907156,0.13221787721419517,0.7127080155667332,0.0
2021-01-29,0.15488619272316573,0.13086503284021267,0.7142487744366217,0.0
2021-02-01,0.13361290351479582,0.11391186128616543,0.6469267356264823,0.10554849957255631
2021-02-02,0.14921344413782106,0.13153303635673244,0.7192535195054465,0.0
2021-02-03,0.5383259823949004,0.4616740176050996,0.0,0.0
2021-02-04,0.537426523070427,0.46257347692957285,0.0,0.0
2021-02-05,0.5348061208293299,0.46519387917067023,0.0,0.0
2021-02-08,0.5212788483900991,0.4787211516099008,0.0,0.0
2021-02-09,0.5200357382523748,0.47996426174762524,0.0,0.0
2021-02-10,0.13497882494012078,0.12456528303100813,0.7404558920288711,0.0
2021-02-11,0.5176295452350572,0.4823704547649428,0.0,0.0
2021-02-12,0.5179323266366793,0.4820676733633206,0.0,0.0
2021-02-16,0.5197478421003062,0.4802521578996938,0.0,0.0
2021-02-17,0.5217558953812325,0.4782441046187675,0.0,0.0
2021-02-18,0.528217305243512,0.47178269475648793,0.0,0.0
2021-02-19,0.5276511405373887,0.4723488594626113,0.0,0.0
2021-02-22,0.5297292574378227,0.47027074256217727,0.0,0.0
2021-02-23,0.5276916466542201,0.47230835334577986,0.0,0.0
2021-02-24,0.5303189747998036,0.46968102520019644,0.0,0.0
2021-02-25,0.527090492100112,0.472909507899888,0.0,0.0
2021-02-26,0.5145366490361687,0.48546335096383125,0.0,0.0
2021-03-01,0.5062381437193393,0.49376185628066077,0.0,0.0
2021-03-02,0.48801234934019805,0.5119876506598019,0.0,0.0
2021-03-03,0.48601920539757204,0.5139807946024278,0.0,0.0
2021-03-04,0.48227702059905986,0.5177229794009401,0.0,0.0
2021-03-05,0.4809235211366722,0.5190764788633279,0.0,0.0
2021-03-08,0.47205742515322763,0.5279425748467723,0.0,0.0
2021-03-09,0.4717256878601842,0.5282743121398158,0.0,0.0
2021-03-10,0.4743647376820076,0.5256352623179924,0.0,0.0
2021-03-11,0.4741045379282563,0.5258954620717438,0.0,0.0
2021-03-12,0.4724677405270284,0.5275322594729717,0.0,0.0
2021-03-15,0.47329440882050533,0.5267055911794946,0.0,0.0
2021-03-16,0.4738244116951083,0.5261755883048918,0.0,0.0
2021-03-17,0.47344476947183656,0.5265552305281636,0.0,0.0
2021-03-18,0.4734115482448214,0.5265884517551787,0.0,0.0
2021-03-19,0.4701732575539028,0.5298267424460972,0.0,0.0
2021-03-22,0.4650305665904377,0.5349694334095624,0.0,0.0
2021-03-23,0.46376288449539704,0.5362371155046031,0.0,0.0
2021-03-24,0.4655755556835118,0.5344244443164882,0.0,0.0
2021-03-25,0.46589610026640543,0.5341038997335945,0.0,0.0
2021-03-26,0.4664210179468758,0.5335789820531242,0.0,0.0
2021-03-29,0.4650176682117983,0.5349823317882016,0.0,0.0
2021-03-30,0.46554678058648963,0.5344532194135104,0.0,0.0
2021-03-31,0.46375256336130133,0.5362474366386987,0.0,0.0
2021-04-01,0.4684267014256505,0.5315732985743495,0.0,0.0
2021-04-05,0.46881760172298853,0.5311823982770115,0.0,0.0
2021-04-06,0.4677941326977223,0.5322058673022777,0.0,0.0
2021-04-07,0.4750770068142867,0.5249229931857132,0.0,0.0
2021-04-08,0.4734539464334868,0.5265460535665133,0.0,0.0
2021-04-09,0.4702002753192763,0.5297997246807238,0.0,0.0
2021-04-12,0.46921520258926946,0.5307847974107306,0.0,0.0
2021-04-13,0.47017929682920906,0.529820703170791,0.0,0.0
2021-04-14,0.46990234509447343,0.5300976549055265,0.0,0.0
2021-04-15,0.4633470318646333,0.5366529681353667,0.0,0.0
2021-04-16,0.46280461623572694,0.5371953837642731,0.0,0.0
2021-04-19,0.4662812995178522,0.5337187004821479,0.0,0.0
2021-04-20,0.4655720061981484,0.5344279938018515,0.0,0.0
2021-04-21,0.4735695451494488,0.5264304548505513,0.0,0.0
2021-04-22,0.4746905006129109,0.5253094993870892,0.0,0.0
2021-04-23,0.47288487361255427,0.5271151263874457,0.0,0.0
2021-04-26,0.47264019284266134,0.5273598071573387,0.0,0.0
2021-04-27,0.472950105826559,0.527049894173441,0.0,0.0
2021-04-28,0.47026115570936533,0.5297388442906347,0.0,0.0
2021-04-29,0.47230376098327065,0.5276962390167294,0.0,0.0
2021-04-30,0.47331271126041197,0.526687288739588,0.0,0.0
2021-05-03,0.4777961078804537,0.5222038921195464,0.0,0.0
2021-05-04,0.48407360382740156,0.5159263961725985,0.0,0.0
2021-05-05,0.48975774407807865,0.5102422559219214,0.0,0.0
2021-05-06,0.49478437699676314,0.5052156230032369,0.0,0.0
2021-05-07,0.49456462283771124,0.5054353771622887,0.0,0.0
2021-05-10,0.49626557814831534,0.5037344218516846,0.0,0.0
2021-05-11,0.49288516223216783,0.5071148377678322,0.0,0.0
2021-05-12,0.49546527543085234,0.5045347245691476,0.0,0.0
2021-05-13,0.4889464896812615,0.5110535103187386,0.0,0.0
2021-05-14,0.48616698580731826,0.5138330141926817,0.0,0.0
2021-05-17,0.3215574886788802,0.33740545287141477,0.0,0.34103705844970506
2021-05-18,0.3227113599027333,0.3386960861510022,0.0,0.33859255394626453
2021-05-19,0.31990971506702626,0.3366004183455072,0.0,0.3434898665874666
2021-05-20,0.32052635285850806,0.3345590138189539,0.0,0.3449146333225379
2021-05-21,0.32240077072534523,0.33133438506156426,0.0,0.3462648442130906
2021-05-24,0.32794423660064015,0.32682369563595176,0.0,0.3452320677634082
2021-05-25,0.3154457871508098,0.3227013878298082,0.0,0.36185282501938193
2021-05-26,0.32481196985741223,0.3252443428648809,0.0,0.3499436872777068
2021-05-27,0.32692537924158094,0.324172001529198,0.0,0.3489026192292211
2021-05-28,0.32966447880368166,0.3201855300052933,0.0,0.350149991191025
2021-06-01,0.33172210027267196,0.3183447939688259,0.0,0.3499331057585021
2021-06-02,0.34021967149092536,0.315200142154438,0.0,0.34458018635463666
2021-06-03,0.3387728606358279,0.3126890953267768,0.0,0.34853804403739536
2021-06-04,0.34328589146686306,0.3147174408632832,0.0,0.34199666766985376
2021-06-07,0.343922626586137,0.31529586284097977,0.0,0.34078151057288325
2021-06-08,0.34624134943668683,0.3144231990167947,0.0,0.3393354515465184
2021-06-09,0.34655331924791954,0.31470006162422326,0.0,0.33874661912785725
2021-06-10,0.3473814193681084,0.31408282232948437,0.0,0.3385357583024071
2021-06-11,0.3473186762708241,0.3142448797899881,0.0,0.33843644393918776
2021-06-14,0.34933385543706963,0.3166820819900485,0.0,0.3339840625728819
2021-06-15,0.35708782267912675,0.31512953105835156,0.0,0.3277826462625216
2021-06-16,0.5311431381972799,0.4688568618027202,0.0,0.0
2021-06-17,0.5327378276673973,0.4672621723326027,0.0,0.0
2021-06-18,0.5309046939604379,0.4690953060395621,0.0,0.0
2021-06-21,0.5374206170369487,0.46257938296305134,0.0,0.0
2021-06-22,0.5345490627874677,0.4654509372125322,0.0,0.0
2021-06-23,0.5384380236884174,0.46156197631158263,0.0,0.0
2021-06-24,0.5392289421630251,0.4607710578369751,0.0,0.0
2021-06-25,0.5410456910642268,0.45895430893577316,0.0,0.0
2021-06-28,0.540310452844029,0.459689547155971,0.0,0.0
2021-06-29,0.5413479994497642,0.45865200055023564,0.0,0.0
2021-06-30,0.5430835274765373,0.4569164725234628,0.0,0.0
2021-07-01,0.5413254822380866,0.4586745177619134,0.0,0.0
2021-07-02,0.1786828762008162,0.1519462279725395,0.6693708958266442,0.0
2021-07-06,0.17747925107235224,0.15208762191135525,0.6704331270162925,0.0
2021-07-07,0.18047098324109836,0.15291750982191316,0.6666115069369885,0.0
2021-07-08,0.18074878370393027,0.1535702920313774,0.6656809242646923,0.0
2021-07-09,0.17747334026395514,0.1499887487449585,0.6725379109910864,0.0
2021-07-12,0.17979046532827714,0.1489508572667262,0.6712586774049967,0.0
2021-07-13,0.17803213398141188,0.14604505350692584,0.6759228125116623,0.0
2021-07-14,0.17697132245400993,0.14573266835072823,0.6772960091952618,0.0
2021-07-15,0.18051311592143635,0.1478054928710837,0.67168139120748,0.0
2021-07-16,0.18158421785653983,0.15173602850722864,0.6666797536362316,0.0
2021-07-19,0.1816570907787205,0.15256334673410382,0.6657795624871756,0.0
2021-07-20,0.18593125232532265,0.15394445662619505,0.6601242910484824,0.0
2021-07-21,0.18398275357518518,0.15544730198298884,0.660569944441826,0.0
2021-07-22,0.1863270751393169,0.15462638701094877,0.6590465378497343,0.0
2021-07-23,0.1853751969576638,0.15406666656561394,0.6605581364767222,0.0
2021-07-26,0.18364050497165504,0.15409546035109187,0.6622640346772531,0.0
2021-07-27,0.1844740510285094,0.1540992181202808,0.6614267308512097,0.0
2021-07-28,0.18548877163989644,0.1569017774950241,0.6576094508650794,0.0
2021-07-29,0.15813848737495398,0.1353061441264179,0.5603497887232864,0.14620557977534163
2021-07-30,0.18626993498399555,0.1620950829017912,0.6516349821142132,0.0
2021-08-02,0.18511920496996348,0.1648580259223564,0.6500227691076801,0.0
2021-08-03,0.18675217462774402,0.16605067579469768,0.6471971495775584,0.0
2021-08-04,0.18606258526852404,0.16739403958229862,0.6465433751491773,0.0
2021-08-05,0.18719887734947796,0.1665918511461924,0.6462092715043296,0.0
2021-08-06,0.18838699553742233,0.16941258170783954,0.6422004227547381,0.0
2021-08-09,0.20447827344484634,0.1732720145172508,0.6222497120379028,0.0
2021-08-10,0.20819125278041303,0.17356013866719955,0.6182486085523875,0.0
2021-08-11,0.2139217736393772,0.1774752993249723,0.6086029270356506,0.0
2021-08-12,0.21440981876064005,0.17638335639558742,0.6092068248437726,0.0
2021-08-13,0.217802000487651,0.1750385605612845,0.6071594389510645,0.0
2021-08-16,0.22014341027540332,0.17796411876225596,0.6018924709623408,0.0
2021-08-17,0.22079786796019063,0.1782055314684694,0.60099660057134,0.0
2021-08-18,0.21917722213863788,0.17667396548764092,0.6041488123737212,0.0
2021-08-19,0.21637621473501412,0.1776258992017612,0.6059978860632248,0.0
2021-08-20,0.21671682506405437,0.17459957182187943,0.6086836031140661,0.0
2021-08-23,0.21468938131128837,0.17462051649939164,0.6106901021893201,0.0
2021-08-24,0.21217630624433814,0.17278835248370847,0.6150353412719533,0.0
2021-08-25,0.21296473019514228,0.17344848977456154,0.6135867800302962,0.0
2021-08-26,0.214103175051789,0.17456685894032214,0.6113299660078888,0.0
2021-08-27,0.18468804020264057,0.15195223786941853,0.5347183734972597,0.1286413484306812
2021-08-30,0.21066914221410926,0.17324057467904466,0.616090283106846,0.0
2021-08-31,0.18166864205104852,0.14921945094952507,0.5398260851800781,0.1292858218193482
2021-09-01,0.1819132357958689,0.14976079214294896,0.5385572326343194,0.12976873942686268
2021-09-02,0.20883870693460477,0.1697308624650524,0.621430430600343,0.0
2021-09-03,0.1814081098709528,0.14714492097703746,0.542137323957244,0.12930964519476576
2021-09-07,0.2087970333506898,0.16866610521333,0.6225368614359802,0.0
2021-09-08,0.20996163515053143,0.17060455004212854,0.61943381480734,0.0
2021-09-09,0.20883557082183063,0.16820491446661795,0.6229595147115514,0.0
2021-09-10,0.21044351288753257,0.17024611645844484,0.6193103706540226,0.0
2021-09-13,0.20704056165893572,0.16974548009161727,0.6232139582494469,0.0
2021-09-14,0.20506797181280959,0.16797268431453333,0.6269593438726571,0.0
2021-09-15,0.2086617760478418,0.1760932573305484,0.6152449666216099,0.0
2021-09-16,0.21094807259884,0.17738398351114193,0.611667943890018,0.0
2021-09-17,0.2124010360122624,0.1778901557987463,0.6097088081889913,0.0
2021-09-20,0.2088383567779756,0.17547074478119443,0.61569089844083,0.0
2021-09-21,0.20078232323523418,0.17217683273781234,0.6270408440269534,0.0
2021-09-22,0.20022853283255013,0.16881772139865237,0.6309537457687976,0.0
2021-09-23,0.1952522499559114,0.16815824860514605,0.6365895014389426,0.0
2021-09-24,0.1983003789247156,0.17257580670230716,0.6291238143729772,0.0
2021-09-27,0.19919302275504303,0.17258786216307706,0.6282191150818799,0.0
2021-09-28,0.536261681970245,0.463738318029755,0.0,0.0
2021-09-29,0.5355760695380286,0.4644239304619715,0.0,0.0
2021-09-30,0.534405777490022,0.46559422250997795,0.0,0.0
2021-10-01,0.18735139832827852,0.1675287907168025,0.645119810954919,0.0
2021-10-04,0.18679903879888668,0.1727865701284686,0.6404143910726446,0.0
2021-10-05,0.5104258121054029,0.489574187894597,0.0,0.0
2021-10-06,0.2199490129022625,0.0,0.7800509870977375,0.0
2021-10-07,0.5080437577178574,0.4919562422821426,0.0,0.0
2021-10-08,0.5074462515511912,0.49255374844880884,0.0,0.0
2021-10-11,0.5046271119101216,0.49537288808987845,0.0,0.0
2021-10-12,0.5033957325763679,0.4966042674236321,0.0,0.0
2021-10-13,0.177589032904283,0.17822989829696517,0.6441810687987519,0.0
2021-10-14,0.183912398057851,0.17752687888420868,0.6385607230579403,0.0
2021-10-15,0.49430586070144633,0.5056941392985537,0.0,0.0
2021-10-18,0.4950916798349013,0.5049083201650986,0.0,0.0
2021-10-19,0.49771968604948974,0.5022803139505103,0.0,0.0
2021-10-20,0.49707356744353925,0.5029264325564606,0.0,0.0
2021-10-21,0.4973174373125926,0.5026825626874073,0.0,0.0
2021-10-22,0.4975372973073674,0.5024627026926326,0.0,0.0
2021-10-25,0.3538718047777252,0.35749049886155254,0.0,0.2886376963607223
2021-10-26,0.496781691528761,0.5032183084712389,0.0,0.0
2021-10-27,0.1554487513246903,0.15779765454303404,0.5608780437855211,0.12587555034675443
2021-10-28,0.1582435675702625,0.16076515952268877,0.5535909544995891,0.12740031840745963
2021-10-29,0.18068242109791635,0.18244127134353133,0.6368763075585523,0.0
2021-11-01,0.18049551377999182,0.1810034300958853,0.6385010561241229,0.0
2021-11-02,0.17631793225493214,0.17458225699168958,0.6490998107533783,0.0
2021-11-03,0.17651963738353563,0.17488428845119214,0.6485960741652722,0.0
2021-11-04,0.17672316339223373,0.17423614212434194,0.6490406944834244,0.0
2021-11-05,0.15397613638806198,0.15316123332211795,0.554013086910994,0.13884954337882605
2021-11-08,0.1570803469429577,0.15629153940004284,0.5478119931907286,0.1388161204662709
2021-11-09,0.15469843466743147,0.1547734681644406,0.5505573805550278,0.1399707166131001
2021-11-10,0.15561186230984683,0.15665473004487132,0.5465753133348895,0.14115809431039236
2021-11-11,0.16264541001699226,0.16278127309113255,0.5284479905172575,0.14612532637461767
2021-11-12,0.16629219211692509,0.16274918287475826,0.5254295439433783,0.1455290810649382
2021-11-15,0.3470629809439242,0.34656097265938346,0.0,0.30637604639669225
2021-11-16,0.34881647488879713,0.34592832968967646,0.0,0.30525519542152635
2021-11-17,0.348328512573652,0.34669765431654387,0.0,0.3049738331098041
2021-11-18,0.3489106872883838,0.34799363439255765,0.0,0.30309567831905854
2021-11-19,0.16807444398052684,0.16775802138636736,0.5172236723886411,0.14694386224446465
2021-11-22,0.35154779389679275,0.34582619694906885,0.0,0.3026260091541384
2021-11-23,0.5043204011210933,0.4956795988789066,0.0,0.0
2021-11-24,0.5049460577738382,0.4950539422261619,0.0,0.0
2021-11-26,0.2585688427883316,0.0,0.7414311572116684,0.0
2021-11-29,0.2561766054604798,0.0,0.7438233945395201,0.0
2021-11-30,0.25222470923657886,0.0,0.7477752907634211,0.0
2021-12-01,0.24240352844951132,0.0,0.7575964715504887,0.0
2021-12-02,0.2382202695253573,0.0,0.7617797304746426,0.0
2021-12-03,0.23253237301876664,0.0,0.7674676269812333,0.0
2021-12-06,0.23264853377001923,0.0,0.7673514662299807,0.0
2021-12-07,0.18709880099470574,0.19753232200877263,0.6153688769965217,0.0
2021-12-08,0.18227773044292847,0.19146158695516072,0.6262606826019108,0.0
2021-12-09,0.18284663807176635,0.1914915649388153,0.6256617969894184,0.0
2021-12-10,0.18294249286487038,0.19053352347470331,0.6265239836604263,0.0
2021-12-13,0.22428725683092396,0.0,0.775712743169076,0.0
2021-12-14,0.22738087926495407,0.0,0.7726191207350459,0.0
2021-12-15,0.1859747676094848,0.1984365593615787,0.6155886730289365,0.0
2021-12-16,0.15038942665286106,0.16222736676965552,0.5088763750454243,0.17850683153205915
2021-12-17,0.18005545865529446,0.0,0.6095539765735777,0.21039056477112775
2021-12-20,0.22327846366731577,0.0,0.7767215363326841,0.0
2021-12-21,0.22083957224288284,0.0,0.7791604277571172,0.0
2021-12-22,0.14294549640559653,0.16025420664686105,0.5195196639380208,0.17728063300952154
2021-12-23,0.1447173654353527,0.1642116506406986,0.5175729551841831,0.17349802873976555
2021-12-27,0.14450666989985664,0.16382480868044103,0.5173299983521938,0.1743385230675085
2021-12-28,0.14388964800018272,0.161764300352784,0.5129978169765174,0.18134823467051597
2021-12-29,0.2979139190151566,0.3316722818333252,0.0,0.3704137991515182
2021-12-30,0.14761147661273089,0.16316367762060927,0.5094640283726377,0.17976081739402217
2021-12-31,0.30216266569105454,0.33328188676108245,0.0,0.364555447547863
2022-01-03,0.30182050075461125,0.33568293184113673,0.0,0.362496567404252
2022-01-04,0.30617327462805,0.3400552260363984,0.0,0.35377149933555174
2022-01-05,0.30750739919483505,0.3400413535005936,0.0,0.35245124730457145
2022-01-06,0.46776517548879565,0.5322348245112043,0.0,0.0
2022-01-07,0.46909876996021277,0.5309012300397872,0.0,0.0
2022-01-10,0.29695833759768936,0.3407863553305436,0.0,0.36225530707176706
2022-01-11,0.3025130313387309,0.33826801350929625,0.0,0.35921895515197283
2022-01-12,0.3005158033620563,0.3345807069271603,0.0,0.3649034897107834
2022-01-13,0.3014188919471529,0.3323239459752399,0.0,0.36625716207760717
2022-01-14,0.29811057113596273,0.3335913032065384,0.0,0.3682981256574988
2022-01-18,0.4452047760596693,0.0,0.0,0.5547952239403307
2022-01-19,0.43701088004400224,0.0,0.0,0.5629891199559978
2022-01-20,0.44261179678098406,0.0,0.0,0.5573882032190159
2022-01-21,0.0,0.0,0.0,1.0
2022-01-24,0.4287570385364929,0.0,0.0,0.5712429614635072
2022-01-25,0.0,0.0,0.0,1.0
2022-01-26,0.0,0.0,0.0,1.0
2022-01-27,0.0,0.0,0.0,0.0
2022-01-28,1.0,0.0,0.0,0.0
2022-01-31,1.0,0.0,0.0,0.0
2022-02-01,1.0,0.0,0.0,0.0
2022-02-02,0.4164821499225302,0.0,0.0,0.5835178500774698
2022-02-03,1.0,0.0,0.0,0.0
2022-02-04,0.39928465732051227,0.0,0.0,0.6007153426794877
2022-02-07,0.39804417131792935,0.0,0.0,0.6019558286820706
2022-02-08,0.3963681302675376,0.0,0.0,0.6036318697324624
2022-02-09,0.3942059288335127,0.0,0.0,0.6057940711664874
2022-02-10,0.39190146374989193,0.0,0.0,0.6080985362501081
2022-02-11,0.0,0.0,0.0,1.0
2022-02-14,0.0,0.0,0.0,1.0
2022-02-15,0.3919959069222964,0.0,0.0,0.6080040930777035
2022-02-16,0.3908713825438935,0.0,0.0,0.6091286174561065
2022-02-17,0.0,0.0,0.0,1.0
2022-02-18,0.0,0.0,0.0,1.0
2022-02-22,0.0,0.0,0.0,1.0
2022-02-23,0.0,0.0,0.0,1.0
2022-02-24,0.0,0.0,0.0,1.0
2022-02-25,0.0,0.0,0.0,1.0
2022-02-28,0.0,0.0,0.0,1.0
2022-03-01,0.0,0.0,0.0,1.0
2022-03-02,0.0,0.0,0.0,1.0
2022-03-03,0.0,0.0,0.0,1.0
2022-03-04,0.0,0.0,0.0,1.0
2022-03-07,0.0,0.0,0.0,1.0
2022-03-08,0.0,0.0,0.0,1.0
2022-03-09,0.0,0.0,0.0,1.0
2022-03-10,0.0,0.0,0.0,1.0
2022-03-11,0.0,0.0,0.0,1.0
2022-03-14,0.0,0.0,0.0,1.0
2022-03-15,0.0,0.0,0.0,1.0
2022-03-16,0.0,0.0,0.0,1.0
2022-03-17,0.0,0.0,0.0,1.0
2022-03-18,0.42538417101109666,0.0,0.0,0.5746158289889033
2022-03-21,0.4297467022887155,0.0,0.0,0.5702532977112846
2022-03-22,0.43053828650261444,0.0,0.0,0.5694617134973856
2022-03-23,0.43071237169368376,0.0,0.0,0.5692876283063163
2022-03-24,0.4347715756353864,0.0,0.0,0.5652284243646135
2022-03-25,0.43186215249411614,0.0,0.0,0.5681378475058839
2022-03-28,0.43208368570603956,0.0,0.0,0.5679163142939605
2022-03-29,0.43795788608787845,0.0,0.0,0.5620421139121216
2022-03-30,0.43548231719274977,0.0,0.0,0.5645176828072502
2022-03-31,0.43132636741195696,0.0,0.0,0.568673632588043
2022-04-01,0.4281832442768341,0.0,0.0,0.5718167557231659
2022-04-04,0.4326652714169883,0.0,0.0,0.5673347285830117
2022-04-05,0.42847561776257115,0.0,0.0,0.5715243822374289
2022-04-06,0.42783980090285356,0.0,0.0,0.5721601990971463
2022-04-07,0.426803305949164,0.0,0.0,0.573196694050836
2022-04-08,0.42522256828903476,0.0,0.0,0.5747774317109653
2022-04-11,0.0,0.0,0.0,1.0
2022-04-12,0.0,0.0,0.0,1.0
2022-04-13,0.0,0.0,0.0,1.0
2022-04-14,0.0,0.0,0.0,1.0
2022-04-18,0.0,0.0,0.0,1.0
2022-04-19,0.0,0.0,0.0,1.0
2022-04-20,0.0,0.0,0.0,1.0
2022-04-21,0.0,0.0,0.0,1.0
2022-04-22,0.0,0.0,0.0,1.0
2022-04-25,0.0,0.0,0.0,1.0
2022-04-26,0.0,0.0,0.0,1.0
2022-04-27,0.0,0.0,0.0,1.0
2022-04-28,0.0,0.0,0.0,1.0
2022-04-29,0.0,0.0,0.0,1.0
2022-05-02,0.0,0.0,0.0,1.0
2022-05-03,0.0,0.0,0.0,1.0
2022-05-04,0.0,0.0,0.0,1.0
2022-05-05,0.0,0.0,0.0,1.0
2022-05-06,0.0,0.0,0.0,1.0
2022-05-09,0.0,0.0,0.0,1.0
2022-05-10,0.0,0.0,0.0,0.0
2022-05-11,0.0,0.0,0.0,1.0
2022-05-12,0.0,0.0,0.0,0.0
2022-05-13,0.0,0.0,0.0,0.0
2022-05-16,0.0,0.0,0.0,0.0
2022-05-17,0.0,0.0,0.0,0.0
2022-05-18,0.0,0.0,0.0,0.0
2022-05-19,0.0,0.0,0.0,1.0
2022-05-20,0.0,0.0,0.0,1.0
2022-05-23,0.0,0.0,0.0,1.0
2022-05-24,0.0,0.0,0.0,1.0
2022-05-25,0.0,0.0,0.0,1.0
2022-05-26,0.0,0.0,0.0,1.0
2022-05-27,0.0,0.0,0.0,1.0
2022-05-31,0.0,0.0,0.0,0.0
2022-06-01,0.0,0.0,0.0,1.0
2022-06-02,0.0,0.0,0.0,1.0
2022-06-03,0.0,0.0,0.0,1.0
2022-06-06,0.0,0.0,0.0,0.0
2022-06-07,0.0,0.0,0.0,1.0
2022-06-08,0.0,0.0,0.0,1.0
2022-06-09,0.0,0.0,0.0,1.0
2022-06-10,0.0,0.0,0.0,1.0
2022-06-13,0.0,0.0,0.0,0.0
2022-06-14,0.0,0.0,0.0,0.0
2022-06-15,0.0,0.0,0.0,0.0
2022-06-16,0.0,0.0,0.0,1.0
2022-06-17,0.0,0.0,0.0,0.0
2022-06-21,0.0,0.0,0.0,0.0
2022-06-22,0.0,0.0,0.0,0.0
2022-06-23,0.0,0.0,0.0,0.0
2022-06-24,0.0,0.0,0.0,0.0
2022-06-27,0.0,0.0,0.0,0.0
2022-06-28,0.0,0.0,0.0,0.0
2022-06-29,0.0,0.0,0.0,0.0
2022-06-30,0.0,0.0,0.0,0.0
2022-07-01,0.0,0.0,0.0,0.0
2022-07-05,0.0,0.0,0.0,0.0
2022-07-06,0.0,0.0,0.0,0.0
2022-07-07,0.0,0.0,0.0,0.0
2022-07-08,0.0,0.0,0.0,0.0
2022-07-11,0.0,0.0,0.0,0.0
2022-07-12,0.0,0.0,0.0,0.0
2022-07-13,0.0,0.0,0.0,0.0
2022-07-14,0.0,0.0,0.0,0.0
2022-07-15,0.0,0.0,0.0,0.0
2022-07-18,0.0,0.0,0.0,0.0
2022-07-19,0.0,0.0,0.0,0.0
2022-07-20,0.0,0.0,0.0,0.0
2022-07-21,0.0,0.0,0.0,0.0
2022-07-22,0.0,0.0,0.0,0.0
2022-07-25,0.0,0.0,0.0,0.0
2022-07-26,0.0,0.0,0.0,0.0
2022-07-27,0.0,0.0,0.0,0.0
2022-07-28,0.0,0.0,0.0,0.0
2022-07-29,0.0,0.0,0.0,0.0
2022-08-01,0.0,0.0,0.0,0.0
2022-08-02,0.0,0.0,0.0,0.0
2022-08-03,0.0,0.0,0.0,0.0
2022-08-04,0.0,0.0,0.0,0.0
2022-08-05,0.0,0.0,0.0,0.0
2022-08-08,0.0,0.0,0.0,0.0
2022-08-09,0.0,0.0,0.0,0.0
2022-08-10,0.0,0.0,0.0,0.0
2022-08-11,0.0,0.0,0.0,0.0
2022-08-12,0.0,0.0,0.0,0.0
2022-08-15,0.0,0.0,0.0,0.0
2022-08-16,1.0,0.0,0.0,0.0
2022-08-17,0.0,0.0,0.0,0.0
2022-08-18,0.0,0.0,0.0,0.0
2022-08-19,0.0,0.0,0.0,0.0
2022-08-22,0.0,0.0,0.0,0.0
2022-08-23,0.0,0.0,0.0,0.0
2022-08-24,0.0,0.0,0.0,0.0
2022-08-25,0.0,0.0,0.0,0.0
2022-08-26,0.0,0.0,0.0,0.0
2022-08-29,0.0,0.0,0.0,0.0
2022-08-30,0.0,0.0,0.0,0.0
2022-08-31,0.0,0.0,0.0,0.0
2022-09-01,0.0,0.0,0.0,0.0
2022-09-02,0.0,0.0,0.0,0.0
2022-09-06,0.0,0.0,0.0,0.0
2022-09-07,0.0,0.0,0.0,0.0
2022-09-08,0.0,0.0,0.0,0.0
2022-09-09,0.0,0.0,0.0,0.0
2022-09-12,0.0,0.0,0.0,0.0
2022-09-13,0.0,0.0,0.0,0.0
2022-09-14,0.0,0.0,0.0,0.0
2022-09-15,0.0,0.0,0.0,0.0
2022-09-16,0.0,0.0,0.0,0.0
2022-09-19,0.0,0.0,0.0,0.0
2022-09-20,0.0,0.0,0.0,0.0
2022-09-21,0.0,0.0,0.0,0.0
2022-09-22,0.0,0.0,0.0,0.0
2022-09-23,0.0,0.0,0.0,0.0
2022-09-26,0.0,0.0,0.0,0.0
2022-09-27,0.0,0.0,0.0,0.0
2022-09-28,0.0,0.0,0.0,0.0
2022-09-29,0.0,0.0,0.0,0.0
2022-09-30,0.0,0.0,0.0,0.0
2022-10-03,0.0,0.0,0.0,0.0
2022-10-04,0.0,0.0,0.0,0.0
2022-10-05,0.0,0.0,0.0,0.0
2022-10-06,0.0,0.0,0.0,0.0
2022-10-07,0.0,0.0,0.0,0.0
2022-10-10,0.0,0.0,0.0,0.0
2022-10-11,0.0,0.0,0.0,0.0
2022-10-12,0.0,0.0,0.0,0.0
2022-10-13,0.0,0.0,0.0,0.0
2022-10-14,0.0,0.0,0.0,0.0
2022-10-17,0.0,0.0,0.0,0.0
2022-10-18,0.0,0.0,0.0,0.0
2022-10-19,0.0,0.0,0.0,0.0
2022-10-20,0.0,0.0,0.0,0.0
2022-10-21,0.0,0.0,0.0,0.0
2022-10-24,0.0,0.0,0.0,0.0
2022-10-25,0.0,0.0,0.0,0.0
2022-10-26,0.0,0.0,0.0,0.0
2022-10-27,0.0,0.0,0.0,0.0
2022-10-28,0.0,0.0,0.0,0.0
2022-10-31,0.0,0.0,0.0,0.0
2022-11-01,0.0,0.0,0.0,0.0
2022-11-02,0.0,0.0,0.0,0.0
2022-11-03,0.0,0.0,0.0,0.0
2022-11-04,0.0,0.0,0.0,0.0
2022-11-07,0.0,0.0,0.0,0.0
2022-11-08,0.0,0.0,0.0,0.0
2022-11-09,0.0,0.0,0.0,0.0
2022-11-10,0.0,0.0,0.0,0.0
2022-11-11,0.0,1.0,0.0,0.0
2022-11-14,0.0,0.0,0.0,0.0
2022-11-15,0.0,0.0,0.0,0.0
2022-11-16,0.0,0.0,0.0,0.0
2022-11-17,0.0,0.0,0.0,0.0
2022-11-18,0.0,0.0,0.0,0.0
2022-11-21,0.0,0.0,0.0,0.0
2022-11-22,0.0,1.0,0.0,0.0
2022-11-23,0.0,1.0,0.0,0.0
2022-11-25,0.0,1.0,0.0,0.0
2022-11-28,0.0,1.0,0.0,0.0
2022-11-29,0.0,1.0,0.0,0.0
2022-11-30,0.4998274400842243,0.5001725599157757,0.0,0.0
2022-12-01,0.2764297499974725,0.2822539838777801,0.0,0.4413162661247473
2022-12-02,0.4969863485040051,0.5030136514959949,0.0,0.0
2022-12-05,0.0,1.0,0.0,0.0
2022-12-06,0.0,1.0,0.0,0.0
2022-12-07,0.0,1.0,0.0,0.0
2022-12-08,0.0,1.0,0.0,0.0
2022-12-09,0.0,1.0,0.0,0.0
2022-12-12,0.0,1.0,0.0,0.0
2022-12-13,0.2834831506753715,0.2901107686541114,0.0,0.4264060806705171
2022-12-14,0.0,0.4080146934731471,0.0,0.5919853065268528
2022-12-15,0.0,1.0,0.0,0.0
2022-12-16,0.0,1.0,0.0,0.0
2022-12-19,0.0,1.0,0.0,0.0
2022-12-20,0.0,0.4150155496733824,0.0,0.5849844503266176
2022-12-21,0.0,0.4183917004142231,0.0,0.5816082995857769
2022-12-22,0.0,0.4189568244836998,0.0,0.5810431755163002
2022-12-23,0.0,0.4187980081775327,0.0,0.5812019918224673
2022-12-27,0.0,0.4206965698528585,0.0,0.5793034301471415
2022-12-28,0.0,0.421869555606945,0.0,0.578130444393055
2022-12-29,0.0,0.41410069437303476,0.0,0.5858993056269651
2022-12-30,0.0,0.42328346584942383,0.0,0.5767165341505761
2023-01-03,0.0,0.42283161973558686,0.0,0.5771683802644132
2023-01-04,0.0,0.4273298868202591,0.0,0.5726701131797409
2023-01-05,0.0,0.428155523959957,0.0,0.5718444760400431
2023-01-06,0.0,0.42551747859372263,0.0,0.5744825214062774
2023-01-09,0.0,0.20361701182256398,0.5237190178064114,0.2726639703710245
2023-01-10,0.0,0.4277660072408047,0.0,0.5722339927591952
2023-01-11,0.16227315359393996,0.1724873932691501,0.4360884184386066,0.22915103469830328
2023-01-12,0.16355399910139307,0.1731182193197465,0.4329247938919562,0.23040298768690418
2023-01-13,0.16739561732333022,0.17558798361216893,0.42825387636259654,0.2287625227019044
2023-01-17,0.1686761528971564,0.1762619767306068,0.42714791656356504,0.2279139538086717
2023-01-18,0.0,0.2106239989611693,0.516557417956243,0.2728185830825877
2023-01-19,0.0,0.21126435220409936,0.5151466058993412,0.27358904189655947
2023-01-20,0.1684607434315533,0.1770215974842713,0.42628351294197875,0.22823414614219664
2023-01-23,0.16778669308738747,0.17759402891689177,0.42546994036685776,0.22914933762886305
2023-01-24,0.16665254370098673,0.17863376099374514,0.42814410401454744,0.2265695912907208
2023-01-25,0.16698429703191975,0.17864787431732707,0.4277714604444136,0.22659636820633958
2023-01-26,0.16662871414181488,0.1792695805132411,0.4281350494936573,0.2259666558512868
2023-01-27,0.1690073806889237,0.17879180600873834,0.42676748041059975,0.22543333289173825
2023-01-30,0.1686290117199746,0.17907393792108048,0.42615020389770536,0.2261468464612395
2023-01-31,0.167936485480673,0.17894580294286458,0.42578807699274435,0.227329634583718
2023-02-01,0.1705064927957518,0.18035274313026758,0.4219471255092302,0.22719363856475033
2023-02-02,0.1711510865801063,0.18160023163005348,0.42081197490794636,0.2264367068818938
2023-02-03,0.16786146193954596,0.19236622848814786,0.4130136291172543,0.22675868045505201
2023-02-06,0.17163792344538892,0.19572794706359734,0.4126394132346942,0.21999471625631942
2023-02-07,0.17074709224129678,0.19403963872476257,0.4076731630955269,0.22754010593841378
2023-02-08,0.172710906947787,0.1957699723885184,0.4045113989300621,0.22700772173363248
2023-02-09,0.17507246942339033,0.2116203703596541,0.40034219218472716,0.21296496803222845
2023-02-10,0.28886998861612817,0.3612605071812368,0.0,0.34986950420263513
2023-02-13,0.17499193938398944,0.22022792302348979,0.39394337262444423,0.21083676496807655
2023-02-14,0.28868384106050066,0.3630114500001841,0.0,0.3483047089393153
2023-02-15,0.2893713080391475,0.36279161899260715,0.0,0.34783707296824534
2023-02-16,0.2903682809764536,0.3625314575031837,0.0,0.3471002615203626
2023-02-17,0.28757571097199536,0.36221378224518447,0.0,0.3502105067828201
2023-02-21,0.2864235602776198,0.36367218147005687,0.0,0.3499042582523233
2023-02-22,0.28338652043677853,0.3656053272932677,0.0,0.3510081522699538
2023-02-23,0.2833983167957109,0.3668089265694212,0.0,0.34979275663486775
2023-02-24,0.283053630388976,0.3670069888538273,0.0,0.3499393807571967
2023-02-27,0.28608405150347865,0.36303028698359835,0.0,0.35088566151292294
2023-02-28,0.2871473501880341,0.3602509122996381,0.0,0.35260173751232776
2023-03-01,0.29746437407453663,0.3567272863131492,0.0,0.3458083396123143
2023-03-02,0.2934848085101906,0.35453463257179724,0.0,0.3519805589180121
2023-03-03,0.2923501463149996,0.354844208018903,0.0,0.3528056456660974
2023-03-06,0.2909131833556517,0.35157506856028237,0.0,0.3575117480840659
2023-03-07,0.2944975757017999,0.3507299930155346,0.0,0.35477243128266545
2023-03-08,0.29687749109868294,0.3485471912792258,0.0,0.35457531762209116
2023-03-09,0.29776316282130877,0.3480553837461985,0.0,0.3541814534324927
2023-03-10,0.0,0.49609660517872595,0.0,0.503903394821274
2023-03-13,0.0,0.2565418762971692,0.48905229499808434,0.25440582870474643
2023-03-14,0.18113347676176533,0.2140818147318675,0.39980976529174217,0.20497494321462498
2023-03-15,0.0,0.259677462082951,0.48825928181096756,0.2520632561060814
2023-03-16,0.18864148419411003,0.20812688235475832,0.3900701531438002,0.21316148030733134
2023-03-17,0.1874520930722272,0.2064546126807023,0.3907934643733155,0.21529982987375487
2023-03-20,0.18984773693255144,0.2074293764712409,0.3979492812623209,0.20477360533388672
2023-03-21,0.18814383621930791,0.20302389730347867,0.4007148657136075,0.20811740076360588
2023-03-22,0.19046944832470097,0.20289519796378555,0.4036963569461682,0.20293899676534527
2023-03-23,0.19157575747084432,0.20647675717660166,0.3975372664783144,0.20441021887423952
2023-03-24,0.1919121961799331,0.20662210129845918,0.39892053448632436,0.20254516803528333
2023-03-27,0.19074225781134307,0.20532514887028272,0.4043300963135226,0.19960249700485155
2023-03-28,0.19569782808102243,0.20903787820209177,0.39431406442159816,0.2009502292952877
2023-03-29,0.19824200162990394,0.21117121268837538,0.3917977014551084,0.19878908422661223
2023-03-30,0.19558759636491527,0.21124721134565647,0.394822498767877,0.19834269352155137
2023-03-31,0.19514221728864867,0.20977733458739034,0.3973956360662092,0.1976848120577519
2023-04-03,0.19298609704500813,0.21180781639078736,0.39747689817838655,0.19772918838581793
2023-04-04,0.19438414388089248,0.21241802713228947,0.39400671338534027,0.19919111560147773
2023-04-05,0.19475953306003937,0.21784457196393692,0.3942831046726436,0.19311279030338013
2023-04-06,0.194966388191293,0.2171715446789772,0.39443923440641626,0.19342283272331356
2023-04-10,0.19515302482825347,0.21664849857181695,0.3959976318251173,0.1922008447748123
2023-04-11,0.1973899617441682,0.21759815626204865,0.3938461943284435,0.19116568766533967
2023-04-12,0.19511003076959582,0.21920895285471714,0.39562644782703643,0.1900545685486507
2023-04-13,0.1943631273511339,0.21829615226963567,0.3962275912943669,0.19111312908486347
2023-04-14,0.193223237696001,0.21656031154439176,0.3993476224774526,0.1908688282821546
2023-04-17,0.19558704546440736,0.21435512460234254,0.4058318177094737,0.18422601222377644
2023-04-18,0.196434327161706,0.21411156440272508,0.4025852179894902,0.18686889044607882
2023-04-19,0.2001420302278973,0.2132667625834469,0.40120197467156676,0.1853892325170891
2023-04-20,0.20193779297041328,0.2127257868895537,0.4007892922638388,0.18454712787619415
2023-04-21,0.2014669357497354,0.2129544042183884,0.4009159454792619,0.18466271455261424
2023-04-24,0.20168436794860747,0.21354288074705577,0.40117081437399105,0.1836019369303456
2023-04-25,0.20346823509801515,0.21318040330703114,0.3988160313965069,0.18453533019844673
2023-04-26,0.20161673093973626,0.2119236648134151,0.39952094982886127,0.18693865441798727
2023-04-27,0.20376195453198007,0.2123879434429065,0.3977068874618223,0.18614321456329108
2023-04-28,0.20158732191986767,0.2110510839170711,0.40013333176125787,0.18722826240180335
2023-05-01,0.20075160639309508,0.21091972433909456,0.40039002409602353,0.1879386451717869
2023-05-02,0.20517522273987926,0.21159871416326348,0.38809827254580487,0.19512779055105237
2023-05-03,0.20397742756088605,0.2103036387820539,0.385793448955004,0.1999254847020561
2023-05-04,0.20316272302078706,0.21193248649259752,0.38646616306771975,0.1984386274188956
2023-05-05,0.2048748256100427,0.21245561445555664,0.3854109214776245,0.19725863845677613
2023-05-08,0.20341652721533435,0.2121040600233904,0.3893634271230437,0.19511598563823143
2023-05-09,0.20471021167363276,0.2119339282460712,0.38702104702816303,0.19633481305213296
2023-05-10,0.2040333470307527,0.21163549085782052,0.38884933115707604,0.19548183095435062
2023-05-11,0.20606593943137136,0.21323725098663265,0.38474993150458336,0.19594687807741248
2023-05-12,0.2061782327586464,0.21326985366206394,0.386081503084471,0.1944704104948188
2023-05-15,0.20659228035874122,0.21394526393827829,0.382781773379134,0.19668068232384664
2023-05-16,0.20920179270623107,0.21251097127197421,0.38245837546587,0.19582886055592472
2023-05-17,0.2097145067727963,0.21180463332024368,0.3845315527266939,0.1939493071802661
2023-05-18,0.21141401287750478,0.2100202824099027,0.38844852909985766,0.1901171756127348
2023-05-19,0.2111058215578002,0.2119804231049325,0.3880801053355075,0.18883365000175964
2023-05-22,0.21145539421145387,0.21188979263113947,0.3888313366236651,0.18782347653374162
2023-05-23,0.21112039198149915,0.21552729588751485,0.38748413543487914,0.18586817669610678
2023-05-24,0.20925595063149574,0.21391982949584878,0.38986136476360106,0.18696285510905447
2023-05-25,0.2097604721922311,0.2116770480907857,0.3914769064216771,0.18708557329530606
2023-05-26,0.20872664416473097,0.21188312006052404,0.3938416076623207,0.18554862811242434
2023-05-30,0.2074059617954842,0.21075911491388885,0.3958020168602691,0.18603290643035802
2023-05-31,0.21003147635276195,0.2105982915142377,0.3942230861182533,0.185147146014747
2023-06-01,0.2097964102562498,0.20902617801581264,0.39498018136631624,0.18619723036162145
2023-06-02,0.21175848645279782,0.2085842785914707,0.39062828247244735,0.18902895248328425
2023-06-05,0.21102842357335458,0.20894562900105101,0.3921699925374982,0.18785595488809625
2023-06-06,0.21720035752060768,0.2070645463931965,0.38920757129741257,0.18652752478878334
2023-06-07,0.21635173784205367,0.20190779692425556,0.394820836566342,0.18691962866734885
2023-06-08,0.2138038916914921,0.1992401340438176,0.39614171883393595,0.1908142554307543
2023-06-09,0.2177694069702377,0.19941529581542497,0.3951288213203476,0.1876864758939897
2023-06-12,0.2105109224509313,0.21483181132067544,0.39390423499536753,0.1807530312330256
2023-06-13,0.21304513923222093,0.21751258982242214,0.39095099752248774,0.17849127342286922
2023-06-14,0.21212021283798152,0.21543133114532378,0.3844764829646946,0.18797197305200022
2023-06-15,0.2116960383900336,0.21923390805741297,0.38298827087489246,0.18608178267766107
2023-06-16,0.21140290427781372,0.2218248588089866,0.37511757713325466,0.19165465977994503
2023-06-20,0.2149125496132026,0.21545165646281964,0.3775121012319165,0.1921236926920613
2023-06-21,0.21462405164959036,0.21027952165849068,0.3802779352103534,0.1948184914815655
2023-06-22,0.2132960509634831,0.21025650875025004,0.37933117378797493,0.19711626649829184
2023-06-23,0.20968438990633323,0.20731113810921942,0.3894165970806073,0.19358787490384013
2023-06-26,0.2095344937637347,0.201686791793039,0.3917859432604477,0.19699277118277844
2023-06-27,0.21211609405912674,0.2036074742333049,0.3885188829677817,0.19575754873978668
2023-06-28,0.20970679029477404,0.2050776963789293,0.38775485755775424,0.19746065576854227
2023-06-29,0.21296392201065148,0.2038123335407004,0.38709612201360194,0.19612762243504617
2023-06-30,0.21376995999928539,0.20623904419016387,0.38152686520056395,0.19846413060998688
2023-07-03,0.21075439758075856,0.2012197057103452,0.3814678742913857,0.20655802241751062
2023-07-05,0.21036652566369737,0.20180394071277846,0.38228533432329526,0.20554419930022888
2023-07-06,0.3416692410581805,0.32275986701076836,0.0,0.335570891931051
2023-07-07,0.34246434042138074,0.3149416863553878,0.0,0.34259397322323143
2023-07-10,0.3429429599367017,0.3142194433248347,0.0,0.34283759673846365
2023-07-11,0.21113448249499506,0.19345738354588884,0.3842791863120629,0.21112894764705328
2023-07-12,0.21267073276168338,0.19343678411528722,0.37902138895592724,0.21487109416710218
2023-07-13,0.21476782684925466,0.18825158633396255,0.37578833629065056,0.22119225052613223
2023-07-14,0.21530466791291897,0.18475588590953682,0.3763516732144813,0.22358777296306276
2023-07-17,0.2159620882903629,0.18514507292679114,0.37413702129261345,0.22475581749023257
2023-07-18,0.21570729070647143,0.1851670919175703,0.37391883705008855,0.2252067803258698
2023-07-19,0.21645231508310395,0.18462586341850493,0.37778088622134476,0.22114093527704642
2023-07-20,0.2158974875754627,0.18452852917075993,0.3756221345674472,0.22395184868633014
2023-07-21,0.21476641164947957,0.18493236849358982,0.37576236441485505,0.22453885544207558
2023-07-24,0.22028475035477,0.18507052398049587,0.37435158008962965,0.22029314557510438
2023-07-25,0.22076712068985968,0.1843471147380855,0.37488476087832284,0.22000100369373196
2023-07-26,0.22974937048631527,0.18439862564004827,0.370642187181869,0.21520981669176736
2023-07-27,0.23077826664469145,0.1835878553501322,0.37211892236765765,0.2135149556375186
2023-07-28,0.22916188623196745,0.18427247688608628,0.37941432482143433,0.20715131206051177
2023-07-31,0.22604245314646093,0.17985137542925078,0.383328151823508,0.21077801960078033
2023-08-01,0.3684889478709409,0.2889631737326815,0.0,0.3425478783963776
2023-08-02,0.3739940496882121,0.28428618110051396,0.0,0.34171976921127406
2023-08-03,0.37266254419194944,0.2767792929182403,0.0,0.35055816288981023
2023-08-04,0.3718277477660614,0.2769236161833342,0.0,0.35124863605060436
2023-08-07,0.37065412417498755,0.27639172569796244,0.0,0.3529541501270501
2023-08-08,0.23156489226814655,0.17287405221262928,0.3732629440970552,0.2222981114221689
2023-08-09,0.23041212711077447,0.17222219824165416,0.3739019197132151,0.2234637549343562
2023-08-10,0.3656888266217873,0.2765743223952498,0.0,0.3577368509829629
2023-08-11,0.365180104549237,0.2772235364581795,0.0,0.3575963589925835
2023-08-14,0.36403697693467496,0.27444608109011703,0.0,0.361516941975208
2023-08-15,0.36855414989781343,0.27244510230070734,0.0,0.3590007478014792
2023-08-16,0.5744143634032873,0.4255856365967127,0.0,0.0
2023-08-17,0.572039577465352,0.42796042253464806,0.0,0.0
2023-08-18,0.5698576574014774,0.4301423425985227,0.0,0.0
2023-08-21,0.5713398243103786,0.4286601756896215,0.0,0.0
2023-08-22,0.5678675768459636,0.4321324231540363,0.0,0.0
2023-08-23,0.3565484022369048,0.2689302335564639,0.0,0.37452136420663135
2023-08-24,0.3614032420428893,0.26965053646339177,0.0,0.36894622149371886
2023-08-25,0.35121508734195656,0.27093154287409815,0.0,0.3778533697839453
2023-08-28,0.35051225947834824,0.27230379314758596,0.0,0.3771839473740658
2023-08-29,0.3495074719162129,0.2726370736230036,0.0,0.37785545446078345
2023-08-30,0.34603210046339355,0.27037265950297595,0.0,0.3835952400336305
2023-08-31,0.344568380797914,0.2704635419182198,0.0,0.38496807728386623
2023-09-01,0.34382725839052675,0.27176045438376106,0.0,0.3844122872257122
2023-09-05,0.33904013391607213,0.2695829601252223,0.0,0.3913769059587055
2023-09-06,0.33445740626343023,0.2672137535852794,0.0,0.39832884015129033
2023-09-07,0.3325428431011725,0.26848498123128056,0.0,0.39897217566754706
2023-09-08,0.3349852736305338,0.2678103723611164,0.0,0.3972043540083497
2023-09-11,0.3336506903034533,0.2680587637069847,0.0,0.39829054598956204
2023-09-12,0.5558086402773189,0.4441913597226811,0.0,0.0
2023-09-13,0.5578655569736192,0.44213444302638083,0.0,0.0
2023-09-14,0.5586186564216902,0.4413813435783097,0.0,0.0
2023-09-15,0.3311655366012754,0.26295888561124314,0.0,0.4058755777874815
2023-09-18,0.3274798872730304,0.2665127649550786,0.0,0.40600734777189107
2023-09-19,0.32503102955859536,0.26483782576538306,0.0,0.41013114467602146
2023-09-20,0.3245012905610929,0.2698875590618574,0.0,0.4056111503770497
2023-09-21,1.0,0.0,0.0,0.0
2023-09-22,0.4358560329315263,0.0,0.0,0.5641439670684738
2023-09-25,1.0,0.0,0.0,0.0
2023-09-26,1.0,0.0,0.0,0.0
2023-09-27,1.0,0.0,0.0,0.0
2023-09-28,1.0,0.0,0.0,0.0
2023-09-29,1.0,0.0,0.0,0.0
2023-10-02,1.0,0.0,0.0,0.0
2023-10-03,1.0,0.0,0.0,0.0
2023-10-04,1.0,0.0,0.0,0.0
2023-10-05,1.0,0.0,0.0,0.0
2023-10-06,1.0,0.0,0.0,0.0
2023-10-09,1.0,0.0,0.0,0.0
2023-10-10,1.0,0.0,0.0,0.0
2023-10-11,1.0,0.0,0.0,0.0
2023-10-12,1.0,0.0,0.0,0.0
2023-10-13,1.0,0.0,0.0,0.0
2023-10-16,1.0,0.0,0.0,0.0
2023-10-17,1.0,0.0,0.0,0.0
2023-10-18,0.5002870659349876,0.0,0.0,0.4997129340650122
2023-10-19,0.5016118168809391,0.0,0.0,0.4983881831190609
2023-10-20,0.5040610650873749,0.0,0.0,0.49593893491262514
2023-10-23,0.49123000525148114,0.0,0.0,0.5087699947485187
2023-10-24,0.4938577270561857,0.0,0.0,0.5061422729438143
2023-10-25,0.0,0.0,0.0,1.0
2023-10-26,0.0,0.0,0.0,1.0
2023-10-27,0.0,0.0,0.0,1.0
2023-10-30,0.0,0.0,0.0,1.0
2023-10-31,0.0,0.0,0.0,1.0
2023-11-01,0.484308095118067,0.0,0.0,0.515691904881933
2023-11-02,0.47872223139291503,0.0,0.0,0.521277768607085
2023-11-03,0.46649378319150203,0.0,0.0,0.533506216808498
2023-11-06,0.46402030394170624,0.0,0.0,0.5359796960582938
2023-11-07,0.4665841380718206,0.0,0.0,0.5334158619281795
2023-11-08,0.46765399881564457,0.0,0.0,0.5323460011843555
2023-11-09,0.4753825197851991,0.0,0.0,0.5246174802148009
2023-11-10,1.0,0.0,0.0,0.0
2023-11-13,0.4733317134134923,0.0,0.0,0.5266682865865078
2023-11-14,0.3200680181782154,0.32508539009089576,0.0,0.35484659173088895
2023-11-15,0.3204585924707197,0.31428493495108106,0.0,0.36525647257819926
2023-11-16,0.32078075444082,0.3143789782023477,0.0,0.3648402673568322
2023-11-17,0.32269193337206215,0.31608510840348086,0.0,0.36122295822445694
2023-11-20,0.3276594470854696,0.31414816040792964,0.0,0.35819239250660084
2023-11-21,0.327136955268075,0.3149414331933115,0.0,0.35792161153861357
2023-11-22,0.32843404203744825,0.31821211154162665,0.0,0.35335384642092504
2023-11-24,0.3307100588949475,0.31846325941632897,0.0,0.3508266816887235
2023-11-27,0.33208093357603263,0.3171711740633552,0.0,0.3507478923606122
2023-11-28,0.21608341753891053,0.20649727591984496,0.3501942103942502,0.2272250961469943
2023-11-29,0.21695760821039053,0.20729320063433262,0.3524839686118813,0.22326522254339562
2023-11-30,0.21620384648713237,0.20790604581330188,0.3514982584990791,0.22439184920048655
2023-12-01,0.2172460143989368,0.20803426130325325,0.3501971900089205,0.22452253428888946
2023-12-04,0.22058178027175937,0.20960406690083633,0.34900799827278367,0.22080615455462071
2023-12-05,0.2235765054212637,0.21173373571333112,0.3533155626787498,0.21137419618665537
2023-12-06,0.22496312544282024,0.2140449691944712,0.34978709777385714,0.2112048075888513
2023-12-07,0.22518025267724295,0.21415846082299328,0.3489683939830445,0.21169289251671927
2023-12-08,0.22401541904688,0.21428058518058987,0.3495017971169355,0.21220219865559467
2023-12-11,0.22595315862806173,0.21863362387861962,0.34746154270801466,0.2079516747853039
2023-12-12,0.22965434339579555,0.21806766709351263,0.347174662830587,0.20510332668010492
2023-12-13,0.22922082863531015,0.21845347591035316,0.3466047393410546,0.20572095611328217
2023-12-14,0.23208622007818494,0.22067765063040815,0.3447146640092907,0.20252146528211637
2023-12-15,0.23587755708059185,0.22056619101765634,0.3408977761706354,0.20265847573111642
2023-12-18,0.2413911408803401,0.22138616349163748,0.3390199673995425,0.19820272822847995
2023-12-19,0.2413193159910924,0.22133387610080146,0.3393020368407673,0.19804477106733878
2023-12-20,0.2393050214094755,0.2193560969823821,0.3445178170830623,0.1968210645250801
2023-12-21,0.23939753357961674,0.2205258604831669,0.34317014256399125,0.19690646337322526
2023-12-22,0.2379965310289768,0.21580915004599321,0.34589881835512504,0.2002955005699048
2023-12-26,0.23803200930364476,0.21641880620064236,0.3449932679110153,0.20055591658469768
2023-12-27,0.23767258757686704,0.216010054478351,0.3441866590472118,0.20213069889757027
2023-12-28,0.23452178150878877,0.2196911498294389,0.3433700602407224,0.20241700842105007
2023-12-29,0.23781883529620543,0.22055625959449654,0.34402050306871784,0.19760440204058016
2024-01-02,0.2373603016094899,0.22001075073216186,0.34565973544907314,0.19696921220927507
2024-01-03,0.23773131351089977,0.2185107844681074,0.3450544558634718,0.19870344615752117
2024-01-04,0.23766153475949583,0.21838453605012753,0.3474025450445636,0.196551384145813
2024-01-05,0.23474002965166121,0.21585658719589762,0.3496273378039398,0.19977604534850135
2024-01-08,0.23430633823276015,0.2191454662961863,0.34739493174045055,0.19915326373060308
2024-01-09,0.23082328507353408,0.2187134999142558,0.350815206707566,0.19964800830464416
2024-01-10,0.22953842646033495,0.21563727496408794,0.35728739989321373,0.19753689868236335
2024-01-11,0.22429061535105657,0.21240525022822224,0.3479243121121638,0.21537982230855734
2024-01-12,0.22518041576600792,0.2117331886711995,0.3482769068407169,0.21480948872207578
2024-01-16,0.2237127887749034,0.21014968326913272,0.3549632177040208,0.21117431025194305
2024-01-17,0.2295523240507889,0.20988563513766376,0.3480894738703802,0.2124725669411671
2024-01-18,0.2309403949585464,0.20884478977022147,0.34820705227687215,0.21200776299435994
2024-01-19,0.23545891474461939,0.2093325346421966,0.3461315230388154,0.20907702757436852
2024-01-22,0.23257319463715395,0.20986247553090887,0.347775398127535,0.20978893170440222
2024-01-23,0.23323674094881164,0.20988381409593826,0.3479165299812385,0.20896291497401162
2024-01-24,0.2397807039873321,0.20712574374102508,0.3484942981526711,0.20459925411897176
2024-01-25,0.24664144710401223,0.2062260457619748,0.34694321171609904,0.20018929541791392
2024-01-26,0.24780075790516082,0.20599672999195914,0.34390779432604845,0.20229471777683164
2024-01-29,0.24908486768592814,0.2073662448529865,0.3420316518225019,0.20151723563858354
2024-01-30,0.2488473502647642,0.2074417257230524,0.3421310884039834,0.2015798356082
2024-01-31,0.24709505250739522,0.2049591538669954,0.34961568098766327,0.1983301126379461
2024-02-01,0.2419324700389971,0.21265832845465402,0.3485382684506069,0.19687093305574194
2024-02-02,0.2395876690453737,0.21411993639228766,0.3508059395611156,0.19548645500122303
2024-02-05,0.23997322081076655,0.21585983313086465,0.34642206025650985,0.197744885801859
2024-02-06,0.2408630807478726,0.21841291659274567,0.34136135025836134,0.19936265240102033
2024-02-07,0.2408267512371559,0.2179348039120727,0.3395388770665543,0.20169956778421705
2024-02-08,0.2405842442986971,0.214961609242388,0.34519162041111395,0.19926252604780087
2024-02-09,0.24671951530182615,0.21261727476183143,0.33982313334919656,0.20084007658714575
2024-02-12,0.24662617709917148,0.2125862337101337,0.33984859443832355,0.20093899475237126
2024-02-13,0.24809391615062115,0.22139443046710616,0.33971699893134844,0.19079465445092442
2024-02-14,0.24359176975129868,0.2188547689865744,0.3447914136124773,0.19276204764964963
2024-02-15,0.2412287025898852,0.2155792750100998,0.34681192699095414,0.19638009540906085
2024-02-16,0.24014223345982696,0.21759306407719795,0.34690263085501843,0.1953620716079566
2024-02-20,0.2401747709285163,0.21835304613110215,0.345869267995221,0.19560291494516063
2024-02-21,0.2381375136311425,0.2187901276169555,0.34554570320967254,0.1975266555422295
2024-02-22,0.23856346274909251,0.2190114918214882,0.344165298605864,0.19825974682355527
2024-02-23,0.22582057804145836,0.21978807082480958,0.35270421032077776,0.20168714081295447
2024-02-26,0.22534779501914945,0.2196925445191491,0.353765506840105,0.20119415362159643
2024-02-27,0.22298643026840992,0.218321071043228,0.35344992754147436,0.2052425711468878
2024-02-28,0.22253080429688485,0.21756503770466526,0.3552789436506277,0.20462521434782213
2024-02-29,0.2222727366267266,0.21585356395803817,0.35685865883100415,0.20501504058423103
2024-03-01,0.21739435934969512,0.2136460309410752,0.3600780666734095,0.20888154303582013
2024-03-04,0.2163834264456281,0.21324966443521653,0.35803967143177695,0.21232723768737838
2024-03-05,0.21654171215467014,0.21392216353488397,0.3645518996775299,0.20498422463291613
2024-03-06,0.2144291483348397,0.21555023527709463,0.3638234756689959,0.2061971407190699
2024-03-07,0.21629172789975612,0.21301405332175333,0.36524427628257383,0.20544994249591686
2024-03-08,0.2130382387219345,0.2083340277049118,0.3679757640695199,0.21065196950363374
2024-03-11,0.21077536816678244,0.2073775878796283,0.3675940447530693,0.21425299920052002
2024-03-12,0.2109361287488146,0.20581719148677238,0.3687006051314936,0.21454607463291936
2024-03-13,0.20321553312942345,0.20033639734163203,0.38057392901249265,0.21587414051645204
2024-03-14,0.19988664578969795,0.19850877934917138,0.389490503147094,0.21211407171403657
2024-03-15,0.20050715354514892,0.2007848982591159,0.38262138380569805,0.21608656439003726
2024-03-18,0.19899208929587356,0.20104763915460763,0.3839043050044929,0.2160559665450261
2024-03-19,0.19833309005606198,0.2021340372239367,0.3828122174758676,0.21672065524413364
2024-03-20,0.2028509343478,0.20348568657171714,0.3787048148459047,0.2149585642345782
2024-03-21,0.20283807509210644,0.20853371998632445,0.377268846789143,0.2113593581324262
2024-03-22,0.20269689525414392,0.20837830818218123,0.3773299310514595,0.21159486551221535
2024-03-25,0.20308808555220517,0.20908216013924577,0.3769965777448873,0.2108331765636617
2024-03-26,0.20047035110586117,0.20745961373948626,0.3829208880346817,0.20914914711997076
2024-03-27,0.19965220173848855,0.20748064177544462,0.38264868515637895,0.2102184713296878
2024-03-28,0.19979837981209025,0.20759653507272832,0.38260885842075143,0.20999622669442994
2024-04-01,0.20003748438101104,0.21166641620116475,0.384800893495079,0.20349520592274506
2024-04-02,0.20455417714183988,0.21504805995667317,0.37486143867017313,0.20553632423131374
2024-04-03,0.20444954506184332,0.2137308428971506,0.3810844935778377,0.20073511846316835
2024-04-04,0.20469958896257628,0.21317342334946357,0.3826768007059756,0.19945018698198463
2024-04-05,0.20311645484635088,0.21273816438523427,0.38390782957048886,0.20023755119792602
2024-04-08,0.20287949118209664,0.21924810044192783,0.3827053923046143,0.1951670160713614
2024-04-09,0.20304113919647881,0.2194444550511019,0.3825364656167374,0.19497794013568182
2024-04-10,0.2021410625767689,0.2183315231402328,0.38582342894390276,0.19370398533909558
2024-04-11,0.20675875107410846,0.22003323425997307,0.37324638617839023,0.19996162848752821
2024-04-12,0.20229108336148366,0.22968844168105354,0.3764494292986074,0.1915710456588553
2024-04-15,0.19954411885841516,0.2246246983359762,0.38301180920021566,0.19281937360539309
2024-04-16,0.32103983004526915,0.3725158781942746,0.0,0.30644429176045623
2024-04-17,0.202943360683756,0.22599588805226276,0.3811566321262695,0.18990411913771169
2024-04-18,0.20297017829472952,0.22783020709614832,0.3795648173820577,0.18963479722706442
2024-04-19,0.20298841486860758,0.22794027764611757,0.37934013929347926,0.18973116819179559
2024-04-22,0.19969055747043266,0.2294911475354642,0.3785093208898937,0.19230897410420952
2024-04-23,0.20213150097564878,0.22864397975080744,0.39088665548659185,0.1783378637869519
2024-04-24,0.20027746585800837,0.2267500489816094,0.39331660322513584,0.17965588193524648
2024-04-25,0.3312301809618787,0.37369617164381685,0.0,0.2950736473943046
2024-04-26,0.20056405702716013,0.225880644099365,0.39470902009556386,0.17884627877791093
2024-04-29,0.20509861576526234,0.22268339173880614,0.39493585415082616,0.17728213834510548
2024-04-30,0.20672465976384144,0.22250538429736383,0.39510376052073337,0.17566619541806142
2024-05-01,0.20145698305297996,0.2185555671068723,0.41098358762892423,0.1690038622112235
2024-05-02,0.19870867503709766,0.2165262484504074,0.41797135051684375,0.16679372599565123
2024-05-03,0.19759295448687336,0.2125495338236253,0.4224452709127425,0.16741224077675887
2024-05-06,0.19772525551989478,0.21217429435289495,0.4206130319243752,0.1694874182028352
2024-05-07,0.19552458901500533,0.2117044976445185,0.42394771187854813,0.16882320146192803
2024-05-08,0.19637979351913906,0.21195302486038275,0.42291255755282253,0.16875462406765554
2024-05-09,0.19665632354004703,0.2120948905856336,0.4223364402656112,0.1689123456087082
2024-05-10,0.19425127888484678,0.21209075180900516,0.4298196961605851,0.16383827314556304
2024-05-13,0.19424124871934462,0.21375987822834816,0.4301509486440996,0.16184792440820764
2024-05-14,0.19456071210450784,0.21717644336450945,0.4301203483546469,0.1581424961763359
2024-05-15,0.19527400891263574,0.21558628405815122,0.43142372604741774,0.15771598098179523
2024-05-16,0.19671583588917532,0.21676111407569967,0.42695948049216403,0.15956356954296094
2024-05-17,0.1964104365783336,0.21507303809374048,0.42954617819085344,0.15897034713707248
2024-05-20,0.20713118319211635,0.2167698531723522,0.42161856883280935,0.1544803948027221
2024-05-21,0.20633097752626955,0.21594112774335278,0.42374971744393636,0.15397817728644114
2024-05-22,0.20670720440096,0.21563115679022316,0.4237710361637848,0.15389060264503213
2024-05-23,0.2084463453919206,0.21381715934476533,0.42839413094540396,0.14934236431791004
2024-05-24,0.20826655909616493,0.2162532141657704,0.43107856913273757,0.1444016576053271
2024-05-28,0.20784325919394478,0.21473581900409608,0.43258529937176726,0.14483562243019196
2024-05-29,0.20864374513447836,0.21589840277763916,0.42938507294873174,0.14607277913915065
2024-05-30,0.2094655015001631,0.20898518757647486,0.4325046948507357,0.14904461607262628
2024-05-31,0.21101822061954253,0.2063903771119523,0.43373448305557627,0.14885691921292887
2024-06-03,0.20977016344885085,0.2086486086832781,0.43237324031997837,0.1492079875478927
2024-06-04,0.21358365927228454,0.21374348416609884,0.42354527742441833,0.14912757913719837
2024-06-05,0.21570579534119033,0.21465071751488718,0.42086481553638355,0.14877867160753902
2024-06-06,0.21291912739570631,0.21637538838259793,0.4220790898654668,0.14862639435622882
2024-06-07,0.2147435110292328,0.2162379944921511,0.42023223927523495,0.14878625520338104
2024-06-10,0.22357262694342606,0.2200323297936146,0.4166349656300209,0.13976007763293855
2024-06-11,0.22084783358641394,0.21953811555295777,0.4219699636739355,0.13764408718669288
2024-06-12,0.22439714749349624,0.21560209498768296,0.42140184243149115,0.1385989150873295
2024-06-13,0.2257131201269225,0.2134005340106424,0.42078388014640417,0.1401024657160309
2024-06-14,0.22920595891594586,0.208852426189291,0.42099423925682045,0.1409473756379428
2024-06-17,0.23151854618628132,0.20782279248900318,0.42037620890227345,0.14028245242244186
2024-06-18,0.23105403680931838,0.20864190902765295,0.41946260077820735,0.14084145338482143
2024-06-20,0.23126394582751744,0.20831394711701734,0.4188307798854105,0.14159132717005474
2024-06-21,0.23148616676310535,0.2086455856828934,0.4193108133895294,0.14055743416447186
2024-06-24,0.23246927356160857,0.20793575820697577,0.4210813756711206,0.13851359256029516
2024-06-25,0.23342225387130888,0.20636549015093553,0.42193470889417234,0.1382775470835832
2024-06-26,0.2327864960502096,0.20613652436022986,0.42194740164552347,0.13912957794403719
2024-06-27,0.23118826175570042,0.20340813675633268,0.42742707856693446,0.13797652292103238
2024-06-28,0.23246664085404292,0.20404306623984705,0.4252970706999013,0.13819322220620858
2024-07-01,0.23291520359982368,0.20620589155484706,0.42113376589680407,0.13974513894852508
2024-07-02,0.23982279509608898,0.2075786637738722,0.41316942003434975,0.139429121095689
2024-07-03,0.2403364457217392,0.2057824262961383,0.41297719682715417,0.14090393115496827
2024-07-05,0.24240544055361024,0.2048851266913577,0.41113115959890095,0.14157827315613108
2024-07-08,0.2429877721837839,0.20511903327128214,0.4108033969951032,0.14108979754983067
2024-07-09,0.236989425273612,0.1994646926907253,0.4301486304367162,0.13339725159894644
2024-07-10,0.23793615011605693,0.1980923364228603,0.4276833867262433,0.1362881267348394
2024-07-11,0.24328899163061857,0.19856769946324732,0.4221575325334818,0.1359857763726523
2024-07-12,0.24568867794521138,0.19636935924180238,0.423384275368387,0.1345576874445991
2024-07-15,0.24445693955100153,0.19686536551984682,0.42454242406360276,0.13413527086554894
2024-07-16,0.248001638832135,0.19358076170383923,0.4238778825975757,0.13453971686645014
2024-07-17,0.24891138095273802,0.19433919219082546,0.42532850366233743,0.13142092319409898
2024-07-18,0.24282736717839454,0.19499243274157313,0.42963486464925826,0.13254533543077412
2024-07-19,0.24072136812793893,0.19472783228789595,0.42607637457136815,0.138474425012797
2024-07-22,0.24313351942401315,0.19656761392193678,0.42510798841131636,0.13519087824273376
2024-07-23,0.23996159524657065,0.1946772551844333,0.4296002680525288,0.13576088151646734
2024-07-24,0.2399265852638135,0.19345675556270503,0.431272449504877,0.13534420966860458
2024-07-25,0.2227597622479011,0.19607748690810184,0.44155522835166117,0.13960752249233593
2024-07-26,0.22237765544018562,0.1959759639110133,0.4439156317935082,0.13773074885529288
2024-07-29,0.2268372698298302,0.1934974690369459,0.44106234879184586,0.138602912341378
2024-07-30,0.2269956133430774,0.19231786144840468,0.4418907194908139,0.13879580571770386
2024-07-31,0.22576061179341528,0.195002871445361,0.4425465857591449,0.1366899310020788
2024-08-01,0.2237493698114175,0.19437874764154478,0.44656703312747653,0.13530484941956103
2024-08-02,0.2235239771367292,0.18244329411188462,0.4543364922026772,0.13969623654870902
2024-08-05,0.2210312183832855,0.187046294371529,0.4443962040681058,0.14752628317707958
2024-08-06,0.20249616393104386,0.18432569551517994,0.46214614904252377,0.15103199151125246
2024-08-07,0.2034988924967414,0.18766199723716176,0.45436291232368886,0.15447619794240802
2024-08-08,0.2029138041801034,0.18769220290618693,0.4538416185168543,0.15555237439685546
2024-08-09,0.19487275864180817,0.18579647146121744,0.4617247410406645,0.15760602885630978
2024-08-12,0.19483497602382016,0.18653272159841786,0.4604234640106265,0.1582088383671354
2024-08-13,0.1952344903840335,0.18624003078541163,0.4638980114947516,0.1546274673358032
2024-08-14,0.19237173210342612,0.18336760346578035,0.46745522691728675,0.15680543751350687
2024-08-15,0.19107942829320385,0.18222072868214215,0.4687891232499748,0.15791071977467924
2024-08-16,0.18846450898805653,0.1821961838931794,0.46910448971332586,0.16023481740543824
2024-08-19,0.18965129673397876,0.18285996511352895,0.471576277589044,0.15591246056344835
2024-08-20,0.18792580411864962,0.18147538462837012,0.47122028334529686,0.15937852790768342
2024-08-21,0.18740213567840575,0.18014331179020346,0.4693526401983489,0.16310191233304186
2024-08-22,0.18791190651510756,0.17989033512008776,0.46914850836478666,0.1630492500000181
2024-08-23,0.18669147755990367,0.17947136071723332,0.4715784932450199,0.1622586684778432
2024-08-26,0.18587377458552665,0.17851229701250154,0.4736694534237456,0.16194447497822625
2024-08-27,0.1859315371056295,0.17816800962025234,0.4747296740021647,0.1611707792719535
2024-08-28,0.18628242288681138,0.1784288177762554,0.4742192354958454,0.16106952384108786
2024-08-29,0.18418236342742803,0.17706341913311563,0.4788631673040267,0.15989105013542962
2024-08-30,0.1837263272182238,0.1765330886791275,0.4791469200916475,0.1605936640110011
2024-09-03,0.18437441356306447,0.1770054793326542,0.4776585193791843,0.16096158772509703
2024-09-04,0.17927707302982823,0.17578540024938347,0.4811981455572776,0.16373938116351072
2024-09-05,0.17079201809125177,0.16905796191174755,0.48465796743369094,0.17549205256330977
2024-09-06,0.1707097975949014,0.16903675387336944,0.48459304664714703,0.17566040188458215
2024-09-09,0.16743787524689283,0.16677678460163223,0.4901902802203357,0.17559505993113927
2024-09-10,0.16576487381218177,0.1664714531370616,0.49317550481168776,0.17458816823906892
2024-09-11,0.16411414105613492,0.1677392380960177,0.4937032864302258,0.17444333441762155
2024-09-12,0.16242635790320845,0.1690007853014506,0.4923045741514553,0.1762682826438857
2024-09-13,0.16201716636803795,0.16797758720116815,0.4977493231366797,0.17225592329411415
2024-09-16,0.16155530829821443,0.16788055960183407,0.4995596837868904,0.171004448313061
2024-09-17,0.1612156517260593,0.1665686279919146,0.49982743933432683,0.1723882809476992
2024-09-18,0.16071861093579876,0.1663059258281139,0.4969922581108615,0.17598320512522578
2024-09-19,0.16188995619504434,0.1680483007747597,0.4942784061913296,0.17578333683886632
2024-09-20,0.1602398793495662,0.16463441042330665,0.49994727212719603,0.175178438099931
2024-09-23,0.1586006782792429,0.16236753188003242,0.5053378605033654,0.17369392933735933
2024-09-24,0.15841867066707443,0.1620999608986552,0.5045055686015295,0.17497579983274092
2024-09-25,0.15677796347335268,0.15984173184392167,0.5127475865551928,0.1706327181275329
2024-09-26,0.15560812898802404,0.15821698961694805,0.5169184415897105,0.16925643980531754
2024-09-27,0.1563606229299152,0.15311632652568444,0.5208372807563847,0.16968576978801564
2024-09-30,0.15516854944248915,0.15251303943932668,0.5243513003494882,0.16796711076869605
2024-10-01,0.1545227989128811,0.15187539993622395,0.5258924678821731,0.16770933326872178
2024-10-02,0.15355910967881733,0.15164373791930408,0.5247900015928602,0.17000715080901846
2024-10-03,0.15393582066811687,0.15219180145639954,0.5235044202960389,0.17036795757944467
2024-10-04,0.15636612138373654,0.15457764905532886,0.517268145430817,0.17178808413011773
2024-10-07,0.15783874272346227,0.15564387539788208,0.508922653494766,0.1775947283838898
2024-10-08,0.1577619556756069,0.15720297813962103,0.5070755079563647,0.1779595582284074
2024-10-09,0.1560977795851835,0.15751473796752943,0.51056667305877,0.17582080938851696
2024-10-10,0.15471919151895488,0.15654256995052346,0.508538469772545,0.18019976875797672
2024-10-11,0.15696000310317149,0.15651097665821145,0.5069295463805311,0.17959947385808606
2024-10-14,0.15672153936352184,0.15677837652779608,0.5084899705668763,0.1780101135418059
2024-10-15,0.15525503432511484,0.1557340492640242,0.5052841353235832,0.18372678108727786
2024-10-16,0.1565927467508261,0.15451537986846325,0.5037610631326629,0.18513081024804776
2024-10-17,0.1565186179845449,0.1548899315370453,0.5036167538862614,0.1849746965921484
2024-10-18,0.16393200080663348,0.15657594659213456,0.4948979174492366,0.1845941351519953
2024-10-21,0.1631130962857631,0.15541045872987339,0.4929348085720447,0.18854163641231889
2024-10-22,0.1668157233360344,0.15755378498599795,0.4829038409519714,0.19272665072599623
2024-10-23,0.1669204048708934,0.15751012714148507,0.4840782686281915,0.19149119935943018
2024-10-24,0.16725029381245782,0.1574773815977272,0.4855364017062505,0.18973592288356447
2024-10-25,0.16746082904486234,0.15642415815694508,0.48494564649518773,0.19116936630300477
2024-10-28,0.16798209235864076,0.16342005517400338,0.480493138706011,0.18810471376134494
2024-10-29,0.16361676643798595,0.15581518317551707,0.5046624568120875,0.17590559357440938
2024-10-30,0.17868309535769641,0.15920062605050678,0.488366782792282,0.17374949579951485
2024-10-31,0.17583306200423723,0.155062890858766,0.4964693272461028,0.17263471989089385
2024-11-01,0.1688818390905306,0.15628627540641796,0.5072407006817142,0.16759118482133728
2024-11-04,0.17788946408725598,0.15913299034316386,0.49416468289398147,0.16881286267559883
2024-11-05,0.17833587785133537,0.15978232628243544,0.4926098470991358,0.1692719487670933
2024-11-06,0.17549458830783132,0.15829188693719012,0.4914284837579064,0.17478504099707204
2024-11-07,0.17642530285998814,0.16741490893961772,0.4940492514850371,0.16211053671535694
2024-11-08,0.1816195944178535,0.16902495195344053,0.48386058565890716,0.16549486796979873
2024-11-11,0.18560891781120045,0.1665336784432514,0.48509319281026,0.16276421093528812
2024-11-12,0.22317490911158402,0.0,0.5842144492665756,0.1926106416218405
2024-11-13,0.2282471277169999,0.0,0.5777030624491316,0.1940498098338685
2024-11-14,0.22760052756376403,0.0,0.5810446327590465,0.1913548396771895
2024-11-15,0.2257956951227436,0.0,0.5831339807976831,0.1910703240795734
2024-11-18,0.22087406080122188,0.0,0.5865407875092842,0.1925851516894939
2024-11-19,0.22092808168953318,0.0,0.592667695154376,0.1864042231560908
2024-11-20,0.22159604850653716,0.0,0.5926133820810218,0.18579056941244118
2024-11-21,0.2216835967652565,0.0,0.5927962257033761,0.1855201775313674
2024-11-22,0.22225726087521686,0.0,0.5922751543968228,0.18546758472796035
2024-11-25,0.22267114451352596,0.0,0.5935580220103874,0.18377083347608675
2024-11-26,0.23709486038731087,0.0,0.5828910054236007,0.1800141341890883
2024-11-27,0.24753850150406442,0.0,0.5766128592300975,0.1758486392658382
2024-11-29,0.24576460999270222,0.0,0.5794483155164358,0.174787074490862
2024-12-02,0.20367647165250574,0.1746899562856507,0.4766910568846512,0.14494251517719234
2024-12-03,0.2116213024260315,0.17835697698879407,0.46820239656042845,0.14181932402474584
2024-12-04,0.21384389003860774,0.1790319065632401,0.4659150501443023,0.14120915325384992
2024-12-05,0.21341897780439456,0.17963032673174795,0.46559684949788144,0.1413538459659761
2024-12-06,0.21548068466890208,0.17955569250109746,0.4645859611278806,0.14037766170211993
2024-12-09,0.2167048008794514,0.1806028981684832,0.4594874150562857,0.14320488589577968
2024-12-10,0.21592632513045926,0.18106464296976887,0.45955745837603884,0.14345157352373308
2024-12-11,0.215181231636555,0.18106023780448396,0.46212728856290003,0.14163124199606106
2024-12-12,0.26185691111961046,0.0,0.5649599145948208,0.1731831742855687
2024-12-13,0.2623705457527437,0.0,0.5656753102604974,0.17195414398675873
2024-12-16,0.27297213809591,0.0,0.5557247810055606,0.17130308089852958
2024-12-17,0.27251695997780256,0.0,0.554321656629178,0.17316138339301945
2024-12-18,0.27160775633798134,0.0,0.5551360464055568,0.1732561972564618
2024-12-19,0.2475443844288761,0.0,0.5700717375901061,0.18238387798101774
2024-12-20,0.24699816535423263,0.0,0.5712275083362526,0.18177432630951465
2024-12-23,0.24519059408836913,0.0,0.5724893875512971,0.1823200183603338
2024-12-24,0.24388475928357747,0.0,0.5736095895170705,0.1825056511993521
2024-12-26,0.24125675880406933,0.0,0.5749724980940094,0.18377074310192112
2024-12-27,0.24255647868790395,0.0,0.5742008470235003,0.1832426742885958
2024-12-30,0.23942012083583147,0.0,0.5770761936946746,0.18350368546949397
2024-12-31,0.23681448969822916,0.0,0.5783717981952158,0.18481371210655498
2025-01-02,0.23429723579031722,0.0,0.5847098849281133,0.18099287928156957
2025-01-03,0.2357851868691549,0.0,0.586471472295956,0.17774334083488916
2025-01-06,0.23387643980347764,0.0,0.588426537254079,0.17769702294244336
2025-01-07,0.5681287256647718,0.0,0.0,0.4318712743352282
2025-01-08,0.5633950408451524,0.0,0.0,0.4366049591548477
2025-01-10,0.5626388821449538,0.0,0.0,0.43736111785504617
2025-01-13,0.5588240003072025,0.0,0.0,0.44117599969279747
2025-01-14,0.5623582626923828,0.0,0.0,0.43764173730761713
2025-01-15,0.5629116312439041,0.0,0.0,0.43708836875609586
2025-01-16,0.2306184764993904,0.0,0.5834560280045458,0.1859254954960638
2025-01-17,0.2310621979536372,0.0,0.5818909853263593,0.18704681672000348
2025-01-21,0.17895210200424727,0.20366819337453562,0.47132781122794315,0.14605189339327404
2025-01-22,0.180768304258452,0.19621231336052009,0.4756496623503064,0.1473697200307215
2025-01-23,0.18127410891384735,0.19757575107219358,0.47323768123546756,0.14791245877849138
2025-01-24,0.18088108132778777,0.19663097414118436,0.4739698977260568,0.14851804680497097
2025-01-27,0.18079258905340667,0.1963273775116178,0.4745875663742349,0.14829246706074076
2025-01-28,0.1790508017915947,0.20088436661697706,0.47088301361438506,0.1491818179770432
2025-01-29,0.17785980184884448,0.20119275225853175,0.4712765058836676,0.14967094000895628
2025-01-30,0.1773691660983699,0.20211003122745302,0.4708607241505795,0.14966007852359775
2025-01-31,0.18445641823760012,0.19897016183870575,0.4675550250105495,0.14901839491314461
2025-02-03,0.18356380292355667,0.19629628437093447,0.4711141795045322,0.1490257332009767
2025-02-04,0.18230799937617648,0.19251710453029874,0.4765854823651576,0.1485894137283671
2025-02-05,0.18409266814565658,0.1914624888204157,0.47692050804282204,0.1475243349911056
2025-02-06,0.18979668338102706,0.18663778417176138,0.47070214232685087,0.15286339012036074
2025-02-07,0.18505611082907047,0.1858134519421251,0.47816737114338265,0.15096306608542165
2025-02-10,0.18351170808209055,0.18881888761797977,0.4756601126844835,0.1520092916154461
2025-02-11,0.18145074239041084,0.1866916856050557,0.4751322217064297,0.15672535029810375
2025-02-12,0.3388023235097726,0.36668789648880495,0.0,0.2945097800014224
2025-02-13,0.17871196218390226,0.1949264553682129,0.46846444672325105,0.1578971357246338
2025-02-14,0.1809704180838849,0.19518039254658875,0.46338198656019197,0.16046720280933455
2025-02-18,0.186167492078005,0.19668997958304854,0.4603545256337897,0.15678800270515664
2025-02-19,0.18733684897879677,0.19721643547956774,0.456608800901779,0.15883791463985636
2025-02-20,0.18801268478771124,0.1940710610827152,0.45787605508307927,0.16004019904649433
2025-02-21,0.18752095939319763,0.19427845982410719,0.4578589853607645,0.1603415954219306
2025-02-24,0.1831794328255771,0.19546122634111285,0.4581476057637862,0.16321173506952388
2025-02-25,0.18267452251123334,0.19540398957060373,0.45696572947364084,0.16495575844452218
2025-02-26,0.17731452992995483,0.1887318472553479,0.459581758757613,0.17437186405708435
2025-02-27,0.1775154913135553,0.18961291835506786,0.4589055669286561,0.17396602340272088
2025-02-28,0.17462747396392436,0.1884709592912621,0.46639468964160846,0.17050687710320506
2025-03-03,0.1707180405897178,0.19297133419456888,0.46558916653427257,0.17072145868144079
2025-03-04,0.16704374941184377,0.19222769080527055,0.4689318268283534,0.17179673295453238
2025-03-05,0.1654561988832387,0.19353968098907517,0.4695318430982572,0.17147227702942894
2025-03-06,0.16665026895912063,0.18344431522007526,0.47568516644899295,0.17422024937181116
2025-03-07,0.16308357841385882,0.182156694469012,0.4785834784133595,0.17617624870376966
2025-03-10,0.0,0.21526399680900163,0.5743828748215195,0.21035312836947884
2025-03-11,0.0,0.2058124175471326,0.5802020350346114,0.2139855474182561
2025-03-12,0.0,0.20812276850664696,0.5764838528457664,0.21539337864758654
2025-03-13,0.0,0.207972097197573,0.5751302338027139,0.216897668999713
2025-03-14,0.0,0.2077297444699481,0.5764552381451657,0.21581501738488626
2025-03-17,0.0,0.20094363700758483,0.5792042776202345,0.21985208537218057
2025-03-18,0.0,0.19987962602731532,0.5800930416922232,0.22002733228046142
2025-03-19,0.0,0.20031637927017812,0.5807048014633097,0.21897881926651225
2025-03-20,0.0,0.20374448236871906,0.5767259746830677,0.21952954294821325
2025-03-21,0.0,0.2013858503350877,0.5800714558954368,0.2185426937694756
2025-03-24,0.1510301750166842,0.17034860024531887,0.49406378408328777,0.18455744065470933
2025-03-25,0.1481422202216504,0.17173607023345508,0.49436375196294113,0.18575795758195335
2025-03-26,0.0,0.20140165531288465,0.5806020226117454,0.21799632207536976
2025-03-27,0.0,0.198661791748104,0.581270302387317,0.22006790586457892
2025-03-28,0.0,0.1984460829685709,0.5828506301477886,0.21870328688364052
2025-03-31,0.0,0.19940409614781643,0.5794721609348931,0.2211237429172906
2025-04-01,0.0,0.19830754694573324,0.5828008783953889,0.21889157465887804
2025-04-02,0.0,0.1992086973132908,0.5788158564354217,0.2219754462512875
2025-04-03,0.0,0.19871555402971877,0.5767760136521398,0.22450843231814135
2025-04-04,0.0,0.0,0.7180741694379481,0.2819258305620519
2025-04-07,0.0,0.0,0.7367802533457208,0.2632197466542793
2025-04-08,0.0,0.0,0.7217721936011193,0.2782278063988806
2025-04-09,0.0,0.0,0.7214692198201187,0.2785307801798813
2025-04-10,0.0,0.0,0.7403556645922013,0.25964433540779874
2025-04-11,0.0,0.0,0.0,1.0
2025-04-14,0.0,0.1368345736808261,0.6479177179879781,0.21524770833119575
2025-04-15,0.0,0.13830972706213449,0.644549536655882,0.21714073628198358
2025-04-16,0.0,0.1381425047656258,0.6436146475347475,0.21824284769962674
2025-04-17,0.0,0.1408716646316531,0.6496718877332317,0.20945644763511514
2025-04-21,0.0,0.14069045182454432,0.6502796182801637,0.20902992989529198
2025-04-22,0.0,0.14423264443063535,0.6513313165218949,0.2044360390474696
2025-04-23,0.0,0.14341441843123623,0.6547194515811777,0.20186612998758602
2025-04-24,0.0,0.14288767371545658,0.6621388560070042,0.19497347027753922
2025-04-25,0.0,0.1441368007423015,0.65940321239207,0.19645998686562846
2025-04-28,0.0,0.1449235022503592,0.6590515705028357,0.19602492724680512
2025-04-29,0.0,0.14539047540147126,0.658116625649344,0.19649289894918465
2025-04-30,0.0,0.14591950223531155,0.6591845072134734,0.19489599055121495
2025-05-01,0.0,0.14676901086273314,0.6591638295766921,0.19406715956057474
2025-05-02,0.0,0.14822456507989287,0.6610159684446628,0.19075946647544434
2025-05-05,0.0,0.1473110271647253,0.6615435702626828,0.19114540257259188
2025-05-06,0.0,0.1484590326347392,0.6655973526210051,0.18594361474425578
2025-05-07,0.0,0.14926796780885884,0.6696069065650515,0.18112512562608957
2025-05-08,0.0,0.1495258830094565,0.6699953270651593,0.18047878992538435
2025-05-09,0.0,0.1513945966859521,0.6692887975849161,0.17931660572913188
2025-05-12,0.1057753012944141,0.1337767528155981,0.6021124965747009,0.15833544931528698
2025-05-13,0.10380713916472296,0.13414343961561168,0.6091119380285552,0.15293748319111003
2025-05-14,0.26427118777917574,0.3418018590956092,0.0,0.3939269531252151
2025-05-15,0.10299753081442657,0.13321661599914109,0.6120717397903698,0.1517141133960627
2025-05-16,0.10420039580194082,0.13494319979022912,0.6085273917770168,0.15232901263081333
2025-05-19,0.10419655485531075,0.13504964361805033,0.6094221802996613,0.1513316212269776
2025-05-20,0.10408637394459314,0.1341610708774411,0.6120450059370642,0.14970754924090163
2025-05-21,0.2693743893073828,0.3470783344789331,0.0,0.3835472762136842
2025-05-22,0.2676562292102649,0.34654531092204915,0.0,0.38579845986768596
2025-05-23,0.10415197562355377,0.13483622630413133,0.6115605034167652,0.14945129465554974
2025-05-27,0.10449308174175946,0.1354207019145453,0.6110789894404789,0.14900722690321636
2025-05-28,0.10444743773156612,0.1351304774855949,0.6126145940799228,0.14780749070291616
2025-05-29,0.10480673272224617,0.1346043909033712,0.6125187991445424,0.14807007722984028
2025-05-30,0.10537619773560394,0.13496221613359338,0.611016156016583,0.14864543011421974
2025-06-02,0.10514711576943088,0.13653446719595236,0.6106749473324374,0.14764346970217926
2025-06-03,0.10619662015294315,0.1372771468171856,0.611010453303601,0.14551577972627022
2025-06-04,0.10621900396121263,0.13734483470970077,0.611516278042331,0.1449198832867557
2025-06-05,0.10773568818688899,0.13996472709639676,0.6068271048461636,0.14547247987055062
2025-06-06,0.10757100469323398,0.139691909737089,0.6075104724397156,0.14522661312996155
2025-06-09,0.10826297283222415,0.14088564035439177,0.6057269462883247,0.14512444052505935
2025-06-10,0.10820262704159823,0.14050675020259487,0.6056614135247939,0.14562920923101305
2025-06-11,0.10873866406883821,0.14157145499980553,0.6043175796309377,0.14537230130041867
2025-06-12,0.10910133134794718,0.14241163525135553,0.602695638529874,0.14579139487082346
2025-06-13,0.1098570535976244,0.14281172518682617,0.6010087363270362,0.14632248488851304
2025-06-16,0.11009435292908197,0.14240840642970357,0.6012741945396427,0.1462230461015717
2025-06-17,0.11023879216649872,0.14311878512678228,0.6013347171274299,0.14530770557928915
2025-06-18,0.11036538648045809,0.14296037335664502,0.6004491879418473,0.14622505222104967
2025-06-20,0.11033266949056174,0.14213742881382369,0.6022149814752338,0.14531492022038064
2025-06-23,0.11035744057388767,0.14183270562505076,0.6024390245169342,0.1453708292841274
2025-06-24,0.1103160504778207,0.1422405759959185,0.6023439550881985,0.14509941843806232
2025-06-25,0.1108542116699036,0.14261024290520144,0.6013279805787836,0.14520756484611144
2025-06-26,0.11050944705436312,0.14112534897297033,0.6047850039234343,0.14358020004923233
2025-06-27,0.11052557832284209,0.14125618536793683,0.6037796168150388,0.14443861949418227
2025-06-30,0.11057182926731973,0.1411025691160176,0.6055254618186473,0.1428001397980154
2025-07-01,0.11120501357061446,0.1418707844772402,0.6039072140911184,0.14301698786102693
2025-07-02,0.11548277373412624,0.14175542692685866,0.602294182857773,0.14046761648124212
2025-07-03,0.1213940735894735,0.16429956151410732,0.5769177135050555,0.1373886513913638
2025-07-07,0.11310545706221231,0.1590078037523088,0.5978059490553796,0.1300807901300992
2025-07-08,0.11316097960158228,0.15668465591649014,0.6008468764205273,0.1293074880614004
2025-07-09,0.1492344005819725,0.20818188672717544,0.5251734131634723,0.11741029952737968
2025-07-10,0.1638941406263004,0.20827592001611717,0.5150003431756276,0.1128295961819548
2025-07-11,0.1636684455642298,0.2191919115876441,0.5051035839709237,0.11203605887720243
2025-07-14,0.16348288511629863,0.2163701879051124,0.5085343476244457,0.11161257935414337
2025-07-15,0.16335122140612013,0.21715033278427562,0.508250704925752,0.11124774088385231
2025-07-16,0.17069589711413463,0.2111370942444091,0.5030888723210034,0.11507813632045291
2025-07-17,0.16989797270484952,0.21257423577497936,0.5030268916204435,0.11450089989972763
2025-07-18,0.17663374412033614,0.20637418933852156,0.5016711392114062,0.11532092732973619
2025-07-21,0.18339610818350047,0.21321093156994006,0.4897625541232558,0.11363040612330355
2025-07-22,0.18634617938335826,0.21182700242150093,0.4866845418416059,0.11514227635353483
2025-07-23,0.1904388590934748,0.21105927662100685,0.4856175770698928,0.11288428721562567
2025-07-24,0.19306633804638643,0.19605030237564086,0.49643015074246116,0.11445320883551165
2025-07-25,0.1925900740307087,0.19391380452104737,0.49840106909701504,0.11509505235122894
2025-07-28,0.19258920558831732,0.1933735484996037,0.4990871516068657,0.11495009430521334
2025-07-29,0.19416416077426418,0.18689473674288212,0.502910329032526,0.11603077345032768
2025-07-30,0.1954126552100159,0.18837266765998237,0.4965706817673057,0.1196439953626962
2025-07-31,0.19644787688866633,0.19220899756773177,0.49579048062065506,0.11555264492294681
2025-08-01,0.19633061272905905,0.18772204664161846,0.4953131231305493,0.12063421749877322
2025-08-04,0.19617142881706673,0.19403304269893393,0.4821002818676385,0.12769524661636092
2025-08-05,0.19271209294381494,0.19143650574323362,0.4857950454564938,0.13005635585645764
2025-08-06,0.18881037286952743,0.18864986873418735,0.49133658907848793,0.13120316931779735
2025-08-07,0.1883650388195744,0.18838348371421829,0.4915749097401267,0.1316765677260806
2025-08-08,0.21097616547135267,0.17924894395934413,0.4766249613876722,0.1331499291816311
2025-08-11,0.21098663087888428,0.17908629743880944,0.4763190504791686,0.13360802120313764
2025-08-12,0.20897861544576266,0.17793817031527176,0.47792521574903174,0.13515799848993398
2025-08-13,0.2037204750922331,0.1751566907969087,0.48513971854835186,0.13598311556250625
2025-08-14,0.2050839565963545,0.1751525417213347,0.4815692074725912,0.13819429420971957
2025-08-15,0.20544328366265854,0.1771906421621632,0.47774352074133936,0.1396225534338389
2025-08-18,0.20482583737929666,0.17614191547481295,0.475984465984772,0.14304778116111838
2025-08-19,0.2104705505242389,0.1704617269539164,0.4808447054648553,0.1382230170569893
2025-08-20,0.20825330319144303,0.1704177348521524,0.48255389456137715,0.1387750673950273
2025-08-21,0.20896802397791134,0.1689813071338403,0.4793575808521536,0.14269308803609468
2025-08-22,0.21945887301625833,0.16727498875704136,0.4706776198789221,0.14258851834777828
2025-08-25,0.21668688761213942,0.16982108263383916,0.46942858923928116,0.14406344051474018
2025-08-26,0.21567978540416693,0.16575013679527495,0.4738543942493015,0.14471568355125652
2025-08-27,0.21529202063355718,0.1653721024790346,0.4748622500631954,0.14447362682421283
2025-08-28,0.21209236338950913,0.1642647316266452,0.4707234860642524,0.15291941891959335
2025-08-29,0.212103091283418,0.1651467266561935,0.46973548378025476,0.1530146982801337
2025-09-02,0.20728700629317107,0.16262135012666304,0.47966368544190124,0.1504279581382647
2025-09-03,0.20813352082524222,0.16230430638289434,0.485413499638739,0.14414867315312438
2025-09-04,0.20737182876673915,0.15961579856917743,0.4888906947886178,0.14412167787546545
2025-09-05,0.20729941616388464,0.16037149172154913,0.4869573052735573,0.145371786841009
2025-09-08,0.20962683075750724,0.16182411253714216,0.48387443806116337,0.1446746186441873
2025-09-09,0.21084025549971547,0.16051154965929176,0.48491631059899665,0.14373188424199618
2025-09-10,0.21016098224148932,0.16041907987009582,0.4846663952376447,0.14475354265077006
2025-09-11,0.2131150868007571,0.1607829016011232,0.4824334050554454,0.14366860654267427
2025-09-12,0.21273672659856058,0.1579732110819095,0.48276620642161505,0.14652385589791495
2025-09-15,0.21568958213668796,0.15956422725731417,0.47980185726676616,0.14494433333923176
2025-09-16,0.2156994905777224,0.15930481105709207,0.48028225251136103,0.1447134458538246
2025-09-17,0.21555393851945057,0.16089033972808478,0.4791393163510037,0.14441640540146106
2025-09-18,0.21878519314487785,0.1611752909616044,0.47699648445374404,0.14304303143977362
2025-09-19,0.22062701807135493,0.16173745599778397,0.4720770799271835,0.14555844600367748
2025-09-22,0.22030243269437733,0.16241669567619624,0.47284954160291337,0.14443133002651315
2025-09-23,0.22158063811657205,0.164484820267047,0.47356873460909715,0.1403658070072837
2025-09-24,0.21696952023235855,0.1640966527700114,0.4734267448045987,0.14550708219303143
2025-09-25,0.21585761461288172,0.16252639522837964,0.47711251087219253,0.1445034792865462
2025-09-26,0.21476274874649365,0.16171774034115746,0.47777519794942525,0.1457443129629236
2025-09-29,0.21427236852557946,0.16065308942768963,0.4793255659998332,0.1457489760468978
2025-09-30,0.21626707550734775,0.16003964168517099,0.480467790761907,0.14322549204557436
2025-10-01,0.21664976352956974,0.16036420033186174,0.4827215546303266,0.14026448150824178
2025-10-02,0.2165305380867997,0.16002473206619064,0.48034443758291945,0.14310029226409018
2025-10-03,0.21555603539870027,0.15936797473222922,0.484094624533648,0.14098136533542244
2025-10-06,0.21627901847733988,0.1585390217820784,0.484280845607298,0.1409011141332838
2025-10-07,0.21505647708621387,0.15963221030208688,0.48934517828009755,0.13596613433160173
2025-10-08,0.21444081956410616,0.15791572526313932,0.4905437310812467,0.13709972409150775
2025-10-09,0.21267703481739825,0.15946309866617983,0.4941877089338504,0.1336721575825715
2025-10-10,0.21419836164035969,0.15921665730286655,0.4979285050710324,0.12865647598574134
2025-10-13,0.18920651070843936,0.15921139563147305,0.5160479007748761,0.13553419288521149
2025-10-14,0.18446691137385943,0.16059008799508262,0.523267842175143,0.13167515845591515
2025-10-15,0.18350932482088866,0.16001370944575813,0.5237796762938919,0.1326972894394612
2025-10-16,0.18338814115391358,0.16037332958555858,0.5253082063686231,0.13093032289190487
2025-10-17,0.18120174971199685,0.1725830693114311,0.5183054695455517,0.12790971143102042
2025-10-20,0.1814157087388497,0.17536120299749944,0.5192071977355124,0.12401589052813843
2025-10-21,0.1810902996357122,0.17598972293451076,0.5255429198412788,0.11737705758849823
2025-10-22,0.18421669104687605,0.18593568331357302,0.5375091173241549,0.09233850831539607
2025-10-23,0.180151948853793,0.18271760596460332,0.5464834642994438,0.09064698088215996
2025-10-24,0.17803708968273274,0.18302353790693093,0.547248789586901,0.09169058282343512
2025-10-27,0.1765545013348164,0.18731997964555605,0.5449757980685507,0.09114972095107703
2025-10-28,0.17072540362952615,0.17402073332114226,0.5729026925686482,0.08235117048068334
2025-10-29,0.17496953522502315,0.17688561123734037,0.5669811372437338,0.08116371629390257
2025-10-30,0.18175030307600631,0.18051939646126097,0.554268916686556,0.08346138377617693
2025-10-31,0.17939580250251938,0.1822079166398085,0.5550321222489119,0.0833641586087601
2025-11-03,0.17900010284107923,0.18377587196719847,0.5541890452938152,0.08303497989790706
2025-11-04,0.17951954668029463,0.18385760214647714,0.5539955641746496,0.08262728699857874
2025-11-05,0.1757872557451816,0.1819981470739729,0.5592271123649566,0.08298748481588902
2025-11-06,0.17916557746145725,0.1862588415326215,0.5515626810742229,0.08301289993169828
2025-11-07,0.1756597786507651,0.18786447926547542,0.5532050416469915,0.08327070043676803
2025-11-10,0.1740259861980836,0.18570210649512878,0.5575167644672775,0.08275514283951017
2025-11-11,0.16914104839357988,0.1844573663093625,0.5648883064992769,0.08151327879778085
2025-11-12,0.17017796374889305,0.18404318287482208,0.5636806463227906,0.08209820705349442
2025-11-13,0.17111271894752916,0.1827730197279177,0.5643632387034092,0.08175102262114399
2025-11-14,0.16702059068269717,0.18300921114802665,0.5665451105090574,0.0834250876602188
2025-11-17,0.16673812733732052,0.18324935853450589,0.5683480965947031,0.08166441753347048
2025-11-18,0.16402811392389408,0.1782990784467546,0.5792063543694275,0.07846645325992395
2025-11-19,0.16216817769432376,0.17805503029964248,0.5814611137960273,0.07831567821000654
2025-11-20,0.16211258733112044,0.1776400791642194,0.5819467738269525,0.07830055967770769
2025-11-21,0.15818938735319968,0.17375722700890897,0.5888095258441932,0.07924385979369822
2025-11-24,0.15829716155734913,0.16935483197210138,0.5920877960709245,0.080260210399625
2025-11-25,0.15521314140340356,0.17088263396154368,0.5937646463147808,0.08013957832027205
2025-11-26,0.15354149693011998,0.1684073299185973,0.5974520922173924,0.08059908093389037
2025-11-28,0.1519401788451373,0.16417056771359176,0.6039668491846927,0.07992240425657815
2025-12-01,0.15029140474527866,0.16255298133952076,0.6085927381875981,0.07856287572760245
2025-12-02,0.15015887025249594,0.16233584973644735,0.6085274578179724,0.07897782219308433
2025-12-03,0.14791285782176838,0.162043581212536,0.6122857726743897,0.07775778829130583
2025-12-04,0.14752492223562108,0.16148761533103126,0.6133518721739097,0.07763559025943804
2025-12-05,0.148265028438396,0.16210827364582509,0.6116513650391068,0.07797533287667216
2025-12-08,0.14842757583768762,0.16380449995987295,0.6103074079208104,0.07746051628162903
2025-12-09,0.14857590352994976,0.1644521064255129,0.609370298660092,0.07760169138444555
2025-12-10,0.14833685662054613,0.16476748101582367,0.6094595403336975,0.07743612202993262
2025-12-11,0.15030915378693452,0.16476367320997667,0.6061311965151719,0.0787959764879169
2025-12-12,0.14964332560213925,0.163765289855812,0.60805187820633,0.07853950633571873
2025-12-15,0.14811990666172362,0.16400322610595297,0.6087867043204158,0.07909016291190753
2025-12-16,0.14856717748609902,0.16389648927287997,0.6081981680035212,0.07933816523749972
2025-12-17,0.14899817649300046,0.1635847643914618,0.6072858280287171,0.08013123108682067
2025-12-18,0.14728623723114304,0.16194988427141904,0.610652698817937,0.08011117967950085
2025-12-19,0.14683597567372633,0.16227736130487327,0.610233091276568,0.08065357174483236
2025-12-22,0.14601209240094945,0.16309215605978547,0.6102072626608935,0.0806884888783716
2025-12-23,0.1459555115072854,0.16430907084120033,0.610288339577296,0.07944707807421837
2025-12-24,0.14521552385061084,0.16319740065661384,0.6121956742687711,0.07939140122400429
2025-12-26,0.1460333474198073,0.16435657719326643,0.6098235309213418,0.07978654446558449
2025-12-29,0.14481108524794165,0.16430612854912452,0.6120791636457664,0.07880362255716754
2025-12-30,0.14545045918480454,0.16503315039489863,0.6158276467362768,0.07368874368402002
2025-12-31,0.14489729281185723,0.1660990573888769,0.6154848890486538,0.07351876075061213
2026-01-02,0.144285809801897,0.16594610312273883,0.6155213868094922,0.074246700265872
2026-01-05,0.14409376163533974,0.16510624459317236,0.6167864587138249,0.07401353505766291
2026-01-06,0.14517004048469948,0.16359142753217054,0.6175509169405752,0.0736876150425548
2026-01-07,0.1440880993494082,0.16501577546777754,0.6167701505799024,0.07412597460291184
2026-01-08,0.1527218347381265,0.16757584530237543,0.6092248532689113,0.07047746669058666
2026-01-09,0.15680503652556105,0.16774572367356705,0.6043070647272979,0.07114217507357401
2026-01-12,0.15691331600937108,0.16717336542469724,0.6043701032927719,0.0715432152731598
2026-01-13,0.15728107198822408,0.16689012342108567,0.6043789535546777,0.07144985103601252
2026-01-14,0.15553887718518325,0.162682960182414,0.6105377089373168,0.07124045369508582
2026-01-15,0.155287189627116,0.16230411105432838,0.6103257817925022,0.07208291752605353
2026-01-16,0.15636120845422088,0.16238721833819186,0.6065139508586247,0.07473762234896256
2026-01-20,0.1537900997551157,0.161856936352568,0.5938282537032227,0.09052471018909374
2026-01-21,0.15066682227529601,0.1614642714427423,0.599678761830672,0.0881901444512897
2026-01-22,0.15104109242548233,0.16209992975337198,0.5978433268034965,0.08901565101764912
2026-01-23,0.1517247441589311,0.16170925217099608,0.598560218431181,0.08800578523889181
2026-01-26,0.1537392234145767,0.16095472477569917,0.5938109319150935,0.09149511989463059
2026-01-27,0.15383004162029787,0.16114013879991523,0.5931765792064513,0.09185324037333553
2026-01-28,0.14952516128905297,0.15259308542594927,0.6100452034488493,0.08783654983614854
2026-01-29,0.15227596080412517,0.14962973390878664,0.614520905289139,0.08357339999794905
2026-01-30,0.1521976983328091,0.14916801406619024,0.6147148237777689,0.08391946382323169
2026-02-02,0.15610471025740336,0.15052887220862918,0.6341928397022532,0.05917357783171438
2026-02-03,0.15920122238663392,0.15289212039018066,0.6307084442835049,0.057198212939680575
2026-02-04,0.15605817005866937,0.15215297666620706,0.6389869365630285,0.052801916712095096
2026-02-05,0.15457338365368342,0.14857955182598354,0.6453781785341552,0.051468885986177854
2026-02-06,0.156917122659675,0.14939073843513526,0.6408955201080744,0.05279661879711534
2026-02-09,0.15554082691801022,0.1434349833204516,0.6478387969867804,0.05318539277475773
2026-02-10,0.15334223292735782,0.13981051072111786,0.6547300884523218,0.05211716789920256
2026-02-11,0.15513436266639483,0.141957542305936,0.6501299656725602,0.052778129355108956
2026-02-12,0.15981263065846452,0.14198872109019264,0.6462300968243588,0.05196855142698399
2026-02-13,0.15906919339048767,0.14591707247458782,0.6420690496072607,0.05294468452766387
2026-02-17,0.16248280106575852,0.15131405061947636,0.6331224159323529,0.05308073238241231
2026-02-18,0.1635927091957711,0.15529573041382194,0.6293896708597349,0.05172188953067204
2026-02-19,0.1640274983598466,0.15656010731614162,0.627780438424837,0.05163195589917486
2026-02-20,0.16863080535607763,0.1601469993030217,0.6202945045877695,0.05092769075313128
2026-02-23,0.167961042009071,0.16188047808943545,0.6199961800563601,0.050162299845133256
2026-02-24,0.17028239523397284,0.1606280530393318,0.6192965680273198,0.04979298369937553
2026-02-25,0.17032771778234604,0.16221308151845779,0.6182044443327045,0.049254756366491716
2026-02-26,0.16925044238792689,0.16250585391198738,0.6191136597322768,0.04913004396780885
2026-02-27,0.16890883609516974,0.16221978307684182,0.6197290494004432,0.04914233142754536
2026-03-02,0.16371445599096018,0.1582290726801377,0.6304691663869517,0.047587304941950424
2026-03-03,0.1705242687028096,0.1528216068166557,0.627087156454044,0.049566968026490785
2026-03-04,0.1721023834268259,0.13641141749801963,0.642587984721709,0.04889821435344539
2026-03-05,0.16939523261814257,0.1334198627691725,0.6486390760104328,0.04854582860225211
2026-03-06,0.1721930913382505,0.12897936884364564,0.6493890117263585,0.04943852809174524
2026-03-09,0.1681289104123383,0.12845114628938878,0.653880968558774,0.049538974739499114
2026-03-10,0.16842605286900222,0.12990812492481307,0.6514164688761928,0.05024935332999185
2026-03-11,0.17009962156981512,0.1315850173072228,0.6479670406868917,0.050348320436070404
2026-03-12,0.1755890025861564,0.13595954824416825,0.6365224229604614,0.051929026209214045
2026-03-13,0.17457876314668208,0.13463616461652345,0.6385942483145869,0.052190823922207655
2026-03-16,0.1742221530734941,0.1334603405491221,0.6401947665050591,0.0521227398723248
2026-03-17,0.17525241501847616,0.13267047652853253,0.6388029177400962,0.053274190712894985
2026-03-18,0.17844810012082887,0.13359854097360627,0.6346469276267868,0.05330643127877815
2026-03-19,0.17886729637198315,0.1335437277536442,0.6339048180756809,0.05368415779869174
2026-03-20,0.0,0.1630723062851014,0.7731765505714778,0.06375114314342074
2026-03-23,0.0,0.1681051226366859,0.7617043776613142,0.07019049970199992
2026-03-24,0.0,0.1654961526050456,0.7629939568223097,0.0715098905726446
2026-03-25,0.0,0.16554615640751352,0.7627471580889369,0.0717066855035495
2026-03-26,0.0,0.1660371494144094,0.7617190276223259,0.07224382296326473
2026-03-27,0.0,0.167162032796886,0.757668141753716,0.07516982544939786
2026-03-30,0.0,0.16670184875157118,0.7590961438243826,0.07420200742404634
2026-03-31,0.0,0.17015559961073579,0.754077619388771,0.07576678100049311
2026-04-01,0.0,0.16340951865494127,0.7608667483258732,0.07572373301918561
2026-04-02,0.0,0.16212682019750102,0.762000369349803,0.07587281045269605
2026-04-06,0.0,0.16268643883997916,0.7613213893420144,0.07599217181800637
2026-04-07,0.0,0.16295412028352926,0.7608123850176431,0.07623349469882772
2026-04-08,0.18246523873927198,0.13298952815800316,0.6223620313042726,0.06218320179845226
2026-04-09,0.1755294781839115,0.12643094028876664,0.6344858152466675,0.06355376628065441
2026-04-10,0.1750309164216904,0.12658539744892386,0.6346134583438902,0.06377022778549564
2026-04-13,0.17533656609512582,0.12699659026538737,0.633803152783389,0.06386369085609785
2026-04-14,0.1745990319989494,0.12723581932041986,0.6340878284112142,0.06407732026941654
2026-04-15,0.1735385520105663,0.1277166734248858,0.6345794501488753,0.06416532441567255
2026-04-16,0.17280409371258246,0.12774493172639573,0.6353107591379301,0.06414021542309162
2026-04-17,0.1762233098964779,0.12678894483974612,0.6330052949812943,0.06398245028248176
2026-04-20,0.1764788016009505,0.12680400818360887,0.6325422504872802,0.0641749397281604
2026-04-21,0.17665918684233575,0.12667946935772859,0.6323035757903924,0.0643577680095432
2026-04-22,0.1784007570409428,0.12563600838542321,0.6311360880138427,0.0648271465597914
2026-04-23,0.17738316055801484,0.12582032683764913,0.6318797933350093,0.06491671926932682
2026-04-24,0.1772869912167496,0.1270115138030589,0.630317343978245,0.06538415100194662
2026-04-27,0.1764699212300577,0.12755430938819023,0.6292555657435537,0.06672020363819836
2026-04-28,0.17682117146561707,0.12791815351918515,0.6284487657839948,0.06681190923120278
2026-04-29,0.1746637103402993,0.12697811074036028,0.62163203307037,0.07672614584897053
2026-04-30,0.17685796634246692,0.1279791565754927,0.6155506090371765,0.07961226804486399
2026-05-01,0.1765038221892162,0.1244570595345805,0.6132264425755847,0.0858126757006187
2026-05-04,0.1770271108549488,0.1245240736933209,0.612604933979777,0.08584388147195317
2026-05-05,0.1779836683962114,0.12344804616580397,0.6129799558492849,0.08558832958869962
2026-05-06,0.1817099405364548,0.12456824103906118,0.6069408631892028,0.08678095523528113
2026-05-07,0.18233584692885293,0.12373257904221703,0.6061127596172995,0.0878188144116305
2026-05-08,0.18224135013241516,0.12193266830713789,0.6078855529807093,0.08794042857973765
2026-05-11,0.1816206802838817,0.12176260816042558,0.608327105141134,0.08828960641455874
2026-05-12,0.1835101141963608,0.11998425717120477,0.6073762728219174,0.08912935581051687
2026-05-13,0.18271672660612442,0.11939752535339523,0.6076859016073783,0.090199846433102
2026-05-14,0.1821632406789302,0.1190115660534296,0.6066904842877846,0.09213470897985544
2026-05-15,0.4611332543360354,0.30197466520032806,0.0,0.23689208046363655
2026-05-18,0.460037843630261,0.3026832192421051,0.0,0.2372789371276338
2026-05-19,0.4596617987194899,0.30128979598352623,0.0,0.2390484052969838
2026-05-20,0.4596458399709652,0.2988519819650637,0.0,0.2415021780639711
2026-05-21,0.4605618989210361,0.2973116571733348,0.0,0.2421264439056292
2026-05-22,0.1904740880514437,0.12266077344889162,0.5872240152814094,0.09964112321825533
2026-05-26,0.19086031187722977,0.1224063533193199,0.5870632479551415,0.0996700868483088
2026-05-27,0.19154378901830982,0.1220895683629911,0.5858404588467528,0.1005261837719462
2026-05-28,0.18970959625939504,0.12286178397952703,0.5874917369706593,0.09993688279041847
2026-05-29,0.18967312954310045,0.1270646685893721,0.5795898040608729,0.10367239780665435
2026-06-01,0.19002242402734326,0.1278034903138892,0.5787865306130803,0.10338755504568739
2026-06-02,0.18953322837933154,0.12977621843505893,0.578271699442492,0.10241885374311754
2026-06-03,0.19284328239823811,0.12940993415445462,0.5750579631080337,0.10268882033927361
2026-06-04,0.19162678420458532,0.1287388738804083,0.5773899935047775,0.10224434841022878
2026-06-05,0.5989209426281069,0.40107905737189303,0.0,0.0
2026-06-08,0.5887077261025739,0.411292273897426,0.0,0.0
2026-06-09,0.20428705250365742,0.14047942329588284,0.6552335242004597,0.0
2026-06-10,0.20505754285827987,0.14164918012766722,0.653293277014053,0.0
2026-06-11,0.19929061250069352,0.1415669848765326,0.6591424026227739,0.0
2026-06-12,0.2008690663207877,0.13993152551270993,0.6591994081665024,0.0
2026-06-15,0.20179319748534502,0.13961297888963084,0.6585938236250242,0.0
2026-06-16,0.19856147315951211,0.1400523726964386,0.6613861541440491,0.0
2026-06-17,0.1903639218681489,0.13830219464369675,0.6713338834881543,0.0
2026-06-18,0.18787082360903895,0.14152184952274224,0.6706073268682188,0.0
2026-06-22,0.18724749830007745,0.14181643757731363,0.6709360641226089,0.0
2026-06-23,0.18628668540765386,0.14254196193937274,0.6711713526529732,0.0
2026-06-24,0.18291634154712716,0.13854077762276013,0.6785428808301127,0.0
2026-06-25,0.19144763294804465,0.14074897615398557,0.6678033908979698,0.0
2026-06-26,0.18836203202183724,0.13768100984637927,0.6739569581317836,0.0
2026-06-29,0.19670673233012526,0.14148095631974594,0.6618123113501287,0.0
2026-06-30,0.19332463758765872,0.14300561010789126,0.66366975230445,0.0
2026-07-01,0.19462872928830957,0.14483731272626565,0.6605339579854247,0.0
2026-07-02,0.19447977480453732,0.1441729006832303,0.6613473245122323,0.0
2026-07-06,0.19451625193741434,0.14319416723923462,0.662289580823351,0.0
2026-07-07,0.20016004500406348,0.15159813456029697,0.6482418204356396,0.0
2026-07-08,0.5709857604614649,0.42901423953853507,0.0,0.0
2026-07-09,0.20311992176521568,0.15224844620039324,0.644631632034391,0.0
2026-07-10,0.5720248479880763,0.42797515201192365,0.0,0.0
2026-07-13,0.5744345523690088,0.42556544763099113,0.0,0.0
2026-07-14,0.5750135869010279,0.4249864130989722,0.0,0.0
2026-07-15,0.20659450139506877,0.152433459088469,0.6409720395164621,0.0
2026-07-16,0.5769682529449687,0.4230317470550313,0.0,0.0
2026-07-17,0.20612304727816025,0.15122004817988524,0.6426569045419545,0.0
2026-07-20,0.5668177771016475,0.4331822228983525,0.0,0.0
2026-07-21,0.5701866470082053,0.42981335299179463,0.0,0.0
2026-07-22,0.5715006872786724,0.4284993127213275,0.0,0.0
2026-07-23,0.5724776072364911,0.42752239276350884,0.0,0.0
2026-07-24,0.5701450685466228,0.4298549314533772,0.0,0.0
2026-07-27,0.5709745124329976,0.42902548756700243,0.0,0.0
2026-07-28,0.5691853549663718,0.43081464503362815,0.0,0.0
2026-07-29,0.5621754846323976,0.4378245153676023,0.0,0.0
2026-07-30,0.5553224687286377,0.4446775312713624,0.0,0.0
2026-07-31,0.557444979415714,0.442555020584286,0.0,0.0
